event_id,event_source,competition_id,rule_version,team_id,scenario_id,sequence,year,quarter,raw_action,canonical_action,category,control_type,is_agent_candidate,parameters_json,parameter_parse_status,cash_effect_wan,balance_wan,note,evidence_status,source_id,source_path,source_sheet,source_row,source_line
1fb2e296fccecdf6,historical_cash_flow,historical_600_unknown_rule,unknown,ZY02,,1,1,1,Pay_Capital,capital_injection,finance,exception_intervention,False,{},not_applicable,600.0,600.0,"公司成立,股东注资",observed_history_unknown_rule,src_bef4b86b4c71,origin data/VPD-OE_Agent_20260709/VPD-OE_Agent/data/raw/ZY/ZY02.xls,现金流量表,4.0,
543540afc61da4bc,historical_cash_flow,historical_600_unknown_rule,unknown,ZY02,,2,1,1,Rent_Workshop,factory_rent,capacity,direct_decision,True,"{""factory_type"": ""大厂房""}",complete,-40.0,560.0,租用[大厂房],observed_history_unknown_rule,src_bef4b86b4c71,origin data/VPD-OE_Agent_20260709/VPD-OE_Agent/data/raw/ZY/ZY02.xls,现金流量表,5.0,
52931859458ad59d,historical_cash_flow,historical_600_unknown_rule,unknown,ZY02,,3,1,1,Buy_ProductLine,production_line_order,capacity,direct_decision,True,"{""line_type"": ""自动线"", ""product_id"": ""P2""}",complete,-50.0,510.0,订购[自动线]生产[P2],observed_history_unknown_rule,src_bef4b86b4c71,origin data/VPD-OE_Agent_20260709/VPD-OE_Agent/data/raw/ZY/ZY02.xls,现金流量表,6.0,
b0d1b48ddad1d469,historical_cash_flow,historical_600_unknown_rule,unknown,ZY02,,4,1,1,Buy_ProductLine,production_line_order,capacity,direct_decision,True,"{""line_type"": ""自动线"", ""product_id"": ""P3""}",complete,-50.0,460.0,订购[自动线]生产[P3],observed_history_unknown_rule,src_bef4b86b4c71,origin data/VPD-OE_Agent_20260709/VPD-OE_Agent/data/raw/ZY/ZY02.xls,现金流量表,7.0,
3b17a508e69577cd,historical_cash_flow,historical_600_unknown_rule,unknown,ZY02,,5,1,1,Develop_Product,product_development,qualification,direct_decision,True,"{""products"": [""P2"", ""P3""]}",complete,-20.0,440.0,产品生产资格投资: P2 P3,observed_history_unknown_rule,src_bef4b86b4c71,origin data/VPD-OE_Agent_20260709/VPD-OE_Agent/data/raw/ZY/ZY02.xls,现金流量表,8.0,
f1f667c13843def3,historical_cash_flow,historical_600_unknown_rule,unknown,ZY02,,6,1,1,Pay_Overhaul,administrative_fee,period_close,automatic_settlement,False,{},not_applicable,-10.0,430.0,支付行政管理费,observed_history_unknown_rule,src_bef4b86b4c71,origin data/VPD-OE_Agent_20260709/VPD-OE_Agent/data/raw/ZY/ZY02.xls,现金流量表,9.0,
dc4034f8b3beadf3,historical_cash_flow,historical_600_unknown_rule,unknown,ZY02,,7,1,2,Invest_ProductLine,production_line_investment,capacity,committed_settlement,False,{},partial,-100.0,330.0,投资在建生产线,observed_history_unknown_rule,src_bef4b86b4c71,origin data/VPD-OE_Agent_20260709/VPD-OE_Agent/data/raw/ZY/ZY02.xls,现金流量表,10.0,
fad228d1717cb145,historical_cash_flow,historical_600_unknown_rule,unknown,ZY02,,8,1,2,Buy_Material,material_order,procurement,direct_decision,True,"{""materials"": {""R3"": 2, ""R4"": 2}}",complete,0.0,330.0,订购原料 R3:2 R4:2,observed_history_unknown_rule,src_bef4b86b4c71,origin data/VPD-OE_Agent_20260709/VPD-OE_Agent/data/raw/ZY/ZY02.xls,现金流量表,11.0,
e5bdcf0357f010b4,historical_cash_flow,historical_600_unknown_rule,unknown,ZY02,,9,1,2,Develop_Product,product_development,qualification,direct_decision,True,"{""products"": [""P2"", ""P3""]}",complete,-20.0,310.0,产品生产资格投资: P2 P3,observed_history_unknown_rule,src_bef4b86b4c71,origin data/VPD-OE_Agent_20260709/VPD-OE_Agent/data/raw/ZY/ZY02.xls,现金流量表,12.0,
68f2c0cb608f2eb3,historical_cash_flow,historical_600_unknown_rule,unknown,ZY02,,10,1,2,Pay_Overhaul,administrative_fee,period_close,automatic_settlement,False,{},not_applicable,-10.0,300.0,支付行政管理费,observed_history_unknown_rule,src_bef4b86b4c71,origin data/VPD-OE_Agent_20260709/VPD-OE_Agent/data/raw/ZY/ZY02.xls,现金流量表,13.0,
993477166297fe94,historical_cash_flow,historical_600_unknown_rule,unknown,ZY02,,11,1,3,Invest_ProductLine,production_line_investment,capacity,committed_settlement,False,{},partial,-100.0,200.0,投资在建生产线,observed_history_unknown_rule,src_bef4b86b4c71,origin data/VPD-OE_Agent_20260709/VPD-OE_Agent/data/raw/ZY/ZY02.xls,现金流量表,14.0,
a553e984c6f12a5a,historical_cash_flow,historical_600_unknown_rule,unknown,ZY02,,12,1,3,Buy_Material,material_order,procurement,direct_decision,True,"{""materials"": {""R1"": 2, ""R2"": 2, ""R3"": 2}}",complete,0.0,200.0,订购原料 R1:2 R2:2 R3:2,observed_history_unknown_rule,src_bef4b86b4c71,origin data/VPD-OE_Agent_20260709/VPD-OE_Agent/data/raw/ZY/ZY02.xls,现金流量表,15.0,
a12715583d71a09a,historical_cash_flow,historical_600_unknown_rule,unknown,ZY02,,13,1,3,Develop_Product,product_development,qualification,direct_decision,True,"{""products"": [""P2"", ""P3""]}",complete,-20.0,180.0,产品生产资格投资: P2 P3,observed_history_unknown_rule,src_bef4b86b4c71,origin data/VPD-OE_Agent_20260709/VPD-OE_Agent/data/raw/ZY/ZY02.xls,现金流量表,16.0,
59a10dc23eef7d9f,historical_cash_flow,historical_600_unknown_rule,unknown,ZY02,,14,1,3,Pay_Overhaul,administrative_fee,period_close,automatic_settlement,False,{},not_applicable,-10.0,170.0,支付行政管理费,observed_history_unknown_rule,src_bef4b86b4c71,origin data/VPD-OE_Agent_20260709/VPD-OE_Agent/data/raw/ZY/ZY02.xls,现金流量表,17.0,
3b7a1a4f986bdf9f,historical_cash_flow,historical_600_unknown_rule,unknown,ZY02,,15,1,4,Short_Loan,short_loan_borrow,finance,conditional_decision,True,"{""principal_wan"": 200, ""term"": 4, ""term_unit"": ""quarter""}",complete,200.0,370.0,申请:4季 200W的短期贷款,observed_history_unknown_rule,src_bef4b86b4c71,origin data/VPD-OE_Agent_20260709/VPD-OE_Agent/data/raw/ZY/ZY02.xls,现金流量表,18.0,
97d1e7eeca983b08,historical_cash_flow,historical_600_unknown_rule,unknown,ZY02,,16,1,4,Pay_Material,material_receipt_payment,procurement,committed_settlement,False,"{""materials"": {""R1"": 2, ""R2"": 2, ""R3"": 2, ""R4"": 2}}",complete,-80.0,290.0,支付原料费 R3:2 R4:2 R1:2 R2:2,observed_history_unknown_rule,src_bef4b86b4c71,origin data/VPD-OE_Agent_20260709/VPD-OE_Agent/data/raw/ZY/ZY02.xls,现金流量表,19.0,
1c844f14aa2b4599,historical_cash_flow,historical_600_unknown_rule,unknown,ZY02,,17,1,4,Product_Produce,production,production,direct_decision,True,"{""line_assignments"": [{""line_instance_id"": 167, ""product_id"": ""P2""}]}",complete,-10.0,280.0,167:P2,observed_history_unknown_rule,src_bef4b86b4c71,origin data/VPD-OE_Agent_20260709/VPD-OE_Agent/data/raw/ZY/ZY02.xls,现金流量表,20.0,
839f292794be646d,historical_cash_flow,historical_600_unknown_rule,unknown,ZY02,,18,1,4,Buy_Material,material_order,procurement,direct_decision,True,"{""materials"": {""R2"": 1, ""R3"": 1}}",complete,0.0,280.0,订购原料 R2:1 R3:1,observed_history_unknown_rule,src_bef4b86b4c71,origin data/VPD-OE_Agent_20260709/VPD-OE_Agent/data/raw/ZY/ZY02.xls,现金流量表,21.0,
5f1227fc76835100,historical_cash_flow,historical_600_unknown_rule,unknown,ZY02,,19,1,4,Develop_ISO,iso_development,qualification,direct_decision,True,"{""certifications"": [""ISO9000""]}",complete,-10.0,270.0,"ISO认证资格投资,开发：ISO9000",observed_history_unknown_rule,src_bef4b86b4c71,origin data/VPD-OE_Agent_20260709/VPD-OE_Agent/data/raw/ZY/ZY02.xls,现金流量表,22.0,
a0c6f5897b1c7943,historical_cash_flow,historical_600_unknown_rule,unknown,ZY02,,20,1,4,Develop_Market,market_development,qualification,direct_decision,True,"{""markets"": [""本地"", ""区域"", ""国内""]}",complete,-30.0,240.0,"市场开拓资格投资,开发项目:本地 区域 国内",observed_history_unknown_rule,src_bef4b86b4c71,origin data/VPD-OE_Agent_20260709/VPD-OE_Agent/data/raw/ZY/ZY02.xls,现金流量表,23.0,
5abf2d215dbd354e,historical_cash_flow,historical_600_unknown_rule,unknown,ZY02,,21,1,4,Develop_Product,product_development,qualification,direct_decision,True,"{""products"": [""P3""]}",complete,-10.0,230.0,产品生产资格投资: P3,observed_history_unknown_rule,src_bef4b86b4c71,origin data/VPD-OE_Agent_20260709/VPD-OE_Agent/data/raw/ZY/ZY02.xls,现金流量表,24.0,
97f66c447e3b7eb8,historical_cash_flow,historical_600_unknown_rule,unknown,ZY02,,22,1,4,Pay_Overhaul,administrative_fee,period_close,automatic_settlement,False,{},not_applicable,-10.0,220.0,支付行政管理费,observed_history_unknown_rule,src_bef4b86b4c71,origin data/VPD-OE_Agent_20260709/VPD-OE_Agent/data/raw/ZY/ZY02.xls,现金流量表,25.0,
c2e2514864f18c6a,historical_cash_flow,historical_600_unknown_rule,unknown,ZY02,,23,1,4,Pay_Maintenance,maintenance,period_close,automatic_settlement,False,{},not_applicable,-20.0,200.0,支付维护费,observed_history_unknown_rule,src_bef4b86b4c71,origin data/VPD-OE_Agent_20260709/VPD-OE_Agent/data/raw/ZY/ZY02.xls,现金流量表,26.0,
96bb878add6e2dd6,historical_cash_flow,historical_600_unknown_rule,unknown,ZY02,,24,2,1,Pay_AD,advertising,sales,direct_decision,True,{},partial,-32.0,168.0,广告投放,observed_history_unknown_rule,src_bef4b86b4c71,origin data/VPD-OE_Agent_20260709/VPD-OE_Agent/data/raw/ZY/ZY02.xls,现金流量表,27.0,
2b69211bee2390c4,historical_cash_flow,historical_600_unknown_rule,unknown,ZY02,,25,2,1,Long_Loan,long_loan_borrow,finance,conditional_decision,True,"{""principal_wan"": 400, ""term"": 4, ""term_unit"": ""year""}",complete,400.0,568.0,申请:4年 400W的长期贷款,observed_history_unknown_rule,src_bef4b86b4c71,origin data/VPD-OE_Agent_20260709/VPD-OE_Agent/data/raw/ZY/ZY02.xls,现金流量表,28.0,
ddf80e20b6d6a5b2,historical_cash_flow,historical_600_unknown_rule,unknown,ZY02,,26,2,1,Pay_Material,material_receipt_payment,procurement,committed_settlement,False,"{""materials"": {""R2"": 1, ""R3"": 2}}",complete,-30.0,538.0,支付原料费 R3:2 R2:1,observed_history_unknown_rule,src_bef4b86b4c71,origin data/VPD-OE_Agent_20260709/VPD-OE_Agent/data/raw/ZY/ZY02.xls,现金流量表,29.0,
03f0358572e28484,historical_cash_flow,historical_600_unknown_rule,unknown,ZY02,,27,2,1,Buy_ProductLine,production_line_order,capacity,direct_decision,True,"{""line_type"": ""自动线"", ""product_id"": ""P3""}",complete,-50.0,488.0,订购[自动线]生产[P3],observed_history_unknown_rule,src_bef4b86b4c71,origin data/VPD-OE_Agent_20260709/VPD-OE_Agent/data/raw/ZY/ZY02.xls,现金流量表,30.0,
6794d9cd048e8699,historical_cash_flow,historical_600_unknown_rule,unknown,ZY02,,28,2,1,Buy_Material,material_order,procurement,direct_decision,True,"{""materials"": {""R1"": 2, ""R2"": 2, ""R3"": 2, ""R4"": 2}}",complete,0.0,488.0,订购原料 R1:2 R2:2 R3:2 R4:2,observed_history_unknown_rule,src_bef4b86b4c71,origin data/VPD-OE_Agent_20260709/VPD-OE_Agent/data/raw/ZY/ZY02.xls,现金流量表,31.0,
329e3e4326124fc4,historical_cash_flow,historical_600_unknown_rule,unknown,ZY02,,29,2,1,Product_Produce,production,production,direct_decision,True,"{""line_assignments"": [{""line_instance_id"": 167, ""product_id"": ""P2""}, {""line_instance_id"": 173, ""product_id"": ""P3""}]}",complete,-20.0,468.0,167:P2 173:P3,observed_history_unknown_rule,src_bef4b86b4c71,origin data/VPD-OE_Agent_20260709/VPD-OE_Agent/data/raw/ZY/ZY02.xls,现金流量表,32.0,
02ad73cde66061a5,historical_cash_flow,historical_600_unknown_rule,unknown,ZY02,,30,2,1,Renew_Workshop,factory_rent_renewal,capacity,conditional_decision,True,{},not_applicable,-40.0,428.0,厂房续租,observed_history_unknown_rule,src_bef4b86b4c71,origin data/VPD-OE_Agent_20260709/VPD-OE_Agent/data/raw/ZY/ZY02.xls,现金流量表,33.0,
6c18c67b40723443,historical_cash_flow,historical_600_unknown_rule,unknown,ZY02,,31,2,1,Pay_Overhaul,administrative_fee,period_close,automatic_settlement,False,{},not_applicable,-10.0,418.0,支付行政管理费,observed_history_unknown_rule,src_bef4b86b4c71,origin data/VPD-OE_Agent_20260709/VPD-OE_Agent/data/raw/ZY/ZY02.xls,现金流量表,34.0,
75ef9cb7a080c6e6,historical_cash_flow,historical_600_unknown_rule,unknown,ZY02,,32,2,2,Pay_Material,material_receipt_payment,procurement,committed_settlement,False,"{""materials"": {""R1"": 2, ""R2"": 2, ""R3"": 1}}",complete,-50.0,368.0,支付原料费 R3:1 R1:2 R2:2,observed_history_unknown_rule,src_bef4b86b4c71,origin data/VPD-OE_Agent_20260709/VPD-OE_Agent/data/raw/ZY/ZY02.xls,现金流量表,35.0,
a964d2a9496185c7,historical_cash_flow,historical_600_unknown_rule,unknown,ZY02,,33,2,2,Invest_ProductLine,production_line_investment,capacity,committed_settlement,False,{},partial,-50.0,318.0,投资在建生产线,observed_history_unknown_rule,src_bef4b86b4c71,origin data/VPD-OE_Agent_20260709/VPD-OE_Agent/data/raw/ZY/ZY02.xls,现金流量表,36.0,
c9224739008a911d,historical_cash_flow,historical_600_unknown_rule,unknown,ZY02,,34,2,2,Product_Produce,production,production,direct_decision,True,"{""line_assignments"": [{""line_instance_id"": 167, ""product_id"": ""P2""}, {""line_instance_id"": 173, ""product_id"": ""P3""}]}",complete,-20.0,298.0,167:P2 173:P3,observed_history_unknown_rule,src_bef4b86b4c71,origin data/VPD-OE_Agent_20260709/VPD-OE_Agent/data/raw/ZY/ZY02.xls,现金流量表,37.0,
ad4c4a7606e98f43,historical_cash_flow,historical_600_unknown_rule,unknown,ZY02,,35,2,2,Pay_Overhaul,administrative_fee,period_close,automatic_settlement,False,{},not_applicable,-10.0,288.0,支付行政管理费,observed_history_unknown_rule,src_bef4b86b4c71,origin data/VPD-OE_Agent_20260709/VPD-OE_Agent/data/raw/ZY/ZY02.xls,现金流量表,38.0,
f3d63a16a5278c45,historical_cash_flow,historical_600_unknown_rule,unknown,ZY02,,36,2,3,Short_Loan,short_loan_borrow,finance,conditional_decision,True,"{""principal_wan"": 300, ""term"": 4, ""term_unit"": ""quarter""}",complete,300.0,588.0,申请:4季 300W的短期贷款,observed_history_unknown_rule,src_bef4b86b4c71,origin data/VPD-OE_Agent_20260709/VPD-OE_Agent/data/raw/ZY/ZY02.xls,现金流量表,39.0,
a6c45e26416f850c,historical_cash_flow,historical_600_unknown_rule,unknown,ZY02,,37,2,3,Pay_Material,material_receipt_payment,procurement,committed_settlement,False,"{""materials"": {""R3"": 2, ""R4"": 2}}",complete,-40.0,548.0,支付原料费 R3:2 R4:2,observed_history_unknown_rule,src_bef4b86b4c71,origin data/VPD-OE_Agent_20260709/VPD-OE_Agent/data/raw/ZY/ZY02.xls,现金流量表,40.0,
e3d9e5a3987dae79,historical_cash_flow,historical_600_unknown_rule,unknown,ZY02,,38,2,3,Invest_ProductLine,production_line_investment,capacity,committed_settlement,False,{},partial,-50.0,498.0,投资在建生产线,observed_history_unknown_rule,src_bef4b86b4c71,origin data/VPD-OE_Agent_20260709/VPD-OE_Agent/data/raw/ZY/ZY02.xls,现金流量表,41.0,
6ce73d952dfb9377,historical_cash_flow,historical_600_unknown_rule,unknown,ZY02,,39,2,3,Buy_Material,material_order,procurement,direct_decision,True,"{""materials"": {""R2"": 1, ""R3"": 2, ""R4"": 1}}",complete,0.0,498.0,订购原料 R2:1 R3:2 R4:1,observed_history_unknown_rule,src_bef4b86b4c71,origin data/VPD-OE_Agent_20260709/VPD-OE_Agent/data/raw/ZY/ZY02.xls,现金流量表,42.0,
c1d5690496201033,historical_cash_flow,historical_600_unknown_rule,unknown,ZY02,,40,2,3,Product_Produce,production,production,direct_decision,True,"{""line_assignments"": [{""line_instance_id"": 167, ""product_id"": ""P2""}, {""line_instance_id"": 173, ""product_id"": ""P3""}]}",complete,-20.0,478.0,167:P2 173:P3,observed_history_unknown_rule,src_bef4b86b4c71,origin data/VPD-OE_Agent_20260709/VPD-OE_Agent/data/raw/ZY/ZY02.xls,现金流量表,43.0,
143b5fcf2fbdd8da,historical_cash_flow,historical_600_unknown_rule,unknown,ZY02,,41,2,3,Pay_Overhaul,administrative_fee,period_close,automatic_settlement,False,{},not_applicable,-10.0,468.0,支付行政管理费,observed_history_unknown_rule,src_bef4b86b4c71,origin data/VPD-OE_Agent_20260709/VPD-OE_Agent/data/raw/ZY/ZY02.xls,现金流量表,44.0,
8bfa127ecdfbd977,historical_cash_flow,historical_600_unknown_rule,unknown,ZY02,,42,2,4,Pay_Short_Loan,short_loan_repayment,finance,committed_settlement,False,{},partial,-210.0,258.0,短贷还本息,observed_history_unknown_rule,src_bef4b86b4c71,origin data/VPD-OE_Agent_20260709/VPD-OE_Agent/data/raw/ZY/ZY02.xls,现金流量表,45.0,
c5d0ad9eba8bd46b,historical_cash_flow,historical_600_unknown_rule,unknown,ZY02,,43,2,4,Pay_Material,material_receipt_payment,procurement,committed_settlement,False,"{""materials"": {""R2"": 1}}",complete,-10.0,248.0,支付原料费 R2:1,observed_history_unknown_rule,src_bef4b86b4c71,origin data/VPD-OE_Agent_20260709/VPD-OE_Agent/data/raw/ZY/ZY02.xls,现金流量表,46.0,
8e1d7e91183fe3a7,historical_cash_flow,historical_600_unknown_rule,unknown,ZY02,,44,2,4,Emergency_Buy_Material,emergency_material_purchase,procurement,exception_intervention,True,"{""quantities"": {""R1"": 0, ""R2"": 0, ""R3"": 1, ""R4"": 0}}",complete,-20.0,228.0,"紧急采购原料，数量分别为：0,0,1,0",observed_history_unknown_rule,src_bef4b86b4c71,origin data/VPD-OE_Agent_20260709/VPD-OE_Agent/data/raw/ZY/ZY02.xls,现金流量表,47.0,
6158ef4379945a20,historical_cash_flow,historical_600_unknown_rule,unknown,ZY02,,45,2,4,Product_Produce,production,production,direct_decision,True,"{""line_assignments"": [{""line_instance_id"": 173, ""product_id"": ""P3""}]}",complete,-10.0,218.0,173:P3,observed_history_unknown_rule,src_bef4b86b4c71,origin data/VPD-OE_Agent_20260709/VPD-OE_Agent/data/raw/ZY/ZY02.xls,现金流量表,48.0,
5a04b5e9bbd01611,historical_cash_flow,historical_600_unknown_rule,unknown,ZY02,,46,2,4,Buy_Material,material_order,procurement,direct_decision,True,"{""materials"": {""R1"": 2, ""R3"": 2, ""R4"": 2}}",complete,0.0,218.0,订购原料 R1:2 R3:2 R4:2,observed_history_unknown_rule,src_bef4b86b4c71,origin data/VPD-OE_Agent_20260709/VPD-OE_Agent/data/raw/ZY/ZY02.xls,现金流量表,49.0,
fc3715e4de24e0c4,historical_cash_flow,historical_600_unknown_rule,unknown,ZY02,,47,2,4,Update_Receivable,receivable_maturity,receivable,automatic_settlement,False,{},not_applicable,172.0,390.0,更新应收款,observed_history_unknown_rule,src_bef4b86b4c71,origin data/VPD-OE_Agent_20260709/VPD-OE_Agent/data/raw/ZY/ZY02.xls,现金流量表,50.0,
76c2b3c5e0f6aa31,historical_cash_flow,historical_600_unknown_rule,unknown,ZY02,,48,2,4,Emergency_Buy_Product,emergency_product_purchase,procurement,exception_intervention,True,"{""quantities"": {""P1"": 0, ""P2"": 1, ""P3"": 0, ""P4"": 0}}",complete,-90.0,300.0,"紧急采购产品，数量分别为：0,1,0,0",observed_history_unknown_rule,src_bef4b86b4c71,origin data/VPD-OE_Agent_20260709/VPD-OE_Agent/data/raw/ZY/ZY02.xls,现金流量表,51.0,
7f711320e1e6ea0a,historical_cash_flow,historical_600_unknown_rule,unknown,ZY02,,49,2,4,Develop_ISO,iso_development,qualification,direct_decision,True,"{""certifications"": [""ISO9000""]}",complete,-10.0,290.0,"ISO认证资格投资,开发：ISO9000",observed_history_unknown_rule,src_bef4b86b4c71,origin data/VPD-OE_Agent_20260709/VPD-OE_Agent/data/raw/ZY/ZY02.xls,现金流量表,52.0,
480cabd52ce0f5c4,historical_cash_flow,historical_600_unknown_rule,unknown,ZY02,,50,2,4,Develop_Market,market_development,qualification,direct_decision,True,"{""markets"": [""国内""]}",complete,-10.0,280.0,"市场开拓资格投资,开发项目:国内",observed_history_unknown_rule,src_bef4b86b4c71,origin data/VPD-OE_Agent_20260709/VPD-OE_Agent/data/raw/ZY/ZY02.xls,现金流量表,53.0,
40e94738723bf784,historical_cash_flow,historical_600_unknown_rule,unknown,ZY02,,51,2,4,Pay_Overhaul,administrative_fee,period_close,automatic_settlement,False,{},not_applicable,-10.0,270.0,支付行政管理费,observed_history_unknown_rule,src_bef4b86b4c71,origin data/VPD-OE_Agent_20260709/VPD-OE_Agent/data/raw/ZY/ZY02.xls,现金流量表,54.0,
181bfe850f620688,historical_cash_flow,historical_600_unknown_rule,unknown,ZY02,,52,2,4,Pay_Maintenance,maintenance,period_close,automatic_settlement,False,{},not_applicable,-30.0,240.0,支付维护费,observed_history_unknown_rule,src_bef4b86b4c71,origin data/VPD-OE_Agent_20260709/VPD-OE_Agent/data/raw/ZY/ZY02.xls,现金流量表,55.0,
91e78702b9203a01,historical_cash_flow,historical_600_unknown_rule,unknown,ZY02,,53,3,1,Pay_Long_Loan,long_loan_repayment,finance,committed_settlement,False,{},partial,-40.0,200.0,支付长贷本息,observed_history_unknown_rule,src_bef4b86b4c71,origin data/VPD-OE_Agent_20260709/VPD-OE_Agent/data/raw/ZY/ZY02.xls,现金流量表,56.0,
ee6465cfb27a9151,historical_cash_flow,historical_600_unknown_rule,unknown,ZY02,,54,3,1,Pay_AD,advertising,sales,direct_decision,True,{},partial,-66.0,134.0,广告投放,observed_history_unknown_rule,src_bef4b86b4c71,origin data/VPD-OE_Agent_20260709/VPD-OE_Agent/data/raw/ZY/ZY02.xls,现金流量表,57.0,
b409e0e42be4935e,historical_cash_flow,historical_600_unknown_rule,unknown,ZY02,,55,3,1,Auction_Win,order_award,sales,external_outcome,False,"{""order_id"": ""J32-0014""}",complete,-10.0,124.0,竞单成功，获得订单:J32-0014,observed_history_unknown_rule,src_bef4b86b4c71,origin data/VPD-OE_Agent_20260709/VPD-OE_Agent/data/raw/ZY/ZY02.xls,现金流量表,58.0,
36f51e18ffd0b53c,historical_cash_flow,historical_600_unknown_rule,unknown,ZY02,,56,3,1,Long_Loan,long_loan_borrow,finance,conditional_decision,True,"{""principal_wan"": 200, ""term"": 5, ""term_unit"": ""year""}",complete,200.0,324.0,申请:5年 200W的长期贷款,observed_history_unknown_rule,src_bef4b86b4c71,origin data/VPD-OE_Agent_20260709/VPD-OE_Agent/data/raw/ZY/ZY02.xls,现金流量表,59.0,
42fa241ae25d8702,historical_cash_flow,historical_600_unknown_rule,unknown,ZY02,,57,3,1,Pay_Material,material_receipt_payment,procurement,committed_settlement,False,"{""materials"": {""R1"": 2, ""R3"": 2, ""R4"": 1}}",complete,-50.0,274.0,支付原料费 R3:2 R4:1 R1:2,observed_history_unknown_rule,src_bef4b86b4c71,origin data/VPD-OE_Agent_20260709/VPD-OE_Agent/data/raw/ZY/ZY02.xls,现金流量表,60.0,
0437009f48638a6f,historical_cash_flow,historical_600_unknown_rule,unknown,ZY02,,58,3,1,Buy_Material,material_order,procurement,direct_decision,True,"{""materials"": {""R1"": 4, ""R2"": 1, ""R3"": 4, ""R4"": 2}}",complete,0.0,274.0,订购原料 R1:4 R2:1 R3:4 R4:2,observed_history_unknown_rule,src_bef4b86b4c71,origin data/VPD-OE_Agent_20260709/VPD-OE_Agent/data/raw/ZY/ZY02.xls,现金流量表,61.0,
586de959cc88dd65,historical_cash_flow,historical_600_unknown_rule,unknown,ZY02,,59,3,1,Emergency_Buy_Material,emergency_material_purchase,procurement,exception_intervention,True,"{""quantities"": {""R1"": 0, ""R2"": 0, ""R3"": 1, ""R4"": 1}}",complete,-40.0,234.0,"紧急采购原料，数量分别为：0,0,1,1",observed_history_unknown_rule,src_bef4b86b4c71,origin data/VPD-OE_Agent_20260709/VPD-OE_Agent/data/raw/ZY/ZY02.xls,现金流量表,62.0,
4c4ef78c609cd76a,historical_cash_flow,historical_600_unknown_rule,unknown,ZY02,,60,3,1,Product_Produce,production,production,direct_decision,True,"{""line_assignments"": [{""line_instance_id"": 167, ""product_id"": ""P2""}, {""line_instance_id"": 173, ""product_id"": ""P3""}, {""line_instance_id"": 212, ""product_id"": ""P3""}]}",complete,-30.0,204.0,167:P2 173:P3 212:P3,observed_history_unknown_rule,src_bef4b86b4c71,origin data/VPD-OE_Agent_20260709/VPD-OE_Agent/data/raw/ZY/ZY02.xls,现金流量表,63.0,
cf2469af35fb7db0,historical_cash_flow,historical_600_unknown_rule,unknown,ZY02,,61,3,1,Update_Receivable,receivable_maturity,receivable,automatic_settlement,False,{},not_applicable,91.0,295.0,更新应收款,observed_history_unknown_rule,src_bef4b86b4c71,origin data/VPD-OE_Agent_20260709/VPD-OE_Agent/data/raw/ZY/ZY02.xls,现金流量表,64.0,
9b70cbd598030e16,historical_cash_flow,historical_600_unknown_rule,unknown,ZY02,,62,3,1,Renew_Workshop,factory_rent_renewal,capacity,conditional_decision,True,{},not_applicable,-40.0,255.0,厂房续租,observed_history_unknown_rule,src_bef4b86b4c71,origin data/VPD-OE_Agent_20260709/VPD-OE_Agent/data/raw/ZY/ZY02.xls,现金流量表,65.0,
16ebd4d8ce973a01,historical_cash_flow,historical_600_unknown_rule,unknown,ZY02,,63,3,1,Pay_Overhaul,administrative_fee,period_close,automatic_settlement,False,{},not_applicable,-10.0,245.0,支付行政管理费,observed_history_unknown_rule,src_bef4b86b4c71,origin data/VPD-OE_Agent_20260709/VPD-OE_Agent/data/raw/ZY/ZY02.xls,现金流量表,66.0,
ae9c415c32f51589,historical_cash_flow,historical_600_unknown_rule,unknown,ZY02,,64,3,2,Pay_Material,material_receipt_payment,procurement,committed_settlement,False,"{""materials"": {""R1"": 4, ""R2"": 1, ""R3"": 2, ""R4"": 2}}",complete,-90.0,155.0,支付原料费 R3:2 R4:2 R1:4 R2:1,observed_history_unknown_rule,src_bef4b86b4c71,origin data/VPD-OE_Agent_20260709/VPD-OE_Agent/data/raw/ZY/ZY02.xls,现金流量表,67.0,
cf6cf00d5729f15a,historical_cash_flow,historical_600_unknown_rule,unknown,ZY02,,65,3,2,Emergency_Buy_Material,emergency_material_purchase,procurement,exception_intervention,True,"{""quantities"": {""R1"": 0, ""R2"": 0, ""R3"": 1, ""R4"": 0}}",complete,-20.0,135.0,"紧急采购原料，数量分别为：0,0,1,0",observed_history_unknown_rule,src_bef4b86b4c71,origin data/VPD-OE_Agent_20260709/VPD-OE_Agent/data/raw/ZY/ZY02.xls,现金流量表,68.0,
03300513f76452fe,historical_cash_flow,historical_600_unknown_rule,unknown,ZY02,,66,3,2,Product_Produce,production,production,direct_decision,True,"{""line_assignments"": [{""line_instance_id"": 167, ""product_id"": ""P2""}, {""line_instance_id"": 173, ""product_id"": ""P3""}, {""line_instance_id"": 212, ""product_id"": ""P3""}]}",complete,-30.0,105.0,167:P2 173:P3 212:P3,observed_history_unknown_rule,src_bef4b86b4c71,origin data/VPD-OE_Agent_20260709/VPD-OE_Agent/data/raw/ZY/ZY02.xls,现金流量表,69.0,
a364b85e762ed5da,historical_cash_flow,historical_600_unknown_rule,unknown,ZY02,,67,3,2,Discount,receivable_discount,receivable,conditional_decision,True,"{""term_1_wan"": 0, ""term_2_wan"": 392, ""term_3_wan"": 0, ""term_4_wan"": 0}",complete,352.0,457.0,"1期贴现:0W,2期贴现:392W,3期贴现:0W,4期贴现:0W",observed_history_unknown_rule,src_bef4b86b4c71,origin data/VPD-OE_Agent_20260709/VPD-OE_Agent/data/raw/ZY/ZY02.xls,现金流量表,70.0,
2ee754084cce21b3,historical_cash_flow,historical_600_unknown_rule,unknown,ZY02,,68,3,2,Buy_Material,material_order,procurement,direct_decision,True,"{""materials"": {""R1"": 2, ""R3"": 2, ""R4"": 2}}",complete,0.0,457.0,订购原料 R1:2 R3:2 R4:2,observed_history_unknown_rule,src_bef4b86b4c71,origin data/VPD-OE_Agent_20260709/VPD-OE_Agent/data/raw/ZY/ZY02.xls,现金流量表,71.0,
4992916ecca581c3,historical_cash_flow,historical_600_unknown_rule,unknown,ZY02,,69,3,2,Pay_Overhaul,administrative_fee,period_close,automatic_settlement,False,{},not_applicable,-10.0,447.0,支付行政管理费,observed_history_unknown_rule,src_bef4b86b4c71,origin data/VPD-OE_Agent_20260709/VPD-OE_Agent/data/raw/ZY/ZY02.xls,现金流量表,72.0,
a9c182c0507f011e,historical_cash_flow,historical_600_unknown_rule,unknown,ZY02,,70,3,3,Pay_Short_Loan,short_loan_repayment,finance,committed_settlement,False,{},partial,-315.0,132.0,短贷还本息,observed_history_unknown_rule,src_bef4b86b4c71,origin data/VPD-OE_Agent_20260709/VPD-OE_Agent/data/raw/ZY/ZY02.xls,现金流量表,73.0,
a54510f826a2e294,historical_cash_flow,historical_600_unknown_rule,unknown,ZY02,,71,3,3,Short_Loan,short_loan_borrow,finance,conditional_decision,True,"{""principal_wan"": 100, ""term"": 4, ""term_unit"": ""quarter""}",complete,100.0,232.0,申请:4季 100W的短期贷款,observed_history_unknown_rule,src_bef4b86b4c71,origin data/VPD-OE_Agent_20260709/VPD-OE_Agent/data/raw/ZY/ZY02.xls,现金流量表,74.0,
6f18d7d4c13e3c95,historical_cash_flow,historical_600_unknown_rule,unknown,ZY02,,72,3,3,Pay_Material,material_receipt_payment,procurement,committed_settlement,False,"{""materials"": {""R1"": 2, ""R3"": 4, ""R4"": 2}}",complete,-80.0,152.0,支付原料费 R3:4 R4:2 R1:2,observed_history_unknown_rule,src_bef4b86b4c71,origin data/VPD-OE_Agent_20260709/VPD-OE_Agent/data/raw/ZY/ZY02.xls,现金流量表,75.0,
ed0b0bd87ff98e60,historical_cash_flow,historical_600_unknown_rule,unknown,ZY02,,73,3,3,Product_Produce,production,production,direct_decision,True,"{""line_assignments"": [{""line_instance_id"": 167, ""product_id"": ""P2""}, {""line_instance_id"": 173, ""product_id"": ""P3""}, {""line_instance_id"": 212, ""product_id"": ""P3""}]}",complete,-30.0,122.0,167:P2 173:P3 212:P3,observed_history_unknown_rule,src_bef4b86b4c71,origin data/VPD-OE_Agent_20260709/VPD-OE_Agent/data/raw/ZY/ZY02.xls,现金流量表,76.0,
b344c2501e09521c,historical_cash_flow,historical_600_unknown_rule,unknown,ZY02,,74,3,3,Buy_Material,material_order,procurement,direct_decision,True,"{""materials"": {""R3"": 1, ""R4"": 2}}",complete,0.0,122.0,订购原料 R3:1 R4:2,observed_history_unknown_rule,src_bef4b86b4c71,origin data/VPD-OE_Agent_20260709/VPD-OE_Agent/data/raw/ZY/ZY02.xls,现金流量表,77.0,
b2100b6cb3f669d7,historical_cash_flow,historical_600_unknown_rule,unknown,ZY02,,75,3,3,Pay_Overhaul,administrative_fee,period_close,automatic_settlement,False,{},not_applicable,-10.0,112.0,支付行政管理费,observed_history_unknown_rule,src_bef4b86b4c71,origin data/VPD-OE_Agent_20260709/VPD-OE_Agent/data/raw/ZY/ZY02.xls,现金流量表,78.0,
760560368d007285,historical_cash_flow,historical_600_unknown_rule,unknown,ZY02,,76,3,4,Pay_Material,material_receipt_payment,procurement,committed_settlement,False,"{""materials"": {""R3"": 2, ""R4"": 2}}",complete,-40.0,72.0,支付原料费 R3:2 R4:2,observed_history_unknown_rule,src_bef4b86b4c71,origin data/VPD-OE_Agent_20260709/VPD-OE_Agent/data/raw/ZY/ZY02.xls,现金流量表,79.0,
0e639fb18c857027,historical_cash_flow,historical_600_unknown_rule,unknown,ZY02,,77,3,4,Product_Produce,production,production,direct_decision,True,"{""line_assignments"": [{""line_instance_id"": 173, ""product_id"": ""P3""}, {""line_instance_id"": 212, ""product_id"": ""P3""}]}",complete,-20.0,52.0,173:P3 212:P3,observed_history_unknown_rule,src_bef4b86b4c71,origin data/VPD-OE_Agent_20260709/VPD-OE_Agent/data/raw/ZY/ZY02.xls,现金流量表,80.0,
b4720f4589d9fa09,historical_cash_flow,historical_600_unknown_rule,unknown,ZY02,,78,3,4,Buy_Material,material_order,procurement,direct_decision,True,"{""materials"": {""R1"": 2, ""R3"": 2, ""R4"": 2}}",complete,0.0,52.0,订购原料 R1:2 R3:2 R4:2,observed_history_unknown_rule,src_bef4b86b4c71,origin data/VPD-OE_Agent_20260709/VPD-OE_Agent/data/raw/ZY/ZY02.xls,现金流量表,81.0,
f64a0042c0ed464c,historical_cash_flow,historical_600_unknown_rule,unknown,ZY02,,79,3,4,Discount,receivable_discount,receivable,conditional_decision,True,"{""term_1_wan"": 0, ""term_2_wan"": 100, ""term_3_wan"": 0, ""term_4_wan"": 0}",complete,90.0,142.0,"1期贴现:0W,2期贴现:100W,3期贴现:0W,4期贴现:0W",observed_history_unknown_rule,src_bef4b86b4c71,origin data/VPD-OE_Agent_20260709/VPD-OE_Agent/data/raw/ZY/ZY02.xls,现金流量表,82.0,
b69194beb1ca0a7c,historical_cash_flow,historical_600_unknown_rule,unknown,ZY02,,80,3,4,Pay_Overhaul,administrative_fee,period_close,automatic_settlement,False,{},not_applicable,-10.0,132.0,支付行政管理费,observed_history_unknown_rule,src_bef4b86b4c71,origin data/VPD-OE_Agent_20260709/VPD-OE_Agent/data/raw/ZY/ZY02.xls,现金流量表,83.0,
1a5a34d24e607867,historical_cash_flow,historical_600_unknown_rule,unknown,ZY02,,81,3,4,Pay_Maintenance,maintenance,period_close,automatic_settlement,False,{},not_applicable,-30.0,102.0,支付维护费,observed_history_unknown_rule,src_bef4b86b4c71,origin data/VPD-OE_Agent_20260709/VPD-OE_Agent/data/raw/ZY/ZY02.xls,现金流量表,84.0,
9a0bd13d6b38b257,historical_cash_flow,historical_600_unknown_rule,unknown,ZY02,,82,4,1,Pay_Long_Loan,long_loan_repayment,finance,committed_settlement,False,{},partial,-60.0,42.0,支付长贷本息,observed_history_unknown_rule,src_bef4b86b4c71,origin data/VPD-OE_Agent_20260709/VPD-OE_Agent/data/raw/ZY/ZY02.xls,现金流量表,85.0,
7b27133a75a3f640,historical_cash_flow,historical_600_unknown_rule,unknown,ZY02,,83,4,1,Pay_AD,advertising,sales,direct_decision,True,{},partial,-38.0,4.0,广告投放,observed_history_unknown_rule,src_bef4b86b4c71,origin data/VPD-OE_Agent_20260709/VPD-OE_Agent/data/raw/ZY/ZY02.xls,现金流量表,86.0,
5801881a97101d59,historical_cash_flow,historical_600_unknown_rule,unknown,ZY02,,84,4,1,Discount,receivable_discount,receivable,conditional_decision,True,"{""term_1_wan"": 100, ""term_2_wan"": 0, ""term_3_wan"": 0, ""term_4_wan"": 0}",complete,90.0,94.0,"1期贴现:100W,2期贴现:0W,3期贴现:0W,4期贴现:0W",observed_history_unknown_rule,src_bef4b86b4c71,origin data/VPD-OE_Agent_20260709/VPD-OE_Agent/data/raw/ZY/ZY02.xls,现金流量表,87.0,
728c563de3f584b8,historical_cash_flow,historical_600_unknown_rule,unknown,ZY02,,85,4,1,Pay_Material,material_receipt_payment,procurement,committed_settlement,False,"{""materials"": {""R1"": 2, ""R3"": 1, ""R4"": 2}}",complete,-50.0,44.0,支付原料费 R3:1 R4:2 R1:2,observed_history_unknown_rule,src_bef4b86b4c71,origin data/VPD-OE_Agent_20260709/VPD-OE_Agent/data/raw/ZY/ZY02.xls,现金流量表,88.0,
d55bfd3e65aba769,historical_cash_flow,historical_600_unknown_rule,unknown,ZY02,,86,4,1,Discount,receivable_discount,receivable,conditional_decision,True,"{""term_1_wan"": 100, ""term_2_wan"": 0, ""term_3_wan"": 0, ""term_4_wan"": 0}",complete,90.0,134.0,"1期贴现:100W,2期贴现:0W,3期贴现:0W,4期贴现:0W",observed_history_unknown_rule,src_bef4b86b4c71,origin data/VPD-OE_Agent_20260709/VPD-OE_Agent/data/raw/ZY/ZY02.xls,现金流量表,89.0,
3e49bcf2ba819161,historical_cash_flow,historical_600_unknown_rule,unknown,ZY02,,87,4,1,Buy_Material,material_order,procurement,direct_decision,True,"{""materials"": {""R1"": 2, ""R3"": 2, ""R4"": 2}}",complete,0.0,134.0,订购原料 R1:2 R3:2 R4:2,observed_history_unknown_rule,src_bef4b86b4c71,origin data/VPD-OE_Agent_20260709/VPD-OE_Agent/data/raw/ZY/ZY02.xls,现金流量表,90.0,
f53ec2f9ee768032,historical_cash_flow,historical_600_unknown_rule,unknown,ZY02,,88,4,1,Product_Produce,production,production,direct_decision,True,"{""line_assignments"": [{""line_instance_id"": 173, ""product_id"": ""P3""}, {""line_instance_id"": 212, ""product_id"": ""P3""}]}",complete,-20.0,114.0,173:P3 212:P3,observed_history_unknown_rule,src_bef4b86b4c71,origin data/VPD-OE_Agent_20260709/VPD-OE_Agent/data/raw/ZY/ZY02.xls,现金流量表,91.0,
f76c567ff54bfd48,historical_cash_flow,historical_600_unknown_rule,unknown,ZY02,,89,4,1,Update_Receivable,receivable_maturity,receivable,automatic_settlement,False,{},not_applicable,203.0,317.0,更新应收款,observed_history_unknown_rule,src_bef4b86b4c71,origin data/VPD-OE_Agent_20260709/VPD-OE_Agent/data/raw/ZY/ZY02.xls,现金流量表,92.0,
80aca4a41fb2ca9a,historical_cash_flow,historical_600_unknown_rule,unknown,ZY02,,90,4,1,Renew_Workshop,factory_rent_renewal,capacity,conditional_decision,True,{},not_applicable,-40.0,277.0,厂房续租,observed_history_unknown_rule,src_bef4b86b4c71,origin data/VPD-OE_Agent_20260709/VPD-OE_Agent/data/raw/ZY/ZY02.xls,现金流量表,93.0,
e7cd8318f832c99c,historical_cash_flow,historical_600_unknown_rule,unknown,ZY02,,91,4,1,Pay_Overhaul,administrative_fee,period_close,automatic_settlement,False,{},not_applicable,-10.0,267.0,支付行政管理费,observed_history_unknown_rule,src_bef4b86b4c71,origin data/VPD-OE_Agent_20260709/VPD-OE_Agent/data/raw/ZY/ZY02.xls,现金流量表,94.0,
bf9557e704972084,historical_cash_flow,historical_600_unknown_rule,unknown,ZY02,,92,4,2,Pay_Material,material_receipt_payment,procurement,committed_settlement,False,"{""materials"": {""R1"": 2, ""R3"": 2, ""R4"": 2}}",complete,-60.0,207.0,支付原料费 R3:2 R4:2 R1:2,observed_history_unknown_rule,src_bef4b86b4c71,origin data/VPD-OE_Agent_20260709/VPD-OE_Agent/data/raw/ZY/ZY02.xls,现金流量表,95.0,
cd4b7d5a3efc1258,historical_cash_flow,historical_600_unknown_rule,unknown,ZY02,,93,4,2,Buy_Material,material_order,procurement,direct_decision,True,"{""materials"": {""R1"": 2, ""R2"": 1, ""R3"": 3, ""R4"": 2}}",complete,0.0,207.0,订购原料 R1:2 R2:1 R3:3 R4:2,observed_history_unknown_rule,src_bef4b86b4c71,origin data/VPD-OE_Agent_20260709/VPD-OE_Agent/data/raw/ZY/ZY02.xls,现金流量表,96.0,
f9f7918c19444fe0,historical_cash_flow,historical_600_unknown_rule,unknown,ZY02,,94,4,2,Product_Produce,production,production,direct_decision,True,"{""line_assignments"": [{""line_instance_id"": 173, ""product_id"": ""P3""}, {""line_instance_id"": 212, ""product_id"": ""P3""}]}",complete,-20.0,187.0,173:P3 212:P3,observed_history_unknown_rule,src_bef4b86b4c71,origin data/VPD-OE_Agent_20260709/VPD-OE_Agent/data/raw/ZY/ZY02.xls,现金流量表,97.0,
83e8e2912688a66a,historical_cash_flow,historical_600_unknown_rule,unknown,ZY02,,95,4,2,Update_Receivable,receivable_maturity,receivable,automatic_settlement,False,{},not_applicable,181.0,368.0,更新应收款,observed_history_unknown_rule,src_bef4b86b4c71,origin data/VPD-OE_Agent_20260709/VPD-OE_Agent/data/raw/ZY/ZY02.xls,现金流量表,98.0,
b874483de226d24e,historical_cash_flow,historical_600_unknown_rule,unknown,ZY02,,96,4,2,Sell_Product,order_delivery,sales,conditional_decision,True,{},partial,250.0,618.0,订单交货,observed_history_unknown_rule,src_bef4b86b4c71,origin data/VPD-OE_Agent_20260709/VPD-OE_Agent/data/raw/ZY/ZY02.xls,现金流量表,99.0,
3d32f7ecc3a05100,historical_cash_flow,historical_600_unknown_rule,unknown,ZY02,,97,4,2,Pay_Overhaul,administrative_fee,period_close,automatic_settlement,False,{},not_applicable,-10.0,608.0,支付行政管理费,observed_history_unknown_rule,src_bef4b86b4c71,origin data/VPD-OE_Agent_20260709/VPD-OE_Agent/data/raw/ZY/ZY02.xls,现金流量表,100.0,
c5080cb25e684ea4,historical_cash_flow,historical_600_unknown_rule,unknown,ZY02,,98,4,3,Pay_Short_Loan,short_loan_repayment,finance,committed_settlement,False,{},partial,-105.0,503.0,短贷还本息,observed_history_unknown_rule,src_bef4b86b4c71,origin data/VPD-OE_Agent_20260709/VPD-OE_Agent/data/raw/ZY/ZY02.xls,现金流量表,101.0,
f486bc000e6e6ca5,historical_cash_flow,historical_600_unknown_rule,unknown,ZY02,,99,4,3,Pay_Material,material_receipt_payment,procurement,committed_settlement,False,"{""materials"": {""R1"": 2, ""R2"": 1, ""R3"": 2, ""R4"": 2}}",complete,-70.0,433.0,支付原料费 R3:2 R4:2 R1:2 R2:1,observed_history_unknown_rule,src_bef4b86b4c71,origin data/VPD-OE_Agent_20260709/VPD-OE_Agent/data/raw/ZY/ZY02.xls,现金流量表,102.0,
924e39512f9638d8,historical_cash_flow,historical_600_unknown_rule,unknown,ZY02,,100,4,3,Buy_Material,material_order,procurement,direct_decision,True,"{""materials"": {""R1"": 2, ""R3"": 3, ""R4"": 2}}",complete,0.0,433.0,订购原料 R1:2 R3:3 R4:2,observed_history_unknown_rule,src_bef4b86b4c71,origin data/VPD-OE_Agent_20260709/VPD-OE_Agent/data/raw/ZY/ZY02.xls,现金流量表,103.0,
7b33be2bb6a549d0,historical_cash_flow,historical_600_unknown_rule,unknown,ZY02,,101,4,3,Product_Produce,production,production,direct_decision,True,"{""line_assignments"": [{""line_instance_id"": 173, ""product_id"": ""P3""}, {""line_instance_id"": 212, ""product_id"": ""P3""}]}",complete,-20.0,413.0,173:P3 212:P3,observed_history_unknown_rule,src_bef4b86b4c71,origin data/VPD-OE_Agent_20260709/VPD-OE_Agent/data/raw/ZY/ZY02.xls,现金流量表,104.0,
916e7fbc65155ef3,historical_cash_flow,historical_600_unknown_rule,unknown,ZY02,,102,4,3,Pay_Overhaul,administrative_fee,period_close,automatic_settlement,False,{},not_applicable,-10.0,403.0,支付行政管理费,observed_history_unknown_rule,src_bef4b86b4c71,origin data/VPD-OE_Agent_20260709/VPD-OE_Agent/data/raw/ZY/ZY02.xls,现金流量表,105.0,
882b39652b1c8520,historical_cash_flow,historical_600_unknown_rule,unknown,ZY02,,103,4,4,Pay_Material,material_receipt_payment,procurement,committed_settlement,False,"{""materials"": {""R1"": 2, ""R3"": 3, ""R4"": 2}}",complete,-70.0,333.0,支付原料费 R3:3 R4:2 R1:2,observed_history_unknown_rule,src_bef4b86b4c71,origin data/VPD-OE_Agent_20260709/VPD-OE_Agent/data/raw/ZY/ZY02.xls,现金流量表,106.0,
2354953df9020f42,historical_cash_flow,historical_600_unknown_rule,unknown,ZY02,,104,4,4,Buy_Material,material_order,procurement,direct_decision,True,"{""materials"": {""R1"": 2, ""R2"": 1, ""R3"": 3, ""R4"": 2}}",complete,0.0,333.0,订购原料 R1:2 R2:1 R3:3 R4:2,observed_history_unknown_rule,src_bef4b86b4c71,origin data/VPD-OE_Agent_20260709/VPD-OE_Agent/data/raw/ZY/ZY02.xls,现金流量表,107.0,
af77e62b60daf8fc,historical_cash_flow,historical_600_unknown_rule,unknown,ZY02,,105,4,4,Product_Produce,production,production,direct_decision,True,"{""line_assignments"": [{""line_instance_id"": 167, ""product_id"": ""P2""}, {""line_instance_id"": 173, ""product_id"": ""P3""}, {""line_instance_id"": 212, ""product_id"": ""P3""}]}",complete,-30.0,303.0,167:P2 173:P3 212:P3,observed_history_unknown_rule,src_bef4b86b4c71,origin data/VPD-OE_Agent_20260709/VPD-OE_Agent/data/raw/ZY/ZY02.xls,现金流量表,108.0,
217ac1a2c73dbae4,historical_cash_flow,historical_600_unknown_rule,unknown,ZY02,,106,4,4,Update_Receivable,receivable_maturity,receivable,automatic_settlement,False,{},not_applicable,252.0,555.0,更新应收款,observed_history_unknown_rule,src_bef4b86b4c71,origin data/VPD-OE_Agent_20260709/VPD-OE_Agent/data/raw/ZY/ZY02.xls,现金流量表,109.0,
4042f90b6d2c53e6,historical_cash_flow,historical_600_unknown_rule,unknown,ZY02,,107,4,4,Pay_Overhaul,administrative_fee,period_close,automatic_settlement,False,{},not_applicable,-10.0,545.0,支付行政管理费,observed_history_unknown_rule,src_bef4b86b4c71,origin data/VPD-OE_Agent_20260709/VPD-OE_Agent/data/raw/ZY/ZY02.xls,现金流量表,110.0,
33eae8763fc9bec6,historical_cash_flow,historical_600_unknown_rule,unknown,ZY02,,108,4,4,Pay_Maintenance,maintenance,period_close,automatic_settlement,False,{},not_applicable,-30.0,515.0,支付维护费,observed_history_unknown_rule,src_bef4b86b4c71,origin data/VPD-OE_Agent_20260709/VPD-OE_Agent/data/raw/ZY/ZY02.xls,现金流量表,111.0,
4b75c5235c238144,historical_cash_flow,historical_600_unknown_rule,unknown,ZY02,,109,5,1,Pay_Long_Loan,long_loan_repayment,finance,committed_settlement,False,{},partial,-60.0,455.0,支付长贷本息,observed_history_unknown_rule,src_bef4b86b4c71,origin data/VPD-OE_Agent_20260709/VPD-OE_Agent/data/raw/ZY/ZY02.xls,现金流量表,112.0,
4285af5f1b9f7b48,historical_cash_flow,historical_600_unknown_rule,unknown,ZY02,,110,5,1,Pay_AD,advertising,sales,direct_decision,True,{},partial,-68.0,387.0,广告投放,observed_history_unknown_rule,src_bef4b86b4c71,origin data/VPD-OE_Agent_20260709/VPD-OE_Agent/data/raw/ZY/ZY02.xls,现金流量表,113.0,
3afb4c1f84d2ec36,historical_cash_flow,historical_600_unknown_rule,unknown,ZY02,,111,5,1,Pay_Material,material_receipt_payment,procurement,committed_settlement,False,"{""materials"": {""R1"": 2, ""R2"": 1, ""R3"": 3, ""R4"": 2}}",complete,-80.0,307.0,支付原料费 R3:3 R4:2 R1:2 R2:1,observed_history_unknown_rule,src_bef4b86b4c71,origin data/VPD-OE_Agent_20260709/VPD-OE_Agent/data/raw/ZY/ZY02.xls,现金流量表,114.0,
8cb1b4031e5153b9,historical_cash_flow,historical_600_unknown_rule,unknown,ZY02,,112,5,1,Buy_Material,material_order,procurement,direct_decision,True,"{""materials"": {""R1"": 2, ""R2"": 1, ""R3"": 3, ""R4"": 2}}",complete,0.0,307.0,订购原料 R1:2 R2:1 R3:3 R4:2,observed_history_unknown_rule,src_bef4b86b4c71,origin data/VPD-OE_Agent_20260709/VPD-OE_Agent/data/raw/ZY/ZY02.xls,现金流量表,115.0,
d9e9b57cedd5d577,historical_cash_flow,historical_600_unknown_rule,unknown,ZY02,,113,5,1,Product_Produce,production,production,direct_decision,True,"{""line_assignments"": [{""line_instance_id"": 167, ""product_id"": ""P2""}, {""line_instance_id"": 173, ""product_id"": ""P3""}, {""line_instance_id"": 212, ""product_id"": ""P3""}]}",complete,-30.0,277.0,167:P2 173:P3 212:P3,observed_history_unknown_rule,src_bef4b86b4c71,origin data/VPD-OE_Agent_20260709/VPD-OE_Agent/data/raw/ZY/ZY02.xls,现金流量表,116.0,
a0f4914a8146bf89,historical_cash_flow,historical_600_unknown_rule,unknown,ZY02,,114,5,1,Renew_Workshop,factory_rent_renewal,capacity,conditional_decision,True,{},not_applicable,-40.0,237.0,厂房续租,observed_history_unknown_rule,src_bef4b86b4c71,origin data/VPD-OE_Agent_20260709/VPD-OE_Agent/data/raw/ZY/ZY02.xls,现金流量表,117.0,
e343bdaffb5b5ed1,historical_cash_flow,historical_600_unknown_rule,unknown,ZY02,,115,5,1,Pay_Overhaul,administrative_fee,period_close,automatic_settlement,False,{},not_applicable,-10.0,227.0,支付行政管理费,observed_history_unknown_rule,src_bef4b86b4c71,origin data/VPD-OE_Agent_20260709/VPD-OE_Agent/data/raw/ZY/ZY02.xls,现金流量表,118.0,
dc5056d230282236,historical_cash_flow,historical_600_unknown_rule,unknown,ZY02,,116,5,2,Pay_Material,material_receipt_payment,procurement,committed_settlement,False,"{""materials"": {""R1"": 2, ""R2"": 1, ""R3"": 3, ""R4"": 2}}",complete,-80.0,147.0,支付原料费 R3:3 R4:2 R1:2 R2:1,observed_history_unknown_rule,src_bef4b86b4c71,origin data/VPD-OE_Agent_20260709/VPD-OE_Agent/data/raw/ZY/ZY02.xls,现金流量表,119.0,
fb36c331d9a8fa4d,historical_cash_flow,historical_600_unknown_rule,unknown,ZY02,,117,5,2,Buy_Material,material_order,procurement,direct_decision,True,"{""materials"": {""R1"": 2, ""R2"": 1, ""R3"": 3, ""R4"": 2}}",complete,0.0,147.0,订购原料 R1:2 R2:1 R3:3 R4:2,observed_history_unknown_rule,src_bef4b86b4c71,origin data/VPD-OE_Agent_20260709/VPD-OE_Agent/data/raw/ZY/ZY02.xls,现金流量表,120.0,
9c5a1eafb00e73c6,historical_cash_flow,historical_600_unknown_rule,unknown,ZY02,,118,5,2,Product_Produce,production,production,direct_decision,True,"{""line_assignments"": [{""line_instance_id"": 167, ""product_id"": ""P2""}, {""line_instance_id"": 173, ""product_id"": ""P3""}, {""line_instance_id"": 212, ""product_id"": ""P3""}]}",complete,-30.0,117.0,167:P2 173:P3 212:P3,observed_history_unknown_rule,src_bef4b86b4c71,origin data/VPD-OE_Agent_20260709/VPD-OE_Agent/data/raw/ZY/ZY02.xls,现金流量表,121.0,
a8fd921dedcfb598,historical_cash_flow,historical_600_unknown_rule,unknown,ZY02,,119,5,2,Update_Receivable,receivable_maturity,receivable,automatic_settlement,False,{},not_applicable,233.0,350.0,更新应收款,observed_history_unknown_rule,src_bef4b86b4c71,origin data/VPD-OE_Agent_20260709/VPD-OE_Agent/data/raw/ZY/ZY02.xls,现金流量表,122.0,
21989b935fbda72c,historical_cash_flow,historical_600_unknown_rule,unknown,ZY02,,120,5,2,Pay_Overhaul,administrative_fee,period_close,automatic_settlement,False,{},not_applicable,-10.0,340.0,支付行政管理费,observed_history_unknown_rule,src_bef4b86b4c71,origin data/VPD-OE_Agent_20260709/VPD-OE_Agent/data/raw/ZY/ZY02.xls,现金流量表,123.0,
4082e70fcc5da389,historical_cash_flow,historical_600_unknown_rule,unknown,ZY02,,121,5,3,Pay_Material,material_receipt_payment,procurement,committed_settlement,False,"{""materials"": {""R1"": 2, ""R2"": 1, ""R3"": 3, ""R4"": 2}}",complete,-80.0,260.0,支付原料费 R3:3 R4:2 R1:2 R2:1,observed_history_unknown_rule,src_bef4b86b4c71,origin data/VPD-OE_Agent_20260709/VPD-OE_Agent/data/raw/ZY/ZY02.xls,现金流量表,124.0,
b08c3a333c1b43ad,historical_cash_flow,historical_600_unknown_rule,unknown,ZY02,,122,5,3,Buy_Material,material_order,procurement,direct_decision,True,"{""materials"": {""R1"": 2, ""R2"": 1, ""R3"": 3, ""R4"": 2}}",complete,0.0,260.0,订购原料 R1:2 R2:1 R3:3 R4:2,observed_history_unknown_rule,src_bef4b86b4c71,origin data/VPD-OE_Agent_20260709/VPD-OE_Agent/data/raw/ZY/ZY02.xls,现金流量表,125.0,
e1bfcdceebec4b90,historical_cash_flow,historical_600_unknown_rule,unknown,ZY02,,123,5,3,Product_Produce,production,production,direct_decision,True,"{""line_assignments"": [{""line_instance_id"": 167, ""product_id"": ""P2""}, {""line_instance_id"": 173, ""product_id"": ""P3""}, {""line_instance_id"": 212, ""product_id"": ""P3""}]}",complete,-30.0,230.0,167:P2 173:P3 212:P3,observed_history_unknown_rule,src_bef4b86b4c71,origin data/VPD-OE_Agent_20260709/VPD-OE_Agent/data/raw/ZY/ZY02.xls,现金流量表,126.0,
d52499c63bf26ba8,historical_cash_flow,historical_600_unknown_rule,unknown,ZY02,,124,5,3,Pay_Overhaul,administrative_fee,period_close,automatic_settlement,False,{},not_applicable,-10.0,220.0,支付行政管理费,observed_history_unknown_rule,src_bef4b86b4c71,origin data/VPD-OE_Agent_20260709/VPD-OE_Agent/data/raw/ZY/ZY02.xls,现金流量表,127.0,
12c2669535d29e04,historical_cash_flow,historical_600_unknown_rule,unknown,ZY02,,125,5,4,Pay_Material,material_receipt_payment,procurement,committed_settlement,False,"{""materials"": {""R1"": 2, ""R2"": 1, ""R3"": 3, ""R4"": 2}}",complete,-80.0,140.0,支付原料费 R3:3 R4:2 R1:2 R2:1,observed_history_unknown_rule,src_bef4b86b4c71,origin data/VPD-OE_Agent_20260709/VPD-OE_Agent/data/raw/ZY/ZY02.xls,现金流量表,128.0,
003c0a72ed04b47b,historical_cash_flow,historical_600_unknown_rule,unknown,ZY02,,126,5,4,Buy_Material,material_order,procurement,direct_decision,True,"{""materials"": {""R3"": 1, ""R4"": 2}}",complete,0.0,140.0,订购原料 R3:1 R4:2,observed_history_unknown_rule,src_bef4b86b4c71,origin data/VPD-OE_Agent_20260709/VPD-OE_Agent/data/raw/ZY/ZY02.xls,现金流量表,129.0,
c8322d7a1d98317a,historical_cash_flow,historical_600_unknown_rule,unknown,ZY02,,127,5,4,Product_Produce,production,production,direct_decision,True,"{""line_assignments"": [{""line_instance_id"": 167, ""product_id"": ""P2""}, {""line_instance_id"": 173, ""product_id"": ""P3""}, {""line_instance_id"": 212, ""product_id"": ""P3""}]}",complete,-30.0,110.0,167:P2 173:P3 212:P3,observed_history_unknown_rule,src_bef4b86b4c71,origin data/VPD-OE_Agent_20260709/VPD-OE_Agent/data/raw/ZY/ZY02.xls,现金流量表,130.0,
70b675b0ba60fbb6,historical_cash_flow,historical_600_unknown_rule,unknown,ZY02,,128,5,4,Pay_Overhaul,administrative_fee,period_close,automatic_settlement,False,{},not_applicable,-10.0,100.0,支付行政管理费,observed_history_unknown_rule,src_bef4b86b4c71,origin data/VPD-OE_Agent_20260709/VPD-OE_Agent/data/raw/ZY/ZY02.xls,现金流量表,131.0,
10dc33c0ccd12ca8,historical_cash_flow,historical_600_unknown_rule,unknown,ZY02,,129,5,4,Pay_Maintenance,maintenance,period_close,automatic_settlement,False,{},not_applicable,-30.0,70.0,支付维护费,observed_history_unknown_rule,src_bef4b86b4c71,origin data/VPD-OE_Agent_20260709/VPD-OE_Agent/data/raw/ZY/ZY02.xls,现金流量表,132.0,
5f9312ecebe3e850,historical_cash_flow,historical_600_unknown_rule,unknown,ZY03,,1,1,1,Pay_Capital,capital_injection,finance,exception_intervention,False,{},not_applicable,600.0,600.0,"公司成立,股东注资",observed_history_unknown_rule,src_e3cd51a93aa1,origin data/VPD-OE_Agent_20260709/VPD-OE_Agent/data/raw/ZY/ZY03.xls,现金流量表,4.0,
9adf5395941268f1,historical_cash_flow,historical_600_unknown_rule,unknown,ZY03,,2,1,1,Develop_Product,product_development,qualification,direct_decision,True,"{""products"": [""P2"", ""P3""]}",complete,-20.0,580.0,产品生产资格投资: P2 P3,observed_history_unknown_rule,src_e3cd51a93aa1,origin data/VPD-OE_Agent_20260709/VPD-OE_Agent/data/raw/ZY/ZY03.xls,现金流量表,5.0,
f9533d9bdb1de80b,historical_cash_flow,historical_600_unknown_rule,unknown,ZY03,,3,1,1,Pay_Overhaul,administrative_fee,period_close,automatic_settlement,False,{},not_applicable,-10.0,570.0,支付行政管理费,observed_history_unknown_rule,src_e3cd51a93aa1,origin data/VPD-OE_Agent_20260709/VPD-OE_Agent/data/raw/ZY/ZY03.xls,现金流量表,6.0,
0a387c2d7ccc6d9a,historical_cash_flow,historical_600_unknown_rule,unknown,ZY03,,4,1,2,Rent_Workshop,factory_rent,capacity,direct_decision,True,"{""factory_type"": ""大厂房""}",complete,-40.0,530.0,租用[大厂房],observed_history_unknown_rule,src_e3cd51a93aa1,origin data/VPD-OE_Agent_20260709/VPD-OE_Agent/data/raw/ZY/ZY03.xls,现金流量表,7.0,
f194f0d860937ac3,historical_cash_flow,historical_600_unknown_rule,unknown,ZY03,,5,1,2,Buy_ProductLine,production_line_order,capacity,direct_decision,True,"{""line_type"": ""自动线"", ""product_id"": ""P2""}",complete,-50.0,480.0,订购[自动线]生产[P2],observed_history_unknown_rule,src_e3cd51a93aa1,origin data/VPD-OE_Agent_20260709/VPD-OE_Agent/data/raw/ZY/ZY03.xls,现金流量表,8.0,
54d85a8891afdb0d,historical_cash_flow,historical_600_unknown_rule,unknown,ZY03,,6,1,2,Buy_ProductLine,production_line_order,capacity,direct_decision,True,"{""line_type"": ""自动线"", ""product_id"": ""P2""}",complete,-50.0,430.0,订购[自动线]生产[P2],observed_history_unknown_rule,src_e3cd51a93aa1,origin data/VPD-OE_Agent_20260709/VPD-OE_Agent/data/raw/ZY/ZY03.xls,现金流量表,9.0,
516c68ded1ab0827,historical_cash_flow,historical_600_unknown_rule,unknown,ZY03,,7,1,2,Buy_ProductLine,production_line_order,capacity,direct_decision,True,"{""line_type"": ""自动线"", ""product_id"": ""P3""}",complete,-50.0,380.0,订购[自动线]生产[P3],observed_history_unknown_rule,src_e3cd51a93aa1,origin data/VPD-OE_Agent_20260709/VPD-OE_Agent/data/raw/ZY/ZY03.xls,现金流量表,10.0,
c080f6cc5a039af4,historical_cash_flow,historical_600_unknown_rule,unknown,ZY03,,8,1,2,Buy_ProductLine,production_line_order,capacity,direct_decision,True,"{""line_type"": ""自动线"", ""product_id"": ""P3""}",complete,-50.0,330.0,订购[自动线]生产[P3],observed_history_unknown_rule,src_e3cd51a93aa1,origin data/VPD-OE_Agent_20260709/VPD-OE_Agent/data/raw/ZY/ZY03.xls,现金流量表,11.0,
cfa5d2cdde56a2db,historical_cash_flow,historical_600_unknown_rule,unknown,ZY03,,9,1,2,Develop_Product,product_development,qualification,direct_decision,True,"{""products"": [""P2"", ""P3""]}",complete,-20.0,310.0,产品生产资格投资: P2 P3,observed_history_unknown_rule,src_e3cd51a93aa1,origin data/VPD-OE_Agent_20260709/VPD-OE_Agent/data/raw/ZY/ZY03.xls,现金流量表,12.0,
8bfd8539ac52a1f8,historical_cash_flow,historical_600_unknown_rule,unknown,ZY03,,10,1,2,Pay_Overhaul,administrative_fee,period_close,automatic_settlement,False,{},not_applicable,-10.0,300.0,支付行政管理费,observed_history_unknown_rule,src_e3cd51a93aa1,origin data/VPD-OE_Agent_20260709/VPD-OE_Agent/data/raw/ZY/ZY03.xls,现金流量表,13.0,
0acad032ab1cd5d7,historical_cash_flow,historical_600_unknown_rule,unknown,ZY03,,11,1,3,Short_Loan,short_loan_borrow,finance,conditional_decision,True,"{""principal_wan"": 309, ""term"": 4, ""term_unit"": ""quarter""}",complete,309.0,609.0,申请:4季 309W的短期贷款,observed_history_unknown_rule,src_e3cd51a93aa1,origin data/VPD-OE_Agent_20260709/VPD-OE_Agent/data/raw/ZY/ZY03.xls,现金流量表,14.0,
2059c82b17eb1294,historical_cash_flow,historical_600_unknown_rule,unknown,ZY03,,12,1,3,Invest_ProductLine,production_line_investment,capacity,committed_settlement,False,{},partial,-200.0,409.0,投资在建生产线,observed_history_unknown_rule,src_e3cd51a93aa1,origin data/VPD-OE_Agent_20260709/VPD-OE_Agent/data/raw/ZY/ZY03.xls,现金流量表,15.0,
370e36d0b83c1eeb,historical_cash_flow,historical_600_unknown_rule,unknown,ZY03,,13,1,3,Buy_Material,material_order,procurement,direct_decision,True,"{""materials"": {""R3"": 4, ""R4"": 2}}",complete,0.0,409.0,订购原料 R3:4 R4:2,observed_history_unknown_rule,src_e3cd51a93aa1,origin data/VPD-OE_Agent_20260709/VPD-OE_Agent/data/raw/ZY/ZY03.xls,现金流量表,16.0,
f4edd0e908b374b2,historical_cash_flow,historical_600_unknown_rule,unknown,ZY03,,14,1,3,Develop_Product,product_development,qualification,direct_decision,True,"{""products"": [""P2"", ""P3""]}",complete,-20.0,389.0,产品生产资格投资: P2 P3,observed_history_unknown_rule,src_e3cd51a93aa1,origin data/VPD-OE_Agent_20260709/VPD-OE_Agent/data/raw/ZY/ZY03.xls,现金流量表,17.0,
cfadbc93fb306006,historical_cash_flow,historical_600_unknown_rule,unknown,ZY03,,15,1,3,Pay_Overhaul,administrative_fee,period_close,automatic_settlement,False,{},not_applicable,-10.0,379.0,支付行政管理费,observed_history_unknown_rule,src_e3cd51a93aa1,origin data/VPD-OE_Agent_20260709/VPD-OE_Agent/data/raw/ZY/ZY03.xls,现金流量表,18.0,
b69c5d183f833feb,historical_cash_flow,historical_600_unknown_rule,unknown,ZY03,,16,1,4,Short_Loan,short_loan_borrow,finance,conditional_decision,True,"{""principal_wan"": 309, ""term"": 4, ""term_unit"": ""quarter""}",complete,309.0,688.0,申请:4季 309W的短期贷款,observed_history_unknown_rule,src_e3cd51a93aa1,origin data/VPD-OE_Agent_20260709/VPD-OE_Agent/data/raw/ZY/ZY03.xls,现金流量表,19.0,
16b139ab794b8a33,historical_cash_flow,historical_600_unknown_rule,unknown,ZY03,,17,1,4,Buy_Material,material_order,procurement,direct_decision,True,"{""materials"": {""R1"": 2, ""R2"": 2, ""R3"": 4, ""R4"": 2}}",complete,0.0,688.0,订购原料 R1:2 R2:2 R3:4 R4:2,observed_history_unknown_rule,src_e3cd51a93aa1,origin data/VPD-OE_Agent_20260709/VPD-OE_Agent/data/raw/ZY/ZY03.xls,现金流量表,20.0,
9e8d12315194b94c,historical_cash_flow,historical_600_unknown_rule,unknown,ZY03,,18,1,4,Invest_ProductLine,production_line_investment,capacity,committed_settlement,False,{},partial,-200.0,488.0,投资在建生产线,observed_history_unknown_rule,src_e3cd51a93aa1,origin data/VPD-OE_Agent_20260709/VPD-OE_Agent/data/raw/ZY/ZY03.xls,现金流量表,21.0,
297a6af2069c4ea4,historical_cash_flow,historical_600_unknown_rule,unknown,ZY03,,19,1,4,Develop_Product,product_development,qualification,direct_decision,True,"{""products"": [""P3""]}",complete,-10.0,478.0,产品生产资格投资: P3,observed_history_unknown_rule,src_e3cd51a93aa1,origin data/VPD-OE_Agent_20260709/VPD-OE_Agent/data/raw/ZY/ZY03.xls,现金流量表,22.0,
0a09c27827289edd,historical_cash_flow,historical_600_unknown_rule,unknown,ZY03,,20,1,4,Develop_Market,market_development,qualification,direct_decision,True,"{""markets"": [""本地"", ""区域"", ""国内"", ""亚洲"", ""国际""]}",complete,-50.0,428.0,"市场开拓资格投资,开发项目:本地 区域 国内 亚洲 国际",observed_history_unknown_rule,src_e3cd51a93aa1,origin data/VPD-OE_Agent_20260709/VPD-OE_Agent/data/raw/ZY/ZY03.xls,现金流量表,23.0,
4aff69129a160698,historical_cash_flow,historical_600_unknown_rule,unknown,ZY03,,21,1,4,Develop_ISO,iso_development,qualification,direct_decision,True,"{""certifications"": [""ISO14000"", ""ISO9000""]}",complete,-30.0,398.0,"ISO认证资格投资,开发：ISO9000 ISO14000",observed_history_unknown_rule,src_e3cd51a93aa1,origin data/VPD-OE_Agent_20260709/VPD-OE_Agent/data/raw/ZY/ZY03.xls,现金流量表,24.0,
34352ba135b22da0,historical_cash_flow,historical_600_unknown_rule,unknown,ZY03,,22,1,4,Pay_Overhaul,administrative_fee,period_close,automatic_settlement,False,{},not_applicable,-10.0,388.0,支付行政管理费,observed_history_unknown_rule,src_e3cd51a93aa1,origin data/VPD-OE_Agent_20260709/VPD-OE_Agent/data/raw/ZY/ZY03.xls,现金流量表,25.0,
65cda878958da7c7,historical_cash_flow,historical_600_unknown_rule,unknown,ZY03,,23,2,1,Pay_AD,advertising,sales,direct_decision,True,{},partial,-62.0,326.0,广告投放,observed_history_unknown_rule,src_e3cd51a93aa1,origin data/VPD-OE_Agent_20260709/VPD-OE_Agent/data/raw/ZY/ZY03.xls,现金流量表,26.0,
f693c29e0af387fd,historical_cash_flow,historical_600_unknown_rule,unknown,ZY03,,24,2,1,Long_Loan,long_loan_borrow,finance,conditional_decision,True,"{""principal_wan"": 492, ""term"": 5, ""term_unit"": ""year""}",complete,492.0,818.0,申请:5年 492W的长期贷款,observed_history_unknown_rule,src_e3cd51a93aa1,origin data/VPD-OE_Agent_20260709/VPD-OE_Agent/data/raw/ZY/ZY03.xls,现金流量表,27.0,
63abfe0363689b4e,historical_cash_flow,historical_600_unknown_rule,unknown,ZY03,,25,2,1,Pay_Material,material_receipt_payment,procurement,committed_settlement,False,"{""materials"": {""R1"": 2, ""R2"": 2, ""R3"": 4, ""R4"": 2}}",complete,-100.0,718.0,支付原料费 R3:4 R4:2 R1:2 R2:2,observed_history_unknown_rule,src_e3cd51a93aa1,origin data/VPD-OE_Agent_20260709/VPD-OE_Agent/data/raw/ZY/ZY03.xls,现金流量表,28.0,
9aa394d882f1ceed,historical_cash_flow,historical_600_unknown_rule,unknown,ZY03,,26,2,1,Buy_Material,material_order,procurement,direct_decision,True,"{""materials"": {""R1"": 2, ""R2"": 2, ""R3"": 4, ""R4"": 2}}",complete,0.0,718.0,订购原料 R1:2 R2:2 R3:4 R4:2,observed_history_unknown_rule,src_e3cd51a93aa1,origin data/VPD-OE_Agent_20260709/VPD-OE_Agent/data/raw/ZY/ZY03.xls,现金流量表,29.0,
2148e42b99353222,historical_cash_flow,historical_600_unknown_rule,unknown,ZY03,,27,2,1,Product_Produce,production,production,direct_decision,True,"{""line_assignments"": [{""line_instance_id"": 183, ""product_id"": ""P2""}, {""line_instance_id"": 184, ""product_id"": ""P2""}, {""line_instance_id"": 185, ""product_id"": ""P3""}, {""line_instance_id"": 186, ""product_id"": ""P3""}]}",complete,-40.0,678.0,183:P2 184:P2 185:P3 186:P3,observed_history_unknown_rule,src_e3cd51a93aa1,origin data/VPD-OE_Agent_20260709/VPD-OE_Agent/data/raw/ZY/ZY03.xls,现金流量表,30.0,
bb1385734e6b9276,historical_cash_flow,historical_600_unknown_rule,unknown,ZY03,,28,2,1,Pay_Overhaul,administrative_fee,period_close,automatic_settlement,False,{},not_applicable,-10.0,668.0,支付行政管理费,observed_history_unknown_rule,src_e3cd51a93aa1,origin data/VPD-OE_Agent_20260709/VPD-OE_Agent/data/raw/ZY/ZY03.xls,现金流量表,31.0,
ae2651a94393dee4,historical_cash_flow,historical_600_unknown_rule,unknown,ZY03,,29,2,2,Pay_Material,material_receipt_payment,procurement,committed_settlement,False,"{""materials"": {""R1"": 2, ""R2"": 2, ""R3"": 4, ""R4"": 2}}",complete,-100.0,568.0,支付原料费 R3:4 R4:2 R1:2 R2:2,observed_history_unknown_rule,src_e3cd51a93aa1,origin data/VPD-OE_Agent_20260709/VPD-OE_Agent/data/raw/ZY/ZY03.xls,现金流量表,32.0,
03647b61385965fd,historical_cash_flow,historical_600_unknown_rule,unknown,ZY03,,30,2,2,Buy_Material,material_order,procurement,direct_decision,True,"{""materials"": {""R1"": 2, ""R2"": 2, ""R3"": 4, ""R4"": 2}}",complete,0.0,568.0,订购原料 R1:2 R2:2 R3:4 R4:2,observed_history_unknown_rule,src_e3cd51a93aa1,origin data/VPD-OE_Agent_20260709/VPD-OE_Agent/data/raw/ZY/ZY03.xls,现金流量表,33.0,
6f3cbc24655dadaf,historical_cash_flow,historical_600_unknown_rule,unknown,ZY03,,31,2,2,Product_Produce,production,production,direct_decision,True,"{""line_assignments"": [{""line_instance_id"": 183, ""product_id"": ""P2""}, {""line_instance_id"": 184, ""product_id"": ""P2""}, {""line_instance_id"": 185, ""product_id"": ""P3""}, {""line_instance_id"": 186, ""product_id"": ""P3""}]}",complete,-40.0,528.0,183:P2 184:P2 185:P3 186:P3,observed_history_unknown_rule,src_e3cd51a93aa1,origin data/VPD-OE_Agent_20260709/VPD-OE_Agent/data/raw/ZY/ZY03.xls,现金流量表,34.0,
e75670bb41fae382,historical_cash_flow,historical_600_unknown_rule,unknown,ZY03,,32,2,2,Renew_Workshop,factory_rent_renewal,capacity,conditional_decision,True,{},not_applicable,-40.0,488.0,厂房续租,observed_history_unknown_rule,src_e3cd51a93aa1,origin data/VPD-OE_Agent_20260709/VPD-OE_Agent/data/raw/ZY/ZY03.xls,现金流量表,35.0,
3ea7d4ac9adc80e6,historical_cash_flow,historical_600_unknown_rule,unknown,ZY03,,33,2,2,Pay_Overhaul,administrative_fee,period_close,automatic_settlement,False,{},not_applicable,-10.0,478.0,支付行政管理费,observed_history_unknown_rule,src_e3cd51a93aa1,origin data/VPD-OE_Agent_20260709/VPD-OE_Agent/data/raw/ZY/ZY03.xls,现金流量表,36.0,
8d29e65cb7b4e4a1,historical_cash_flow,historical_600_unknown_rule,unknown,ZY03,,34,2,3,Pay_Short_Loan,short_loan_repayment,finance,committed_settlement,False,{},partial,-324.0,154.0,短贷还本息,observed_history_unknown_rule,src_e3cd51a93aa1,origin data/VPD-OE_Agent_20260709/VPD-OE_Agent/data/raw/ZY/ZY03.xls,现金流量表,37.0,
e5b52bb7cac046f1,historical_cash_flow,historical_600_unknown_rule,unknown,ZY03,,35,2,3,Short_Loan,short_loan_borrow,finance,conditional_decision,True,"{""principal_wan"": 309, ""term"": 4, ""term_unit"": ""quarter""}",complete,309.0,463.0,申请:4季 309W的短期贷款,observed_history_unknown_rule,src_e3cd51a93aa1,origin data/VPD-OE_Agent_20260709/VPD-OE_Agent/data/raw/ZY/ZY03.xls,现金流量表,38.0,
692f55c7369c0101,historical_cash_flow,historical_600_unknown_rule,unknown,ZY03,,36,2,3,Pay_Material,material_receipt_payment,procurement,committed_settlement,False,"{""materials"": {""R1"": 2, ""R2"": 2, ""R3"": 4, ""R4"": 2}}",complete,-100.0,363.0,支付原料费 R3:4 R4:2 R1:2 R2:2,observed_history_unknown_rule,src_e3cd51a93aa1,origin data/VPD-OE_Agent_20260709/VPD-OE_Agent/data/raw/ZY/ZY03.xls,现金流量表,39.0,
fd1786f92101a8db,historical_cash_flow,historical_600_unknown_rule,unknown,ZY03,,37,2,3,Buy_Material,material_order,procurement,direct_decision,True,"{""materials"": {""R1"": 2, ""R2"": 2, ""R3"": 4, ""R4"": 2}}",complete,0.0,363.0,订购原料 R1:2 R2:2 R3:4 R4:2,observed_history_unknown_rule,src_e3cd51a93aa1,origin data/VPD-OE_Agent_20260709/VPD-OE_Agent/data/raw/ZY/ZY03.xls,现金流量表,40.0,
75737470e83fe1da,historical_cash_flow,historical_600_unknown_rule,unknown,ZY03,,38,2,3,Product_Produce,production,production,direct_decision,True,"{""line_assignments"": [{""line_instance_id"": 183, ""product_id"": ""P2""}, {""line_instance_id"": 184, ""product_id"": ""P2""}, {""line_instance_id"": 185, ""product_id"": ""P3""}, {""line_instance_id"": 186, ""product_id"": ""P3""}]}",complete,-40.0,323.0,183:P2 184:P2 185:P3 186:P3,observed_history_unknown_rule,src_e3cd51a93aa1,origin data/VPD-OE_Agent_20260709/VPD-OE_Agent/data/raw/ZY/ZY03.xls,现金流量表,41.0,
3a0211cfdb9e9403,historical_cash_flow,historical_600_unknown_rule,unknown,ZY03,,39,2,3,Pay_Overhaul,administrative_fee,period_close,automatic_settlement,False,{},not_applicable,-10.0,313.0,支付行政管理费,observed_history_unknown_rule,src_e3cd51a93aa1,origin data/VPD-OE_Agent_20260709/VPD-OE_Agent/data/raw/ZY/ZY03.xls,现金流量表,42.0,
ee373b6943712b9c,historical_cash_flow,historical_600_unknown_rule,unknown,ZY03,,40,2,4,Discount,receivable_discount,receivable,conditional_decision,True,"{""term_1_wan"": 0, ""term_2_wan"": 10, ""term_3_wan"": 0, ""term_4_wan"": 0}",complete,9.0,322.0,"1期贴现:0W,2期贴现:10W,3期贴现:0W,4期贴现:0W",observed_history_unknown_rule,src_e3cd51a93aa1,origin data/VPD-OE_Agent_20260709/VPD-OE_Agent/data/raw/ZY/ZY03.xls,现金流量表,43.0,
84ba01108daa9597,historical_cash_flow,historical_600_unknown_rule,unknown,ZY03,,41,2,4,Discount,receivable_discount,receivable,conditional_decision,True,"{""term_1_wan"": 0, ""term_2_wan"": 10, ""term_3_wan"": 0, ""term_4_wan"": 0}",complete,9.0,331.0,"1期贴现:0W,2期贴现:10W,3期贴现:0W,4期贴现:0W",observed_history_unknown_rule,src_e3cd51a93aa1,origin data/VPD-OE_Agent_20260709/VPD-OE_Agent/data/raw/ZY/ZY03.xls,现金流量表,44.0,
b59479456c0180ef,historical_cash_flow,historical_600_unknown_rule,unknown,ZY03,,42,2,4,Pay_Short_Loan,short_loan_repayment,finance,committed_settlement,False,{},partial,-324.0,7.0,短贷还本息,observed_history_unknown_rule,src_e3cd51a93aa1,origin data/VPD-OE_Agent_20260709/VPD-OE_Agent/data/raw/ZY/ZY03.xls,现金流量表,45.0,
77427dbe1184d53f,historical_cash_flow,historical_600_unknown_rule,unknown,ZY03,,43,2,4,Short_Loan,short_loan_borrow,finance,conditional_decision,True,"{""principal_wan"": 309, ""term"": 4, ""term_unit"": ""quarter""}",complete,309.0,316.0,申请:4季 309W的短期贷款,observed_history_unknown_rule,src_e3cd51a93aa1,origin data/VPD-OE_Agent_20260709/VPD-OE_Agent/data/raw/ZY/ZY03.xls,现金流量表,46.0,
cb2c04057e8a8d86,historical_cash_flow,historical_600_unknown_rule,unknown,ZY03,,44,2,4,Pay_Material,material_receipt_payment,procurement,committed_settlement,False,"{""materials"": {""R1"": 2, ""R2"": 2, ""R3"": 4, ""R4"": 2}}",complete,-100.0,216.0,支付原料费 R3:4 R4:2 R1:2 R2:2,observed_history_unknown_rule,src_e3cd51a93aa1,origin data/VPD-OE_Agent_20260709/VPD-OE_Agent/data/raw/ZY/ZY03.xls,现金流量表,47.0,
934f33a7f602d262,historical_cash_flow,historical_600_unknown_rule,unknown,ZY03,,45,2,4,Buy_Material,material_order,procurement,direct_decision,True,"{""materials"": {""R1"": 2, ""R2"": 2, ""R3"": 4, ""R4"": 2}}",complete,0.0,216.0,订购原料 R1:2 R2:2 R3:4 R4:2,observed_history_unknown_rule,src_e3cd51a93aa1,origin data/VPD-OE_Agent_20260709/VPD-OE_Agent/data/raw/ZY/ZY03.xls,现金流量表,48.0,
a7d80651b189de66,historical_cash_flow,historical_600_unknown_rule,unknown,ZY03,,46,2,4,Product_Produce,production,production,direct_decision,True,"{""line_assignments"": [{""line_instance_id"": 183, ""product_id"": ""P2""}, {""line_instance_id"": 184, ""product_id"": ""P2""}, {""line_instance_id"": 185, ""product_id"": ""P3""}, {""line_instance_id"": 186, ""product_id"": ""P3""}]}",complete,-40.0,176.0,183:P2 184:P2 185:P3 186:P3,observed_history_unknown_rule,src_e3cd51a93aa1,origin data/VPD-OE_Agent_20260709/VPD-OE_Agent/data/raw/ZY/ZY03.xls,现金流量表,49.0,
a5a07156c252a7ed,historical_cash_flow,historical_600_unknown_rule,unknown,ZY03,,47,2,4,Update_Receivable,receivable_maturity,receivable,automatic_settlement,False,{},not_applicable,190.0,366.0,更新应收款,observed_history_unknown_rule,src_e3cd51a93aa1,origin data/VPD-OE_Agent_20260709/VPD-OE_Agent/data/raw/ZY/ZY03.xls,现金流量表,50.0,
4967a56528dbad69,historical_cash_flow,historical_600_unknown_rule,unknown,ZY03,,48,2,4,Develop_ISO,iso_development,qualification,direct_decision,True,"{""certifications"": [""ISO14000"", ""ISO9000""]}",complete,-30.0,336.0,"ISO认证资格投资,开发：ISO9000 ISO14000",observed_history_unknown_rule,src_e3cd51a93aa1,origin data/VPD-OE_Agent_20260709/VPD-OE_Agent/data/raw/ZY/ZY03.xls,现金流量表,51.0,
70d1eafaebcbcb28,historical_cash_flow,historical_600_unknown_rule,unknown,ZY03,,49,2,4,Develop_Market,market_development,qualification,direct_decision,True,"{""markets"": [""国内"", ""亚洲"", ""国际""]}",complete,-30.0,306.0,"市场开拓资格投资,开发项目:国内 亚洲 国际",observed_history_unknown_rule,src_e3cd51a93aa1,origin data/VPD-OE_Agent_20260709/VPD-OE_Agent/data/raw/ZY/ZY03.xls,现金流量表,52.0,
f64b16791f6edb56,historical_cash_flow,historical_600_unknown_rule,unknown,ZY03,,50,2,4,Pay_Overhaul,administrative_fee,period_close,automatic_settlement,False,{},not_applicable,-10.0,296.0,支付行政管理费,observed_history_unknown_rule,src_e3cd51a93aa1,origin data/VPD-OE_Agent_20260709/VPD-OE_Agent/data/raw/ZY/ZY03.xls,现金流量表,53.0,
0a8c893315cd012f,historical_cash_flow,historical_600_unknown_rule,unknown,ZY03,,51,2,4,Pay_Maintenance,maintenance,period_close,automatic_settlement,False,{},not_applicable,-40.0,256.0,支付维护费,observed_history_unknown_rule,src_e3cd51a93aa1,origin data/VPD-OE_Agent_20260709/VPD-OE_Agent/data/raw/ZY/ZY03.xls,现金流量表,54.0,
795301f285e0102d,historical_cash_flow,historical_600_unknown_rule,unknown,ZY03,,52,3,1,Pay_Long_Loan,long_loan_repayment,finance,committed_settlement,False,{},partial,-49.0,207.0,支付长贷本息,observed_history_unknown_rule,src_e3cd51a93aa1,origin data/VPD-OE_Agent_20260709/VPD-OE_Agent/data/raw/ZY/ZY03.xls,现金流量表,55.0,
c8893d728f90d025,historical_cash_flow,historical_600_unknown_rule,unknown,ZY03,,53,3,1,Pay_AD,advertising,sales,direct_decision,True,{},partial,-54.0,153.0,广告投放,observed_history_unknown_rule,src_e3cd51a93aa1,origin data/VPD-OE_Agent_20260709/VPD-OE_Agent/data/raw/ZY/ZY03.xls,现金流量表,56.0,
88ebc3e40563e3e9,historical_cash_flow,historical_600_unknown_rule,unknown,ZY03,,54,3,1,Auction_Win,order_award,sales,external_outcome,False,"{""order_id"": ""J31-0011""}",complete,-10.0,143.0,竞单成功，获得订单:J31-0011,observed_history_unknown_rule,src_e3cd51a93aa1,origin data/VPD-OE_Agent_20260709/VPD-OE_Agent/data/raw/ZY/ZY03.xls,现金流量表,57.0,
25aa17045c1a4626,historical_cash_flow,historical_600_unknown_rule,unknown,ZY03,,55,3,1,Long_Loan,long_loan_borrow,finance,conditional_decision,True,"{""principal_wan"": 504, ""term"": 5, ""term_unit"": ""year""}",complete,504.0,647.0,申请:5年 504W的长期贷款,observed_history_unknown_rule,src_e3cd51a93aa1,origin data/VPD-OE_Agent_20260709/VPD-OE_Agent/data/raw/ZY/ZY03.xls,现金流量表,58.0,
3a0449aa5bbfe812,historical_cash_flow,historical_600_unknown_rule,unknown,ZY03,,56,3,1,Pay_Material,material_receipt_payment,procurement,committed_settlement,False,"{""materials"": {""R1"": 2, ""R2"": 2, ""R3"": 4, ""R4"": 2}}",complete,-100.0,547.0,支付原料费 R3:4 R4:2 R1:2 R2:2,observed_history_unknown_rule,src_e3cd51a93aa1,origin data/VPD-OE_Agent_20260709/VPD-OE_Agent/data/raw/ZY/ZY03.xls,现金流量表,59.0,
3090effbbef5f8a0,historical_cash_flow,historical_600_unknown_rule,unknown,ZY03,,57,3,1,Buy_Material,material_order,procurement,direct_decision,True,"{""materials"": {""R1"": 2, ""R2"": 2, ""R3"": 4, ""R4"": 2}}",complete,0.0,547.0,订购原料 R1:2 R2:2 R3:4 R4:2,observed_history_unknown_rule,src_e3cd51a93aa1,origin data/VPD-OE_Agent_20260709/VPD-OE_Agent/data/raw/ZY/ZY03.xls,现金流量表,60.0,
baa60431609d2ec9,historical_cash_flow,historical_600_unknown_rule,unknown,ZY03,,58,3,1,Product_Produce,production,production,direct_decision,True,"{""line_assignments"": [{""line_instance_id"": 183, ""product_id"": ""P2""}, {""line_instance_id"": 184, ""product_id"": ""P2""}, {""line_instance_id"": 185, ""product_id"": ""P3""}, {""line_instance_id"": 186, ""product_id"": ""P3""}]}",complete,-40.0,507.0,183:P2 184:P2 185:P3 186:P3,observed_history_unknown_rule,src_e3cd51a93aa1,origin data/VPD-OE_Agent_20260709/VPD-OE_Agent/data/raw/ZY/ZY03.xls,现金流量表,61.0,
edff207672567cda,historical_cash_flow,historical_600_unknown_rule,unknown,ZY03,,59,3,1,Update_Receivable,receivable_maturity,receivable,automatic_settlement,False,{},not_applicable,240.0,747.0,更新应收款,observed_history_unknown_rule,src_e3cd51a93aa1,origin data/VPD-OE_Agent_20260709/VPD-OE_Agent/data/raw/ZY/ZY03.xls,现金流量表,62.0,
c58e5efbd1fe72e7,historical_cash_flow,historical_600_unknown_rule,unknown,ZY03,,60,3,1,Pay_Overhaul,administrative_fee,period_close,automatic_settlement,False,{},not_applicable,-10.0,737.0,支付行政管理费,observed_history_unknown_rule,src_e3cd51a93aa1,origin data/VPD-OE_Agent_20260709/VPD-OE_Agent/data/raw/ZY/ZY03.xls,现金流量表,63.0,
cba392dcc91a5985,historical_cash_flow,historical_600_unknown_rule,unknown,ZY03,,61,3,2,Pay_Material,material_receipt_payment,procurement,committed_settlement,False,"{""materials"": {""R1"": 2, ""R2"": 2, ""R3"": 4, ""R4"": 2}}",complete,-100.0,637.0,支付原料费 R3:4 R4:2 R1:2 R2:2,observed_history_unknown_rule,src_e3cd51a93aa1,origin data/VPD-OE_Agent_20260709/VPD-OE_Agent/data/raw/ZY/ZY03.xls,现金流量表,64.0,
96074eb6fa786fd7,historical_cash_flow,historical_600_unknown_rule,unknown,ZY03,,62,3,2,Buy_Material,material_order,procurement,direct_decision,True,"{""materials"": {""R1"": 2, ""R2"": 2, ""R3"": 4, ""R4"": 2}}",complete,0.0,637.0,订购原料 R1:2 R2:2 R3:4 R4:2,observed_history_unknown_rule,src_e3cd51a93aa1,origin data/VPD-OE_Agent_20260709/VPD-OE_Agent/data/raw/ZY/ZY03.xls,现金流量表,65.0,
a02e2eb83592bffe,historical_cash_flow,historical_600_unknown_rule,unknown,ZY03,,63,3,2,Product_Produce,production,production,direct_decision,True,"{""line_assignments"": [{""line_instance_id"": 183, ""product_id"": ""P2""}, {""line_instance_id"": 184, ""product_id"": ""P2""}, {""line_instance_id"": 185, ""product_id"": ""P3""}, {""line_instance_id"": 186, ""product_id"": ""P3""}]}",complete,-40.0,597.0,183:P2 184:P2 185:P3 186:P3,observed_history_unknown_rule,src_e3cd51a93aa1,origin data/VPD-OE_Agent_20260709/VPD-OE_Agent/data/raw/ZY/ZY03.xls,现金流量表,66.0,
be77af059863e28c,historical_cash_flow,historical_600_unknown_rule,unknown,ZY03,,64,3,2,Renew_Workshop,factory_rent_renewal,capacity,conditional_decision,True,{},not_applicable,-40.0,557.0,厂房续租,observed_history_unknown_rule,src_e3cd51a93aa1,origin data/VPD-OE_Agent_20260709/VPD-OE_Agent/data/raw/ZY/ZY03.xls,现金流量表,67.0,
63a7a33bb6ba761e,historical_cash_flow,historical_600_unknown_rule,unknown,ZY03,,65,3,2,Pay_Overhaul,administrative_fee,period_close,automatic_settlement,False,{},not_applicable,-10.0,547.0,支付行政管理费,observed_history_unknown_rule,src_e3cd51a93aa1,origin data/VPD-OE_Agent_20260709/VPD-OE_Agent/data/raw/ZY/ZY03.xls,现金流量表,68.0,
881e029e7b410582,historical_cash_flow,historical_600_unknown_rule,unknown,ZY03,,66,3,3,Pay_Short_Loan,short_loan_repayment,finance,committed_settlement,False,{},partial,-324.0,223.0,短贷还本息,observed_history_unknown_rule,src_e3cd51a93aa1,origin data/VPD-OE_Agent_20260709/VPD-OE_Agent/data/raw/ZY/ZY03.xls,现金流量表,69.0,
49a3967f26a916b7,historical_cash_flow,historical_600_unknown_rule,unknown,ZY03,,67,3,3,Short_Loan,short_loan_borrow,finance,conditional_decision,True,"{""principal_wan"": 309, ""term"": 4, ""term_unit"": ""quarter""}",complete,309.0,532.0,申请:4季 309W的短期贷款,observed_history_unknown_rule,src_e3cd51a93aa1,origin data/VPD-OE_Agent_20260709/VPD-OE_Agent/data/raw/ZY/ZY03.xls,现金流量表,70.0,
57fdce6e42584871,historical_cash_flow,historical_600_unknown_rule,unknown,ZY03,,68,3,3,Pay_Material,material_receipt_payment,procurement,committed_settlement,False,"{""materials"": {""R1"": 2, ""R2"": 2, ""R3"": 4, ""R4"": 2}}",complete,-100.0,432.0,支付原料费 R3:4 R4:2 R1:2 R2:2,observed_history_unknown_rule,src_e3cd51a93aa1,origin data/VPD-OE_Agent_20260709/VPD-OE_Agent/data/raw/ZY/ZY03.xls,现金流量表,71.0,
1d52a27a4800f5ee,historical_cash_flow,historical_600_unknown_rule,unknown,ZY03,,69,3,3,Buy_Material,material_order,procurement,direct_decision,True,"{""materials"": {""R1"": 2, ""R2"": 2, ""R3"": 4, ""R4"": 2}}",complete,0.0,432.0,订购原料 R1:2 R2:2 R3:4 R4:2,observed_history_unknown_rule,src_e3cd51a93aa1,origin data/VPD-OE_Agent_20260709/VPD-OE_Agent/data/raw/ZY/ZY03.xls,现金流量表,72.0,
6846287b63dedea0,historical_cash_flow,historical_600_unknown_rule,unknown,ZY03,,70,3,3,Product_Produce,production,production,direct_decision,True,"{""line_assignments"": [{""line_instance_id"": 183, ""product_id"": ""P2""}, {""line_instance_id"": 184, ""product_id"": ""P2""}, {""line_instance_id"": 185, ""product_id"": ""P3""}, {""line_instance_id"": 186, ""product_id"": ""P3""}]}",complete,-40.0,392.0,183:P2 184:P2 185:P3 186:P3,observed_history_unknown_rule,src_e3cd51a93aa1,origin data/VPD-OE_Agent_20260709/VPD-OE_Agent/data/raw/ZY/ZY03.xls,现金流量表,73.0,
52ed4c1e5fc585ef,historical_cash_flow,historical_600_unknown_rule,unknown,ZY03,,71,3,3,Update_Receivable,receivable_maturity,receivable,automatic_settlement,False,{},not_applicable,614.0,1006.0,更新应收款,observed_history_unknown_rule,src_e3cd51a93aa1,origin data/VPD-OE_Agent_20260709/VPD-OE_Agent/data/raw/ZY/ZY03.xls,现金流量表,74.0,
848f7dbce5cec062,historical_cash_flow,historical_600_unknown_rule,unknown,ZY03,,72,3,3,Pay_Overhaul,administrative_fee,period_close,automatic_settlement,False,{},not_applicable,-10.0,996.0,支付行政管理费,observed_history_unknown_rule,src_e3cd51a93aa1,origin data/VPD-OE_Agent_20260709/VPD-OE_Agent/data/raw/ZY/ZY03.xls,现金流量表,75.0,
504b04e1deeeceac,historical_cash_flow,historical_600_unknown_rule,unknown,ZY03,,73,3,4,Pay_Short_Loan,short_loan_repayment,finance,committed_settlement,False,{},partial,-324.0,672.0,短贷还本息,observed_history_unknown_rule,src_e3cd51a93aa1,origin data/VPD-OE_Agent_20260709/VPD-OE_Agent/data/raw/ZY/ZY03.xls,现金流量表,76.0,
db8f11edef237c9a,historical_cash_flow,historical_600_unknown_rule,unknown,ZY03,,74,3,4,Short_Loan,short_loan_borrow,finance,conditional_decision,True,"{""principal_wan"": 309, ""term"": 4, ""term_unit"": ""quarter""}",complete,309.0,981.0,申请:4季 309W的短期贷款,observed_history_unknown_rule,src_e3cd51a93aa1,origin data/VPD-OE_Agent_20260709/VPD-OE_Agent/data/raw/ZY/ZY03.xls,现金流量表,77.0,
7364d0d20f650838,historical_cash_flow,historical_600_unknown_rule,unknown,ZY03,,75,3,4,Pay_Material,material_receipt_payment,procurement,committed_settlement,False,"{""materials"": {""R1"": 2, ""R2"": 2, ""R3"": 4, ""R4"": 2}}",complete,-100.0,881.0,支付原料费 R3:4 R4:2 R1:2 R2:2,observed_history_unknown_rule,src_e3cd51a93aa1,origin data/VPD-OE_Agent_20260709/VPD-OE_Agent/data/raw/ZY/ZY03.xls,现金流量表,78.0,
e102177efed6fe92,historical_cash_flow,historical_600_unknown_rule,unknown,ZY03,,76,3,4,Buy_Material,material_order,procurement,direct_decision,True,"{""materials"": {""R1"": 2, ""R2"": 2, ""R3"": 4, ""R4"": 2}}",complete,0.0,881.0,订购原料 R1:2 R2:2 R3:4 R4:2,observed_history_unknown_rule,src_e3cd51a93aa1,origin data/VPD-OE_Agent_20260709/VPD-OE_Agent/data/raw/ZY/ZY03.xls,现金流量表,79.0,
ad2d4fa82251168e,historical_cash_flow,historical_600_unknown_rule,unknown,ZY03,,77,3,4,Product_Produce,production,production,direct_decision,True,"{""line_assignments"": [{""line_instance_id"": 183, ""product_id"": ""P2""}, {""line_instance_id"": 184, ""product_id"": ""P2""}, {""line_instance_id"": 185, ""product_id"": ""P3""}, {""line_instance_id"": 186, ""product_id"": ""P3""}]}",complete,-40.0,841.0,183:P2 184:P2 185:P3 186:P3,observed_history_unknown_rule,src_e3cd51a93aa1,origin data/VPD-OE_Agent_20260709/VPD-OE_Agent/data/raw/ZY/ZY03.xls,现金流量表,80.0,
e259bca386f0cff2,historical_cash_flow,historical_600_unknown_rule,unknown,ZY03,,78,3,4,Emergency_Buy_Product,emergency_product_purchase,procurement,exception_intervention,True,"{""quantities"": {""P1"": 0, ""P2"": 0, ""P3"": 1, ""P4"": 0}}",complete,-120.0,721.0,"紧急采购产品，数量分别为：0,0,1,0",observed_history_unknown_rule,src_e3cd51a93aa1,origin data/VPD-OE_Agent_20260709/VPD-OE_Agent/data/raw/ZY/ZY03.xls,现金流量表,81.0,
9e157e72e1075db3,historical_cash_flow,historical_600_unknown_rule,unknown,ZY03,,79,3,4,Update_Receivable,receivable_maturity,receivable,automatic_settlement,False,{},not_applicable,590.0,1311.0,更新应收款,observed_history_unknown_rule,src_e3cd51a93aa1,origin data/VPD-OE_Agent_20260709/VPD-OE_Agent/data/raw/ZY/ZY03.xls,现金流量表,82.0,
39790f829beeb61a,historical_cash_flow,historical_600_unknown_rule,unknown,ZY03,,80,3,4,Develop_Market,market_development,qualification,direct_decision,True,"{""markets"": [""亚洲"", ""国际""]}",complete,-20.0,1291.0,"市场开拓资格投资,开发项目:亚洲 国际",observed_history_unknown_rule,src_e3cd51a93aa1,origin data/VPD-OE_Agent_20260709/VPD-OE_Agent/data/raw/ZY/ZY03.xls,现金流量表,83.0,
f160ced130680a92,historical_cash_flow,historical_600_unknown_rule,unknown,ZY03,,81,3,4,Pay_Overhaul,administrative_fee,period_close,automatic_settlement,False,{},not_applicable,-10.0,1281.0,支付行政管理费,observed_history_unknown_rule,src_e3cd51a93aa1,origin data/VPD-OE_Agent_20260709/VPD-OE_Agent/data/raw/ZY/ZY03.xls,现金流量表,84.0,
7b06ca33439acaef,historical_cash_flow,historical_600_unknown_rule,unknown,ZY03,,82,3,4,Pay_Maintenance,maintenance,period_close,automatic_settlement,False,{},not_applicable,-40.0,1241.0,支付维护费,observed_history_unknown_rule,src_e3cd51a93aa1,origin data/VPD-OE_Agent_20260709/VPD-OE_Agent/data/raw/ZY/ZY03.xls,现金流量表,85.0,
5b5486e74c534ec4,historical_cash_flow,historical_600_unknown_rule,unknown,ZY03,,83,4,1,Pay_Tax,tax_payment,period_close,automatic_settlement,False,{},not_applicable,-51.0,1190.0,支付上一年税金,observed_history_unknown_rule,src_e3cd51a93aa1,origin data/VPD-OE_Agent_20260709/VPD-OE_Agent/data/raw/ZY/ZY03.xls,现金流量表,86.0,
14dff7aaffd9391e,historical_cash_flow,historical_600_unknown_rule,unknown,ZY03,,84,4,1,Pay_Long_Loan,long_loan_repayment,finance,committed_settlement,False,{},partial,-100.0,1090.0,支付长贷本息,observed_history_unknown_rule,src_e3cd51a93aa1,origin data/VPD-OE_Agent_20260709/VPD-OE_Agent/data/raw/ZY/ZY03.xls,现金流量表,87.0,
db8ec370759d5f9c,historical_cash_flow,historical_600_unknown_rule,unknown,ZY03,,85,4,1,Pay_AD,advertising,sales,direct_decision,True,{},partial,-86.0,1004.0,广告投放,observed_history_unknown_rule,src_e3cd51a93aa1,origin data/VPD-OE_Agent_20260709/VPD-OE_Agent/data/raw/ZY/ZY03.xls,现金流量表,88.0,
e4474521a15e6754,historical_cash_flow,historical_600_unknown_rule,unknown,ZY03,,86,4,1,Pay_Material,material_receipt_payment,procurement,committed_settlement,False,"{""materials"": {""R1"": 2, ""R2"": 2, ""R3"": 4, ""R4"": 2}}",complete,-100.0,904.0,支付原料费 R3:4 R4:2 R1:2 R2:2,observed_history_unknown_rule,src_e3cd51a93aa1,origin data/VPD-OE_Agent_20260709/VPD-OE_Agent/data/raw/ZY/ZY03.xls,现金流量表,89.0,
b2bae43290931d34,historical_cash_flow,historical_600_unknown_rule,unknown,ZY03,,87,4,1,Buy_Material,material_order,procurement,direct_decision,True,"{""materials"": {""R1"": 2, ""R2"": 2, ""R3"": 4, ""R4"": 2}}",complete,0.0,904.0,订购原料 R1:2 R2:2 R3:4 R4:2,observed_history_unknown_rule,src_e3cd51a93aa1,origin data/VPD-OE_Agent_20260709/VPD-OE_Agent/data/raw/ZY/ZY03.xls,现金流量表,90.0,
3527f6c1c4633223,historical_cash_flow,historical_600_unknown_rule,unknown,ZY03,,88,4,1,Product_Produce,production,production,direct_decision,True,"{""line_assignments"": [{""line_instance_id"": 183, ""product_id"": ""P2""}, {""line_instance_id"": 184, ""product_id"": ""P2""}, {""line_instance_id"": 185, ""product_id"": ""P3""}, {""line_instance_id"": 186, ""product_id"": ""P3""}]}",complete,-40.0,864.0,183:P2 184:P2 185:P3 186:P3,observed_history_unknown_rule,src_e3cd51a93aa1,origin data/VPD-OE_Agent_20260709/VPD-OE_Agent/data/raw/ZY/ZY03.xls,现金流量表,91.0,
6fa23b9ea477c953,historical_cash_flow,historical_600_unknown_rule,unknown,ZY03,,89,4,1,Update_Receivable,receivable_maturity,receivable,automatic_settlement,False,{},not_applicable,243.0,1107.0,更新应收款,observed_history_unknown_rule,src_e3cd51a93aa1,origin data/VPD-OE_Agent_20260709/VPD-OE_Agent/data/raw/ZY/ZY03.xls,现金流量表,92.0,
c649bd8c3f3b38b1,historical_cash_flow,historical_600_unknown_rule,unknown,ZY03,,90,4,1,Develop_Product,product_development,qualification,direct_decision,True,"{""products"": [""P1"", ""P4""]}",complete,-20.0,1087.0,产品生产资格投资: P1 P4,observed_history_unknown_rule,src_e3cd51a93aa1,origin data/VPD-OE_Agent_20260709/VPD-OE_Agent/data/raw/ZY/ZY03.xls,现金流量表,93.0,
91deaac8e756ec21,historical_cash_flow,historical_600_unknown_rule,unknown,ZY03,,91,4,1,Pay_Overhaul,administrative_fee,period_close,automatic_settlement,False,{},not_applicable,-10.0,1077.0,支付行政管理费,observed_history_unknown_rule,src_e3cd51a93aa1,origin data/VPD-OE_Agent_20260709/VPD-OE_Agent/data/raw/ZY/ZY03.xls,现金流量表,94.0,
16549191292c1aa0,historical_cash_flow,historical_600_unknown_rule,unknown,ZY03,,92,4,2,Pay_Material,material_receipt_payment,procurement,committed_settlement,False,"{""materials"": {""R1"": 2, ""R2"": 2, ""R3"": 4, ""R4"": 2}}",complete,-100.0,977.0,支付原料费 R3:4 R4:2 R1:2 R2:2,observed_history_unknown_rule,src_e3cd51a93aa1,origin data/VPD-OE_Agent_20260709/VPD-OE_Agent/data/raw/ZY/ZY03.xls,现金流量表,95.0,
a314feab4cc3c747,historical_cash_flow,historical_600_unknown_rule,unknown,ZY03,,93,4,2,Buy_Material,material_order,procurement,direct_decision,True,"{""materials"": {""R1"": 2, ""R2"": 2, ""R3"": 4, ""R4"": 2}}",complete,0.0,977.0,订购原料 R1:2 R2:2 R3:4 R4:2,observed_history_unknown_rule,src_e3cd51a93aa1,origin data/VPD-OE_Agent_20260709/VPD-OE_Agent/data/raw/ZY/ZY03.xls,现金流量表,96.0,
6e960bba9dc0bcbc,historical_cash_flow,historical_600_unknown_rule,unknown,ZY03,,94,4,2,Rent_Workshop,factory_rent,capacity,direct_decision,True,"{""factory_type"": ""大厂房""}",complete,-40.0,937.0,租用[大厂房],observed_history_unknown_rule,src_e3cd51a93aa1,origin data/VPD-OE_Agent_20260709/VPD-OE_Agent/data/raw/ZY/ZY03.xls,现金流量表,97.0,
baf607fb2f9ab6a5,historical_cash_flow,historical_600_unknown_rule,unknown,ZY03,,95,4,2,Buy_ProductLine,production_line_order,capacity,direct_decision,True,"{""line_type"": ""自动线"", ""product_id"": ""P2""}",complete,-50.0,887.0,订购[自动线]生产[P2],observed_history_unknown_rule,src_e3cd51a93aa1,origin data/VPD-OE_Agent_20260709/VPD-OE_Agent/data/raw/ZY/ZY03.xls,现金流量表,98.0,
7e4762b52034b3ef,historical_cash_flow,historical_600_unknown_rule,unknown,ZY03,,96,4,2,Buy_ProductLine,production_line_order,capacity,direct_decision,True,"{""line_type"": ""自动线"", ""product_id"": ""P2""}",complete,-50.0,837.0,订购[自动线]生产[P2],observed_history_unknown_rule,src_e3cd51a93aa1,origin data/VPD-OE_Agent_20260709/VPD-OE_Agent/data/raw/ZY/ZY03.xls,现金流量表,99.0,
b1ccd7fb3503f60c,historical_cash_flow,historical_600_unknown_rule,unknown,ZY03,,97,4,2,Buy_ProductLine,production_line_order,capacity,direct_decision,True,"{""line_type"": ""自动线"", ""product_id"": ""P3""}",complete,-50.0,787.0,订购[自动线]生产[P3],observed_history_unknown_rule,src_e3cd51a93aa1,origin data/VPD-OE_Agent_20260709/VPD-OE_Agent/data/raw/ZY/ZY03.xls,现金流量表,100.0,
a816d5e16f5dfbb5,historical_cash_flow,historical_600_unknown_rule,unknown,ZY03,,98,4,2,Buy_ProductLine,production_line_order,capacity,direct_decision,True,"{""line_type"": ""自动线"", ""product_id"": ""P3""}",complete,-50.0,737.0,订购[自动线]生产[P3],observed_history_unknown_rule,src_e3cd51a93aa1,origin data/VPD-OE_Agent_20260709/VPD-OE_Agent/data/raw/ZY/ZY03.xls,现金流量表,101.0,
abe5476097c1eef4,historical_cash_flow,historical_600_unknown_rule,unknown,ZY03,,99,4,2,Product_Produce,production,production,direct_decision,True,"{""line_assignments"": [{""line_instance_id"": 183, ""product_id"": ""P2""}, {""line_instance_id"": 184, ""product_id"": ""P2""}, {""line_instance_id"": 185, ""product_id"": ""P3""}, {""line_instance_id"": 186, ""product_id"": ""P3""}]}",complete,-40.0,697.0,183:P2 184:P2 185:P3 186:P3,observed_history_unknown_rule,src_e3cd51a93aa1,origin data/VPD-OE_Agent_20260709/VPD-OE_Agent/data/raw/ZY/ZY03.xls,现金流量表,102.0,
0bd7d4710c49eb5b,historical_cash_flow,historical_600_unknown_rule,unknown,ZY03,,100,4,2,Develop_Product,product_development,qualification,direct_decision,True,"{""products"": [""P1"", ""P4""]}",complete,-20.0,677.0,产品生产资格投资: P1 P4,observed_history_unknown_rule,src_e3cd51a93aa1,origin data/VPD-OE_Agent_20260709/VPD-OE_Agent/data/raw/ZY/ZY03.xls,现金流量表,103.0,
4e5be6423f8a18ab,historical_cash_flow,historical_600_unknown_rule,unknown,ZY03,,101,4,2,Renew_Workshop,factory_rent_renewal,capacity,conditional_decision,True,{},not_applicable,-40.0,637.0,厂房续租,observed_history_unknown_rule,src_e3cd51a93aa1,origin data/VPD-OE_Agent_20260709/VPD-OE_Agent/data/raw/ZY/ZY03.xls,现金流量表,104.0,
2f341175b64e5d49,historical_cash_flow,historical_600_unknown_rule,unknown,ZY03,,102,4,2,Pay_Overhaul,administrative_fee,period_close,automatic_settlement,False,{},not_applicable,-10.0,627.0,支付行政管理费,observed_history_unknown_rule,src_e3cd51a93aa1,origin data/VPD-OE_Agent_20260709/VPD-OE_Agent/data/raw/ZY/ZY03.xls,现金流量表,105.0,
a61bb0232dc534a7,historical_cash_flow,historical_600_unknown_rule,unknown,ZY03,,103,4,3,Pay_Short_Loan,short_loan_repayment,finance,committed_settlement,False,{},partial,-324.0,303.0,短贷还本息,observed_history_unknown_rule,src_e3cd51a93aa1,origin data/VPD-OE_Agent_20260709/VPD-OE_Agent/data/raw/ZY/ZY03.xls,现金流量表,106.0,
b7a3ea17012f9f6d,historical_cash_flow,historical_600_unknown_rule,unknown,ZY03,,104,4,3,Short_Loan,short_loan_borrow,finance,conditional_decision,True,"{""principal_wan"": 309, ""term"": 4, ""term_unit"": ""quarter""}",complete,309.0,612.0,申请:4季 309W的短期贷款,observed_history_unknown_rule,src_e3cd51a93aa1,origin data/VPD-OE_Agent_20260709/VPD-OE_Agent/data/raw/ZY/ZY03.xls,现金流量表,107.0,
b017d566ec8a9754,historical_cash_flow,historical_600_unknown_rule,unknown,ZY03,,105,4,3,Pay_Material,material_receipt_payment,procurement,committed_settlement,False,"{""materials"": {""R1"": 2, ""R2"": 2, ""R3"": 4, ""R4"": 2}}",complete,-100.0,512.0,支付原料费 R3:4 R4:2 R1:2 R2:2,observed_history_unknown_rule,src_e3cd51a93aa1,origin data/VPD-OE_Agent_20260709/VPD-OE_Agent/data/raw/ZY/ZY03.xls,现金流量表,108.0,
f1aff41e22cdcb6f,historical_cash_flow,historical_600_unknown_rule,unknown,ZY03,,106,4,3,Invest_ProductLine,production_line_investment,capacity,committed_settlement,False,{},partial,-200.0,312.0,投资在建生产线,observed_history_unknown_rule,src_e3cd51a93aa1,origin data/VPD-OE_Agent_20260709/VPD-OE_Agent/data/raw/ZY/ZY03.xls,现金流量表,109.0,
4f98b671488ec49d,historical_cash_flow,historical_600_unknown_rule,unknown,ZY03,,107,4,3,Product_Produce,production,production,direct_decision,True,"{""line_assignments"": [{""line_instance_id"": 183, ""product_id"": ""P2""}, {""line_instance_id"": 184, ""product_id"": ""P2""}, {""line_instance_id"": 185, ""product_id"": ""P3""}, {""line_instance_id"": 186, ""product_id"": ""P3""}]}",complete,-40.0,272.0,183:P2 184:P2 185:P3 186:P3,observed_history_unknown_rule,src_e3cd51a93aa1,origin data/VPD-OE_Agent_20260709/VPD-OE_Agent/data/raw/ZY/ZY03.xls,现金流量表,110.0,
1697b0b797be9efa,historical_cash_flow,historical_600_unknown_rule,unknown,ZY03,,108,4,3,Buy_Material,material_order,procurement,direct_decision,True,"{""materials"": {""R1"": 2, ""R2"": 2, ""R3"": 8, ""R4"": 4}}",complete,0.0,272.0,订购原料 R1:2 R2:2 R3:8 R4:4,observed_history_unknown_rule,src_e3cd51a93aa1,origin data/VPD-OE_Agent_20260709/VPD-OE_Agent/data/raw/ZY/ZY03.xls,现金流量表,111.0,
8a4c3a4c1b60e84e,historical_cash_flow,historical_600_unknown_rule,unknown,ZY03,,109,4,3,Update_Receivable,receivable_maturity,receivable,automatic_settlement,False,{},not_applicable,584.0,856.0,更新应收款,observed_history_unknown_rule,src_e3cd51a93aa1,origin data/VPD-OE_Agent_20260709/VPD-OE_Agent/data/raw/ZY/ZY03.xls,现金流量表,112.0,
2ae1a6c79127aa11,historical_cash_flow,historical_600_unknown_rule,unknown,ZY03,,110,4,3,Develop_Product,product_development,qualification,direct_decision,True,"{""products"": [""P4""]}",complete,-10.0,846.0,产品生产资格投资: P4,observed_history_unknown_rule,src_e3cd51a93aa1,origin data/VPD-OE_Agent_20260709/VPD-OE_Agent/data/raw/ZY/ZY03.xls,现金流量表,113.0,
230974987d00c52a,historical_cash_flow,historical_600_unknown_rule,unknown,ZY03,,111,4,3,Pay_Overhaul,administrative_fee,period_close,automatic_settlement,False,{},not_applicable,-10.0,836.0,支付行政管理费,observed_history_unknown_rule,src_e3cd51a93aa1,origin data/VPD-OE_Agent_20260709/VPD-OE_Agent/data/raw/ZY/ZY03.xls,现金流量表,114.0,
1d11f481df24a9de,historical_cash_flow,historical_600_unknown_rule,unknown,ZY03,,112,4,4,Pay_Short_Loan,short_loan_repayment,finance,committed_settlement,False,{},partial,-324.0,512.0,短贷还本息,observed_history_unknown_rule,src_e3cd51a93aa1,origin data/VPD-OE_Agent_20260709/VPD-OE_Agent/data/raw/ZY/ZY03.xls,现金流量表,115.0,
c2b2f96381647bf9,historical_cash_flow,historical_600_unknown_rule,unknown,ZY03,,113,4,4,Short_Loan,short_loan_borrow,finance,conditional_decision,True,"{""principal_wan"": 309, ""term"": 4, ""term_unit"": ""quarter""}",complete,309.0,821.0,申请:4季 309W的短期贷款,observed_history_unknown_rule,src_e3cd51a93aa1,origin data/VPD-OE_Agent_20260709/VPD-OE_Agent/data/raw/ZY/ZY03.xls,现金流量表,116.0,
290e6d34b5deb45a,historical_cash_flow,historical_600_unknown_rule,unknown,ZY03,,114,4,4,Pay_Material,material_receipt_payment,procurement,committed_settlement,False,"{""materials"": {""R1"": 2, ""R2"": 2, ""R3"": 4, ""R4"": 2}}",complete,-100.0,721.0,支付原料费 R3:4 R4:2 R1:2 R2:2,observed_history_unknown_rule,src_e3cd51a93aa1,origin data/VPD-OE_Agent_20260709/VPD-OE_Agent/data/raw/ZY/ZY03.xls,现金流量表,117.0,
923382e5fa83021a,historical_cash_flow,historical_600_unknown_rule,unknown,ZY03,,115,4,4,Buy_Material,material_order,procurement,direct_decision,True,"{""materials"": {""R1"": 4, ""R2"": 4, ""R3"": 8, ""R4"": 4}}",complete,0.0,721.0,订购原料 R1:4 R2:4 R3:8 R4:4,observed_history_unknown_rule,src_e3cd51a93aa1,origin data/VPD-OE_Agent_20260709/VPD-OE_Agent/data/raw/ZY/ZY03.xls,现金流量表,118.0,
9e89bccf632fef3a,historical_cash_flow,historical_600_unknown_rule,unknown,ZY03,,116,4,4,Invest_ProductLine,production_line_investment,capacity,committed_settlement,False,{},partial,-200.0,521.0,投资在建生产线,observed_history_unknown_rule,src_e3cd51a93aa1,origin data/VPD-OE_Agent_20260709/VPD-OE_Agent/data/raw/ZY/ZY03.xls,现金流量表,119.0,
9316b85e4df5fbde,historical_cash_flow,historical_600_unknown_rule,unknown,ZY03,,117,4,4,Product_Produce,production,production,direct_decision,True,"{""line_assignments"": [{""line_instance_id"": 183, ""product_id"": ""P2""}, {""line_instance_id"": 184, ""product_id"": ""P2""}, {""line_instance_id"": 185, ""product_id"": ""P3""}, {""line_instance_id"": 186, ""product_id"": ""P3""}]}",complete,-40.0,481.0,183:P2 184:P2 185:P3 186:P3,observed_history_unknown_rule,src_e3cd51a93aa1,origin data/VPD-OE_Agent_20260709/VPD-OE_Agent/data/raw/ZY/ZY03.xls,现金流量表,120.0,
7eaa9ab04bd19d91,historical_cash_flow,historical_600_unknown_rule,unknown,ZY03,,118,4,4,Update_Receivable,receivable_maturity,receivable,automatic_settlement,False,{},not_applicable,262.0,743.0,更新应收款,observed_history_unknown_rule,src_e3cd51a93aa1,origin data/VPD-OE_Agent_20260709/VPD-OE_Agent/data/raw/ZY/ZY03.xls,现金流量表,121.0,
a44a06855ff7523a,historical_cash_flow,historical_600_unknown_rule,unknown,ZY03,,119,4,4,Develop_Market,market_development,qualification,direct_decision,True,"{""markets"": [""国际""]}",complete,-10.0,733.0,"市场开拓资格投资,开发项目:国际",observed_history_unknown_rule,src_e3cd51a93aa1,origin data/VPD-OE_Agent_20260709/VPD-OE_Agent/data/raw/ZY/ZY03.xls,现金流量表,122.0,
b8498fe8cdf10e9a,historical_cash_flow,historical_600_unknown_rule,unknown,ZY03,,120,4,4,Develop_Product,product_development,qualification,direct_decision,True,"{""products"": [""P4""]}",complete,-10.0,723.0,产品生产资格投资: P4,observed_history_unknown_rule,src_e3cd51a93aa1,origin data/VPD-OE_Agent_20260709/VPD-OE_Agent/data/raw/ZY/ZY03.xls,现金流量表,123.0,
526d4d5b6b9627f4,historical_cash_flow,historical_600_unknown_rule,unknown,ZY03,,121,4,4,Pay_Overhaul,administrative_fee,period_close,automatic_settlement,False,{},not_applicable,-10.0,713.0,支付行政管理费,observed_history_unknown_rule,src_e3cd51a93aa1,origin data/VPD-OE_Agent_20260709/VPD-OE_Agent/data/raw/ZY/ZY03.xls,现金流量表,124.0,
cfd73aeadcdab56c,historical_cash_flow,historical_600_unknown_rule,unknown,ZY03,,122,4,4,Pay_Maintenance,maintenance,period_close,automatic_settlement,False,{},not_applicable,-40.0,673.0,支付维护费,observed_history_unknown_rule,src_e3cd51a93aa1,origin data/VPD-OE_Agent_20260709/VPD-OE_Agent/data/raw/ZY/ZY03.xls,现金流量表,125.0,
e4515aa4c6b0b5c5,historical_cash_flow,historical_600_unknown_rule,unknown,ZY03,,123,5,1,Pay_Long_Loan,long_loan_repayment,finance,committed_settlement,False,{},partial,-100.0,573.0,支付长贷本息,observed_history_unknown_rule,src_e3cd51a93aa1,origin data/VPD-OE_Agent_20260709/VPD-OE_Agent/data/raw/ZY/ZY03.xls,现金流量表,126.0,
f046d1b635db09ee,historical_cash_flow,historical_600_unknown_rule,unknown,ZY03,,124,5,1,Pay_AD,advertising,sales,direct_decision,True,{},partial,-22.0,551.0,广告投放,observed_history_unknown_rule,src_e3cd51a93aa1,origin data/VPD-OE_Agent_20260709/VPD-OE_Agent/data/raw/ZY/ZY03.xls,现金流量表,127.0,
458bd55a94a86e13,historical_cash_flow,historical_600_unknown_rule,unknown,ZY03,,125,5,1,Auction_Win,order_award,sales,external_outcome,False,"{""order_id"": ""J51-0021""}",complete,-10.0,541.0,竞单成功，获得订单:J51-0021,observed_history_unknown_rule,src_e3cd51a93aa1,origin data/VPD-OE_Agent_20260709/VPD-OE_Agent/data/raw/ZY/ZY03.xls,现金流量表,128.0,
8a6f8e2e1734f3dd,historical_cash_flow,historical_600_unknown_rule,unknown,ZY03,,126,5,1,Auction_Win,order_award,sales,external_outcome,False,"{""order_id"": ""J52-0022""}",complete,-10.0,531.0,竞单成功，获得订单:J52-0022,observed_history_unknown_rule,src_e3cd51a93aa1,origin data/VPD-OE_Agent_20260709/VPD-OE_Agent/data/raw/ZY/ZY03.xls,现金流量表,129.0,
d4a65966959224c5,historical_cash_flow,historical_600_unknown_rule,unknown,ZY03,,127,5,1,Auction_Win,order_award,sales,external_outcome,False,"{""order_id"": ""J51-0026""}",complete,-10.0,521.0,竞单成功，获得订单:J51-0026,observed_history_unknown_rule,src_e3cd51a93aa1,origin data/VPD-OE_Agent_20260709/VPD-OE_Agent/data/raw/ZY/ZY03.xls,现金流量表,130.0,
ac8ab09b980b88b6,historical_cash_flow,historical_600_unknown_rule,unknown,ZY03,,128,5,1,Auction_Win,order_award,sales,external_outcome,False,"{""order_id"": ""J52-0027""}",complete,-10.0,511.0,竞单成功，获得订单:J52-0027,observed_history_unknown_rule,src_e3cd51a93aa1,origin data/VPD-OE_Agent_20260709/VPD-OE_Agent/data/raw/ZY/ZY03.xls,现金流量表,131.0,
aef6aafd1adec8ac,historical_cash_flow,historical_600_unknown_rule,unknown,ZY03,,129,5,1,Auction_Win,order_award,sales,external_outcome,False,"{""order_id"": ""J53-0029""}",complete,-10.0,501.0,竞单成功，获得订单:J53-0029,observed_history_unknown_rule,src_e3cd51a93aa1,origin data/VPD-OE_Agent_20260709/VPD-OE_Agent/data/raw/ZY/ZY03.xls,现金流量表,132.0,
80eb92c908d4353d,historical_cash_flow,historical_600_unknown_rule,unknown,ZY03,,130,5,1,Long_Loan,long_loan_borrow,finance,conditional_decision,True,"{""principal_wan"": 633, ""term"": 5, ""term_unit"": ""year""}",complete,633.0,1134.0,申请:5年 633W的长期贷款,observed_history_unknown_rule,src_e3cd51a93aa1,origin data/VPD-OE_Agent_20260709/VPD-OE_Agent/data/raw/ZY/ZY03.xls,现金流量表,133.0,
5923d807c5ffe001,historical_cash_flow,historical_600_unknown_rule,unknown,ZY03,,131,5,1,Pay_Material,material_receipt_payment,procurement,committed_settlement,False,"{""materials"": {""R1"": 4, ""R2"": 4, ""R3"": 8, ""R4"": 4}}",complete,-200.0,934.0,支付原料费 R3:8 R4:4 R1:4 R2:4,observed_history_unknown_rule,src_e3cd51a93aa1,origin data/VPD-OE_Agent_20260709/VPD-OE_Agent/data/raw/ZY/ZY03.xls,现金流量表,134.0,
09f356a2ba616927,historical_cash_flow,historical_600_unknown_rule,unknown,ZY03,,132,5,1,Buy_Material,material_order,procurement,direct_decision,True,"{""materials"": {""R1"": 4, ""R2"": 4, ""R3"": 8, ""R4"": 4}}",complete,0.0,934.0,订购原料 R1:4 R2:4 R3:8 R4:4,observed_history_unknown_rule,src_e3cd51a93aa1,origin data/VPD-OE_Agent_20260709/VPD-OE_Agent/data/raw/ZY/ZY03.xls,现金流量表,135.0,
f9ebd8dfd8c9d67d,historical_cash_flow,historical_600_unknown_rule,unknown,ZY03,,133,5,1,Buy_Workshop,factory_purchase,capacity,direct_decision,True,"{""factory_type"": ""大厂房""}",complete,-300.0,634.0,购买[大厂房],observed_history_unknown_rule,src_e3cd51a93aa1,origin data/VPD-OE_Agent_20260709/VPD-OE_Agent/data/raw/ZY/ZY03.xls,现金流量表,136.0,
84a62f4afaf96286,historical_cash_flow,historical_600_unknown_rule,unknown,ZY03,,134,5,1,Buy_ProductLine,production_line_order,capacity,direct_decision,True,"{""line_type"": ""自动线"", ""product_id"": ""P2""}",complete,-50.0,584.0,订购[自动线]生产[P2],observed_history_unknown_rule,src_e3cd51a93aa1,origin data/VPD-OE_Agent_20260709/VPD-OE_Agent/data/raw/ZY/ZY03.xls,现金流量表,137.0,
8cf3f596011c0582,historical_cash_flow,historical_600_unknown_rule,unknown,ZY03,,135,5,1,Buy_ProductLine,production_line_order,capacity,direct_decision,True,"{""line_type"": ""自动线"", ""product_id"": ""P2""}",complete,-50.0,534.0,订购[自动线]生产[P2],observed_history_unknown_rule,src_e3cd51a93aa1,origin data/VPD-OE_Agent_20260709/VPD-OE_Agent/data/raw/ZY/ZY03.xls,现金流量表,138.0,
67984eb70ce24b1b,historical_cash_flow,historical_600_unknown_rule,unknown,ZY03,,136,5,1,Buy_ProductLine,production_line_order,capacity,direct_decision,True,"{""line_type"": ""自动线"", ""product_id"": ""P3""}",complete,-50.0,484.0,订购[自动线]生产[P3],observed_history_unknown_rule,src_e3cd51a93aa1,origin data/VPD-OE_Agent_20260709/VPD-OE_Agent/data/raw/ZY/ZY03.xls,现金流量表,139.0,
82e5a2c44342ca14,historical_cash_flow,historical_600_unknown_rule,unknown,ZY03,,137,5,1,Buy_ProductLine,production_line_order,capacity,direct_decision,True,"{""line_type"": ""自动线"", ""product_id"": ""P3""}",complete,-50.0,434.0,订购[自动线]生产[P3],observed_history_unknown_rule,src_e3cd51a93aa1,origin data/VPD-OE_Agent_20260709/VPD-OE_Agent/data/raw/ZY/ZY03.xls,现金流量表,140.0,
5505068cc5c3441d,historical_cash_flow,historical_600_unknown_rule,unknown,ZY03,,138,5,1,Product_Produce,production,production,direct_decision,True,"{""line_assignments"": [{""line_instance_id"": 183, ""product_id"": ""P2""}, {""line_instance_id"": 184, ""product_id"": ""P2""}, {""line_instance_id"": 185, ""product_id"": ""P3""}, {""line_instance_id"": 186, ""product_id"": ""P3""}, {""line_instance_id"": 241, ""product_id"": ""P2""}, {""line_instance_id"": 242, ""product_id"": ""P2""}, {""line_instance_id"": 243, ""product_id"": ""P3""}, {""line_instance_id"": 244, ""product_id"": ""P3""}]}",complete,-80.0,354.0,183:P2 184:P2 185:P3 186:P3 241:P2 242:P2 243:P3 244:P3,observed_history_unknown_rule,src_e3cd51a93aa1,origin data/VPD-OE_Agent_20260709/VPD-OE_Agent/data/raw/ZY/ZY03.xls,现金流量表,141.0,
605d105d2d0918bd,historical_cash_flow,historical_600_unknown_rule,unknown,ZY03,,139,5,1,Update_Receivable,receivable_maturity,receivable,automatic_settlement,False,{},not_applicable,240.0,594.0,更新应收款,observed_history_unknown_rule,src_e3cd51a93aa1,origin data/VPD-OE_Agent_20260709/VPD-OE_Agent/data/raw/ZY/ZY03.xls,现金流量表,142.0,
3ddabaecc75d8594,historical_cash_flow,historical_600_unknown_rule,unknown,ZY03,,140,5,1,Develop_Product,product_development,qualification,direct_decision,True,"{""products"": [""P4""]}",complete,-10.0,584.0,产品生产资格投资: P4,observed_history_unknown_rule,src_e3cd51a93aa1,origin data/VPD-OE_Agent_20260709/VPD-OE_Agent/data/raw/ZY/ZY03.xls,现金流量表,143.0,
14dd72bf9625973f,historical_cash_flow,historical_600_unknown_rule,unknown,ZY03,,141,5,1,Pay_Overhaul,administrative_fee,period_close,automatic_settlement,False,{},not_applicable,-10.0,574.0,支付行政管理费,observed_history_unknown_rule,src_e3cd51a93aa1,origin data/VPD-OE_Agent_20260709/VPD-OE_Agent/data/raw/ZY/ZY03.xls,现金流量表,144.0,
349fa2240d1e2574,historical_cash_flow,historical_600_unknown_rule,unknown,ZY03,,142,5,2,Pay_Material,material_receipt_payment,procurement,committed_settlement,False,"{""materials"": {""R1"": 4, ""R2"": 4, ""R3"": 8, ""R4"": 4}}",complete,-200.0,374.0,支付原料费 R3:8 R4:4 R1:4 R2:4,observed_history_unknown_rule,src_e3cd51a93aa1,origin data/VPD-OE_Agent_20260709/VPD-OE_Agent/data/raw/ZY/ZY03.xls,现金流量表,145.0,
6d7758a61b82643a,historical_cash_flow,historical_600_unknown_rule,unknown,ZY03,,143,5,2,Product_Produce,production,production,direct_decision,True,"{""line_assignments"": [{""line_instance_id"": 183, ""product_id"": ""P2""}, {""line_instance_id"": 184, ""product_id"": ""P2""}, {""line_instance_id"": 185, ""product_id"": ""P3""}, {""line_instance_id"": 186, ""product_id"": ""P3""}, {""line_instance_id"": 241, ""product_id"": ""P2""}, {""line_instance_id"": 242, ""product_id"": ""P2""}, {""line_instance_id"": 243, ""product_id"": ""P3""}, {""line_instance_id"": 244, ""product_id"": ""P3""}]}",complete,-80.0,294.0,183:P2 184:P2 185:P3 186:P3 241:P2 242:P2 243:P3 244:P3,observed_history_unknown_rule,src_e3cd51a93aa1,origin data/VPD-OE_Agent_20260709/VPD-OE_Agent/data/raw/ZY/ZY03.xls,现金流量表,146.0,
fcadec051acb988a,historical_cash_flow,historical_600_unknown_rule,unknown,ZY03,,144,5,2,Buy_Material,material_order,procurement,direct_decision,True,"{""materials"": {""R1"": 4}}",complete,0.0,294.0,订购原料 R1:4,observed_history_unknown_rule,src_e3cd51a93aa1,origin data/VPD-OE_Agent_20260709/VPD-OE_Agent/data/raw/ZY/ZY03.xls,现金流量表,147.0,
d8fd19a7258bba5f,historical_cash_flow,historical_600_unknown_rule,unknown,ZY03,,145,5,2,Invest_ProductLine,production_line_investment,capacity,committed_settlement,False,{},partial,-200.0,94.0,投资在建生产线,observed_history_unknown_rule,src_e3cd51a93aa1,origin data/VPD-OE_Agent_20260709/VPD-OE_Agent/data/raw/ZY/ZY03.xls,现金流量表,148.0,
1c4c14e63539442a,historical_cash_flow,historical_600_unknown_rule,unknown,ZY03,,146,5,2,Update_Receivable,receivable_maturity,receivable,automatic_settlement,False,{},not_applicable,250.0,344.0,更新应收款,observed_history_unknown_rule,src_e3cd51a93aa1,origin data/VPD-OE_Agent_20260709/VPD-OE_Agent/data/raw/ZY/ZY03.xls,现金流量表,149.0,
05c44ffccdb06615,historical_cash_flow,historical_600_unknown_rule,unknown,ZY03,,147,5,2,Renew_Workshop,factory_rent_renewal,capacity,conditional_decision,True,{},not_applicable,-80.0,264.0,厂房续租,observed_history_unknown_rule,src_e3cd51a93aa1,origin data/VPD-OE_Agent_20260709/VPD-OE_Agent/data/raw/ZY/ZY03.xls,现金流量表,150.0,
798d555753f48bec,historical_cash_flow,historical_600_unknown_rule,unknown,ZY03,,148,5,2,Pay_Overhaul,administrative_fee,period_close,automatic_settlement,False,{},not_applicable,-10.0,254.0,支付行政管理费,observed_history_unknown_rule,src_e3cd51a93aa1,origin data/VPD-OE_Agent_20260709/VPD-OE_Agent/data/raw/ZY/ZY03.xls,现金流量表,151.0,
2301467b54be2baf,historical_cash_flow,historical_600_unknown_rule,unknown,ZY03,,149,5,3,Discount,receivable_discount,receivable,conditional_decision,True,"{""term_1_wan"": 500, ""term_2_wan"": 0, ""term_3_wan"": 0, ""term_4_wan"": 0}",complete,450.0,704.0,"1期贴现:500W,2期贴现:0W,3期贴现:0W,4期贴现:0W",observed_history_unknown_rule,src_e3cd51a93aa1,origin data/VPD-OE_Agent_20260709/VPD-OE_Agent/data/raw/ZY/ZY03.xls,现金流量表,152.0,
e7be820e15113f56,historical_cash_flow,historical_600_unknown_rule,unknown,ZY03,,150,5,3,Pay_Short_Loan,short_loan_repayment,finance,committed_settlement,False,{},partial,-324.0,380.0,短贷还本息,observed_history_unknown_rule,src_e3cd51a93aa1,origin data/VPD-OE_Agent_20260709/VPD-OE_Agent/data/raw/ZY/ZY03.xls,现金流量表,153.0,
09dc55c8c6228462,historical_cash_flow,historical_600_unknown_rule,unknown,ZY03,,151,5,3,Short_Loan,short_loan_borrow,finance,conditional_decision,True,"{""principal_wan"": 309, ""term"": 4, ""term_unit"": ""quarter""}",complete,309.0,689.0,申请:4季 309W的短期贷款,observed_history_unknown_rule,src_e3cd51a93aa1,origin data/VPD-OE_Agent_20260709/VPD-OE_Agent/data/raw/ZY/ZY03.xls,现金流量表,154.0,
286c5a2766abc9fd,historical_cash_flow,historical_600_unknown_rule,unknown,ZY03,,152,5,3,Pay_Material,material_receipt_payment,procurement,committed_settlement,False,"{""materials"": {""R1"": 4, ""R3"": 8, ""R4"": 4}}",complete,-160.0,529.0,支付原料费 R3:8 R4:4 R1:4,observed_history_unknown_rule,src_e3cd51a93aa1,origin data/VPD-OE_Agent_20260709/VPD-OE_Agent/data/raw/ZY/ZY03.xls,现金流量表,155.0,
39cb66cf365bf00f,historical_cash_flow,historical_600_unknown_rule,unknown,ZY03,,153,5,3,Product_Produce,production,production,direct_decision,True,"{""line_assignments"": [{""line_instance_id"": 185, ""product_id"": ""P3""}, {""line_instance_id"": 186, ""product_id"": ""P3""}, {""line_instance_id"": 243, ""product_id"": ""P3""}, {""line_instance_id"": 244, ""product_id"": ""P3""}]}",complete,-40.0,489.0,185:P3 186:P3 243:P3 244:P3,observed_history_unknown_rule,src_e3cd51a93aa1,origin data/VPD-OE_Agent_20260709/VPD-OE_Agent/data/raw/ZY/ZY03.xls,现金流量表,156.0,
44dbec88c60e3af3,historical_cash_flow,historical_600_unknown_rule,unknown,ZY03,,154,5,3,Invest_ProductLine,production_line_investment,capacity,committed_settlement,False,{},partial,-200.0,289.0,投资在建生产线,observed_history_unknown_rule,src_e3cd51a93aa1,origin data/VPD-OE_Agent_20260709/VPD-OE_Agent/data/raw/ZY/ZY03.xls,现金流量表,157.0,
da24182df6140b26,historical_cash_flow,historical_600_unknown_rule,unknown,ZY03,,155,5,3,Update_Receivable,receivable_maturity,receivable,automatic_settlement,False,{},not_applicable,649.0,938.0,更新应收款,observed_history_unknown_rule,src_e3cd51a93aa1,origin data/VPD-OE_Agent_20260709/VPD-OE_Agent/data/raw/ZY/ZY03.xls,现金流量表,158.0,
0a0f9c4de0e7ae77,historical_cash_flow,historical_600_unknown_rule,unknown,ZY03,,156,5,3,Pay_Overhaul,administrative_fee,period_close,automatic_settlement,False,{},not_applicable,-10.0,928.0,支付行政管理费,observed_history_unknown_rule,src_e3cd51a93aa1,origin data/VPD-OE_Agent_20260709/VPD-OE_Agent/data/raw/ZY/ZY03.xls,现金流量表,159.0,
19e273c960519e05,historical_cash_flow,historical_600_unknown_rule,unknown,ZY03,,157,5,4,Pay_Short_Loan,short_loan_repayment,finance,committed_settlement,False,{},partial,-324.0,604.0,短贷还本息,observed_history_unknown_rule,src_e3cd51a93aa1,origin data/VPD-OE_Agent_20260709/VPD-OE_Agent/data/raw/ZY/ZY03.xls,现金流量表,160.0,
cb652c2c62112cb4,historical_cash_flow,historical_600_unknown_rule,unknown,ZY03,,158,5,4,Short_Loan,short_loan_borrow,finance,conditional_decision,True,"{""principal_wan"": 309, ""term"": 4, ""term_unit"": ""quarter""}",complete,309.0,913.0,申请:4季 309W的短期贷款,observed_history_unknown_rule,src_e3cd51a93aa1,origin data/VPD-OE_Agent_20260709/VPD-OE_Agent/data/raw/ZY/ZY03.xls,现金流量表,161.0,
321cacc6a62c613e,historical_cash_flow,historical_600_unknown_rule,unknown,ZY03,,159,5,4,Buy_Workshop,factory_purchase,capacity,direct_decision,True,"{""factory_type"": ""大厂房""}",complete,-300.0,613.0,购买[大厂房],observed_history_unknown_rule,src_e3cd51a93aa1,origin data/VPD-OE_Agent_20260709/VPD-OE_Agent/data/raw/ZY/ZY03.xls,现金流量表,162.0,
f0c7fc1cabe51524,historical_cash_flow,historical_600_unknown_rule,unknown,ZY03,,160,5,4,Update_Receivable,receivable_maturity,receivable,automatic_settlement,False,{},not_applicable,160.0,773.0,更新应收款,observed_history_unknown_rule,src_e3cd51a93aa1,origin data/VPD-OE_Agent_20260709/VPD-OE_Agent/data/raw/ZY/ZY03.xls,现金流量表,163.0,
0007f3a20578cf6c,historical_cash_flow,historical_600_unknown_rule,unknown,ZY03,,161,5,4,RentTOBuy_Workshop,factory_rent_to_buy,capacity,conditional_decision,True,"{""factory_instance_id"": 58, ""factory_type"": ""大厂房""}",complete,-300.0,473.0,大厂房(58)租转买,observed_history_unknown_rule,src_e3cd51a93aa1,origin data/VPD-OE_Agent_20260709/VPD-OE_Agent/data/raw/ZY/ZY03.xls,现金流量表,164.0,
6e4efd23de377989,historical_cash_flow,historical_600_unknown_rule,unknown,ZY03,,162,5,4,RentTOBuy_Workshop,factory_rent_to_buy,capacity,conditional_decision,True,"{""factory_instance_id"": 76, ""factory_type"": ""大厂房""}",complete,-300.0,173.0,大厂房(76)租转买,observed_history_unknown_rule,src_e3cd51a93aa1,origin data/VPD-OE_Agent_20260709/VPD-OE_Agent/data/raw/ZY/ZY03.xls,现金流量表,165.0,
c75c82f2e55b5621,historical_cash_flow,historical_600_unknown_rule,unknown,ZY03,,163,5,4,Pay_Overhaul,administrative_fee,period_close,automatic_settlement,False,{},not_applicable,-10.0,163.0,支付行政管理费,observed_history_unknown_rule,src_e3cd51a93aa1,origin data/VPD-OE_Agent_20260709/VPD-OE_Agent/data/raw/ZY/ZY03.xls,现金流量表,166.0,
478290447ca5b2cf,historical_cash_flow,historical_600_unknown_rule,unknown,ZY03,,164,5,4,Pay_Maintenance,maintenance,period_close,automatic_settlement,False,{},not_applicable,-120.0,43.0,支付维护费,observed_history_unknown_rule,src_e3cd51a93aa1,origin data/VPD-OE_Agent_20260709/VPD-OE_Agent/data/raw/ZY/ZY03.xls,现金流量表,167.0,
18260849c701b4fc,historical_cash_flow,historical_600_unknown_rule,unknown,ZY04,,1,1,1,Pay_Capital,capital_injection,finance,exception_intervention,False,{},not_applicable,600.0,600.0,"公司成立,股东注资",observed_history_unknown_rule,src_158092ee4fdb,origin data/VPD-OE_Agent_20260709/VPD-OE_Agent/data/raw/ZY/ZY04.xls,现金流量表,4.0,
c6049e867ba1fe94,historical_cash_flow,historical_600_unknown_rule,unknown,ZY04,,2,1,1,Long_Loan,long_loan_borrow,finance,conditional_decision,True,"{""principal_wan"": 1000, ""term"": 5, ""term_unit"": ""year""}",complete,1000.0,1600.0,申请:5年 1000W的长期贷款,observed_history_unknown_rule,src_158092ee4fdb,origin data/VPD-OE_Agent_20260709/VPD-OE_Agent/data/raw/ZY/ZY04.xls,现金流量表,5.0,
2ee9011885cdc8cc,historical_cash_flow,historical_600_unknown_rule,unknown,ZY04,,3,1,1,Rent_Workshop,factory_rent,capacity,direct_decision,True,"{""factory_type"": ""大厂房""}",complete,-40.0,1560.0,租用[大厂房],observed_history_unknown_rule,src_158092ee4fdb,origin data/VPD-OE_Agent_20260709/VPD-OE_Agent/data/raw/ZY/ZY04.xls,现金流量表,6.0,
5bf7311ddf07955a,historical_cash_flow,historical_600_unknown_rule,unknown,ZY04,,4,1,1,Develop_Product,product_development,qualification,direct_decision,True,"{""products"": [""P2"", ""P3""]}",complete,-20.0,1540.0,产品生产资格投资: P2 P3,observed_history_unknown_rule,src_158092ee4fdb,origin data/VPD-OE_Agent_20260709/VPD-OE_Agent/data/raw/ZY/ZY04.xls,现金流量表,7.0,
e9d2f620d9a7c943,historical_cash_flow,historical_600_unknown_rule,unknown,ZY04,,5,1,1,Pay_Overhaul,administrative_fee,period_close,automatic_settlement,False,{},not_applicable,-10.0,1530.0,支付行政管理费,observed_history_unknown_rule,src_158092ee4fdb,origin data/VPD-OE_Agent_20260709/VPD-OE_Agent/data/raw/ZY/ZY04.xls,现金流量表,8.0,
2a8f3df2eb0c88cb,historical_cash_flow,historical_600_unknown_rule,unknown,ZY04,,6,1,2,Buy_ProductLine,production_line_order,capacity,direct_decision,True,"{""line_type"": ""自动线"", ""product_id"": ""P2""}",complete,-50.0,1480.0,订购[自动线]生产[P2],observed_history_unknown_rule,src_158092ee4fdb,origin data/VPD-OE_Agent_20260709/VPD-OE_Agent/data/raw/ZY/ZY04.xls,现金流量表,9.0,
5686dac97f1e37d2,historical_cash_flow,historical_600_unknown_rule,unknown,ZY04,,7,1,2,Buy_ProductLine,production_line_order,capacity,direct_decision,True,"{""line_type"": ""自动线"", ""product_id"": ""P2""}",complete,-50.0,1430.0,订购[自动线]生产[P2],observed_history_unknown_rule,src_158092ee4fdb,origin data/VPD-OE_Agent_20260709/VPD-OE_Agent/data/raw/ZY/ZY04.xls,现金流量表,10.0,
041c480060f7ba81,historical_cash_flow,historical_600_unknown_rule,unknown,ZY04,,8,1,2,Buy_ProductLine,production_line_order,capacity,direct_decision,True,"{""line_type"": ""自动线"", ""product_id"": ""P3""}",complete,-50.0,1380.0,订购[自动线]生产[P3],observed_history_unknown_rule,src_158092ee4fdb,origin data/VPD-OE_Agent_20260709/VPD-OE_Agent/data/raw/ZY/ZY04.xls,现金流量表,11.0,
70a422551d3b53d1,historical_cash_flow,historical_600_unknown_rule,unknown,ZY04,,9,1,2,Buy_ProductLine,production_line_order,capacity,direct_decision,True,"{""line_type"": ""自动线"", ""product_id"": ""P3""}",complete,-50.0,1330.0,订购[自动线]生产[P3],observed_history_unknown_rule,src_158092ee4fdb,origin data/VPD-OE_Agent_20260709/VPD-OE_Agent/data/raw/ZY/ZY04.xls,现金流量表,12.0,
9a6a932d94f33f9a,historical_cash_flow,historical_600_unknown_rule,unknown,ZY04,,10,1,2,Develop_Product,product_development,qualification,direct_decision,True,"{""products"": [""P2"", ""P3""]}",complete,-20.0,1310.0,产品生产资格投资: P2 P3,observed_history_unknown_rule,src_158092ee4fdb,origin data/VPD-OE_Agent_20260709/VPD-OE_Agent/data/raw/ZY/ZY04.xls,现金流量表,13.0,
54620e350295ed34,historical_cash_flow,historical_600_unknown_rule,unknown,ZY04,,11,1,2,Pay_Overhaul,administrative_fee,period_close,automatic_settlement,False,{},not_applicable,-10.0,1300.0,支付行政管理费,observed_history_unknown_rule,src_158092ee4fdb,origin data/VPD-OE_Agent_20260709/VPD-OE_Agent/data/raw/ZY/ZY04.xls,现金流量表,14.0,
227283d42fcca511,historical_cash_flow,historical_600_unknown_rule,unknown,ZY04,,12,1,3,Buy_Material,material_order,procurement,direct_decision,True,"{""materials"": {""R3"": 4, ""R4"": 2}}",complete,0.0,1300.0,订购原料 R3:4 R4:2,observed_history_unknown_rule,src_158092ee4fdb,origin data/VPD-OE_Agent_20260709/VPD-OE_Agent/data/raw/ZY/ZY04.xls,现金流量表,15.0,
a5415fa7b8d16bd3,historical_cash_flow,historical_600_unknown_rule,unknown,ZY04,,13,1,3,Invest_ProductLine,production_line_investment,capacity,committed_settlement,False,{},partial,-200.0,1100.0,投资在建生产线,observed_history_unknown_rule,src_158092ee4fdb,origin data/VPD-OE_Agent_20260709/VPD-OE_Agent/data/raw/ZY/ZY04.xls,现金流量表,16.0,
cdc94edf80a4cf76,historical_cash_flow,historical_600_unknown_rule,unknown,ZY04,,14,1,3,Develop_Product,product_development,qualification,direct_decision,True,"{""products"": [""P2"", ""P3""]}",complete,-20.0,1080.0,产品生产资格投资: P2 P3,observed_history_unknown_rule,src_158092ee4fdb,origin data/VPD-OE_Agent_20260709/VPD-OE_Agent/data/raw/ZY/ZY04.xls,现金流量表,17.0,
ee0a94c5eddaeb11,historical_cash_flow,historical_600_unknown_rule,unknown,ZY04,,15,1,3,Pay_Overhaul,administrative_fee,period_close,automatic_settlement,False,{},not_applicable,-10.0,1070.0,支付行政管理费,observed_history_unknown_rule,src_158092ee4fdb,origin data/VPD-OE_Agent_20260709/VPD-OE_Agent/data/raw/ZY/ZY04.xls,现金流量表,18.0,
925de94b9dcf81f8,historical_cash_flow,historical_600_unknown_rule,unknown,ZY04,,16,1,4,Short_Loan,short_loan_borrow,finance,conditional_decision,True,"{""principal_wan"": 300, ""term"": 4, ""term_unit"": ""quarter""}",complete,300.0,1370.0,申请:4季 300W的短期贷款,observed_history_unknown_rule,src_158092ee4fdb,origin data/VPD-OE_Agent_20260709/VPD-OE_Agent/data/raw/ZY/ZY04.xls,现金流量表,19.0,
fff8433db90651ad,historical_cash_flow,historical_600_unknown_rule,unknown,ZY04,,17,1,4,Buy_Material,material_order,procurement,direct_decision,True,"{""materials"": {""R1"": 2, ""R2"": 2, ""R3"": 4, ""R4"": 2}}",complete,0.0,1370.0,订购原料 R1:2 R2:2 R3:4 R4:2,observed_history_unknown_rule,src_158092ee4fdb,origin data/VPD-OE_Agent_20260709/VPD-OE_Agent/data/raw/ZY/ZY04.xls,现金流量表,20.0,
3e3b09012a911368,historical_cash_flow,historical_600_unknown_rule,unknown,ZY04,,18,1,4,Invest_ProductLine,production_line_investment,capacity,committed_settlement,False,{},partial,-200.0,1170.0,投资在建生产线,observed_history_unknown_rule,src_158092ee4fdb,origin data/VPD-OE_Agent_20260709/VPD-OE_Agent/data/raw/ZY/ZY04.xls,现金流量表,21.0,
084454b78c6e47fa,historical_cash_flow,historical_600_unknown_rule,unknown,ZY04,,19,1,4,Develop_Product,product_development,qualification,direct_decision,True,"{""products"": [""P3""]}",complete,-10.0,1160.0,产品生产资格投资: P3,observed_history_unknown_rule,src_158092ee4fdb,origin data/VPD-OE_Agent_20260709/VPD-OE_Agent/data/raw/ZY/ZY04.xls,现金流量表,22.0,
9bad93335f9d05cb,historical_cash_flow,historical_600_unknown_rule,unknown,ZY04,,20,1,4,Develop_Market,market_development,qualification,direct_decision,True,"{""markets"": [""本地"", ""区域"", ""国内"", ""亚洲""]}",complete,-40.0,1120.0,"市场开拓资格投资,开发项目:本地 区域 国内 亚洲",observed_history_unknown_rule,src_158092ee4fdb,origin data/VPD-OE_Agent_20260709/VPD-OE_Agent/data/raw/ZY/ZY04.xls,现金流量表,23.0,
e3e9feeb91b4849e,historical_cash_flow,historical_600_unknown_rule,unknown,ZY04,,21,1,4,Pay_Overhaul,administrative_fee,period_close,automatic_settlement,False,{},not_applicable,-10.0,1110.0,支付行政管理费,observed_history_unknown_rule,src_158092ee4fdb,origin data/VPD-OE_Agent_20260709/VPD-OE_Agent/data/raw/ZY/ZY04.xls,现金流量表,24.0,
52d60743e8d9d954,historical_cash_flow,historical_600_unknown_rule,unknown,ZY04,,22,2,1,Pay_Long_Loan,long_loan_repayment,finance,committed_settlement,False,{},partial,-100.0,1010.0,支付长贷本息,observed_history_unknown_rule,src_158092ee4fdb,origin data/VPD-OE_Agent_20260709/VPD-OE_Agent/data/raw/ZY/ZY04.xls,现金流量表,25.0,
cae8a4e0c50f7ee1,historical_cash_flow,historical_600_unknown_rule,unknown,ZY04,,23,2,1,Pay_AD,advertising,sales,direct_decision,True,{},partial,-68.0,942.0,广告投放,observed_history_unknown_rule,src_158092ee4fdb,origin data/VPD-OE_Agent_20260709/VPD-OE_Agent/data/raw/ZY/ZY04.xls,现金流量表,26.0,
a742bde0e883e284,historical_cash_flow,historical_600_unknown_rule,unknown,ZY04,,24,2,1,Pay_Material,material_receipt_payment,procurement,committed_settlement,False,"{""materials"": {""R1"": 2, ""R2"": 2, ""R3"": 4, ""R4"": 2}}",complete,-100.0,842.0,支付原料费 R3:4 R4:2 R1:2 R2:2,observed_history_unknown_rule,src_158092ee4fdb,origin data/VPD-OE_Agent_20260709/VPD-OE_Agent/data/raw/ZY/ZY04.xls,现金流量表,27.0,
b517018044021e45,historical_cash_flow,historical_600_unknown_rule,unknown,ZY04,,25,2,1,Buy_Material,material_order,procurement,direct_decision,True,"{""materials"": {""R1"": 2, ""R2"": 2, ""R3"": 4, ""R4"": 2}}",complete,0.0,842.0,订购原料 R1:2 R2:2 R3:4 R4:2,observed_history_unknown_rule,src_158092ee4fdb,origin data/VPD-OE_Agent_20260709/VPD-OE_Agent/data/raw/ZY/ZY04.xls,现金流量表,28.0,
93e23cec4a53efa4,historical_cash_flow,historical_600_unknown_rule,unknown,ZY04,,26,2,1,Product_Produce,production,production,direct_decision,True,"{""line_assignments"": [{""line_instance_id"": 156, ""product_id"": ""P2""}, {""line_instance_id"": 157, ""product_id"": ""P2""}, {""line_instance_id"": 158, ""product_id"": ""P3""}, {""line_instance_id"": 159, ""product_id"": ""P3""}]}",complete,-40.0,802.0,156:P2 157:P2 158:P3 159:P3,observed_history_unknown_rule,src_158092ee4fdb,origin data/VPD-OE_Agent_20260709/VPD-OE_Agent/data/raw/ZY/ZY04.xls,现金流量表,29.0,
8fbde9a7ad73cc01,historical_cash_flow,historical_600_unknown_rule,unknown,ZY04,,27,2,1,Renew_Workshop,factory_rent_renewal,capacity,conditional_decision,True,{},not_applicable,-40.0,762.0,厂房续租,observed_history_unknown_rule,src_158092ee4fdb,origin data/VPD-OE_Agent_20260709/VPD-OE_Agent/data/raw/ZY/ZY04.xls,现金流量表,30.0,
498514cfeda79b3a,historical_cash_flow,historical_600_unknown_rule,unknown,ZY04,,28,2,1,Pay_Overhaul,administrative_fee,period_close,automatic_settlement,False,{},not_applicable,-10.0,752.0,支付行政管理费,observed_history_unknown_rule,src_158092ee4fdb,origin data/VPD-OE_Agent_20260709/VPD-OE_Agent/data/raw/ZY/ZY04.xls,现金流量表,31.0,
5fd05cc1f009c23d,historical_cash_flow,historical_600_unknown_rule,unknown,ZY04,,29,2,2,Pay_Material,material_receipt_payment,procurement,committed_settlement,False,"{""materials"": {""R1"": 2, ""R2"": 2, ""R3"": 4, ""R4"": 2}}",complete,-100.0,652.0,支付原料费 R3:4 R4:2 R1:2 R2:2,observed_history_unknown_rule,src_158092ee4fdb,origin data/VPD-OE_Agent_20260709/VPD-OE_Agent/data/raw/ZY/ZY04.xls,现金流量表,32.0,
05b42075b1258485,historical_cash_flow,historical_600_unknown_rule,unknown,ZY04,,30,2,2,Buy_Material,material_order,procurement,direct_decision,True,"{""materials"": {""R1"": 2, ""R2"": 2, ""R3"": 4, ""R4"": 2}}",complete,0.0,652.0,订购原料 R1:2 R2:2 R3:4 R4:2,observed_history_unknown_rule,src_158092ee4fdb,origin data/VPD-OE_Agent_20260709/VPD-OE_Agent/data/raw/ZY/ZY04.xls,现金流量表,33.0,
5fd0d8b832e2f437,historical_cash_flow,historical_600_unknown_rule,unknown,ZY04,,31,2,2,Product_Produce,production,production,direct_decision,True,"{""line_assignments"": [{""line_instance_id"": 156, ""product_id"": ""P2""}, {""line_instance_id"": 157, ""product_id"": ""P2""}, {""line_instance_id"": 158, ""product_id"": ""P3""}, {""line_instance_id"": 159, ""product_id"": ""P3""}]}",complete,-40.0,612.0,156:P2 157:P2 158:P3 159:P3,observed_history_unknown_rule,src_158092ee4fdb,origin data/VPD-OE_Agent_20260709/VPD-OE_Agent/data/raw/ZY/ZY04.xls,现金流量表,34.0,
854010c022670f5e,historical_cash_flow,historical_600_unknown_rule,unknown,ZY04,,32,2,2,Pay_Overhaul,administrative_fee,period_close,automatic_settlement,False,{},not_applicable,-10.0,602.0,支付行政管理费,observed_history_unknown_rule,src_158092ee4fdb,origin data/VPD-OE_Agent_20260709/VPD-OE_Agent/data/raw/ZY/ZY04.xls,现金流量表,35.0,
eee568a93d4bea55,historical_cash_flow,historical_600_unknown_rule,unknown,ZY04,,33,2,3,Pay_Material,material_receipt_payment,procurement,committed_settlement,False,"{""materials"": {""R1"": 2, ""R2"": 2, ""R3"": 4, ""R4"": 2}}",complete,-100.0,502.0,支付原料费 R3:4 R4:2 R1:2 R2:2,observed_history_unknown_rule,src_158092ee4fdb,origin data/VPD-OE_Agent_20260709/VPD-OE_Agent/data/raw/ZY/ZY04.xls,现金流量表,36.0,
f300d89176abc76b,historical_cash_flow,historical_600_unknown_rule,unknown,ZY04,,34,2,3,Buy_Material,material_order,procurement,direct_decision,True,"{""materials"": {""R1"": 2, ""R2"": 2, ""R3"": 4, ""R4"": 2}}",complete,0.0,502.0,订购原料 R1:2 R2:2 R3:4 R4:2,observed_history_unknown_rule,src_158092ee4fdb,origin data/VPD-OE_Agent_20260709/VPD-OE_Agent/data/raw/ZY/ZY04.xls,现金流量表,37.0,
13abf2fe233a2ef2,historical_cash_flow,historical_600_unknown_rule,unknown,ZY04,,35,2,3,Product_Produce,production,production,direct_decision,True,"{""line_assignments"": [{""line_instance_id"": 156, ""product_id"": ""P2""}, {""line_instance_id"": 157, ""product_id"": ""P2""}, {""line_instance_id"": 158, ""product_id"": ""P3""}, {""line_instance_id"": 159, ""product_id"": ""P3""}]}",complete,-40.0,462.0,156:P2 157:P2 158:P3 159:P3,observed_history_unknown_rule,src_158092ee4fdb,origin data/VPD-OE_Agent_20260709/VPD-OE_Agent/data/raw/ZY/ZY04.xls,现金流量表,38.0,
cd6a89022217439a,historical_cash_flow,historical_600_unknown_rule,unknown,ZY04,,36,2,3,Pay_Overhaul,administrative_fee,period_close,automatic_settlement,False,{},not_applicable,-10.0,452.0,支付行政管理费,observed_history_unknown_rule,src_158092ee4fdb,origin data/VPD-OE_Agent_20260709/VPD-OE_Agent/data/raw/ZY/ZY04.xls,现金流量表,39.0,
937f76c9f5877937,historical_cash_flow,historical_600_unknown_rule,unknown,ZY04,,37,2,4,Pay_Short_Loan,short_loan_repayment,finance,committed_settlement,False,{},partial,-315.0,137.0,短贷还本息,observed_history_unknown_rule,src_158092ee4fdb,origin data/VPD-OE_Agent_20260709/VPD-OE_Agent/data/raw/ZY/ZY04.xls,现金流量表,40.0,
1a6a4d7db2eea94c,historical_cash_flow,historical_600_unknown_rule,unknown,ZY04,,38,2,4,Short_Loan,short_loan_borrow,finance,conditional_decision,True,"{""principal_wan"": 228, ""term"": 4, ""term_unit"": ""quarter""}",complete,228.0,365.0,申请:4季 228W的短期贷款,observed_history_unknown_rule,src_158092ee4fdb,origin data/VPD-OE_Agent_20260709/VPD-OE_Agent/data/raw/ZY/ZY04.xls,现金流量表,41.0,
ba0a9ee6f2cd1bc9,historical_cash_flow,historical_600_unknown_rule,unknown,ZY04,,39,2,4,Pay_Material,material_receipt_payment,procurement,committed_settlement,False,"{""materials"": {""R1"": 2, ""R2"": 2, ""R3"": 4, ""R4"": 2}}",complete,-100.0,265.0,支付原料费 R3:4 R4:2 R1:2 R2:2,observed_history_unknown_rule,src_158092ee4fdb,origin data/VPD-OE_Agent_20260709/VPD-OE_Agent/data/raw/ZY/ZY04.xls,现金流量表,42.0,
0511513666344bc7,historical_cash_flow,historical_600_unknown_rule,unknown,ZY04,,40,2,4,Buy_Material,material_order,procurement,direct_decision,True,"{""materials"": {""R1"": 2, ""R2"": 2, ""R3"": 4, ""R4"": 2}}",complete,0.0,265.0,订购原料 R1:2 R2:2 R3:4 R4:2,observed_history_unknown_rule,src_158092ee4fdb,origin data/VPD-OE_Agent_20260709/VPD-OE_Agent/data/raw/ZY/ZY04.xls,现金流量表,43.0,
6f3115abb6908be0,historical_cash_flow,historical_600_unknown_rule,unknown,ZY04,,41,2,4,Product_Produce,production,production,direct_decision,True,"{""line_assignments"": [{""line_instance_id"": 156, ""product_id"": ""P2""}, {""line_instance_id"": 157, ""product_id"": ""P2""}, {""line_instance_id"": 158, ""product_id"": ""P3""}, {""line_instance_id"": 159, ""product_id"": ""P3""}]}",complete,-40.0,225.0,156:P2 157:P2 158:P3 159:P3,observed_history_unknown_rule,src_158092ee4fdb,origin data/VPD-OE_Agent_20260709/VPD-OE_Agent/data/raw/ZY/ZY04.xls,现金流量表,44.0,
b7fb6eb3a9fb099b,historical_cash_flow,historical_600_unknown_rule,unknown,ZY04,,42,2,4,Develop_Market,market_development,qualification,direct_decision,True,"{""markets"": [""国内"", ""亚洲""]}",complete,-20.0,205.0,"市场开拓资格投资,开发项目:国内 亚洲",observed_history_unknown_rule,src_158092ee4fdb,origin data/VPD-OE_Agent_20260709/VPD-OE_Agent/data/raw/ZY/ZY04.xls,现金流量表,45.0,
a6411754a48780a0,historical_cash_flow,historical_600_unknown_rule,unknown,ZY04,,43,2,4,Develop_ISO,iso_development,qualification,direct_decision,True,"{""certifications"": [""ISO14000"", ""ISO9000""]}",complete,-30.0,175.0,"ISO认证资格投资,开发：ISO9000 ISO14000",observed_history_unknown_rule,src_158092ee4fdb,origin data/VPD-OE_Agent_20260709/VPD-OE_Agent/data/raw/ZY/ZY04.xls,现金流量表,46.0,
cd98148c82f4b826,historical_cash_flow,historical_600_unknown_rule,unknown,ZY04,,44,2,4,Pay_Overhaul,administrative_fee,period_close,automatic_settlement,False,{},not_applicable,-10.0,165.0,支付行政管理费,observed_history_unknown_rule,src_158092ee4fdb,origin data/VPD-OE_Agent_20260709/VPD-OE_Agent/data/raw/ZY/ZY04.xls,现金流量表,47.0,
951f19fd5e724ecd,historical_cash_flow,historical_600_unknown_rule,unknown,ZY04,,45,2,4,Pay_Maintenance,maintenance,period_close,automatic_settlement,False,{},not_applicable,-40.0,125.0,支付维护费,observed_history_unknown_rule,src_158092ee4fdb,origin data/VPD-OE_Agent_20260709/VPD-OE_Agent/data/raw/ZY/ZY04.xls,现金流量表,48.0,
0e2126cb46c97db2,historical_cash_flow,historical_600_unknown_rule,unknown,ZY04,,46,3,1,Discount,receivable_discount,receivable,conditional_decision,True,"{""term_1_wan"": 270, ""term_2_wan"": 0, ""term_3_wan"": 0, ""term_4_wan"": 0}",complete,243.0,368.0,"1期贴现:270W,2期贴现:0W,3期贴现:0W,4期贴现:0W",observed_history_unknown_rule,src_158092ee4fdb,origin data/VPD-OE_Agent_20260709/VPD-OE_Agent/data/raw/ZY/ZY04.xls,现金流量表,49.0,
d38a6f7be528ac8c,historical_cash_flow,historical_600_unknown_rule,unknown,ZY04,,47,3,1,Discount,receivable_discount,receivable,conditional_decision,True,"{""term_1_wan"": 0, ""term_2_wan"": 200, ""term_3_wan"": 0, ""term_4_wan"": 0}",complete,180.0,548.0,"1期贴现:0W,2期贴现:200W,3期贴现:0W,4期贴现:0W",observed_history_unknown_rule,src_158092ee4fdb,origin data/VPD-OE_Agent_20260709/VPD-OE_Agent/data/raw/ZY/ZY04.xls,现金流量表,50.0,
13d8d5284444577e,historical_cash_flow,historical_600_unknown_rule,unknown,ZY04,,48,3,1,Pay_Long_Loan,long_loan_repayment,finance,committed_settlement,False,{},partial,-100.0,448.0,支付长贷本息,observed_history_unknown_rule,src_158092ee4fdb,origin data/VPD-OE_Agent_20260709/VPD-OE_Agent/data/raw/ZY/ZY04.xls,现金流量表,51.0,
64d0a98646f791f6,historical_cash_flow,historical_600_unknown_rule,unknown,ZY04,,49,3,1,Pay_AD,advertising,sales,direct_decision,True,{},partial,-164.0,284.0,广告投放,observed_history_unknown_rule,src_158092ee4fdb,origin data/VPD-OE_Agent_20260709/VPD-OE_Agent/data/raw/ZY/ZY04.xls,现金流量表,52.0,
e4adb17c231af984,historical_cash_flow,historical_600_unknown_rule,unknown,ZY04,,50,3,1,Pay_Material,material_receipt_payment,procurement,committed_settlement,False,"{""materials"": {""R1"": 2, ""R2"": 2, ""R3"": 4, ""R4"": 2}}",complete,-100.0,184.0,支付原料费 R3:4 R4:2 R1:2 R2:2,observed_history_unknown_rule,src_158092ee4fdb,origin data/VPD-OE_Agent_20260709/VPD-OE_Agent/data/raw/ZY/ZY04.xls,现金流量表,53.0,
58cec098266f1f82,historical_cash_flow,historical_600_unknown_rule,unknown,ZY04,,51,3,1,Buy_Material,material_order,procurement,direct_decision,True,"{""materials"": {""R1"": 2, ""R2"": 2, ""R3"": 4, ""R4"": 2}}",complete,0.0,184.0,订购原料 R1:2 R2:2 R3:4 R4:2,observed_history_unknown_rule,src_158092ee4fdb,origin data/VPD-OE_Agent_20260709/VPD-OE_Agent/data/raw/ZY/ZY04.xls,现金流量表,54.0,
d98364aa1c63d85a,historical_cash_flow,historical_600_unknown_rule,unknown,ZY04,,52,3,1,Product_Produce,production,production,direct_decision,True,"{""line_assignments"": [{""line_instance_id"": 156, ""product_id"": ""P2""}, {""line_instance_id"": 157, ""product_id"": ""P2""}, {""line_instance_id"": 158, ""product_id"": ""P3""}, {""line_instance_id"": 159, ""product_id"": ""P3""}]}",complete,-40.0,144.0,156:P2 157:P2 158:P3 159:P3,observed_history_unknown_rule,src_158092ee4fdb,origin data/VPD-OE_Agent_20260709/VPD-OE_Agent/data/raw/ZY/ZY04.xls,现金流量表,55.0,
02e2c19b1fabd059,historical_cash_flow,historical_600_unknown_rule,unknown,ZY04,,53,3,1,Update_Receivable,receivable_maturity,receivable,automatic_settlement,False,{},not_applicable,2.0,146.0,更新应收款,observed_history_unknown_rule,src_158092ee4fdb,origin data/VPD-OE_Agent_20260709/VPD-OE_Agent/data/raw/ZY/ZY04.xls,现金流量表,56.0,
5fb68525b9bc9765,historical_cash_flow,historical_600_unknown_rule,unknown,ZY04,,54,3,1,Renew_Workshop,factory_rent_renewal,capacity,conditional_decision,True,{},not_applicable,-40.0,106.0,厂房续租,observed_history_unknown_rule,src_158092ee4fdb,origin data/VPD-OE_Agent_20260709/VPD-OE_Agent/data/raw/ZY/ZY04.xls,现金流量表,57.0,
05acf2430f06fb2b,historical_cash_flow,historical_600_unknown_rule,unknown,ZY04,,55,3,1,Pay_Overhaul,administrative_fee,period_close,automatic_settlement,False,{},not_applicable,-10.0,96.0,支付行政管理费,observed_history_unknown_rule,src_158092ee4fdb,origin data/VPD-OE_Agent_20260709/VPD-OE_Agent/data/raw/ZY/ZY04.xls,现金流量表,58.0,
42e4885e5d916243,historical_cash_flow,historical_600_unknown_rule,unknown,ZY04,,56,3,2,Discount,receivable_discount,receivable,conditional_decision,True,"{""term_1_wan"": 80, ""term_2_wan"": 0, ""term_3_wan"": 0, ""term_4_wan"": 0}",complete,72.0,168.0,"1期贴现:80W,2期贴现:0W,3期贴现:0W,4期贴现:0W",observed_history_unknown_rule,src_158092ee4fdb,origin data/VPD-OE_Agent_20260709/VPD-OE_Agent/data/raw/ZY/ZY04.xls,现金流量表,59.0,
2d6ad9c0a76f14f4,historical_cash_flow,historical_600_unknown_rule,unknown,ZY04,,57,3,2,Pay_Material,material_receipt_payment,procurement,committed_settlement,False,"{""materials"": {""R1"": 2, ""R2"": 2, ""R3"": 4, ""R4"": 2}}",complete,-100.0,68.0,支付原料费 R3:4 R4:2 R1:2 R2:2,observed_history_unknown_rule,src_158092ee4fdb,origin data/VPD-OE_Agent_20260709/VPD-OE_Agent/data/raw/ZY/ZY04.xls,现金流量表,60.0,
10343b8d1375392d,historical_cash_flow,historical_600_unknown_rule,unknown,ZY04,,58,3,2,Buy_Material,material_order,procurement,direct_decision,True,"{""materials"": {""R1"": 2, ""R2"": 2, ""R3"": 4, ""R4"": 2}}",complete,0.0,68.0,订购原料 R1:2 R2:2 R3:4 R4:2,observed_history_unknown_rule,src_158092ee4fdb,origin data/VPD-OE_Agent_20260709/VPD-OE_Agent/data/raw/ZY/ZY04.xls,现金流量表,61.0,
943fb26c37f3faac,historical_cash_flow,historical_600_unknown_rule,unknown,ZY04,,59,3,2,Product_Produce,production,production,direct_decision,True,"{""line_assignments"": [{""line_instance_id"": 156, ""product_id"": ""P2""}, {""line_instance_id"": 157, ""product_id"": ""P2""}, {""line_instance_id"": 158, ""product_id"": ""P3""}, {""line_instance_id"": 159, ""product_id"": ""P3""}]}",complete,-40.0,28.0,156:P2 157:P2 158:P3 159:P3,observed_history_unknown_rule,src_158092ee4fdb,origin data/VPD-OE_Agent_20260709/VPD-OE_Agent/data/raw/ZY/ZY04.xls,现金流量表,62.0,
6faf86f02ab0189a,historical_cash_flow,historical_600_unknown_rule,unknown,ZY04,,60,3,2,Update_Receivable,receivable_maturity,receivable,automatic_settlement,False,{},not_applicable,1.0,29.0,更新应收款,observed_history_unknown_rule,src_158092ee4fdb,origin data/VPD-OE_Agent_20260709/VPD-OE_Agent/data/raw/ZY/ZY04.xls,现金流量表,63.0,
c9b2c38b512c8de6,historical_cash_flow,historical_600_unknown_rule,unknown,ZY04,,61,3,2,Pay_Overhaul,administrative_fee,period_close,automatic_settlement,False,{},not_applicable,-10.0,19.0,支付行政管理费,observed_history_unknown_rule,src_158092ee4fdb,origin data/VPD-OE_Agent_20260709/VPD-OE_Agent/data/raw/ZY/ZY04.xls,现金流量表,64.0,
b515f6ff7ee2b8fd,historical_cash_flow,historical_600_unknown_rule,unknown,ZY04,,62,3,3,Discount,receivable_discount,receivable,conditional_decision,True,"{""term_1_wan"": 100, ""term_2_wan"": 0, ""term_3_wan"": 0, ""term_4_wan"": 0}",complete,90.0,109.0,"1期贴现:100W,2期贴现:0W,3期贴现:0W,4期贴现:0W",observed_history_unknown_rule,src_158092ee4fdb,origin data/VPD-OE_Agent_20260709/VPD-OE_Agent/data/raw/ZY/ZY04.xls,现金流量表,65.0,
b7b0319e70f0be19,historical_cash_flow,historical_600_unknown_rule,unknown,ZY04,,63,3,3,Pay_Material,material_receipt_payment,procurement,committed_settlement,False,"{""materials"": {""R1"": 2, ""R2"": 2, ""R3"": 4, ""R4"": 2}}",complete,-100.0,9.0,支付原料费 R3:4 R4:2 R1:2 R2:2,observed_history_unknown_rule,src_158092ee4fdb,origin data/VPD-OE_Agent_20260709/VPD-OE_Agent/data/raw/ZY/ZY04.xls,现金流量表,66.0,
71035ecc19659423,historical_cash_flow,historical_600_unknown_rule,unknown,ZY04,,64,3,3,Discount,receivable_discount,receivable,conditional_decision,True,"{""term_1_wan"": 100, ""term_2_wan"": 0, ""term_3_wan"": 0, ""term_4_wan"": 0}",complete,90.0,99.0,"1期贴现:100W,2期贴现:0W,3期贴现:0W,4期贴现:0W",observed_history_unknown_rule,src_158092ee4fdb,origin data/VPD-OE_Agent_20260709/VPD-OE_Agent/data/raw/ZY/ZY04.xls,现金流量表,67.0,
bc8f5e59c1bc16b9,historical_cash_flow,historical_600_unknown_rule,unknown,ZY04,,65,3,3,Buy_Material,material_order,procurement,direct_decision,True,"{""materials"": {""R1"": 2, ""R2"": 2, ""R3"": 4, ""R4"": 2}}",complete,0.0,99.0,订购原料 R1:2 R2:2 R3:4 R4:2,observed_history_unknown_rule,src_158092ee4fdb,origin data/VPD-OE_Agent_20260709/VPD-OE_Agent/data/raw/ZY/ZY04.xls,现金流量表,68.0,
144225a8b579e695,historical_cash_flow,historical_600_unknown_rule,unknown,ZY04,,66,3,3,Product_Produce,production,production,direct_decision,True,"{""line_assignments"": [{""line_instance_id"": 156, ""product_id"": ""P2""}, {""line_instance_id"": 157, ""product_id"": ""P2""}, {""line_instance_id"": 158, ""product_id"": ""P3""}, {""line_instance_id"": 159, ""product_id"": ""P3""}]}",complete,-40.0,59.0,156:P2 157:P2 158:P3 159:P3,observed_history_unknown_rule,src_158092ee4fdb,origin data/VPD-OE_Agent_20260709/VPD-OE_Agent/data/raw/ZY/ZY04.xls,现金流量表,69.0,
e979394a0f5d35e6,historical_cash_flow,historical_600_unknown_rule,unknown,ZY04,,67,3,3,Update_Receivable,receivable_maturity,receivable,automatic_settlement,False,{},not_applicable,402.0,461.0,更新应收款,observed_history_unknown_rule,src_158092ee4fdb,origin data/VPD-OE_Agent_20260709/VPD-OE_Agent/data/raw/ZY/ZY04.xls,现金流量表,70.0,
c4567061f5894c95,historical_cash_flow,historical_600_unknown_rule,unknown,ZY04,,68,3,3,Pay_Overhaul,administrative_fee,period_close,automatic_settlement,False,{},not_applicable,-10.0,451.0,支付行政管理费,observed_history_unknown_rule,src_158092ee4fdb,origin data/VPD-OE_Agent_20260709/VPD-OE_Agent/data/raw/ZY/ZY04.xls,现金流量表,71.0,
8cc3f2e32a696eb2,historical_cash_flow,historical_600_unknown_rule,unknown,ZY04,,69,3,4,Pay_Short_Loan,short_loan_repayment,finance,committed_settlement,False,{},partial,-239.0,212.0,短贷还本息,observed_history_unknown_rule,src_158092ee4fdb,origin data/VPD-OE_Agent_20260709/VPD-OE_Agent/data/raw/ZY/ZY04.xls,现金流量表,72.0,
fe893dca35dd8ed5,historical_cash_flow,historical_600_unknown_rule,unknown,ZY04,,70,3,4,Short_Loan,short_loan_borrow,finance,conditional_decision,True,"{""principal_wan"": 108, ""term"": 4, ""term_unit"": ""quarter""}",complete,108.0,320.0,申请:4季 108W的短期贷款,observed_history_unknown_rule,src_158092ee4fdb,origin data/VPD-OE_Agent_20260709/VPD-OE_Agent/data/raw/ZY/ZY04.xls,现金流量表,73.0,
ea145bba4c9d1733,historical_cash_flow,historical_600_unknown_rule,unknown,ZY04,,71,3,4,Pay_Material,material_receipt_payment,procurement,committed_settlement,False,"{""materials"": {""R1"": 2, ""R2"": 2, ""R3"": 4, ""R4"": 2}}",complete,-100.0,220.0,支付原料费 R3:4 R4:2 R1:2 R2:2,observed_history_unknown_rule,src_158092ee4fdb,origin data/VPD-OE_Agent_20260709/VPD-OE_Agent/data/raw/ZY/ZY04.xls,现金流量表,74.0,
41d632b961ec3eae,historical_cash_flow,historical_600_unknown_rule,unknown,ZY04,,72,3,4,Buy_Material,material_order,procurement,direct_decision,True,"{""materials"": {""R1"": 2, ""R2"": 2, ""R3"": 4, ""R4"": 2}}",complete,0.0,220.0,订购原料 R1:2 R2:2 R3:4 R4:2,observed_history_unknown_rule,src_158092ee4fdb,origin data/VPD-OE_Agent_20260709/VPD-OE_Agent/data/raw/ZY/ZY04.xls,现金流量表,75.0,
62c700db0fbe59d7,historical_cash_flow,historical_600_unknown_rule,unknown,ZY04,,73,3,4,Product_Produce,production,production,direct_decision,True,"{""line_assignments"": [{""line_instance_id"": 156, ""product_id"": ""P2""}, {""line_instance_id"": 157, ""product_id"": ""P2""}, {""line_instance_id"": 158, ""product_id"": ""P3""}, {""line_instance_id"": 159, ""product_id"": ""P3""}]}",complete,-40.0,180.0,156:P2 157:P2 158:P3 159:P3,observed_history_unknown_rule,src_158092ee4fdb,origin data/VPD-OE_Agent_20260709/VPD-OE_Agent/data/raw/ZY/ZY04.xls,现金流量表,76.0,
2e172d59268fbd6b,historical_cash_flow,historical_600_unknown_rule,unknown,ZY04,,74,3,4,Develop_Market,market_development,qualification,direct_decision,True,"{""markets"": [""亚洲"", ""国际""]}",complete,-20.0,160.0,"市场开拓资格投资,开发项目:亚洲 国际",observed_history_unknown_rule,src_158092ee4fdb,origin data/VPD-OE_Agent_20260709/VPD-OE_Agent/data/raw/ZY/ZY04.xls,现金流量表,77.0,
52c9d6d61972ab55,historical_cash_flow,historical_600_unknown_rule,unknown,ZY04,,75,3,4,Develop_ISO,iso_development,qualification,direct_decision,True,"{""certifications"": [""ISO14000"", ""ISO9000""]}",complete,-30.0,130.0,"ISO认证资格投资,开发：ISO9000 ISO14000",observed_history_unknown_rule,src_158092ee4fdb,origin data/VPD-OE_Agent_20260709/VPD-OE_Agent/data/raw/ZY/ZY04.xls,现金流量表,78.0,
863bd3f10e73124a,historical_cash_flow,historical_600_unknown_rule,unknown,ZY04,,76,3,4,Pay_Overhaul,administrative_fee,period_close,automatic_settlement,False,{},not_applicable,-10.0,120.0,支付行政管理费,observed_history_unknown_rule,src_158092ee4fdb,origin data/VPD-OE_Agent_20260709/VPD-OE_Agent/data/raw/ZY/ZY04.xls,现金流量表,79.0,
14677308c26234ac,historical_cash_flow,historical_600_unknown_rule,unknown,ZY04,,77,3,4,Pay_Maintenance,maintenance,period_close,automatic_settlement,False,{},not_applicable,-40.0,80.0,支付维护费,observed_history_unknown_rule,src_158092ee4fdb,origin data/VPD-OE_Agent_20260709/VPD-OE_Agent/data/raw/ZY/ZY04.xls,现金流量表,80.0,
1a2a3d82bc3ccb89,historical_cash_flow,historical_600_unknown_rule,unknown,ZY04,,78,4,1,Discount,receivable_discount,receivable,conditional_decision,True,"{""term_1_wan"": 0, ""term_2_wan"": 300, ""term_3_wan"": 0, ""term_4_wan"": 0}",complete,270.0,350.0,"1期贴现:0W,2期贴现:300W,3期贴现:0W,4期贴现:0W",observed_history_unknown_rule,src_158092ee4fdb,origin data/VPD-OE_Agent_20260709/VPD-OE_Agent/data/raw/ZY/ZY04.xls,现金流量表,81.0,
d81e625636b65dd3,historical_cash_flow,historical_600_unknown_rule,unknown,ZY04,,79,4,1,Pay_Long_Loan,long_loan_repayment,finance,committed_settlement,False,{},partial,-100.0,250.0,支付长贷本息,observed_history_unknown_rule,src_158092ee4fdb,origin data/VPD-OE_Agent_20260709/VPD-OE_Agent/data/raw/ZY/ZY04.xls,现金流量表,82.0,
24e90c9c1cf1676b,historical_cash_flow,historical_600_unknown_rule,unknown,ZY04,,80,4,1,Pay_AD,advertising,sales,direct_decision,True,{},partial,-148.0,102.0,广告投放,observed_history_unknown_rule,src_158092ee4fdb,origin data/VPD-OE_Agent_20260709/VPD-OE_Agent/data/raw/ZY/ZY04.xls,现金流量表,83.0,
d95e1dba4f513b79,historical_cash_flow,historical_600_unknown_rule,unknown,ZY04,,81,4,1,Discount,receivable_discount,receivable,conditional_decision,True,"{""term_1_wan"": 0, ""term_2_wan"": 100, ""term_3_wan"": 0, ""term_4_wan"": 0}",complete,90.0,192.0,"1期贴现:0W,2期贴现:100W,3期贴现:0W,4期贴现:0W",observed_history_unknown_rule,src_158092ee4fdb,origin data/VPD-OE_Agent_20260709/VPD-OE_Agent/data/raw/ZY/ZY04.xls,现金流量表,84.0,
ffd0364610f528f2,historical_cash_flow,historical_600_unknown_rule,unknown,ZY04,,82,4,1,Discount,receivable_discount,receivable,conditional_decision,True,"{""term_1_wan"": 0, ""term_2_wan"": 200, ""term_3_wan"": 0, ""term_4_wan"": 0}",complete,180.0,372.0,"1期贴现:0W,2期贴现:200W,3期贴现:0W,4期贴现:0W",observed_history_unknown_rule,src_158092ee4fdb,origin data/VPD-OE_Agent_20260709/VPD-OE_Agent/data/raw/ZY/ZY04.xls,现金流量表,85.0,
0bf6238ac922cb9b,historical_cash_flow,historical_600_unknown_rule,unknown,ZY04,,83,4,1,Pay_Material,material_receipt_payment,procurement,committed_settlement,False,"{""materials"": {""R1"": 2, ""R2"": 2, ""R3"": 4, ""R4"": 2}}",complete,-100.0,272.0,支付原料费 R3:4 R4:2 R1:2 R2:2,observed_history_unknown_rule,src_158092ee4fdb,origin data/VPD-OE_Agent_20260709/VPD-OE_Agent/data/raw/ZY/ZY04.xls,现金流量表,86.0,
47a7dc68a531776f,historical_cash_flow,historical_600_unknown_rule,unknown,ZY04,,84,4,1,Buy_Material,material_order,procurement,direct_decision,True,"{""materials"": {""R1"": 2, ""R2"": 2, ""R3"": 4, ""R4"": 2}}",complete,0.0,272.0,订购原料 R1:2 R2:2 R3:4 R4:2,observed_history_unknown_rule,src_158092ee4fdb,origin data/VPD-OE_Agent_20260709/VPD-OE_Agent/data/raw/ZY/ZY04.xls,现金流量表,87.0,
2e8428a462540429,historical_cash_flow,historical_600_unknown_rule,unknown,ZY04,,85,4,1,Product_Produce,production,production,direct_decision,True,"{""line_assignments"": [{""line_instance_id"": 156, ""product_id"": ""P2""}, {""line_instance_id"": 157, ""product_id"": ""P2""}, {""line_instance_id"": 158, ""product_id"": ""P3""}, {""line_instance_id"": 159, ""product_id"": ""P3""}]}",complete,-40.0,232.0,156:P2 157:P2 158:P3 159:P3,observed_history_unknown_rule,src_158092ee4fdb,origin data/VPD-OE_Agent_20260709/VPD-OE_Agent/data/raw/ZY/ZY04.xls,现金流量表,88.0,
fb933d62aea30aa6,historical_cash_flow,historical_600_unknown_rule,unknown,ZY04,,86,4,1,Renew_Workshop,factory_rent_renewal,capacity,conditional_decision,True,{},not_applicable,-40.0,192.0,厂房续租,observed_history_unknown_rule,src_158092ee4fdb,origin data/VPD-OE_Agent_20260709/VPD-OE_Agent/data/raw/ZY/ZY04.xls,现金流量表,89.0,
b5a2ebd66a84ef17,historical_cash_flow,historical_600_unknown_rule,unknown,ZY04,,87,4,1,Pay_Overhaul,administrative_fee,period_close,automatic_settlement,False,{},not_applicable,-10.0,182.0,支付行政管理费,observed_history_unknown_rule,src_158092ee4fdb,origin data/VPD-OE_Agent_20260709/VPD-OE_Agent/data/raw/ZY/ZY04.xls,现金流量表,90.0,
1e04b54f04242a83,historical_cash_flow,historical_600_unknown_rule,unknown,ZY04,,88,4,2,Pay_Material,material_receipt_payment,procurement,committed_settlement,False,"{""materials"": {""R1"": 2, ""R2"": 2, ""R3"": 4, ""R4"": 2}}",complete,-100.0,82.0,支付原料费 R3:4 R4:2 R1:2 R2:2,observed_history_unknown_rule,src_158092ee4fdb,origin data/VPD-OE_Agent_20260709/VPD-OE_Agent/data/raw/ZY/ZY04.xls,现金流量表,91.0,
cc17fe0e34923545,historical_cash_flow,historical_600_unknown_rule,unknown,ZY04,,89,4,2,Buy_Material,material_order,procurement,direct_decision,True,"{""materials"": {""R1"": 2, ""R2"": 2, ""R3"": 4, ""R4"": 2}}",complete,0.0,82.0,订购原料 R1:2 R2:2 R3:4 R4:2,observed_history_unknown_rule,src_158092ee4fdb,origin data/VPD-OE_Agent_20260709/VPD-OE_Agent/data/raw/ZY/ZY04.xls,现金流量表,92.0,
85813d7545cd71d7,historical_cash_flow,historical_600_unknown_rule,unknown,ZY04,,90,4,2,Product_Produce,production,production,direct_decision,True,"{""line_assignments"": [{""line_instance_id"": 156, ""product_id"": ""P2""}, {""line_instance_id"": 157, ""product_id"": ""P2""}, {""line_instance_id"": 158, ""product_id"": ""P3""}, {""line_instance_id"": 159, ""product_id"": ""P3""}]}",complete,-40.0,42.0,156:P2 157:P2 158:P3 159:P3,observed_history_unknown_rule,src_158092ee4fdb,origin data/VPD-OE_Agent_20260709/VPD-OE_Agent/data/raw/ZY/ZY04.xls,现金流量表,93.0,
d3a7836f2323e0be,historical_cash_flow,historical_600_unknown_rule,unknown,ZY04,,91,4,2,Update_Receivable,receivable_maturity,receivable,automatic_settlement,False,{},not_applicable,258.0,300.0,更新应收款,observed_history_unknown_rule,src_158092ee4fdb,origin data/VPD-OE_Agent_20260709/VPD-OE_Agent/data/raw/ZY/ZY04.xls,现金流量表,94.0,
47d10c10ef3c1693,historical_cash_flow,historical_600_unknown_rule,unknown,ZY04,,92,4,2,Pay_Overhaul,administrative_fee,period_close,automatic_settlement,False,{},not_applicable,-10.0,290.0,支付行政管理费,observed_history_unknown_rule,src_158092ee4fdb,origin data/VPD-OE_Agent_20260709/VPD-OE_Agent/data/raw/ZY/ZY04.xls,现金流量表,95.0,
a66ad957eed35f27,historical_cash_flow,historical_600_unknown_rule,unknown,ZY04,,93,4,3,Pay_Material,material_receipt_payment,procurement,committed_settlement,False,"{""materials"": {""R1"": 2, ""R2"": 2, ""R3"": 4, ""R4"": 2}}",complete,-100.0,190.0,支付原料费 R3:4 R4:2 R1:2 R2:2,observed_history_unknown_rule,src_158092ee4fdb,origin data/VPD-OE_Agent_20260709/VPD-OE_Agent/data/raw/ZY/ZY04.xls,现金流量表,96.0,
af2150530828c902,historical_cash_flow,historical_600_unknown_rule,unknown,ZY04,,94,4,3,Buy_Material,material_order,procurement,direct_decision,True,"{""materials"": {""R1"": 2, ""R2"": 2, ""R3"": 4, ""R4"": 2}}",complete,0.0,190.0,订购原料 R1:2 R2:2 R3:4 R4:2,observed_history_unknown_rule,src_158092ee4fdb,origin data/VPD-OE_Agent_20260709/VPD-OE_Agent/data/raw/ZY/ZY04.xls,现金流量表,97.0,
55a5d95a99e75040,historical_cash_flow,historical_600_unknown_rule,unknown,ZY04,,95,4,3,Product_Produce,production,production,direct_decision,True,"{""line_assignments"": [{""line_instance_id"": 156, ""product_id"": ""P2""}, {""line_instance_id"": 157, ""product_id"": ""P2""}, {""line_instance_id"": 158, ""product_id"": ""P3""}, {""line_instance_id"": 159, ""product_id"": ""P3""}]}",complete,-40.0,150.0,156:P2 157:P2 158:P3 159:P3,observed_history_unknown_rule,src_158092ee4fdb,origin data/VPD-OE_Agent_20260709/VPD-OE_Agent/data/raw/ZY/ZY04.xls,现金流量表,98.0,
faa6baa55de8d3c0,historical_cash_flow,historical_600_unknown_rule,unknown,ZY04,,96,4,3,Pay_Overhaul,administrative_fee,period_close,automatic_settlement,False,{},not_applicable,-10.0,140.0,支付行政管理费,observed_history_unknown_rule,src_158092ee4fdb,origin data/VPD-OE_Agent_20260709/VPD-OE_Agent/data/raw/ZY/ZY04.xls,现金流量表,99.0,
66742b3f3f230897,historical_cash_flow,historical_600_unknown_rule,unknown,ZY04,,97,4,4,Pay_Short_Loan,short_loan_repayment,finance,committed_settlement,False,{},partial,-113.0,27.0,短贷还本息,observed_history_unknown_rule,src_158092ee4fdb,origin data/VPD-OE_Agent_20260709/VPD-OE_Agent/data/raw/ZY/ZY04.xls,现金流量表,100.0,
a611206694263c2b,historical_cash_flow,historical_600_unknown_rule,unknown,ZY04,,98,4,4,Short_Loan,short_loan_borrow,finance,conditional_decision,True,"{""principal_wan"": 200, ""term"": 4, ""term_unit"": ""quarter""}",complete,200.0,227.0,申请:4季 200W的短期贷款,observed_history_unknown_rule,src_158092ee4fdb,origin data/VPD-OE_Agent_20260709/VPD-OE_Agent/data/raw/ZY/ZY04.xls,现金流量表,101.0,
030d183a0392cad0,historical_cash_flow,historical_600_unknown_rule,unknown,ZY04,,99,4,4,Pay_Material,material_receipt_payment,procurement,committed_settlement,False,"{""materials"": {""R1"": 2, ""R2"": 2, ""R3"": 4, ""R4"": 2}}",complete,-100.0,127.0,支付原料费 R3:4 R4:2 R1:2 R2:2,observed_history_unknown_rule,src_158092ee4fdb,origin data/VPD-OE_Agent_20260709/VPD-OE_Agent/data/raw/ZY/ZY04.xls,现金流量表,102.0,
9f9da633a1bc047f,historical_cash_flow,historical_600_unknown_rule,unknown,ZY04,,100,4,4,Buy_Material,material_order,procurement,direct_decision,True,"{""materials"": {""R1"": 2, ""R2"": 2, ""R3"": 4, ""R4"": 2}}",complete,0.0,127.0,订购原料 R1:2 R2:2 R3:4 R4:2,observed_history_unknown_rule,src_158092ee4fdb,origin data/VPD-OE_Agent_20260709/VPD-OE_Agent/data/raw/ZY/ZY04.xls,现金流量表,103.0,
5550a2dfa492210a,historical_cash_flow,historical_600_unknown_rule,unknown,ZY04,,101,4,4,Product_Produce,production,production,direct_decision,True,"{""line_assignments"": [{""line_instance_id"": 156, ""product_id"": ""P2""}, {""line_instance_id"": 157, ""product_id"": ""P2""}, {""line_instance_id"": 158, ""product_id"": ""P3""}, {""line_instance_id"": 159, ""product_id"": ""P3""}]}",complete,-40.0,87.0,156:P2 157:P2 158:P3 159:P3,observed_history_unknown_rule,src_158092ee4fdb,origin data/VPD-OE_Agent_20260709/VPD-OE_Agent/data/raw/ZY/ZY04.xls,现金流量表,104.0,
911b0c894663ab60,historical_cash_flow,historical_600_unknown_rule,unknown,ZY04,,102,4,4,Update_Receivable,receivable_maturity,receivable,automatic_settlement,False,{},not_applicable,341.0,428.0,更新应收款,observed_history_unknown_rule,src_158092ee4fdb,origin data/VPD-OE_Agent_20260709/VPD-OE_Agent/data/raw/ZY/ZY04.xls,现金流量表,105.0,
3f627c20b9691f3b,historical_cash_flow,historical_600_unknown_rule,unknown,ZY04,,103,4,4,Pay_Overhaul,administrative_fee,period_close,automatic_settlement,False,{},not_applicable,-10.0,418.0,支付行政管理费,observed_history_unknown_rule,src_158092ee4fdb,origin data/VPD-OE_Agent_20260709/VPD-OE_Agent/data/raw/ZY/ZY04.xls,现金流量表,106.0,
1742233a0381ff88,historical_cash_flow,historical_600_unknown_rule,unknown,ZY04,,104,4,4,Pay_Maintenance,maintenance,period_close,automatic_settlement,False,{},not_applicable,-40.0,378.0,支付维护费,observed_history_unknown_rule,src_158092ee4fdb,origin data/VPD-OE_Agent_20260709/VPD-OE_Agent/data/raw/ZY/ZY04.xls,现金流量表,107.0,
414c31b404019840,historical_cash_flow,historical_600_unknown_rule,unknown,ZY04,,105,5,1,Pay_Long_Loan,long_loan_repayment,finance,committed_settlement,False,{},partial,-100.0,278.0,支付长贷本息,observed_history_unknown_rule,src_158092ee4fdb,origin data/VPD-OE_Agent_20260709/VPD-OE_Agent/data/raw/ZY/ZY04.xls,现金流量表,108.0,
c3de68e8e67f1133,historical_cash_flow,historical_600_unknown_rule,unknown,ZY04,,106,5,1,Pay_AD,advertising,sales,direct_decision,True,{},partial,-146.0,132.0,广告投放,observed_history_unknown_rule,src_158092ee4fdb,origin data/VPD-OE_Agent_20260709/VPD-OE_Agent/data/raw/ZY/ZY04.xls,现金流量表,109.0,
e1bd6b7f1dc35b47,historical_cash_flow,historical_600_unknown_rule,unknown,ZY04,,107,5,1,Discount,receivable_discount,receivable,conditional_decision,True,"{""term_1_wan"": 10, ""term_2_wan"": 0, ""term_3_wan"": 0, ""term_4_wan"": 0}",complete,9.0,141.0,"1期贴现:10W,2期贴现:0W,3期贴现:0W,4期贴现:0W",observed_history_unknown_rule,src_158092ee4fdb,origin data/VPD-OE_Agent_20260709/VPD-OE_Agent/data/raw/ZY/ZY04.xls,现金流量表,110.0,
cbadc24508b45b5a,historical_cash_flow,historical_600_unknown_rule,unknown,ZY04,,108,5,1,Short_Loan,short_loan_borrow,finance,conditional_decision,True,"{""principal_wan"": 336, ""term"": 4, ""term_unit"": ""quarter""}",complete,336.0,477.0,申请:4季 336W的短期贷款,observed_history_unknown_rule,src_158092ee4fdb,origin data/VPD-OE_Agent_20260709/VPD-OE_Agent/data/raw/ZY/ZY04.xls,现金流量表,111.0,
1d2c9afb1e527a2b,historical_cash_flow,historical_600_unknown_rule,unknown,ZY04,,109,5,1,Pay_Material,material_receipt_payment,procurement,committed_settlement,False,"{""materials"": {""R1"": 2, ""R2"": 2, ""R3"": 4, ""R4"": 2}}",complete,-100.0,377.0,支付原料费 R3:4 R4:2 R1:2 R2:2,observed_history_unknown_rule,src_158092ee4fdb,origin data/VPD-OE_Agent_20260709/VPD-OE_Agent/data/raw/ZY/ZY04.xls,现金流量表,112.0,
3ff115d7226d121c,historical_cash_flow,historical_600_unknown_rule,unknown,ZY04,,110,5,1,Buy_Material,material_order,procurement,direct_decision,True,"{""materials"": {""R1"": 2, ""R2"": 2, ""R3"": 4, ""R4"": 2}}",complete,0.0,377.0,订购原料 R1:2 R2:2 R3:4 R4:2,observed_history_unknown_rule,src_158092ee4fdb,origin data/VPD-OE_Agent_20260709/VPD-OE_Agent/data/raw/ZY/ZY04.xls,现金流量表,113.0,
0c7516f9dfac5d34,historical_cash_flow,historical_600_unknown_rule,unknown,ZY04,,111,5,1,Product_Produce,production,production,direct_decision,True,"{""line_assignments"": [{""line_instance_id"": 156, ""product_id"": ""P2""}, {""line_instance_id"": 157, ""product_id"": ""P2""}, {""line_instance_id"": 158, ""product_id"": ""P3""}, {""line_instance_id"": 159, ""product_id"": ""P3""}]}",complete,-40.0,337.0,156:P2 157:P2 158:P3 159:P3,observed_history_unknown_rule,src_158092ee4fdb,origin data/VPD-OE_Agent_20260709/VPD-OE_Agent/data/raw/ZY/ZY04.xls,现金流量表,114.0,
82ad350b4d01c3ba,historical_cash_flow,historical_600_unknown_rule,unknown,ZY04,,112,5,1,Update_Receivable,receivable_maturity,receivable,automatic_settlement,False,{},not_applicable,324.0,661.0,更新应收款,observed_history_unknown_rule,src_158092ee4fdb,origin data/VPD-OE_Agent_20260709/VPD-OE_Agent/data/raw/ZY/ZY04.xls,现金流量表,115.0,
b6e6188fd8fe03cb,historical_cash_flow,historical_600_unknown_rule,unknown,ZY04,,113,5,1,RentTOBuy_Workshop,factory_rent_to_buy,capacity,conditional_decision,True,"{""factory_instance_id"": 49, ""factory_type"": ""大厂房""}",complete,-300.0,361.0,大厂房(49)租转买,observed_history_unknown_rule,src_158092ee4fdb,origin data/VPD-OE_Agent_20260709/VPD-OE_Agent/data/raw/ZY/ZY04.xls,现金流量表,116.0,
ea2ed577871b5ddf,historical_cash_flow,historical_600_unknown_rule,unknown,ZY04,,114,5,1,Pay_Overhaul,administrative_fee,period_close,automatic_settlement,False,{},not_applicable,-10.0,351.0,支付行政管理费,observed_history_unknown_rule,src_158092ee4fdb,origin data/VPD-OE_Agent_20260709/VPD-OE_Agent/data/raw/ZY/ZY04.xls,现金流量表,117.0,
4c62de2802b62dee,historical_cash_flow,historical_600_unknown_rule,unknown,ZY04,,115,5,2,Pay_Material,material_receipt_payment,procurement,committed_settlement,False,"{""materials"": {""R1"": 2, ""R2"": 2, ""R3"": 4, ""R4"": 2}}",complete,-100.0,251.0,支付原料费 R3:4 R4:2 R1:2 R2:2,observed_history_unknown_rule,src_158092ee4fdb,origin data/VPD-OE_Agent_20260709/VPD-OE_Agent/data/raw/ZY/ZY04.xls,现金流量表,118.0,
b63cb0dd0eff3f6e,historical_cash_flow,historical_600_unknown_rule,unknown,ZY04,,116,5,2,Buy_Material,material_order,procurement,direct_decision,True,"{""materials"": {""R1"": 2, ""R2"": 2}}",complete,0.0,251.0,订购原料 R1:2 R2:2,observed_history_unknown_rule,src_158092ee4fdb,origin data/VPD-OE_Agent_20260709/VPD-OE_Agent/data/raw/ZY/ZY04.xls,现金流量表,119.0,
49fc665f63c96269,historical_cash_flow,historical_600_unknown_rule,unknown,ZY04,,117,5,2,Product_Produce,production,production,direct_decision,True,"{""line_assignments"": [{""line_instance_id"": 156, ""product_id"": ""P2""}, {""line_instance_id"": 157, ""product_id"": ""P2""}, {""line_instance_id"": 158, ""product_id"": ""P3""}, {""line_instance_id"": 159, ""product_id"": ""P3""}]}",complete,-40.0,211.0,156:P2 157:P2 158:P3 159:P3,observed_history_unknown_rule,src_158092ee4fdb,origin data/VPD-OE_Agent_20260709/VPD-OE_Agent/data/raw/ZY/ZY04.xls,现金流量表,120.0,
dd3c646d94b1c72d,historical_cash_flow,historical_600_unknown_rule,unknown,ZY04,,118,5,2,Update_Receivable,receivable_maturity,receivable,automatic_settlement,False,{},not_applicable,430.0,641.0,更新应收款,observed_history_unknown_rule,src_158092ee4fdb,origin data/VPD-OE_Agent_20260709/VPD-OE_Agent/data/raw/ZY/ZY04.xls,现金流量表,121.0,
b4f46b1bd2f4362d,historical_cash_flow,historical_600_unknown_rule,unknown,ZY04,,119,5,2,Develop_Product,product_development,qualification,direct_decision,True,"{""products"": [""P1""]}",complete,-10.0,631.0,产品生产资格投资: P1,observed_history_unknown_rule,src_158092ee4fdb,origin data/VPD-OE_Agent_20260709/VPD-OE_Agent/data/raw/ZY/ZY04.xls,现金流量表,122.0,
38bb9f121f4eb650,historical_cash_flow,historical_600_unknown_rule,unknown,ZY04,,120,5,2,Pay_Overhaul,administrative_fee,period_close,automatic_settlement,False,{},not_applicable,-10.0,621.0,支付行政管理费,observed_history_unknown_rule,src_158092ee4fdb,origin data/VPD-OE_Agent_20260709/VPD-OE_Agent/data/raw/ZY/ZY04.xls,现金流量表,123.0,
85d1d3a91a6cdb0b,historical_cash_flow,historical_600_unknown_rule,unknown,ZY04,,121,5,3,Pay_Material,material_receipt_payment,procurement,committed_settlement,False,"{""materials"": {""R1"": 2, ""R2"": 2, ""R3"": 4, ""R4"": 2}}",complete,-100.0,521.0,支付原料费 R3:4 R4:2 R1:2 R2:2,observed_history_unknown_rule,src_158092ee4fdb,origin data/VPD-OE_Agent_20260709/VPD-OE_Agent/data/raw/ZY/ZY04.xls,现金流量表,124.0,
1a4cf90221ffc9d1,historical_cash_flow,historical_600_unknown_rule,unknown,ZY04,,122,5,3,Product_Produce,production,production,direct_decision,True,"{""line_assignments"": [{""line_instance_id"": 156, ""product_id"": ""P2""}, {""line_instance_id"": 157, ""product_id"": ""P2""}, {""line_instance_id"": 158, ""product_id"": ""P3""}, {""line_instance_id"": 159, ""product_id"": ""P3""}]}",complete,-40.0,481.0,156:P2 157:P2 158:P3 159:P3,observed_history_unknown_rule,src_158092ee4fdb,origin data/VPD-OE_Agent_20260709/VPD-OE_Agent/data/raw/ZY/ZY04.xls,现金流量表,125.0,
17522c2fefdfc35f,historical_cash_flow,historical_600_unknown_rule,unknown,ZY04,,123,5,3,Buy_Workshop,factory_purchase,capacity,direct_decision,True,"{""factory_type"": ""大厂房""}",complete,-300.0,181.0,购买[大厂房],observed_history_unknown_rule,src_158092ee4fdb,origin data/VPD-OE_Agent_20260709/VPD-OE_Agent/data/raw/ZY/ZY04.xls,现金流量表,126.0,
480ef4bb51560dae,historical_cash_flow,historical_600_unknown_rule,unknown,ZY04,,124,5,3,Update_Receivable,receivable_maturity,receivable,automatic_settlement,False,{},not_applicable,131.0,312.0,更新应收款,observed_history_unknown_rule,src_158092ee4fdb,origin data/VPD-OE_Agent_20260709/VPD-OE_Agent/data/raw/ZY/ZY04.xls,现金流量表,127.0,
f70740d24b1109c4,historical_cash_flow,historical_600_unknown_rule,unknown,ZY04,,125,5,3,Develop_Product,product_development,qualification,direct_decision,True,"{""products"": [""P1""]}",complete,-10.0,302.0,产品生产资格投资: P1,observed_history_unknown_rule,src_158092ee4fdb,origin data/VPD-OE_Agent_20260709/VPD-OE_Agent/data/raw/ZY/ZY04.xls,现金流量表,128.0,
ce6b7eb048e9bfe2,historical_cash_flow,historical_600_unknown_rule,unknown,ZY04,,126,5,3,Pay_Overhaul,administrative_fee,period_close,automatic_settlement,False,{},not_applicable,-10.0,292.0,支付行政管理费,observed_history_unknown_rule,src_158092ee4fdb,origin data/VPD-OE_Agent_20260709/VPD-OE_Agent/data/raw/ZY/ZY04.xls,现金流量表,129.0,
95b64ea8c26ffa66,historical_cash_flow,historical_600_unknown_rule,unknown,ZY04,,127,5,4,Pay_Short_Loan,short_loan_repayment,finance,committed_settlement,False,{},partial,-210.0,82.0,短贷还本息,observed_history_unknown_rule,src_158092ee4fdb,origin data/VPD-OE_Agent_20260709/VPD-OE_Agent/data/raw/ZY/ZY04.xls,现金流量表,130.0,
692e43e540138c2e,historical_cash_flow,historical_600_unknown_rule,unknown,ZY04,,128,5,4,Short_Loan,short_loan_borrow,finance,conditional_decision,True,"{""principal_wan"": 200, ""term"": 4, ""term_unit"": ""quarter""}",complete,200.0,282.0,申请:4季 200W的短期贷款,observed_history_unknown_rule,src_158092ee4fdb,origin data/VPD-OE_Agent_20260709/VPD-OE_Agent/data/raw/ZY/ZY04.xls,现金流量表,131.0,
c67d4d7b49fc80a8,historical_cash_flow,historical_600_unknown_rule,unknown,ZY04,,129,5,4,Buy_ProductLine,production_line_order,capacity,direct_decision,True,"{""line_type"": ""手工线"", ""product_id"": ""P1""}",complete,-50.0,232.0,订购[手工线]生产[P1],observed_history_unknown_rule,src_158092ee4fdb,origin data/VPD-OE_Agent_20260709/VPD-OE_Agent/data/raw/ZY/ZY04.xls,现金流量表,132.0,
8a7a83f4aae92b0f,historical_cash_flow,historical_600_unknown_rule,unknown,ZY04,,130,5,4,Buy_ProductLine,production_line_order,capacity,direct_decision,True,"{""line_type"": ""手工线"", ""product_id"": ""P1""}",complete,-50.0,182.0,订购[手工线]生产[P1],observed_history_unknown_rule,src_158092ee4fdb,origin data/VPD-OE_Agent_20260709/VPD-OE_Agent/data/raw/ZY/ZY04.xls,现金流量表,133.0,
a929fc5a63edc28d,historical_cash_flow,historical_600_unknown_rule,unknown,ZY04,,131,5,4,Buy_ProductLine,production_line_order,capacity,direct_decision,True,"{""line_type"": ""手工线"", ""product_id"": ""P1""}",complete,-50.0,132.0,订购[手工线]生产[P1],observed_history_unknown_rule,src_158092ee4fdb,origin data/VPD-OE_Agent_20260709/VPD-OE_Agent/data/raw/ZY/ZY04.xls,现金流量表,134.0,
333e93c90a9aa0fa,historical_cash_flow,historical_600_unknown_rule,unknown,ZY04,,132,5,4,Buy_ProductLine,production_line_order,capacity,direct_decision,True,"{""line_type"": ""手工线"", ""product_id"": ""P1""}",complete,-50.0,82.0,订购[手工线]生产[P1],observed_history_unknown_rule,src_158092ee4fdb,origin data/VPD-OE_Agent_20260709/VPD-OE_Agent/data/raw/ZY/ZY04.xls,现金流量表,135.0,
6184e44ec55433c5,historical_cash_flow,historical_600_unknown_rule,unknown,ZY04,,133,5,4,Update_Receivable,receivable_maturity,receivable,automatic_settlement,False,{},not_applicable,422.0,504.0,更新应收款,observed_history_unknown_rule,src_158092ee4fdb,origin data/VPD-OE_Agent_20260709/VPD-OE_Agent/data/raw/ZY/ZY04.xls,现金流量表,136.0,
223fc701fcea9434,historical_cash_flow,historical_600_unknown_rule,unknown,ZY04,,134,5,4,Pay_Overhaul,administrative_fee,period_close,automatic_settlement,False,{},not_applicable,-10.0,494.0,支付行政管理费,observed_history_unknown_rule,src_158092ee4fdb,origin data/VPD-OE_Agent_20260709/VPD-OE_Agent/data/raw/ZY/ZY04.xls,现金流量表,137.0,
7c78fe5fbea0d1cb,historical_cash_flow,historical_600_unknown_rule,unknown,ZY04,,135,5,4,Pay_Maintenance,maintenance,period_close,automatic_settlement,False,{},not_applicable,-80.0,414.0,支付维护费,observed_history_unknown_rule,src_158092ee4fdb,origin data/VPD-OE_Agent_20260709/VPD-OE_Agent/data/raw/ZY/ZY04.xls,现金流量表,138.0,
c7ab9896ab9789b7,historical_cash_flow,historical_600_unknown_rule,unknown,ZY05,,1,1,1,Pay_Capital,capital_injection,finance,exception_intervention,False,{},not_applicable,600.0,600.0,"公司成立,股东注资",observed_history_unknown_rule,src_33c96cbd4d19,origin data/VPD-OE_Agent_20260709/VPD-OE_Agent/data/raw/ZY/ZY05.xls,现金流量表,4.0,
f1dabbadd1485d30,historical_cash_flow,historical_600_unknown_rule,unknown,ZY05,,2,1,1,Long_Loan,long_loan_borrow,finance,conditional_decision,True,"{""principal_wan"": 454, ""term"": 5, ""term_unit"": ""year""}",complete,454.0,1054.0,申请:5年 454W的长期贷款,observed_history_unknown_rule,src_33c96cbd4d19,origin data/VPD-OE_Agent_20260709/VPD-OE_Agent/data/raw/ZY/ZY05.xls,现金流量表,5.0,
ba4df7449f9821ed,historical_cash_flow,historical_600_unknown_rule,unknown,ZY05,,3,1,1,Rent_Workshop,factory_rent,capacity,direct_decision,True,"{""factory_type"": ""大厂房""}",complete,-40.0,1014.0,租用[大厂房],observed_history_unknown_rule,src_33c96cbd4d19,origin data/VPD-OE_Agent_20260709/VPD-OE_Agent/data/raw/ZY/ZY05.xls,现金流量表,6.0,
5e9c7ebc3c20dd78,historical_cash_flow,historical_600_unknown_rule,unknown,ZY05,,4,1,1,Buy_ProductLine,production_line_order,capacity,direct_decision,True,"{""line_type"": ""自动线"", ""product_id"": ""P2""}",complete,-50.0,964.0,订购[自动线]生产[P2],observed_history_unknown_rule,src_33c96cbd4d19,origin data/VPD-OE_Agent_20260709/VPD-OE_Agent/data/raw/ZY/ZY05.xls,现金流量表,7.0,
d5ddce3d0847d452,historical_cash_flow,historical_600_unknown_rule,unknown,ZY05,,5,1,1,Buy_ProductLine,production_line_order,capacity,direct_decision,True,"{""line_type"": ""自动线"", ""product_id"": ""P2""}",complete,-50.0,914.0,订购[自动线]生产[P2],observed_history_unknown_rule,src_33c96cbd4d19,origin data/VPD-OE_Agent_20260709/VPD-OE_Agent/data/raw/ZY/ZY05.xls,现金流量表,8.0,
a60bdbb52db58e39,historical_cash_flow,historical_600_unknown_rule,unknown,ZY05,,6,1,1,Buy_ProductLine,production_line_order,capacity,direct_decision,True,"{""line_type"": ""自动线"", ""product_id"": ""P3""}",complete,-50.0,864.0,订购[自动线]生产[P3],observed_history_unknown_rule,src_33c96cbd4d19,origin data/VPD-OE_Agent_20260709/VPD-OE_Agent/data/raw/ZY/ZY05.xls,现金流量表,9.0,
3752a46625b9c8fe,historical_cash_flow,historical_600_unknown_rule,unknown,ZY05,,7,1,1,Buy_ProductLine,production_line_order,capacity,direct_decision,True,"{""line_type"": ""自动线"", ""product_id"": ""P3""}",complete,-50.0,814.0,订购[自动线]生产[P3],observed_history_unknown_rule,src_33c96cbd4d19,origin data/VPD-OE_Agent_20260709/VPD-OE_Agent/data/raw/ZY/ZY05.xls,现金流量表,10.0,
0c39c08b0682d741,historical_cash_flow,historical_600_unknown_rule,unknown,ZY05,,8,1,1,Develop_Product,product_development,qualification,direct_decision,True,"{""products"": [""P2"", ""P3""]}",complete,-20.0,794.0,产品生产资格投资: P2 P3,observed_history_unknown_rule,src_33c96cbd4d19,origin data/VPD-OE_Agent_20260709/VPD-OE_Agent/data/raw/ZY/ZY05.xls,现金流量表,11.0,
a6d0f347dab7490a,historical_cash_flow,historical_600_unknown_rule,unknown,ZY05,,9,1,1,Pay_Overhaul,administrative_fee,period_close,automatic_settlement,False,{},not_applicable,-10.0,784.0,支付行政管理费,observed_history_unknown_rule,src_33c96cbd4d19,origin data/VPD-OE_Agent_20260709/VPD-OE_Agent/data/raw/ZY/ZY05.xls,现金流量表,12.0,
716d89cfd0c3dcc6,historical_cash_flow,historical_600_unknown_rule,unknown,ZY05,,10,1,2,Invest_ProductLine,production_line_investment,capacity,committed_settlement,False,{},partial,-200.0,584.0,投资在建生产线,observed_history_unknown_rule,src_33c96cbd4d19,origin data/VPD-OE_Agent_20260709/VPD-OE_Agent/data/raw/ZY/ZY05.xls,现金流量表,13.0,
e587ab446831afd2,historical_cash_flow,historical_600_unknown_rule,unknown,ZY05,,11,1,2,Develop_Product,product_development,qualification,direct_decision,True,"{""products"": [""P2"", ""P3""]}",complete,-20.0,564.0,产品生产资格投资: P2 P3,observed_history_unknown_rule,src_33c96cbd4d19,origin data/VPD-OE_Agent_20260709/VPD-OE_Agent/data/raw/ZY/ZY05.xls,现金流量表,14.0,
a0290884327d74e9,historical_cash_flow,historical_600_unknown_rule,unknown,ZY05,,12,1,2,Pay_Overhaul,administrative_fee,period_close,automatic_settlement,False,{},not_applicable,-10.0,554.0,支付行政管理费,observed_history_unknown_rule,src_33c96cbd4d19,origin data/VPD-OE_Agent_20260709/VPD-OE_Agent/data/raw/ZY/ZY05.xls,现金流量表,15.0,
4cc0fd84156a53c5,historical_cash_flow,historical_600_unknown_rule,unknown,ZY05,,13,1,3,Buy_Material,material_order,procurement,direct_decision,True,"{""materials"": {""R3"": 4, ""R4"": 2}}",complete,0.0,554.0,订购原料 R3:4 R4:2,observed_history_unknown_rule,src_33c96cbd4d19,origin data/VPD-OE_Agent_20260709/VPD-OE_Agent/data/raw/ZY/ZY05.xls,现金流量表,16.0,
4f8893bf21791438,historical_cash_flow,historical_600_unknown_rule,unknown,ZY05,,14,1,3,Develop_Product,product_development,qualification,direct_decision,True,"{""products"": [""P2"", ""P3""]}",complete,-20.0,534.0,产品生产资格投资: P2 P3,observed_history_unknown_rule,src_33c96cbd4d19,origin data/VPD-OE_Agent_20260709/VPD-OE_Agent/data/raw/ZY/ZY05.xls,现金流量表,17.0,
2f1693e3fbd8e36a,historical_cash_flow,historical_600_unknown_rule,unknown,ZY05,,15,1,3,Pay_Overhaul,administrative_fee,period_close,automatic_settlement,False,{},not_applicable,-10.0,524.0,支付行政管理费,observed_history_unknown_rule,src_33c96cbd4d19,origin data/VPD-OE_Agent_20260709/VPD-OE_Agent/data/raw/ZY/ZY05.xls,现金流量表,18.0,
1866dd6d558ed548,historical_cash_flow,historical_600_unknown_rule,unknown,ZY05,,16,1,4,Buy_Material,material_order,procurement,direct_decision,True,"{""materials"": {""R1"": 2, ""R2"": 2, ""R3"": 4, ""R4"": 2}}",complete,0.0,524.0,订购原料 R1:2 R2:2 R3:4 R4:2,observed_history_unknown_rule,src_33c96cbd4d19,origin data/VPD-OE_Agent_20260709/VPD-OE_Agent/data/raw/ZY/ZY05.xls,现金流量表,19.0,
f0ec240e58b29782,historical_cash_flow,historical_600_unknown_rule,unknown,ZY05,,17,1,4,Invest_ProductLine,production_line_investment,capacity,committed_settlement,False,{},partial,-200.0,324.0,投资在建生产线,observed_history_unknown_rule,src_33c96cbd4d19,origin data/VPD-OE_Agent_20260709/VPD-OE_Agent/data/raw/ZY/ZY05.xls,现金流量表,20.0,
43b9b7bcf3a7c830,historical_cash_flow,historical_600_unknown_rule,unknown,ZY05,,18,1,4,Develop_Product,product_development,qualification,direct_decision,True,"{""products"": [""P3""]}",complete,-10.0,314.0,产品生产资格投资: P3,observed_history_unknown_rule,src_33c96cbd4d19,origin data/VPD-OE_Agent_20260709/VPD-OE_Agent/data/raw/ZY/ZY05.xls,现金流量表,21.0,
45a1859902880afe,historical_cash_flow,historical_600_unknown_rule,unknown,ZY05,,19,1,4,Develop_ISO,iso_development,qualification,direct_decision,True,"{""certifications"": [""ISO14000"", ""ISO9000""]}",complete,-30.0,284.0,"ISO认证资格投资,开发：ISO9000 ISO14000",observed_history_unknown_rule,src_33c96cbd4d19,origin data/VPD-OE_Agent_20260709/VPD-OE_Agent/data/raw/ZY/ZY05.xls,现金流量表,22.0,
ec0447b50e387749,historical_cash_flow,historical_600_unknown_rule,unknown,ZY05,,20,1,4,Develop_Market,market_development,qualification,direct_decision,True,"{""markets"": [""本地"", ""区域"", ""国内"", ""亚洲"", ""国际""]}",complete,-50.0,234.0,"市场开拓资格投资,开发项目:本地 区域 国内 亚洲 国际",observed_history_unknown_rule,src_33c96cbd4d19,origin data/VPD-OE_Agent_20260709/VPD-OE_Agent/data/raw/ZY/ZY05.xls,现金流量表,23.0,
f04ba199a682e5da,historical_cash_flow,historical_600_unknown_rule,unknown,ZY05,,21,1,4,Pay_Overhaul,administrative_fee,period_close,automatic_settlement,False,{},not_applicable,-10.0,224.0,支付行政管理费,observed_history_unknown_rule,src_33c96cbd4d19,origin data/VPD-OE_Agent_20260709/VPD-OE_Agent/data/raw/ZY/ZY05.xls,现金流量表,24.0,
c2569d852639daa5,historical_cash_flow,historical_600_unknown_rule,unknown,ZY05,,22,2,1,Pay_Long_Loan,long_loan_repayment,finance,committed_settlement,False,{},partial,-45.0,179.0,支付长贷本息,observed_history_unknown_rule,src_33c96cbd4d19,origin data/VPD-OE_Agent_20260709/VPD-OE_Agent/data/raw/ZY/ZY05.xls,现金流量表,25.0,
1256981c5a2d01b9,historical_cash_flow,historical_600_unknown_rule,unknown,ZY05,,23,2,1,Pay_AD,advertising,sales,direct_decision,True,{},partial,-77.0,102.0,广告投放,observed_history_unknown_rule,src_33c96cbd4d19,origin data/VPD-OE_Agent_20260709/VPD-OE_Agent/data/raw/ZY/ZY05.xls,现金流量表,26.0,
60dae4f47453b1e6,historical_cash_flow,historical_600_unknown_rule,unknown,ZY05,,24,2,1,Long_Loan,long_loan_borrow,finance,conditional_decision,True,"{""principal_wan"": 504, ""term"": 5, ""term_unit"": ""year""}",complete,504.0,606.0,申请:5年 504W的长期贷款,observed_history_unknown_rule,src_33c96cbd4d19,origin data/VPD-OE_Agent_20260709/VPD-OE_Agent/data/raw/ZY/ZY05.xls,现金流量表,27.0,
065559e512e068b1,historical_cash_flow,historical_600_unknown_rule,unknown,ZY05,,25,2,1,Pay_Material,material_receipt_payment,procurement,committed_settlement,False,"{""materials"": {""R1"": 2, ""R2"": 2, ""R3"": 4, ""R4"": 2}}",complete,-100.0,506.0,支付原料费 R3:4 R4:2 R1:2 R2:2,observed_history_unknown_rule,src_33c96cbd4d19,origin data/VPD-OE_Agent_20260709/VPD-OE_Agent/data/raw/ZY/ZY05.xls,现金流量表,28.0,
59438c5a3f5ac74e,historical_cash_flow,historical_600_unknown_rule,unknown,ZY05,,26,2,1,Buy_Material,material_order,procurement,direct_decision,True,"{""materials"": {""R1"": 2, ""R2"": 2, ""R3"": 4, ""R4"": 2}}",complete,0.0,506.0,订购原料 R1:2 R2:2 R3:4 R4:2,observed_history_unknown_rule,src_33c96cbd4d19,origin data/VPD-OE_Agent_20260709/VPD-OE_Agent/data/raw/ZY/ZY05.xls,现金流量表,29.0,
9133a9b317e089c1,historical_cash_flow,historical_600_unknown_rule,unknown,ZY05,,27,2,1,Product_Produce,production,production,direct_decision,True,"{""line_assignments"": [{""line_instance_id"": 204, ""product_id"": ""P2""}, {""line_instance_id"": 205, ""product_id"": ""P2""}, {""line_instance_id"": 206, ""product_id"": ""P3""}, {""line_instance_id"": 207, ""product_id"": ""P3""}]}",complete,-40.0,466.0,204:P2 205:P2 206:P3 207:P3,observed_history_unknown_rule,src_33c96cbd4d19,origin data/VPD-OE_Agent_20260709/VPD-OE_Agent/data/raw/ZY/ZY05.xls,现金流量表,30.0,
11ad4fb728dd44f6,historical_cash_flow,historical_600_unknown_rule,unknown,ZY05,,28,2,1,Renew_Workshop,factory_rent_renewal,capacity,conditional_decision,True,{},not_applicable,-40.0,426.0,厂房续租,observed_history_unknown_rule,src_33c96cbd4d19,origin data/VPD-OE_Agent_20260709/VPD-OE_Agent/data/raw/ZY/ZY05.xls,现金流量表,31.0,
7aca040e9d514f7e,historical_cash_flow,historical_600_unknown_rule,unknown,ZY05,,29,2,1,Pay_Overhaul,administrative_fee,period_close,automatic_settlement,False,{},not_applicable,-10.0,416.0,支付行政管理费,observed_history_unknown_rule,src_33c96cbd4d19,origin data/VPD-OE_Agent_20260709/VPD-OE_Agent/data/raw/ZY/ZY05.xls,现金流量表,32.0,
6e4f844f95ce40fe,historical_cash_flow,historical_600_unknown_rule,unknown,ZY05,,30,2,2,Pay_Material,material_receipt_payment,procurement,committed_settlement,False,"{""materials"": {""R1"": 2, ""R2"": 2, ""R3"": 4, ""R4"": 2}}",complete,-100.0,316.0,支付原料费 R3:4 R4:2 R1:2 R2:2,observed_history_unknown_rule,src_33c96cbd4d19,origin data/VPD-OE_Agent_20260709/VPD-OE_Agent/data/raw/ZY/ZY05.xls,现金流量表,33.0,
7dcf9ab5598c2884,historical_cash_flow,historical_600_unknown_rule,unknown,ZY05,,31,2,2,Buy_Material,material_order,procurement,direct_decision,True,"{""materials"": {""R1"": 2, ""R2"": 2, ""R3"": 4, ""R4"": 2}}",complete,0.0,316.0,订购原料 R1:2 R2:2 R3:4 R4:2,observed_history_unknown_rule,src_33c96cbd4d19,origin data/VPD-OE_Agent_20260709/VPD-OE_Agent/data/raw/ZY/ZY05.xls,现金流量表,34.0,
c10e965a42c04c84,historical_cash_flow,historical_600_unknown_rule,unknown,ZY05,,32,2,2,Product_Produce,production,production,direct_decision,True,"{""line_assignments"": [{""line_instance_id"": 204, ""product_id"": ""P2""}, {""line_instance_id"": 205, ""product_id"": ""P2""}, {""line_instance_id"": 206, ""product_id"": ""P3""}, {""line_instance_id"": 207, ""product_id"": ""P3""}]}",complete,-40.0,276.0,204:P2 205:P2 206:P3 207:P3,observed_history_unknown_rule,src_33c96cbd4d19,origin data/VPD-OE_Agent_20260709/VPD-OE_Agent/data/raw/ZY/ZY05.xls,现金流量表,35.0,
71947836885cdb43,historical_cash_flow,historical_600_unknown_rule,unknown,ZY05,,33,2,2,Develop_Product,product_development,qualification,direct_decision,True,"{""products"": [""P1""]}",complete,-10.0,266.0,产品生产资格投资: P1,observed_history_unknown_rule,src_33c96cbd4d19,origin data/VPD-OE_Agent_20260709/VPD-OE_Agent/data/raw/ZY/ZY05.xls,现金流量表,36.0,
f27b1bbc7d38940e,historical_cash_flow,historical_600_unknown_rule,unknown,ZY05,,34,2,2,Pay_Overhaul,administrative_fee,period_close,automatic_settlement,False,{},not_applicable,-10.0,256.0,支付行政管理费,observed_history_unknown_rule,src_33c96cbd4d19,origin data/VPD-OE_Agent_20260709/VPD-OE_Agent/data/raw/ZY/ZY05.xls,现金流量表,37.0,
3150008f31a48df9,historical_cash_flow,historical_600_unknown_rule,unknown,ZY05,,35,2,3,Pay_Material,material_receipt_payment,procurement,committed_settlement,False,"{""materials"": {""R1"": 2, ""R2"": 2, ""R3"": 4, ""R4"": 2}}",complete,-100.0,156.0,支付原料费 R3:4 R4:2 R1:2 R2:2,observed_history_unknown_rule,src_33c96cbd4d19,origin data/VPD-OE_Agent_20260709/VPD-OE_Agent/data/raw/ZY/ZY05.xls,现金流量表,38.0,
26ed02cbb93eac21,historical_cash_flow,historical_600_unknown_rule,unknown,ZY05,,36,2,3,Buy_Material,material_order,procurement,direct_decision,True,"{""materials"": {""R1"": 2, ""R2"": 2, ""R3"": 4, ""R4"": 2}}",complete,0.0,156.0,订购原料 R1:2 R2:2 R3:4 R4:2,observed_history_unknown_rule,src_33c96cbd4d19,origin data/VPD-OE_Agent_20260709/VPD-OE_Agent/data/raw/ZY/ZY05.xls,现金流量表,39.0,
95cbecaf4586dbb9,historical_cash_flow,historical_600_unknown_rule,unknown,ZY05,,37,2,3,Product_Produce,production,production,direct_decision,True,"{""line_assignments"": [{""line_instance_id"": 204, ""product_id"": ""P2""}, {""line_instance_id"": 205, ""product_id"": ""P2""}, {""line_instance_id"": 206, ""product_id"": ""P3""}, {""line_instance_id"": 207, ""product_id"": ""P3""}]}",complete,-40.0,116.0,204:P2 205:P2 206:P3 207:P3,observed_history_unknown_rule,src_33c96cbd4d19,origin data/VPD-OE_Agent_20260709/VPD-OE_Agent/data/raw/ZY/ZY05.xls,现金流量表,40.0,
fff416c974384e4c,historical_cash_flow,historical_600_unknown_rule,unknown,ZY05,,38,2,3,Update_Receivable,receivable_maturity,receivable,automatic_settlement,False,{},not_applicable,171.0,287.0,更新应收款,observed_history_unknown_rule,src_33c96cbd4d19,origin data/VPD-OE_Agent_20260709/VPD-OE_Agent/data/raw/ZY/ZY05.xls,现金流量表,41.0,
463666c8c5769537,historical_cash_flow,historical_600_unknown_rule,unknown,ZY05,,39,2,3,Develop_Product,product_development,qualification,direct_decision,True,"{""products"": [""P1""]}",complete,-10.0,277.0,产品生产资格投资: P1,observed_history_unknown_rule,src_33c96cbd4d19,origin data/VPD-OE_Agent_20260709/VPD-OE_Agent/data/raw/ZY/ZY05.xls,现金流量表,42.0,
12d13d0f1d83cae0,historical_cash_flow,historical_600_unknown_rule,unknown,ZY05,,40,2,3,Pay_Overhaul,administrative_fee,period_close,automatic_settlement,False,{},not_applicable,-10.0,267.0,支付行政管理费,observed_history_unknown_rule,src_33c96cbd4d19,origin data/VPD-OE_Agent_20260709/VPD-OE_Agent/data/raw/ZY/ZY05.xls,现金流量表,43.0,
b4c37998988df68a,historical_cash_flow,historical_600_unknown_rule,unknown,ZY05,,41,2,4,Pay_Material,material_receipt_payment,procurement,committed_settlement,False,"{""materials"": {""R1"": 2, ""R2"": 2, ""R3"": 4, ""R4"": 2}}",complete,-100.0,167.0,支付原料费 R3:4 R4:2 R1:2 R2:2,observed_history_unknown_rule,src_33c96cbd4d19,origin data/VPD-OE_Agent_20260709/VPD-OE_Agent/data/raw/ZY/ZY05.xls,现金流量表,44.0,
3b0580a461bf0269,historical_cash_flow,historical_600_unknown_rule,unknown,ZY05,,42,2,4,Buy_Material,material_order,procurement,direct_decision,True,"{""materials"": {""R1"": 2, ""R2"": 2, ""R3"": 4, ""R4"": 2}}",complete,0.0,167.0,订购原料 R1:2 R2:2 R3:4 R4:2,observed_history_unknown_rule,src_33c96cbd4d19,origin data/VPD-OE_Agent_20260709/VPD-OE_Agent/data/raw/ZY/ZY05.xls,现金流量表,45.0,
8273ac83b616f709,historical_cash_flow,historical_600_unknown_rule,unknown,ZY05,,43,2,4,Product_Produce,production,production,direct_decision,True,"{""line_assignments"": [{""line_instance_id"": 204, ""product_id"": ""P2""}, {""line_instance_id"": 205, ""product_id"": ""P2""}, {""line_instance_id"": 206, ""product_id"": ""P3""}, {""line_instance_id"": 207, ""product_id"": ""P3""}]}",complete,-40.0,127.0,204:P2 205:P2 206:P3 207:P3,observed_history_unknown_rule,src_33c96cbd4d19,origin data/VPD-OE_Agent_20260709/VPD-OE_Agent/data/raw/ZY/ZY05.xls,现金流量表,46.0,
660c83e0ddf3af99,historical_cash_flow,historical_600_unknown_rule,unknown,ZY05,,44,2,4,Develop_ISO,iso_development,qualification,direct_decision,True,"{""certifications"": [""ISO14000"", ""ISO9000""]}",complete,-30.0,97.0,"ISO认证资格投资,开发：ISO9000 ISO14000",observed_history_unknown_rule,src_33c96cbd4d19,origin data/VPD-OE_Agent_20260709/VPD-OE_Agent/data/raw/ZY/ZY05.xls,现金流量表,47.0,
7eedbfc950f94acf,historical_cash_flow,historical_600_unknown_rule,unknown,ZY05,,45,2,4,Develop_Market,market_development,qualification,direct_decision,True,"{""markets"": [""国内"", ""亚洲"", ""国际""]}",complete,-30.0,67.0,"市场开拓资格投资,开发项目:国内 亚洲 国际",observed_history_unknown_rule,src_33c96cbd4d19,origin data/VPD-OE_Agent_20260709/VPD-OE_Agent/data/raw/ZY/ZY05.xls,现金流量表,48.0,
74f8e7f46bb2e8aa,historical_cash_flow,historical_600_unknown_rule,unknown,ZY05,,46,2,4,Pay_Overhaul,administrative_fee,period_close,automatic_settlement,False,{},not_applicable,-10.0,57.0,支付行政管理费,observed_history_unknown_rule,src_33c96cbd4d19,origin data/VPD-OE_Agent_20260709/VPD-OE_Agent/data/raw/ZY/ZY05.xls,现金流量表,49.0,
acd9334440fdd1c5,historical_cash_flow,historical_600_unknown_rule,unknown,ZY05,,47,2,4,Pay_Maintenance,maintenance,period_close,automatic_settlement,False,{},not_applicable,-40.0,17.0,支付维护费,observed_history_unknown_rule,src_33c96cbd4d19,origin data/VPD-OE_Agent_20260709/VPD-OE_Agent/data/raw/ZY/ZY05.xls,现金流量表,50.0,
966b6291e8c0c107,historical_cash_flow,historical_600_unknown_rule,unknown,ZY05,,48,3,1,Discount,receivable_discount,receivable,conditional_decision,True,"{""term_1_wan"": 150, ""term_2_wan"": 0, ""term_3_wan"": 0, ""term_4_wan"": 0}",complete,135.0,152.0,"1期贴现:150W,2期贴现:0W,3期贴现:0W,4期贴现:0W",observed_history_unknown_rule,src_33c96cbd4d19,origin data/VPD-OE_Agent_20260709/VPD-OE_Agent/data/raw/ZY/ZY05.xls,现金流量表,51.0,
1f792e392527dfa3,historical_cash_flow,historical_600_unknown_rule,unknown,ZY05,,49,3,1,Discount,receivable_discount,receivable,conditional_decision,True,"{""term_1_wan"": 100, ""term_2_wan"": 0, ""term_3_wan"": 0, ""term_4_wan"": 0}",complete,90.0,242.0,"1期贴现:100W,2期贴现:0W,3期贴现:0W,4期贴现:0W",observed_history_unknown_rule,src_33c96cbd4d19,origin data/VPD-OE_Agent_20260709/VPD-OE_Agent/data/raw/ZY/ZY05.xls,现金流量表,52.0,
16a9a15284616b51,historical_cash_flow,historical_600_unknown_rule,unknown,ZY05,,50,3,1,Pay_Long_Loan,long_loan_repayment,finance,committed_settlement,False,{},partial,-96.0,146.0,支付长贷本息,observed_history_unknown_rule,src_33c96cbd4d19,origin data/VPD-OE_Agent_20260709/VPD-OE_Agent/data/raw/ZY/ZY05.xls,现金流量表,53.0,
317372693b8c6674,historical_cash_flow,historical_600_unknown_rule,unknown,ZY05,,51,3,1,Pay_AD,advertising,sales,direct_decision,True,{},partial,-60.0,86.0,广告投放,observed_history_unknown_rule,src_33c96cbd4d19,origin data/VPD-OE_Agent_20260709/VPD-OE_Agent/data/raw/ZY/ZY05.xls,现金流量表,54.0,
9f54493675db140b,historical_cash_flow,historical_600_unknown_rule,unknown,ZY05,,52,3,1,Auction_Win,order_award,sales,external_outcome,False,"{""order_id"": ""J31-0003""}",complete,-10.0,76.0,竞单成功，获得订单:J31-0003,observed_history_unknown_rule,src_33c96cbd4d19,origin data/VPD-OE_Agent_20260709/VPD-OE_Agent/data/raw/ZY/ZY05.xls,现金流量表,55.0,
659a6d5efce56b8a,historical_cash_flow,historical_600_unknown_rule,unknown,ZY05,,53,3,1,Auction_Win,order_award,sales,external_outcome,False,"{""order_id"": ""J31-0012""}",complete,-10.0,66.0,竞单成功，获得订单:J31-0012,observed_history_unknown_rule,src_33c96cbd4d19,origin data/VPD-OE_Agent_20260709/VPD-OE_Agent/data/raw/ZY/ZY05.xls,现金流量表,56.0,
6e193e15ddedd99c,historical_cash_flow,historical_600_unknown_rule,unknown,ZY05,,54,3,1,Auction_Win,order_award,sales,external_outcome,False,"{""order_id"": ""J33-0016""}",complete,-10.0,56.0,竞单成功，获得订单:J33-0016,observed_history_unknown_rule,src_33c96cbd4d19,origin data/VPD-OE_Agent_20260709/VPD-OE_Agent/data/raw/ZY/ZY05.xls,现金流量表,57.0,
6f61b865e12d6603,historical_cash_flow,historical_600_unknown_rule,unknown,ZY05,,55,3,1,Long_Loan,long_loan_borrow,finance,conditional_decision,True,"{""principal_wan"": 206, ""term"": 5, ""term_unit"": ""year""}",complete,206.0,262.0,申请:5年 206W的长期贷款,observed_history_unknown_rule,src_33c96cbd4d19,origin data/VPD-OE_Agent_20260709/VPD-OE_Agent/data/raw/ZY/ZY05.xls,现金流量表,58.0,
dd06d70b0435bb0e,historical_cash_flow,historical_600_unknown_rule,unknown,ZY05,,56,3,1,Pay_Material,material_receipt_payment,procurement,committed_settlement,False,"{""materials"": {""R1"": 2, ""R2"": 2, ""R3"": 4, ""R4"": 2}}",complete,-100.0,162.0,支付原料费 R3:4 R4:2 R1:2 R2:2,observed_history_unknown_rule,src_33c96cbd4d19,origin data/VPD-OE_Agent_20260709/VPD-OE_Agent/data/raw/ZY/ZY05.xls,现金流量表,59.0,
84af0ac4a430be13,historical_cash_flow,historical_600_unknown_rule,unknown,ZY05,,57,3,1,Buy_Material,material_order,procurement,direct_decision,True,"{""materials"": {""R1"": 2, ""R2"": 2, ""R3"": 4, ""R4"": 2}}",complete,0.0,162.0,订购原料 R1:2 R2:2 R3:4 R4:2,observed_history_unknown_rule,src_33c96cbd4d19,origin data/VPD-OE_Agent_20260709/VPD-OE_Agent/data/raw/ZY/ZY05.xls,现金流量表,60.0,
6e07a5c53329d7f4,historical_cash_flow,historical_600_unknown_rule,unknown,ZY05,,58,3,1,Product_Produce,production,production,direct_decision,True,"{""line_assignments"": [{""line_instance_id"": 204, ""product_id"": ""P2""}, {""line_instance_id"": 205, ""product_id"": ""P2""}, {""line_instance_id"": 206, ""product_id"": ""P3""}, {""line_instance_id"": 207, ""product_id"": ""P3""}]}",complete,-40.0,122.0,204:P2 205:P2 206:P3 207:P3,observed_history_unknown_rule,src_33c96cbd4d19,origin data/VPD-OE_Agent_20260709/VPD-OE_Agent/data/raw/ZY/ZY05.xls,现金流量表,61.0,
bbd82303e33a3934,historical_cash_flow,historical_600_unknown_rule,unknown,ZY05,,59,3,1,Update_Receivable,receivable_maturity,receivable,automatic_settlement,False,{},not_applicable,72.0,194.0,更新应收款,observed_history_unknown_rule,src_33c96cbd4d19,origin data/VPD-OE_Agent_20260709/VPD-OE_Agent/data/raw/ZY/ZY05.xls,现金流量表,62.0,
fe6fe5923732b0c2,historical_cash_flow,historical_600_unknown_rule,unknown,ZY05,,60,3,1,Renew_Workshop,factory_rent_renewal,capacity,conditional_decision,True,{},not_applicable,-40.0,154.0,厂房续租,observed_history_unknown_rule,src_33c96cbd4d19,origin data/VPD-OE_Agent_20260709/VPD-OE_Agent/data/raw/ZY/ZY05.xls,现金流量表,63.0,
1b22ac6c45beb36b,historical_cash_flow,historical_600_unknown_rule,unknown,ZY05,,61,3,1,Pay_Overhaul,administrative_fee,period_close,automatic_settlement,False,{},not_applicable,-10.0,144.0,支付行政管理费,observed_history_unknown_rule,src_33c96cbd4d19,origin data/VPD-OE_Agent_20260709/VPD-OE_Agent/data/raw/ZY/ZY05.xls,现金流量表,64.0,
8b00c29584f57bfe,historical_cash_flow,historical_600_unknown_rule,unknown,ZY05,,62,3,2,Pay_Material,material_receipt_payment,procurement,committed_settlement,False,"{""materials"": {""R1"": 2, ""R2"": 2, ""R3"": 4, ""R4"": 2}}",complete,-100.0,44.0,支付原料费 R3:4 R4:2 R1:2 R2:2,observed_history_unknown_rule,src_33c96cbd4d19,origin data/VPD-OE_Agent_20260709/VPD-OE_Agent/data/raw/ZY/ZY05.xls,现金流量表,65.0,
7722319106f4a938,historical_cash_flow,historical_600_unknown_rule,unknown,ZY05,,63,3,2,Buy_Material,material_order,procurement,direct_decision,True,"{""materials"": {""R1"": 2, ""R2"": 2, ""R3"": 4, ""R4"": 2}}",complete,0.0,44.0,订购原料 R1:2 R2:2 R3:4 R4:2,observed_history_unknown_rule,src_33c96cbd4d19,origin data/VPD-OE_Agent_20260709/VPD-OE_Agent/data/raw/ZY/ZY05.xls,现金流量表,66.0,
7bcacccab43ed34e,historical_cash_flow,historical_600_unknown_rule,unknown,ZY05,,64,3,2,Product_Produce,production,production,direct_decision,True,"{""line_assignments"": [{""line_instance_id"": 204, ""product_id"": ""P2""}, {""line_instance_id"": 205, ""product_id"": ""P2""}, {""line_instance_id"": 206, ""product_id"": ""P3""}, {""line_instance_id"": 207, ""product_id"": ""P3""}]}",complete,-40.0,4.0,204:P2 205:P2 206:P3 207:P3,observed_history_unknown_rule,src_33c96cbd4d19,origin data/VPD-OE_Agent_20260709/VPD-OE_Agent/data/raw/ZY/ZY05.xls,现金流量表,67.0,
0c1fb16d3f64f4bf,historical_cash_flow,historical_600_unknown_rule,unknown,ZY05,,65,3,2,Discount,receivable_discount,receivable,conditional_decision,True,"{""term_1_wan"": 50, ""term_2_wan"": 0, ""term_3_wan"": 0, ""term_4_wan"": 0}",complete,45.0,49.0,"1期贴现:50W,2期贴现:0W,3期贴现:0W,4期贴现:0W",observed_history_unknown_rule,src_33c96cbd4d19,origin data/VPD-OE_Agent_20260709/VPD-OE_Agent/data/raw/ZY/ZY05.xls,现金流量表,68.0,
8fe6dd986d159fd6,historical_cash_flow,historical_600_unknown_rule,unknown,ZY05,,66,3,2,Pay_Overhaul,administrative_fee,period_close,automatic_settlement,False,{},not_applicable,-10.0,39.0,支付行政管理费,observed_history_unknown_rule,src_33c96cbd4d19,origin data/VPD-OE_Agent_20260709/VPD-OE_Agent/data/raw/ZY/ZY05.xls,现金流量表,69.0,
b32380d964126f4e,historical_cash_flow,historical_600_unknown_rule,unknown,ZY05,,67,3,3,Discount,receivable_discount,receivable,conditional_decision,True,"{""term_1_wan"": 100, ""term_2_wan"": 0, ""term_3_wan"": 0, ""term_4_wan"": 0}",complete,90.0,129.0,"1期贴现:100W,2期贴现:0W,3期贴现:0W,4期贴现:0W",observed_history_unknown_rule,src_33c96cbd4d19,origin data/VPD-OE_Agent_20260709/VPD-OE_Agent/data/raw/ZY/ZY05.xls,现金流量表,70.0,
46432abbd9cdbb1e,historical_cash_flow,historical_600_unknown_rule,unknown,ZY05,,68,3,3,Pay_Material,material_receipt_payment,procurement,committed_settlement,False,"{""materials"": {""R1"": 2, ""R2"": 2, ""R3"": 4, ""R4"": 2}}",complete,-100.0,29.0,支付原料费 R3:4 R4:2 R1:2 R2:2,observed_history_unknown_rule,src_33c96cbd4d19,origin data/VPD-OE_Agent_20260709/VPD-OE_Agent/data/raw/ZY/ZY05.xls,现金流量表,71.0,
8d925af2e686cb25,historical_cash_flow,historical_600_unknown_rule,unknown,ZY05,,69,3,3,Buy_Material,material_order,procurement,direct_decision,True,"{""materials"": {""R1"": 2, ""R2"": 2, ""R3"": 4, ""R4"": 2}}",complete,0.0,29.0,订购原料 R1:2 R2:2 R3:4 R4:2,observed_history_unknown_rule,src_33c96cbd4d19,origin data/VPD-OE_Agent_20260709/VPD-OE_Agent/data/raw/ZY/ZY05.xls,现金流量表,72.0,
31de8efa7b38757f,historical_cash_flow,historical_600_unknown_rule,unknown,ZY05,,70,3,3,Discount,receivable_discount,receivable,conditional_decision,True,"{""term_1_wan"": 11, ""term_2_wan"": 0, ""term_3_wan"": 0, ""term_4_wan"": 0}",complete,9.0,38.0,"1期贴现:11W,2期贴现:0W,3期贴现:0W,4期贴现:0W",observed_history_unknown_rule,src_33c96cbd4d19,origin data/VPD-OE_Agent_20260709/VPD-OE_Agent/data/raw/ZY/ZY05.xls,现金流量表,73.0,
4d3fedfc1e706ea0,historical_cash_flow,historical_600_unknown_rule,unknown,ZY05,,71,3,3,Discount,receivable_discount,receivable,conditional_decision,True,"{""term_1_wan"": 4, ""term_2_wan"": 0, ""term_3_wan"": 0, ""term_4_wan"": 0}",complete,3.0,41.0,"1期贴现:4W,2期贴现:0W,3期贴现:0W,4期贴现:0W",observed_history_unknown_rule,src_33c96cbd4d19,origin data/VPD-OE_Agent_20260709/VPD-OE_Agent/data/raw/ZY/ZY05.xls,现金流量表,74.0,
eb59fd8794c9a5c9,historical_cash_flow,historical_600_unknown_rule,unknown,ZY05,,72,3,3,Product_Produce,production,production,direct_decision,True,"{""line_assignments"": [{""line_instance_id"": 204, ""product_id"": ""P2""}, {""line_instance_id"": 205, ""product_id"": ""P2""}, {""line_instance_id"": 206, ""product_id"": ""P3""}, {""line_instance_id"": 207, ""product_id"": ""P3""}]}",complete,-40.0,1.0,204:P2 205:P2 206:P3 207:P3,observed_history_unknown_rule,src_33c96cbd4d19,origin data/VPD-OE_Agent_20260709/VPD-OE_Agent/data/raw/ZY/ZY05.xls,现金流量表,75.0,
5446d8d153977a74,historical_cash_flow,historical_600_unknown_rule,unknown,ZY05,,73,3,3,Update_Receivable,receivable_maturity,receivable,automatic_settlement,False,{},not_applicable,480.0,481.0,更新应收款,observed_history_unknown_rule,src_33c96cbd4d19,origin data/VPD-OE_Agent_20260709/VPD-OE_Agent/data/raw/ZY/ZY05.xls,现金流量表,76.0,
6d868c4bdaad4ea7,historical_cash_flow,historical_600_unknown_rule,unknown,ZY05,,74,3,3,Emergency_Buy_Product,emergency_product_purchase,procurement,exception_intervention,True,"{""quantities"": {""P1"": 0, ""P2"": 0, ""P3"": 2, ""P4"": 0}}",complete,-240.0,241.0,"紧急采购产品，数量分别为：0,0,2,0",observed_history_unknown_rule,src_33c96cbd4d19,origin data/VPD-OE_Agent_20260709/VPD-OE_Agent/data/raw/ZY/ZY05.xls,现金流量表,77.0,
96adac241ab2a5fe,historical_cash_flow,historical_600_unknown_rule,unknown,ZY05,,75,3,3,Pay_Overhaul,administrative_fee,period_close,automatic_settlement,False,{},not_applicable,-10.0,231.0,支付行政管理费,observed_history_unknown_rule,src_33c96cbd4d19,origin data/VPD-OE_Agent_20260709/VPD-OE_Agent/data/raw/ZY/ZY05.xls,现金流量表,78.0,
e7f60cc25fdc24cf,historical_cash_flow,historical_600_unknown_rule,unknown,ZY05,,76,3,4,Pay_Material,material_receipt_payment,procurement,committed_settlement,False,"{""materials"": {""R1"": 2, ""R2"": 2, ""R3"": 4, ""R4"": 2}}",complete,-100.0,131.0,支付原料费 R3:4 R4:2 R1:2 R2:2,observed_history_unknown_rule,src_33c96cbd4d19,origin data/VPD-OE_Agent_20260709/VPD-OE_Agent/data/raw/ZY/ZY05.xls,现金流量表,79.0,
3547848551244258,historical_cash_flow,historical_600_unknown_rule,unknown,ZY05,,77,3,4,Buy_Material,material_order,procurement,direct_decision,True,"{""materials"": {""R1"": 2, ""R2"": 2, ""R3"": 4, ""R4"": 2}}",complete,0.0,131.0,订购原料 R1:2 R2:2 R3:4 R4:2,observed_history_unknown_rule,src_33c96cbd4d19,origin data/VPD-OE_Agent_20260709/VPD-OE_Agent/data/raw/ZY/ZY05.xls,现金流量表,80.0,
1c179210c4c094ae,historical_cash_flow,historical_600_unknown_rule,unknown,ZY05,,78,3,4,Product_Produce,production,production,direct_decision,True,"{""line_assignments"": [{""line_instance_id"": 204, ""product_id"": ""P2""}, {""line_instance_id"": 205, ""product_id"": ""P2""}, {""line_instance_id"": 206, ""product_id"": ""P3""}, {""line_instance_id"": 207, ""product_id"": ""P3""}]}",complete,-40.0,91.0,204:P2 205:P2 206:P3 207:P3,observed_history_unknown_rule,src_33c96cbd4d19,origin data/VPD-OE_Agent_20260709/VPD-OE_Agent/data/raw/ZY/ZY05.xls,现金流量表,81.0,
9ada812cb5cd0439,historical_cash_flow,historical_600_unknown_rule,unknown,ZY05,,79,3,4,Update_Receivable,receivable_maturity,receivable,automatic_settlement,False,{},not_applicable,121.0,212.0,更新应收款,observed_history_unknown_rule,src_33c96cbd4d19,origin data/VPD-OE_Agent_20260709/VPD-OE_Agent/data/raw/ZY/ZY05.xls,现金流量表,82.0,
f3101819cfffa420,historical_cash_flow,historical_600_unknown_rule,unknown,ZY05,,80,3,4,Sell_Product,order_delivery,sales,conditional_decision,True,{},partial,480.0,692.0,订单交货,observed_history_unknown_rule,src_33c96cbd4d19,origin data/VPD-OE_Agent_20260709/VPD-OE_Agent/data/raw/ZY/ZY05.xls,现金流量表,83.0,
3ef97a823ab930ca,historical_cash_flow,historical_600_unknown_rule,unknown,ZY05,,81,3,4,Develop_Market,market_development,qualification,direct_decision,True,"{""markets"": [""亚洲"", ""国际""]}",complete,-20.0,672.0,"市场开拓资格投资,开发项目:亚洲 国际",observed_history_unknown_rule,src_33c96cbd4d19,origin data/VPD-OE_Agent_20260709/VPD-OE_Agent/data/raw/ZY/ZY05.xls,现金流量表,84.0,
48f66f848944b48e,historical_cash_flow,historical_600_unknown_rule,unknown,ZY05,,82,3,4,Pay_Overhaul,administrative_fee,period_close,automatic_settlement,False,{},not_applicable,-10.0,662.0,支付行政管理费,observed_history_unknown_rule,src_33c96cbd4d19,origin data/VPD-OE_Agent_20260709/VPD-OE_Agent/data/raw/ZY/ZY05.xls,现金流量表,85.0,
95654e970c4e2786,historical_cash_flow,historical_600_unknown_rule,unknown,ZY05,,83,3,4,Pay_Maintenance,maintenance,period_close,automatic_settlement,False,{},not_applicable,-40.0,622.0,支付维护费,observed_history_unknown_rule,src_33c96cbd4d19,origin data/VPD-OE_Agent_20260709/VPD-OE_Agent/data/raw/ZY/ZY05.xls,现金流量表,86.0,
0557e0e3a7f3d5bc,historical_cash_flow,historical_600_unknown_rule,unknown,ZY05,,84,4,1,Pay_Tax,tax_payment,period_close,automatic_settlement,False,{},not_applicable,-115.0,507.0,支付上一年税金,observed_history_unknown_rule,src_33c96cbd4d19,origin data/VPD-OE_Agent_20260709/VPD-OE_Agent/data/raw/ZY/ZY05.xls,现金流量表,87.0,
06a12c071da4b44d,historical_cash_flow,historical_600_unknown_rule,unknown,ZY05,,85,4,1,Pay_Long_Loan,long_loan_repayment,finance,committed_settlement,False,{},partial,-116.0,391.0,支付长贷本息,observed_history_unknown_rule,src_33c96cbd4d19,origin data/VPD-OE_Agent_20260709/VPD-OE_Agent/data/raw/ZY/ZY05.xls,现金流量表,88.0,
0db321f45fe1666d,historical_cash_flow,historical_600_unknown_rule,unknown,ZY05,,86,4,1,Pay_AD,advertising,sales,direct_decision,True,{},partial,-111.0,280.0,广告投放,observed_history_unknown_rule,src_33c96cbd4d19,origin data/VPD-OE_Agent_20260709/VPD-OE_Agent/data/raw/ZY/ZY05.xls,现金流量表,89.0,
dc053edf4fa8ffdb,historical_cash_flow,historical_600_unknown_rule,unknown,ZY05,,87,4,1,Pay_Material,material_receipt_payment,procurement,committed_settlement,False,"{""materials"": {""R1"": 2, ""R2"": 2, ""R3"": 4, ""R4"": 2}}",complete,-100.0,180.0,支付原料费 R3:4 R4:2 R1:2 R2:2,observed_history_unknown_rule,src_33c96cbd4d19,origin data/VPD-OE_Agent_20260709/VPD-OE_Agent/data/raw/ZY/ZY05.xls,现金流量表,90.0,
dccee917f0f4ca82,historical_cash_flow,historical_600_unknown_rule,unknown,ZY05,,88,4,1,Buy_Material,material_order,procurement,direct_decision,True,"{""materials"": {""R1"": 2, ""R2"": 2, ""R3"": 4, ""R4"": 2}}",complete,0.0,180.0,订购原料 R1:2 R2:2 R3:4 R4:2,observed_history_unknown_rule,src_33c96cbd4d19,origin data/VPD-OE_Agent_20260709/VPD-OE_Agent/data/raw/ZY/ZY05.xls,现金流量表,91.0,
fe507a3abdeb483f,historical_cash_flow,historical_600_unknown_rule,unknown,ZY05,,89,4,1,Rent_Workshop,factory_rent,capacity,direct_decision,True,"{""factory_type"": ""大厂房""}",complete,-40.0,140.0,租用[大厂房],observed_history_unknown_rule,src_33c96cbd4d19,origin data/VPD-OE_Agent_20260709/VPD-OE_Agent/data/raw/ZY/ZY05.xls,现金流量表,92.0,
ef39fb083b4d2d7e,historical_cash_flow,historical_600_unknown_rule,unknown,ZY05,,90,4,1,Product_Produce,production,production,direct_decision,True,"{""line_assignments"": [{""line_instance_id"": 204, ""product_id"": ""P2""}, {""line_instance_id"": 205, ""product_id"": ""P2""}, {""line_instance_id"": 206, ""product_id"": ""P3""}, {""line_instance_id"": 207, ""product_id"": ""P3""}]}",complete,-40.0,100.0,204:P2 205:P2 206:P3 207:P3,observed_history_unknown_rule,src_33c96cbd4d19,origin data/VPD-OE_Agent_20260709/VPD-OE_Agent/data/raw/ZY/ZY05.xls,现金流量表,93.0,
50e44936529b7eaa,historical_cash_flow,historical_600_unknown_rule,unknown,ZY05,,91,4,1,Update_Receivable,receivable_maturity,receivable,automatic_settlement,False,{},not_applicable,710.0,810.0,更新应收款,observed_history_unknown_rule,src_33c96cbd4d19,origin data/VPD-OE_Agent_20260709/VPD-OE_Agent/data/raw/ZY/ZY05.xls,现金流量表,94.0,
af6a8e81ee5542f0,historical_cash_flow,historical_600_unknown_rule,unknown,ZY05,,92,4,1,Develop_Product,product_development,qualification,direct_decision,True,"{""products"": [""P4""]}",complete,-10.0,800.0,产品生产资格投资: P4,observed_history_unknown_rule,src_33c96cbd4d19,origin data/VPD-OE_Agent_20260709/VPD-OE_Agent/data/raw/ZY/ZY05.xls,现金流量表,95.0,
02248a2a6ade30ee,historical_cash_flow,historical_600_unknown_rule,unknown,ZY05,,93,4,1,Renew_Workshop,factory_rent_renewal,capacity,conditional_decision,True,{},not_applicable,-40.0,760.0,厂房续租,observed_history_unknown_rule,src_33c96cbd4d19,origin data/VPD-OE_Agent_20260709/VPD-OE_Agent/data/raw/ZY/ZY05.xls,现金流量表,96.0,
65400882edbfc8e5,historical_cash_flow,historical_600_unknown_rule,unknown,ZY05,,94,4,1,Pay_Overhaul,administrative_fee,period_close,automatic_settlement,False,{},not_applicable,-10.0,750.0,支付行政管理费,observed_history_unknown_rule,src_33c96cbd4d19,origin data/VPD-OE_Agent_20260709/VPD-OE_Agent/data/raw/ZY/ZY05.xls,现金流量表,97.0,
9db97dd31c480dff,historical_cash_flow,historical_600_unknown_rule,unknown,ZY05,,95,4,2,Pay_Material,material_receipt_payment,procurement,committed_settlement,False,"{""materials"": {""R1"": 2, ""R2"": 2, ""R3"": 4, ""R4"": 2}}",complete,-100.0,650.0,支付原料费 R3:4 R4:2 R1:2 R2:2,observed_history_unknown_rule,src_33c96cbd4d19,origin data/VPD-OE_Agent_20260709/VPD-OE_Agent/data/raw/ZY/ZY05.xls,现金流量表,98.0,
39ee96ae91566da6,historical_cash_flow,historical_600_unknown_rule,unknown,ZY05,,96,4,2,Buy_Material,material_order,procurement,direct_decision,True,"{""materials"": {""R1"": 2, ""R2"": 2, ""R3"": 4, ""R4"": 2}}",complete,0.0,650.0,订购原料 R1:2 R2:2 R3:4 R4:2,observed_history_unknown_rule,src_33c96cbd4d19,origin data/VPD-OE_Agent_20260709/VPD-OE_Agent/data/raw/ZY/ZY05.xls,现金流量表,99.0,
d89858a33dd12b55,historical_cash_flow,historical_600_unknown_rule,unknown,ZY05,,97,4,2,Buy_ProductLine,production_line_order,capacity,direct_decision,True,"{""line_type"": ""自动线"", ""product_id"": ""P1""}",complete,-50.0,600.0,订购[自动线]生产[P1],observed_history_unknown_rule,src_33c96cbd4d19,origin data/VPD-OE_Agent_20260709/VPD-OE_Agent/data/raw/ZY/ZY05.xls,现金流量表,100.0,
61b687a63098f892,historical_cash_flow,historical_600_unknown_rule,unknown,ZY05,,98,4,2,Buy_ProductLine,production_line_order,capacity,direct_decision,True,"{""line_type"": ""自动线"", ""product_id"": ""P1""}",complete,-50.0,550.0,订购[自动线]生产[P1],observed_history_unknown_rule,src_33c96cbd4d19,origin data/VPD-OE_Agent_20260709/VPD-OE_Agent/data/raw/ZY/ZY05.xls,现金流量表,101.0,
874d369adbba57ef,historical_cash_flow,historical_600_unknown_rule,unknown,ZY05,,99,4,2,Product_Produce,production,production,direct_decision,True,"{""line_assignments"": [{""line_instance_id"": 204, ""product_id"": ""P2""}, {""line_instance_id"": 205, ""product_id"": ""P2""}, {""line_instance_id"": 206, ""product_id"": ""P3""}, {""line_instance_id"": 207, ""product_id"": ""P3""}]}",complete,-40.0,510.0,204:P2 205:P2 206:P3 207:P3,observed_history_unknown_rule,src_33c96cbd4d19,origin data/VPD-OE_Agent_20260709/VPD-OE_Agent/data/raw/ZY/ZY05.xls,现金流量表,102.0,
d2838e598022341a,historical_cash_flow,historical_600_unknown_rule,unknown,ZY05,,100,4,2,Update_Receivable,receivable_maturity,receivable,automatic_settlement,False,{},not_applicable,273.0,783.0,更新应收款,observed_history_unknown_rule,src_33c96cbd4d19,origin data/VPD-OE_Agent_20260709/VPD-OE_Agent/data/raw/ZY/ZY05.xls,现金流量表,103.0,
a736b0be82082161,historical_cash_flow,historical_600_unknown_rule,unknown,ZY05,,101,4,2,Develop_Product,product_development,qualification,direct_decision,True,"{""products"": [""P4""]}",complete,-10.0,773.0,产品生产资格投资: P4,observed_history_unknown_rule,src_33c96cbd4d19,origin data/VPD-OE_Agent_20260709/VPD-OE_Agent/data/raw/ZY/ZY05.xls,现金流量表,104.0,
778876c8fed4632f,historical_cash_flow,historical_600_unknown_rule,unknown,ZY05,,102,4,2,Pay_Overhaul,administrative_fee,period_close,automatic_settlement,False,{},not_applicable,-10.0,763.0,支付行政管理费,observed_history_unknown_rule,src_33c96cbd4d19,origin data/VPD-OE_Agent_20260709/VPD-OE_Agent/data/raw/ZY/ZY05.xls,现金流量表,105.0,
f1ff20b71cf643a9,historical_cash_flow,historical_600_unknown_rule,unknown,ZY05,,103,4,3,Pay_Material,material_receipt_payment,procurement,committed_settlement,False,"{""materials"": {""R1"": 2, ""R2"": 2, ""R3"": 4, ""R4"": 2}}",complete,-100.0,663.0,支付原料费 R3:4 R4:2 R1:2 R2:2,observed_history_unknown_rule,src_33c96cbd4d19,origin data/VPD-OE_Agent_20260709/VPD-OE_Agent/data/raw/ZY/ZY05.xls,现金流量表,106.0,
dcdd2ff0c9a26322,historical_cash_flow,historical_600_unknown_rule,unknown,ZY05,,104,4,3,Buy_Material,material_order,procurement,direct_decision,True,"{""materials"": {""R1"": 2, ""R2"": 2, ""R3"": 4, ""R4"": 2}}",complete,0.0,663.0,订购原料 R1:2 R2:2 R3:4 R4:2,observed_history_unknown_rule,src_33c96cbd4d19,origin data/VPD-OE_Agent_20260709/VPD-OE_Agent/data/raw/ZY/ZY05.xls,现金流量表,107.0,
e9bcc7cf678152e1,historical_cash_flow,historical_600_unknown_rule,unknown,ZY05,,105,4,3,Invest_ProductLine,production_line_investment,capacity,committed_settlement,False,{},partial,-100.0,563.0,投资在建生产线,observed_history_unknown_rule,src_33c96cbd4d19,origin data/VPD-OE_Agent_20260709/VPD-OE_Agent/data/raw/ZY/ZY05.xls,现金流量表,108.0,
090103bc9d8826bd,historical_cash_flow,historical_600_unknown_rule,unknown,ZY05,,106,4,3,Product_Produce,production,production,direct_decision,True,"{""line_assignments"": [{""line_instance_id"": 204, ""product_id"": ""P2""}, {""line_instance_id"": 205, ""product_id"": ""P2""}, {""line_instance_id"": 206, ""product_id"": ""P3""}, {""line_instance_id"": 207, ""product_id"": ""P3""}]}",complete,-40.0,523.0,204:P2 205:P2 206:P3 207:P3,observed_history_unknown_rule,src_33c96cbd4d19,origin data/VPD-OE_Agent_20260709/VPD-OE_Agent/data/raw/ZY/ZY05.xls,现金流量表,109.0,
d7b621eac44ef913,historical_cash_flow,historical_600_unknown_rule,unknown,ZY05,,107,4,3,Update_Receivable,receivable_maturity,receivable,automatic_settlement,False,{},not_applicable,381.0,904.0,更新应收款,observed_history_unknown_rule,src_33c96cbd4d19,origin data/VPD-OE_Agent_20260709/VPD-OE_Agent/data/raw/ZY/ZY05.xls,现金流量表,110.0,
620ea357a448ef1d,historical_cash_flow,historical_600_unknown_rule,unknown,ZY05,,108,4,3,Develop_Product,product_development,qualification,direct_decision,True,"{""products"": [""P4""]}",complete,-10.0,894.0,产品生产资格投资: P4,observed_history_unknown_rule,src_33c96cbd4d19,origin data/VPD-OE_Agent_20260709/VPD-OE_Agent/data/raw/ZY/ZY05.xls,现金流量表,111.0,
1cd08ba1e8241d0a,historical_cash_flow,historical_600_unknown_rule,unknown,ZY05,,109,4,3,Pay_Overhaul,administrative_fee,period_close,automatic_settlement,False,{},not_applicable,-10.0,884.0,支付行政管理费,observed_history_unknown_rule,src_33c96cbd4d19,origin data/VPD-OE_Agent_20260709/VPD-OE_Agent/data/raw/ZY/ZY05.xls,现金流量表,112.0,
1e1d7ac7e43d683c,historical_cash_flow,historical_600_unknown_rule,unknown,ZY05,,110,4,4,Pay_Material,material_receipt_payment,procurement,committed_settlement,False,"{""materials"": {""R1"": 2, ""R2"": 2, ""R3"": 4, ""R4"": 2}}",complete,-100.0,784.0,支付原料费 R3:4 R4:2 R1:2 R2:2,observed_history_unknown_rule,src_33c96cbd4d19,origin data/VPD-OE_Agent_20260709/VPD-OE_Agent/data/raw/ZY/ZY05.xls,现金流量表,113.0,
0b11f684ecaab535,historical_cash_flow,historical_600_unknown_rule,unknown,ZY05,,111,4,4,Buy_Material,material_order,procurement,direct_decision,True,"{""materials"": {""R1"": 4, ""R2"": 2, ""R3"": 4, ""R4"": 2}}",complete,0.0,784.0,订购原料 R1:4 R2:2 R3:4 R4:2,observed_history_unknown_rule,src_33c96cbd4d19,origin data/VPD-OE_Agent_20260709/VPD-OE_Agent/data/raw/ZY/ZY05.xls,现金流量表,114.0,
74233af3c9b6ad24,historical_cash_flow,historical_600_unknown_rule,unknown,ZY05,,112,4,4,Invest_ProductLine,production_line_investment,capacity,committed_settlement,False,{},partial,-100.0,684.0,投资在建生产线,observed_history_unknown_rule,src_33c96cbd4d19,origin data/VPD-OE_Agent_20260709/VPD-OE_Agent/data/raw/ZY/ZY05.xls,现金流量表,115.0,
512eedd7e6784b09,historical_cash_flow,historical_600_unknown_rule,unknown,ZY05,,113,4,4,Product_Produce,production,production,direct_decision,True,"{""line_assignments"": [{""line_instance_id"": 204, ""product_id"": ""P2""}, {""line_instance_id"": 205, ""product_id"": ""P2""}, {""line_instance_id"": 206, ""product_id"": ""P3""}, {""line_instance_id"": 207, ""product_id"": ""P3""}]}",complete,-40.0,644.0,204:P2 205:P2 206:P3 207:P3,observed_history_unknown_rule,src_33c96cbd4d19,origin data/VPD-OE_Agent_20260709/VPD-OE_Agent/data/raw/ZY/ZY05.xls,现金流量表,116.0,
bb03b692d9ca935d,historical_cash_flow,historical_600_unknown_rule,unknown,ZY05,,114,4,4,Update_Receivable,receivable_maturity,receivable,automatic_settlement,False,{},not_applicable,524.0,1168.0,更新应收款,observed_history_unknown_rule,src_33c96cbd4d19,origin data/VPD-OE_Agent_20260709/VPD-OE_Agent/data/raw/ZY/ZY05.xls,现金流量表,117.0,
109a18f91c8e9f6f,historical_cash_flow,historical_600_unknown_rule,unknown,ZY05,,115,4,4,Develop_Product,product_development,qualification,direct_decision,True,"{""products"": [""P4""]}",complete,-10.0,1158.0,产品生产资格投资: P4,observed_history_unknown_rule,src_33c96cbd4d19,origin data/VPD-OE_Agent_20260709/VPD-OE_Agent/data/raw/ZY/ZY05.xls,现金流量表,118.0,
8d5c5cf87c10cd42,historical_cash_flow,historical_600_unknown_rule,unknown,ZY05,,116,4,4,Develop_Market,market_development,qualification,direct_decision,True,"{""markets"": [""国际""]}",complete,-10.0,1148.0,"市场开拓资格投资,开发项目:国际",observed_history_unknown_rule,src_33c96cbd4d19,origin data/VPD-OE_Agent_20260709/VPD-OE_Agent/data/raw/ZY/ZY05.xls,现金流量表,119.0,
1cdd05ba9523914d,historical_cash_flow,historical_600_unknown_rule,unknown,ZY05,,117,4,4,Pay_Overhaul,administrative_fee,period_close,automatic_settlement,False,{},not_applicable,-10.0,1138.0,支付行政管理费,observed_history_unknown_rule,src_33c96cbd4d19,origin data/VPD-OE_Agent_20260709/VPD-OE_Agent/data/raw/ZY/ZY05.xls,现金流量表,120.0,
5f45a9f9e87f3cba,historical_cash_flow,historical_600_unknown_rule,unknown,ZY05,,118,4,4,Pay_Maintenance,maintenance,period_close,automatic_settlement,False,{},not_applicable,-40.0,1098.0,支付维护费,observed_history_unknown_rule,src_33c96cbd4d19,origin data/VPD-OE_Agent_20260709/VPD-OE_Agent/data/raw/ZY/ZY05.xls,现金流量表,121.0,
d857f0862e419289,historical_cash_flow,historical_600_unknown_rule,unknown,ZY05,,119,5,1,Pay_Long_Loan,long_loan_repayment,finance,committed_settlement,False,{},partial,-116.0,982.0,支付长贷本息,observed_history_unknown_rule,src_33c96cbd4d19,origin data/VPD-OE_Agent_20260709/VPD-OE_Agent/data/raw/ZY/ZY05.xls,现金流量表,122.0,
ed8a307190608f5a,historical_cash_flow,historical_600_unknown_rule,unknown,ZY05,,120,5,1,Pay_AD,advertising,sales,direct_decision,True,{},partial,-87.0,895.0,广告投放,observed_history_unknown_rule,src_33c96cbd4d19,origin data/VPD-OE_Agent_20260709/VPD-OE_Agent/data/raw/ZY/ZY05.xls,现金流量表,123.0,
79fd2f6e4fcd08b1,historical_cash_flow,historical_600_unknown_rule,unknown,ZY05,,121,5,1,Auction_Win,order_award,sales,external_outcome,False,"{""order_id"": ""J54-0031""}",complete,-10.0,885.0,竞单成功，获得订单:J54-0031,observed_history_unknown_rule,src_33c96cbd4d19,origin data/VPD-OE_Agent_20260709/VPD-OE_Agent/data/raw/ZY/ZY05.xls,现金流量表,124.0,
32b372b85e7779b8,historical_cash_flow,historical_600_unknown_rule,unknown,ZY05,,122,5,1,Long_Loan,long_loan_borrow,finance,conditional_decision,True,"{""principal_wan"": 1458, ""term"": 5, ""term_unit"": ""year""}",complete,1458.0,2343.0,申请:5年 1458W的长期贷款,observed_history_unknown_rule,src_33c96cbd4d19,origin data/VPD-OE_Agent_20260709/VPD-OE_Agent/data/raw/ZY/ZY05.xls,现金流量表,125.0,
f2b4ab1361cd1d66,historical_cash_flow,historical_600_unknown_rule,unknown,ZY05,,123,5,1,Pay_Material,material_receipt_payment,procurement,committed_settlement,False,"{""materials"": {""R1"": 4, ""R2"": 2, ""R3"": 4, ""R4"": 2}}",complete,-120.0,2223.0,支付原料费 R3:4 R4:2 R1:4 R2:2,observed_history_unknown_rule,src_33c96cbd4d19,origin data/VPD-OE_Agent_20260709/VPD-OE_Agent/data/raw/ZY/ZY05.xls,现金流量表,126.0,
f6a560d237d83ab5,historical_cash_flow,historical_600_unknown_rule,unknown,ZY05,,124,5,1,Buy_Material,material_order,procurement,direct_decision,True,"{""materials"": {""R1"": 4, ""R2"": 2, ""R3"": 4, ""R4"": 2}}",complete,0.0,2223.0,订购原料 R1:4 R2:2 R3:4 R4:2,observed_history_unknown_rule,src_33c96cbd4d19,origin data/VPD-OE_Agent_20260709/VPD-OE_Agent/data/raw/ZY/ZY05.xls,现金流量表,127.0,
32713650a0998351,historical_cash_flow,historical_600_unknown_rule,unknown,ZY05,,125,5,1,Product_Produce,production,production,direct_decision,True,"{""line_assignments"": [{""line_instance_id"": 204, ""product_id"": ""P2""}, {""line_instance_id"": 205, ""product_id"": ""P2""}, {""line_instance_id"": 206, ""product_id"": ""P3""}, {""line_instance_id"": 207, ""product_id"": ""P3""}, {""line_instance_id"": 239, ""product_id"": ""P1""}, {""line_instance_id"": 240, ""product_id"": ""P1""}]}",complete,-60.0,2163.0,204:P2 205:P2 206:P3 207:P3 239:P1 240:P1,observed_history_unknown_rule,src_33c96cbd4d19,origin data/VPD-OE_Agent_20260709/VPD-OE_Agent/data/raw/ZY/ZY05.xls,现金流量表,128.0,
7fe4299019e8c6aa,historical_cash_flow,historical_600_unknown_rule,unknown,ZY05,,126,5,1,Buy_ProductLine,production_line_order,capacity,direct_decision,True,"{""line_type"": ""自动线"", ""product_id"": ""P4""}",complete,-50.0,2113.0,订购[自动线]生产[P4],observed_history_unknown_rule,src_33c96cbd4d19,origin data/VPD-OE_Agent_20260709/VPD-OE_Agent/data/raw/ZY/ZY05.xls,现金流量表,129.0,
950ba187051ece3b,historical_cash_flow,historical_600_unknown_rule,unknown,ZY05,,127,5,1,Buy_ProductLine,production_line_order,capacity,direct_decision,True,"{""line_type"": ""自动线"", ""product_id"": ""P4""}",complete,-50.0,2063.0,订购[自动线]生产[P4],observed_history_unknown_rule,src_33c96cbd4d19,origin data/VPD-OE_Agent_20260709/VPD-OE_Agent/data/raw/ZY/ZY05.xls,现金流量表,130.0,
6f7474b6da62889c,historical_cash_flow,historical_600_unknown_rule,unknown,ZY05,,128,5,1,Develop_Product,product_development,qualification,direct_decision,True,"{""products"": [""P4""]}",complete,-10.0,2053.0,产品生产资格投资: P4,observed_history_unknown_rule,src_33c96cbd4d19,origin data/VPD-OE_Agent_20260709/VPD-OE_Agent/data/raw/ZY/ZY05.xls,现金流量表,131.0,
c9a4bff207fcc8bb,historical_cash_flow,historical_600_unknown_rule,unknown,ZY05,,129,5,1,Renew_Workshop,factory_rent_renewal,capacity,conditional_decision,True,{},not_applicable,-80.0,1973.0,厂房续租,observed_history_unknown_rule,src_33c96cbd4d19,origin data/VPD-OE_Agent_20260709/VPD-OE_Agent/data/raw/ZY/ZY05.xls,现金流量表,132.0,
c25b9919907d3928,historical_cash_flow,historical_600_unknown_rule,unknown,ZY05,,130,5,1,Pay_Overhaul,administrative_fee,period_close,automatic_settlement,False,{},not_applicable,-10.0,1963.0,支付行政管理费,observed_history_unknown_rule,src_33c96cbd4d19,origin data/VPD-OE_Agent_20260709/VPD-OE_Agent/data/raw/ZY/ZY05.xls,现金流量表,133.0,
12427f9d10c9a5d4,historical_cash_flow,historical_600_unknown_rule,unknown,ZY05,,131,5,2,Pay_Material,material_receipt_payment,procurement,committed_settlement,False,"{""materials"": {""R1"": 4, ""R2"": 2, ""R3"": 4, ""R4"": 2}}",complete,-120.0,1843.0,支付原料费 R3:4 R4:2 R1:4 R2:2,observed_history_unknown_rule,src_33c96cbd4d19,origin data/VPD-OE_Agent_20260709/VPD-OE_Agent/data/raw/ZY/ZY05.xls,现金流量表,134.0,
52e99443ba30e19a,historical_cash_flow,historical_600_unknown_rule,unknown,ZY05,,132,5,2,Buy_Material,material_order,procurement,direct_decision,True,"{""materials"": {""R1"": 3, ""R2"": 2, ""R3"": 4, ""R4"": 2}}",complete,0.0,1843.0,订购原料 R1:3 R2:2 R3:4 R4:2,observed_history_unknown_rule,src_33c96cbd4d19,origin data/VPD-OE_Agent_20260709/VPD-OE_Agent/data/raw/ZY/ZY05.xls,现金流量表,135.0,
4adea7522166d379,historical_cash_flow,historical_600_unknown_rule,unknown,ZY05,,133,5,2,Buy_Workshop,factory_purchase,capacity,direct_decision,True,"{""factory_type"": ""大厂房""}",complete,-300.0,1543.0,购买[大厂房],observed_history_unknown_rule,src_33c96cbd4d19,origin data/VPD-OE_Agent_20260709/VPD-OE_Agent/data/raw/ZY/ZY05.xls,现金流量表,136.0,
da80d0ca19fa6985,historical_cash_flow,historical_600_unknown_rule,unknown,ZY05,,134,5,2,Product_Produce,production,production,direct_decision,True,"{""line_assignments"": [{""line_instance_id"": 204, ""product_id"": ""P2""}, {""line_instance_id"": 205, ""product_id"": ""P2""}, {""line_instance_id"": 206, ""product_id"": ""P3""}, {""line_instance_id"": 207, ""product_id"": ""P3""}, {""line_instance_id"": 239, ""product_id"": ""P1""}, {""line_instance_id"": 240, ""product_id"": ""P1""}]}",complete,-60.0,1483.0,204:P2 205:P2 206:P3 207:P3 239:P1 240:P1,observed_history_unknown_rule,src_33c96cbd4d19,origin data/VPD-OE_Agent_20260709/VPD-OE_Agent/data/raw/ZY/ZY05.xls,现金流量表,137.0,
f15823677970593a,historical_cash_flow,historical_600_unknown_rule,unknown,ZY05,,135,5,2,Invest_ProductLine,production_line_investment,capacity,committed_settlement,False,{},partial,-100.0,1383.0,投资在建生产线,observed_history_unknown_rule,src_33c96cbd4d19,origin data/VPD-OE_Agent_20260709/VPD-OE_Agent/data/raw/ZY/ZY05.xls,现金流量表,138.0,
959d2982f3a38c47,historical_cash_flow,historical_600_unknown_rule,unknown,ZY05,,136,5,2,Buy_ProductLine,production_line_order,capacity,direct_decision,True,"{""line_type"": ""半自动"", ""product_id"": ""P2""}",complete,-100.0,1283.0,订购[半自动]生产[P2],observed_history_unknown_rule,src_33c96cbd4d19,origin data/VPD-OE_Agent_20260709/VPD-OE_Agent/data/raw/ZY/ZY05.xls,现金流量表,139.0,
bb2d23598e35856d,historical_cash_flow,historical_600_unknown_rule,unknown,ZY05,,137,5,2,Buy_ProductLine,production_line_order,capacity,direct_decision,True,"{""line_type"": ""半自动"", ""product_id"": ""P2""}",complete,-100.0,1183.0,订购[半自动]生产[P2],observed_history_unknown_rule,src_33c96cbd4d19,origin data/VPD-OE_Agent_20260709/VPD-OE_Agent/data/raw/ZY/ZY05.xls,现金流量表,140.0,
df71314ecd4443db,historical_cash_flow,historical_600_unknown_rule,unknown,ZY05,,138,5,2,Buy_ProductLine,production_line_order,capacity,direct_decision,True,"{""line_type"": ""半自动"", ""product_id"": ""P3""}",complete,-100.0,1083.0,订购[半自动]生产[P3],observed_history_unknown_rule,src_33c96cbd4d19,origin data/VPD-OE_Agent_20260709/VPD-OE_Agent/data/raw/ZY/ZY05.xls,现金流量表,141.0,
b635607035fbdf82,historical_cash_flow,historical_600_unknown_rule,unknown,ZY05,,139,5,2,Buy_ProductLine,production_line_order,capacity,direct_decision,True,"{""line_type"": ""半自动"", ""product_id"": ""P3""}",complete,-100.0,983.0,订购[半自动]生产[P3],observed_history_unknown_rule,src_33c96cbd4d19,origin data/VPD-OE_Agent_20260709/VPD-OE_Agent/data/raw/ZY/ZY05.xls,现金流量表,142.0,
5bb52c3a72ea5822,historical_cash_flow,historical_600_unknown_rule,unknown,ZY05,,140,5,2,Update_Receivable,receivable_maturity,receivable,automatic_settlement,False,{},not_applicable,358.0,1341.0,更新应收款,observed_history_unknown_rule,src_33c96cbd4d19,origin data/VPD-OE_Agent_20260709/VPD-OE_Agent/data/raw/ZY/ZY05.xls,现金流量表,143.0,
00410594def3f9a6,historical_cash_flow,historical_600_unknown_rule,unknown,ZY05,,141,5,2,Pay_Overhaul,administrative_fee,period_close,automatic_settlement,False,{},not_applicable,-10.0,1331.0,支付行政管理费,observed_history_unknown_rule,src_33c96cbd4d19,origin data/VPD-OE_Agent_20260709/VPD-OE_Agent/data/raw/ZY/ZY05.xls,现金流量表,144.0,
2167fff7200dc2dd,historical_cash_flow,historical_600_unknown_rule,unknown,ZY05,,142,5,3,Pay_Material,material_receipt_payment,procurement,committed_settlement,False,"{""materials"": {""R1"": 3, ""R2"": 2, ""R3"": 4, ""R4"": 2}}",complete,-110.0,1221.0,支付原料费 R3:4 R4:2 R1:3 R2:2,observed_history_unknown_rule,src_33c96cbd4d19,origin data/VPD-OE_Agent_20260709/VPD-OE_Agent/data/raw/ZY/ZY05.xls,现金流量表,145.0,
083488429ee2bf45,historical_cash_flow,historical_600_unknown_rule,unknown,ZY05,,143,5,3,Buy_Material,material_order,procurement,direct_decision,True,"{""materials"": {""R1"": 2, ""R2"": 2}}",complete,0.0,1221.0,订购原料 R1:2 R2:2,observed_history_unknown_rule,src_33c96cbd4d19,origin data/VPD-OE_Agent_20260709/VPD-OE_Agent/data/raw/ZY/ZY05.xls,现金流量表,146.0,
54cf728aa5b44987,historical_cash_flow,historical_600_unknown_rule,unknown,ZY05,,144,5,3,Product_Produce,production,production,direct_decision,True,"{""line_assignments"": [{""line_instance_id"": 204, ""product_id"": ""P2""}, {""line_instance_id"": 205, ""product_id"": ""P2""}, {""line_instance_id"": 206, ""product_id"": ""P3""}, {""line_instance_id"": 207, ""product_id"": ""P3""}, {""line_instance_id"": 239, ""product_id"": ""P1""}]}",complete,-50.0,1171.0,204:P2 205:P2 206:P3 207:P3 239:P1,observed_history_unknown_rule,src_33c96cbd4d19,origin data/VPD-OE_Agent_20260709/VPD-OE_Agent/data/raw/ZY/ZY05.xls,现金流量表,147.0,
a4526e19f78f76a0,historical_cash_flow,historical_600_unknown_rule,unknown,ZY05,,145,5,3,Invest_ProductLine,production_line_investment,capacity,committed_settlement,False,{},partial,-100.0,1071.0,投资在建生产线,observed_history_unknown_rule,src_33c96cbd4d19,origin data/VPD-OE_Agent_20260709/VPD-OE_Agent/data/raw/ZY/ZY05.xls,现金流量表,148.0,
fdf94089a27a034d,historical_cash_flow,historical_600_unknown_rule,unknown,ZY05,,146,5,3,Buy_Workshop,factory_purchase,capacity,direct_decision,True,"{""factory_type"": ""大厂房""}",complete,-300.0,771.0,购买[大厂房],observed_history_unknown_rule,src_33c96cbd4d19,origin data/VPD-OE_Agent_20260709/VPD-OE_Agent/data/raw/ZY/ZY05.xls,现金流量表,149.0,
3b04a3ed8f89e4de,historical_cash_flow,historical_600_unknown_rule,unknown,ZY05,,147,5,3,Buy_ProductLine,production_line_order,capacity,direct_decision,True,"{""line_type"": ""半自动"", ""product_id"": ""P2""}",complete,-100.0,671.0,订购[半自动]生产[P2],observed_history_unknown_rule,src_33c96cbd4d19,origin data/VPD-OE_Agent_20260709/VPD-OE_Agent/data/raw/ZY/ZY05.xls,现金流量表,150.0,
143adfa8b9bc3a5d,historical_cash_flow,historical_600_unknown_rule,unknown,ZY05,,148,5,3,Buy_ProductLine,production_line_order,capacity,direct_decision,True,"{""line_type"": ""半自动"", ""product_id"": ""P3""}",complete,-100.0,571.0,订购[半自动]生产[P3],observed_history_unknown_rule,src_33c96cbd4d19,origin data/VPD-OE_Agent_20260709/VPD-OE_Agent/data/raw/ZY/ZY05.xls,现金流量表,151.0,
563db569eb0d6584,historical_cash_flow,historical_600_unknown_rule,unknown,ZY05,,149,5,3,Buy_ProductLine,production_line_order,capacity,direct_decision,True,"{""line_type"": ""半自动"", ""product_id"": ""P1""}",complete,-100.0,471.0,订购[半自动]生产[P1],observed_history_unknown_rule,src_33c96cbd4d19,origin data/VPD-OE_Agent_20260709/VPD-OE_Agent/data/raw/ZY/ZY05.xls,现金流量表,152.0,
64dba747d5b97bf4,historical_cash_flow,historical_600_unknown_rule,unknown,ZY05,,150,5,3,Buy_ProductLine,production_line_order,capacity,direct_decision,True,"{""line_type"": ""半自动"", ""product_id"": ""P4""}",complete,-100.0,371.0,订购[半自动]生产[P4],observed_history_unknown_rule,src_33c96cbd4d19,origin data/VPD-OE_Agent_20260709/VPD-OE_Agent/data/raw/ZY/ZY05.xls,现金流量表,153.0,
dda67a882b0a1910,historical_cash_flow,historical_600_unknown_rule,unknown,ZY05,,151,5,3,Pay_Overhaul,administrative_fee,period_close,automatic_settlement,False,{},not_applicable,-10.0,361.0,支付行政管理费,observed_history_unknown_rule,src_33c96cbd4d19,origin data/VPD-OE_Agent_20260709/VPD-OE_Agent/data/raw/ZY/ZY05.xls,现金流量表,154.0,
e0bdf62ce41788a1,historical_cash_flow,historical_600_unknown_rule,unknown,ZY05,,152,5,4,Pay_Material,material_receipt_payment,procurement,committed_settlement,False,"{""materials"": {""R1"": 2, ""R2"": 2, ""R3"": 4, ""R4"": 2}}",complete,-100.0,261.0,支付原料费 R3:4 R4:2 R1:2 R2:2,observed_history_unknown_rule,src_33c96cbd4d19,origin data/VPD-OE_Agent_20260709/VPD-OE_Agent/data/raw/ZY/ZY05.xls,现金流量表,155.0,
88158c3d172ce187,historical_cash_flow,historical_600_unknown_rule,unknown,ZY05,,153,5,4,Update_Receivable,receivable_maturity,receivable,automatic_settlement,False,{},not_applicable,162.0,423.0,更新应收款,observed_history_unknown_rule,src_33c96cbd4d19,origin data/VPD-OE_Agent_20260709/VPD-OE_Agent/data/raw/ZY/ZY05.xls,现金流量表,156.0,
09f50880bca06652,historical_cash_flow,historical_600_unknown_rule,unknown,ZY05,,154,5,4,RentTOBuy_Workshop,factory_rent_to_buy,capacity,conditional_decision,True,"{""factory_instance_id"": 64, ""factory_type"": ""大厂房""}",complete,-300.0,123.0,大厂房(64)租转买,observed_history_unknown_rule,src_33c96cbd4d19,origin data/VPD-OE_Agent_20260709/VPD-OE_Agent/data/raw/ZY/ZY05.xls,现金流量表,157.0,
ebe0b937103603fd,historical_cash_flow,historical_600_unknown_rule,unknown,ZY05,,155,5,4,Discount,receivable_discount,receivable,conditional_decision,True,"{""term_1_wan"": 340, ""term_2_wan"": 0, ""term_3_wan"": 0, ""term_4_wan"": 0}",complete,306.0,429.0,"1期贴现:340W,2期贴现:0W,3期贴现:0W,4期贴现:0W",observed_history_unknown_rule,src_33c96cbd4d19,origin data/VPD-OE_Agent_20260709/VPD-OE_Agent/data/raw/ZY/ZY05.xls,现金流量表,158.0,
88a692ca84990e03,historical_cash_flow,historical_600_unknown_rule,unknown,ZY05,,156,5,4,RentTOBuy_Workshop,factory_rent_to_buy,capacity,conditional_decision,True,"{""factory_instance_id"": 75, ""factory_type"": ""大厂房""}",complete,-300.0,129.0,大厂房(75)租转买,observed_history_unknown_rule,src_33c96cbd4d19,origin data/VPD-OE_Agent_20260709/VPD-OE_Agent/data/raw/ZY/ZY05.xls,现金流量表,159.0,
9fb3b9096077af13,historical_cash_flow,historical_600_unknown_rule,unknown,ZY05,,157,5,4,Discount,receivable_discount,receivable,conditional_decision,True,"{""term_1_wan"": 80, ""term_2_wan"": 0, ""term_3_wan"": 0, ""term_4_wan"": 0}",complete,72.0,201.0,"1期贴现:80W,2期贴现:0W,3期贴现:0W,4期贴现:0W",observed_history_unknown_rule,src_33c96cbd4d19,origin data/VPD-OE_Agent_20260709/VPD-OE_Agent/data/raw/ZY/ZY05.xls,现金流量表,160.0,
d626c6c4e3da75fc,historical_cash_flow,historical_600_unknown_rule,unknown,ZY05,,158,5,4,Pay_Overhaul,administrative_fee,period_close,automatic_settlement,False,{},not_applicable,-10.0,191.0,支付行政管理费,observed_history_unknown_rule,src_33c96cbd4d19,origin data/VPD-OE_Agent_20260709/VPD-OE_Agent/data/raw/ZY/ZY05.xls,现金流量表,161.0,
891e11e2ad294609,historical_cash_flow,historical_600_unknown_rule,unknown,ZY05,,159,5,4,Pay_Maintenance,maintenance,period_close,automatic_settlement,False,{},not_applicable,-160.0,31.0,支付维护费,observed_history_unknown_rule,src_33c96cbd4d19,origin data/VPD-OE_Agent_20260709/VPD-OE_Agent/data/raw/ZY/ZY05.xls,现金流量表,162.0,
b0287b79ed435235,historical_cash_flow,historical_600_unknown_rule,unknown,ZY06,,1,1,1,Pay_Capital,capital_injection,finance,exception_intervention,False,{},not_applicable,600.0,600.0,"公司成立,股东注资",observed_history_unknown_rule,src_aa724dd3736a,origin data/VPD-OE_Agent_20260709/VPD-OE_Agent/data/raw/ZY/ZY06.xls,现金流量表,4.0,
97ca88c548ca259a,historical_cash_flow,historical_600_unknown_rule,unknown,ZY06,,2,1,1,Long_Loan,long_loan_borrow,finance,conditional_decision,True,"{""principal_wan"": 304, ""term"": 5, ""term_unit"": ""year""}",complete,304.0,904.0,申请:5年 304W的长期贷款,observed_history_unknown_rule,src_aa724dd3736a,origin data/VPD-OE_Agent_20260709/VPD-OE_Agent/data/raw/ZY/ZY06.xls,现金流量表,5.0,
96fe042166d68acc,historical_cash_flow,historical_600_unknown_rule,unknown,ZY06,,3,1,1,Rent_Workshop,factory_rent,capacity,direct_decision,True,"{""factory_type"": ""大厂房""}",complete,-40.0,864.0,租用[大厂房],observed_history_unknown_rule,src_aa724dd3736a,origin data/VPD-OE_Agent_20260709/VPD-OE_Agent/data/raw/ZY/ZY06.xls,现金流量表,6.0,
86e45ed2696de928,historical_cash_flow,historical_600_unknown_rule,unknown,ZY06,,4,1,1,Develop_Product,product_development,qualification,direct_decision,True,"{""products"": [""P4""]}",complete,-10.0,854.0,产品生产资格投资: P4,observed_history_unknown_rule,src_aa724dd3736a,origin data/VPD-OE_Agent_20260709/VPD-OE_Agent/data/raw/ZY/ZY06.xls,现金流量表,7.0,
223f045ccef51258,historical_cash_flow,historical_600_unknown_rule,unknown,ZY06,,5,1,1,Pay_Overhaul,administrative_fee,period_close,automatic_settlement,False,{},not_applicable,-10.0,844.0,支付行政管理费,observed_history_unknown_rule,src_aa724dd3736a,origin data/VPD-OE_Agent_20260709/VPD-OE_Agent/data/raw/ZY/ZY06.xls,现金流量表,8.0,
c77a60f46d7a6555,historical_cash_flow,historical_600_unknown_rule,unknown,ZY06,,6,1,2,Develop_Product,product_development,qualification,direct_decision,True,"{""products"": [""P4""]}",complete,-10.0,834.0,产品生产资格投资: P4,observed_history_unknown_rule,src_aa724dd3736a,origin data/VPD-OE_Agent_20260709/VPD-OE_Agent/data/raw/ZY/ZY06.xls,现金流量表,9.0,
d5032a468772a970,historical_cash_flow,historical_600_unknown_rule,unknown,ZY06,,7,1,2,Pay_Overhaul,administrative_fee,period_close,automatic_settlement,False,{},not_applicable,-10.0,824.0,支付行政管理费,observed_history_unknown_rule,src_aa724dd3736a,origin data/VPD-OE_Agent_20260709/VPD-OE_Agent/data/raw/ZY/ZY06.xls,现金流量表,10.0,
fe1cc853ef57192b,historical_cash_flow,historical_600_unknown_rule,unknown,ZY06,,8,1,3,Buy_ProductLine,production_line_order,capacity,direct_decision,True,"{""line_type"": ""自动线"", ""product_id"": ""P4""}",complete,-50.0,774.0,订购[自动线]生产[P4],observed_history_unknown_rule,src_aa724dd3736a,origin data/VPD-OE_Agent_20260709/VPD-OE_Agent/data/raw/ZY/ZY06.xls,现金流量表,11.0,
d02ec0f9f3eb9f83,historical_cash_flow,historical_600_unknown_rule,unknown,ZY06,,9,1,3,Buy_ProductLine,production_line_order,capacity,direct_decision,True,"{""line_type"": ""自动线"", ""product_id"": ""P4""}",complete,-50.0,724.0,订购[自动线]生产[P4],observed_history_unknown_rule,src_aa724dd3736a,origin data/VPD-OE_Agent_20260709/VPD-OE_Agent/data/raw/ZY/ZY06.xls,现金流量表,12.0,
03a3cba40987d354,historical_cash_flow,historical_600_unknown_rule,unknown,ZY06,,10,1,3,Buy_ProductLine,production_line_order,capacity,direct_decision,True,"{""line_type"": ""自动线"", ""product_id"": ""P4""}",complete,-50.0,674.0,订购[自动线]生产[P4],observed_history_unknown_rule,src_aa724dd3736a,origin data/VPD-OE_Agent_20260709/VPD-OE_Agent/data/raw/ZY/ZY06.xls,现金流量表,13.0,
7e21d7b152939f13,historical_cash_flow,historical_600_unknown_rule,unknown,ZY06,,11,1,3,Buy_ProductLine,production_line_order,capacity,direct_decision,True,"{""line_type"": ""自动线"", ""product_id"": ""P4""}",complete,-50.0,624.0,订购[自动线]生产[P4],observed_history_unknown_rule,src_aa724dd3736a,origin data/VPD-OE_Agent_20260709/VPD-OE_Agent/data/raw/ZY/ZY06.xls,现金流量表,14.0,
f70881c9d1c73e39,historical_cash_flow,historical_600_unknown_rule,unknown,ZY06,,12,1,3,Develop_Product,product_development,qualification,direct_decision,True,"{""products"": [""P4""]}",complete,-10.0,614.0,产品生产资格投资: P4,observed_history_unknown_rule,src_aa724dd3736a,origin data/VPD-OE_Agent_20260709/VPD-OE_Agent/data/raw/ZY/ZY06.xls,现金流量表,15.0,
787b4c93e6fda9fe,historical_cash_flow,historical_600_unknown_rule,unknown,ZY06,,13,1,3,Pay_Overhaul,administrative_fee,period_close,automatic_settlement,False,{},not_applicable,-10.0,604.0,支付行政管理费,observed_history_unknown_rule,src_aa724dd3736a,origin data/VPD-OE_Agent_20260709/VPD-OE_Agent/data/raw/ZY/ZY06.xls,现金流量表,16.0,
06883f68d83abe6e,historical_cash_flow,historical_600_unknown_rule,unknown,ZY06,,14,1,4,Buy_Material,material_order,procurement,direct_decision,True,"{""materials"": {""R3"": 4, ""R4"": 4}}",complete,0.0,604.0,订购原料 R3:4 R4:4,observed_history_unknown_rule,src_aa724dd3736a,origin data/VPD-OE_Agent_20260709/VPD-OE_Agent/data/raw/ZY/ZY06.xls,现金流量表,17.0,
915292912945cf50,historical_cash_flow,historical_600_unknown_rule,unknown,ZY06,,15,1,4,Invest_ProductLine,production_line_investment,capacity,committed_settlement,False,{},partial,-200.0,404.0,投资在建生产线,observed_history_unknown_rule,src_aa724dd3736a,origin data/VPD-OE_Agent_20260709/VPD-OE_Agent/data/raw/ZY/ZY06.xls,现金流量表,18.0,
f99b36b1f111a3ed,historical_cash_flow,historical_600_unknown_rule,unknown,ZY06,,16,1,4,Develop_Product,product_development,qualification,direct_decision,True,"{""products"": [""P4""]}",complete,-10.0,394.0,产品生产资格投资: P4,observed_history_unknown_rule,src_aa724dd3736a,origin data/VPD-OE_Agent_20260709/VPD-OE_Agent/data/raw/ZY/ZY06.xls,现金流量表,19.0,
92f22c07d49ce4d0,historical_cash_flow,historical_600_unknown_rule,unknown,ZY06,,17,1,4,Develop_Market,market_development,qualification,direct_decision,True,"{""markets"": [""本地"", ""区域"", ""国内"", ""亚洲""]}",complete,-40.0,354.0,"市场开拓资格投资,开发项目:本地 区域 国内 亚洲",observed_history_unknown_rule,src_aa724dd3736a,origin data/VPD-OE_Agent_20260709/VPD-OE_Agent/data/raw/ZY/ZY06.xls,现金流量表,20.0,
83eff7819cbef27d,historical_cash_flow,historical_600_unknown_rule,unknown,ZY06,,18,1,4,Develop_ISO,iso_development,qualification,direct_decision,True,"{""certifications"": [""ISO9000""]}",complete,-10.0,344.0,"ISO认证资格投资,开发：ISO9000",observed_history_unknown_rule,src_aa724dd3736a,origin data/VPD-OE_Agent_20260709/VPD-OE_Agent/data/raw/ZY/ZY06.xls,现金流量表,21.0,
be36dd4d767dfaf8,historical_cash_flow,historical_600_unknown_rule,unknown,ZY06,,19,1,4,Pay_Overhaul,administrative_fee,period_close,automatic_settlement,False,{},not_applicable,-10.0,334.0,支付行政管理费,observed_history_unknown_rule,src_aa724dd3736a,origin data/VPD-OE_Agent_20260709/VPD-OE_Agent/data/raw/ZY/ZY06.xls,现金流量表,22.0,
e9022f5090c20c41,historical_cash_flow,historical_600_unknown_rule,unknown,ZY06,,20,2,1,Pay_Long_Loan,long_loan_repayment,finance,committed_settlement,False,{},partial,-30.0,304.0,支付长贷本息,observed_history_unknown_rule,src_aa724dd3736a,origin data/VPD-OE_Agent_20260709/VPD-OE_Agent/data/raw/ZY/ZY06.xls,现金流量表,23.0,
1e12e24d3bd615c9,historical_cash_flow,historical_600_unknown_rule,unknown,ZY06,,21,2,1,Pay_AD,advertising,sales,direct_decision,True,{},partial,-22.0,282.0,广告投放,observed_history_unknown_rule,src_aa724dd3736a,origin data/VPD-OE_Agent_20260709/VPD-OE_Agent/data/raw/ZY/ZY06.xls,现金流量表,24.0,
1062f008b1c74d5c,historical_cash_flow,historical_600_unknown_rule,unknown,ZY06,,22,2,1,Long_Loan,long_loan_borrow,finance,conditional_decision,True,"{""principal_wan"": 304, ""term"": 5, ""term_unit"": ""year""}",complete,304.0,586.0,申请:5年 304W的长期贷款,observed_history_unknown_rule,src_aa724dd3736a,origin data/VPD-OE_Agent_20260709/VPD-OE_Agent/data/raw/ZY/ZY06.xls,现金流量表,25.0,
d5773ecfd7c9477c,historical_cash_flow,historical_600_unknown_rule,unknown,ZY06,,23,2,1,Buy_Material,material_order,procurement,direct_decision,True,"{""materials"": {""R2"": 8, ""R3"": 4, ""R4"": 4}}",complete,0.0,586.0,订购原料 R2:8 R3:4 R4:4,observed_history_unknown_rule,src_aa724dd3736a,origin data/VPD-OE_Agent_20260709/VPD-OE_Agent/data/raw/ZY/ZY06.xls,现金流量表,26.0,
2445d1e6eec51281,historical_cash_flow,historical_600_unknown_rule,unknown,ZY06,,24,2,1,Invest_ProductLine,production_line_investment,capacity,committed_settlement,False,{},partial,-200.0,386.0,投资在建生产线,observed_history_unknown_rule,src_aa724dd3736a,origin data/VPD-OE_Agent_20260709/VPD-OE_Agent/data/raw/ZY/ZY06.xls,现金流量表,27.0,
e97f0ba5c2399d95,historical_cash_flow,historical_600_unknown_rule,unknown,ZY06,,25,2,1,Develop_Product,product_development,qualification,direct_decision,True,"{""products"": [""P4""]}",complete,-10.0,376.0,产品生产资格投资: P4,observed_history_unknown_rule,src_aa724dd3736a,origin data/VPD-OE_Agent_20260709/VPD-OE_Agent/data/raw/ZY/ZY06.xls,现金流量表,28.0,
3674dd8a6a6b6705,historical_cash_flow,historical_600_unknown_rule,unknown,ZY06,,26,2,1,Renew_Workshop,factory_rent_renewal,capacity,conditional_decision,True,{},not_applicable,-40.0,336.0,厂房续租,observed_history_unknown_rule,src_aa724dd3736a,origin data/VPD-OE_Agent_20260709/VPD-OE_Agent/data/raw/ZY/ZY06.xls,现金流量表,29.0,
659b6cd598928590,historical_cash_flow,historical_600_unknown_rule,unknown,ZY06,,27,2,1,Pay_Overhaul,administrative_fee,period_close,automatic_settlement,False,{},not_applicable,-10.0,326.0,支付行政管理费,observed_history_unknown_rule,src_aa724dd3736a,origin data/VPD-OE_Agent_20260709/VPD-OE_Agent/data/raw/ZY/ZY06.xls,现金流量表,30.0,
acab1830234d89e9,historical_cash_flow,historical_600_unknown_rule,unknown,ZY06,,28,2,2,Short_Loan,short_loan_borrow,finance,conditional_decision,True,"{""principal_wan"": 189, ""term"": 4, ""term_unit"": ""quarter""}",complete,189.0,515.0,申请:4季 189W的短期贷款,observed_history_unknown_rule,src_aa724dd3736a,origin data/VPD-OE_Agent_20260709/VPD-OE_Agent/data/raw/ZY/ZY06.xls,现金流量表,31.0,
4916087ae28bb7f6,historical_cash_flow,historical_600_unknown_rule,unknown,ZY06,,29,2,2,Pay_Material,material_receipt_payment,procurement,committed_settlement,False,"{""materials"": {""R2"": 8, ""R3"": 4, ""R4"": 4}}",complete,-160.0,355.0,支付原料费 R3:4 R4:4 R2:8,observed_history_unknown_rule,src_aa724dd3736a,origin data/VPD-OE_Agent_20260709/VPD-OE_Agent/data/raw/ZY/ZY06.xls,现金流量表,32.0,
bddbacf59172eae7,historical_cash_flow,historical_600_unknown_rule,unknown,ZY06,,30,2,2,Buy_Material,material_order,procurement,direct_decision,True,"{""materials"": {""R2"": 8, ""R3"": 4, ""R4"": 4}}",complete,0.0,355.0,订购原料 R2:8 R3:4 R4:4,observed_history_unknown_rule,src_aa724dd3736a,origin data/VPD-OE_Agent_20260709/VPD-OE_Agent/data/raw/ZY/ZY06.xls,现金流量表,33.0,
9b4d5488a8fe575d,historical_cash_flow,historical_600_unknown_rule,unknown,ZY06,,31,2,2,Product_Produce,production,production,direct_decision,True,"{""line_assignments"": [{""line_instance_id"": 195, ""product_id"": ""P4""}, {""line_instance_id"": 196, ""product_id"": ""P4""}, {""line_instance_id"": 197, ""product_id"": ""P4""}, {""line_instance_id"": 198, ""product_id"": ""P4""}]}",complete,-40.0,315.0,195:P4 196:P4 197:P4 198:P4,observed_history_unknown_rule,src_aa724dd3736a,origin data/VPD-OE_Agent_20260709/VPD-OE_Agent/data/raw/ZY/ZY06.xls,现金流量表,34.0,
c3d3ab478126b5a5,historical_cash_flow,historical_600_unknown_rule,unknown,ZY06,,32,2,2,Pay_Overhaul,administrative_fee,period_close,automatic_settlement,False,{},not_applicable,-10.0,305.0,支付行政管理费,observed_history_unknown_rule,src_aa724dd3736a,origin data/VPD-OE_Agent_20260709/VPD-OE_Agent/data/raw/ZY/ZY06.xls,现金流量表,35.0,
8f994814c79c2e46,historical_cash_flow,historical_600_unknown_rule,unknown,ZY06,,33,2,3,Short_Loan,short_loan_borrow,finance,conditional_decision,True,"{""principal_wan"": 149, ""term"": 4, ""term_unit"": ""quarter""}",complete,149.0,454.0,申请:4季 149W的短期贷款,observed_history_unknown_rule,src_aa724dd3736a,origin data/VPD-OE_Agent_20260709/VPD-OE_Agent/data/raw/ZY/ZY06.xls,现金流量表,36.0,
0eb43df6f7c1651a,historical_cash_flow,historical_600_unknown_rule,unknown,ZY06,,34,2,3,Pay_Material,material_receipt_payment,procurement,committed_settlement,False,"{""materials"": {""R2"": 8, ""R3"": 4, ""R4"": 4}}",complete,-160.0,294.0,支付原料费 R3:4 R4:4 R2:8,observed_history_unknown_rule,src_aa724dd3736a,origin data/VPD-OE_Agent_20260709/VPD-OE_Agent/data/raw/ZY/ZY06.xls,现金流量表,37.0,
f17333c2c35bfaa6,historical_cash_flow,historical_600_unknown_rule,unknown,ZY06,,35,2,3,Buy_Material,material_order,procurement,direct_decision,True,"{""materials"": {""R2"": 8, ""R3"": 4, ""R4"": 4}}",complete,0.0,294.0,订购原料 R2:8 R3:4 R4:4,observed_history_unknown_rule,src_aa724dd3736a,origin data/VPD-OE_Agent_20260709/VPD-OE_Agent/data/raw/ZY/ZY06.xls,现金流量表,38.0,
592159c27c6c53dc,historical_cash_flow,historical_600_unknown_rule,unknown,ZY06,,36,2,3,Product_Produce,production,production,direct_decision,True,"{""line_assignments"": [{""line_instance_id"": 195, ""product_id"": ""P4""}, {""line_instance_id"": 196, ""product_id"": ""P4""}, {""line_instance_id"": 197, ""product_id"": ""P4""}, {""line_instance_id"": 198, ""product_id"": ""P4""}]}",complete,-40.0,254.0,195:P4 196:P4 197:P4 198:P4,observed_history_unknown_rule,src_aa724dd3736a,origin data/VPD-OE_Agent_20260709/VPD-OE_Agent/data/raw/ZY/ZY06.xls,现金流量表,39.0,
08ec9d2a81f642b3,historical_cash_flow,historical_600_unknown_rule,unknown,ZY06,,37,2,3,Pay_Overhaul,administrative_fee,period_close,automatic_settlement,False,{},not_applicable,-10.0,244.0,支付行政管理费,observed_history_unknown_rule,src_aa724dd3736a,origin data/VPD-OE_Agent_20260709/VPD-OE_Agent/data/raw/ZY/ZY06.xls,现金流量表,40.0,
1920aef0561433a6,historical_cash_flow,historical_600_unknown_rule,unknown,ZY06,,38,2,4,Short_Loan,short_loan_borrow,finance,conditional_decision,True,"{""principal_wan"": 108, ""term"": 4, ""term_unit"": ""quarter""}",complete,108.0,352.0,申请:4季 108W的短期贷款,observed_history_unknown_rule,src_aa724dd3736a,origin data/VPD-OE_Agent_20260709/VPD-OE_Agent/data/raw/ZY/ZY06.xls,现金流量表,41.0,
9a93ae7e787e2f41,historical_cash_flow,historical_600_unknown_rule,unknown,ZY06,,39,2,4,Pay_Material,material_receipt_payment,procurement,committed_settlement,False,"{""materials"": {""R2"": 8, ""R3"": 4, ""R4"": 4}}",complete,-160.0,192.0,支付原料费 R3:4 R4:4 R2:8,observed_history_unknown_rule,src_aa724dd3736a,origin data/VPD-OE_Agent_20260709/VPD-OE_Agent/data/raw/ZY/ZY06.xls,现金流量表,42.0,
54f07e9373d27d50,historical_cash_flow,historical_600_unknown_rule,unknown,ZY06,,40,2,4,Buy_Material,material_order,procurement,direct_decision,True,"{""materials"": {""R2"": 8, ""R3"": 4, ""R4"": 4}}",complete,0.0,192.0,订购原料 R2:8 R3:4 R4:4,observed_history_unknown_rule,src_aa724dd3736a,origin data/VPD-OE_Agent_20260709/VPD-OE_Agent/data/raw/ZY/ZY06.xls,现金流量表,43.0,
73750da957a16b20,historical_cash_flow,historical_600_unknown_rule,unknown,ZY06,,41,2,4,Product_Produce,production,production,direct_decision,True,"{""line_assignments"": [{""line_instance_id"": 195, ""product_id"": ""P4""}, {""line_instance_id"": 196, ""product_id"": ""P4""}, {""line_instance_id"": 197, ""product_id"": ""P4""}, {""line_instance_id"": 198, ""product_id"": ""P4""}]}",complete,-40.0,152.0,195:P4 196:P4 197:P4 198:P4,observed_history_unknown_rule,src_aa724dd3736a,origin data/VPD-OE_Agent_20260709/VPD-OE_Agent/data/raw/ZY/ZY06.xls,现金流量表,44.0,
13d4a0b1f19b1bb4,historical_cash_flow,historical_600_unknown_rule,unknown,ZY06,,42,2,4,Develop_Market,market_development,qualification,direct_decision,True,"{""markets"": [""国内"", ""亚洲""]}",complete,-20.0,132.0,"市场开拓资格投资,开发项目:国内 亚洲",observed_history_unknown_rule,src_aa724dd3736a,origin data/VPD-OE_Agent_20260709/VPD-OE_Agent/data/raw/ZY/ZY06.xls,现金流量表,45.0,
620665b9c6022b18,historical_cash_flow,historical_600_unknown_rule,unknown,ZY06,,43,2,4,Develop_ISO,iso_development,qualification,direct_decision,True,"{""certifications"": [""ISO9000""]}",complete,-10.0,122.0,"ISO认证资格投资,开发：ISO9000",observed_history_unknown_rule,src_aa724dd3736a,origin data/VPD-OE_Agent_20260709/VPD-OE_Agent/data/raw/ZY/ZY06.xls,现金流量表,46.0,
3cbaa6eb50e3afbd,historical_cash_flow,historical_600_unknown_rule,unknown,ZY06,,44,2,4,Pay_Overhaul,administrative_fee,period_close,automatic_settlement,False,{},not_applicable,-10.0,112.0,支付行政管理费,observed_history_unknown_rule,src_aa724dd3736a,origin data/VPD-OE_Agent_20260709/VPD-OE_Agent/data/raw/ZY/ZY06.xls,现金流量表,47.0,
3040783d607b8c79,historical_cash_flow,historical_600_unknown_rule,unknown,ZY06,,45,2,4,Pay_Maintenance,maintenance,period_close,automatic_settlement,False,{},not_applicable,-40.0,72.0,支付维护费,observed_history_unknown_rule,src_aa724dd3736a,origin data/VPD-OE_Agent_20260709/VPD-OE_Agent/data/raw/ZY/ZY06.xls,现金流量表,48.0,
24d582513870ccae,historical_cash_flow,historical_600_unknown_rule,unknown,ZY06,,46,3,1,Discount,receivable_discount,receivable,conditional_decision,True,"{""term_1_wan"": 300, ""term_2_wan"": 0, ""term_3_wan"": 0, ""term_4_wan"": 0}",complete,270.0,342.0,"1期贴现:300W,2期贴现:0W,3期贴现:0W,4期贴现:0W",observed_history_unknown_rule,src_aa724dd3736a,origin data/VPD-OE_Agent_20260709/VPD-OE_Agent/data/raw/ZY/ZY06.xls,现金流量表,49.0,
7a400c20e9341a8d,historical_cash_flow,historical_600_unknown_rule,unknown,ZY06,,47,3,1,Pay_Tax,tax_payment,period_close,automatic_settlement,False,{},not_applicable,-23.0,319.0,支付上一年税金,observed_history_unknown_rule,src_aa724dd3736a,origin data/VPD-OE_Agent_20260709/VPD-OE_Agent/data/raw/ZY/ZY06.xls,现金流量表,50.0,
5a040e0af7c85b83,historical_cash_flow,historical_600_unknown_rule,unknown,ZY06,,48,3,1,Pay_Long_Loan,long_loan_repayment,finance,committed_settlement,False,{},partial,-61.0,258.0,支付长贷本息,observed_history_unknown_rule,src_aa724dd3736a,origin data/VPD-OE_Agent_20260709/VPD-OE_Agent/data/raw/ZY/ZY06.xls,现金流量表,51.0,
9d5bbd0863d5cd5e,historical_cash_flow,historical_600_unknown_rule,unknown,ZY06,,49,3,1,Pay_AD,advertising,sales,direct_decision,True,{},partial,-30.0,228.0,广告投放,observed_history_unknown_rule,src_aa724dd3736a,origin data/VPD-OE_Agent_20260709/VPD-OE_Agent/data/raw/ZY/ZY06.xls,现金流量表,52.0,
6e85200947fd15af,historical_cash_flow,historical_600_unknown_rule,unknown,ZY06,,50,3,1,Short_Loan,short_loan_borrow,finance,conditional_decision,True,"{""principal_wan"": 184, ""term"": 4, ""term_unit"": ""quarter""}",complete,184.0,412.0,申请:4季 184W的短期贷款,observed_history_unknown_rule,src_aa724dd3736a,origin data/VPD-OE_Agent_20260709/VPD-OE_Agent/data/raw/ZY/ZY06.xls,现金流量表,53.0,
be4b83f0cac74ecf,historical_cash_flow,historical_600_unknown_rule,unknown,ZY06,,51,3,1,Pay_Material,material_receipt_payment,procurement,committed_settlement,False,"{""materials"": {""R2"": 8, ""R3"": 4, ""R4"": 4}}",complete,-160.0,252.0,支付原料费 R3:4 R4:4 R2:8,observed_history_unknown_rule,src_aa724dd3736a,origin data/VPD-OE_Agent_20260709/VPD-OE_Agent/data/raw/ZY/ZY06.xls,现金流量表,54.0,
b051d9452d762e30,historical_cash_flow,historical_600_unknown_rule,unknown,ZY06,,52,3,1,Buy_Material,material_order,procurement,direct_decision,True,"{""materials"": {""R2"": 8, ""R3"": 4, ""R4"": 4}}",complete,0.0,252.0,订购原料 R2:8 R3:4 R4:4,observed_history_unknown_rule,src_aa724dd3736a,origin data/VPD-OE_Agent_20260709/VPD-OE_Agent/data/raw/ZY/ZY06.xls,现金流量表,55.0,
b4942a0e8ea828a9,historical_cash_flow,historical_600_unknown_rule,unknown,ZY06,,53,3,1,Product_Produce,production,production,direct_decision,True,"{""line_assignments"": [{""line_instance_id"": 195, ""product_id"": ""P4""}, {""line_instance_id"": 196, ""product_id"": ""P4""}, {""line_instance_id"": 197, ""product_id"": ""P4""}, {""line_instance_id"": 198, ""product_id"": ""P4""}]}",complete,-40.0,212.0,195:P4 196:P4 197:P4 198:P4,observed_history_unknown_rule,src_aa724dd3736a,origin data/VPD-OE_Agent_20260709/VPD-OE_Agent/data/raw/ZY/ZY06.xls,现金流量表,56.0,
34b33a1c0d5c0309,historical_cash_flow,historical_600_unknown_rule,unknown,ZY06,,54,3,1,Update_Receivable,receivable_maturity,receivable,automatic_settlement,False,{},not_applicable,102.0,314.0,更新应收款,observed_history_unknown_rule,src_aa724dd3736a,origin data/VPD-OE_Agent_20260709/VPD-OE_Agent/data/raw/ZY/ZY06.xls,现金流量表,57.0,
207ba9898e6b953f,historical_cash_flow,historical_600_unknown_rule,unknown,ZY06,,55,3,1,Renew_Workshop,factory_rent_renewal,capacity,conditional_decision,True,{},not_applicable,-40.0,274.0,厂房续租,observed_history_unknown_rule,src_aa724dd3736a,origin data/VPD-OE_Agent_20260709/VPD-OE_Agent/data/raw/ZY/ZY06.xls,现金流量表,58.0,
8d35ad4edaa5c656,historical_cash_flow,historical_600_unknown_rule,unknown,ZY06,,56,3,1,Pay_Overhaul,administrative_fee,period_close,automatic_settlement,False,{},not_applicable,-10.0,264.0,支付行政管理费,observed_history_unknown_rule,src_aa724dd3736a,origin data/VPD-OE_Agent_20260709/VPD-OE_Agent/data/raw/ZY/ZY06.xls,现金流量表,59.0,
978703c60a087119,historical_cash_flow,historical_600_unknown_rule,unknown,ZY06,,57,3,2,Pay_Short_Loan,short_loan_repayment,finance,committed_settlement,False,{},partial,-198.0,66.0,短贷还本息,observed_history_unknown_rule,src_aa724dd3736a,origin data/VPD-OE_Agent_20260709/VPD-OE_Agent/data/raw/ZY/ZY06.xls,现金流量表,60.0,
7dda8308a041c443,historical_cash_flow,historical_600_unknown_rule,unknown,ZY06,,58,3,2,Short_Loan,short_loan_borrow,finance,conditional_decision,True,"{""principal_wan"": 309, ""term"": 4, ""term_unit"": ""quarter""}",complete,309.0,375.0,申请:4季 309W的短期贷款,observed_history_unknown_rule,src_aa724dd3736a,origin data/VPD-OE_Agent_20260709/VPD-OE_Agent/data/raw/ZY/ZY06.xls,现金流量表,61.0,
1054f651ad6c2961,historical_cash_flow,historical_600_unknown_rule,unknown,ZY06,,59,3,2,Pay_Material,material_receipt_payment,procurement,committed_settlement,False,"{""materials"": {""R2"": 8, ""R3"": 4, ""R4"": 4}}",complete,-160.0,215.0,支付原料费 R3:4 R4:4 R2:8,observed_history_unknown_rule,src_aa724dd3736a,origin data/VPD-OE_Agent_20260709/VPD-OE_Agent/data/raw/ZY/ZY06.xls,现金流量表,62.0,
f947503804a7a40b,historical_cash_flow,historical_600_unknown_rule,unknown,ZY06,,60,3,2,Buy_Material,material_order,procurement,direct_decision,True,"{""materials"": {""R2"": 8, ""R3"": 4, ""R4"": 4}}",complete,0.0,215.0,订购原料 R2:8 R3:4 R4:4,observed_history_unknown_rule,src_aa724dd3736a,origin data/VPD-OE_Agent_20260709/VPD-OE_Agent/data/raw/ZY/ZY06.xls,现金流量表,63.0,
7a5a1b6eb38eda1c,historical_cash_flow,historical_600_unknown_rule,unknown,ZY06,,61,3,2,Product_Produce,production,production,direct_decision,True,"{""line_assignments"": [{""line_instance_id"": 195, ""product_id"": ""P4""}, {""line_instance_id"": 196, ""product_id"": ""P4""}, {""line_instance_id"": 197, ""product_id"": ""P4""}, {""line_instance_id"": 198, ""product_id"": ""P4""}]}",complete,-40.0,175.0,195:P4 196:P4 197:P4 198:P4,observed_history_unknown_rule,src_aa724dd3736a,origin data/VPD-OE_Agent_20260709/VPD-OE_Agent/data/raw/ZY/ZY06.xls,现金流量表,64.0,
4b65e649bc06d747,historical_cash_flow,historical_600_unknown_rule,unknown,ZY06,,62,3,2,Pay_Overhaul,administrative_fee,period_close,automatic_settlement,False,{},not_applicable,-10.0,165.0,支付行政管理费,observed_history_unknown_rule,src_aa724dd3736a,origin data/VPD-OE_Agent_20260709/VPD-OE_Agent/data/raw/ZY/ZY06.xls,现金流量表,65.0,
4708cccf82041624,historical_cash_flow,historical_600_unknown_rule,unknown,ZY06,,63,3,3,Pay_Short_Loan,short_loan_repayment,finance,committed_settlement,False,{},partial,-156.0,9.0,短贷还本息,observed_history_unknown_rule,src_aa724dd3736a,origin data/VPD-OE_Agent_20260709/VPD-OE_Agent/data/raw/ZY/ZY06.xls,现金流量表,66.0,
7a44d4b6cf962f91,historical_cash_flow,historical_600_unknown_rule,unknown,ZY06,,64,3,3,Short_Loan,short_loan_borrow,finance,conditional_decision,True,"{""principal_wan"": 199, ""term"": 4, ""term_unit"": ""quarter""}",complete,199.0,208.0,申请:4季 199W的短期贷款,observed_history_unknown_rule,src_aa724dd3736a,origin data/VPD-OE_Agent_20260709/VPD-OE_Agent/data/raw/ZY/ZY06.xls,现金流量表,67.0,
00365fd10fdcc1da,historical_cash_flow,historical_600_unknown_rule,unknown,ZY06,,65,3,3,Pay_Material,material_receipt_payment,procurement,committed_settlement,False,"{""materials"": {""R2"": 8, ""R3"": 4, ""R4"": 4}}",complete,-160.0,48.0,支付原料费 R3:4 R4:4 R2:8,observed_history_unknown_rule,src_aa724dd3736a,origin data/VPD-OE_Agent_20260709/VPD-OE_Agent/data/raw/ZY/ZY06.xls,现金流量表,68.0,
1684aff9716dd75f,historical_cash_flow,historical_600_unknown_rule,unknown,ZY06,,66,3,3,Buy_Material,material_order,procurement,direct_decision,True,"{""materials"": {""R2"": 8, ""R3"": 4, ""R4"": 4}}",complete,0.0,48.0,订购原料 R2:8 R3:4 R4:4,observed_history_unknown_rule,src_aa724dd3736a,origin data/VPD-OE_Agent_20260709/VPD-OE_Agent/data/raw/ZY/ZY06.xls,现金流量表,69.0,
75d7ca4d39a90d52,historical_cash_flow,historical_600_unknown_rule,unknown,ZY06,,67,3,3,Product_Produce,production,production,direct_decision,True,"{""line_assignments"": [{""line_instance_id"": 195, ""product_id"": ""P4""}, {""line_instance_id"": 196, ""product_id"": ""P4""}, {""line_instance_id"": 197, ""product_id"": ""P4""}, {""line_instance_id"": 198, ""product_id"": ""P4""}]}",complete,-40.0,8.0,195:P4 196:P4 197:P4 198:P4,observed_history_unknown_rule,src_aa724dd3736a,origin data/VPD-OE_Agent_20260709/VPD-OE_Agent/data/raw/ZY/ZY06.xls,现金流量表,70.0,
a7e5052a7b4d3f2e,historical_cash_flow,historical_600_unknown_rule,unknown,ZY06,,68,3,3,Update_Receivable,receivable_maturity,receivable,automatic_settlement,False,{},not_applicable,471.0,479.0,更新应收款,observed_history_unknown_rule,src_aa724dd3736a,origin data/VPD-OE_Agent_20260709/VPD-OE_Agent/data/raw/ZY/ZY06.xls,现金流量表,71.0,
6693c0f8bb527008,historical_cash_flow,historical_600_unknown_rule,unknown,ZY06,,69,3,3,Pay_Overhaul,administrative_fee,period_close,automatic_settlement,False,{},not_applicable,-10.0,469.0,支付行政管理费,observed_history_unknown_rule,src_aa724dd3736a,origin data/VPD-OE_Agent_20260709/VPD-OE_Agent/data/raw/ZY/ZY06.xls,现金流量表,72.0,
1e1fc39aec70cf85,historical_cash_flow,historical_600_unknown_rule,unknown,ZY06,,70,3,4,Pay_Short_Loan,short_loan_repayment,finance,committed_settlement,False,{},partial,-113.0,356.0,短贷还本息,observed_history_unknown_rule,src_aa724dd3736a,origin data/VPD-OE_Agent_20260709/VPD-OE_Agent/data/raw/ZY/ZY06.xls,现金流量表,73.0,
2e8ed50cd2c77ebd,historical_cash_flow,historical_600_unknown_rule,unknown,ZY06,,71,3,4,Pay_Material,material_receipt_payment,procurement,committed_settlement,False,"{""materials"": {""R2"": 8, ""R3"": 4, ""R4"": 4}}",complete,-160.0,196.0,支付原料费 R3:4 R4:4 R2:8,observed_history_unknown_rule,src_aa724dd3736a,origin data/VPD-OE_Agent_20260709/VPD-OE_Agent/data/raw/ZY/ZY06.xls,现金流量表,74.0,
a71780343df88fcd,historical_cash_flow,historical_600_unknown_rule,unknown,ZY06,,72,3,4,Buy_Material,material_order,procurement,direct_decision,True,"{""materials"": {""R2"": 8, ""R3"": 4, ""R4"": 4}}",complete,0.0,196.0,订购原料 R2:8 R3:4 R4:4,observed_history_unknown_rule,src_aa724dd3736a,origin data/VPD-OE_Agent_20260709/VPD-OE_Agent/data/raw/ZY/ZY06.xls,现金流量表,75.0,
307af3e7d988c33d,historical_cash_flow,historical_600_unknown_rule,unknown,ZY06,,73,3,4,Product_Produce,production,production,direct_decision,True,"{""line_assignments"": [{""line_instance_id"": 195, ""product_id"": ""P4""}, {""line_instance_id"": 196, ""product_id"": ""P4""}, {""line_instance_id"": 197, ""product_id"": ""P4""}, {""line_instance_id"": 198, ""product_id"": ""P4""}]}",complete,-40.0,156.0,195:P4 196:P4 197:P4 198:P4,observed_history_unknown_rule,src_aa724dd3736a,origin data/VPD-OE_Agent_20260709/VPD-OE_Agent/data/raw/ZY/ZY06.xls,现金流量表,76.0,
1e879bf53bbb086c,historical_cash_flow,historical_600_unknown_rule,unknown,ZY06,,74,3,4,Update_Receivable,receivable_maturity,receivable,automatic_settlement,False,{},not_applicable,613.0,769.0,更新应收款,observed_history_unknown_rule,src_aa724dd3736a,origin data/VPD-OE_Agent_20260709/VPD-OE_Agent/data/raw/ZY/ZY06.xls,现金流量表,77.0,
ed3f446fa4bee32f,historical_cash_flow,historical_600_unknown_rule,unknown,ZY06,,75,3,4,Develop_Market,market_development,qualification,direct_decision,True,"{""markets"": [""亚洲""]}",complete,-10.0,759.0,"市场开拓资格投资,开发项目:亚洲",observed_history_unknown_rule,src_aa724dd3736a,origin data/VPD-OE_Agent_20260709/VPD-OE_Agent/data/raw/ZY/ZY06.xls,现金流量表,78.0,
2930f0e6c76170f7,historical_cash_flow,historical_600_unknown_rule,unknown,ZY06,,76,3,4,Pay_Overhaul,administrative_fee,period_close,automatic_settlement,False,{},not_applicable,-10.0,749.0,支付行政管理费,observed_history_unknown_rule,src_aa724dd3736a,origin data/VPD-OE_Agent_20260709/VPD-OE_Agent/data/raw/ZY/ZY06.xls,现金流量表,79.0,
798a940179764c41,historical_cash_flow,historical_600_unknown_rule,unknown,ZY06,,77,3,4,Pay_Maintenance,maintenance,period_close,automatic_settlement,False,{},not_applicable,-40.0,709.0,支付维护费,observed_history_unknown_rule,src_aa724dd3736a,origin data/VPD-OE_Agent_20260709/VPD-OE_Agent/data/raw/ZY/ZY06.xls,现金流量表,80.0,
baf71a5ffd0ae6b4,historical_cash_flow,historical_600_unknown_rule,unknown,ZY06,,78,4,1,Pay_Tax,tax_payment,period_close,automatic_settlement,False,{},not_applicable,-108.0,601.0,支付上一年税金,observed_history_unknown_rule,src_aa724dd3736a,origin data/VPD-OE_Agent_20260709/VPD-OE_Agent/data/raw/ZY/ZY06.xls,现金流量表,81.0,
09a321d1ffb068d4,historical_cash_flow,historical_600_unknown_rule,unknown,ZY06,,79,4,1,Pay_Long_Loan,long_loan_repayment,finance,committed_settlement,False,{},partial,-61.0,540.0,支付长贷本息,observed_history_unknown_rule,src_aa724dd3736a,origin data/VPD-OE_Agent_20260709/VPD-OE_Agent/data/raw/ZY/ZY06.xls,现金流量表,82.0,
b040633bd8f6f6bd,historical_cash_flow,historical_600_unknown_rule,unknown,ZY06,,80,4,1,Pay_AD,advertising,sales,direct_decision,True,{},partial,-45.0,495.0,广告投放,observed_history_unknown_rule,src_aa724dd3736a,origin data/VPD-OE_Agent_20260709/VPD-OE_Agent/data/raw/ZY/ZY06.xls,现金流量表,83.0,
8a5267c2ad5deaf6,historical_cash_flow,historical_600_unknown_rule,unknown,ZY06,,81,4,1,Pay_Short_Loan,short_loan_repayment,finance,committed_settlement,False,{},partial,-193.0,302.0,短贷还本息,observed_history_unknown_rule,src_aa724dd3736a,origin data/VPD-OE_Agent_20260709/VPD-OE_Agent/data/raw/ZY/ZY06.xls,现金流量表,84.0,
b4eb0972c6749c39,historical_cash_flow,historical_600_unknown_rule,unknown,ZY06,,82,4,1,Pay_Material,material_receipt_payment,procurement,committed_settlement,False,"{""materials"": {""R2"": 8, ""R3"": 4, ""R4"": 4}}",complete,-160.0,142.0,支付原料费 R3:4 R4:4 R2:8,observed_history_unknown_rule,src_aa724dd3736a,origin data/VPD-OE_Agent_20260709/VPD-OE_Agent/data/raw/ZY/ZY06.xls,现金流量表,85.0,
ed5deeb3b1b3e9d2,historical_cash_flow,historical_600_unknown_rule,unknown,ZY06,,83,4,1,Buy_Material,material_order,procurement,direct_decision,True,"{""materials"": {""R2"": 8, ""R3"": 4, ""R4"": 4}}",complete,0.0,142.0,订购原料 R2:8 R3:4 R4:4,observed_history_unknown_rule,src_aa724dd3736a,origin data/VPD-OE_Agent_20260709/VPD-OE_Agent/data/raw/ZY/ZY06.xls,现金流量表,86.0,
0e90ae2074d2a059,historical_cash_flow,historical_600_unknown_rule,unknown,ZY06,,84,4,1,Product_Produce,production,production,direct_decision,True,"{""line_assignments"": [{""line_instance_id"": 195, ""product_id"": ""P4""}, {""line_instance_id"": 196, ""product_id"": ""P4""}, {""line_instance_id"": 197, ""product_id"": ""P4""}, {""line_instance_id"": 198, ""product_id"": ""P4""}]}",complete,-40.0,102.0,195:P4 196:P4 197:P4 198:P4,observed_history_unknown_rule,src_aa724dd3736a,origin data/VPD-OE_Agent_20260709/VPD-OE_Agent/data/raw/ZY/ZY06.xls,现金流量表,87.0,
1be75b497d426f39,historical_cash_flow,historical_600_unknown_rule,unknown,ZY06,,85,4,1,Update_Receivable,receivable_maturity,receivable,automatic_settlement,False,{},not_applicable,511.0,613.0,更新应收款,observed_history_unknown_rule,src_aa724dd3736a,origin data/VPD-OE_Agent_20260709/VPD-OE_Agent/data/raw/ZY/ZY06.xls,现金流量表,88.0,
868b54103ab01a6f,historical_cash_flow,historical_600_unknown_rule,unknown,ZY06,,86,4,1,Renew_Workshop,factory_rent_renewal,capacity,conditional_decision,True,{},not_applicable,-40.0,573.0,厂房续租,observed_history_unknown_rule,src_aa724dd3736a,origin data/VPD-OE_Agent_20260709/VPD-OE_Agent/data/raw/ZY/ZY06.xls,现金流量表,89.0,
a4579500f3eb60f5,historical_cash_flow,historical_600_unknown_rule,unknown,ZY06,,87,4,1,Pay_Overhaul,administrative_fee,period_close,automatic_settlement,False,{},not_applicable,-10.0,563.0,支付行政管理费,observed_history_unknown_rule,src_aa724dd3736a,origin data/VPD-OE_Agent_20260709/VPD-OE_Agent/data/raw/ZY/ZY06.xls,现金流量表,90.0,
9bdd7078e2c11611,historical_cash_flow,historical_600_unknown_rule,unknown,ZY06,,88,4,2,Pay_Short_Loan,short_loan_repayment,finance,committed_settlement,False,{},partial,-324.0,239.0,短贷还本息,observed_history_unknown_rule,src_aa724dd3736a,origin data/VPD-OE_Agent_20260709/VPD-OE_Agent/data/raw/ZY/ZY06.xls,现金流量表,91.0,
4e4b9afe7241462b,historical_cash_flow,historical_600_unknown_rule,unknown,ZY06,,89,4,2,Pay_Material,material_receipt_payment,procurement,committed_settlement,False,"{""materials"": {""R2"": 8, ""R3"": 4, ""R4"": 4}}",complete,-160.0,79.0,支付原料费 R3:4 R4:4 R2:8,observed_history_unknown_rule,src_aa724dd3736a,origin data/VPD-OE_Agent_20260709/VPD-OE_Agent/data/raw/ZY/ZY06.xls,现金流量表,92.0,
869efb4791ce5ec7,historical_cash_flow,historical_600_unknown_rule,unknown,ZY06,,90,4,2,Buy_Material,material_order,procurement,direct_decision,True,"{""materials"": {""R2"": 8, ""R3"": 4, ""R4"": 4}}",complete,0.0,79.0,订购原料 R2:8 R3:4 R4:4,observed_history_unknown_rule,src_aa724dd3736a,origin data/VPD-OE_Agent_20260709/VPD-OE_Agent/data/raw/ZY/ZY06.xls,现金流量表,93.0,
4078a259986ea548,historical_cash_flow,historical_600_unknown_rule,unknown,ZY06,,91,4,2,Product_Produce,production,production,direct_decision,True,"{""line_assignments"": [{""line_instance_id"": 195, ""product_id"": ""P4""}, {""line_instance_id"": 196, ""product_id"": ""P4""}, {""line_instance_id"": 197, ""product_id"": ""P4""}, {""line_instance_id"": 198, ""product_id"": ""P4""}]}",complete,-40.0,39.0,195:P4 196:P4 197:P4 198:P4,observed_history_unknown_rule,src_aa724dd3736a,origin data/VPD-OE_Agent_20260709/VPD-OE_Agent/data/raw/ZY/ZY06.xls,现金流量表,94.0,
d074d94009b61e30,historical_cash_flow,historical_600_unknown_rule,unknown,ZY06,,92,4,2,Update_Receivable,receivable_maturity,receivable,automatic_settlement,False,{},not_applicable,813.0,852.0,更新应收款,observed_history_unknown_rule,src_aa724dd3736a,origin data/VPD-OE_Agent_20260709/VPD-OE_Agent/data/raw/ZY/ZY06.xls,现金流量表,95.0,
7344b43cea6d0131,historical_cash_flow,historical_600_unknown_rule,unknown,ZY06,,93,4,2,Pay_Overhaul,administrative_fee,period_close,automatic_settlement,False,{},not_applicable,-10.0,842.0,支付行政管理费,observed_history_unknown_rule,src_aa724dd3736a,origin data/VPD-OE_Agent_20260709/VPD-OE_Agent/data/raw/ZY/ZY06.xls,现金流量表,96.0,
f168281ffb3c2620,historical_cash_flow,historical_600_unknown_rule,unknown,ZY06,,94,4,3,Pay_Short_Loan,short_loan_repayment,finance,committed_settlement,False,{},partial,-209.0,633.0,短贷还本息,observed_history_unknown_rule,src_aa724dd3736a,origin data/VPD-OE_Agent_20260709/VPD-OE_Agent/data/raw/ZY/ZY06.xls,现金流量表,97.0,
9ab26aaa518cd13b,historical_cash_flow,historical_600_unknown_rule,unknown,ZY06,,95,4,3,Pay_Material,material_receipt_payment,procurement,committed_settlement,False,"{""materials"": {""R2"": 8, ""R3"": 4, ""R4"": 4}}",complete,-160.0,473.0,支付原料费 R3:4 R4:4 R2:8,observed_history_unknown_rule,src_aa724dd3736a,origin data/VPD-OE_Agent_20260709/VPD-OE_Agent/data/raw/ZY/ZY06.xls,现金流量表,98.0,
938c1111f9535c91,historical_cash_flow,historical_600_unknown_rule,unknown,ZY06,,96,4,3,Product_Produce,production,production,direct_decision,True,"{""line_assignments"": [{""line_instance_id"": 195, ""product_id"": ""P4""}, {""line_instance_id"": 196, ""product_id"": ""P4""}, {""line_instance_id"": 197, ""product_id"": ""P4""}, {""line_instance_id"": 198, ""product_id"": ""P4""}]}",complete,-40.0,433.0,195:P4 196:P4 197:P4 198:P4,observed_history_unknown_rule,src_aa724dd3736a,origin data/VPD-OE_Agent_20260709/VPD-OE_Agent/data/raw/ZY/ZY06.xls,现金流量表,99.0,
8fe271eb040051ed,historical_cash_flow,historical_600_unknown_rule,unknown,ZY06,,97,4,3,Pay_Overhaul,administrative_fee,period_close,automatic_settlement,False,{},not_applicable,-10.0,423.0,支付行政管理费,observed_history_unknown_rule,src_aa724dd3736a,origin data/VPD-OE_Agent_20260709/VPD-OE_Agent/data/raw/ZY/ZY06.xls,现金流量表,100.0,
3585b3d72624256e,historical_cash_flow,historical_600_unknown_rule,unknown,ZY06,,98,4,4,Pay_Material,material_receipt_payment,procurement,committed_settlement,False,"{""materials"": {""R3"": 4, ""R4"": 4}}",complete,-80.0,343.0,支付原料费 R3:4 R4:4,observed_history_unknown_rule,src_aa724dd3736a,origin data/VPD-OE_Agent_20260709/VPD-OE_Agent/data/raw/ZY/ZY06.xls,现金流量表,101.0,
53f91cfb664b36b3,historical_cash_flow,historical_600_unknown_rule,unknown,ZY06,,99,4,4,Update_Receivable,receivable_maturity,receivable,automatic_settlement,False,{},not_applicable,282.0,625.0,更新应收款,observed_history_unknown_rule,src_aa724dd3736a,origin data/VPD-OE_Agent_20260709/VPD-OE_Agent/data/raw/ZY/ZY06.xls,现金流量表,102.0,
244a83e74ec32ad8,historical_cash_flow,historical_600_unknown_rule,unknown,ZY06,,100,4,4,Pay_Overhaul,administrative_fee,period_close,automatic_settlement,False,{},not_applicable,-10.0,615.0,支付行政管理费,observed_history_unknown_rule,src_aa724dd3736a,origin data/VPD-OE_Agent_20260709/VPD-OE_Agent/data/raw/ZY/ZY06.xls,现金流量表,103.0,
523db1ef2c6a9715,historical_cash_flow,historical_600_unknown_rule,unknown,ZY06,,101,4,4,Pay_Maintenance,maintenance,period_close,automatic_settlement,False,{},not_applicable,-40.0,575.0,支付维护费,observed_history_unknown_rule,src_aa724dd3736a,origin data/VPD-OE_Agent_20260709/VPD-OE_Agent/data/raw/ZY/ZY06.xls,现金流量表,104.0,
c074d291ba4bf577,historical_cash_flow,historical_600_unknown_rule,unknown,ZY06,,102,5,1,Pay_Long_Loan,long_loan_repayment,finance,committed_settlement,False,{},partial,-61.0,514.0,支付长贷本息,observed_history_unknown_rule,src_aa724dd3736a,origin data/VPD-OE_Agent_20260709/VPD-OE_Agent/data/raw/ZY/ZY06.xls,现金流量表,105.0,
e98fdd13251190b0,historical_cash_flow,historical_600_unknown_rule,unknown,ZY06,,103,5,1,Pay_AD,advertising,sales,direct_decision,True,{},partial,-138.0,376.0,广告投放,observed_history_unknown_rule,src_aa724dd3736a,origin data/VPD-OE_Agent_20260709/VPD-OE_Agent/data/raw/ZY/ZY06.xls,现金流量表,106.0,
5aca67533266b2bf,historical_cash_flow,historical_600_unknown_rule,unknown,ZY06,,104,5,1,Buy_Material,material_order,procurement,direct_decision,True,"{""materials"": {""R2"": 8, ""R3"": 4, ""R4"": 4}}",complete,0.0,376.0,订购原料 R2:8 R3:4 R4:4,observed_history_unknown_rule,src_aa724dd3736a,origin data/VPD-OE_Agent_20260709/VPD-OE_Agent/data/raw/ZY/ZY06.xls,现金流量表,107.0,
08d89c133c4e2742,historical_cash_flow,historical_600_unknown_rule,unknown,ZY06,,105,5,1,Renew_Workshop,factory_rent_renewal,capacity,conditional_decision,True,{},not_applicable,-40.0,336.0,厂房续租,observed_history_unknown_rule,src_aa724dd3736a,origin data/VPD-OE_Agent_20260709/VPD-OE_Agent/data/raw/ZY/ZY06.xls,现金流量表,108.0,
c009c547b4c4928c,historical_cash_flow,historical_600_unknown_rule,unknown,ZY06,,106,5,1,Pay_Overhaul,administrative_fee,period_close,automatic_settlement,False,{},not_applicable,-10.0,326.0,支付行政管理费,observed_history_unknown_rule,src_aa724dd3736a,origin data/VPD-OE_Agent_20260709/VPD-OE_Agent/data/raw/ZY/ZY06.xls,现金流量表,109.0,
5467fde5252148e2,historical_cash_flow,historical_600_unknown_rule,unknown,ZY06,,107,5,2,Pay_Material,material_receipt_payment,procurement,committed_settlement,False,"{""materials"": {""R2"": 8}}",complete,-80.0,246.0,支付原料费 R2:8,observed_history_unknown_rule,src_aa724dd3736a,origin data/VPD-OE_Agent_20260709/VPD-OE_Agent/data/raw/ZY/ZY06.xls,现金流量表,110.0,
50ddb4d1915d4945,historical_cash_flow,historical_600_unknown_rule,unknown,ZY06,,108,5,2,Buy_Material,material_order,procurement,direct_decision,True,"{""materials"": {""R2"": 8}}",complete,0.0,246.0,订购原料 R2:8,observed_history_unknown_rule,src_aa724dd3736a,origin data/VPD-OE_Agent_20260709/VPD-OE_Agent/data/raw/ZY/ZY06.xls,现金流量表,111.0,
9a53b0713734a5cf,historical_cash_flow,historical_600_unknown_rule,unknown,ZY06,,109,5,2,Product_Produce,production,production,direct_decision,True,"{""line_assignments"": [{""line_instance_id"": 195, ""product_id"": ""P4""}, {""line_instance_id"": 196, ""product_id"": ""P4""}, {""line_instance_id"": 197, ""product_id"": ""P4""}, {""line_instance_id"": 198, ""product_id"": ""P4""}]}",complete,-40.0,206.0,195:P4 196:P4 197:P4 198:P4,observed_history_unknown_rule,src_aa724dd3736a,origin data/VPD-OE_Agent_20260709/VPD-OE_Agent/data/raw/ZY/ZY06.xls,现金流量表,112.0,
fc86cf68aea29f49,historical_cash_flow,historical_600_unknown_rule,unknown,ZY06,,110,5,2,Pay_Overhaul,administrative_fee,period_close,automatic_settlement,False,{},not_applicable,-10.0,196.0,支付行政管理费,observed_history_unknown_rule,src_aa724dd3736a,origin data/VPD-OE_Agent_20260709/VPD-OE_Agent/data/raw/ZY/ZY06.xls,现金流量表,113.0,
18f4c30299986ab2,historical_cash_flow,historical_600_unknown_rule,unknown,ZY06,,111,5,3,Short_Loan,short_loan_borrow,finance,conditional_decision,True,"{""principal_wan"": 29, ""term"": 4, ""term_unit"": ""quarter""}",complete,29.0,225.0,申请:4季 29W的短期贷款,observed_history_unknown_rule,src_aa724dd3736a,origin data/VPD-OE_Agent_20260709/VPD-OE_Agent/data/raw/ZY/ZY06.xls,现金流量表,114.0,
dcf93fd76b60e2a6,historical_cash_flow,historical_600_unknown_rule,unknown,ZY06,,112,5,3,Pay_Material,material_receipt_payment,procurement,committed_settlement,False,"{""materials"": {""R2"": 8, ""R3"": 4, ""R4"": 4}}",complete,-160.0,65.0,支付原料费 R3:4 R4:4 R2:8,observed_history_unknown_rule,src_aa724dd3736a,origin data/VPD-OE_Agent_20260709/VPD-OE_Agent/data/raw/ZY/ZY06.xls,现金流量表,115.0,
054cf37e8050db56,historical_cash_flow,historical_600_unknown_rule,unknown,ZY06,,113,5,3,Product_Produce,production,production,direct_decision,True,"{""line_assignments"": [{""line_instance_id"": 195, ""product_id"": ""P4""}, {""line_instance_id"": 196, ""product_id"": ""P4""}, {""line_instance_id"": 197, ""product_id"": ""P4""}, {""line_instance_id"": 198, ""product_id"": ""P4""}]}",complete,-40.0,25.0,195:P4 196:P4 197:P4 198:P4,observed_history_unknown_rule,src_aa724dd3736a,origin data/VPD-OE_Agent_20260709/VPD-OE_Agent/data/raw/ZY/ZY06.xls,现金流量表,116.0,
914be1450e26e347,historical_cash_flow,historical_600_unknown_rule,unknown,ZY06,,114,5,3,Update_Receivable,receivable_maturity,receivable,automatic_settlement,False,{},not_applicable,847.0,872.0,更新应收款,observed_history_unknown_rule,src_aa724dd3736a,origin data/VPD-OE_Agent_20260709/VPD-OE_Agent/data/raw/ZY/ZY06.xls,现金流量表,117.0,
26f62f9e78255fcd,historical_cash_flow,historical_600_unknown_rule,unknown,ZY06,,115,5,3,Pay_Overhaul,administrative_fee,period_close,automatic_settlement,False,{},not_applicable,-10.0,862.0,支付行政管理费,observed_history_unknown_rule,src_aa724dd3736a,origin data/VPD-OE_Agent_20260709/VPD-OE_Agent/data/raw/ZY/ZY06.xls,现金流量表,118.0,
b3551bb7b734c176,historical_cash_flow,historical_600_unknown_rule,unknown,ZY06,,116,5,4,Buy_Workshop,factory_purchase,capacity,direct_decision,True,"{""factory_type"": ""大厂房""}",complete,-300.0,562.0,购买[大厂房],observed_history_unknown_rule,src_aa724dd3736a,origin data/VPD-OE_Agent_20260709/VPD-OE_Agent/data/raw/ZY/ZY06.xls,现金流量表,119.0,
ff87cb03ce2efae0,historical_cash_flow,historical_600_unknown_rule,unknown,ZY06,,117,5,4,Buy_Workshop,factory_purchase,capacity,direct_decision,True,"{""factory_type"": ""大厂房""}",complete,-300.0,262.0,购买[大厂房],observed_history_unknown_rule,src_aa724dd3736a,origin data/VPD-OE_Agent_20260709/VPD-OE_Agent/data/raw/ZY/ZY06.xls,现金流量表,120.0,
861719ac2e595299,historical_cash_flow,historical_600_unknown_rule,unknown,ZY06,,118,5,4,Discount,receivable_discount,receivable,conditional_decision,True,"{""term_1_wan"": 0, ""term_2_wan"": 272, ""term_3_wan"": 0, ""term_4_wan"": 0}",complete,244.0,506.0,"1期贴现:0W,2期贴现:272W,3期贴现:0W,4期贴现:0W",observed_history_unknown_rule,src_aa724dd3736a,origin data/VPD-OE_Agent_20260709/VPD-OE_Agent/data/raw/ZY/ZY06.xls,现金流量表,121.0,
14abeeed6b7ab994,historical_cash_flow,historical_600_unknown_rule,unknown,ZY06,,119,5,4,Buy_Workshop,factory_purchase,capacity,direct_decision,True,"{""factory_type"": ""大厂房""}",complete,-300.0,206.0,购买[大厂房],observed_history_unknown_rule,src_aa724dd3736a,origin data/VPD-OE_Agent_20260709/VPD-OE_Agent/data/raw/ZY/ZY06.xls,现金流量表,122.0,
07e92d2c797d8cc8,historical_cash_flow,historical_600_unknown_rule,unknown,ZY06,,120,5,4,Buy_ProductLine,production_line_order,capacity,direct_decision,True,"{""line_type"": ""手工线"", ""product_id"": ""P4""}",complete,-50.0,156.0,订购[手工线]生产[P4],observed_history_unknown_rule,src_aa724dd3736a,origin data/VPD-OE_Agent_20260709/VPD-OE_Agent/data/raw/ZY/ZY06.xls,现金流量表,123.0,
d0acff7198566f22,historical_cash_flow,historical_600_unknown_rule,unknown,ZY06,,121,5,4,Buy_ProductLine,production_line_order,capacity,direct_decision,True,"{""line_type"": ""手工线"", ""product_id"": ""P4""}",complete,-50.0,106.0,订购[手工线]生产[P4],observed_history_unknown_rule,src_aa724dd3736a,origin data/VPD-OE_Agent_20260709/VPD-OE_Agent/data/raw/ZY/ZY06.xls,现金流量表,124.0,
3a2e406b7785f9bb,historical_cash_flow,historical_600_unknown_rule,unknown,ZY06,,122,5,4,Buy_ProductLine,production_line_order,capacity,direct_decision,True,"{""line_type"": ""手工线"", ""product_id"": ""P4""}",complete,-50.0,56.0,订购[手工线]生产[P4],observed_history_unknown_rule,src_aa724dd3736a,origin data/VPD-OE_Agent_20260709/VPD-OE_Agent/data/raw/ZY/ZY06.xls,现金流量表,125.0,
1a00e211b7e3cfd9,historical_cash_flow,historical_600_unknown_rule,unknown,ZY06,,123,5,4,Buy_ProductLine,production_line_order,capacity,direct_decision,True,"{""line_type"": ""手工线"", ""product_id"": ""P4""}",complete,-50.0,6.0,订购[手工线]生产[P4],observed_history_unknown_rule,src_aa724dd3736a,origin data/VPD-OE_Agent_20260709/VPD-OE_Agent/data/raw/ZY/ZY06.xls,现金流量表,126.0,
9261ce63a03dda99,historical_cash_flow,historical_600_unknown_rule,unknown,ZY06,,124,5,4,Discount,receivable_discount,receivable,conditional_decision,True,"{""term_1_wan"": 0, ""term_2_wan"": 100, ""term_3_wan"": 0, ""term_4_wan"": 0}",complete,90.0,96.0,"1期贴现:0W,2期贴现:100W,3期贴现:0W,4期贴现:0W",observed_history_unknown_rule,src_aa724dd3736a,origin data/VPD-OE_Agent_20260709/VPD-OE_Agent/data/raw/ZY/ZY06.xls,现金流量表,127.0,
f097ca44f4072a67,historical_cash_flow,historical_600_unknown_rule,unknown,ZY06,,125,5,4,Pay_Overhaul,administrative_fee,period_close,automatic_settlement,False,{},not_applicable,-10.0,86.0,支付行政管理费,observed_history_unknown_rule,src_aa724dd3736a,origin data/VPD-OE_Agent_20260709/VPD-OE_Agent/data/raw/ZY/ZY06.xls,现金流量表,128.0,
6ee0fe00788a7a4a,historical_cash_flow,historical_600_unknown_rule,unknown,ZY06,,126,5,4,Pay_Maintenance,maintenance,period_close,automatic_settlement,False,{},not_applicable,-80.0,6.0,支付维护费,observed_history_unknown_rule,src_aa724dd3736a,origin data/VPD-OE_Agent_20260709/VPD-OE_Agent/data/raw/ZY/ZY06.xls,现金流量表,129.0,
2ff41ed8b3e0b959,historical_cash_flow,historical_600_unknown_rule,unknown,ZY07,,1,1,1,Pay_Capital,capital_injection,finance,exception_intervention,False,{},not_applicable,600.0,600.0,"公司成立,股东注资",observed_history_unknown_rule,src_610d5b6cd311,origin data/VPD-OE_Agent_20260709/VPD-OE_Agent/data/raw/ZY/ZY07.xls,现金流量表,4.0,
9d5235a6e223e1a7,historical_cash_flow,historical_600_unknown_rule,unknown,ZY07,,2,1,1,Develop_Product,product_development,qualification,direct_decision,True,"{""products"": [""P2"", ""P3""]}",complete,-20.0,580.0,产品生产资格投资: P2 P3,observed_history_unknown_rule,src_610d5b6cd311,origin data/VPD-OE_Agent_20260709/VPD-OE_Agent/data/raw/ZY/ZY07.xls,现金流量表,5.0,
41a3fd37e39fda66,historical_cash_flow,historical_600_unknown_rule,unknown,ZY07,,3,1,1,Pay_Overhaul,administrative_fee,period_close,automatic_settlement,False,{},not_applicable,-10.0,570.0,支付行政管理费,observed_history_unknown_rule,src_610d5b6cd311,origin data/VPD-OE_Agent_20260709/VPD-OE_Agent/data/raw/ZY/ZY07.xls,现金流量表,6.0,
b80e15b3fa58e690,historical_cash_flow,historical_600_unknown_rule,unknown,ZY07,,4,1,2,Rent_Workshop,factory_rent,capacity,direct_decision,True,"{""factory_type"": ""大厂房""}",complete,-40.0,530.0,租用[大厂房],observed_history_unknown_rule,src_610d5b6cd311,origin data/VPD-OE_Agent_20260709/VPD-OE_Agent/data/raw/ZY/ZY07.xls,现金流量表,7.0,
81920ddcc0c9c903,historical_cash_flow,historical_600_unknown_rule,unknown,ZY07,,5,1,2,Buy_ProductLine,production_line_order,capacity,direct_decision,True,"{""line_type"": ""自动线"", ""product_id"": ""P2""}",complete,-50.0,480.0,订购[自动线]生产[P2],observed_history_unknown_rule,src_610d5b6cd311,origin data/VPD-OE_Agent_20260709/VPD-OE_Agent/data/raw/ZY/ZY07.xls,现金流量表,8.0,
0a019fb5bca20484,historical_cash_flow,historical_600_unknown_rule,unknown,ZY07,,6,1,2,Buy_ProductLine,production_line_order,capacity,direct_decision,True,"{""line_type"": ""自动线"", ""product_id"": ""P2""}",complete,-50.0,430.0,订购[自动线]生产[P2],observed_history_unknown_rule,src_610d5b6cd311,origin data/VPD-OE_Agent_20260709/VPD-OE_Agent/data/raw/ZY/ZY07.xls,现金流量表,9.0,
bc03a2afae099401,historical_cash_flow,historical_600_unknown_rule,unknown,ZY07,,7,1,2,Buy_ProductLine,production_line_order,capacity,direct_decision,True,"{""line_type"": ""自动线"", ""product_id"": ""P3""}",complete,-50.0,380.0,订购[自动线]生产[P3],observed_history_unknown_rule,src_610d5b6cd311,origin data/VPD-OE_Agent_20260709/VPD-OE_Agent/data/raw/ZY/ZY07.xls,现金流量表,10.0,
6cc928cd81e93c8a,historical_cash_flow,historical_600_unknown_rule,unknown,ZY07,,8,1,2,Buy_ProductLine,production_line_order,capacity,direct_decision,True,"{""line_type"": ""自动线"", ""product_id"": ""P3""}",complete,-50.0,330.0,订购[自动线]生产[P3],observed_history_unknown_rule,src_610d5b6cd311,origin data/VPD-OE_Agent_20260709/VPD-OE_Agent/data/raw/ZY/ZY07.xls,现金流量表,11.0,
c7e6959e91462836,historical_cash_flow,historical_600_unknown_rule,unknown,ZY07,,9,1,2,Develop_Product,product_development,qualification,direct_decision,True,"{""products"": [""P2"", ""P3""]}",complete,-20.0,310.0,产品生产资格投资: P2 P3,observed_history_unknown_rule,src_610d5b6cd311,origin data/VPD-OE_Agent_20260709/VPD-OE_Agent/data/raw/ZY/ZY07.xls,现金流量表,12.0,
995df6eb51effab8,historical_cash_flow,historical_600_unknown_rule,unknown,ZY07,,10,1,2,Pay_Overhaul,administrative_fee,period_close,automatic_settlement,False,{},not_applicable,-10.0,300.0,支付行政管理费,observed_history_unknown_rule,src_610d5b6cd311,origin data/VPD-OE_Agent_20260709/VPD-OE_Agent/data/raw/ZY/ZY07.xls,现金流量表,13.0,
36286507b297a8ba,historical_cash_flow,historical_600_unknown_rule,unknown,ZY07,,11,1,3,Short_Loan,short_loan_borrow,finance,conditional_decision,True,"{""principal_wan"": 309, ""term"": 4, ""term_unit"": ""quarter""}",complete,309.0,609.0,申请:4季 309W的短期贷款,observed_history_unknown_rule,src_610d5b6cd311,origin data/VPD-OE_Agent_20260709/VPD-OE_Agent/data/raw/ZY/ZY07.xls,现金流量表,14.0,
5911c52aa2be0503,historical_cash_flow,historical_600_unknown_rule,unknown,ZY07,,12,1,3,Invest_ProductLine,production_line_investment,capacity,committed_settlement,False,{},partial,-200.0,409.0,投资在建生产线,observed_history_unknown_rule,src_610d5b6cd311,origin data/VPD-OE_Agent_20260709/VPD-OE_Agent/data/raw/ZY/ZY07.xls,现金流量表,15.0,
e8249547b62c7552,historical_cash_flow,historical_600_unknown_rule,unknown,ZY07,,13,1,3,Buy_Material,material_order,procurement,direct_decision,True,"{""materials"": {""R3"": 4, ""R4"": 2}}",complete,0.0,409.0,订购原料 R3:4 R4:2,observed_history_unknown_rule,src_610d5b6cd311,origin data/VPD-OE_Agent_20260709/VPD-OE_Agent/data/raw/ZY/ZY07.xls,现金流量表,16.0,
b8e62fdb248d276d,historical_cash_flow,historical_600_unknown_rule,unknown,ZY07,,14,1,3,Develop_Product,product_development,qualification,direct_decision,True,"{""products"": [""P2"", ""P3""]}",complete,-20.0,389.0,产品生产资格投资: P2 P3,observed_history_unknown_rule,src_610d5b6cd311,origin data/VPD-OE_Agent_20260709/VPD-OE_Agent/data/raw/ZY/ZY07.xls,现金流量表,17.0,
d74f5f3a04ad7488,historical_cash_flow,historical_600_unknown_rule,unknown,ZY07,,15,1,3,Pay_Overhaul,administrative_fee,period_close,automatic_settlement,False,{},not_applicable,-10.0,379.0,支付行政管理费,observed_history_unknown_rule,src_610d5b6cd311,origin data/VPD-OE_Agent_20260709/VPD-OE_Agent/data/raw/ZY/ZY07.xls,现金流量表,18.0,
4196b4ccc2038d64,historical_cash_flow,historical_600_unknown_rule,unknown,ZY07,,16,1,4,Short_Loan,short_loan_borrow,finance,conditional_decision,True,"{""principal_wan"": 309, ""term"": 4, ""term_unit"": ""quarter""}",complete,309.0,688.0,申请:4季 309W的短期贷款,observed_history_unknown_rule,src_610d5b6cd311,origin data/VPD-OE_Agent_20260709/VPD-OE_Agent/data/raw/ZY/ZY07.xls,现金流量表,19.0,
82d2f996dbd37d7c,historical_cash_flow,historical_600_unknown_rule,unknown,ZY07,,17,1,4,Buy_Material,material_order,procurement,direct_decision,True,"{""materials"": {""R1"": 2, ""R2"": 2, ""R3"": 4, ""R4"": 2}}",complete,0.0,688.0,订购原料 R1:2 R2:2 R3:4 R4:2,observed_history_unknown_rule,src_610d5b6cd311,origin data/VPD-OE_Agent_20260709/VPD-OE_Agent/data/raw/ZY/ZY07.xls,现金流量表,20.0,
7082304b1a1c36e5,historical_cash_flow,historical_600_unknown_rule,unknown,ZY07,,18,1,4,Invest_ProductLine,production_line_investment,capacity,committed_settlement,False,{},partial,-200.0,488.0,投资在建生产线,observed_history_unknown_rule,src_610d5b6cd311,origin data/VPD-OE_Agent_20260709/VPD-OE_Agent/data/raw/ZY/ZY07.xls,现金流量表,21.0,
e552da44087aac7a,historical_cash_flow,historical_600_unknown_rule,unknown,ZY07,,19,1,4,Develop_Product,product_development,qualification,direct_decision,True,"{""products"": [""P3""]}",complete,-10.0,478.0,产品生产资格投资: P3,observed_history_unknown_rule,src_610d5b6cd311,origin data/VPD-OE_Agent_20260709/VPD-OE_Agent/data/raw/ZY/ZY07.xls,现金流量表,22.0,
6eed6849c365daed,historical_cash_flow,historical_600_unknown_rule,unknown,ZY07,,20,1,4,Develop_ISO,iso_development,qualification,direct_decision,True,"{""certifications"": [""ISO14000"", ""ISO9000""]}",complete,-30.0,448.0,"ISO认证资格投资,开发：ISO9000 ISO14000",observed_history_unknown_rule,src_610d5b6cd311,origin data/VPD-OE_Agent_20260709/VPD-OE_Agent/data/raw/ZY/ZY07.xls,现金流量表,23.0,
d439c992274604c1,historical_cash_flow,historical_600_unknown_rule,unknown,ZY07,,21,1,4,Develop_Market,market_development,qualification,direct_decision,True,"{""markets"": [""本地"", ""区域"", ""国内"", ""亚洲"", ""国际""]}",complete,-50.0,398.0,"市场开拓资格投资,开发项目:本地 区域 国内 亚洲 国际",observed_history_unknown_rule,src_610d5b6cd311,origin data/VPD-OE_Agent_20260709/VPD-OE_Agent/data/raw/ZY/ZY07.xls,现金流量表,24.0,
ec0412559a5d35d6,historical_cash_flow,historical_600_unknown_rule,unknown,ZY07,,22,1,4,Pay_Overhaul,administrative_fee,period_close,automatic_settlement,False,{},not_applicable,-10.0,388.0,支付行政管理费,observed_history_unknown_rule,src_610d5b6cd311,origin data/VPD-OE_Agent_20260709/VPD-OE_Agent/data/raw/ZY/ZY07.xls,现金流量表,25.0,
06e136ebcad18838,historical_cash_flow,historical_600_unknown_rule,unknown,ZY07,,23,2,1,Pay_AD,advertising,sales,direct_decision,True,{},partial,-60.0,328.0,广告投放,observed_history_unknown_rule,src_610d5b6cd311,origin data/VPD-OE_Agent_20260709/VPD-OE_Agent/data/raw/ZY/ZY07.xls,现金流量表,26.0,
23fbd294d53c88c2,historical_cash_flow,historical_600_unknown_rule,unknown,ZY07,,24,2,1,Long_Loan,long_loan_borrow,finance,conditional_decision,True,"{""principal_wan"": 484, ""term"": 5, ""term_unit"": ""year""}",complete,484.0,812.0,申请:5年 484W的长期贷款,observed_history_unknown_rule,src_610d5b6cd311,origin data/VPD-OE_Agent_20260709/VPD-OE_Agent/data/raw/ZY/ZY07.xls,现金流量表,27.0,
5c437aee231acf31,historical_cash_flow,historical_600_unknown_rule,unknown,ZY07,,25,2,1,Pay_Material,material_receipt_payment,procurement,committed_settlement,False,"{""materials"": {""R1"": 2, ""R2"": 2, ""R3"": 4, ""R4"": 2}}",complete,-100.0,712.0,支付原料费 R3:4 R4:2 R1:2 R2:2,observed_history_unknown_rule,src_610d5b6cd311,origin data/VPD-OE_Agent_20260709/VPD-OE_Agent/data/raw/ZY/ZY07.xls,现金流量表,28.0,
c9dd6b0c9e9b5538,historical_cash_flow,historical_600_unknown_rule,unknown,ZY07,,26,2,1,Product_Produce,production,production,direct_decision,True,"{""line_assignments"": [{""line_instance_id"": 152, ""product_id"": ""P2""}, {""line_instance_id"": 153, ""product_id"": ""P2""}, {""line_instance_id"": 154, ""product_id"": ""P3""}, {""line_instance_id"": 155, ""product_id"": ""P3""}]}",complete,-40.0,672.0,152:P2 153:P2 154:P3 155:P3,observed_history_unknown_rule,src_610d5b6cd311,origin data/VPD-OE_Agent_20260709/VPD-OE_Agent/data/raw/ZY/ZY07.xls,现金流量表,29.0,
d3f2a0ac9c6894f2,historical_cash_flow,historical_600_unknown_rule,unknown,ZY07,,27,2,1,Buy_Material,material_order,procurement,direct_decision,True,"{""materials"": {""R1"": 2, ""R2"": 2, ""R3"": 4, ""R4"": 2}}",complete,0.0,672.0,订购原料 R1:2 R2:2 R3:4 R4:2,observed_history_unknown_rule,src_610d5b6cd311,origin data/VPD-OE_Agent_20260709/VPD-OE_Agent/data/raw/ZY/ZY07.xls,现金流量表,30.0,
9b3be202bdde7294,historical_cash_flow,historical_600_unknown_rule,unknown,ZY07,,28,2,1,Pay_Overhaul,administrative_fee,period_close,automatic_settlement,False,{},not_applicable,-10.0,662.0,支付行政管理费,observed_history_unknown_rule,src_610d5b6cd311,origin data/VPD-OE_Agent_20260709/VPD-OE_Agent/data/raw/ZY/ZY07.xls,现金流量表,31.0,
3786432895886cbb,historical_cash_flow,historical_600_unknown_rule,unknown,ZY07,,29,2,2,Pay_Material,material_receipt_payment,procurement,committed_settlement,False,"{""materials"": {""R1"": 2, ""R2"": 2, ""R3"": 4, ""R4"": 2}}",complete,-100.0,562.0,支付原料费 R3:4 R4:2 R1:2 R2:2,observed_history_unknown_rule,src_610d5b6cd311,origin data/VPD-OE_Agent_20260709/VPD-OE_Agent/data/raw/ZY/ZY07.xls,现金流量表,32.0,
b8d0e427999748ac,historical_cash_flow,historical_600_unknown_rule,unknown,ZY07,,30,2,2,Product_Produce,production,production,direct_decision,True,"{""line_assignments"": [{""line_instance_id"": 152, ""product_id"": ""P2""}, {""line_instance_id"": 153, ""product_id"": ""P2""}, {""line_instance_id"": 154, ""product_id"": ""P3""}, {""line_instance_id"": 155, ""product_id"": ""P3""}]}",complete,-40.0,522.0,152:P2 153:P2 154:P3 155:P3,observed_history_unknown_rule,src_610d5b6cd311,origin data/VPD-OE_Agent_20260709/VPD-OE_Agent/data/raw/ZY/ZY07.xls,现金流量表,33.0,
ea04ce2ab0357e79,historical_cash_flow,historical_600_unknown_rule,unknown,ZY07,,31,2,2,Buy_Material,material_order,procurement,direct_decision,True,"{""materials"": {""R1"": 2, ""R2"": 2, ""R3"": 4, ""R4"": 2}}",complete,0.0,522.0,订购原料 R1:2 R2:2 R3:4 R4:2,observed_history_unknown_rule,src_610d5b6cd311,origin data/VPD-OE_Agent_20260709/VPD-OE_Agent/data/raw/ZY/ZY07.xls,现金流量表,34.0,
708b1dae517e5798,historical_cash_flow,historical_600_unknown_rule,unknown,ZY07,,32,2,2,Renew_Workshop,factory_rent_renewal,capacity,conditional_decision,True,{},not_applicable,-40.0,482.0,厂房续租,observed_history_unknown_rule,src_610d5b6cd311,origin data/VPD-OE_Agent_20260709/VPD-OE_Agent/data/raw/ZY/ZY07.xls,现金流量表,35.0,
09786520c90b789f,historical_cash_flow,historical_600_unknown_rule,unknown,ZY07,,33,2,2,Pay_Overhaul,administrative_fee,period_close,automatic_settlement,False,{},not_applicable,-10.0,472.0,支付行政管理费,observed_history_unknown_rule,src_610d5b6cd311,origin data/VPD-OE_Agent_20260709/VPD-OE_Agent/data/raw/ZY/ZY07.xls,现金流量表,36.0,
6ade0a6984d5acce,historical_cash_flow,historical_600_unknown_rule,unknown,ZY07,,34,2,3,Pay_Short_Loan,short_loan_repayment,finance,committed_settlement,False,{},partial,-324.0,148.0,短贷还本息,observed_history_unknown_rule,src_610d5b6cd311,origin data/VPD-OE_Agent_20260709/VPD-OE_Agent/data/raw/ZY/ZY07.xls,现金流量表,37.0,
fc6f9f14c41ad5f6,historical_cash_flow,historical_600_unknown_rule,unknown,ZY07,,35,2,3,Short_Loan,short_loan_borrow,finance,conditional_decision,True,"{""principal_wan"": 309, ""term"": 4, ""term_unit"": ""quarter""}",complete,309.0,457.0,申请:4季 309W的短期贷款,observed_history_unknown_rule,src_610d5b6cd311,origin data/VPD-OE_Agent_20260709/VPD-OE_Agent/data/raw/ZY/ZY07.xls,现金流量表,38.0,
67f4c6ec268acade,historical_cash_flow,historical_600_unknown_rule,unknown,ZY07,,36,2,3,Pay_Material,material_receipt_payment,procurement,committed_settlement,False,"{""materials"": {""R1"": 2, ""R2"": 2, ""R3"": 4, ""R4"": 2}}",complete,-100.0,357.0,支付原料费 R3:4 R4:2 R1:2 R2:2,observed_history_unknown_rule,src_610d5b6cd311,origin data/VPD-OE_Agent_20260709/VPD-OE_Agent/data/raw/ZY/ZY07.xls,现金流量表,39.0,
4a178d9fdfe025ce,historical_cash_flow,historical_600_unknown_rule,unknown,ZY07,,37,2,3,Product_Produce,production,production,direct_decision,True,"{""line_assignments"": [{""line_instance_id"": 152, ""product_id"": ""P2""}, {""line_instance_id"": 153, ""product_id"": ""P2""}, {""line_instance_id"": 154, ""product_id"": ""P3""}, {""line_instance_id"": 155, ""product_id"": ""P3""}]}",complete,-40.0,317.0,152:P2 153:P2 154:P3 155:P3,observed_history_unknown_rule,src_610d5b6cd311,origin data/VPD-OE_Agent_20260709/VPD-OE_Agent/data/raw/ZY/ZY07.xls,现金流量表,40.0,
9bc46df582f0897d,historical_cash_flow,historical_600_unknown_rule,unknown,ZY07,,38,2,3,Buy_Material,material_order,procurement,direct_decision,True,"{""materials"": {""R1"": 2, ""R2"": 2, ""R3"": 4, ""R4"": 2}}",complete,0.0,317.0,订购原料 R1:2 R2:2 R3:4 R4:2,observed_history_unknown_rule,src_610d5b6cd311,origin data/VPD-OE_Agent_20260709/VPD-OE_Agent/data/raw/ZY/ZY07.xls,现金流量表,41.0,
3f024d96652b4499,historical_cash_flow,historical_600_unknown_rule,unknown,ZY07,,39,2,3,Pay_Overhaul,administrative_fee,period_close,automatic_settlement,False,{},not_applicable,-10.0,307.0,支付行政管理费,observed_history_unknown_rule,src_610d5b6cd311,origin data/VPD-OE_Agent_20260709/VPD-OE_Agent/data/raw/ZY/ZY07.xls,现金流量表,42.0,
2ff792b436d06b84,historical_cash_flow,historical_600_unknown_rule,unknown,ZY07,,40,2,4,Discount,receivable_discount,receivable,conditional_decision,True,"{""term_1_wan"": 0, ""term_2_wan"": 273, ""term_3_wan"": 0, ""term_4_wan"": 0}",complete,245.0,552.0,"1期贴现:0W,2期贴现:273W,3期贴现:0W,4期贴现:0W",observed_history_unknown_rule,src_610d5b6cd311,origin data/VPD-OE_Agent_20260709/VPD-OE_Agent/data/raw/ZY/ZY07.xls,现金流量表,43.0,
f658090ab75124c5,historical_cash_flow,historical_600_unknown_rule,unknown,ZY07,,41,2,4,Pay_Short_Loan,short_loan_repayment,finance,committed_settlement,False,{},partial,-324.0,228.0,短贷还本息,observed_history_unknown_rule,src_610d5b6cd311,origin data/VPD-OE_Agent_20260709/VPD-OE_Agent/data/raw/ZY/ZY07.xls,现金流量表,44.0,
56230f12db0bca8d,historical_cash_flow,historical_600_unknown_rule,unknown,ZY07,,42,2,4,Short_Loan,short_loan_borrow,finance,conditional_decision,True,"{""principal_wan"": 309, ""term"": 4, ""term_unit"": ""quarter""}",complete,309.0,537.0,申请:4季 309W的短期贷款,observed_history_unknown_rule,src_610d5b6cd311,origin data/VPD-OE_Agent_20260709/VPD-OE_Agent/data/raw/ZY/ZY07.xls,现金流量表,45.0,
fa7f96ad9175bd6d,historical_cash_flow,historical_600_unknown_rule,unknown,ZY07,,43,2,4,Pay_Material,material_receipt_payment,procurement,committed_settlement,False,"{""materials"": {""R1"": 2, ""R2"": 2, ""R3"": 4, ""R4"": 2}}",complete,-100.0,437.0,支付原料费 R3:4 R4:2 R1:2 R2:2,observed_history_unknown_rule,src_610d5b6cd311,origin data/VPD-OE_Agent_20260709/VPD-OE_Agent/data/raw/ZY/ZY07.xls,现金流量表,46.0,
34e4ecb8f83ce2c7,historical_cash_flow,historical_600_unknown_rule,unknown,ZY07,,44,2,4,Buy_Material,material_order,procurement,direct_decision,True,"{""materials"": {""R1"": 2, ""R2"": 2, ""R3"": 4, ""R4"": 2}}",complete,0.0,437.0,订购原料 R1:2 R2:2 R3:4 R4:2,observed_history_unknown_rule,src_610d5b6cd311,origin data/VPD-OE_Agent_20260709/VPD-OE_Agent/data/raw/ZY/ZY07.xls,现金流量表,47.0,
3a8af55087c0f775,historical_cash_flow,historical_600_unknown_rule,unknown,ZY07,,45,2,4,Product_Produce,production,production,direct_decision,True,"{""line_assignments"": [{""line_instance_id"": 152, ""product_id"": ""P2""}, {""line_instance_id"": 153, ""product_id"": ""P2""}, {""line_instance_id"": 154, ""product_id"": ""P3""}, {""line_instance_id"": 155, ""product_id"": ""P3""}]}",complete,-40.0,397.0,152:P2 153:P2 154:P3 155:P3,observed_history_unknown_rule,src_610d5b6cd311,origin data/VPD-OE_Agent_20260709/VPD-OE_Agent/data/raw/ZY/ZY07.xls,现金流量表,48.0,
6529813cdfcadf3b,historical_cash_flow,historical_600_unknown_rule,unknown,ZY07,,46,2,4,Develop_Market,market_development,qualification,direct_decision,True,"{""markets"": [""国内"", ""亚洲"", ""国际""]}",complete,-30.0,367.0,"市场开拓资格投资,开发项目:国内 亚洲 国际",observed_history_unknown_rule,src_610d5b6cd311,origin data/VPD-OE_Agent_20260709/VPD-OE_Agent/data/raw/ZY/ZY07.xls,现金流量表,49.0,
388cf6fbed4e5b00,historical_cash_flow,historical_600_unknown_rule,unknown,ZY07,,47,2,4,Develop_ISO,iso_development,qualification,direct_decision,True,"{""certifications"": [""ISO14000"", ""ISO9000""]}",complete,-30.0,337.0,"ISO认证资格投资,开发：ISO9000 ISO14000",observed_history_unknown_rule,src_610d5b6cd311,origin data/VPD-OE_Agent_20260709/VPD-OE_Agent/data/raw/ZY/ZY07.xls,现金流量表,50.0,
cd4e58960a6943b5,historical_cash_flow,historical_600_unknown_rule,unknown,ZY07,,48,2,4,Pay_Overhaul,administrative_fee,period_close,automatic_settlement,False,{},not_applicable,-10.0,327.0,支付行政管理费,observed_history_unknown_rule,src_610d5b6cd311,origin data/VPD-OE_Agent_20260709/VPD-OE_Agent/data/raw/ZY/ZY07.xls,现金流量表,51.0,
b7cfe70b8201c785,historical_cash_flow,historical_600_unknown_rule,unknown,ZY07,,49,2,4,Pay_Maintenance,maintenance,period_close,automatic_settlement,False,{},not_applicable,-40.0,287.0,支付维护费,observed_history_unknown_rule,src_610d5b6cd311,origin data/VPD-OE_Agent_20260709/VPD-OE_Agent/data/raw/ZY/ZY07.xls,现金流量表,52.0,
6597179908dc1e05,historical_cash_flow,historical_600_unknown_rule,unknown,ZY07,,50,3,1,Pay_Long_Loan,long_loan_repayment,finance,committed_settlement,False,{},partial,-48.0,239.0,支付长贷本息,observed_history_unknown_rule,src_610d5b6cd311,origin data/VPD-OE_Agent_20260709/VPD-OE_Agent/data/raw/ZY/ZY07.xls,现金流量表,53.0,
3220d96500754d8f,historical_cash_flow,historical_600_unknown_rule,unknown,ZY07,,51,3,1,Pay_AD,advertising,sales,direct_decision,True,{},partial,-42.0,197.0,广告投放,observed_history_unknown_rule,src_610d5b6cd311,origin data/VPD-OE_Agent_20260709/VPD-OE_Agent/data/raw/ZY/ZY07.xls,现金流量表,54.0,
ca7a79fbfbf7dd84,historical_cash_flow,historical_600_unknown_rule,unknown,ZY07,,52,3,1,Auction_Win,order_award,sales,external_outcome,False,"{""order_id"": ""J32-0006""}",complete,-10.0,187.0,竞单成功，获得订单:J32-0006,observed_history_unknown_rule,src_610d5b6cd311,origin data/VPD-OE_Agent_20260709/VPD-OE_Agent/data/raw/ZY/ZY07.xls,现金流量表,55.0,
9b47629441eb14b8,historical_cash_flow,historical_600_unknown_rule,unknown,ZY07,,53,3,1,Long_Loan,long_loan_borrow,finance,conditional_decision,True,"{""principal_wan"": 504, ""term"": 1, ""term_unit"": ""year""}",complete,504.0,691.0,申请:1年 504W的长期贷款,observed_history_unknown_rule,src_610d5b6cd311,origin data/VPD-OE_Agent_20260709/VPD-OE_Agent/data/raw/ZY/ZY07.xls,现金流量表,56.0,
271b5f8f2e0241a2,historical_cash_flow,historical_600_unknown_rule,unknown,ZY07,,54,3,1,Pay_Material,material_receipt_payment,procurement,committed_settlement,False,"{""materials"": {""R1"": 2, ""R2"": 2, ""R3"": 4, ""R4"": 2}}",complete,-100.0,591.0,支付原料费 R3:4 R4:2 R1:2 R2:2,observed_history_unknown_rule,src_610d5b6cd311,origin data/VPD-OE_Agent_20260709/VPD-OE_Agent/data/raw/ZY/ZY07.xls,现金流量表,57.0,
261bd5be165b1185,historical_cash_flow,historical_600_unknown_rule,unknown,ZY07,,55,3,1,Buy_Material,material_order,procurement,direct_decision,True,"{""materials"": {""R1"": 2, ""R2"": 2, ""R3"": 4, ""R4"": 2}}",complete,0.0,591.0,订购原料 R1:2 R2:2 R3:4 R4:2,observed_history_unknown_rule,src_610d5b6cd311,origin data/VPD-OE_Agent_20260709/VPD-OE_Agent/data/raw/ZY/ZY07.xls,现金流量表,58.0,
613d5e8cc4390fe8,historical_cash_flow,historical_600_unknown_rule,unknown,ZY07,,56,3,1,Product_Produce,production,production,direct_decision,True,"{""line_assignments"": [{""line_instance_id"": 152, ""product_id"": ""P2""}, {""line_instance_id"": 153, ""product_id"": ""P2""}, {""line_instance_id"": 154, ""product_id"": ""P3""}, {""line_instance_id"": 155, ""product_id"": ""P3""}]}",complete,-40.0,551.0,152:P2 153:P2 154:P3 155:P3,observed_history_unknown_rule,src_610d5b6cd311,origin data/VPD-OE_Agent_20260709/VPD-OE_Agent/data/raw/ZY/ZY07.xls,现金流量表,59.0,
90d80c1d86a9a48c,historical_cash_flow,historical_600_unknown_rule,unknown,ZY07,,57,3,1,Pay_Overhaul,administrative_fee,period_close,automatic_settlement,False,{},not_applicable,-10.0,541.0,支付行政管理费,observed_history_unknown_rule,src_610d5b6cd311,origin data/VPD-OE_Agent_20260709/VPD-OE_Agent/data/raw/ZY/ZY07.xls,现金流量表,60.0,
c2af065fdcb6d162,historical_cash_flow,historical_600_unknown_rule,unknown,ZY07,,58,3,2,Pay_Material,material_receipt_payment,procurement,committed_settlement,False,"{""materials"": {""R1"": 2, ""R2"": 2, ""R3"": 4, ""R4"": 2}}",complete,-100.0,441.0,支付原料费 R3:4 R4:2 R1:2 R2:2,observed_history_unknown_rule,src_610d5b6cd311,origin data/VPD-OE_Agent_20260709/VPD-OE_Agent/data/raw/ZY/ZY07.xls,现金流量表,61.0,
e8a72d2558eecbee,historical_cash_flow,historical_600_unknown_rule,unknown,ZY07,,59,3,2,Buy_Material,material_order,procurement,direct_decision,True,"{""materials"": {""R1"": 2, ""R2"": 2, ""R3"": 4, ""R4"": 2}}",complete,0.0,441.0,订购原料 R1:2 R2:2 R3:4 R4:2,observed_history_unknown_rule,src_610d5b6cd311,origin data/VPD-OE_Agent_20260709/VPD-OE_Agent/data/raw/ZY/ZY07.xls,现金流量表,62.0,
457d7aea14569d13,historical_cash_flow,historical_600_unknown_rule,unknown,ZY07,,60,3,2,Product_Produce,production,production,direct_decision,True,"{""line_assignments"": [{""line_instance_id"": 152, ""product_id"": ""P2""}, {""line_instance_id"": 153, ""product_id"": ""P2""}, {""line_instance_id"": 154, ""product_id"": ""P3""}, {""line_instance_id"": 155, ""product_id"": ""P3""}]}",complete,-40.0,401.0,152:P2 153:P2 154:P3 155:P3,observed_history_unknown_rule,src_610d5b6cd311,origin data/VPD-OE_Agent_20260709/VPD-OE_Agent/data/raw/ZY/ZY07.xls,现金流量表,63.0,
ccdb2ca298fc2f41,historical_cash_flow,historical_600_unknown_rule,unknown,ZY07,,61,3,2,Update_Receivable,receivable_maturity,receivable,automatic_settlement,False,{},not_applicable,270.0,671.0,更新应收款,observed_history_unknown_rule,src_610d5b6cd311,origin data/VPD-OE_Agent_20260709/VPD-OE_Agent/data/raw/ZY/ZY07.xls,现金流量表,64.0,
5811ca0135a63a45,historical_cash_flow,historical_600_unknown_rule,unknown,ZY07,,62,3,2,Renew_Workshop,factory_rent_renewal,capacity,conditional_decision,True,{},not_applicable,-40.0,631.0,厂房续租,observed_history_unknown_rule,src_610d5b6cd311,origin data/VPD-OE_Agent_20260709/VPD-OE_Agent/data/raw/ZY/ZY07.xls,现金流量表,65.0,
7791ddd940bec72d,historical_cash_flow,historical_600_unknown_rule,unknown,ZY07,,63,3,2,Pay_Overhaul,administrative_fee,period_close,automatic_settlement,False,{},not_applicable,-10.0,621.0,支付行政管理费,observed_history_unknown_rule,src_610d5b6cd311,origin data/VPD-OE_Agent_20260709/VPD-OE_Agent/data/raw/ZY/ZY07.xls,现金流量表,66.0,
e5dd3b082b6945b6,historical_cash_flow,historical_600_unknown_rule,unknown,ZY07,,64,3,3,Pay_Short_Loan,short_loan_repayment,finance,committed_settlement,False,{},partial,-324.0,297.0,短贷还本息,observed_history_unknown_rule,src_610d5b6cd311,origin data/VPD-OE_Agent_20260709/VPD-OE_Agent/data/raw/ZY/ZY07.xls,现金流量表,67.0,
6f084015f54027aa,historical_cash_flow,historical_600_unknown_rule,unknown,ZY07,,65,3,3,Short_Loan,short_loan_borrow,finance,conditional_decision,True,"{""principal_wan"": 309, ""term"": 4, ""term_unit"": ""quarter""}",complete,309.0,606.0,申请:4季 309W的短期贷款,observed_history_unknown_rule,src_610d5b6cd311,origin data/VPD-OE_Agent_20260709/VPD-OE_Agent/data/raw/ZY/ZY07.xls,现金流量表,68.0,
4d91d759337f60e7,historical_cash_flow,historical_600_unknown_rule,unknown,ZY07,,66,3,3,Pay_Material,material_receipt_payment,procurement,committed_settlement,False,"{""materials"": {""R1"": 2, ""R2"": 2, ""R3"": 4, ""R4"": 2}}",complete,-100.0,506.0,支付原料费 R3:4 R4:2 R1:2 R2:2,observed_history_unknown_rule,src_610d5b6cd311,origin data/VPD-OE_Agent_20260709/VPD-OE_Agent/data/raw/ZY/ZY07.xls,现金流量表,69.0,
bd2497964031b01b,historical_cash_flow,historical_600_unknown_rule,unknown,ZY07,,67,3,3,Buy_Material,material_order,procurement,direct_decision,True,"{""materials"": {""R1"": 2, ""R2"": 2, ""R3"": 4, ""R4"": 2}}",complete,0.0,506.0,订购原料 R1:2 R2:2 R3:4 R4:2,observed_history_unknown_rule,src_610d5b6cd311,origin data/VPD-OE_Agent_20260709/VPD-OE_Agent/data/raw/ZY/ZY07.xls,现金流量表,70.0,
61595a88e4c867d9,historical_cash_flow,historical_600_unknown_rule,unknown,ZY07,,68,3,3,Product_Produce,production,production,direct_decision,True,"{""line_assignments"": [{""line_instance_id"": 152, ""product_id"": ""P2""}, {""line_instance_id"": 153, ""product_id"": ""P2""}, {""line_instance_id"": 154, ""product_id"": ""P3""}, {""line_instance_id"": 155, ""product_id"": ""P3""}]}",complete,-40.0,466.0,152:P2 153:P2 154:P3 155:P3,observed_history_unknown_rule,src_610d5b6cd311,origin data/VPD-OE_Agent_20260709/VPD-OE_Agent/data/raw/ZY/ZY07.xls,现金流量表,71.0,
93182c1ffc508e52,historical_cash_flow,historical_600_unknown_rule,unknown,ZY07,,69,3,3,Update_Receivable,receivable_maturity,receivable,automatic_settlement,False,{},not_applicable,313.0,779.0,更新应收款,observed_history_unknown_rule,src_610d5b6cd311,origin data/VPD-OE_Agent_20260709/VPD-OE_Agent/data/raw/ZY/ZY07.xls,现金流量表,72.0,
c36c7ca49a0692e9,historical_cash_flow,historical_600_unknown_rule,unknown,ZY07,,70,3,3,Pay_Overhaul,administrative_fee,period_close,automatic_settlement,False,{},not_applicable,-10.0,769.0,支付行政管理费,observed_history_unknown_rule,src_610d5b6cd311,origin data/VPD-OE_Agent_20260709/VPD-OE_Agent/data/raw/ZY/ZY07.xls,现金流量表,73.0,
be0b22876c3d8a32,historical_cash_flow,historical_600_unknown_rule,unknown,ZY07,,71,3,4,Pay_Short_Loan,short_loan_repayment,finance,committed_settlement,False,{},partial,-324.0,445.0,短贷还本息,observed_history_unknown_rule,src_610d5b6cd311,origin data/VPD-OE_Agent_20260709/VPD-OE_Agent/data/raw/ZY/ZY07.xls,现金流量表,74.0,
e18f8fabbc5114b8,historical_cash_flow,historical_600_unknown_rule,unknown,ZY07,,72,3,4,Short_Loan,short_loan_borrow,finance,conditional_decision,True,"{""principal_wan"": 309, ""term"": 4, ""term_unit"": ""quarter""}",complete,309.0,754.0,申请:4季 309W的短期贷款,observed_history_unknown_rule,src_610d5b6cd311,origin data/VPD-OE_Agent_20260709/VPD-OE_Agent/data/raw/ZY/ZY07.xls,现金流量表,75.0,
fe428e543202d114,historical_cash_flow,historical_600_unknown_rule,unknown,ZY07,,73,3,4,Pay_Material,material_receipt_payment,procurement,committed_settlement,False,"{""materials"": {""R1"": 2, ""R2"": 2, ""R3"": 4, ""R4"": 2}}",complete,-100.0,654.0,支付原料费 R3:4 R4:2 R1:2 R2:2,observed_history_unknown_rule,src_610d5b6cd311,origin data/VPD-OE_Agent_20260709/VPD-OE_Agent/data/raw/ZY/ZY07.xls,现金流量表,76.0,
26b63f566c18a62a,historical_cash_flow,historical_600_unknown_rule,unknown,ZY07,,74,3,4,Buy_Material,material_order,procurement,direct_decision,True,"{""materials"": {""R1"": 2, ""R2"": 2, ""R3"": 4, ""R4"": 2}}",complete,0.0,654.0,订购原料 R1:2 R2:2 R3:4 R4:2,observed_history_unknown_rule,src_610d5b6cd311,origin data/VPD-OE_Agent_20260709/VPD-OE_Agent/data/raw/ZY/ZY07.xls,现金流量表,77.0,
af05113ba43a1bcf,historical_cash_flow,historical_600_unknown_rule,unknown,ZY07,,75,3,4,Product_Produce,production,production,direct_decision,True,"{""line_assignments"": [{""line_instance_id"": 152, ""product_id"": ""P2""}, {""line_instance_id"": 153, ""product_id"": ""P2""}, {""line_instance_id"": 154, ""product_id"": ""P3""}, {""line_instance_id"": 155, ""product_id"": ""P3""}]}",complete,-40.0,614.0,152:P2 153:P2 154:P3 155:P3,observed_history_unknown_rule,src_610d5b6cd311,origin data/VPD-OE_Agent_20260709/VPD-OE_Agent/data/raw/ZY/ZY07.xls,现金流量表,78.0,
49e0bc4751d7b25c,historical_cash_flow,historical_600_unknown_rule,unknown,ZY07,,76,3,4,Update_Receivable,receivable_maturity,receivable,automatic_settlement,False,{},not_applicable,555.0,1169.0,更新应收款,observed_history_unknown_rule,src_610d5b6cd311,origin data/VPD-OE_Agent_20260709/VPD-OE_Agent/data/raw/ZY/ZY07.xls,现金流量表,79.0,
69c48b6919cdbc84,historical_cash_flow,historical_600_unknown_rule,unknown,ZY07,,77,3,4,Develop_Market,market_development,qualification,direct_decision,True,"{""markets"": [""亚洲"", ""国际""]}",complete,-20.0,1149.0,"市场开拓资格投资,开发项目:亚洲 国际",observed_history_unknown_rule,src_610d5b6cd311,origin data/VPD-OE_Agent_20260709/VPD-OE_Agent/data/raw/ZY/ZY07.xls,现金流量表,80.0,
4195deea000299bc,historical_cash_flow,historical_600_unknown_rule,unknown,ZY07,,78,3,4,Pay_Overhaul,administrative_fee,period_close,automatic_settlement,False,{},not_applicable,-10.0,1139.0,支付行政管理费,observed_history_unknown_rule,src_610d5b6cd311,origin data/VPD-OE_Agent_20260709/VPD-OE_Agent/data/raw/ZY/ZY07.xls,现金流量表,81.0,
37cf798ea6741192,historical_cash_flow,historical_600_unknown_rule,unknown,ZY07,,79,3,4,Pay_Maintenance,maintenance,period_close,automatic_settlement,False,{},not_applicable,-40.0,1099.0,支付维护费,observed_history_unknown_rule,src_610d5b6cd311,origin data/VPD-OE_Agent_20260709/VPD-OE_Agent/data/raw/ZY/ZY07.xls,现金流量表,82.0,
81c685de17d89a96,historical_cash_flow,historical_600_unknown_rule,unknown,ZY07,,80,4,1,Pay_Tax,tax_payment,period_close,automatic_settlement,False,{},not_applicable,-49.0,1050.0,支付上一年税金,observed_history_unknown_rule,src_610d5b6cd311,origin data/VPD-OE_Agent_20260709/VPD-OE_Agent/data/raw/ZY/ZY07.xls,现金流量表,83.0,
d1a6cde761a73e6d,historical_cash_flow,historical_600_unknown_rule,unknown,ZY07,,81,4,1,Pay_Long_Loan,long_loan_repayment,finance,committed_settlement,False,{},partial,-603.0,447.0,支付长贷本息,observed_history_unknown_rule,src_610d5b6cd311,origin data/VPD-OE_Agent_20260709/VPD-OE_Agent/data/raw/ZY/ZY07.xls,现金流量表,84.0,
1f243f85ed9b2a17,historical_cash_flow,historical_600_unknown_rule,unknown,ZY07,,82,4,1,Pay_AD,advertising,sales,direct_decision,True,{},partial,-104.0,343.0,广告投放,observed_history_unknown_rule,src_610d5b6cd311,origin data/VPD-OE_Agent_20260709/VPD-OE_Agent/data/raw/ZY/ZY07.xls,现金流量表,85.0,
be7367fa5de664c2,historical_cash_flow,historical_600_unknown_rule,unknown,ZY07,,83,4,1,Long_Loan,long_loan_borrow,finance,conditional_decision,True,"{""principal_wan"": 1134, ""term"": 5, ""term_unit"": ""year""}",complete,1134.0,1477.0,申请:5年 1134W的长期贷款,observed_history_unknown_rule,src_610d5b6cd311,origin data/VPD-OE_Agent_20260709/VPD-OE_Agent/data/raw/ZY/ZY07.xls,现金流量表,86.0,
ec38156490d91b0f,historical_cash_flow,historical_600_unknown_rule,unknown,ZY07,,84,4,1,Pay_Material,material_receipt_payment,procurement,committed_settlement,False,"{""materials"": {""R1"": 2, ""R2"": 2, ""R3"": 4, ""R4"": 2}}",complete,-100.0,1377.0,支付原料费 R3:4 R4:2 R1:2 R2:2,observed_history_unknown_rule,src_610d5b6cd311,origin data/VPD-OE_Agent_20260709/VPD-OE_Agent/data/raw/ZY/ZY07.xls,现金流量表,87.0,
61d21f2818897f54,historical_cash_flow,historical_600_unknown_rule,unknown,ZY07,,85,4,1,Buy_Material,material_order,procurement,direct_decision,True,"{""materials"": {""R1"": 2, ""R2"": 2, ""R3"": 4, ""R4"": 2}}",complete,0.0,1377.0,订购原料 R1:2 R2:2 R3:4 R4:2,observed_history_unknown_rule,src_610d5b6cd311,origin data/VPD-OE_Agent_20260709/VPD-OE_Agent/data/raw/ZY/ZY07.xls,现金流量表,88.0,
1d07e061883d2004,historical_cash_flow,historical_600_unknown_rule,unknown,ZY07,,86,4,1,Product_Produce,production,production,direct_decision,True,"{""line_assignments"": [{""line_instance_id"": 152, ""product_id"": ""P2""}, {""line_instance_id"": 153, ""product_id"": ""P2""}, {""line_instance_id"": 154, ""product_id"": ""P3""}, {""line_instance_id"": 155, ""product_id"": ""P3""}]}",complete,-40.0,1337.0,152:P2 153:P2 154:P3 155:P3,observed_history_unknown_rule,src_610d5b6cd311,origin data/VPD-OE_Agent_20260709/VPD-OE_Agent/data/raw/ZY/ZY07.xls,现金流量表,89.0,
b6ebcd3e6ffa9452,historical_cash_flow,historical_600_unknown_rule,unknown,ZY07,,87,4,1,Update_Receivable,receivable_maturity,receivable,automatic_settlement,False,{},not_applicable,349.0,1686.0,更新应收款,observed_history_unknown_rule,src_610d5b6cd311,origin data/VPD-OE_Agent_20260709/VPD-OE_Agent/data/raw/ZY/ZY07.xls,现金流量表,90.0,
d3c388180f38fc04,historical_cash_flow,historical_600_unknown_rule,unknown,ZY07,,88,4,1,Pay_Overhaul,administrative_fee,period_close,automatic_settlement,False,{},not_applicable,-10.0,1676.0,支付行政管理费,observed_history_unknown_rule,src_610d5b6cd311,origin data/VPD-OE_Agent_20260709/VPD-OE_Agent/data/raw/ZY/ZY07.xls,现金流量表,91.0,
a55bb25c057a4e1f,historical_cash_flow,historical_600_unknown_rule,unknown,ZY07,,89,4,2,Pay_Material,material_receipt_payment,procurement,committed_settlement,False,"{""materials"": {""R1"": 2, ""R2"": 2, ""R3"": 4, ""R4"": 2}}",complete,-100.0,1576.0,支付原料费 R3:4 R4:2 R1:2 R2:2,observed_history_unknown_rule,src_610d5b6cd311,origin data/VPD-OE_Agent_20260709/VPD-OE_Agent/data/raw/ZY/ZY07.xls,现金流量表,92.0,
24e588589c512fdd,historical_cash_flow,historical_600_unknown_rule,unknown,ZY07,,90,4,2,Buy_Material,material_order,procurement,direct_decision,True,"{""materials"": {""R1"": 2, ""R2"": 2, ""R3"": 4, ""R4"": 2}}",complete,0.0,1576.0,订购原料 R1:2 R2:2 R3:4 R4:2,observed_history_unknown_rule,src_610d5b6cd311,origin data/VPD-OE_Agent_20260709/VPD-OE_Agent/data/raw/ZY/ZY07.xls,现金流量表,93.0,
1710a6405de8564c,historical_cash_flow,historical_600_unknown_rule,unknown,ZY07,,91,4,2,Product_Produce,production,production,direct_decision,True,"{""line_assignments"": [{""line_instance_id"": 152, ""product_id"": ""P2""}, {""line_instance_id"": 153, ""product_id"": ""P2""}, {""line_instance_id"": 154, ""product_id"": ""P3""}, {""line_instance_id"": 155, ""product_id"": ""P3""}]}",complete,-40.0,1536.0,152:P2 153:P2 154:P3 155:P3,observed_history_unknown_rule,src_610d5b6cd311,origin data/VPD-OE_Agent_20260709/VPD-OE_Agent/data/raw/ZY/ZY07.xls,现金流量表,94.0,
ec509d236bc9cbd0,historical_cash_flow,historical_600_unknown_rule,unknown,ZY07,,92,4,2,Update_Receivable,receivable_maturity,receivable,automatic_settlement,False,{},not_applicable,253.0,1789.0,更新应收款,observed_history_unknown_rule,src_610d5b6cd311,origin data/VPD-OE_Agent_20260709/VPD-OE_Agent/data/raw/ZY/ZY07.xls,现金流量表,95.0,
ebe2ef213b669608,historical_cash_flow,historical_600_unknown_rule,unknown,ZY07,,93,4,2,Renew_Workshop,factory_rent_renewal,capacity,conditional_decision,True,{},not_applicable,-40.0,1749.0,厂房续租,observed_history_unknown_rule,src_610d5b6cd311,origin data/VPD-OE_Agent_20260709/VPD-OE_Agent/data/raw/ZY/ZY07.xls,现金流量表,96.0,
8effac4ae7e47f1d,historical_cash_flow,historical_600_unknown_rule,unknown,ZY07,,94,4,2,Pay_Overhaul,administrative_fee,period_close,automatic_settlement,False,{},not_applicable,-10.0,1739.0,支付行政管理费,observed_history_unknown_rule,src_610d5b6cd311,origin data/VPD-OE_Agent_20260709/VPD-OE_Agent/data/raw/ZY/ZY07.xls,现金流量表,97.0,
d9be5df099589974,historical_cash_flow,historical_600_unknown_rule,unknown,ZY07,,95,4,3,Pay_Short_Loan,short_loan_repayment,finance,committed_settlement,False,{},partial,-324.0,1415.0,短贷还本息,observed_history_unknown_rule,src_610d5b6cd311,origin data/VPD-OE_Agent_20260709/VPD-OE_Agent/data/raw/ZY/ZY07.xls,现金流量表,98.0,
b794945adb43b343,historical_cash_flow,historical_600_unknown_rule,unknown,ZY07,,96,4,3,Short_Loan,short_loan_borrow,finance,conditional_decision,True,"{""principal_wan"": 309, ""term"": 4, ""term_unit"": ""quarter""}",complete,309.0,1724.0,申请:4季 309W的短期贷款,observed_history_unknown_rule,src_610d5b6cd311,origin data/VPD-OE_Agent_20260709/VPD-OE_Agent/data/raw/ZY/ZY07.xls,现金流量表,99.0,
9d14988b94669ff9,historical_cash_flow,historical_600_unknown_rule,unknown,ZY07,,97,4,3,Pay_Material,material_receipt_payment,procurement,committed_settlement,False,"{""materials"": {""R1"": 2, ""R2"": 2, ""R3"": 4, ""R4"": 2}}",complete,-100.0,1624.0,支付原料费 R3:4 R4:2 R1:2 R2:2,observed_history_unknown_rule,src_610d5b6cd311,origin data/VPD-OE_Agent_20260709/VPD-OE_Agent/data/raw/ZY/ZY07.xls,现金流量表,100.0,
5c31f66483624bc1,historical_cash_flow,historical_600_unknown_rule,unknown,ZY07,,98,4,3,Buy_Material,material_order,procurement,direct_decision,True,"{""materials"": {""R1"": 2, ""R2"": 2, ""R3"": 4, ""R4"": 2}}",complete,0.0,1624.0,订购原料 R1:2 R2:2 R3:4 R4:2,observed_history_unknown_rule,src_610d5b6cd311,origin data/VPD-OE_Agent_20260709/VPD-OE_Agent/data/raw/ZY/ZY07.xls,现金流量表,101.0,
ceca1a71e5a4150f,historical_cash_flow,historical_600_unknown_rule,unknown,ZY07,,99,4,3,Product_Produce,production,production,direct_decision,True,"{""line_assignments"": [{""line_instance_id"": 152, ""product_id"": ""P2""}, {""line_instance_id"": 153, ""product_id"": ""P2""}, {""line_instance_id"": 154, ""product_id"": ""P3""}, {""line_instance_id"": 155, ""product_id"": ""P3""}]}",complete,-40.0,1584.0,152:P2 153:P2 154:P3 155:P3,observed_history_unknown_rule,src_610d5b6cd311,origin data/VPD-OE_Agent_20260709/VPD-OE_Agent/data/raw/ZY/ZY07.xls,现金流量表,102.0,
37743cc3211730ab,historical_cash_flow,historical_600_unknown_rule,unknown,ZY07,,100,4,3,Update_Receivable,receivable_maturity,receivable,automatic_settlement,False,{},not_applicable,333.0,1917.0,更新应收款,observed_history_unknown_rule,src_610d5b6cd311,origin data/VPD-OE_Agent_20260709/VPD-OE_Agent/data/raw/ZY/ZY07.xls,现金流量表,103.0,
0dffa5b306a1c192,historical_cash_flow,historical_600_unknown_rule,unknown,ZY07,,101,4,3,Pay_Overhaul,administrative_fee,period_close,automatic_settlement,False,{},not_applicable,-10.0,1907.0,支付行政管理费,observed_history_unknown_rule,src_610d5b6cd311,origin data/VPD-OE_Agent_20260709/VPD-OE_Agent/data/raw/ZY/ZY07.xls,现金流量表,104.0,
b67b8dd9b296f88e,historical_cash_flow,historical_600_unknown_rule,unknown,ZY07,,102,4,4,Pay_Short_Loan,short_loan_repayment,finance,committed_settlement,False,{},partial,-324.0,1583.0,短贷还本息,observed_history_unknown_rule,src_610d5b6cd311,origin data/VPD-OE_Agent_20260709/VPD-OE_Agent/data/raw/ZY/ZY07.xls,现金流量表,105.0,
e897e404751351df,historical_cash_flow,historical_600_unknown_rule,unknown,ZY07,,103,4,4,Short_Loan,short_loan_borrow,finance,conditional_decision,True,"{""principal_wan"": 309, ""term"": 4, ""term_unit"": ""quarter""}",complete,309.0,1892.0,申请:4季 309W的短期贷款,observed_history_unknown_rule,src_610d5b6cd311,origin data/VPD-OE_Agent_20260709/VPD-OE_Agent/data/raw/ZY/ZY07.xls,现金流量表,106.0,
9673048c9c018377,historical_cash_flow,historical_600_unknown_rule,unknown,ZY07,,104,4,4,Pay_Material,material_receipt_payment,procurement,committed_settlement,False,"{""materials"": {""R1"": 2, ""R2"": 2, ""R3"": 4, ""R4"": 2}}",complete,-100.0,1792.0,支付原料费 R3:4 R4:2 R1:2 R2:2,observed_history_unknown_rule,src_610d5b6cd311,origin data/VPD-OE_Agent_20260709/VPD-OE_Agent/data/raw/ZY/ZY07.xls,现金流量表,107.0,
647d900cf54051da,historical_cash_flow,historical_600_unknown_rule,unknown,ZY07,,105,4,4,Buy_Material,material_order,procurement,direct_decision,True,"{""materials"": {""R1"": 2, ""R2"": 2, ""R3"": 4, ""R4"": 2}}",complete,0.0,1792.0,订购原料 R1:2 R2:2 R3:4 R4:2,observed_history_unknown_rule,src_610d5b6cd311,origin data/VPD-OE_Agent_20260709/VPD-OE_Agent/data/raw/ZY/ZY07.xls,现金流量表,108.0,
30191e7747324c40,historical_cash_flow,historical_600_unknown_rule,unknown,ZY07,,106,4,4,Product_Produce,production,production,direct_decision,True,"{""line_assignments"": [{""line_instance_id"": 152, ""product_id"": ""P2""}, {""line_instance_id"": 153, ""product_id"": ""P2""}, {""line_instance_id"": 154, ""product_id"": ""P3""}, {""line_instance_id"": 155, ""product_id"": ""P3""}]}",complete,-40.0,1752.0,152:P2 153:P2 154:P3 155:P3,observed_history_unknown_rule,src_610d5b6cd311,origin data/VPD-OE_Agent_20260709/VPD-OE_Agent/data/raw/ZY/ZY07.xls,现金流量表,109.0,
4781b20e7d5e7fe6,historical_cash_flow,historical_600_unknown_rule,unknown,ZY07,,107,4,4,Update_Receivable,receivable_maturity,receivable,automatic_settlement,False,{},not_applicable,170.0,1922.0,更新应收款,observed_history_unknown_rule,src_610d5b6cd311,origin data/VPD-OE_Agent_20260709/VPD-OE_Agent/data/raw/ZY/ZY07.xls,现金流量表,110.0,
7bd4fa7c2d45cc6f,historical_cash_flow,historical_600_unknown_rule,unknown,ZY07,,108,4,4,Develop_Market,market_development,qualification,direct_decision,True,"{""markets"": [""国际""]}",complete,-10.0,1912.0,"市场开拓资格投资,开发项目:国际",observed_history_unknown_rule,src_610d5b6cd311,origin data/VPD-OE_Agent_20260709/VPD-OE_Agent/data/raw/ZY/ZY07.xls,现金流量表,111.0,
aec9d8a3c267b180,historical_cash_flow,historical_600_unknown_rule,unknown,ZY07,,109,4,4,Pay_Overhaul,administrative_fee,period_close,automatic_settlement,False,{},not_applicable,-10.0,1902.0,支付行政管理费,observed_history_unknown_rule,src_610d5b6cd311,origin data/VPD-OE_Agent_20260709/VPD-OE_Agent/data/raw/ZY/ZY07.xls,现金流量表,112.0,
73824672642555f7,historical_cash_flow,historical_600_unknown_rule,unknown,ZY07,,110,4,4,Pay_Maintenance,maintenance,period_close,automatic_settlement,False,{},not_applicable,-40.0,1862.0,支付维护费,observed_history_unknown_rule,src_610d5b6cd311,origin data/VPD-OE_Agent_20260709/VPD-OE_Agent/data/raw/ZY/ZY07.xls,现金流量表,113.0,
1d7e2b5cfaff67a6,historical_cash_flow,historical_600_unknown_rule,unknown,ZY07,,111,5,1,Pay_Tax,tax_payment,period_close,automatic_settlement,False,{},not_applicable,-11.0,1851.0,支付上一年税金,observed_history_unknown_rule,src_610d5b6cd311,origin data/VPD-OE_Agent_20260709/VPD-OE_Agent/data/raw/ZY/ZY07.xls,现金流量表,114.0,
006d59b95dd47a23,historical_cash_flow,historical_600_unknown_rule,unknown,ZY07,,112,5,1,Pay_Long_Loan,long_loan_repayment,finance,committed_settlement,False,{},partial,-162.0,1689.0,支付长贷本息,observed_history_unknown_rule,src_610d5b6cd311,origin data/VPD-OE_Agent_20260709/VPD-OE_Agent/data/raw/ZY/ZY07.xls,现金流量表,115.0,
d0cc22de68c17b52,historical_cash_flow,historical_600_unknown_rule,unknown,ZY07,,113,5,1,Pay_AD,advertising,sales,direct_decision,True,{},partial,-30.0,1659.0,广告投放,observed_history_unknown_rule,src_610d5b6cd311,origin data/VPD-OE_Agent_20260709/VPD-OE_Agent/data/raw/ZY/ZY07.xls,现金流量表,116.0,
96d323ed423abf05,historical_cash_flow,historical_600_unknown_rule,unknown,ZY07,,114,5,1,Long_Loan,long_loan_borrow,finance,conditional_decision,True,"{""principal_wan"": 104, ""term"": 5, ""term_unit"": ""year""}",complete,104.0,1763.0,申请:5年 104W的长期贷款,observed_history_unknown_rule,src_610d5b6cd311,origin data/VPD-OE_Agent_20260709/VPD-OE_Agent/data/raw/ZY/ZY07.xls,现金流量表,117.0,
5a02247d9ed2ed43,historical_cash_flow,historical_600_unknown_rule,unknown,ZY07,,115,5,1,Pay_Material,material_receipt_payment,procurement,committed_settlement,False,"{""materials"": {""R1"": 2, ""R2"": 2, ""R3"": 4, ""R4"": 2}}",complete,-100.0,1663.0,支付原料费 R3:4 R4:2 R1:2 R2:2,observed_history_unknown_rule,src_610d5b6cd311,origin data/VPD-OE_Agent_20260709/VPD-OE_Agent/data/raw/ZY/ZY07.xls,现金流量表,118.0,
5faf9ba642690f77,historical_cash_flow,historical_600_unknown_rule,unknown,ZY07,,116,5,1,Buy_Material,material_order,procurement,direct_decision,True,"{""materials"": {""R1"": 2, ""R2"": 2, ""R3"": 4, ""R4"": 2}}",complete,0.0,1663.0,订购原料 R1:2 R2:2 R3:4 R4:2,observed_history_unknown_rule,src_610d5b6cd311,origin data/VPD-OE_Agent_20260709/VPD-OE_Agent/data/raw/ZY/ZY07.xls,现金流量表,119.0,
58a1ff2bf3a56d85,historical_cash_flow,historical_600_unknown_rule,unknown,ZY07,,117,5,1,Product_Produce,production,production,direct_decision,True,"{""line_assignments"": [{""line_instance_id"": 152, ""product_id"": ""P2""}, {""line_instance_id"": 153, ""product_id"": ""P2""}, {""line_instance_id"": 154, ""product_id"": ""P3""}, {""line_instance_id"": 155, ""product_id"": ""P3""}]}",complete,-40.0,1623.0,152:P2 153:P2 154:P3 155:P3,observed_history_unknown_rule,src_610d5b6cd311,origin data/VPD-OE_Agent_20260709/VPD-OE_Agent/data/raw/ZY/ZY07.xls,现金流量表,120.0,
e43b90e481aef27c,historical_cash_flow,historical_600_unknown_rule,unknown,ZY07,,118,5,1,Update_Receivable,receivable_maturity,receivable,automatic_settlement,False,{},not_applicable,122.0,1745.0,更新应收款,observed_history_unknown_rule,src_610d5b6cd311,origin data/VPD-OE_Agent_20260709/VPD-OE_Agent/data/raw/ZY/ZY07.xls,现金流量表,121.0,
c4a943e5ede1620e,historical_cash_flow,historical_600_unknown_rule,unknown,ZY07,,119,5,1,Pay_Overhaul,administrative_fee,period_close,automatic_settlement,False,{},not_applicable,-10.0,1735.0,支付行政管理费,observed_history_unknown_rule,src_610d5b6cd311,origin data/VPD-OE_Agent_20260709/VPD-OE_Agent/data/raw/ZY/ZY07.xls,现金流量表,122.0,
d1ff763c5a1d54f4,historical_cash_flow,historical_600_unknown_rule,unknown,ZY07,,120,5,2,Pay_Material,material_receipt_payment,procurement,committed_settlement,False,"{""materials"": {""R1"": 2, ""R2"": 2, ""R3"": 4, ""R4"": 2}}",complete,-100.0,1635.0,支付原料费 R3:4 R4:2 R1:2 R2:2,observed_history_unknown_rule,src_610d5b6cd311,origin data/VPD-OE_Agent_20260709/VPD-OE_Agent/data/raw/ZY/ZY07.xls,现金流量表,123.0,
d521756b7295401b,historical_cash_flow,historical_600_unknown_rule,unknown,ZY07,,121,5,2,Buy_Material,material_order,procurement,direct_decision,True,"{""materials"": {""R1"": 2, ""R2"": 2, ""R3"": 4, ""R4"": 2}}",complete,0.0,1635.0,订购原料 R1:2 R2:2 R3:4 R4:2,observed_history_unknown_rule,src_610d5b6cd311,origin data/VPD-OE_Agent_20260709/VPD-OE_Agent/data/raw/ZY/ZY07.xls,现金流量表,124.0,
5aef1c11fe1f7b26,historical_cash_flow,historical_600_unknown_rule,unknown,ZY07,,122,5,2,Product_Produce,production,production,direct_decision,True,"{""line_assignments"": [{""line_instance_id"": 152, ""product_id"": ""P2""}, {""line_instance_id"": 153, ""product_id"": ""P2""}, {""line_instance_id"": 154, ""product_id"": ""P3""}, {""line_instance_id"": 155, ""product_id"": ""P3""}]}",complete,-40.0,1595.0,152:P2 153:P2 154:P3 155:P3,observed_history_unknown_rule,src_610d5b6cd311,origin data/VPD-OE_Agent_20260709/VPD-OE_Agent/data/raw/ZY/ZY07.xls,现金流量表,125.0,
6af044a383273859,historical_cash_flow,historical_600_unknown_rule,unknown,ZY07,,123,5,2,Update_Receivable,receivable_maturity,receivable,automatic_settlement,False,{},not_applicable,383.0,1978.0,更新应收款,observed_history_unknown_rule,src_610d5b6cd311,origin data/VPD-OE_Agent_20260709/VPD-OE_Agent/data/raw/ZY/ZY07.xls,现金流量表,126.0,
ea83401ed35eb81c,historical_cash_flow,historical_600_unknown_rule,unknown,ZY07,,124,5,2,Renew_Workshop,factory_rent_renewal,capacity,conditional_decision,True,{},not_applicable,-40.0,1938.0,厂房续租,observed_history_unknown_rule,src_610d5b6cd311,origin data/VPD-OE_Agent_20260709/VPD-OE_Agent/data/raw/ZY/ZY07.xls,现金流量表,127.0,
d8208bbfc0cb9733,historical_cash_flow,historical_600_unknown_rule,unknown,ZY07,,125,5,2,Pay_Overhaul,administrative_fee,period_close,automatic_settlement,False,{},not_applicable,-10.0,1928.0,支付行政管理费,observed_history_unknown_rule,src_610d5b6cd311,origin data/VPD-OE_Agent_20260709/VPD-OE_Agent/data/raw/ZY/ZY07.xls,现金流量表,128.0,
69a38cbbb06ee17d,historical_cash_flow,historical_600_unknown_rule,unknown,ZY07,,126,5,3,Pay_Short_Loan,short_loan_repayment,finance,committed_settlement,False,{},partial,-324.0,1604.0,短贷还本息,observed_history_unknown_rule,src_610d5b6cd311,origin data/VPD-OE_Agent_20260709/VPD-OE_Agent/data/raw/ZY/ZY07.xls,现金流量表,129.0,
fb7016fd65711917,historical_cash_flow,historical_600_unknown_rule,unknown,ZY07,,127,5,3,Short_Loan,short_loan_borrow,finance,conditional_decision,True,"{""principal_wan"": 309, ""term"": 4, ""term_unit"": ""quarter""}",complete,309.0,1913.0,申请:4季 309W的短期贷款,observed_history_unknown_rule,src_610d5b6cd311,origin data/VPD-OE_Agent_20260709/VPD-OE_Agent/data/raw/ZY/ZY07.xls,现金流量表,130.0,
74c3658b7147aa0e,historical_cash_flow,historical_600_unknown_rule,unknown,ZY07,,128,5,3,Pay_Material,material_receipt_payment,procurement,committed_settlement,False,"{""materials"": {""R1"": 2, ""R2"": 2, ""R3"": 4, ""R4"": 2}}",complete,-100.0,1813.0,支付原料费 R3:4 R4:2 R1:2 R2:2,observed_history_unknown_rule,src_610d5b6cd311,origin data/VPD-OE_Agent_20260709/VPD-OE_Agent/data/raw/ZY/ZY07.xls,现金流量表,131.0,
243f3ac75de57caf,historical_cash_flow,historical_600_unknown_rule,unknown,ZY07,,129,5,3,Product_Produce,production,production,direct_decision,True,"{""line_assignments"": [{""line_instance_id"": 152, ""product_id"": ""P2""}, {""line_instance_id"": 153, ""product_id"": ""P2""}, {""line_instance_id"": 154, ""product_id"": ""P3""}, {""line_instance_id"": 155, ""product_id"": ""P3""}]}",complete,-40.0,1773.0,152:P2 153:P2 154:P3 155:P3,observed_history_unknown_rule,src_610d5b6cd311,origin data/VPD-OE_Agent_20260709/VPD-OE_Agent/data/raw/ZY/ZY07.xls,现金流量表,132.0,
06a2824921cb5f31,historical_cash_flow,historical_600_unknown_rule,unknown,ZY07,,130,5,3,Buy_Material,material_order,procurement,direct_decision,True,"{""materials"": {""R1"": 2, ""R2"": 2}}",complete,0.0,1773.0,订购原料 R1:2 R2:2,observed_history_unknown_rule,src_610d5b6cd311,origin data/VPD-OE_Agent_20260709/VPD-OE_Agent/data/raw/ZY/ZY07.xls,现金流量表,133.0,
3cda6453b1be61e3,historical_cash_flow,historical_600_unknown_rule,unknown,ZY07,,131,5,3,Update_Receivable,receivable_maturity,receivable,automatic_settlement,False,{},not_applicable,313.0,2086.0,更新应收款,observed_history_unknown_rule,src_610d5b6cd311,origin data/VPD-OE_Agent_20260709/VPD-OE_Agent/data/raw/ZY/ZY07.xls,现金流量表,134.0,
e28109e803a860f7,historical_cash_flow,historical_600_unknown_rule,unknown,ZY07,,132,5,3,Pay_Overhaul,administrative_fee,period_close,automatic_settlement,False,{},not_applicable,-10.0,2076.0,支付行政管理费,observed_history_unknown_rule,src_610d5b6cd311,origin data/VPD-OE_Agent_20260709/VPD-OE_Agent/data/raw/ZY/ZY07.xls,现金流量表,135.0,
33267b58fd05b5f4,historical_cash_flow,historical_600_unknown_rule,unknown,ZY07,,133,5,4,Pay_Short_Loan,short_loan_repayment,finance,committed_settlement,False,{},partial,-324.0,1752.0,短贷还本息,observed_history_unknown_rule,src_610d5b6cd311,origin data/VPD-OE_Agent_20260709/VPD-OE_Agent/data/raw/ZY/ZY07.xls,现金流量表,136.0,
b9ca3ff0432b6cb0,historical_cash_flow,historical_600_unknown_rule,unknown,ZY07,,134,5,4,Short_Loan,short_loan_borrow,finance,conditional_decision,True,"{""principal_wan"": 309, ""term"": 4, ""term_unit"": ""quarter""}",complete,309.0,2061.0,申请:4季 309W的短期贷款,observed_history_unknown_rule,src_610d5b6cd311,origin data/VPD-OE_Agent_20260709/VPD-OE_Agent/data/raw/ZY/ZY07.xls,现金流量表,137.0,
f14bd33773bcbb24,historical_cash_flow,historical_600_unknown_rule,unknown,ZY07,,135,5,4,Pay_Material,material_receipt_payment,procurement,committed_settlement,False,"{""materials"": {""R1"": 2, ""R2"": 2, ""R3"": 4, ""R4"": 2}}",complete,-100.0,1961.0,支付原料费 R3:4 R4:2 R1:2 R2:2,observed_history_unknown_rule,src_610d5b6cd311,origin data/VPD-OE_Agent_20260709/VPD-OE_Agent/data/raw/ZY/ZY07.xls,现金流量表,138.0,
de85b78945b68075,historical_cash_flow,historical_600_unknown_rule,unknown,ZY07,,136,5,4,Product_Produce,production,production,direct_decision,True,"{""line_assignments"": [{""line_instance_id"": 152, ""product_id"": ""P2""}, {""line_instance_id"": 153, ""product_id"": ""P2""}, {""line_instance_id"": 154, ""product_id"": ""P3""}, {""line_instance_id"": 155, ""product_id"": ""P3""}]}",complete,-40.0,1921.0,152:P2 153:P2 154:P3 155:P3,observed_history_unknown_rule,src_610d5b6cd311,origin data/VPD-OE_Agent_20260709/VPD-OE_Agent/data/raw/ZY/ZY07.xls,现金流量表,139.0,
b04519b3f2d9fde4,historical_cash_flow,historical_600_unknown_rule,unknown,ZY07,,137,5,4,Pay_Overhaul,administrative_fee,period_close,automatic_settlement,False,{},not_applicable,-10.0,1911.0,支付行政管理费,observed_history_unknown_rule,src_610d5b6cd311,origin data/VPD-OE_Agent_20260709/VPD-OE_Agent/data/raw/ZY/ZY07.xls,现金流量表,140.0,
f31e27491c8aacaf,historical_cash_flow,historical_600_unknown_rule,unknown,ZY07,,138,5,4,Pay_Maintenance,maintenance,period_close,automatic_settlement,False,{},not_applicable,-40.0,1871.0,支付维护费,observed_history_unknown_rule,src_610d5b6cd311,origin data/VPD-OE_Agent_20260709/VPD-OE_Agent/data/raw/ZY/ZY07.xls,现金流量表,141.0,
6041e03eb6212b1d,historical_cash_flow,historical_600_unknown_rule,unknown,ZY08,,1,1,1,Pay_Capital,capital_injection,finance,exception_intervention,False,{},not_applicable,600.0,600.0,"公司成立,股东注资",observed_history_unknown_rule,src_db71d98a0a37,origin data/VPD-OE_Agent_20260709/VPD-OE_Agent/data/raw/ZY/ZY08.xls,现金流量表,4.0,
a615a6547812e196,historical_cash_flow,historical_600_unknown_rule,unknown,ZY08,,2,1,1,Rent_Workshop,factory_rent,capacity,direct_decision,True,"{""factory_type"": ""大厂房""}",complete,-40.0,560.0,租用[大厂房],observed_history_unknown_rule,src_db71d98a0a37,origin data/VPD-OE_Agent_20260709/VPD-OE_Agent/data/raw/ZY/ZY08.xls,现金流量表,5.0,
76b48f27245c72fc,historical_cash_flow,historical_600_unknown_rule,unknown,ZY08,,3,1,1,Buy_ProductLine,production_line_order,capacity,direct_decision,True,"{""line_type"": ""自动线"", ""product_id"": ""P1""}",complete,-50.0,510.0,订购[自动线]生产[P1],observed_history_unknown_rule,src_db71d98a0a37,origin data/VPD-OE_Agent_20260709/VPD-OE_Agent/data/raw/ZY/ZY08.xls,现金流量表,6.0,
81010ccbfee7c707,historical_cash_flow,historical_600_unknown_rule,unknown,ZY08,,4,1,1,Buy_ProductLine,production_line_order,capacity,direct_decision,True,"{""line_type"": ""自动线"", ""product_id"": ""P4""}",complete,-50.0,460.0,订购[自动线]生产[P4],observed_history_unknown_rule,src_db71d98a0a37,origin data/VPD-OE_Agent_20260709/VPD-OE_Agent/data/raw/ZY/ZY08.xls,现金流量表,7.0,
ece72f1c286720c0,historical_cash_flow,historical_600_unknown_rule,unknown,ZY08,,5,1,1,Buy_ProductLine,production_line_order,capacity,direct_decision,True,"{""line_type"": ""自动线"", ""product_id"": ""P1""}",complete,-50.0,410.0,订购[自动线]生产[P1],observed_history_unknown_rule,src_db71d98a0a37,origin data/VPD-OE_Agent_20260709/VPD-OE_Agent/data/raw/ZY/ZY08.xls,现金流量表,8.0,
b6ca18e68080a017,historical_cash_flow,historical_600_unknown_rule,unknown,ZY08,,6,1,1,Develop_Product,product_development,qualification,direct_decision,True,"{""products"": [""P1"", ""P4""]}",complete,-20.0,390.0,产品生产资格投资: P1 P4,observed_history_unknown_rule,src_db71d98a0a37,origin data/VPD-OE_Agent_20260709/VPD-OE_Agent/data/raw/ZY/ZY08.xls,现金流量表,9.0,
34717e2886267e18,historical_cash_flow,historical_600_unknown_rule,unknown,ZY08,,7,1,1,Pay_Overhaul,administrative_fee,period_close,automatic_settlement,False,{},not_applicable,-10.0,380.0,支付行政管理费,observed_history_unknown_rule,src_db71d98a0a37,origin data/VPD-OE_Agent_20260709/VPD-OE_Agent/data/raw/ZY/ZY08.xls,现金流量表,10.0,
27d7f53c330e7f67,historical_cash_flow,historical_600_unknown_rule,unknown,ZY08,,8,1,2,Invest_ProductLine,production_line_investment,capacity,committed_settlement,False,{},partial,-150.0,230.0,投资在建生产线,observed_history_unknown_rule,src_db71d98a0a37,origin data/VPD-OE_Agent_20260709/VPD-OE_Agent/data/raw/ZY/ZY08.xls,现金流量表,11.0,
69cdd525cc6ac127,historical_cash_flow,historical_600_unknown_rule,unknown,ZY08,,9,1,2,Develop_Product,product_development,qualification,direct_decision,True,"{""products"": [""P1"", ""P4""]}",complete,-20.0,210.0,产品生产资格投资: P1 P4,observed_history_unknown_rule,src_db71d98a0a37,origin data/VPD-OE_Agent_20260709/VPD-OE_Agent/data/raw/ZY/ZY08.xls,现金流量表,12.0,
a34096ad91fee080,historical_cash_flow,historical_600_unknown_rule,unknown,ZY08,,10,1,2,Pay_Overhaul,administrative_fee,period_close,automatic_settlement,False,{},not_applicable,-10.0,200.0,支付行政管理费,observed_history_unknown_rule,src_db71d98a0a37,origin data/VPD-OE_Agent_20260709/VPD-OE_Agent/data/raw/ZY/ZY08.xls,现金流量表,13.0,
230db4f5217b2de7,historical_cash_flow,historical_600_unknown_rule,unknown,ZY08,,11,1,3,Short_Loan,short_loan_borrow,finance,conditional_decision,True,"{""principal_wan"": 208, ""term"": 4, ""term_unit"": ""quarter""}",complete,208.0,408.0,申请:4季 208W的短期贷款,observed_history_unknown_rule,src_db71d98a0a37,origin data/VPD-OE_Agent_20260709/VPD-OE_Agent/data/raw/ZY/ZY08.xls,现金流量表,14.0,
068d8b1baf3779d1,historical_cash_flow,historical_600_unknown_rule,unknown,ZY08,,12,1,3,Develop_Product,product_development,qualification,direct_decision,True,"{""products"": [""P4""]}",complete,-10.0,398.0,产品生产资格投资: P4,observed_history_unknown_rule,src_db71d98a0a37,origin data/VPD-OE_Agent_20260709/VPD-OE_Agent/data/raw/ZY/ZY08.xls,现金流量表,15.0,
cc2ca720cb2e155d,historical_cash_flow,historical_600_unknown_rule,unknown,ZY08,,13,1,3,Pay_Overhaul,administrative_fee,period_close,automatic_settlement,False,{},not_applicable,-10.0,388.0,支付行政管理费,observed_history_unknown_rule,src_db71d98a0a37,origin data/VPD-OE_Agent_20260709/VPD-OE_Agent/data/raw/ZY/ZY08.xls,现金流量表,16.0,
480fbcfeddde87d3,historical_cash_flow,historical_600_unknown_rule,unknown,ZY08,,14,1,4,Buy_Material,material_order,procurement,direct_decision,True,"{""materials"": {""R1"": 2, ""R3"": 1, ""R4"": 1}}",complete,0.0,388.0,订购原料 R1:2 R3:1 R4:1,observed_history_unknown_rule,src_db71d98a0a37,origin data/VPD-OE_Agent_20260709/VPD-OE_Agent/data/raw/ZY/ZY08.xls,现金流量表,17.0,
a27f4fd2a6d5d167,historical_cash_flow,historical_600_unknown_rule,unknown,ZY08,,15,1,4,Invest_ProductLine,production_line_investment,capacity,committed_settlement,False,{},partial,-150.0,238.0,投资在建生产线,observed_history_unknown_rule,src_db71d98a0a37,origin data/VPD-OE_Agent_20260709/VPD-OE_Agent/data/raw/ZY/ZY08.xls,现金流量表,18.0,
9abeed265df67b65,historical_cash_flow,historical_600_unknown_rule,unknown,ZY08,,16,1,4,Develop_Product,product_development,qualification,direct_decision,True,"{""products"": [""P4""]}",complete,-10.0,228.0,产品生产资格投资: P4,observed_history_unknown_rule,src_db71d98a0a37,origin data/VPD-OE_Agent_20260709/VPD-OE_Agent/data/raw/ZY/ZY08.xls,现金流量表,19.0,
74ed55fe6b4aca46,historical_cash_flow,historical_600_unknown_rule,unknown,ZY08,,17,1,4,Develop_Market,market_development,qualification,direct_decision,True,"{""markets"": [""本地"", ""亚洲""]}",complete,-20.0,208.0,"市场开拓资格投资,开发项目:本地 亚洲",observed_history_unknown_rule,src_db71d98a0a37,origin data/VPD-OE_Agent_20260709/VPD-OE_Agent/data/raw/ZY/ZY08.xls,现金流量表,20.0,
15fe5664417b97e6,historical_cash_flow,historical_600_unknown_rule,unknown,ZY08,,18,1,4,Develop_ISO,iso_development,qualification,direct_decision,True,"{""certifications"": [""ISO9000""]}",complete,-10.0,198.0,"ISO认证资格投资,开发：ISO9000",observed_history_unknown_rule,src_db71d98a0a37,origin data/VPD-OE_Agent_20260709/VPD-OE_Agent/data/raw/ZY/ZY08.xls,现金流量表,21.0,
6246f33c22d046ea,historical_cash_flow,historical_600_unknown_rule,unknown,ZY08,,19,1,4,Pay_Overhaul,administrative_fee,period_close,automatic_settlement,False,{},not_applicable,-10.0,188.0,支付行政管理费,observed_history_unknown_rule,src_db71d98a0a37,origin data/VPD-OE_Agent_20260709/VPD-OE_Agent/data/raw/ZY/ZY08.xls,现金流量表,22.0,
295020b67b0eebec,historical_cash_flow,historical_600_unknown_rule,unknown,ZY08,,20,2,1,Pay_AD,advertising,sales,direct_decision,True,{},partial,-40.0,148.0,广告投放,observed_history_unknown_rule,src_db71d98a0a37,origin data/VPD-OE_Agent_20260709/VPD-OE_Agent/data/raw/ZY/ZY08.xls,现金流量表,23.0,
502798855356615a,historical_cash_flow,historical_600_unknown_rule,unknown,ZY08,,21,2,1,Long_Loan,long_loan_borrow,finance,conditional_decision,True,"{""principal_wan"": 1004, ""term"": 5, ""term_unit"": ""year""}",complete,1004.0,1152.0,申请:5年 1004W的长期贷款,observed_history_unknown_rule,src_db71d98a0a37,origin data/VPD-OE_Agent_20260709/VPD-OE_Agent/data/raw/ZY/ZY08.xls,现金流量表,24.0,
11b7f614a97a76ef,historical_cash_flow,historical_600_unknown_rule,unknown,ZY08,,22,2,1,Pay_Material,material_receipt_payment,procurement,committed_settlement,False,"{""materials"": {""R1"": 2}}",complete,-20.0,1132.0,支付原料费 R1:2,observed_history_unknown_rule,src_db71d98a0a37,origin data/VPD-OE_Agent_20260709/VPD-OE_Agent/data/raw/ZY/ZY08.xls,现金流量表,25.0,
a1925f454b08fc69,historical_cash_flow,historical_600_unknown_rule,unknown,ZY08,,23,2,1,Buy_ProductLine,production_line_order,capacity,direct_decision,True,"{""line_type"": ""自动线"", ""product_id"": ""P4""}",complete,-50.0,1082.0,订购[自动线]生产[P4],observed_history_unknown_rule,src_db71d98a0a37,origin data/VPD-OE_Agent_20260709/VPD-OE_Agent/data/raw/ZY/ZY08.xls,现金流量表,26.0,
5e35aae8b2df489f,historical_cash_flow,historical_600_unknown_rule,unknown,ZY08,,24,2,1,Product_Produce,production,production,direct_decision,True,"{""line_assignments"": [{""line_instance_id"": 168, ""product_id"": ""P1""}, {""line_instance_id"": 187, ""product_id"": ""P1""}]}",complete,-20.0,1062.0,168:P1 187:P1,observed_history_unknown_rule,src_db71d98a0a37,origin data/VPD-OE_Agent_20260709/VPD-OE_Agent/data/raw/ZY/ZY08.xls,现金流量表,27.0,
77141897c80a3e3d,historical_cash_flow,historical_600_unknown_rule,unknown,ZY08,,25,2,1,Buy_Material,material_order,procurement,direct_decision,True,"{""materials"": {""R1"": 2, ""R2"": 2, ""R3"": 1, ""R4"": 1}}",complete,0.0,1062.0,订购原料 R1:2 R2:2 R3:1 R4:1,observed_history_unknown_rule,src_db71d98a0a37,origin data/VPD-OE_Agent_20260709/VPD-OE_Agent/data/raw/ZY/ZY08.xls,现金流量表,28.0,
28f20adc8ee87109,historical_cash_flow,historical_600_unknown_rule,unknown,ZY08,,26,2,1,Develop_Product,product_development,qualification,direct_decision,True,"{""products"": [""P4""]}",complete,-10.0,1052.0,产品生产资格投资: P4,observed_history_unknown_rule,src_db71d98a0a37,origin data/VPD-OE_Agent_20260709/VPD-OE_Agent/data/raw/ZY/ZY08.xls,现金流量表,29.0,
686135b5ff6b6725,historical_cash_flow,historical_600_unknown_rule,unknown,ZY08,,27,2,1,Renew_Workshop,factory_rent_renewal,capacity,conditional_decision,True,{},not_applicable,-40.0,1012.0,厂房续租,observed_history_unknown_rule,src_db71d98a0a37,origin data/VPD-OE_Agent_20260709/VPD-OE_Agent/data/raw/ZY/ZY08.xls,现金流量表,30.0,
f3921c23bf9a8274,historical_cash_flow,historical_600_unknown_rule,unknown,ZY08,,28,2,1,Pay_Overhaul,administrative_fee,period_close,automatic_settlement,False,{},not_applicable,-10.0,1002.0,支付行政管理费,observed_history_unknown_rule,src_db71d98a0a37,origin data/VPD-OE_Agent_20260709/VPD-OE_Agent/data/raw/ZY/ZY08.xls,现金流量表,31.0,
ff0423ccc773581f,historical_cash_flow,historical_600_unknown_rule,unknown,ZY08,,29,2,2,Pay_Material,material_receipt_payment,procurement,committed_settlement,False,"{""materials"": {""R1"": 2, ""R2"": 2, ""R3"": 1, ""R4"": 1}}",complete,-60.0,942.0,支付原料费 R3:1 R4:1 R1:2 R2:2,observed_history_unknown_rule,src_db71d98a0a37,origin data/VPD-OE_Agent_20260709/VPD-OE_Agent/data/raw/ZY/ZY08.xls,现金流量表,32.0,
e7b641836e4b3725,historical_cash_flow,historical_600_unknown_rule,unknown,ZY08,,30,2,2,Product_Produce,production,production,direct_decision,True,"{""line_assignments"": [{""line_instance_id"": 168, ""product_id"": ""P1""}, {""line_instance_id"": 182, ""product_id"": ""P4""}, {""line_instance_id"": 187, ""product_id"": ""P1""}]}",complete,-30.0,912.0,168:P1 182:P4 187:P1,observed_history_unknown_rule,src_db71d98a0a37,origin data/VPD-OE_Agent_20260709/VPD-OE_Agent/data/raw/ZY/ZY08.xls,现金流量表,33.0,
23f15fabdbba5819,historical_cash_flow,historical_600_unknown_rule,unknown,ZY08,,31,2,2,Invest_ProductLine,production_line_investment,capacity,committed_settlement,False,{},partial,-50.0,862.0,投资在建生产线,observed_history_unknown_rule,src_db71d98a0a37,origin data/VPD-OE_Agent_20260709/VPD-OE_Agent/data/raw/ZY/ZY08.xls,现金流量表,34.0,
f6a7713222bee6db,historical_cash_flow,historical_600_unknown_rule,unknown,ZY08,,32,2,2,Buy_Material,material_order,procurement,direct_decision,True,"{""materials"": {""R1"": 2, ""R2"": 2, ""R3"": 1, ""R4"": 1}}",complete,0.0,862.0,订购原料 R1:2 R2:2 R3:1 R4:1,observed_history_unknown_rule,src_db71d98a0a37,origin data/VPD-OE_Agent_20260709/VPD-OE_Agent/data/raw/ZY/ZY08.xls,现金流量表,35.0,
904317c301248a92,historical_cash_flow,historical_600_unknown_rule,unknown,ZY08,,33,2,2,Pay_Overhaul,administrative_fee,period_close,automatic_settlement,False,{},not_applicable,-10.0,852.0,支付行政管理费,observed_history_unknown_rule,src_db71d98a0a37,origin data/VPD-OE_Agent_20260709/VPD-OE_Agent/data/raw/ZY/ZY08.xls,现金流量表,36.0,
aeb9bbb3e327e9b3,historical_cash_flow,historical_600_unknown_rule,unknown,ZY08,,34,2,3,Pay_Short_Loan,short_loan_repayment,finance,committed_settlement,False,{},partial,-218.0,634.0,短贷还本息,observed_history_unknown_rule,src_db71d98a0a37,origin data/VPD-OE_Agent_20260709/VPD-OE_Agent/data/raw/ZY/ZY08.xls,现金流量表,37.0,
a1af65ab931435df,historical_cash_flow,historical_600_unknown_rule,unknown,ZY08,,35,2,3,Pay_Material,material_receipt_payment,procurement,committed_settlement,False,"{""materials"": {""R1"": 2, ""R2"": 2, ""R3"": 1, ""R4"": 1}}",complete,-60.0,574.0,支付原料费 R3:1 R4:1 R1:2 R2:2,observed_history_unknown_rule,src_db71d98a0a37,origin data/VPD-OE_Agent_20260709/VPD-OE_Agent/data/raw/ZY/ZY08.xls,现金流量表,38.0,
252190aa7f9d53c1,historical_cash_flow,historical_600_unknown_rule,unknown,ZY08,,36,2,3,Product_Produce,production,production,direct_decision,True,"{""line_assignments"": [{""line_instance_id"": 168, ""product_id"": ""P1""}, {""line_instance_id"": 182, ""product_id"": ""P4""}, {""line_instance_id"": 187, ""product_id"": ""P1""}]}",complete,-30.0,544.0,168:P1 182:P4 187:P1,observed_history_unknown_rule,src_db71d98a0a37,origin data/VPD-OE_Agent_20260709/VPD-OE_Agent/data/raw/ZY/ZY08.xls,现金流量表,39.0,
9dae3d6a6a43b160,historical_cash_flow,historical_600_unknown_rule,unknown,ZY08,,37,2,3,Buy_Material,material_order,procurement,direct_decision,True,"{""materials"": {""R1"": 2, ""R2"": 2, ""R3"": 2, ""R4"": 2}}",complete,0.0,544.0,订购原料 R1:2 R2:2 R3:2 R4:2,observed_history_unknown_rule,src_db71d98a0a37,origin data/VPD-OE_Agent_20260709/VPD-OE_Agent/data/raw/ZY/ZY08.xls,现金流量表,40.0,
58531a0c9ab26ef3,historical_cash_flow,historical_600_unknown_rule,unknown,ZY08,,38,2,3,Pay_Overhaul,administrative_fee,period_close,automatic_settlement,False,{},not_applicable,-10.0,534.0,支付行政管理费,observed_history_unknown_rule,src_db71d98a0a37,origin data/VPD-OE_Agent_20260709/VPD-OE_Agent/data/raw/ZY/ZY08.xls,现金流量表,41.0,
2d26dd3fb158db32,historical_cash_flow,historical_600_unknown_rule,unknown,ZY08,,39,2,4,Pay_Material,material_receipt_payment,procurement,committed_settlement,False,"{""materials"": {""R1"": 2, ""R2"": 2, ""R3"": 1, ""R4"": 1}}",complete,-60.0,474.0,支付原料费 R3:1 R4:1 R1:2 R2:2,observed_history_unknown_rule,src_db71d98a0a37,origin data/VPD-OE_Agent_20260709/VPD-OE_Agent/data/raw/ZY/ZY08.xls,现金流量表,42.0,
d3cc9a16d57a187c,historical_cash_flow,historical_600_unknown_rule,unknown,ZY08,,40,2,4,Product_Produce,production,production,direct_decision,True,"{""line_assignments"": [{""line_instance_id"": 168, ""product_id"": ""P1""}, {""line_instance_id"": 182, ""product_id"": ""P4""}, {""line_instance_id"": 187, ""product_id"": ""P1""}]}",complete,-30.0,444.0,168:P1 182:P4 187:P1,observed_history_unknown_rule,src_db71d98a0a37,origin data/VPD-OE_Agent_20260709/VPD-OE_Agent/data/raw/ZY/ZY08.xls,现金流量表,43.0,
313440243984edca,historical_cash_flow,historical_600_unknown_rule,unknown,ZY08,,41,2,4,Invest_ProductLine,production_line_investment,capacity,committed_settlement,False,{},partial,-50.0,394.0,投资在建生产线,observed_history_unknown_rule,src_db71d98a0a37,origin data/VPD-OE_Agent_20260709/VPD-OE_Agent/data/raw/ZY/ZY08.xls,现金流量表,44.0,
3372933114a32df2,historical_cash_flow,historical_600_unknown_rule,unknown,ZY08,,42,2,4,Develop_Market,market_development,qualification,direct_decision,True,"{""markets"": [""区域"", ""亚洲""]}",complete,-20.0,374.0,"市场开拓资格投资,开发项目:区域 亚洲",observed_history_unknown_rule,src_db71d98a0a37,origin data/VPD-OE_Agent_20260709/VPD-OE_Agent/data/raw/ZY/ZY08.xls,现金流量表,45.0,
e669458e28a95040,historical_cash_flow,historical_600_unknown_rule,unknown,ZY08,,43,2,4,Develop_ISO,iso_development,qualification,direct_decision,True,"{""certifications"": [""ISO9000""]}",complete,-10.0,364.0,"ISO认证资格投资,开发：ISO9000",observed_history_unknown_rule,src_db71d98a0a37,origin data/VPD-OE_Agent_20260709/VPD-OE_Agent/data/raw/ZY/ZY08.xls,现金流量表,46.0,
e9eff7c694794c32,historical_cash_flow,historical_600_unknown_rule,unknown,ZY08,,44,2,4,Pay_Overhaul,administrative_fee,period_close,automatic_settlement,False,{},not_applicable,-10.0,354.0,支付行政管理费,observed_history_unknown_rule,src_db71d98a0a37,origin data/VPD-OE_Agent_20260709/VPD-OE_Agent/data/raw/ZY/ZY08.xls,现金流量表,47.0,
e61317fee736c95a,historical_cash_flow,historical_600_unknown_rule,unknown,ZY08,,45,2,4,Pay_Maintenance,maintenance,period_close,automatic_settlement,False,{},not_applicable,-30.0,324.0,支付维护费,observed_history_unknown_rule,src_db71d98a0a37,origin data/VPD-OE_Agent_20260709/VPD-OE_Agent/data/raw/ZY/ZY08.xls,现金流量表,48.0,
6fa3dfa7e3f11679,historical_cash_flow,historical_600_unknown_rule,unknown,ZY08,,46,3,1,Pay_Long_Loan,long_loan_repayment,finance,committed_settlement,False,{},partial,-100.0,224.0,支付长贷本息,observed_history_unknown_rule,src_db71d98a0a37,origin data/VPD-OE_Agent_20260709/VPD-OE_Agent/data/raw/ZY/ZY08.xls,现金流量表,49.0,
a20558e9fc27af5d,historical_cash_flow,historical_600_unknown_rule,unknown,ZY08,,47,3,1,Pay_AD,advertising,sales,direct_decision,True,{},partial,-20.0,204.0,广告投放,observed_history_unknown_rule,src_db71d98a0a37,origin data/VPD-OE_Agent_20260709/VPD-OE_Agent/data/raw/ZY/ZY08.xls,现金流量表,50.0,
afb35b9b3d260f59,historical_cash_flow,historical_600_unknown_rule,unknown,ZY08,,48,3,1,Auction_Win,order_award,sales,external_outcome,False,"{""order_id"": ""J31-0001""}",complete,-10.0,194.0,竞单成功，获得订单:J31-0001,observed_history_unknown_rule,src_db71d98a0a37,origin data/VPD-OE_Agent_20260709/VPD-OE_Agent/data/raw/ZY/ZY08.xls,现金流量表,51.0,
b4fc48e353467ada,historical_cash_flow,historical_600_unknown_rule,unknown,ZY08,,49,3,1,Auction_Win,order_award,sales,external_outcome,False,"{""order_id"": ""J31-0002""}",complete,-10.0,184.0,竞单成功，获得订单:J31-0002,observed_history_unknown_rule,src_db71d98a0a37,origin data/VPD-OE_Agent_20260709/VPD-OE_Agent/data/raw/ZY/ZY08.xls,现金流量表,52.0,
e43b3336c0d3e674,historical_cash_flow,historical_600_unknown_rule,unknown,ZY08,,50,3,1,Short_Loan,short_loan_borrow,finance,conditional_decision,True,"{""principal_wan"": 68, ""term"": 4, ""term_unit"": ""quarter""}",complete,68.0,252.0,申请:4季 68W的短期贷款,observed_history_unknown_rule,src_db71d98a0a37,origin data/VPD-OE_Agent_20260709/VPD-OE_Agent/data/raw/ZY/ZY08.xls,现金流量表,53.0,
131e8a3127f49237,historical_cash_flow,historical_600_unknown_rule,unknown,ZY08,,51,3,1,Pay_Material,material_receipt_payment,procurement,committed_settlement,False,"{""materials"": {""R3"": 2, ""R4"": 2}}",complete,-40.0,212.0,支付原料费 R3:2 R4:2,observed_history_unknown_rule,src_db71d98a0a37,origin data/VPD-OE_Agent_20260709/VPD-OE_Agent/data/raw/ZY/ZY08.xls,现金流量表,54.0,
66407ba4dff3a8de,historical_cash_flow,historical_600_unknown_rule,unknown,ZY08,,52,3,1,Emergency_Buy_Material,emergency_material_purchase,procurement,exception_intervention,True,"{""quantities"": {""R1"": 2, ""R2"": 4, ""R3"": 0, ""R4"": 0}}",complete,-120.0,92.0,"紧急采购原料，数量分别为：2,4,0,0",observed_history_unknown_rule,src_db71d98a0a37,origin data/VPD-OE_Agent_20260709/VPD-OE_Agent/data/raw/ZY/ZY08.xls,现金流量表,55.0,
525d3cac1d3b8a14,historical_cash_flow,historical_600_unknown_rule,unknown,ZY08,,53,3,1,Product_Produce,production,production,direct_decision,True,"{""line_assignments"": [{""line_instance_id"": 168, ""product_id"": ""P1""}, {""line_instance_id"": 182, ""product_id"": ""P4""}, {""line_instance_id"": 187, ""product_id"": ""P1""}, {""line_instance_id"": 210, ""product_id"": ""P4""}]}",complete,-40.0,52.0,168:P1 182:P4 187:P1 210:P4,observed_history_unknown_rule,src_db71d98a0a37,origin data/VPD-OE_Agent_20260709/VPD-OE_Agent/data/raw/ZY/ZY08.xls,现金流量表,56.0,
353952b9a0382ae0,historical_cash_flow,historical_600_unknown_rule,unknown,ZY08,,54,3,1,Buy_Material,material_order,procurement,direct_decision,True,"{""materials"": {""R1"": 2, ""R2"": 4, ""R3"": 2, ""R4"": 2}}",complete,0.0,52.0,订购原料 R1:2 R2:4 R3:2 R4:2,observed_history_unknown_rule,src_db71d98a0a37,origin data/VPD-OE_Agent_20260709/VPD-OE_Agent/data/raw/ZY/ZY08.xls,现金流量表,57.0,
a0bd524b41ad69f7,historical_cash_flow,historical_600_unknown_rule,unknown,ZY08,,55,3,1,Update_Receivable,receivable_maturity,receivable,automatic_settlement,False,{},not_applicable,252.0,304.0,更新应收款,observed_history_unknown_rule,src_db71d98a0a37,origin data/VPD-OE_Agent_20260709/VPD-OE_Agent/data/raw/ZY/ZY08.xls,现金流量表,58.0,
3a20e24fe73fcb1b,historical_cash_flow,historical_600_unknown_rule,unknown,ZY08,,56,3,1,Renew_Workshop,factory_rent_renewal,capacity,conditional_decision,True,{},not_applicable,-40.0,264.0,厂房续租,observed_history_unknown_rule,src_db71d98a0a37,origin data/VPD-OE_Agent_20260709/VPD-OE_Agent/data/raw/ZY/ZY08.xls,现金流量表,59.0,
dc1faee43b162e99,historical_cash_flow,historical_600_unknown_rule,unknown,ZY08,,57,3,1,Pay_Overhaul,administrative_fee,period_close,automatic_settlement,False,{},not_applicable,-10.0,254.0,支付行政管理费,observed_history_unknown_rule,src_db71d98a0a37,origin data/VPD-OE_Agent_20260709/VPD-OE_Agent/data/raw/ZY/ZY08.xls,现金流量表,60.0,
f61285685b77d7bf,historical_cash_flow,historical_600_unknown_rule,unknown,ZY08,,58,3,2,Pay_Material,material_receipt_payment,procurement,committed_settlement,False,"{""materials"": {""R1"": 2, ""R2"": 4}}",complete,-60.0,194.0,支付原料费 R1:2 R2:4,observed_history_unknown_rule,src_db71d98a0a37,origin data/VPD-OE_Agent_20260709/VPD-OE_Agent/data/raw/ZY/ZY08.xls,现金流量表,61.0,
f3e5be7174218b14,historical_cash_flow,historical_600_unknown_rule,unknown,ZY08,,59,3,2,Emergency_Buy_Material,emergency_material_purchase,procurement,exception_intervention,True,"{""quantities"": {""R1"": 0, ""R2"": 0, ""R3"": 2, ""R4"": 2}}",complete,-80.0,114.0,"紧急采购原料，数量分别为：0,0,2,2",observed_history_unknown_rule,src_db71d98a0a37,origin data/VPD-OE_Agent_20260709/VPD-OE_Agent/data/raw/ZY/ZY08.xls,现金流量表,62.0,
7d6cc0ef21367a1e,historical_cash_flow,historical_600_unknown_rule,unknown,ZY08,,60,3,2,Product_Produce,production,production,direct_decision,True,"{""line_assignments"": [{""line_instance_id"": 168, ""product_id"": ""P1""}, {""line_instance_id"": 182, ""product_id"": ""P4""}, {""line_instance_id"": 187, ""product_id"": ""P1""}, {""line_instance_id"": 210, ""product_id"": ""P4""}]}",complete,-40.0,74.0,168:P1 182:P4 187:P1 210:P4,observed_history_unknown_rule,src_db71d98a0a37,origin data/VPD-OE_Agent_20260709/VPD-OE_Agent/data/raw/ZY/ZY08.xls,现金流量表,63.0,
4a4d9e2e63b4c167,historical_cash_flow,historical_600_unknown_rule,unknown,ZY08,,61,3,2,Buy_Material,material_order,procurement,direct_decision,True,"{""materials"": {""R1"": 2, ""R2"": 4, ""R3"": 2, ""R4"": 2}}",complete,0.0,74.0,订购原料 R1:2 R2:4 R3:2 R4:2,observed_history_unknown_rule,src_db71d98a0a37,origin data/VPD-OE_Agent_20260709/VPD-OE_Agent/data/raw/ZY/ZY08.xls,现金流量表,64.0,
25e28f1c0bf0b01d,historical_cash_flow,historical_600_unknown_rule,unknown,ZY08,,62,3,2,Update_Receivable,receivable_maturity,receivable,automatic_settlement,False,{},not_applicable,133.0,207.0,更新应收款,observed_history_unknown_rule,src_db71d98a0a37,origin data/VPD-OE_Agent_20260709/VPD-OE_Agent/data/raw/ZY/ZY08.xls,现金流量表,65.0,
642b6c7d09c57a54,historical_cash_flow,historical_600_unknown_rule,unknown,ZY08,,63,3,2,Pay_Overhaul,administrative_fee,period_close,automatic_settlement,False,{},not_applicable,-10.0,197.0,支付行政管理费,observed_history_unknown_rule,src_db71d98a0a37,origin data/VPD-OE_Agent_20260709/VPD-OE_Agent/data/raw/ZY/ZY08.xls,现金流量表,66.0,
52707fb13861691e,historical_cash_flow,historical_600_unknown_rule,unknown,ZY08,,64,3,3,Pay_Material,material_receipt_payment,procurement,committed_settlement,False,"{""materials"": {""R1"": 2, ""R2"": 4, ""R3"": 2, ""R4"": 2}}",complete,-100.0,97.0,支付原料费 R3:2 R4:2 R1:2 R2:4,observed_history_unknown_rule,src_db71d98a0a37,origin data/VPD-OE_Agent_20260709/VPD-OE_Agent/data/raw/ZY/ZY08.xls,现金流量表,67.0,
389e8c9738016761,historical_cash_flow,historical_600_unknown_rule,unknown,ZY08,,65,3,3,Product_Produce,production,production,direct_decision,True,"{""line_assignments"": [{""line_instance_id"": 168, ""product_id"": ""P1""}, {""line_instance_id"": 182, ""product_id"": ""P4""}, {""line_instance_id"": 187, ""product_id"": ""P1""}, {""line_instance_id"": 210, ""product_id"": ""P4""}]}",complete,-40.0,57.0,168:P1 182:P4 187:P1 210:P4,observed_history_unknown_rule,src_db71d98a0a37,origin data/VPD-OE_Agent_20260709/VPD-OE_Agent/data/raw/ZY/ZY08.xls,现金流量表,68.0,
c9e7761de00d30cc,historical_cash_flow,historical_600_unknown_rule,unknown,ZY08,,66,3,3,Buy_Material,material_order,procurement,direct_decision,True,"{""materials"": {""R1"": 2, ""R2"": 4, ""R3"": 2, ""R4"": 2}}",complete,0.0,57.0,订购原料 R1:2 R2:4 R3:2 R4:2,observed_history_unknown_rule,src_db71d98a0a37,origin data/VPD-OE_Agent_20260709/VPD-OE_Agent/data/raw/ZY/ZY08.xls,现金流量表,69.0,
378953dd05758481,historical_cash_flow,historical_600_unknown_rule,unknown,ZY08,,67,3,3,Update_Receivable,receivable_maturity,receivable,automatic_settlement,False,{},not_applicable,102.0,159.0,更新应收款,observed_history_unknown_rule,src_db71d98a0a37,origin data/VPD-OE_Agent_20260709/VPD-OE_Agent/data/raw/ZY/ZY08.xls,现金流量表,70.0,
957cfc51bd530103,historical_cash_flow,historical_600_unknown_rule,unknown,ZY08,,68,3,3,Sell_Product,order_delivery,sales,conditional_decision,True,{},partial,180.0,339.0,订单交货,observed_history_unknown_rule,src_db71d98a0a37,origin data/VPD-OE_Agent_20260709/VPD-OE_Agent/data/raw/ZY/ZY08.xls,现金流量表,71.0,
c24b2d2ed0359337,historical_cash_flow,historical_600_unknown_rule,unknown,ZY08,,69,3,3,Pay_Overhaul,administrative_fee,period_close,automatic_settlement,False,{},not_applicable,-10.0,329.0,支付行政管理费,observed_history_unknown_rule,src_db71d98a0a37,origin data/VPD-OE_Agent_20260709/VPD-OE_Agent/data/raw/ZY/ZY08.xls,现金流量表,72.0,
7fd63d49d5107d92,historical_cash_flow,historical_600_unknown_rule,unknown,ZY08,,70,3,4,Pay_Material,material_receipt_payment,procurement,committed_settlement,False,"{""materials"": {""R1"": 2, ""R2"": 4, ""R3"": 2, ""R4"": 2}}",complete,-100.0,229.0,支付原料费 R3:2 R4:2 R1:2 R2:4,observed_history_unknown_rule,src_db71d98a0a37,origin data/VPD-OE_Agent_20260709/VPD-OE_Agent/data/raw/ZY/ZY08.xls,现金流量表,73.0,
ca733ef2215bdd56,historical_cash_flow,historical_600_unknown_rule,unknown,ZY08,,71,3,4,Product_Produce,production,production,direct_decision,True,"{""line_assignments"": [{""line_instance_id"": 168, ""product_id"": ""P1""}, {""line_instance_id"": 182, ""product_id"": ""P4""}, {""line_instance_id"": 187, ""product_id"": ""P1""}, {""line_instance_id"": 210, ""product_id"": ""P4""}]}",complete,-40.0,189.0,168:P1 182:P4 187:P1 210:P4,observed_history_unknown_rule,src_db71d98a0a37,origin data/VPD-OE_Agent_20260709/VPD-OE_Agent/data/raw/ZY/ZY08.xls,现金流量表,74.0,
ce7760341eb6c5c7,historical_cash_flow,historical_600_unknown_rule,unknown,ZY08,,72,3,4,Buy_Material,material_order,procurement,direct_decision,True,"{""materials"": {""R1"": 2, ""R2"": 4, ""R3"": 2, ""R4"": 2}}",complete,0.0,189.0,订购原料 R1:2 R2:4 R3:2 R4:2,observed_history_unknown_rule,src_db71d98a0a37,origin data/VPD-OE_Agent_20260709/VPD-OE_Agent/data/raw/ZY/ZY08.xls,现金流量表,75.0,
c8dc7aadae076f45,historical_cash_flow,historical_600_unknown_rule,unknown,ZY08,,73,3,4,Update_Receivable,receivable_maturity,receivable,automatic_settlement,False,{},not_applicable,141.0,330.0,更新应收款,observed_history_unknown_rule,src_db71d98a0a37,origin data/VPD-OE_Agent_20260709/VPD-OE_Agent/data/raw/ZY/ZY08.xls,现金流量表,76.0,
ea7bc74ca5d75f5e,historical_cash_flow,historical_600_unknown_rule,unknown,ZY08,,74,3,4,Develop_Market,market_development,qualification,direct_decision,True,"{""markets"": [""亚洲""]}",complete,-10.0,320.0,"市场开拓资格投资,开发项目:亚洲",observed_history_unknown_rule,src_db71d98a0a37,origin data/VPD-OE_Agent_20260709/VPD-OE_Agent/data/raw/ZY/ZY08.xls,现金流量表,77.0,
dce8efc058d94b12,historical_cash_flow,historical_600_unknown_rule,unknown,ZY08,,75,3,4,Develop_ISO,iso_development,qualification,direct_decision,True,"{""certifications"": [""ISO14000""]}",complete,-20.0,300.0,"ISO认证资格投资,开发：ISO14000",observed_history_unknown_rule,src_db71d98a0a37,origin data/VPD-OE_Agent_20260709/VPD-OE_Agent/data/raw/ZY/ZY08.xls,现金流量表,78.0,
92cd8f6baaecb18a,historical_cash_flow,historical_600_unknown_rule,unknown,ZY08,,76,3,4,Pay_Overhaul,administrative_fee,period_close,automatic_settlement,False,{},not_applicable,-10.0,290.0,支付行政管理费,observed_history_unknown_rule,src_db71d98a0a37,origin data/VPD-OE_Agent_20260709/VPD-OE_Agent/data/raw/ZY/ZY08.xls,现金流量表,79.0,
40c5720bfecb578d,historical_cash_flow,historical_600_unknown_rule,unknown,ZY08,,77,3,4,Pay_Maintenance,maintenance,period_close,automatic_settlement,False,{},not_applicable,-40.0,250.0,支付维护费,observed_history_unknown_rule,src_db71d98a0a37,origin data/VPD-OE_Agent_20260709/VPD-OE_Agent/data/raw/ZY/ZY08.xls,现金流量表,80.0,
870347a420493fed,historical_cash_flow,historical_600_unknown_rule,unknown,ZY08,,78,4,1,Pay_Tax,tax_payment,period_close,automatic_settlement,False,{},not_applicable,-27.0,223.0,支付上一年税金,observed_history_unknown_rule,src_db71d98a0a37,origin data/VPD-OE_Agent_20260709/VPD-OE_Agent/data/raw/ZY/ZY08.xls,现金流量表,81.0,
9f2b3ef4446e81b0,historical_cash_flow,historical_600_unknown_rule,unknown,ZY08,,79,4,1,Pay_Long_Loan,long_loan_repayment,finance,committed_settlement,False,{},partial,-100.0,123.0,支付长贷本息,observed_history_unknown_rule,src_db71d98a0a37,origin data/VPD-OE_Agent_20260709/VPD-OE_Agent/data/raw/ZY/ZY08.xls,现金流量表,82.0,
b5d707069ebdaad8,historical_cash_flow,historical_600_unknown_rule,unknown,ZY08,,80,4,1,Pay_AD,advertising,sales,direct_decision,True,{},partial,-42.0,81.0,广告投放,observed_history_unknown_rule,src_db71d98a0a37,origin data/VPD-OE_Agent_20260709/VPD-OE_Agent/data/raw/ZY/ZY08.xls,现金流量表,83.0,
4694ceea00fcb840,historical_cash_flow,historical_600_unknown_rule,unknown,ZY08,,81,4,1,Pay_Short_Loan,short_loan_repayment,finance,committed_settlement,False,{},partial,-71.0,10.0,短贷还本息,observed_history_unknown_rule,src_db71d98a0a37,origin data/VPD-OE_Agent_20260709/VPD-OE_Agent/data/raw/ZY/ZY08.xls,现金流量表,84.0,
8a14e739cb6fcfe5,historical_cash_flow,historical_600_unknown_rule,unknown,ZY08,,82,4,1,Short_Loan,short_loan_borrow,finance,conditional_decision,True,"{""principal_wan"": 168, ""term"": 4, ""term_unit"": ""quarter""}",complete,168.0,178.0,申请:4季 168W的短期贷款,observed_history_unknown_rule,src_db71d98a0a37,origin data/VPD-OE_Agent_20260709/VPD-OE_Agent/data/raw/ZY/ZY08.xls,现金流量表,85.0,
4e3bca49a7d0197f,historical_cash_flow,historical_600_unknown_rule,unknown,ZY08,,83,4,1,Pay_Material,material_receipt_payment,procurement,committed_settlement,False,"{""materials"": {""R1"": 2, ""R2"": 4, ""R3"": 2, ""R4"": 2}}",complete,-100.0,78.0,支付原料费 R3:2 R4:2 R1:2 R2:4,observed_history_unknown_rule,src_db71d98a0a37,origin data/VPD-OE_Agent_20260709/VPD-OE_Agent/data/raw/ZY/ZY08.xls,现金流量表,86.0,
dba3c71777d53010,historical_cash_flow,historical_600_unknown_rule,unknown,ZY08,,84,4,1,Buy_Material,material_order,procurement,direct_decision,True,"{""materials"": {""R1"": 2, ""R2"": 4, ""R3"": 2, ""R4"": 2}}",complete,0.0,78.0,订购原料 R1:2 R2:4 R3:2 R4:2,observed_history_unknown_rule,src_db71d98a0a37,origin data/VPD-OE_Agent_20260709/VPD-OE_Agent/data/raw/ZY/ZY08.xls,现金流量表,87.0,
95ef86c65f964e16,historical_cash_flow,historical_600_unknown_rule,unknown,ZY08,,85,4,1,Product_Produce,production,production,direct_decision,True,"{""line_assignments"": [{""line_instance_id"": 168, ""product_id"": ""P1""}, {""line_instance_id"": 182, ""product_id"": ""P4""}, {""line_instance_id"": 187, ""product_id"": ""P1""}, {""line_instance_id"": 210, ""product_id"": ""P4""}]}",complete,-40.0,38.0,168:P1 182:P4 187:P1 210:P4,observed_history_unknown_rule,src_db71d98a0a37,origin data/VPD-OE_Agent_20260709/VPD-OE_Agent/data/raw/ZY/ZY08.xls,现金流量表,88.0,
a5565920672be39c,historical_cash_flow,historical_600_unknown_rule,unknown,ZY08,,86,4,1,Update_Receivable,receivable_maturity,receivable,automatic_settlement,False,{},not_applicable,160.0,198.0,更新应收款,observed_history_unknown_rule,src_db71d98a0a37,origin data/VPD-OE_Agent_20260709/VPD-OE_Agent/data/raw/ZY/ZY08.xls,现金流量表,89.0,
1d79a590c8dfb36c,historical_cash_flow,historical_600_unknown_rule,unknown,ZY08,,87,4,1,Renew_Workshop,factory_rent_renewal,capacity,conditional_decision,True,{},not_applicable,-40.0,158.0,厂房续租,observed_history_unknown_rule,src_db71d98a0a37,origin data/VPD-OE_Agent_20260709/VPD-OE_Agent/data/raw/ZY/ZY08.xls,现金流量表,90.0,
6818114bd257527a,historical_cash_flow,historical_600_unknown_rule,unknown,ZY08,,88,4,1,Pay_Overhaul,administrative_fee,period_close,automatic_settlement,False,{},not_applicable,-10.0,148.0,支付行政管理费,observed_history_unknown_rule,src_db71d98a0a37,origin data/VPD-OE_Agent_20260709/VPD-OE_Agent/data/raw/ZY/ZY08.xls,现金流量表,91.0,
0eedd1531432fed0,historical_cash_flow,historical_600_unknown_rule,unknown,ZY08,,89,4,2,Pay_Material,material_receipt_payment,procurement,committed_settlement,False,"{""materials"": {""R1"": 2, ""R2"": 4, ""R3"": 2, ""R4"": 2}}",complete,-100.0,48.0,支付原料费 R3:2 R4:2 R1:2 R2:4,observed_history_unknown_rule,src_db71d98a0a37,origin data/VPD-OE_Agent_20260709/VPD-OE_Agent/data/raw/ZY/ZY08.xls,现金流量表,92.0,
5ca2b4112f39e86d,historical_cash_flow,historical_600_unknown_rule,unknown,ZY08,,90,4,2,Product_Produce,production,production,direct_decision,True,"{""line_assignments"": [{""line_instance_id"": 168, ""product_id"": ""P1""}, {""line_instance_id"": 182, ""product_id"": ""P4""}, {""line_instance_id"": 187, ""product_id"": ""P1""}, {""line_instance_id"": 210, ""product_id"": ""P4""}]}",complete,-40.0,8.0,168:P1 182:P4 187:P1 210:P4,observed_history_unknown_rule,src_db71d98a0a37,origin data/VPD-OE_Agent_20260709/VPD-OE_Agent/data/raw/ZY/ZY08.xls,现金流量表,93.0,
74734f61bbafc2ae,historical_cash_flow,historical_600_unknown_rule,unknown,ZY08,,91,4,2,Buy_Material,material_order,procurement,direct_decision,True,"{""materials"": {""R1"": 2, ""R2"": 4, ""R3"": 2, ""R4"": 2}}",complete,0.0,8.0,订购原料 R1:2 R2:4 R3:2 R4:2,observed_history_unknown_rule,src_db71d98a0a37,origin data/VPD-OE_Agent_20260709/VPD-OE_Agent/data/raw/ZY/ZY08.xls,现金流量表,94.0,
809448f45d3d5848,historical_cash_flow,historical_600_unknown_rule,unknown,ZY08,,92,4,2,Update_Receivable,receivable_maturity,receivable,automatic_settlement,False,{},not_applicable,720.0,728.0,更新应收款,observed_history_unknown_rule,src_db71d98a0a37,origin data/VPD-OE_Agent_20260709/VPD-OE_Agent/data/raw/ZY/ZY08.xls,现金流量表,95.0,
89b9f85fc07ab748,historical_cash_flow,historical_600_unknown_rule,unknown,ZY08,,93,4,2,Sell_Product,order_delivery,sales,conditional_decision,True,{},partial,380.0,1108.0,订单交货,observed_history_unknown_rule,src_db71d98a0a37,origin data/VPD-OE_Agent_20260709/VPD-OE_Agent/data/raw/ZY/ZY08.xls,现金流量表,96.0,
714d212bca736401,historical_cash_flow,historical_600_unknown_rule,unknown,ZY08,,94,4,2,Pay_Overhaul,administrative_fee,period_close,automatic_settlement,False,{},not_applicable,-10.0,1098.0,支付行政管理费,observed_history_unknown_rule,src_db71d98a0a37,origin data/VPD-OE_Agent_20260709/VPD-OE_Agent/data/raw/ZY/ZY08.xls,现金流量表,97.0,
4fa8f7fbc9891db6,historical_cash_flow,historical_600_unknown_rule,unknown,ZY08,,95,4,3,Pay_Material,material_receipt_payment,procurement,committed_settlement,False,"{""materials"": {""R1"": 2, ""R2"": 4, ""R3"": 2, ""R4"": 2}}",complete,-100.0,998.0,支付原料费 R3:2 R4:2 R1:2 R2:4,observed_history_unknown_rule,src_db71d98a0a37,origin data/VPD-OE_Agent_20260709/VPD-OE_Agent/data/raw/ZY/ZY08.xls,现金流量表,98.0,
087fbe0a77dba811,historical_cash_flow,historical_600_unknown_rule,unknown,ZY08,,96,4,3,Buy_Material,material_order,procurement,direct_decision,True,"{""materials"": {""R1"": 2, ""R2"": 4, ""R3"": 4, ""R4"": 4}}",complete,0.0,998.0,订购原料 R1:2 R2:4 R3:4 R4:4,observed_history_unknown_rule,src_db71d98a0a37,origin data/VPD-OE_Agent_20260709/VPD-OE_Agent/data/raw/ZY/ZY08.xls,现金流量表,99.0,
bfec8e7349a95a50,historical_cash_flow,historical_600_unknown_rule,unknown,ZY08,,97,4,3,Rent_Workshop,factory_rent,capacity,direct_decision,True,"{""factory_type"": ""小厂房""}",complete,-30.0,968.0,租用[小厂房],observed_history_unknown_rule,src_db71d98a0a37,origin data/VPD-OE_Agent_20260709/VPD-OE_Agent/data/raw/ZY/ZY08.xls,现金流量表,100.0,
9cc7110d0fbdfea5,historical_cash_flow,historical_600_unknown_rule,unknown,ZY08,,98,4,3,Buy_ProductLine,production_line_order,capacity,direct_decision,True,"{""line_type"": ""自动线"", ""product_id"": ""P4""}",complete,-50.0,918.0,订购[自动线]生产[P4],observed_history_unknown_rule,src_db71d98a0a37,origin data/VPD-OE_Agent_20260709/VPD-OE_Agent/data/raw/ZY/ZY08.xls,现金流量表,101.0,
fc8feff43be3ef75,historical_cash_flow,historical_600_unknown_rule,unknown,ZY08,,99,4,3,Product_Produce,production,production,direct_decision,True,"{""line_assignments"": [{""line_instance_id"": 168, ""product_id"": ""P1""}, {""line_instance_id"": 182, ""product_id"": ""P4""}, {""line_instance_id"": 187, ""product_id"": ""P1""}, {""line_instance_id"": 210, ""product_id"": ""P4""}]}",complete,-40.0,878.0,168:P1 182:P4 187:P1 210:P4,observed_history_unknown_rule,src_db71d98a0a37,origin data/VPD-OE_Agent_20260709/VPD-OE_Agent/data/raw/ZY/ZY08.xls,现金流量表,102.0,
487107d897dee14d,historical_cash_flow,historical_600_unknown_rule,unknown,ZY08,,100,4,3,Pay_Overhaul,administrative_fee,period_close,automatic_settlement,False,{},not_applicable,-10.0,868.0,支付行政管理费,observed_history_unknown_rule,src_db71d98a0a37,origin data/VPD-OE_Agent_20260709/VPD-OE_Agent/data/raw/ZY/ZY08.xls,现金流量表,103.0,
aecc1d10e0772d7d,historical_cash_flow,historical_600_unknown_rule,unknown,ZY08,,101,4,4,Pay_Material,material_receipt_payment,procurement,committed_settlement,False,"{""materials"": {""R1"": 2, ""R2"": 4, ""R3"": 2, ""R4"": 2}}",complete,-100.0,768.0,支付原料费 R3:2 R4:2 R1:2 R2:4,observed_history_unknown_rule,src_db71d98a0a37,origin data/VPD-OE_Agent_20260709/VPD-OE_Agent/data/raw/ZY/ZY08.xls,现金流量表,104.0,
3d0200d278ff0813,historical_cash_flow,historical_600_unknown_rule,unknown,ZY08,,102,4,4,Invest_ProductLine,production_line_investment,capacity,committed_settlement,False,{},partial,-50.0,718.0,投资在建生产线,observed_history_unknown_rule,src_db71d98a0a37,origin data/VPD-OE_Agent_20260709/VPD-OE_Agent/data/raw/ZY/ZY08.xls,现金流量表,105.0,
5509d16082366977,historical_cash_flow,historical_600_unknown_rule,unknown,ZY08,,103,4,4,Product_Produce,production,production,direct_decision,True,"{""line_assignments"": [{""line_instance_id"": 168, ""product_id"": ""P1""}, {""line_instance_id"": 182, ""product_id"": ""P4""}, {""line_instance_id"": 187, ""product_id"": ""P1""}, {""line_instance_id"": 210, ""product_id"": ""P4""}]}",complete,-40.0,678.0,168:P1 182:P4 187:P1 210:P4,observed_history_unknown_rule,src_db71d98a0a37,origin data/VPD-OE_Agent_20260709/VPD-OE_Agent/data/raw/ZY/ZY08.xls,现金流量表,106.0,
143b7299a9de3749,historical_cash_flow,historical_600_unknown_rule,unknown,ZY08,,104,4,4,Buy_Material,material_order,procurement,direct_decision,True,"{""materials"": {""R1"": 2, ""R2"": 8, ""R3"": 3, ""R4"": 3}}",complete,0.0,678.0,订购原料 R1:2 R2:8 R3:3 R4:3,observed_history_unknown_rule,src_db71d98a0a37,origin data/VPD-OE_Agent_20260709/VPD-OE_Agent/data/raw/ZY/ZY08.xls,现金流量表,107.0,
f653a21c84e7fa33,historical_cash_flow,historical_600_unknown_rule,unknown,ZY08,,105,4,4,Develop_ISO,iso_development,qualification,direct_decision,True,"{""certifications"": [""ISO14000""]}",complete,-20.0,658.0,"ISO认证资格投资,开发：ISO14000",observed_history_unknown_rule,src_db71d98a0a37,origin data/VPD-OE_Agent_20260709/VPD-OE_Agent/data/raw/ZY/ZY08.xls,现金流量表,108.0,
cdca77a23963f9de,historical_cash_flow,historical_600_unknown_rule,unknown,ZY08,,106,4,4,Develop_Market,market_development,qualification,direct_decision,True,"{""markets"": [""国内""]}",complete,-10.0,648.0,"市场开拓资格投资,开发项目:国内",observed_history_unknown_rule,src_db71d98a0a37,origin data/VPD-OE_Agent_20260709/VPD-OE_Agent/data/raw/ZY/ZY08.xls,现金流量表,109.0,
98166a2d28f4c4b8,historical_cash_flow,historical_600_unknown_rule,unknown,ZY08,,107,4,4,Pay_Overhaul,administrative_fee,period_close,automatic_settlement,False,{},not_applicable,-10.0,638.0,支付行政管理费,observed_history_unknown_rule,src_db71d98a0a37,origin data/VPD-OE_Agent_20260709/VPD-OE_Agent/data/raw/ZY/ZY08.xls,现金流量表,110.0,
feed33dc28ac0713,historical_cash_flow,historical_600_unknown_rule,unknown,ZY08,,108,4,4,Pay_Maintenance,maintenance,period_close,automatic_settlement,False,{},not_applicable,-40.0,598.0,支付维护费,observed_history_unknown_rule,src_db71d98a0a37,origin data/VPD-OE_Agent_20260709/VPD-OE_Agent/data/raw/ZY/ZY08.xls,现金流量表,111.0,
507ae6f3741d9c0f,historical_cash_flow,historical_600_unknown_rule,unknown,ZY08,,109,5,1,Pay_Tax,tax_payment,period_close,automatic_settlement,False,{},not_applicable,-20.0,578.0,支付上一年税金,observed_history_unknown_rule,src_db71d98a0a37,origin data/VPD-OE_Agent_20260709/VPD-OE_Agent/data/raw/ZY/ZY08.xls,现金流量表,112.0,
1f61f222f106eec6,historical_cash_flow,historical_600_unknown_rule,unknown,ZY08,,110,5,1,Pay_Long_Loan,long_loan_repayment,finance,committed_settlement,False,{},partial,-100.0,478.0,支付长贷本息,observed_history_unknown_rule,src_db71d98a0a37,origin data/VPD-OE_Agent_20260709/VPD-OE_Agent/data/raw/ZY/ZY08.xls,现金流量表,113.0,
ad0c53973c0531c8,historical_cash_flow,historical_600_unknown_rule,unknown,ZY08,,111,5,1,Pay_AD,advertising,sales,direct_decision,True,{},partial,-79.0,399.0,广告投放,observed_history_unknown_rule,src_db71d98a0a37,origin data/VPD-OE_Agent_20260709/VPD-OE_Agent/data/raw/ZY/ZY08.xls,现金流量表,114.0,
8c7bb49a7cd4fd15,historical_cash_flow,historical_600_unknown_rule,unknown,ZY08,,112,5,1,Auction_Win,order_award,sales,external_outcome,False,"{""order_id"": ""J52-0036""}",complete,-10.0,389.0,竞单成功，获得订单:J52-0036,observed_history_unknown_rule,src_db71d98a0a37,origin data/VPD-OE_Agent_20260709/VPD-OE_Agent/data/raw/ZY/ZY08.xls,现金流量表,115.0,
6a0b52664ee5adca,historical_cash_flow,historical_600_unknown_rule,unknown,ZY08,,113,5,1,Auction_Win,order_award,sales,external_outcome,False,"{""order_id"": ""J54-0040""}",complete,-10.0,379.0,竞单成功，获得订单:J54-0040,observed_history_unknown_rule,src_db71d98a0a37,origin data/VPD-OE_Agent_20260709/VPD-OE_Agent/data/raw/ZY/ZY08.xls,现金流量表,116.0,
36f29733bbab813a,historical_cash_flow,historical_600_unknown_rule,unknown,ZY08,,114,5,1,Pay_Short_Loan,short_loan_repayment,finance,committed_settlement,False,{},partial,-176.0,203.0,短贷还本息,observed_history_unknown_rule,src_db71d98a0a37,origin data/VPD-OE_Agent_20260709/VPD-OE_Agent/data/raw/ZY/ZY08.xls,现金流量表,117.0,
c6e91ef547de046e,historical_cash_flow,historical_600_unknown_rule,unknown,ZY08,,115,5,1,Short_Loan,short_loan_borrow,finance,conditional_decision,True,"{""principal_wan"": 188, ""term"": 4, ""term_unit"": ""quarter""}",complete,188.0,391.0,申请:4季 188W的短期贷款,observed_history_unknown_rule,src_db71d98a0a37,origin data/VPD-OE_Agent_20260709/VPD-OE_Agent/data/raw/ZY/ZY08.xls,现金流量表,118.0,
eda5db5ba05d8e0b,historical_cash_flow,historical_600_unknown_rule,unknown,ZY08,,116,5,1,Pay_Material,material_receipt_payment,procurement,committed_settlement,False,"{""materials"": {""R1"": 2, ""R2"": 8, ""R3"": 4, ""R4"": 4}}",complete,-180.0,211.0,支付原料费 R3:4 R4:4 R1:2 R2:8,observed_history_unknown_rule,src_db71d98a0a37,origin data/VPD-OE_Agent_20260709/VPD-OE_Agent/data/raw/ZY/ZY08.xls,现金流量表,119.0,
d8e4d247ccdf73ea,historical_cash_flow,historical_600_unknown_rule,unknown,ZY08,,117,5,1,Invest_ProductLine,production_line_investment,capacity,committed_settlement,False,{},partial,-50.0,161.0,投资在建生产线,observed_history_unknown_rule,src_db71d98a0a37,origin data/VPD-OE_Agent_20260709/VPD-OE_Agent/data/raw/ZY/ZY08.xls,现金流量表,120.0,
1a02c12984597b3c,historical_cash_flow,historical_600_unknown_rule,unknown,ZY08,,118,5,1,Buy_ProductLine,production_line_order,capacity,direct_decision,True,"{""line_type"": ""手工线"", ""product_id"": ""P4""}",complete,-50.0,111.0,订购[手工线]生产[P4],observed_history_unknown_rule,src_db71d98a0a37,origin data/VPD-OE_Agent_20260709/VPD-OE_Agent/data/raw/ZY/ZY08.xls,现金流量表,121.0,
01d806ed2978c521,historical_cash_flow,historical_600_unknown_rule,unknown,ZY08,,119,5,1,Buy_ProductLine,production_line_order,capacity,direct_decision,True,"{""line_type"": ""手工线"", ""product_id"": ""P4""}",complete,-50.0,61.0,订购[手工线]生产[P4],observed_history_unknown_rule,src_db71d98a0a37,origin data/VPD-OE_Agent_20260709/VPD-OE_Agent/data/raw/ZY/ZY08.xls,现金流量表,122.0,
1e94f264cac668cc,historical_cash_flow,historical_600_unknown_rule,unknown,ZY08,,120,5,1,Product_Produce,production,production,direct_decision,True,"{""line_assignments"": [{""line_instance_id"": 168, ""product_id"": ""P1""}, {""line_instance_id"": 182, ""product_id"": ""P4""}, {""line_instance_id"": 187, ""product_id"": ""P1""}, {""line_instance_id"": 210, ""product_id"": ""P4""}, {""line_instance_id"": 251, ""product_id"": ""P4""}, {""line_instance_id"": 252, ""product_id"": ""P4""}]}",complete,-60.0,1.0,168:P1 182:P4 187:P1 210:P4 251:P4 252:P4,observed_history_unknown_rule,src_db71d98a0a37,origin data/VPD-OE_Agent_20260709/VPD-OE_Agent/data/raw/ZY/ZY08.xls,现金流量表,123.0,
8d223392a650a36b,historical_cash_flow,historical_600_unknown_rule,unknown,ZY08,,121,5,1,Buy_Material,material_order,procurement,direct_decision,True,"{""materials"": {""R1"": 2, ""R2"": 6, ""R3"": 2, ""R4"": 2}}",complete,0.0,1.0,订购原料 R1:2 R2:6 R3:2 R4:2,observed_history_unknown_rule,src_db71d98a0a37,origin data/VPD-OE_Agent_20260709/VPD-OE_Agent/data/raw/ZY/ZY08.xls,现金流量表,124.0,
05a5c68ea4109a59,historical_cash_flow,historical_600_unknown_rule,unknown,ZY08,,122,5,1,Update_Receivable,receivable_maturity,receivable,automatic_settlement,False,{},not_applicable,381.0,382.0,更新应收款,observed_history_unknown_rule,src_db71d98a0a37,origin data/VPD-OE_Agent_20260709/VPD-OE_Agent/data/raw/ZY/ZY08.xls,现金流量表,125.0,
b70c8670fca9ca2a,historical_cash_flow,historical_600_unknown_rule,unknown,ZY08,,123,5,1,Develop_Product,product_development,qualification,direct_decision,True,"{""products"": [""P2"", ""P3""]}",complete,-20.0,362.0,产品生产资格投资: P2 P3,observed_history_unknown_rule,src_db71d98a0a37,origin data/VPD-OE_Agent_20260709/VPD-OE_Agent/data/raw/ZY/ZY08.xls,现金流量表,126.0,
be741d7af98f7f59,historical_cash_flow,historical_600_unknown_rule,unknown,ZY08,,124,5,1,Renew_Workshop,factory_rent_renewal,capacity,conditional_decision,True,{},not_applicable,-40.0,322.0,厂房续租,observed_history_unknown_rule,src_db71d98a0a37,origin data/VPD-OE_Agent_20260709/VPD-OE_Agent/data/raw/ZY/ZY08.xls,现金流量表,127.0,
80eea804c1458566,historical_cash_flow,historical_600_unknown_rule,unknown,ZY08,,125,5,1,Pay_Overhaul,administrative_fee,period_close,automatic_settlement,False,{},not_applicable,-10.0,312.0,支付行政管理费,observed_history_unknown_rule,src_db71d98a0a37,origin data/VPD-OE_Agent_20260709/VPD-OE_Agent/data/raw/ZY/ZY08.xls,现金流量表,128.0,
71a42ac3cb9a28d8,historical_cash_flow,historical_600_unknown_rule,unknown,ZY08,,126,5,2,Pay_Material,material_receipt_payment,procurement,committed_settlement,False,"{""materials"": {""R1"": 2, ""R2"": 6, ""R3"": 3, ""R4"": 3}}",complete,-140.0,172.0,支付原料费 R3:3 R4:3 R1:2 R2:6,observed_history_unknown_rule,src_db71d98a0a37,origin data/VPD-OE_Agent_20260709/VPD-OE_Agent/data/raw/ZY/ZY08.xls,现金流量表,129.0,
8994411d14b690db,historical_cash_flow,historical_600_unknown_rule,unknown,ZY08,,127,5,2,Product_Produce,production,production,direct_decision,True,"{""line_assignments"": [{""line_instance_id"": 168, ""product_id"": ""P1""}, {""line_instance_id"": 182, ""product_id"": ""P4""}, {""line_instance_id"": 187, ""product_id"": ""P1""}, {""line_instance_id"": 210, ""product_id"": ""P4""}, {""line_instance_id"": 230, ""product_id"": ""P4""}]}",complete,-50.0,122.0,168:P1 182:P4 187:P1 210:P4 230:P4,observed_history_unknown_rule,src_db71d98a0a37,origin data/VPD-OE_Agent_20260709/VPD-OE_Agent/data/raw/ZY/ZY08.xls,现金流量表,130.0,
5727b122a7138266,historical_cash_flow,historical_600_unknown_rule,unknown,ZY08,,128,5,2,Buy_Material,material_order,procurement,direct_decision,True,"{""materials"": {""R1"": 2, ""R2"": 4}}",complete,0.0,122.0,订购原料 R1:2 R2:4,observed_history_unknown_rule,src_db71d98a0a37,origin data/VPD-OE_Agent_20260709/VPD-OE_Agent/data/raw/ZY/ZY08.xls,现金流量表,131.0,
f766faf0905c1af1,historical_cash_flow,historical_600_unknown_rule,unknown,ZY08,,129,5,2,Update_Receivable,receivable_maturity,receivable,automatic_settlement,False,{},not_applicable,202.0,324.0,更新应收款,observed_history_unknown_rule,src_db71d98a0a37,origin data/VPD-OE_Agent_20260709/VPD-OE_Agent/data/raw/ZY/ZY08.xls,现金流量表,132.0,
dc677f630e894e5d,historical_cash_flow,historical_600_unknown_rule,unknown,ZY08,,130,5,2,Develop_Product,product_development,qualification,direct_decision,True,"{""products"": [""P2"", ""P3""]}",complete,-20.0,304.0,产品生产资格投资: P2 P3,observed_history_unknown_rule,src_db71d98a0a37,origin data/VPD-OE_Agent_20260709/VPD-OE_Agent/data/raw/ZY/ZY08.xls,现金流量表,133.0,
cecf9c43adc159f6,historical_cash_flow,historical_600_unknown_rule,unknown,ZY08,,131,5,2,Pay_Overhaul,administrative_fee,period_close,automatic_settlement,False,{},not_applicable,-10.0,294.0,支付行政管理费,observed_history_unknown_rule,src_db71d98a0a37,origin data/VPD-OE_Agent_20260709/VPD-OE_Agent/data/raw/ZY/ZY08.xls,现金流量表,134.0,
c0211247b8ce9d19,historical_cash_flow,historical_600_unknown_rule,unknown,ZY08,,132,5,3,Pay_Material,material_receipt_payment,procurement,committed_settlement,False,"{""materials"": {""R1"": 2, ""R2"": 4, ""R3"": 2, ""R4"": 2}}",complete,-100.0,194.0,支付原料费 R3:2 R4:2 R1:2 R2:4,observed_history_unknown_rule,src_db71d98a0a37,origin data/VPD-OE_Agent_20260709/VPD-OE_Agent/data/raw/ZY/ZY08.xls,现金流量表,135.0,
b2315e5e8a71dbe3,historical_cash_flow,historical_600_unknown_rule,unknown,ZY08,,133,5,3,Product_Produce,production,production,direct_decision,True,"{""line_assignments"": [{""line_instance_id"": 168, ""product_id"": ""P1""}, {""line_instance_id"": 187, ""product_id"": ""P1""}, {""line_instance_id"": 210, ""product_id"": ""P4""}, {""line_instance_id"": 230, ""product_id"": ""P4""}]}",complete,-40.0,154.0,168:P1 187:P1 210:P4 230:P4,observed_history_unknown_rule,src_db71d98a0a37,origin data/VPD-OE_Agent_20260709/VPD-OE_Agent/data/raw/ZY/ZY08.xls,现金流量表,136.0,
7f5ac28963c91b44,historical_cash_flow,historical_600_unknown_rule,unknown,ZY08,,134,5,3,Develop_Product,product_development,qualification,direct_decision,True,"{""products"": [""P2"", ""P3""]}",complete,-20.0,134.0,产品生产资格投资: P2 P3,observed_history_unknown_rule,src_db71d98a0a37,origin data/VPD-OE_Agent_20260709/VPD-OE_Agent/data/raw/ZY/ZY08.xls,现金流量表,137.0,
d54b5b568735bdb6,historical_cash_flow,historical_600_unknown_rule,unknown,ZY08,,135,5,3,Renew_Workshop,factory_rent_renewal,capacity,conditional_decision,True,{},not_applicable,-30.0,104.0,厂房续租,observed_history_unknown_rule,src_db71d98a0a37,origin data/VPD-OE_Agent_20260709/VPD-OE_Agent/data/raw/ZY/ZY08.xls,现金流量表,138.0,
35c310e75bd3ba1b,historical_cash_flow,historical_600_unknown_rule,unknown,ZY08,,136,5,3,Pay_Overhaul,administrative_fee,period_close,automatic_settlement,False,{},not_applicable,-10.0,94.0,支付行政管理费,observed_history_unknown_rule,src_db71d98a0a37,origin data/VPD-OE_Agent_20260709/VPD-OE_Agent/data/raw/ZY/ZY08.xls,现金流量表,139.0,
1d06195d03487abf,historical_cash_flow,historical_600_unknown_rule,unknown,ZY08,,137,5,4,Short_Loan,short_loan_borrow,finance,conditional_decision,True,"{""principal_wan"": 510, ""term"": 4, ""term_unit"": ""quarter""}",complete,510.0,604.0,申请:4季 510W的短期贷款,observed_history_unknown_rule,src_db71d98a0a37,origin data/VPD-OE_Agent_20260709/VPD-OE_Agent/data/raw/ZY/ZY08.xls,现金流量表,140.0,
5dd902de5f333ca3,historical_cash_flow,historical_600_unknown_rule,unknown,ZY08,,138,5,4,Develop_Product,product_development,qualification,direct_decision,True,"{""products"": [""P3""]}",complete,-10.0,594.0,产品生产资格投资: P3,observed_history_unknown_rule,src_db71d98a0a37,origin data/VPD-OE_Agent_20260709/VPD-OE_Agent/data/raw/ZY/ZY08.xls,现金流量表,141.0,
773e809acba7f5da,historical_cash_flow,historical_600_unknown_rule,unknown,ZY08,,139,5,4,Develop_Market,market_development,qualification,direct_decision,True,"{""markets"": [""国内""]}",complete,-10.0,584.0,"市场开拓资格投资,开发项目:国内",observed_history_unknown_rule,src_db71d98a0a37,origin data/VPD-OE_Agent_20260709/VPD-OE_Agent/data/raw/ZY/ZY08.xls,现金流量表,142.0,
997da8ba8d6be46a,historical_cash_flow,historical_600_unknown_rule,unknown,ZY08,,140,5,4,RentTOBuy_Workshop,factory_rent_to_buy,capacity,conditional_decision,True,"{""factory_instance_id"": 47, ""factory_type"": ""大厂房""}",complete,-300.0,284.0,大厂房(47)租转买,observed_history_unknown_rule,src_db71d98a0a37,origin data/VPD-OE_Agent_20260709/VPD-OE_Agent/data/raw/ZY/ZY08.xls,现金流量表,143.0,
883c1ca629ad142c,historical_cash_flow,historical_600_unknown_rule,unknown,ZY08,,141,5,4,RentTOBuy_Workshop,factory_rent_to_buy,capacity,conditional_decision,True,"{""factory_instance_id"": 71, ""factory_type"": ""小厂房""}",complete,-200.0,84.0,小厂房(71)租转买,observed_history_unknown_rule,src_db71d98a0a37,origin data/VPD-OE_Agent_20260709/VPD-OE_Agent/data/raw/ZY/ZY08.xls,现金流量表,144.0,
17ce61ce1c0dc0ea,historical_cash_flow,historical_600_unknown_rule,unknown,ZY08,,142,5,4,Pay_Overhaul,administrative_fee,period_close,automatic_settlement,False,{},not_applicable,-10.0,74.0,支付行政管理费,observed_history_unknown_rule,src_db71d98a0a37,origin data/VPD-OE_Agent_20260709/VPD-OE_Agent/data/raw/ZY/ZY08.xls,现金流量表,145.0,
a7b8902ae23eae84,historical_cash_flow,historical_600_unknown_rule,unknown,ZY08,,143,5,4,Pay_Maintenance,maintenance,period_close,automatic_settlement,False,{},not_applicable,-70.0,4.0,支付维护费,observed_history_unknown_rule,src_db71d98a0a37,origin data/VPD-OE_Agent_20260709/VPD-OE_Agent/data/raw/ZY/ZY08.xls,现金流量表,146.0,
ef12de5783f6d50f,historical_cash_flow,historical_600_unknown_rule,unknown,ZY09,,1,1,1,Pay_Capital,capital_injection,finance,exception_intervention,False,{},not_applicable,600.0,600.0,"公司成立,股东注资",observed_history_unknown_rule,src_57c289f9896a,origin data/VPD-OE_Agent_20260709/VPD-OE_Agent/data/raw/ZY/ZY09.xls,现金流量表,4.0,
c8301962ccde10d1,historical_cash_flow,historical_600_unknown_rule,unknown,ZY09,,2,1,1,Long_Loan,long_loan_borrow,finance,conditional_decision,True,"{""principal_wan"": 900, ""term"": 5, ""term_unit"": ""year""}",complete,900.0,1500.0,申请:5年 900W的长期贷款,observed_history_unknown_rule,src_57c289f9896a,origin data/VPD-OE_Agent_20260709/VPD-OE_Agent/data/raw/ZY/ZY09.xls,现金流量表,5.0,
f2809bd15ef60023,historical_cash_flow,historical_600_unknown_rule,unknown,ZY09,,3,1,1,Rent_Workshop,factory_rent,capacity,direct_decision,True,"{""factory_type"": ""小厂房""}",complete,-30.0,1470.0,租用[小厂房],observed_history_unknown_rule,src_57c289f9896a,origin data/VPD-OE_Agent_20260709/VPD-OE_Agent/data/raw/ZY/ZY09.xls,现金流量表,6.0,
dff389e3fe75013d,historical_cash_flow,historical_600_unknown_rule,unknown,ZY09,,4,1,1,Buy_ProductLine,production_line_order,capacity,direct_decision,True,"{""line_type"": ""柔性线"", ""product_id"": ""P2""}",complete,-50.0,1420.0,订购[柔性线]生产[P2],observed_history_unknown_rule,src_57c289f9896a,origin data/VPD-OE_Agent_20260709/VPD-OE_Agent/data/raw/ZY/ZY09.xls,现金流量表,7.0,
2998a4e3f4857240,historical_cash_flow,historical_600_unknown_rule,unknown,ZY09,,5,1,1,Buy_ProductLine,production_line_order,capacity,direct_decision,True,"{""line_type"": ""自动线"", ""product_id"": ""P2""}",complete,-50.0,1370.0,订购[自动线]生产[P2],observed_history_unknown_rule,src_57c289f9896a,origin data/VPD-OE_Agent_20260709/VPD-OE_Agent/data/raw/ZY/ZY09.xls,现金流量表,8.0,
e48413ea15a9de8f,historical_cash_flow,historical_600_unknown_rule,unknown,ZY09,,6,1,1,Buy_ProductLine,production_line_order,capacity,direct_decision,True,"{""line_type"": ""自动线"", ""product_id"": ""P3""}",complete,-50.0,1320.0,订购[自动线]生产[P3],observed_history_unknown_rule,src_57c289f9896a,origin data/VPD-OE_Agent_20260709/VPD-OE_Agent/data/raw/ZY/ZY09.xls,现金流量表,9.0,
ba96962aa265030d,historical_cash_flow,historical_600_unknown_rule,unknown,ZY09,,7,1,1,Buy_Material,material_order,procurement,direct_decision,True,"{""materials"": {""R1"": 4, ""R2"": 7, ""R3"": 11, ""R4"": 4}}",complete,0.0,1320.0,订购原料 R1:4 R2:7 R3:11 R4:4,observed_history_unknown_rule,src_57c289f9896a,origin data/VPD-OE_Agent_20260709/VPD-OE_Agent/data/raw/ZY/ZY09.xls,现金流量表,10.0,
128d21bae77c6f17,historical_cash_flow,historical_600_unknown_rule,unknown,ZY09,,8,1,1,Develop_Product,product_development,qualification,direct_decision,True,"{""products"": [""P2"", ""P3""]}",complete,-20.0,1300.0,产品生产资格投资: P2 P3,observed_history_unknown_rule,src_57c289f9896a,origin data/VPD-OE_Agent_20260709/VPD-OE_Agent/data/raw/ZY/ZY09.xls,现金流量表,11.0,
499154a5755bc50f,historical_cash_flow,historical_600_unknown_rule,unknown,ZY09,,9,1,1,Pay_Overhaul,administrative_fee,period_close,automatic_settlement,False,{},not_applicable,-10.0,1290.0,支付行政管理费,observed_history_unknown_rule,src_57c289f9896a,origin data/VPD-OE_Agent_20260709/VPD-OE_Agent/data/raw/ZY/ZY09.xls,现金流量表,12.0,
16b82d71434453f7,historical_cash_flow,historical_600_unknown_rule,unknown,ZY09,,10,1,2,Pay_Material,material_receipt_payment,procurement,committed_settlement,False,"{""materials"": {""R1"": 4, ""R2"": 7}}",complete,-110.0,1180.0,支付原料费 R1:4 R2:7,observed_history_unknown_rule,src_57c289f9896a,origin data/VPD-OE_Agent_20260709/VPD-OE_Agent/data/raw/ZY/ZY09.xls,现金流量表,13.0,
993da998f38175fc,historical_cash_flow,historical_600_unknown_rule,unknown,ZY09,,11,1,2,Invest_ProductLine,production_line_investment,capacity,committed_settlement,False,{},partial,-150.0,1030.0,投资在建生产线,observed_history_unknown_rule,src_57c289f9896a,origin data/VPD-OE_Agent_20260709/VPD-OE_Agent/data/raw/ZY/ZY09.xls,现金流量表,14.0,
5f9b450e9a0b349c,historical_cash_flow,historical_600_unknown_rule,unknown,ZY09,,12,1,2,Develop_Product,product_development,qualification,direct_decision,True,"{""products"": [""P2"", ""P3""]}",complete,-20.0,1010.0,产品生产资格投资: P2 P3,observed_history_unknown_rule,src_57c289f9896a,origin data/VPD-OE_Agent_20260709/VPD-OE_Agent/data/raw/ZY/ZY09.xls,现金流量表,15.0,
56cdd7bdc980f2a0,historical_cash_flow,historical_600_unknown_rule,unknown,ZY09,,13,1,2,Pay_Overhaul,administrative_fee,period_close,automatic_settlement,False,{},not_applicable,-10.0,1000.0,支付行政管理费,observed_history_unknown_rule,src_57c289f9896a,origin data/VPD-OE_Agent_20260709/VPD-OE_Agent/data/raw/ZY/ZY09.xls,现金流量表,16.0,
d49d17caaaf839ea,historical_cash_flow,historical_600_unknown_rule,unknown,ZY09,,14,1,3,Pay_Material,material_receipt_payment,procurement,committed_settlement,False,"{""materials"": {""R3"": 11, ""R4"": 4}}",complete,-150.0,850.0,支付原料费 R3:11 R4:4,observed_history_unknown_rule,src_57c289f9896a,origin data/VPD-OE_Agent_20260709/VPD-OE_Agent/data/raw/ZY/ZY09.xls,现金流量表,17.0,
54e5c209701d1311,historical_cash_flow,historical_600_unknown_rule,unknown,ZY09,,15,1,3,Invest_ProductLine,production_line_investment,capacity,committed_settlement,False,{},partial,-150.0,700.0,投资在建生产线,observed_history_unknown_rule,src_57c289f9896a,origin data/VPD-OE_Agent_20260709/VPD-OE_Agent/data/raw/ZY/ZY09.xls,现金流量表,18.0,
08c21ae38da55ce1,historical_cash_flow,historical_600_unknown_rule,unknown,ZY09,,16,1,3,Develop_Product,product_development,qualification,direct_decision,True,"{""products"": [""P2"", ""P3""]}",complete,-20.0,680.0,产品生产资格投资: P2 P3,observed_history_unknown_rule,src_57c289f9896a,origin data/VPD-OE_Agent_20260709/VPD-OE_Agent/data/raw/ZY/ZY09.xls,现金流量表,19.0,
f82ebcb14448d79f,historical_cash_flow,historical_600_unknown_rule,unknown,ZY09,,17,1,3,Pay_Overhaul,administrative_fee,period_close,automatic_settlement,False,{},not_applicable,-10.0,670.0,支付行政管理费,observed_history_unknown_rule,src_57c289f9896a,origin data/VPD-OE_Agent_20260709/VPD-OE_Agent/data/raw/ZY/ZY09.xls,现金流量表,20.0,
62546c95a6b5af53,historical_cash_flow,historical_600_unknown_rule,unknown,ZY09,,18,1,4,Invest_ProductLine,production_line_investment,capacity,committed_settlement,False,{},partial,-50.0,620.0,投资在建生产线,observed_history_unknown_rule,src_57c289f9896a,origin data/VPD-OE_Agent_20260709/VPD-OE_Agent/data/raw/ZY/ZY09.xls,现金流量表,21.0,
d8228891e73acebe,historical_cash_flow,historical_600_unknown_rule,unknown,ZY09,,19,1,4,Product_Produce,production,production,direct_decision,True,"{""line_assignments"": [{""line_instance_id"": 147, ""product_id"": ""P2""}]}",complete,-10.0,610.0,147:P2,observed_history_unknown_rule,src_57c289f9896a,origin data/VPD-OE_Agent_20260709/VPD-OE_Agent/data/raw/ZY/ZY09.xls,现金流量表,22.0,
368fe80f41266fe1,historical_cash_flow,historical_600_unknown_rule,unknown,ZY09,,20,1,4,Develop_Product,product_development,qualification,direct_decision,True,"{""products"": [""P3""]}",complete,-10.0,600.0,产品生产资格投资: P3,observed_history_unknown_rule,src_57c289f9896a,origin data/VPD-OE_Agent_20260709/VPD-OE_Agent/data/raw/ZY/ZY09.xls,现金流量表,23.0,
45941b2fee4dba5a,historical_cash_flow,historical_600_unknown_rule,unknown,ZY09,,21,1,4,Develop_Market,market_development,qualification,direct_decision,True,"{""markets"": [""本地"", ""区域""]}",complete,-20.0,580.0,"市场开拓资格投资,开发项目:本地 区域",observed_history_unknown_rule,src_57c289f9896a,origin data/VPD-OE_Agent_20260709/VPD-OE_Agent/data/raw/ZY/ZY09.xls,现金流量表,24.0,
ac0ce4745fe622eb,historical_cash_flow,historical_600_unknown_rule,unknown,ZY09,,22,1,4,Develop_ISO,iso_development,qualification,direct_decision,True,"{""certifications"": [""ISO9000""]}",complete,-10.0,570.0,"ISO认证资格投资,开发：ISO9000",observed_history_unknown_rule,src_57c289f9896a,origin data/VPD-OE_Agent_20260709/VPD-OE_Agent/data/raw/ZY/ZY09.xls,现金流量表,25.0,
8b91bfb53f1bf9e4,historical_cash_flow,historical_600_unknown_rule,unknown,ZY09,,23,1,4,Pay_Overhaul,administrative_fee,period_close,automatic_settlement,False,{},not_applicable,-10.0,560.0,支付行政管理费,observed_history_unknown_rule,src_57c289f9896a,origin data/VPD-OE_Agent_20260709/VPD-OE_Agent/data/raw/ZY/ZY09.xls,现金流量表,26.0,
a485f244238e3e62,historical_cash_flow,historical_600_unknown_rule,unknown,ZY09,,24,1,4,Pay_Maintenance,maintenance,period_close,automatic_settlement,False,{},not_applicable,-20.0,540.0,支付维护费,observed_history_unknown_rule,src_57c289f9896a,origin data/VPD-OE_Agent_20260709/VPD-OE_Agent/data/raw/ZY/ZY09.xls,现金流量表,27.0,
50b9678ac61b2fa9,historical_cash_flow,historical_600_unknown_rule,unknown,ZY09,,25,2,1,Pay_Long_Loan,long_loan_repayment,finance,committed_settlement,False,{},partial,-90.0,450.0,支付长贷本息,observed_history_unknown_rule,src_57c289f9896a,origin data/VPD-OE_Agent_20260709/VPD-OE_Agent/data/raw/ZY/ZY09.xls,现金流量表,28.0,
45f76044131c7816,historical_cash_flow,historical_600_unknown_rule,unknown,ZY09,,26,2,1,Pay_AD,advertising,sales,direct_decision,True,{},partial,-50.0,400.0,广告投放,observed_history_unknown_rule,src_57c289f9896a,origin data/VPD-OE_Agent_20260709/VPD-OE_Agent/data/raw/ZY/ZY09.xls,现金流量表,29.0,
5d81aa44a60fbd8f,historical_cash_flow,historical_600_unknown_rule,unknown,ZY09,,27,2,1,Product_Produce,production,production,direct_decision,True,"{""line_assignments"": [{""line_instance_id"": 146, ""product_id"": ""P2""}, {""line_instance_id"": 147, ""product_id"": ""P2""}, {""line_instance_id"": 148, ""product_id"": ""P3""}]}",complete,-30.0,370.0,146:P2 147:P2 148:P3,observed_history_unknown_rule,src_57c289f9896a,origin data/VPD-OE_Agent_20260709/VPD-OE_Agent/data/raw/ZY/ZY09.xls,现金流量表,30.0,
adc3fdf9996f7c5b,historical_cash_flow,historical_600_unknown_rule,unknown,ZY09,,28,2,1,Renew_Workshop,factory_rent_renewal,capacity,conditional_decision,True,{},not_applicable,-30.0,340.0,厂房续租,observed_history_unknown_rule,src_57c289f9896a,origin data/VPD-OE_Agent_20260709/VPD-OE_Agent/data/raw/ZY/ZY09.xls,现金流量表,31.0,
56931b1a7d5a9cb0,historical_cash_flow,historical_600_unknown_rule,unknown,ZY09,,29,2,1,Pay_Overhaul,administrative_fee,period_close,automatic_settlement,False,{},not_applicable,-10.0,330.0,支付行政管理费,observed_history_unknown_rule,src_57c289f9896a,origin data/VPD-OE_Agent_20260709/VPD-OE_Agent/data/raw/ZY/ZY09.xls,现金流量表,32.0,
f4668d626a2b22d6,historical_cash_flow,historical_600_unknown_rule,unknown,ZY09,,30,2,2,Buy_Material,material_order,procurement,direct_decision,True,"{""materials"": {""R1"": 4, ""R3"": 4, ""R4"": 4}}",complete,0.0,330.0,订购原料 R1:4 R3:4 R4:4,observed_history_unknown_rule,src_57c289f9896a,origin data/VPD-OE_Agent_20260709/VPD-OE_Agent/data/raw/ZY/ZY09.xls,现金流量表,33.0,
59531a9948b05f7d,historical_cash_flow,historical_600_unknown_rule,unknown,ZY09,,31,2,2,Product_Produce,production,production,direct_decision,True,"{""line_assignments"": [{""line_instance_id"": 146, ""product_id"": ""P2""}, {""line_instance_id"": 147, ""product_id"": ""P2""}, {""line_instance_id"": 148, ""product_id"": ""P3""}]}",complete,-30.0,300.0,146:P2 147:P2 148:P3,observed_history_unknown_rule,src_57c289f9896a,origin data/VPD-OE_Agent_20260709/VPD-OE_Agent/data/raw/ZY/ZY09.xls,现金流量表,34.0,
030a798b609412f2,historical_cash_flow,historical_600_unknown_rule,unknown,ZY09,,32,2,2,Pay_Overhaul,administrative_fee,period_close,automatic_settlement,False,{},not_applicable,-10.0,290.0,支付行政管理费,observed_history_unknown_rule,src_57c289f9896a,origin data/VPD-OE_Agent_20260709/VPD-OE_Agent/data/raw/ZY/ZY09.xls,现金流量表,35.0,
93fcdf2d3c7215d0,historical_cash_flow,historical_600_unknown_rule,unknown,ZY09,,33,2,3,Pay_Material,material_receipt_payment,procurement,committed_settlement,False,"{""materials"": {""R1"": 4}}",complete,-40.0,250.0,支付原料费 R1:4,observed_history_unknown_rule,src_57c289f9896a,origin data/VPD-OE_Agent_20260709/VPD-OE_Agent/data/raw/ZY/ZY09.xls,现金流量表,36.0,
f7b600c1d958033b,historical_cash_flow,historical_600_unknown_rule,unknown,ZY09,,34,2,3,Product_Produce,production,production,direct_decision,True,"{""line_assignments"": [{""line_instance_id"": 146, ""product_id"": ""P2""}, {""line_instance_id"": 147, ""product_id"": ""P2""}]}",complete,-20.0,230.0,146:P2 147:P2,observed_history_unknown_rule,src_57c289f9896a,origin data/VPD-OE_Agent_20260709/VPD-OE_Agent/data/raw/ZY/ZY09.xls,现金流量表,37.0,
570ff950c172a9b3,historical_cash_flow,historical_600_unknown_rule,unknown,ZY09,,35,2,3,Product_Produce,production,production,direct_decision,True,"{""line_assignments"": [{""line_instance_id"": 148, ""product_id"": ""P3""}]}",complete,-10.0,220.0,148:P3,observed_history_unknown_rule,src_57c289f9896a,origin data/VPD-OE_Agent_20260709/VPD-OE_Agent/data/raw/ZY/ZY09.xls,现金流量表,38.0,
2568e99a8736d68e,historical_cash_flow,historical_600_unknown_rule,unknown,ZY09,,36,2,3,Pay_Overhaul,administrative_fee,period_close,automatic_settlement,False,{},not_applicable,-10.0,210.0,支付行政管理费,observed_history_unknown_rule,src_57c289f9896a,origin data/VPD-OE_Agent_20260709/VPD-OE_Agent/data/raw/ZY/ZY09.xls,现金流量表,39.0,
b8064a116c115163,historical_cash_flow,historical_600_unknown_rule,unknown,ZY09,,37,2,4,Pay_Material,material_receipt_payment,procurement,committed_settlement,False,"{""materials"": {""R3"": 4, ""R4"": 4}}",complete,-80.0,130.0,支付原料费 R3:4 R4:4,observed_history_unknown_rule,src_57c289f9896a,origin data/VPD-OE_Agent_20260709/VPD-OE_Agent/data/raw/ZY/ZY09.xls,现金流量表,40.0,
0b1a727252e757e7,historical_cash_flow,historical_600_unknown_rule,unknown,ZY09,,38,2,4,Product_Produce,production,production,direct_decision,True,"{""line_assignments"": [{""line_instance_id"": 148, ""product_id"": ""P3""}]}",complete,-10.0,120.0,148:P3,observed_history_unknown_rule,src_57c289f9896a,origin data/VPD-OE_Agent_20260709/VPD-OE_Agent/data/raw/ZY/ZY09.xls,现金流量表,41.0,
2bbc78ae4865237a,historical_cash_flow,historical_600_unknown_rule,unknown,ZY09,,39,2,4,Update_Receivable,receivable_maturity,receivable,automatic_settlement,False,{},not_applicable,170.0,290.0,更新应收款,observed_history_unknown_rule,src_57c289f9896a,origin data/VPD-OE_Agent_20260709/VPD-OE_Agent/data/raw/ZY/ZY09.xls,现金流量表,42.0,
86af411bd1801ab5,historical_cash_flow,historical_600_unknown_rule,unknown,ZY09,,40,2,4,Pay_Overhaul,administrative_fee,period_close,automatic_settlement,False,{},not_applicable,-10.0,280.0,支付行政管理费,observed_history_unknown_rule,src_57c289f9896a,origin data/VPD-OE_Agent_20260709/VPD-OE_Agent/data/raw/ZY/ZY09.xls,现金流量表,43.0,
780c0a48558554a7,historical_cash_flow,historical_600_unknown_rule,unknown,ZY09,,41,2,4,Pay_Maintenance,maintenance,period_close,automatic_settlement,False,{},not_applicable,-30.0,250.0,支付维护费,observed_history_unknown_rule,src_57c289f9896a,origin data/VPD-OE_Agent_20260709/VPD-OE_Agent/data/raw/ZY/ZY09.xls,现金流量表,44.0,
1440338247b71746,historical_cash_flow,historical_600_unknown_rule,unknown,ZY09,,42,3,1,Pay_Long_Loan,long_loan_repayment,finance,committed_settlement,False,{},partial,-90.0,160.0,支付长贷本息,observed_history_unknown_rule,src_57c289f9896a,origin data/VPD-OE_Agent_20260709/VPD-OE_Agent/data/raw/ZY/ZY09.xls,现金流量表,45.0,
c280f2ba66a43936,historical_cash_flow,historical_600_unknown_rule,unknown,ZY09,,43,3,1,Pay_AD,advertising,sales,direct_decision,True,{},partial,-45.0,115.0,广告投放,observed_history_unknown_rule,src_57c289f9896a,origin data/VPD-OE_Agent_20260709/VPD-OE_Agent/data/raw/ZY/ZY09.xls,现金流量表,46.0,
733a64669168f68f,historical_cash_flow,historical_600_unknown_rule,unknown,ZY09,,44,3,1,Transfer,production_line_conversion,capacity,direct_decision,True,"{""target_product_id"": ""P3""}",partial,-20.0,95.0,"生产线转产,转产成P3",observed_history_unknown_rule,src_57c289f9896a,origin data/VPD-OE_Agent_20260709/VPD-OE_Agent/data/raw/ZY/ZY09.xls,现金流量表,47.0,
d0cc8a2ca676b74d,historical_cash_flow,historical_600_unknown_rule,unknown,ZY09,,45,3,1,Discount,receivable_discount,receivable,conditional_decision,True,"{""term_1_wan"": 0, ""term_2_wan"": 50, ""term_3_wan"": 0, ""term_4_wan"": 0}",complete,45.0,140.0,"1期贴现:0W,2期贴现:50W,3期贴现:0W,4期贴现:0W",observed_history_unknown_rule,src_57c289f9896a,origin data/VPD-OE_Agent_20260709/VPD-OE_Agent/data/raw/ZY/ZY09.xls,现金流量表,48.0,
05fa9aabc29af809,historical_cash_flow,historical_600_unknown_rule,unknown,ZY09,,46,3,1,Buy_Material,material_order,procurement,direct_decision,True,"{""materials"": {""R1"": 6, ""R3"": 6, ""R4"": 6}}",complete,0.0,140.0,订购原料 R1:6 R3:6 R4:6,observed_history_unknown_rule,src_57c289f9896a,origin data/VPD-OE_Agent_20260709/VPD-OE_Agent/data/raw/ZY/ZY09.xls,现金流量表,49.0,
0c816d3f4e6c30f3,historical_cash_flow,historical_600_unknown_rule,unknown,ZY09,,47,3,1,Product_Produce,production,production,direct_decision,True,"{""line_assignments"": [{""line_instance_id"": 146, ""product_id"": ""P3""}, {""line_instance_id"": 148, ""product_id"": ""P3""}]}",complete,-20.0,120.0,146:P3 148:P3,observed_history_unknown_rule,src_57c289f9896a,origin data/VPD-OE_Agent_20260709/VPD-OE_Agent/data/raw/ZY/ZY09.xls,现金流量表,50.0,
f498920564939d36,historical_cash_flow,historical_600_unknown_rule,unknown,ZY09,,48,3,1,Renew_Workshop,factory_rent_renewal,capacity,conditional_decision,True,{},not_applicable,-30.0,90.0,厂房续租,observed_history_unknown_rule,src_57c289f9896a,origin data/VPD-OE_Agent_20260709/VPD-OE_Agent/data/raw/ZY/ZY09.xls,现金流量表,51.0,
2411244f1a44d518,historical_cash_flow,historical_600_unknown_rule,unknown,ZY09,,49,3,1,Pay_Overhaul,administrative_fee,period_close,automatic_settlement,False,{},not_applicable,-10.0,80.0,支付行政管理费,observed_history_unknown_rule,src_57c289f9896a,origin data/VPD-OE_Agent_20260709/VPD-OE_Agent/data/raw/ZY/ZY09.xls,现金流量表,52.0,
edb26f31b2992ec2,historical_cash_flow,historical_600_unknown_rule,unknown,ZY09,,50,3,2,Pay_Material,material_receipt_payment,procurement,committed_settlement,False,"{""materials"": {""R1"": 6}}",complete,-60.0,20.0,支付原料费 R1:6,observed_history_unknown_rule,src_57c289f9896a,origin data/VPD-OE_Agent_20260709/VPD-OE_Agent/data/raw/ZY/ZY09.xls,现金流量表,53.0,
a3e5a746343df9e3,historical_cash_flow,historical_600_unknown_rule,unknown,ZY09,,51,3,2,Discount,receivable_discount,receivable,conditional_decision,True,"{""term_1_wan"": 20, ""term_2_wan"": 0, ""term_3_wan"": 0, ""term_4_wan"": 0}",complete,18.0,38.0,"1期贴现:20W,2期贴现:0W,3期贴现:0W,4期贴现:0W",observed_history_unknown_rule,src_57c289f9896a,origin data/VPD-OE_Agent_20260709/VPD-OE_Agent/data/raw/ZY/ZY09.xls,现金流量表,54.0,
91e9581fdf69469d,historical_cash_flow,historical_600_unknown_rule,unknown,ZY09,,52,3,2,Product_Produce,production,production,direct_decision,True,"{""line_assignments"": [{""line_instance_id"": 146, ""product_id"": ""P3""}, {""line_instance_id"": 147, ""product_id"": ""P3""}]}",complete,-20.0,18.0,146:P3 147:P3,observed_history_unknown_rule,src_57c289f9896a,origin data/VPD-OE_Agent_20260709/VPD-OE_Agent/data/raw/ZY/ZY09.xls,现金流量表,55.0,
a13623ca70d47491,historical_cash_flow,historical_600_unknown_rule,unknown,ZY09,,53,3,2,Update_Receivable,receivable_maturity,receivable,automatic_settlement,False,{},not_applicable,341.0,359.0,更新应收款,observed_history_unknown_rule,src_57c289f9896a,origin data/VPD-OE_Agent_20260709/VPD-OE_Agent/data/raw/ZY/ZY09.xls,现金流量表,56.0,
8aceda901ec04f49,historical_cash_flow,historical_600_unknown_rule,unknown,ZY09,,54,3,2,Pay_Overhaul,administrative_fee,period_close,automatic_settlement,False,{},not_applicable,-10.0,349.0,支付行政管理费,observed_history_unknown_rule,src_57c289f9896a,origin data/VPD-OE_Agent_20260709/VPD-OE_Agent/data/raw/ZY/ZY09.xls,现金流量表,57.0,
a39d6e9b8eb189c6,historical_cash_flow,historical_600_unknown_rule,unknown,ZY09,,55,3,3,Pay_Material,material_receipt_payment,procurement,committed_settlement,False,"{""materials"": {""R3"": 6, ""R4"": 6}}",complete,-120.0,229.0,支付原料费 R3:6 R4:6,observed_history_unknown_rule,src_57c289f9896a,origin data/VPD-OE_Agent_20260709/VPD-OE_Agent/data/raw/ZY/ZY09.xls,现金流量表,58.0,
9bb5056b24c74699,historical_cash_flow,historical_600_unknown_rule,unknown,ZY09,,56,3,3,Product_Produce,production,production,direct_decision,True,"{""line_assignments"": [{""line_instance_id"": 146, ""product_id"": ""P3""}, {""line_instance_id"": 147, ""product_id"": ""P3""}, {""line_instance_id"": 148, ""product_id"": ""P3""}]}",complete,-30.0,199.0,146:P3 147:P3 148:P3,observed_history_unknown_rule,src_57c289f9896a,origin data/VPD-OE_Agent_20260709/VPD-OE_Agent/data/raw/ZY/ZY09.xls,现金流量表,59.0,
4e37c55a1cb7e4d1,historical_cash_flow,historical_600_unknown_rule,unknown,ZY09,,57,3,3,Buy_Material,material_order,procurement,direct_decision,True,"{""materials"": {""R1"": 3, ""R3"": 3, ""R4"": 3}}",complete,0.0,199.0,订购原料 R1:3 R3:3 R4:3,observed_history_unknown_rule,src_57c289f9896a,origin data/VPD-OE_Agent_20260709/VPD-OE_Agent/data/raw/ZY/ZY09.xls,现金流量表,60.0,
73487a42aa687df5,historical_cash_flow,historical_600_unknown_rule,unknown,ZY09,,58,3,3,Pay_Overhaul,administrative_fee,period_close,automatic_settlement,False,{},not_applicable,-10.0,189.0,支付行政管理费,observed_history_unknown_rule,src_57c289f9896a,origin data/VPD-OE_Agent_20260709/VPD-OE_Agent/data/raw/ZY/ZY09.xls,现金流量表,61.0,
0e6b937a66594a67,historical_cash_flow,historical_600_unknown_rule,unknown,ZY09,,59,3,4,Pay_Material,material_receipt_payment,procurement,committed_settlement,False,"{""materials"": {""R1"": 3}}",complete,-30.0,159.0,支付原料费 R1:3,observed_history_unknown_rule,src_57c289f9896a,origin data/VPD-OE_Agent_20260709/VPD-OE_Agent/data/raw/ZY/ZY09.xls,现金流量表,62.0,
b045393594a4bcfd,historical_cash_flow,historical_600_unknown_rule,unknown,ZY09,,60,3,4,Product_Produce,production,production,direct_decision,True,"{""line_assignments"": [{""line_instance_id"": 146, ""product_id"": ""P3""}, {""line_instance_id"": 147, ""product_id"": ""P3""}, {""line_instance_id"": 148, ""product_id"": ""P3""}]}",complete,-30.0,129.0,146:P3 147:P3 148:P3,observed_history_unknown_rule,src_57c289f9896a,origin data/VPD-OE_Agent_20260709/VPD-OE_Agent/data/raw/ZY/ZY09.xls,现金流量表,63.0,
b9185c46f6454b80,historical_cash_flow,historical_600_unknown_rule,unknown,ZY09,,61,3,4,Buy_Material,material_order,procurement,direct_decision,True,"{""materials"": {""R1"": 3, ""R3"": 3, ""R4"": 3}}",complete,0.0,129.0,订购原料 R1:3 R3:3 R4:3,observed_history_unknown_rule,src_57c289f9896a,origin data/VPD-OE_Agent_20260709/VPD-OE_Agent/data/raw/ZY/ZY09.xls,现金流量表,64.0,
cf0eae98e8715e11,historical_cash_flow,historical_600_unknown_rule,unknown,ZY09,,62,3,4,Update_Receivable,receivable_maturity,receivable,automatic_settlement,False,{},not_applicable,321.0,450.0,更新应收款,observed_history_unknown_rule,src_57c289f9896a,origin data/VPD-OE_Agent_20260709/VPD-OE_Agent/data/raw/ZY/ZY09.xls,现金流量表,65.0,
841a3ae2ce74800e,historical_cash_flow,historical_600_unknown_rule,unknown,ZY09,,63,3,4,Develop_ISO,iso_development,qualification,direct_decision,True,"{""certifications"": [""ISO9000""]}",complete,-10.0,440.0,"ISO认证资格投资,开发：ISO9000",observed_history_unknown_rule,src_57c289f9896a,origin data/VPD-OE_Agent_20260709/VPD-OE_Agent/data/raw/ZY/ZY09.xls,现金流量表,66.0,
5cdda9e15e18b8bb,historical_cash_flow,historical_600_unknown_rule,unknown,ZY09,,64,3,4,Pay_Overhaul,administrative_fee,period_close,automatic_settlement,False,{},not_applicable,-10.0,430.0,支付行政管理费,observed_history_unknown_rule,src_57c289f9896a,origin data/VPD-OE_Agent_20260709/VPD-OE_Agent/data/raw/ZY/ZY09.xls,现金流量表,67.0,
9703a65d7610020f,historical_cash_flow,historical_600_unknown_rule,unknown,ZY09,,65,3,4,Pay_Maintenance,maintenance,period_close,automatic_settlement,False,{},not_applicable,-30.0,400.0,支付维护费,observed_history_unknown_rule,src_57c289f9896a,origin data/VPD-OE_Agent_20260709/VPD-OE_Agent/data/raw/ZY/ZY09.xls,现金流量表,68.0,
37802f565a4017a0,historical_cash_flow,historical_600_unknown_rule,unknown,ZY09,,66,4,1,Pay_Long_Loan,long_loan_repayment,finance,committed_settlement,False,{},partial,-90.0,310.0,支付长贷本息,observed_history_unknown_rule,src_57c289f9896a,origin data/VPD-OE_Agent_20260709/VPD-OE_Agent/data/raw/ZY/ZY09.xls,现金流量表,69.0,
7a592fd89f3de893,historical_cash_flow,historical_600_unknown_rule,unknown,ZY09,,67,4,1,Pay_AD,advertising,sales,direct_decision,True,{},partial,-55.0,255.0,广告投放,observed_history_unknown_rule,src_57c289f9896a,origin data/VPD-OE_Agent_20260709/VPD-OE_Agent/data/raw/ZY/ZY09.xls,现金流量表,70.0,
70a442ca5e768949,historical_cash_flow,historical_600_unknown_rule,unknown,ZY09,,68,4,1,Pay_Material,material_receipt_payment,procurement,committed_settlement,False,"{""materials"": {""R1"": 3, ""R3"": 3, ""R4"": 3}}",complete,-90.0,165.0,支付原料费 R3:3 R4:3 R1:3,observed_history_unknown_rule,src_57c289f9896a,origin data/VPD-OE_Agent_20260709/VPD-OE_Agent/data/raw/ZY/ZY09.xls,现金流量表,71.0,
2244ea9622aa0cad,historical_cash_flow,historical_600_unknown_rule,unknown,ZY09,,69,4,1,Product_Produce,production,production,direct_decision,True,"{""line_assignments"": [{""line_instance_id"": 146, ""product_id"": ""P3""}, {""line_instance_id"": 147, ""product_id"": ""P3""}, {""line_instance_id"": 148, ""product_id"": ""P3""}]}",complete,-30.0,135.0,146:P3 147:P3 148:P3,observed_history_unknown_rule,src_57c289f9896a,origin data/VPD-OE_Agent_20260709/VPD-OE_Agent/data/raw/ZY/ZY09.xls,现金流量表,72.0,
59f4589ff59e3ea3,historical_cash_flow,historical_600_unknown_rule,unknown,ZY09,,70,4,1,Renew_Workshop,factory_rent_renewal,capacity,conditional_decision,True,{},not_applicable,-30.0,105.0,厂房续租,observed_history_unknown_rule,src_57c289f9896a,origin data/VPD-OE_Agent_20260709/VPD-OE_Agent/data/raw/ZY/ZY09.xls,现金流量表,73.0,
8434efeb57af257e,historical_cash_flow,historical_600_unknown_rule,unknown,ZY09,,71,4,1,Pay_Overhaul,administrative_fee,period_close,automatic_settlement,False,{},not_applicable,-10.0,95.0,支付行政管理费,observed_history_unknown_rule,src_57c289f9896a,origin data/VPD-OE_Agent_20260709/VPD-OE_Agent/data/raw/ZY/ZY09.xls,现金流量表,74.0,
1a26f1eada19b350,historical_cash_flow,historical_600_unknown_rule,unknown,ZY09,,72,4,2,Pay_Material,material_receipt_payment,procurement,committed_settlement,False,"{""materials"": {""R3"": 3, ""R4"": 3}}",complete,-60.0,35.0,支付原料费 R3:3 R4:3,observed_history_unknown_rule,src_57c289f9896a,origin data/VPD-OE_Agent_20260709/VPD-OE_Agent/data/raw/ZY/ZY09.xls,现金流量表,75.0,
d51163f67a97978e,historical_cash_flow,historical_600_unknown_rule,unknown,ZY09,,73,4,2,Product_Produce,production,production,direct_decision,True,"{""line_assignments"": [{""line_instance_id"": 146, ""product_id"": ""P3""}, {""line_instance_id"": 147, ""product_id"": ""P3""}, {""line_instance_id"": 148, ""product_id"": ""P3""}]}",complete,-30.0,5.0,146:P3 147:P3 148:P3,observed_history_unknown_rule,src_57c289f9896a,origin data/VPD-OE_Agent_20260709/VPD-OE_Agent/data/raw/ZY/ZY09.xls,现金流量表,76.0,
bcee006318212bca,historical_cash_flow,historical_600_unknown_rule,unknown,ZY09,,74,4,2,Discount,receivable_discount,receivable,conditional_decision,True,"{""term_1_wan"": 0, ""term_2_wan"": 6, ""term_3_wan"": 0, ""term_4_wan"": 0}",complete,5.0,10.0,"1期贴现:0W,2期贴现:6W,3期贴现:0W,4期贴现:0W",observed_history_unknown_rule,src_57c289f9896a,origin data/VPD-OE_Agent_20260709/VPD-OE_Agent/data/raw/ZY/ZY09.xls,现金流量表,77.0,
b64168e5b8e39f71,historical_cash_flow,historical_600_unknown_rule,unknown,ZY09,,75,4,2,Buy_Material,material_order,procurement,direct_decision,True,"{""materials"": {""R3"": 6, ""R4"": 6}}",complete,0.0,10.0,订购原料 R3:6 R4:6,observed_history_unknown_rule,src_57c289f9896a,origin data/VPD-OE_Agent_20260709/VPD-OE_Agent/data/raw/ZY/ZY09.xls,现金流量表,78.0,
c9f414e26adaa9e2,historical_cash_flow,historical_600_unknown_rule,unknown,ZY09,,76,4,2,Pay_Overhaul,administrative_fee,period_close,automatic_settlement,False,{},not_applicable,-10.0,0.0,支付行政管理费,observed_history_unknown_rule,src_57c289f9896a,origin data/VPD-OE_Agent_20260709/VPD-OE_Agent/data/raw/ZY/ZY09.xls,现金流量表,79.0,
61646e5aebf5e989,historical_cash_flow,historical_600_unknown_rule,unknown,ZY09,,77,4,3,Buy_Material,material_order,procurement,direct_decision,True,"{""materials"": {""R1"": 6}}",complete,0.0,0.0,订购原料 R1:6,observed_history_unknown_rule,src_57c289f9896a,origin data/VPD-OE_Agent_20260709/VPD-OE_Agent/data/raw/ZY/ZY09.xls,现金流量表,80.0,
383f686d18c9e080,historical_cash_flow,historical_600_unknown_rule,unknown,ZY09,,78,4,3,Update_Receivable,receivable_maturity,receivable,automatic_settlement,False,{},not_applicable,325.0,325.0,更新应收款,observed_history_unknown_rule,src_57c289f9896a,origin data/VPD-OE_Agent_20260709/VPD-OE_Agent/data/raw/ZY/ZY09.xls,现金流量表,81.0,
238d6631814ee792,historical_cash_flow,historical_600_unknown_rule,unknown,ZY09,,79,4,3,Pay_Overhaul,administrative_fee,period_close,automatic_settlement,False,{},not_applicable,-10.0,315.0,支付行政管理费,observed_history_unknown_rule,src_57c289f9896a,origin data/VPD-OE_Agent_20260709/VPD-OE_Agent/data/raw/ZY/ZY09.xls,现金流量表,82.0,
5059e42c0de35101,historical_cash_flow,historical_600_unknown_rule,unknown,ZY09,,80,4,4,Pay_Material,material_receipt_payment,procurement,committed_settlement,False,"{""materials"": {""R1"": 6, ""R3"": 6, ""R4"": 6}}",complete,-180.0,135.0,支付原料费 R3:6 R4:6 R1:6,observed_history_unknown_rule,src_57c289f9896a,origin data/VPD-OE_Agent_20260709/VPD-OE_Agent/data/raw/ZY/ZY09.xls,现金流量表,83.0,
98344a476ba39385,historical_cash_flow,historical_600_unknown_rule,unknown,ZY09,,81,4,4,Product_Produce,production,production,direct_decision,True,"{""line_assignments"": [{""line_instance_id"": 146, ""product_id"": ""P3""}, {""line_instance_id"": 147, ""product_id"": ""P3""}, {""line_instance_id"": 148, ""product_id"": ""P3""}]}",complete,-30.0,105.0,146:P3 147:P3 148:P3,observed_history_unknown_rule,src_57c289f9896a,origin data/VPD-OE_Agent_20260709/VPD-OE_Agent/data/raw/ZY/ZY09.xls,现金流量表,84.0,
15035b7f6c41e96f,historical_cash_flow,historical_600_unknown_rule,unknown,ZY09,,82,4,4,Update_Receivable,receivable_maturity,receivable,automatic_settlement,False,{},not_applicable,413.0,518.0,更新应收款,observed_history_unknown_rule,src_57c289f9896a,origin data/VPD-OE_Agent_20260709/VPD-OE_Agent/data/raw/ZY/ZY09.xls,现金流量表,85.0,
e0147657df771e62,historical_cash_flow,historical_600_unknown_rule,unknown,ZY09,,83,4,4,Pay_Overhaul,administrative_fee,period_close,automatic_settlement,False,{},not_applicable,-10.0,508.0,支付行政管理费,observed_history_unknown_rule,src_57c289f9896a,origin data/VPD-OE_Agent_20260709/VPD-OE_Agent/data/raw/ZY/ZY09.xls,现金流量表,86.0,
2ab7c479e1a60f77,historical_cash_flow,historical_600_unknown_rule,unknown,ZY09,,84,4,4,Pay_Maintenance,maintenance,period_close,automatic_settlement,False,{},not_applicable,-30.0,478.0,支付维护费,observed_history_unknown_rule,src_57c289f9896a,origin data/VPD-OE_Agent_20260709/VPD-OE_Agent/data/raw/ZY/ZY09.xls,现金流量表,87.0,
b6fa146ac24aed01,historical_cash_flow,historical_600_unknown_rule,unknown,ZY09,,85,5,1,Pay_Long_Loan,long_loan_repayment,finance,committed_settlement,False,{},partial,-90.0,388.0,支付长贷本息,observed_history_unknown_rule,src_57c289f9896a,origin data/VPD-OE_Agent_20260709/VPD-OE_Agent/data/raw/ZY/ZY09.xls,现金流量表,88.0,
91e115b68942c789,historical_cash_flow,historical_600_unknown_rule,unknown,ZY09,,86,5,1,Pay_AD,advertising,sales,direct_decision,True,{},partial,-55.0,333.0,广告投放,observed_history_unknown_rule,src_57c289f9896a,origin data/VPD-OE_Agent_20260709/VPD-OE_Agent/data/raw/ZY/ZY09.xls,现金流量表,89.0,
a5b1ae2bcca7dec4,historical_cash_flow,historical_600_unknown_rule,unknown,ZY09,,87,5,1,Buy_Material,material_order,procurement,direct_decision,True,"{""materials"": {""R1"": 2, ""R3"": 2, ""R4"": 2}}",complete,0.0,333.0,订购原料 R1:2 R3:2 R4:2,observed_history_unknown_rule,src_57c289f9896a,origin data/VPD-OE_Agent_20260709/VPD-OE_Agent/data/raw/ZY/ZY09.xls,现金流量表,90.0,
d0024aada905c13f,historical_cash_flow,historical_600_unknown_rule,unknown,ZY09,,88,5,1,Product_Produce,production,production,direct_decision,True,"{""line_assignments"": [{""line_instance_id"": 146, ""product_id"": ""P3""}, {""line_instance_id"": 147, ""product_id"": ""P3""}, {""line_instance_id"": 148, ""product_id"": ""P3""}]}",complete,-30.0,303.0,146:P3 147:P3 148:P3,observed_history_unknown_rule,src_57c289f9896a,origin data/VPD-OE_Agent_20260709/VPD-OE_Agent/data/raw/ZY/ZY09.xls,现金流量表,91.0,
62a58b7523bfc6d8,historical_cash_flow,historical_600_unknown_rule,unknown,ZY09,,89,5,1,Renew_Workshop,factory_rent_renewal,capacity,conditional_decision,True,{},not_applicable,-30.0,273.0,厂房续租,observed_history_unknown_rule,src_57c289f9896a,origin data/VPD-OE_Agent_20260709/VPD-OE_Agent/data/raw/ZY/ZY09.xls,现金流量表,92.0,
3e844933027f3a09,historical_cash_flow,historical_600_unknown_rule,unknown,ZY09,,90,5,1,Pay_Overhaul,administrative_fee,period_close,automatic_settlement,False,{},not_applicable,-10.0,263.0,支付行政管理费,observed_history_unknown_rule,src_57c289f9896a,origin data/VPD-OE_Agent_20260709/VPD-OE_Agent/data/raw/ZY/ZY09.xls,现金流量表,93.0,
427e2ca809b1b65c,historical_cash_flow,historical_600_unknown_rule,unknown,ZY09,,91,5,2,Pay_Material,material_receipt_payment,procurement,committed_settlement,False,"{""materials"": {""R1"": 2}}",complete,-20.0,243.0,支付原料费 R1:2,observed_history_unknown_rule,src_57c289f9896a,origin data/VPD-OE_Agent_20260709/VPD-OE_Agent/data/raw/ZY/ZY09.xls,现金流量表,94.0,
7ff1df7e7d3b1c58,historical_cash_flow,historical_600_unknown_rule,unknown,ZY09,,92,5,2,Update_Receivable,receivable_maturity,receivable,automatic_settlement,False,{},not_applicable,360.0,603.0,更新应收款,observed_history_unknown_rule,src_57c289f9896a,origin data/VPD-OE_Agent_20260709/VPD-OE_Agent/data/raw/ZY/ZY09.xls,现金流量表,95.0,
0adb8acc9b39ac0d,historical_cash_flow,historical_600_unknown_rule,unknown,ZY09,,93,5,2,Pay_Overhaul,administrative_fee,period_close,automatic_settlement,False,{},not_applicable,-10.0,593.0,支付行政管理费,observed_history_unknown_rule,src_57c289f9896a,origin data/VPD-OE_Agent_20260709/VPD-OE_Agent/data/raw/ZY/ZY09.xls,现金流量表,96.0,
393c562c8e6cd103,historical_cash_flow,historical_600_unknown_rule,unknown,ZY09,,94,5,3,Pay_Material,material_receipt_payment,procurement,committed_settlement,False,"{""materials"": {""R3"": 2, ""R4"": 2}}",complete,-40.0,553.0,支付原料费 R3:2 R4:2,observed_history_unknown_rule,src_57c289f9896a,origin data/VPD-OE_Agent_20260709/VPD-OE_Agent/data/raw/ZY/ZY09.xls,现金流量表,97.0,
343876c64ffa33be,historical_cash_flow,historical_600_unknown_rule,unknown,ZY09,,95,5,3,Product_Produce,production,production,direct_decision,True,"{""line_assignments"": [{""line_instance_id"": 146, ""product_id"": ""P3""}, {""line_instance_id"": 147, ""product_id"": ""P3""}]}",complete,-20.0,533.0,146:P3 147:P3,observed_history_unknown_rule,src_57c289f9896a,origin data/VPD-OE_Agent_20260709/VPD-OE_Agent/data/raw/ZY/ZY09.xls,现金流量表,98.0,
139aeb4aa8c91a78,historical_cash_flow,historical_600_unknown_rule,unknown,ZY09,,96,5,3,Update_Receivable,receivable_maturity,receivable,automatic_settlement,False,{},not_applicable,160.0,693.0,更新应收款,observed_history_unknown_rule,src_57c289f9896a,origin data/VPD-OE_Agent_20260709/VPD-OE_Agent/data/raw/ZY/ZY09.xls,现金流量表,99.0,
e372c3f316400cd5,historical_cash_flow,historical_600_unknown_rule,unknown,ZY09,,97,5,3,Pay_Overhaul,administrative_fee,period_close,automatic_settlement,False,{},not_applicable,-10.0,683.0,支付行政管理费,observed_history_unknown_rule,src_57c289f9896a,origin data/VPD-OE_Agent_20260709/VPD-OE_Agent/data/raw/ZY/ZY09.xls,现金流量表,100.0,
40d5765b4c4bb3d1,historical_cash_flow,historical_600_unknown_rule,unknown,ZY09,,98,5,4,Pay_Overhaul,administrative_fee,period_close,automatic_settlement,False,{},not_applicable,-10.0,673.0,支付行政管理费,observed_history_unknown_rule,src_57c289f9896a,origin data/VPD-OE_Agent_20260709/VPD-OE_Agent/data/raw/ZY/ZY09.xls,现金流量表,101.0,
39492fda4d3e96ca,historical_cash_flow,historical_600_unknown_rule,unknown,ZY09,,99,5,4,Pay_Maintenance,maintenance,period_close,automatic_settlement,False,{},not_applicable,-30.0,643.0,支付维护费,observed_history_unknown_rule,src_57c289f9896a,origin data/VPD-OE_Agent_20260709/VPD-OE_Agent/data/raw/ZY/ZY09.xls,现金流量表,102.0,
79340ffdd98563f5,historical_cash_flow,historical_600_unknown_rule,unknown,ZY10,,1,1,1,Pay_Capital,capital_injection,finance,exception_intervention,False,{},not_applicable,600.0,600.0,"公司成立,股东注资",observed_history_unknown_rule,src_0bc478da983d,origin data/VPD-OE_Agent_20260709/VPD-OE_Agent/data/raw/ZY/ZY10.xls,现金流量表,4.0,
f1cc5aa6042c7fe0,historical_cash_flow,historical_600_unknown_rule,unknown,ZY10,,2,1,1,Long_Loan,long_loan_borrow,finance,conditional_decision,True,"{""principal_wan"": 604, ""term"": 5, ""term_unit"": ""year""}",complete,604.0,1204.0,申请:5年 604W的长期贷款,observed_history_unknown_rule,src_0bc478da983d,origin data/VPD-OE_Agent_20260709/VPD-OE_Agent/data/raw/ZY/ZY10.xls,现金流量表,5.0,
1aca45a0fd64d617,historical_cash_flow,historical_600_unknown_rule,unknown,ZY10,,3,1,1,Rent_Workshop,factory_rent,capacity,direct_decision,True,"{""factory_type"": ""大厂房""}",complete,-40.0,1164.0,租用[大厂房],observed_history_unknown_rule,src_0bc478da983d,origin data/VPD-OE_Agent_20260709/VPD-OE_Agent/data/raw/ZY/ZY10.xls,现金流量表,6.0,
e47526dd42268785,historical_cash_flow,historical_600_unknown_rule,unknown,ZY10,,4,1,1,Develop_Product,product_development,qualification,direct_decision,True,"{""products"": [""P3"", ""P4""]}",complete,-20.0,1144.0,产品生产资格投资: P3 P4,observed_history_unknown_rule,src_0bc478da983d,origin data/VPD-OE_Agent_20260709/VPD-OE_Agent/data/raw/ZY/ZY10.xls,现金流量表,7.0,
770f452c68b96098,historical_cash_flow,historical_600_unknown_rule,unknown,ZY10,,5,1,1,Pay_Overhaul,administrative_fee,period_close,automatic_settlement,False,{},not_applicable,-10.0,1134.0,支付行政管理费,observed_history_unknown_rule,src_0bc478da983d,origin data/VPD-OE_Agent_20260709/VPD-OE_Agent/data/raw/ZY/ZY10.xls,现金流量表,8.0,
a1c7e7249a06e9aa,historical_cash_flow,historical_600_unknown_rule,unknown,ZY10,,6,1,2,Buy_ProductLine,production_line_order,capacity,direct_decision,True,"{""line_type"": ""自动线"", ""product_id"": ""P3""}",complete,-50.0,1084.0,订购[自动线]生产[P3],observed_history_unknown_rule,src_0bc478da983d,origin data/VPD-OE_Agent_20260709/VPD-OE_Agent/data/raw/ZY/ZY10.xls,现金流量表,9.0,
1909adeb82e46897,historical_cash_flow,historical_600_unknown_rule,unknown,ZY10,,7,1,2,Buy_ProductLine,production_line_order,capacity,direct_decision,True,"{""line_type"": ""自动线"", ""product_id"": ""P4""}",complete,-50.0,1034.0,订购[自动线]生产[P4],observed_history_unknown_rule,src_0bc478da983d,origin data/VPD-OE_Agent_20260709/VPD-OE_Agent/data/raw/ZY/ZY10.xls,现金流量表,10.0,
9391c5fa5faa46d9,historical_cash_flow,historical_600_unknown_rule,unknown,ZY10,,8,1,2,Buy_ProductLine,production_line_order,capacity,direct_decision,True,"{""line_type"": ""自动线"", ""product_id"": ""P4""}",complete,-50.0,984.0,订购[自动线]生产[P4],observed_history_unknown_rule,src_0bc478da983d,origin data/VPD-OE_Agent_20260709/VPD-OE_Agent/data/raw/ZY/ZY10.xls,现金流量表,11.0,
5c53be945c9ca851,historical_cash_flow,historical_600_unknown_rule,unknown,ZY10,,9,1,2,Buy_ProductLine,production_line_order,capacity,direct_decision,True,"{""line_type"": ""自动线"", ""product_id"": ""P4""}",complete,-50.0,934.0,订购[自动线]生产[P4],observed_history_unknown_rule,src_0bc478da983d,origin data/VPD-OE_Agent_20260709/VPD-OE_Agent/data/raw/ZY/ZY10.xls,现金流量表,12.0,
c1cc58d8522fd90f,historical_cash_flow,historical_600_unknown_rule,unknown,ZY10,,10,1,2,Develop_Product,product_development,qualification,direct_decision,True,"{""products"": [""P3"", ""P4""]}",complete,-20.0,914.0,产品生产资格投资: P3 P4,observed_history_unknown_rule,src_0bc478da983d,origin data/VPD-OE_Agent_20260709/VPD-OE_Agent/data/raw/ZY/ZY10.xls,现金流量表,13.0,
01c376ee4fc9328e,historical_cash_flow,historical_600_unknown_rule,unknown,ZY10,,11,1,2,Pay_Overhaul,administrative_fee,period_close,automatic_settlement,False,{},not_applicable,-10.0,904.0,支付行政管理费,observed_history_unknown_rule,src_0bc478da983d,origin data/VPD-OE_Agent_20260709/VPD-OE_Agent/data/raw/ZY/ZY10.xls,现金流量表,14.0,
f28325b0361aa64e,historical_cash_flow,historical_600_unknown_rule,unknown,ZY10,,12,1,3,Buy_Material,material_order,procurement,direct_decision,True,"{""materials"": {""R3"": 1, ""R4"": 1}}",complete,0.0,904.0,订购原料 R3:1 R4:1,observed_history_unknown_rule,src_0bc478da983d,origin data/VPD-OE_Agent_20260709/VPD-OE_Agent/data/raw/ZY/ZY10.xls,现金流量表,15.0,
05806cd13589b012,historical_cash_flow,historical_600_unknown_rule,unknown,ZY10,,13,1,3,Invest_ProductLine,production_line_investment,capacity,committed_settlement,False,{},partial,-200.0,704.0,投资在建生产线,observed_history_unknown_rule,src_0bc478da983d,origin data/VPD-OE_Agent_20260709/VPD-OE_Agent/data/raw/ZY/ZY10.xls,现金流量表,16.0,
8d088839a06bc8a4,historical_cash_flow,historical_600_unknown_rule,unknown,ZY10,,14,1,3,Develop_Product,product_development,qualification,direct_decision,True,"{""products"": [""P3"", ""P4""]}",complete,-20.0,684.0,产品生产资格投资: P3 P4,observed_history_unknown_rule,src_0bc478da983d,origin data/VPD-OE_Agent_20260709/VPD-OE_Agent/data/raw/ZY/ZY10.xls,现金流量表,17.0,
57e2fe0606a05b99,historical_cash_flow,historical_600_unknown_rule,unknown,ZY10,,15,1,3,Pay_Overhaul,administrative_fee,period_close,automatic_settlement,False,{},not_applicable,-10.0,674.0,支付行政管理费,observed_history_unknown_rule,src_0bc478da983d,origin data/VPD-OE_Agent_20260709/VPD-OE_Agent/data/raw/ZY/ZY10.xls,现金流量表,18.0,
9de12d1df67f8287,historical_cash_flow,historical_600_unknown_rule,unknown,ZY10,,16,1,4,Buy_Material,material_order,procurement,direct_decision,True,"{""materials"": {""R1"": 1, ""R3"": 4, ""R4"": 4}}",complete,0.0,674.0,订购原料 R1:1 R3:4 R4:4,observed_history_unknown_rule,src_0bc478da983d,origin data/VPD-OE_Agent_20260709/VPD-OE_Agent/data/raw/ZY/ZY10.xls,现金流量表,19.0,
5bf7df59ce35c560,historical_cash_flow,historical_600_unknown_rule,unknown,ZY10,,17,1,4,Invest_ProductLine,production_line_investment,capacity,committed_settlement,False,{},partial,-200.0,474.0,投资在建生产线,observed_history_unknown_rule,src_0bc478da983d,origin data/VPD-OE_Agent_20260709/VPD-OE_Agent/data/raw/ZY/ZY10.xls,现金流量表,20.0,
d0d0c423268f37fb,historical_cash_flow,historical_600_unknown_rule,unknown,ZY10,,18,1,4,Develop_Product,product_development,qualification,direct_decision,True,"{""products"": [""P3"", ""P4""]}",complete,-20.0,454.0,产品生产资格投资: P3 P4,observed_history_unknown_rule,src_0bc478da983d,origin data/VPD-OE_Agent_20260709/VPD-OE_Agent/data/raw/ZY/ZY10.xls,现金流量表,21.0,
a3bdefec947a94b8,historical_cash_flow,historical_600_unknown_rule,unknown,ZY10,,19,1,4,Develop_Market,market_development,qualification,direct_decision,True,"{""markets"": [""本地"", ""区域"", ""国内"", ""亚洲"", ""国际""]}",complete,-50.0,404.0,"市场开拓资格投资,开发项目:本地 区域 国内 亚洲 国际",observed_history_unknown_rule,src_0bc478da983d,origin data/VPD-OE_Agent_20260709/VPD-OE_Agent/data/raw/ZY/ZY10.xls,现金流量表,22.0,
5ff0088335b68fb4,historical_cash_flow,historical_600_unknown_rule,unknown,ZY10,,20,1,4,Develop_ISO,iso_development,qualification,direct_decision,True,"{""certifications"": [""ISO14000"", ""ISO9000""]}",complete,-30.0,374.0,"ISO认证资格投资,开发：ISO9000 ISO14000",observed_history_unknown_rule,src_0bc478da983d,origin data/VPD-OE_Agent_20260709/VPD-OE_Agent/data/raw/ZY/ZY10.xls,现金流量表,23.0,
de156a57e6a778a8,historical_cash_flow,historical_600_unknown_rule,unknown,ZY10,,21,1,4,Pay_Overhaul,administrative_fee,period_close,automatic_settlement,False,{},not_applicable,-10.0,364.0,支付行政管理费,observed_history_unknown_rule,src_0bc478da983d,origin data/VPD-OE_Agent_20260709/VPD-OE_Agent/data/raw/ZY/ZY10.xls,现金流量表,24.0,
5b52beb0ccc4e1ef,historical_cash_flow,historical_600_unknown_rule,unknown,ZY10,,22,2,1,Pay_Long_Loan,long_loan_repayment,finance,committed_settlement,False,{},partial,-60.0,304.0,支付长贷本息,observed_history_unknown_rule,src_0bc478da983d,origin data/VPD-OE_Agent_20260709/VPD-OE_Agent/data/raw/ZY/ZY10.xls,现金流量表,25.0,
d3d685a606366604,historical_cash_flow,historical_600_unknown_rule,unknown,ZY10,,23,2,1,Pay_AD,advertising,sales,direct_decision,True,{},partial,-60.0,244.0,广告投放,observed_history_unknown_rule,src_0bc478da983d,origin data/VPD-OE_Agent_20260709/VPD-OE_Agent/data/raw/ZY/ZY10.xls,现金流量表,26.0,
cbb42821cc87ee2e,historical_cash_flow,historical_600_unknown_rule,unknown,ZY10,,24,2,1,Pay_Material,material_receipt_payment,procurement,committed_settlement,False,"{""materials"": {""R1"": 1, ""R3"": 1, ""R4"": 1}}",complete,-30.0,214.0,支付原料费 R3:1 R4:1 R1:1,observed_history_unknown_rule,src_0bc478da983d,origin data/VPD-OE_Agent_20260709/VPD-OE_Agent/data/raw/ZY/ZY10.xls,现金流量表,27.0,
732941e39fda67a2,historical_cash_flow,historical_600_unknown_rule,unknown,ZY10,,25,2,1,Buy_Material,material_order,procurement,direct_decision,True,"{""materials"": {""R1"": 1, ""R2"": 6, ""R3"": 4, ""R4"": 4}}",complete,0.0,214.0,订购原料 R1:1 R2:6 R3:4 R4:4,observed_history_unknown_rule,src_0bc478da983d,origin data/VPD-OE_Agent_20260709/VPD-OE_Agent/data/raw/ZY/ZY10.xls,现金流量表,28.0,
89e38ee266806294,historical_cash_flow,historical_600_unknown_rule,unknown,ZY10,,26,2,1,Product_Produce,production,production,direct_decision,True,"{""line_assignments"": [{""line_instance_id"": 169, ""product_id"": ""P3""}]}",complete,-10.0,204.0,169:P3,observed_history_unknown_rule,src_0bc478da983d,origin data/VPD-OE_Agent_20260709/VPD-OE_Agent/data/raw/ZY/ZY10.xls,现金流量表,29.0,
85e8e8f7dd9cd228,historical_cash_flow,historical_600_unknown_rule,unknown,ZY10,,27,2,1,Develop_Product,product_development,qualification,direct_decision,True,"{""products"": [""P4""]}",complete,-10.0,194.0,产品生产资格投资: P4,observed_history_unknown_rule,src_0bc478da983d,origin data/VPD-OE_Agent_20260709/VPD-OE_Agent/data/raw/ZY/ZY10.xls,现金流量表,30.0,
ff0e82265c916fdc,historical_cash_flow,historical_600_unknown_rule,unknown,ZY10,,28,2,1,Renew_Workshop,factory_rent_renewal,capacity,conditional_decision,True,{},not_applicable,-40.0,154.0,厂房续租,observed_history_unknown_rule,src_0bc478da983d,origin data/VPD-OE_Agent_20260709/VPD-OE_Agent/data/raw/ZY/ZY10.xls,现金流量表,31.0,
80f8136525a42274,historical_cash_flow,historical_600_unknown_rule,unknown,ZY10,,29,2,1,Pay_Overhaul,administrative_fee,period_close,automatic_settlement,False,{},not_applicable,-10.0,144.0,支付行政管理费,observed_history_unknown_rule,src_0bc478da983d,origin data/VPD-OE_Agent_20260709/VPD-OE_Agent/data/raw/ZY/ZY10.xls,现金流量表,32.0,
8c801a5ecd48ab15,historical_cash_flow,historical_600_unknown_rule,unknown,ZY10,,30,2,2,Short_Loan,short_loan_borrow,finance,conditional_decision,True,"{""principal_wan"": 209, ""term"": 4, ""term_unit"": ""quarter""}",complete,209.0,353.0,申请:4季 209W的短期贷款,observed_history_unknown_rule,src_0bc478da983d,origin data/VPD-OE_Agent_20260709/VPD-OE_Agent/data/raw/ZY/ZY10.xls,现金流量表,33.0,
0a0ddfa00b94b469,historical_cash_flow,historical_600_unknown_rule,unknown,ZY10,,31,2,2,Pay_Material,material_receipt_payment,procurement,committed_settlement,False,"{""materials"": {""R1"": 1, ""R2"": 6, ""R3"": 4, ""R4"": 4}}",complete,-150.0,203.0,支付原料费 R3:4 R4:4 R1:1 R2:6,observed_history_unknown_rule,src_0bc478da983d,origin data/VPD-OE_Agent_20260709/VPD-OE_Agent/data/raw/ZY/ZY10.xls,现金流量表,34.0,
68186d74c9f789bc,historical_cash_flow,historical_600_unknown_rule,unknown,ZY10,,32,2,2,Buy_Material,material_order,procurement,direct_decision,True,"{""materials"": {""R1"": 1, ""R2"": 6, ""R3"": 4, ""R4"": 4}}",complete,0.0,203.0,订购原料 R1:1 R2:6 R3:4 R4:4,observed_history_unknown_rule,src_0bc478da983d,origin data/VPD-OE_Agent_20260709/VPD-OE_Agent/data/raw/ZY/ZY10.xls,现金流量表,35.0,
6f4d3b9732fe39ea,historical_cash_flow,historical_600_unknown_rule,unknown,ZY10,,33,2,2,Product_Produce,production,production,direct_decision,True,"{""line_assignments"": [{""line_instance_id"": 169, ""product_id"": ""P3""}, {""line_instance_id"": 170, ""product_id"": ""P4""}, {""line_instance_id"": 171, ""product_id"": ""P4""}, {""line_instance_id"": 172, ""product_id"": ""P4""}]}",complete,-40.0,163.0,169:P3 170:P4 171:P4 172:P4,observed_history_unknown_rule,src_0bc478da983d,origin data/VPD-OE_Agent_20260709/VPD-OE_Agent/data/raw/ZY/ZY10.xls,现金流量表,36.0,
18d05bccbbf1dbf6,historical_cash_flow,historical_600_unknown_rule,unknown,ZY10,,34,2,2,Pay_Overhaul,administrative_fee,period_close,automatic_settlement,False,{},not_applicable,-10.0,153.0,支付行政管理费,observed_history_unknown_rule,src_0bc478da983d,origin data/VPD-OE_Agent_20260709/VPD-OE_Agent/data/raw/ZY/ZY10.xls,现金流量表,37.0,
1a36ddc8a57f7f31,historical_cash_flow,historical_600_unknown_rule,unknown,ZY10,,35,2,3,Short_Loan,short_loan_borrow,finance,conditional_decision,True,"{""principal_wan"": 209, ""term"": 4, ""term_unit"": ""quarter""}",complete,209.0,362.0,申请:4季 209W的短期贷款,observed_history_unknown_rule,src_0bc478da983d,origin data/VPD-OE_Agent_20260709/VPD-OE_Agent/data/raw/ZY/ZY10.xls,现金流量表,38.0,
9c71770c323b50be,historical_cash_flow,historical_600_unknown_rule,unknown,ZY10,,36,2,3,Pay_Material,material_receipt_payment,procurement,committed_settlement,False,"{""materials"": {""R1"": 1, ""R2"": 6, ""R3"": 4, ""R4"": 4}}",complete,-150.0,212.0,支付原料费 R3:4 R4:4 R1:1 R2:6,observed_history_unknown_rule,src_0bc478da983d,origin data/VPD-OE_Agent_20260709/VPD-OE_Agent/data/raw/ZY/ZY10.xls,现金流量表,39.0,
e72912c6614180bd,historical_cash_flow,historical_600_unknown_rule,unknown,ZY10,,37,2,3,Buy_Material,material_order,procurement,direct_decision,True,"{""materials"": {""R1"": 1, ""R2"": 6, ""R3"": 4, ""R4"": 4}}",complete,0.0,212.0,订购原料 R1:1 R2:6 R3:4 R4:4,observed_history_unknown_rule,src_0bc478da983d,origin data/VPD-OE_Agent_20260709/VPD-OE_Agent/data/raw/ZY/ZY10.xls,现金流量表,40.0,
f9750159a1af0425,historical_cash_flow,historical_600_unknown_rule,unknown,ZY10,,38,2,3,Product_Produce,production,production,direct_decision,True,"{""line_assignments"": [{""line_instance_id"": 169, ""product_id"": ""P3""}, {""line_instance_id"": 170, ""product_id"": ""P4""}, {""line_instance_id"": 171, ""product_id"": ""P4""}, {""line_instance_id"": 172, ""product_id"": ""P4""}]}",complete,-40.0,172.0,169:P3 170:P4 171:P4 172:P4,observed_history_unknown_rule,src_0bc478da983d,origin data/VPD-OE_Agent_20260709/VPD-OE_Agent/data/raw/ZY/ZY10.xls,现金流量表,41.0,
915abd950243a1fe,historical_cash_flow,historical_600_unknown_rule,unknown,ZY10,,39,2,3,Pay_Overhaul,administrative_fee,period_close,automatic_settlement,False,{},not_applicable,-10.0,162.0,支付行政管理费,observed_history_unknown_rule,src_0bc478da983d,origin data/VPD-OE_Agent_20260709/VPD-OE_Agent/data/raw/ZY/ZY10.xls,现金流量表,42.0,
42aef5798628461b,historical_cash_flow,historical_600_unknown_rule,unknown,ZY10,,40,2,4,Discount,receivable_discount,receivable,conditional_decision,True,"{""term_1_wan"": 0, ""term_2_wan"": 180, ""term_3_wan"": 0, ""term_4_wan"": 0}",complete,162.0,324.0,"1期贴现:0W,2期贴现:180W,3期贴现:0W,4期贴现:0W",observed_history_unknown_rule,src_0bc478da983d,origin data/VPD-OE_Agent_20260709/VPD-OE_Agent/data/raw/ZY/ZY10.xls,现金流量表,43.0,
afd9874a4a1d0cfe,historical_cash_flow,historical_600_unknown_rule,unknown,ZY10,,41,2,4,Pay_Material,material_receipt_payment,procurement,committed_settlement,False,"{""materials"": {""R1"": 1, ""R2"": 6, ""R3"": 4, ""R4"": 4}}",complete,-150.0,174.0,支付原料费 R3:4 R4:4 R1:1 R2:6,observed_history_unknown_rule,src_0bc478da983d,origin data/VPD-OE_Agent_20260709/VPD-OE_Agent/data/raw/ZY/ZY10.xls,现金流量表,44.0,
d1fb19ee0860c1fd,historical_cash_flow,historical_600_unknown_rule,unknown,ZY10,,42,2,4,Buy_Material,material_order,procurement,direct_decision,True,"{""materials"": {""R1"": 1, ""R2"": 6, ""R3"": 4, ""R4"": 4}}",complete,0.0,174.0,订购原料 R1:1 R2:6 R3:4 R4:4,observed_history_unknown_rule,src_0bc478da983d,origin data/VPD-OE_Agent_20260709/VPD-OE_Agent/data/raw/ZY/ZY10.xls,现金流量表,45.0,
ff14f5bc249ea839,historical_cash_flow,historical_600_unknown_rule,unknown,ZY10,,43,2,4,Product_Produce,production,production,direct_decision,True,"{""line_assignments"": [{""line_instance_id"": 169, ""product_id"": ""P3""}, {""line_instance_id"": 170, ""product_id"": ""P4""}, {""line_instance_id"": 171, ""product_id"": ""P4""}, {""line_instance_id"": 172, ""product_id"": ""P4""}]}",complete,-40.0,134.0,169:P3 170:P4 171:P4 172:P4,observed_history_unknown_rule,src_0bc478da983d,origin data/VPD-OE_Agent_20260709/VPD-OE_Agent/data/raw/ZY/ZY10.xls,现金流量表,46.0,
7151dfc09fc1e61a,historical_cash_flow,historical_600_unknown_rule,unknown,ZY10,,44,2,4,Develop_Market,market_development,qualification,direct_decision,True,"{""markets"": [""国内"", ""亚洲"", ""国际""]}",complete,-30.0,104.0,"市场开拓资格投资,开发项目:国内 亚洲 国际",observed_history_unknown_rule,src_0bc478da983d,origin data/VPD-OE_Agent_20260709/VPD-OE_Agent/data/raw/ZY/ZY10.xls,现金流量表,47.0,
46231d2104620f0f,historical_cash_flow,historical_600_unknown_rule,unknown,ZY10,,45,2,4,Develop_ISO,iso_development,qualification,direct_decision,True,"{""certifications"": [""ISO14000"", ""ISO9000""]}",complete,-30.0,74.0,"ISO认证资格投资,开发：ISO9000 ISO14000",observed_history_unknown_rule,src_0bc478da983d,origin data/VPD-OE_Agent_20260709/VPD-OE_Agent/data/raw/ZY/ZY10.xls,现金流量表,48.0,
3d27f013e7bb2ab4,historical_cash_flow,historical_600_unknown_rule,unknown,ZY10,,46,2,4,Discount,receivable_discount,receivable,conditional_decision,True,"{""term_1_wan"": 0, ""term_2_wan"": 100, ""term_3_wan"": 0, ""term_4_wan"": 0}",complete,90.0,164.0,"1期贴现:0W,2期贴现:100W,3期贴现:0W,4期贴现:0W",observed_history_unknown_rule,src_0bc478da983d,origin data/VPD-OE_Agent_20260709/VPD-OE_Agent/data/raw/ZY/ZY10.xls,现金流量表,49.0,
bea4a8cc272192b7,historical_cash_flow,historical_600_unknown_rule,unknown,ZY10,,47,2,4,Pay_Overhaul,administrative_fee,period_close,automatic_settlement,False,{},not_applicable,-10.0,154.0,支付行政管理费,observed_history_unknown_rule,src_0bc478da983d,origin data/VPD-OE_Agent_20260709/VPD-OE_Agent/data/raw/ZY/ZY10.xls,现金流量表,50.0,
f8f472cda8266f52,historical_cash_flow,historical_600_unknown_rule,unknown,ZY10,,48,2,4,Pay_Maintenance,maintenance,period_close,automatic_settlement,False,{},not_applicable,-40.0,114.0,支付维护费,observed_history_unknown_rule,src_0bc478da983d,origin data/VPD-OE_Agent_20260709/VPD-OE_Agent/data/raw/ZY/ZY10.xls,现金流量表,51.0,
ebd3a08d94b79c74,historical_cash_flow,historical_600_unknown_rule,unknown,ZY10,,49,3,1,Pay_Tax,tax_payment,period_close,automatic_settlement,False,{},not_applicable,-2.0,112.0,支付上一年税金,observed_history_unknown_rule,src_0bc478da983d,origin data/VPD-OE_Agent_20260709/VPD-OE_Agent/data/raw/ZY/ZY10.xls,现金流量表,52.0,
dbf28285baf07eb1,historical_cash_flow,historical_600_unknown_rule,unknown,ZY10,,50,3,1,Pay_Long_Loan,long_loan_repayment,finance,committed_settlement,False,{},partial,-60.0,52.0,支付长贷本息,observed_history_unknown_rule,src_0bc478da983d,origin data/VPD-OE_Agent_20260709/VPD-OE_Agent/data/raw/ZY/ZY10.xls,现金流量表,53.0,
27f60059cfeff515,historical_cash_flow,historical_600_unknown_rule,unknown,ZY10,,51,3,1,Pay_AD,advertising,sales,direct_decision,True,{},partial,-30.0,22.0,广告投放,observed_history_unknown_rule,src_0bc478da983d,origin data/VPD-OE_Agent_20260709/VPD-OE_Agent/data/raw/ZY/ZY10.xls,现金流量表,54.0,
ef728d4f6b671bbb,historical_cash_flow,historical_600_unknown_rule,unknown,ZY10,,52,3,1,Discount,receivable_discount,receivable,conditional_decision,True,"{""term_1_wan"": 0, ""term_2_wan"": 70, ""term_3_wan"": 0, ""term_4_wan"": 0}",complete,63.0,85.0,"1期贴现:0W,2期贴现:70W,3期贴现:0W,4期贴现:0W",observed_history_unknown_rule,src_0bc478da983d,origin data/VPD-OE_Agent_20260709/VPD-OE_Agent/data/raw/ZY/ZY10.xls,现金流量表,55.0,
3de01a8f7d52bdc7,historical_cash_flow,historical_600_unknown_rule,unknown,ZY10,,53,3,1,Auction_Win,order_award,sales,external_outcome,False,"{""order_id"": ""J32-0015""}",complete,-10.0,75.0,竞单成功，获得订单:J32-0015,observed_history_unknown_rule,src_0bc478da983d,origin data/VPD-OE_Agent_20260709/VPD-OE_Agent/data/raw/ZY/ZY10.xls,现金流量表,56.0,
5e90f424a076c113,historical_cash_flow,historical_600_unknown_rule,unknown,ZY10,,54,3,1,Short_Loan,short_loan_borrow,finance,conditional_decision,True,"{""principal_wan"": 209, ""term"": 4, ""term_unit"": ""quarter""}",complete,209.0,284.0,申请:4季 209W的短期贷款,observed_history_unknown_rule,src_0bc478da983d,origin data/VPD-OE_Agent_20260709/VPD-OE_Agent/data/raw/ZY/ZY10.xls,现金流量表,57.0,
e9291ee0af92e07c,historical_cash_flow,historical_600_unknown_rule,unknown,ZY10,,55,3,1,Pay_Material,material_receipt_payment,procurement,committed_settlement,False,"{""materials"": {""R1"": 1, ""R2"": 6, ""R3"": 4, ""R4"": 4}}",complete,-150.0,134.0,支付原料费 R3:4 R4:4 R1:1 R2:6,observed_history_unknown_rule,src_0bc478da983d,origin data/VPD-OE_Agent_20260709/VPD-OE_Agent/data/raw/ZY/ZY10.xls,现金流量表,58.0,
8f3cbd03f2a50aa8,historical_cash_flow,historical_600_unknown_rule,unknown,ZY10,,56,3,1,Buy_Material,material_order,procurement,direct_decision,True,"{""materials"": {""R1"": 1, ""R2"": 6, ""R3"": 4, ""R4"": 4}}",complete,0.0,134.0,订购原料 R1:1 R2:6 R3:4 R4:4,observed_history_unknown_rule,src_0bc478da983d,origin data/VPD-OE_Agent_20260709/VPD-OE_Agent/data/raw/ZY/ZY10.xls,现金流量表,59.0,
8ccc0f9bcb425a95,historical_cash_flow,historical_600_unknown_rule,unknown,ZY10,,57,3,1,Product_Produce,production,production,direct_decision,True,"{""line_assignments"": [{""line_instance_id"": 169, ""product_id"": ""P3""}, {""line_instance_id"": 170, ""product_id"": ""P4""}, {""line_instance_id"": 171, ""product_id"": ""P4""}, {""line_instance_id"": 172, ""product_id"": ""P4""}]}",complete,-40.0,94.0,169:P3 170:P4 171:P4 172:P4,observed_history_unknown_rule,src_0bc478da983d,origin data/VPD-OE_Agent_20260709/VPD-OE_Agent/data/raw/ZY/ZY10.xls,现金流量表,60.0,
7c45ec6af76492fe,historical_cash_flow,historical_600_unknown_rule,unknown,ZY10,,58,3,1,Update_Receivable,receivable_maturity,receivable,automatic_settlement,False,{},not_applicable,201.0,295.0,更新应收款,observed_history_unknown_rule,src_0bc478da983d,origin data/VPD-OE_Agent_20260709/VPD-OE_Agent/data/raw/ZY/ZY10.xls,现金流量表,61.0,
8b4c2bb9c82331ad,historical_cash_flow,historical_600_unknown_rule,unknown,ZY10,,59,3,1,Renew_Workshop,factory_rent_renewal,capacity,conditional_decision,True,{},not_applicable,-40.0,255.0,厂房续租,observed_history_unknown_rule,src_0bc478da983d,origin data/VPD-OE_Agent_20260709/VPD-OE_Agent/data/raw/ZY/ZY10.xls,现金流量表,62.0,
04490e3a330f5d3b,historical_cash_flow,historical_600_unknown_rule,unknown,ZY10,,60,3,1,Pay_Overhaul,administrative_fee,period_close,automatic_settlement,False,{},not_applicable,-10.0,245.0,支付行政管理费,observed_history_unknown_rule,src_0bc478da983d,origin data/VPD-OE_Agent_20260709/VPD-OE_Agent/data/raw/ZY/ZY10.xls,现金流量表,63.0,
8c8dfa0962509c8f,historical_cash_flow,historical_600_unknown_rule,unknown,ZY10,,61,3,2,Pay_Short_Loan,short_loan_repayment,finance,committed_settlement,False,{},partial,-219.0,26.0,短贷还本息,observed_history_unknown_rule,src_0bc478da983d,origin data/VPD-OE_Agent_20260709/VPD-OE_Agent/data/raw/ZY/ZY10.xls,现金流量表,64.0,
a37d96ddf46fc16f,historical_cash_flow,historical_600_unknown_rule,unknown,ZY10,,62,3,2,Short_Loan,short_loan_borrow,finance,conditional_decision,True,"{""principal_wan"": 209, ""term"": 4, ""term_unit"": ""quarter""}",complete,209.0,235.0,申请:4季 209W的短期贷款,observed_history_unknown_rule,src_0bc478da983d,origin data/VPD-OE_Agent_20260709/VPD-OE_Agent/data/raw/ZY/ZY10.xls,现金流量表,65.0,
a9bd9226342a5dba,historical_cash_flow,historical_600_unknown_rule,unknown,ZY10,,63,3,2,Pay_Material,material_receipt_payment,procurement,committed_settlement,False,"{""materials"": {""R1"": 1, ""R2"": 6, ""R3"": 4, ""R4"": 4}}",complete,-150.0,85.0,支付原料费 R3:4 R4:4 R1:1 R2:6,observed_history_unknown_rule,src_0bc478da983d,origin data/VPD-OE_Agent_20260709/VPD-OE_Agent/data/raw/ZY/ZY10.xls,现金流量表,66.0,
48017e532c487a1d,historical_cash_flow,historical_600_unknown_rule,unknown,ZY10,,64,3,2,Buy_Material,material_order,procurement,direct_decision,True,"{""materials"": {""R1"": 1, ""R2"": 6, ""R3"": 4, ""R4"": 4}}",complete,0.0,85.0,订购原料 R1:1 R2:6 R3:4 R4:4,observed_history_unknown_rule,src_0bc478da983d,origin data/VPD-OE_Agent_20260709/VPD-OE_Agent/data/raw/ZY/ZY10.xls,现金流量表,67.0,
a29957b35f860a3c,historical_cash_flow,historical_600_unknown_rule,unknown,ZY10,,65,3,2,Product_Produce,production,production,direct_decision,True,"{""line_assignments"": [{""line_instance_id"": 169, ""product_id"": ""P3""}, {""line_instance_id"": 170, ""product_id"": ""P4""}, {""line_instance_id"": 171, ""product_id"": ""P4""}, {""line_instance_id"": 172, ""product_id"": ""P4""}]}",complete,-40.0,45.0,169:P3 170:P4 171:P4 172:P4,observed_history_unknown_rule,src_0bc478da983d,origin data/VPD-OE_Agent_20260709/VPD-OE_Agent/data/raw/ZY/ZY10.xls,现金流量表,68.0,
f1b03c99a5ca9b74,historical_cash_flow,historical_600_unknown_rule,unknown,ZY10,,66,3,2,Update_Receivable,receivable_maturity,receivable,automatic_settlement,False,{},not_applicable,101.0,146.0,更新应收款,observed_history_unknown_rule,src_0bc478da983d,origin data/VPD-OE_Agent_20260709/VPD-OE_Agent/data/raw/ZY/ZY10.xls,现金流量表,69.0,
7a89321896bc6395,historical_cash_flow,historical_600_unknown_rule,unknown,ZY10,,67,3,2,Sell_Product,order_delivery,sales,conditional_decision,True,{},partial,200.0,346.0,订单交货,observed_history_unknown_rule,src_0bc478da983d,origin data/VPD-OE_Agent_20260709/VPD-OE_Agent/data/raw/ZY/ZY10.xls,现金流量表,70.0,
27624d572563465f,historical_cash_flow,historical_600_unknown_rule,unknown,ZY10,,68,3,2,Pay_Overhaul,administrative_fee,period_close,automatic_settlement,False,{},not_applicable,-10.0,336.0,支付行政管理费,observed_history_unknown_rule,src_0bc478da983d,origin data/VPD-OE_Agent_20260709/VPD-OE_Agent/data/raw/ZY/ZY10.xls,现金流量表,71.0,
25fabe759442af99,historical_cash_flow,historical_600_unknown_rule,unknown,ZY10,,69,3,3,Pay_Short_Loan,short_loan_repayment,finance,committed_settlement,False,{},partial,-219.0,117.0,短贷还本息,observed_history_unknown_rule,src_0bc478da983d,origin data/VPD-OE_Agent_20260709/VPD-OE_Agent/data/raw/ZY/ZY10.xls,现金流量表,72.0,
f3b21dee6af8f610,historical_cash_flow,historical_600_unknown_rule,unknown,ZY10,,70,3,3,Short_Loan,short_loan_borrow,finance,conditional_decision,True,"{""principal_wan"": 209, ""term"": 4, ""term_unit"": ""quarter""}",complete,209.0,326.0,申请:4季 209W的短期贷款,observed_history_unknown_rule,src_0bc478da983d,origin data/VPD-OE_Agent_20260709/VPD-OE_Agent/data/raw/ZY/ZY10.xls,现金流量表,73.0,
c9c84fc71bb16c57,historical_cash_flow,historical_600_unknown_rule,unknown,ZY10,,71,3,3,Pay_Material,material_receipt_payment,procurement,committed_settlement,False,"{""materials"": {""R1"": 1, ""R2"": 6, ""R3"": 4, ""R4"": 4}}",complete,-150.0,176.0,支付原料费 R3:4 R4:4 R1:1 R2:6,observed_history_unknown_rule,src_0bc478da983d,origin data/VPD-OE_Agent_20260709/VPD-OE_Agent/data/raw/ZY/ZY10.xls,现金流量表,74.0,
2a1eb3148e9abd86,historical_cash_flow,historical_600_unknown_rule,unknown,ZY10,,72,3,3,Buy_Material,material_order,procurement,direct_decision,True,"{""materials"": {""R1"": 1, ""R2"": 6, ""R3"": 4, ""R4"": 4}}",complete,0.0,176.0,订购原料 R1:1 R2:6 R3:4 R4:4,observed_history_unknown_rule,src_0bc478da983d,origin data/VPD-OE_Agent_20260709/VPD-OE_Agent/data/raw/ZY/ZY10.xls,现金流量表,75.0,
7844abe9d82c4bb1,historical_cash_flow,historical_600_unknown_rule,unknown,ZY10,,73,3,3,Product_Produce,production,production,direct_decision,True,"{""line_assignments"": [{""line_instance_id"": 169, ""product_id"": ""P3""}, {""line_instance_id"": 170, ""product_id"": ""P4""}, {""line_instance_id"": 171, ""product_id"": ""P4""}, {""line_instance_id"": 172, ""product_id"": ""P4""}]}",complete,-40.0,136.0,169:P3 170:P4 171:P4 172:P4,observed_history_unknown_rule,src_0bc478da983d,origin data/VPD-OE_Agent_20260709/VPD-OE_Agent/data/raw/ZY/ZY10.xls,现金流量表,76.0,
7f23104db927df45,historical_cash_flow,historical_600_unknown_rule,unknown,ZY10,,74,3,3,Update_Receivable,receivable_maturity,receivable,automatic_settlement,False,{},not_applicable,985.0,1121.0,更新应收款,observed_history_unknown_rule,src_0bc478da983d,origin data/VPD-OE_Agent_20260709/VPD-OE_Agent/data/raw/ZY/ZY10.xls,现金流量表,77.0,
d5b2b86846140bd9,historical_cash_flow,historical_600_unknown_rule,unknown,ZY10,,75,3,3,Develop_Product,product_development,qualification,direct_decision,True,"{""products"": [""P1"", ""P2""]}",complete,-20.0,1101.0,产品生产资格投资: P1 P2,observed_history_unknown_rule,src_0bc478da983d,origin data/VPD-OE_Agent_20260709/VPD-OE_Agent/data/raw/ZY/ZY10.xls,现金流量表,78.0,
5b9d28aead28370d,historical_cash_flow,historical_600_unknown_rule,unknown,ZY10,,76,3,3,Pay_Overhaul,administrative_fee,period_close,automatic_settlement,False,{},not_applicable,-10.0,1091.0,支付行政管理费,observed_history_unknown_rule,src_0bc478da983d,origin data/VPD-OE_Agent_20260709/VPD-OE_Agent/data/raw/ZY/ZY10.xls,现金流量表,79.0,
6cf8c1829c0e3c11,historical_cash_flow,historical_600_unknown_rule,unknown,ZY10,,77,3,4,Pay_Material,material_receipt_payment,procurement,committed_settlement,False,"{""materials"": {""R1"": 1, ""R2"": 6, ""R3"": 4, ""R4"": 4}}",complete,-150.0,941.0,支付原料费 R3:4 R4:4 R1:1 R2:6,observed_history_unknown_rule,src_0bc478da983d,origin data/VPD-OE_Agent_20260709/VPD-OE_Agent/data/raw/ZY/ZY10.xls,现金流量表,80.0,
9cd4e2a023e18a25,historical_cash_flow,historical_600_unknown_rule,unknown,ZY10,,78,3,4,Buy_Material,material_order,procurement,direct_decision,True,"{""materials"": {""R1"": 1, ""R2"": 6, ""R3"": 4, ""R4"": 4}}",complete,0.0,941.0,订购原料 R1:1 R2:6 R3:4 R4:4,observed_history_unknown_rule,src_0bc478da983d,origin data/VPD-OE_Agent_20260709/VPD-OE_Agent/data/raw/ZY/ZY10.xls,现金流量表,81.0,
d6d9cf106725b0ac,historical_cash_flow,historical_600_unknown_rule,unknown,ZY10,,79,3,4,Product_Produce,production,production,direct_decision,True,"{""line_assignments"": [{""line_instance_id"": 169, ""product_id"": ""P3""}, {""line_instance_id"": 170, ""product_id"": ""P4""}, {""line_instance_id"": 171, ""product_id"": ""P4""}, {""line_instance_id"": 172, ""product_id"": ""P4""}]}",complete,-40.0,901.0,169:P3 170:P4 171:P4 172:P4,observed_history_unknown_rule,src_0bc478da983d,origin data/VPD-OE_Agent_20260709/VPD-OE_Agent/data/raw/ZY/ZY10.xls,现金流量表,82.0,
348da1a1f94ea8c7,historical_cash_flow,historical_600_unknown_rule,unknown,ZY10,,80,3,4,Develop_Product,product_development,qualification,direct_decision,True,"{""products"": [""P1"", ""P2""]}",complete,-20.0,881.0,产品生产资格投资: P1 P2,observed_history_unknown_rule,src_0bc478da983d,origin data/VPD-OE_Agent_20260709/VPD-OE_Agent/data/raw/ZY/ZY10.xls,现金流量表,83.0,
bf697907b4887b9d,historical_cash_flow,historical_600_unknown_rule,unknown,ZY10,,81,3,4,Develop_Market,market_development,qualification,direct_decision,True,"{""markets"": [""亚洲"", ""国际""]}",complete,-20.0,861.0,"市场开拓资格投资,开发项目:亚洲 国际",observed_history_unknown_rule,src_0bc478da983d,origin data/VPD-OE_Agent_20260709/VPD-OE_Agent/data/raw/ZY/ZY10.xls,现金流量表,84.0,
e93ec7d3f97d58d5,historical_cash_flow,historical_600_unknown_rule,unknown,ZY10,,82,3,4,Pay_Overhaul,administrative_fee,period_close,automatic_settlement,False,{},not_applicable,-10.0,851.0,支付行政管理费,observed_history_unknown_rule,src_0bc478da983d,origin data/VPD-OE_Agent_20260709/VPD-OE_Agent/data/raw/ZY/ZY10.xls,现金流量表,85.0,
eb15ed4c973f5240,historical_cash_flow,historical_600_unknown_rule,unknown,ZY10,,83,3,4,Pay_Maintenance,maintenance,period_close,automatic_settlement,False,{},not_applicable,-40.0,811.0,支付维护费,observed_history_unknown_rule,src_0bc478da983d,origin data/VPD-OE_Agent_20260709/VPD-OE_Agent/data/raw/ZY/ZY10.xls,现金流量表,86.0,
0335fa405c9f61a6,historical_cash_flow,historical_600_unknown_rule,unknown,ZY10,,84,4,1,Pay_Tax,tax_payment,period_close,automatic_settlement,False,{},not_applicable,-6.0,805.0,支付上一年税金,observed_history_unknown_rule,src_0bc478da983d,origin data/VPD-OE_Agent_20260709/VPD-OE_Agent/data/raw/ZY/ZY10.xls,现金流量表,87.0,
a81f10ec65ed8d20,historical_cash_flow,historical_600_unknown_rule,unknown,ZY10,,85,4,1,Pay_Long_Loan,long_loan_repayment,finance,committed_settlement,False,{},partial,-60.0,745.0,支付长贷本息,observed_history_unknown_rule,src_0bc478da983d,origin data/VPD-OE_Agent_20260709/VPD-OE_Agent/data/raw/ZY/ZY10.xls,现金流量表,88.0,
81a3791407929fcb,historical_cash_flow,historical_600_unknown_rule,unknown,ZY10,,86,4,1,Pay_AD,advertising,sales,direct_decision,True,{},partial,-111.0,634.0,广告投放,observed_history_unknown_rule,src_0bc478da983d,origin data/VPD-OE_Agent_20260709/VPD-OE_Agent/data/raw/ZY/ZY10.xls,现金流量表,89.0,
b4a2eaec5aee1212,historical_cash_flow,historical_600_unknown_rule,unknown,ZY10,,87,4,1,Pay_Short_Loan,short_loan_repayment,finance,committed_settlement,False,{},partial,-219.0,415.0,短贷还本息,observed_history_unknown_rule,src_0bc478da983d,origin data/VPD-OE_Agent_20260709/VPD-OE_Agent/data/raw/ZY/ZY10.xls,现金流量表,90.0,
80e543ad09496b42,historical_cash_flow,historical_600_unknown_rule,unknown,ZY10,,88,4,1,Short_Loan,short_loan_borrow,finance,conditional_decision,True,"{""principal_wan"": 209, ""term"": 4, ""term_unit"": ""quarter""}",complete,209.0,624.0,申请:4季 209W的短期贷款,observed_history_unknown_rule,src_0bc478da983d,origin data/VPD-OE_Agent_20260709/VPD-OE_Agent/data/raw/ZY/ZY10.xls,现金流量表,91.0,
cdb7ff2a669d02bf,historical_cash_flow,historical_600_unknown_rule,unknown,ZY10,,89,4,1,Pay_Material,material_receipt_payment,procurement,committed_settlement,False,"{""materials"": {""R1"": 1, ""R2"": 6, ""R3"": 4, ""R4"": 4}}",complete,-150.0,474.0,支付原料费 R3:4 R4:4 R1:1 R2:6,observed_history_unknown_rule,src_0bc478da983d,origin data/VPD-OE_Agent_20260709/VPD-OE_Agent/data/raw/ZY/ZY10.xls,现金流量表,92.0,
92a8fe5fa08c965b,historical_cash_flow,historical_600_unknown_rule,unknown,ZY10,,90,4,1,Buy_Material,material_order,procurement,direct_decision,True,"{""materials"": {""R1"": 4, ""R2"": 6, ""R3"": 4, ""R4"": 4}}",complete,0.0,474.0,订购原料 R1:4 R2:6 R3:4 R4:4,observed_history_unknown_rule,src_0bc478da983d,origin data/VPD-OE_Agent_20260709/VPD-OE_Agent/data/raw/ZY/ZY10.xls,现金流量表,93.0,
904dca96cb7ba937,historical_cash_flow,historical_600_unknown_rule,unknown,ZY10,,91,4,1,Product_Produce,production,production,direct_decision,True,"{""line_assignments"": [{""line_instance_id"": 169, ""product_id"": ""P3""}, {""line_instance_id"": 170, ""product_id"": ""P4""}, {""line_instance_id"": 171, ""product_id"": ""P4""}, {""line_instance_id"": 172, ""product_id"": ""P4""}]}",complete,-40.0,434.0,169:P3 170:P4 171:P4 172:P4,observed_history_unknown_rule,src_0bc478da983d,origin data/VPD-OE_Agent_20260709/VPD-OE_Agent/data/raw/ZY/ZY10.xls,现金流量表,94.0,
4d4b139fae398550,historical_cash_flow,historical_600_unknown_rule,unknown,ZY10,,92,4,1,Renew_Workshop,factory_rent_renewal,capacity,conditional_decision,True,{},not_applicable,-40.0,394.0,厂房续租,observed_history_unknown_rule,src_0bc478da983d,origin data/VPD-OE_Agent_20260709/VPD-OE_Agent/data/raw/ZY/ZY10.xls,现金流量表,95.0,
f819ffe58796f2ee,historical_cash_flow,historical_600_unknown_rule,unknown,ZY10,,93,4,1,Pay_Overhaul,administrative_fee,period_close,automatic_settlement,False,{},not_applicable,-10.0,384.0,支付行政管理费,observed_history_unknown_rule,src_0bc478da983d,origin data/VPD-OE_Agent_20260709/VPD-OE_Agent/data/raw/ZY/ZY10.xls,现金流量表,96.0,
83888a1619b3c82a,historical_cash_flow,historical_600_unknown_rule,unknown,ZY10,,94,4,2,Pay_Short_Loan,short_loan_repayment,finance,committed_settlement,False,{},partial,-219.0,165.0,短贷还本息,observed_history_unknown_rule,src_0bc478da983d,origin data/VPD-OE_Agent_20260709/VPD-OE_Agent/data/raw/ZY/ZY10.xls,现金流量表,97.0,
d89d1901d3163788,historical_cash_flow,historical_600_unknown_rule,unknown,ZY10,,95,4,2,Short_Loan,short_loan_borrow,finance,conditional_decision,True,"{""principal_wan"": 709, ""term"": 4, ""term_unit"": ""quarter""}",complete,709.0,874.0,申请:4季 709W的短期贷款,observed_history_unknown_rule,src_0bc478da983d,origin data/VPD-OE_Agent_20260709/VPD-OE_Agent/data/raw/ZY/ZY10.xls,现金流量表,98.0,
24c5378a68cd9411,historical_cash_flow,historical_600_unknown_rule,unknown,ZY10,,96,4,2,Pay_Material,material_receipt_payment,procurement,committed_settlement,False,"{""materials"": {""R1"": 4, ""R2"": 6, ""R3"": 4, ""R4"": 4}}",complete,-180.0,694.0,支付原料费 R3:4 R4:4 R1:4 R2:6,observed_history_unknown_rule,src_0bc478da983d,origin data/VPD-OE_Agent_20260709/VPD-OE_Agent/data/raw/ZY/ZY10.xls,现金流量表,99.0,
7174fb667c611084,historical_cash_flow,historical_600_unknown_rule,unknown,ZY10,,97,4,2,Buy_Material,material_order,procurement,direct_decision,True,"{""materials"": {""R1"": 1, ""R2"": 6, ""R3"": 4, ""R4"": 4}}",complete,0.0,694.0,订购原料 R1:1 R2:6 R3:4 R4:4,observed_history_unknown_rule,src_0bc478da983d,origin data/VPD-OE_Agent_20260709/VPD-OE_Agent/data/raw/ZY/ZY10.xls,现金流量表,100.0,
256c936f59f4e35b,historical_cash_flow,historical_600_unknown_rule,unknown,ZY10,,98,4,2,Rent_Workshop,factory_rent,capacity,direct_decision,True,"{""factory_type"": ""小厂房""}",complete,-30.0,664.0,租用[小厂房],observed_history_unknown_rule,src_0bc478da983d,origin data/VPD-OE_Agent_20260709/VPD-OE_Agent/data/raw/ZY/ZY10.xls,现金流量表,101.0,
0714c37f5125a70e,historical_cash_flow,historical_600_unknown_rule,unknown,ZY10,,99,4,2,Buy_ProductLine,production_line_order,capacity,direct_decision,True,"{""line_type"": ""手工线"", ""product_id"": ""P1""}",complete,-50.0,614.0,订购[手工线]生产[P1],observed_history_unknown_rule,src_0bc478da983d,origin data/VPD-OE_Agent_20260709/VPD-OE_Agent/data/raw/ZY/ZY10.xls,现金流量表,102.0,
0fad98f9d58abed8,historical_cash_flow,historical_600_unknown_rule,unknown,ZY10,,100,4,2,Buy_ProductLine,production_line_order,capacity,direct_decision,True,"{""line_type"": ""手工线"", ""product_id"": ""P1""}",complete,-50.0,564.0,订购[手工线]生产[P1],observed_history_unknown_rule,src_0bc478da983d,origin data/VPD-OE_Agent_20260709/VPD-OE_Agent/data/raw/ZY/ZY10.xls,现金流量表,103.0,
4fde3fdf3be84166,historical_cash_flow,historical_600_unknown_rule,unknown,ZY10,,101,4,2,Buy_ProductLine,production_line_order,capacity,direct_decision,True,"{""line_type"": ""手工线"", ""product_id"": ""P1""}",complete,-50.0,514.0,订购[手工线]生产[P1],observed_history_unknown_rule,src_0bc478da983d,origin data/VPD-OE_Agent_20260709/VPD-OE_Agent/data/raw/ZY/ZY10.xls,现金流量表,104.0,
a7d4272e5f3d6194,historical_cash_flow,historical_600_unknown_rule,unknown,ZY10,,102,4,2,Product_Produce,production,production,direct_decision,True,"{""line_assignments"": [{""line_instance_id"": 169, ""product_id"": ""P3""}, {""line_instance_id"": 170, ""product_id"": ""P4""}, {""line_instance_id"": 171, ""product_id"": ""P4""}, {""line_instance_id"": 172, ""product_id"": ""P4""}, {""line_instance_id"": 236, ""product_id"": ""P1""}, {""line_instance_id"": 237, ""product_id"": ""P1""}, {""line_instance_id"": 238, ""product_id"": ""P1""}]}",complete,-70.0,444.0,169:P3 170:P4 171:P4 172:P4 236:P1 237:P1 238:P1,observed_history_unknown_rule,src_0bc478da983d,origin data/VPD-OE_Agent_20260709/VPD-OE_Agent/data/raw/ZY/ZY10.xls,现金流量表,105.0,
ad4472992eee5a16,historical_cash_flow,historical_600_unknown_rule,unknown,ZY10,,103,4,2,Pay_Overhaul,administrative_fee,period_close,automatic_settlement,False,{},not_applicable,-10.0,434.0,支付行政管理费,observed_history_unknown_rule,src_0bc478da983d,origin data/VPD-OE_Agent_20260709/VPD-OE_Agent/data/raw/ZY/ZY10.xls,现金流量表,106.0,
d22273453d11e43b,historical_cash_flow,historical_600_unknown_rule,unknown,ZY10,,104,4,3,Pay_Short_Loan,short_loan_repayment,finance,committed_settlement,False,{},partial,-219.0,215.0,短贷还本息,observed_history_unknown_rule,src_0bc478da983d,origin data/VPD-OE_Agent_20260709/VPD-OE_Agent/data/raw/ZY/ZY10.xls,现金流量表,107.0,
51c6c2324d2043b7,historical_cash_flow,historical_600_unknown_rule,unknown,ZY10,,105,4,3,Pay_Material,material_receipt_payment,procurement,committed_settlement,False,"{""materials"": {""R1"": 1, ""R2"": 6, ""R3"": 4, ""R4"": 4}}",complete,-150.0,65.0,支付原料费 R3:4 R4:4 R1:1 R2:6,observed_history_unknown_rule,src_0bc478da983d,origin data/VPD-OE_Agent_20260709/VPD-OE_Agent/data/raw/ZY/ZY10.xls,现金流量表,108.0,
4639596261e431c0,historical_cash_flow,historical_600_unknown_rule,unknown,ZY10,,106,4,3,Product_Produce,production,production,direct_decision,True,"{""line_assignments"": [{""line_instance_id"": 169, ""product_id"": ""P3""}, {""line_instance_id"": 170, ""product_id"": ""P4""}, {""line_instance_id"": 171, ""product_id"": ""P4""}, {""line_instance_id"": 172, ""product_id"": ""P4""}]}",complete,-40.0,25.0,169:P3 170:P4 171:P4 172:P4,observed_history_unknown_rule,src_0bc478da983d,origin data/VPD-OE_Agent_20260709/VPD-OE_Agent/data/raw/ZY/ZY10.xls,现金流量表,109.0,
7517f7ac8da24ff4,historical_cash_flow,historical_600_unknown_rule,unknown,ZY10,,107,4,3,Buy_Material,material_order,procurement,direct_decision,True,"{""materials"": {""R1"": 1, ""R2"": 6, ""R3"": 7, ""R4"": 7}}",complete,0.0,25.0,订购原料 R1:1 R2:6 R3:7 R4:7,observed_history_unknown_rule,src_0bc478da983d,origin data/VPD-OE_Agent_20260709/VPD-OE_Agent/data/raw/ZY/ZY10.xls,现金流量表,110.0,
128b8b6a5f3188e8,historical_cash_flow,historical_600_unknown_rule,unknown,ZY10,,108,4,3,Update_Receivable,receivable_maturity,receivable,automatic_settlement,False,{},not_applicable,762.0,787.0,更新应收款,observed_history_unknown_rule,src_0bc478da983d,origin data/VPD-OE_Agent_20260709/VPD-OE_Agent/data/raw/ZY/ZY10.xls,现金流量表,111.0,
dbb155560fee4c7f,historical_cash_flow,historical_600_unknown_rule,unknown,ZY10,,109,4,3,Pay_Overhaul,administrative_fee,period_close,automatic_settlement,False,{},not_applicable,-10.0,777.0,支付行政管理费,observed_history_unknown_rule,src_0bc478da983d,origin data/VPD-OE_Agent_20260709/VPD-OE_Agent/data/raw/ZY/ZY10.xls,现金流量表,112.0,
1e3f47262a323ab3,historical_cash_flow,historical_600_unknown_rule,unknown,ZY10,,110,4,4,Pay_Material,material_receipt_payment,procurement,committed_settlement,False,"{""materials"": {""R1"": 1, ""R2"": 6, ""R3"": 4, ""R4"": 4}}",complete,-150.0,627.0,支付原料费 R3:4 R4:4 R1:1 R2:6,observed_history_unknown_rule,src_0bc478da983d,origin data/VPD-OE_Agent_20260709/VPD-OE_Agent/data/raw/ZY/ZY10.xls,现金流量表,113.0,
243471db8cb39c5f,historical_cash_flow,historical_600_unknown_rule,unknown,ZY10,,111,4,4,Buy_Material,material_order,procurement,direct_decision,True,"{""materials"": {""R1"": 7, ""R2"": 6, ""R3"": 4, ""R4"": 4}}",complete,0.0,627.0,订购原料 R1:7 R2:6 R3:4 R4:4,observed_history_unknown_rule,src_0bc478da983d,origin data/VPD-OE_Agent_20260709/VPD-OE_Agent/data/raw/ZY/ZY10.xls,现金流量表,114.0,
cf5aa1b5ed47c7a1,historical_cash_flow,historical_600_unknown_rule,unknown,ZY10,,112,4,4,Product_Produce,production,production,direct_decision,True,"{""line_assignments"": [{""line_instance_id"": 169, ""product_id"": ""P3""}, {""line_instance_id"": 170, ""product_id"": ""P4""}, {""line_instance_id"": 171, ""product_id"": ""P4""}, {""line_instance_id"": 172, ""product_id"": ""P4""}]}",complete,-40.0,587.0,169:P3 170:P4 171:P4 172:P4,observed_history_unknown_rule,src_0bc478da983d,origin data/VPD-OE_Agent_20260709/VPD-OE_Agent/data/raw/ZY/ZY10.xls,现金流量表,115.0,
8c2ff2f746b1f797,historical_cash_flow,historical_600_unknown_rule,unknown,ZY10,,113,4,4,Update_Receivable,receivable_maturity,receivable,automatic_settlement,False,{},not_applicable,502.0,1089.0,更新应收款,observed_history_unknown_rule,src_0bc478da983d,origin data/VPD-OE_Agent_20260709/VPD-OE_Agent/data/raw/ZY/ZY10.xls,现金流量表,116.0,
a9441a0626044004,historical_cash_flow,historical_600_unknown_rule,unknown,ZY10,,114,4,4,Develop_Market,market_development,qualification,direct_decision,True,"{""markets"": [""国际""]}",complete,-10.0,1079.0,"市场开拓资格投资,开发项目:国际",observed_history_unknown_rule,src_0bc478da983d,origin data/VPD-OE_Agent_20260709/VPD-OE_Agent/data/raw/ZY/ZY10.xls,现金流量表,117.0,
fe855788b1529cd6,historical_cash_flow,historical_600_unknown_rule,unknown,ZY10,,115,4,4,Develop_Product,product_development,qualification,direct_decision,True,"{""products"": [""P2""]}",complete,-10.0,1069.0,产品生产资格投资: P2,observed_history_unknown_rule,src_0bc478da983d,origin data/VPD-OE_Agent_20260709/VPD-OE_Agent/data/raw/ZY/ZY10.xls,现金流量表,118.0,
cc6b53f836819a14,historical_cash_flow,historical_600_unknown_rule,unknown,ZY10,,116,4,4,Pay_Overhaul,administrative_fee,period_close,automatic_settlement,False,{},not_applicable,-10.0,1059.0,支付行政管理费,observed_history_unknown_rule,src_0bc478da983d,origin data/VPD-OE_Agent_20260709/VPD-OE_Agent/data/raw/ZY/ZY10.xls,现金流量表,119.0,
ccb845e75b327bf4,historical_cash_flow,historical_600_unknown_rule,unknown,ZY10,,117,4,4,Pay_Maintenance,maintenance,period_close,automatic_settlement,False,{},not_applicable,-70.0,989.0,支付维护费,observed_history_unknown_rule,src_0bc478da983d,origin data/VPD-OE_Agent_20260709/VPD-OE_Agent/data/raw/ZY/ZY10.xls,现金流量表,120.0,
e941eb151272fe6a,historical_cash_flow,historical_600_unknown_rule,unknown,ZY10,,118,5,1,Pay_Tax,tax_payment,period_close,automatic_settlement,False,{},not_applicable,-120.0,869.0,支付上一年税金,observed_history_unknown_rule,src_0bc478da983d,origin data/VPD-OE_Agent_20260709/VPD-OE_Agent/data/raw/ZY/ZY10.xls,现金流量表,121.0,
1edceb5015d80fe2,historical_cash_flow,historical_600_unknown_rule,unknown,ZY10,,119,5,1,Pay_Long_Loan,long_loan_repayment,finance,committed_settlement,False,{},partial,-60.0,809.0,支付长贷本息,observed_history_unknown_rule,src_0bc478da983d,origin data/VPD-OE_Agent_20260709/VPD-OE_Agent/data/raw/ZY/ZY10.xls,现金流量表,122.0,
510d0bcc2e7381ab,historical_cash_flow,historical_600_unknown_rule,unknown,ZY10,,120,5,1,Pay_AD,advertising,sales,direct_decision,True,{},partial,-133.0,676.0,广告投放,observed_history_unknown_rule,src_0bc478da983d,origin data/VPD-OE_Agent_20260709/VPD-OE_Agent/data/raw/ZY/ZY10.xls,现金流量表,123.0,
e6ed7cac6a230ccc,historical_cash_flow,historical_600_unknown_rule,unknown,ZY10,,121,5,1,Auction_Win,order_award,sales,external_outcome,False,"{""order_id"": ""J53-0028""}",complete,-10.0,666.0,竞单成功，获得订单:J53-0028,observed_history_unknown_rule,src_0bc478da983d,origin data/VPD-OE_Agent_20260709/VPD-OE_Agent/data/raw/ZY/ZY10.xls,现金流量表,124.0,
b515bb37fef3b2ea,historical_cash_flow,historical_600_unknown_rule,unknown,ZY10,,122,5,1,Auction_Win,order_award,sales,external_outcome,False,"{""order_id"": ""J54-0039""}",complete,-10.0,656.0,竞单成功，获得订单:J54-0039,observed_history_unknown_rule,src_0bc478da983d,origin data/VPD-OE_Agent_20260709/VPD-OE_Agent/data/raw/ZY/ZY10.xls,现金流量表,125.0,
b7f5cff0e661bceb,historical_cash_flow,historical_600_unknown_rule,unknown,ZY10,,123,5,1,Long_Loan,long_loan_borrow,finance,conditional_decision,True,"{""principal_wan"": 1427, ""term"": 5, ""term_unit"": ""year""}",complete,1427.0,2083.0,申请:5年 1427W的长期贷款,observed_history_unknown_rule,src_0bc478da983d,origin data/VPD-OE_Agent_20260709/VPD-OE_Agent/data/raw/ZY/ZY10.xls,现金流量表,126.0,
5d4bfed1afddf716,historical_cash_flow,historical_600_unknown_rule,unknown,ZY10,,124,5,1,Pay_Short_Loan,short_loan_repayment,finance,committed_settlement,False,{},partial,-219.0,1864.0,短贷还本息,observed_history_unknown_rule,src_0bc478da983d,origin data/VPD-OE_Agent_20260709/VPD-OE_Agent/data/raw/ZY/ZY10.xls,现金流量表,127.0,
9115eb29d00c1e03,historical_cash_flow,historical_600_unknown_rule,unknown,ZY10,,125,5,1,Pay_Material,material_receipt_payment,procurement,committed_settlement,False,"{""materials"": {""R1"": 7, ""R2"": 6, ""R3"": 7, ""R4"": 7}}",complete,-270.0,1594.0,支付原料费 R3:7 R4:7 R1:7 R2:6,observed_history_unknown_rule,src_0bc478da983d,origin data/VPD-OE_Agent_20260709/VPD-OE_Agent/data/raw/ZY/ZY10.xls,现金流量表,128.0,
d898ff5d4f544baf,historical_cash_flow,historical_600_unknown_rule,unknown,ZY10,,126,5,1,Buy_Material,material_order,procurement,direct_decision,True,"{""materials"": {""R1"": 1, ""R2"": 6, ""R3"": 4, ""R4"": 4}}",complete,0.0,1594.0,订购原料 R1:1 R2:6 R3:4 R4:4,observed_history_unknown_rule,src_0bc478da983d,origin data/VPD-OE_Agent_20260709/VPD-OE_Agent/data/raw/ZY/ZY10.xls,现金流量表,129.0,
cc77f66c3d641040,historical_cash_flow,historical_600_unknown_rule,unknown,ZY10,,127,5,1,Buy_Workshop,factory_purchase,capacity,direct_decision,True,"{""factory_type"": ""小厂房""}",complete,-200.0,1394.0,购买[小厂房],observed_history_unknown_rule,src_0bc478da983d,origin data/VPD-OE_Agent_20260709/VPD-OE_Agent/data/raw/ZY/ZY10.xls,现金流量表,130.0,
f101bfb79a40b1ac,historical_cash_flow,historical_600_unknown_rule,unknown,ZY10,,128,5,1,Buy_ProductLine,production_line_order,capacity,direct_decision,True,"{""line_type"": ""手工线"", ""product_id"": ""P3""}",complete,-50.0,1344.0,订购[手工线]生产[P3],observed_history_unknown_rule,src_0bc478da983d,origin data/VPD-OE_Agent_20260709/VPD-OE_Agent/data/raw/ZY/ZY10.xls,现金流量表,131.0,
6383a38c1f5da7bb,historical_cash_flow,historical_600_unknown_rule,unknown,ZY10,,129,5,1,Buy_ProductLine,production_line_order,capacity,direct_decision,True,"{""line_type"": ""手工线"", ""product_id"": ""P3""}",complete,-50.0,1294.0,订购[手工线]生产[P3],observed_history_unknown_rule,src_0bc478da983d,origin data/VPD-OE_Agent_20260709/VPD-OE_Agent/data/raw/ZY/ZY10.xls,现金流量表,132.0,
7ae988c1dee2da1e,historical_cash_flow,historical_600_unknown_rule,unknown,ZY10,,130,5,1,Buy_ProductLine,production_line_order,capacity,direct_decision,True,"{""line_type"": ""手工线"", ""product_id"": ""P3""}",complete,-50.0,1244.0,订购[手工线]生产[P3],observed_history_unknown_rule,src_0bc478da983d,origin data/VPD-OE_Agent_20260709/VPD-OE_Agent/data/raw/ZY/ZY10.xls,现金流量表,133.0,
b132448be2d32f99,historical_cash_flow,historical_600_unknown_rule,unknown,ZY10,,131,5,1,Product_Produce,production,production,direct_decision,True,"{""line_assignments"": [{""line_instance_id"": 169, ""product_id"": ""P3""}, {""line_instance_id"": 170, ""product_id"": ""P4""}, {""line_instance_id"": 171, ""product_id"": ""P4""}, {""line_instance_id"": 172, ""product_id"": ""P4""}, {""line_instance_id"": 236, ""product_id"": ""P1""}, {""line_instance_id"": 237, ""product_id"": ""P1""}, {""line_instance_id"": 238, ""product_id"": ""P1""}, {""line_instance_id"": 279, ""product_id"": ""P3""}, {""line_instance_id"": 280, ""product_id"": ""P3""}, {""line_instance_id"": 281, ""product_id"": ""P3""}]}",complete,-100.0,1144.0,169:P3 170:P4 171:P4 172:P4 236:P1 237:P1 238:P1 279:P3 280:P3 281:P3,observed_history_unknown_rule,src_0bc478da983d,origin data/VPD-OE_Agent_20260709/VPD-OE_Agent/data/raw/ZY/ZY10.xls,现金流量表,134.0,
f709c16308ccaf91,historical_cash_flow,historical_600_unknown_rule,unknown,ZY10,,132,5,1,RentTOBuy_Workshop,factory_rent_to_buy,capacity,conditional_decision,True,"{""factory_instance_id"": 54, ""factory_type"": ""大厂房""}",complete,-300.0,844.0,大厂房(54)租转买,observed_history_unknown_rule,src_0bc478da983d,origin data/VPD-OE_Agent_20260709/VPD-OE_Agent/data/raw/ZY/ZY10.xls,现金流量表,135.0,
8dbf2e32b566c1d0,historical_cash_flow,historical_600_unknown_rule,unknown,ZY10,,133,5,1,Pay_Overhaul,administrative_fee,period_close,automatic_settlement,False,{},not_applicable,-10.0,834.0,支付行政管理费,observed_history_unknown_rule,src_0bc478da983d,origin data/VPD-OE_Agent_20260709/VPD-OE_Agent/data/raw/ZY/ZY10.xls,现金流量表,136.0,
0314105b264e92f9,historical_cash_flow,historical_600_unknown_rule,unknown,ZY10,,134,5,2,Pay_Short_Loan,short_loan_repayment,finance,committed_settlement,False,{},partial,-744.0,90.0,短贷还本息,observed_history_unknown_rule,src_0bc478da983d,origin data/VPD-OE_Agent_20260709/VPD-OE_Agent/data/raw/ZY/ZY10.xls,现金流量表,137.0,
16914d4b436e5a44,historical_cash_flow,historical_600_unknown_rule,unknown,ZY10,,135,5,2,Short_Loan,short_loan_borrow,finance,conditional_decision,True,"{""principal_wan"": 918, ""term"": 4, ""term_unit"": ""quarter""}",complete,918.0,1008.0,申请:4季 918W的短期贷款,observed_history_unknown_rule,src_0bc478da983d,origin data/VPD-OE_Agent_20260709/VPD-OE_Agent/data/raw/ZY/ZY10.xls,现金流量表,138.0,
0f62eaafeb8c573e,historical_cash_flow,historical_600_unknown_rule,unknown,ZY10,,136,5,2,Pay_Material,material_receipt_payment,procurement,committed_settlement,False,"{""materials"": {""R1"": 1, ""R2"": 6, ""R3"": 4, ""R4"": 4}}",complete,-150.0,858.0,支付原料费 R3:4 R4:4 R1:1 R2:6,observed_history_unknown_rule,src_0bc478da983d,origin data/VPD-OE_Agent_20260709/VPD-OE_Agent/data/raw/ZY/ZY10.xls,现金流量表,139.0,
dd92ee02625a8b49,historical_cash_flow,historical_600_unknown_rule,unknown,ZY10,,137,5,2,Buy_Material,material_order,procurement,direct_decision,True,"{""materials"": {""R1"": 1, ""R2"": 6, ""R3"": 4, ""R4"": 4}}",complete,0.0,858.0,订购原料 R1:1 R2:6 R3:4 R4:4,observed_history_unknown_rule,src_0bc478da983d,origin data/VPD-OE_Agent_20260709/VPD-OE_Agent/data/raw/ZY/ZY10.xls,现金流量表,140.0,
8970eb6a1e7d2ad0,historical_cash_flow,historical_600_unknown_rule,unknown,ZY10,,138,5,2,Buy_Workshop,factory_purchase,capacity,direct_decision,True,"{""factory_type"": ""大厂房""}",complete,-300.0,558.0,购买[大厂房],observed_history_unknown_rule,src_0bc478da983d,origin data/VPD-OE_Agent_20260709/VPD-OE_Agent/data/raw/ZY/ZY10.xls,现金流量表,141.0,
479a8e64422f8875,historical_cash_flow,historical_600_unknown_rule,unknown,ZY10,,139,5,2,Product_Produce,production,production,direct_decision,True,"{""line_assignments"": [{""line_instance_id"": 169, ""product_id"": ""P3""}, {""line_instance_id"": 170, ""product_id"": ""P4""}, {""line_instance_id"": 171, ""product_id"": ""P4""}, {""line_instance_id"": 172, ""product_id"": ""P4""}]}",complete,-40.0,518.0,169:P3 170:P4 171:P4 172:P4,observed_history_unknown_rule,src_0bc478da983d,origin data/VPD-OE_Agent_20260709/VPD-OE_Agent/data/raw/ZY/ZY10.xls,现金流量表,142.0,
aa277d115c60d1bc,historical_cash_flow,historical_600_unknown_rule,unknown,ZY10,,140,5,2,Update_Receivable,receivable_maturity,receivable,automatic_settlement,False,{},not_applicable,1086.0,1604.0,更新应收款,observed_history_unknown_rule,src_0bc478da983d,origin data/VPD-OE_Agent_20260709/VPD-OE_Agent/data/raw/ZY/ZY10.xls,现金流量表,143.0,
99be73a4ae078623,historical_cash_flow,historical_600_unknown_rule,unknown,ZY10,,141,5,2,RentTOBuy_Workshop,factory_rent_to_buy,capacity,conditional_decision,True,"{""factory_instance_id"": 74, ""factory_type"": ""小厂房""}",complete,-200.0,1404.0,小厂房(74)租转买,observed_history_unknown_rule,src_0bc478da983d,origin data/VPD-OE_Agent_20260709/VPD-OE_Agent/data/raw/ZY/ZY10.xls,现金流量表,144.0,
5dbc665089069d89,historical_cash_flow,historical_600_unknown_rule,unknown,ZY10,,142,5,2,Pay_Overhaul,administrative_fee,period_close,automatic_settlement,False,{},not_applicable,-10.0,1394.0,支付行政管理费,observed_history_unknown_rule,src_0bc478da983d,origin data/VPD-OE_Agent_20260709/VPD-OE_Agent/data/raw/ZY/ZY10.xls,现金流量表,145.0,
9cc11246acbfcb39,historical_cash_flow,historical_600_unknown_rule,unknown,ZY10,,143,5,3,Pay_Material,material_receipt_payment,procurement,committed_settlement,False,"{""materials"": {""R1"": 1, ""R2"": 6, ""R3"": 4, ""R4"": 4}}",complete,-150.0,1244.0,支付原料费 R3:4 R4:4 R1:1 R2:6,observed_history_unknown_rule,src_0bc478da983d,origin data/VPD-OE_Agent_20260709/VPD-OE_Agent/data/raw/ZY/ZY10.xls,现金流量表,146.0,
af5c4409ff06de52,historical_cash_flow,historical_600_unknown_rule,unknown,ZY10,,144,5,3,Product_Produce,production,production,direct_decision,True,"{""line_assignments"": [{""line_instance_id"": 169, ""product_id"": ""P3""}, {""line_instance_id"": 170, ""product_id"": ""P4""}, {""line_instance_id"": 171, ""product_id"": ""P4""}, {""line_instance_id"": 172, ""product_id"": ""P4""}]}",complete,-40.0,1204.0,169:P3 170:P4 171:P4 172:P4,observed_history_unknown_rule,src_0bc478da983d,origin data/VPD-OE_Agent_20260709/VPD-OE_Agent/data/raw/ZY/ZY10.xls,现金流量表,147.0,
6aff0905a6be032d,historical_cash_flow,historical_600_unknown_rule,unknown,ZY10,,145,5,3,Buy_ProductLine,production_line_order,capacity,direct_decision,True,"{""line_type"": ""半自动"", ""product_id"": ""P1""}",complete,-100.0,1104.0,订购[半自动]生产[P1],observed_history_unknown_rule,src_0bc478da983d,origin data/VPD-OE_Agent_20260709/VPD-OE_Agent/data/raw/ZY/ZY10.xls,现金流量表,148.0,
58baed33e1005dd1,historical_cash_flow,historical_600_unknown_rule,unknown,ZY10,,146,5,3,Buy_ProductLine,production_line_order,capacity,direct_decision,True,"{""line_type"": ""半自动"", ""product_id"": ""P1""}",complete,-100.0,1004.0,订购[半自动]生产[P1],observed_history_unknown_rule,src_0bc478da983d,origin data/VPD-OE_Agent_20260709/VPD-OE_Agent/data/raw/ZY/ZY10.xls,现金流量表,149.0,
0a39fc405265510a,historical_cash_flow,historical_600_unknown_rule,unknown,ZY10,,147,5,3,Buy_ProductLine,production_line_order,capacity,direct_decision,True,"{""line_type"": ""半自动"", ""product_id"": ""P1""}",complete,-100.0,904.0,订购[半自动]生产[P1],observed_history_unknown_rule,src_0bc478da983d,origin data/VPD-OE_Agent_20260709/VPD-OE_Agent/data/raw/ZY/ZY10.xls,现金流量表,150.0,
a4a80f148cc6176e,historical_cash_flow,historical_600_unknown_rule,unknown,ZY10,,148,5,3,Buy_ProductLine,production_line_order,capacity,direct_decision,True,"{""line_type"": ""半自动"", ""product_id"": ""P1""}",complete,-100.0,804.0,订购[半自动]生产[P1],observed_history_unknown_rule,src_0bc478da983d,origin data/VPD-OE_Agent_20260709/VPD-OE_Agent/data/raw/ZY/ZY10.xls,现金流量表,151.0,
db5d415d915ef106,historical_cash_flow,historical_600_unknown_rule,unknown,ZY10,,149,5,3,Emergency_Buy_Product,emergency_product_purchase,procurement,exception_intervention,True,"{""quantities"": {""P1"": 2, ""P2"": 0, ""P3"": 0, ""P4"": 0}}",complete,-120.0,684.0,"紧急采购产品，数量分别为：2,0,0,0",observed_history_unknown_rule,src_0bc478da983d,origin data/VPD-OE_Agent_20260709/VPD-OE_Agent/data/raw/ZY/ZY10.xls,现金流量表,152.0,
51103f9fac761822,historical_cash_flow,historical_600_unknown_rule,unknown,ZY10,,150,5,3,Update_Receivable,receivable_maturity,receivable,automatic_settlement,False,{},not_applicable,183.0,867.0,更新应收款,observed_history_unknown_rule,src_0bc478da983d,origin data/VPD-OE_Agent_20260709/VPD-OE_Agent/data/raw/ZY/ZY10.xls,现金流量表,153.0,
702c009a511e2ae8,historical_cash_flow,historical_600_unknown_rule,unknown,ZY10,,151,5,3,Pay_Overhaul,administrative_fee,period_close,automatic_settlement,False,{},not_applicable,-10.0,857.0,支付行政管理费,observed_history_unknown_rule,src_0bc478da983d,origin data/VPD-OE_Agent_20260709/VPD-OE_Agent/data/raw/ZY/ZY10.xls,现金流量表,154.0,
0445dd5b72eacbb4,historical_cash_flow,historical_600_unknown_rule,unknown,ZY10,,152,5,4,Pay_Material,material_receipt_payment,procurement,committed_settlement,False,"{""materials"": {""R3"": 4, ""R4"": 4}}",complete,-80.0,777.0,支付原料费 R3:4 R4:4,observed_history_unknown_rule,src_0bc478da983d,origin data/VPD-OE_Agent_20260709/VPD-OE_Agent/data/raw/ZY/ZY10.xls,现金流量表,155.0,
f6d285b716a9df93,historical_cash_flow,historical_600_unknown_rule,unknown,ZY10,,153,5,4,Pay_Overhaul,administrative_fee,period_close,automatic_settlement,False,{},not_applicable,-10.0,767.0,支付行政管理费,observed_history_unknown_rule,src_0bc478da983d,origin data/VPD-OE_Agent_20260709/VPD-OE_Agent/data/raw/ZY/ZY10.xls,现金流量表,156.0,
417e1b251bd69310,historical_cash_flow,historical_600_unknown_rule,unknown,ZY10,,154,5,4,Pay_Maintenance,maintenance,period_close,automatic_settlement,False,{},not_applicable,-140.0,627.0,支付维护费,observed_history_unknown_rule,src_0bc478da983d,origin data/VPD-OE_Agent_20260709/VPD-OE_Agent/data/raw/ZY/ZY10.xls,现金流量表,157.0,
75e5883a26fc53f5,historical_cash_flow,historical_600_unknown_rule,unknown,ZY11,,1,1,1,Pay_Capital,capital_injection,finance,exception_intervention,False,{},not_applicable,600.0,600.0,"公司成立,股东注资",observed_history_unknown_rule,src_1179379453a7,origin data/VPD-OE_Agent_20260709/VPD-OE_Agent/data/raw/ZY/ZY11.xls,现金流量表,4.0,
0e553f1b7f9c18aa,historical_cash_flow,historical_600_unknown_rule,unknown,ZY11,,2,1,1,Develop_Product,product_development,qualification,direct_decision,True,"{""products"": [""P2""]}",complete,-10.0,590.0,产品生产资格投资: P2,observed_history_unknown_rule,src_1179379453a7,origin data/VPD-OE_Agent_20260709/VPD-OE_Agent/data/raw/ZY/ZY11.xls,现金流量表,5.0,
2f32419160df847c,historical_cash_flow,historical_600_unknown_rule,unknown,ZY11,,3,1,1,Pay_Overhaul,administrative_fee,period_close,automatic_settlement,False,{},not_applicable,-10.0,580.0,支付行政管理费,observed_history_unknown_rule,src_1179379453a7,origin data/VPD-OE_Agent_20260709/VPD-OE_Agent/data/raw/ZY/ZY11.xls,现金流量表,6.0,
3e3621371b9ec826,historical_cash_flow,historical_600_unknown_rule,unknown,ZY11,,4,1,2,Short_Loan,short_loan_borrow,finance,conditional_decision,True,"{""principal_wan"": 209, ""term"": 4, ""term_unit"": ""quarter""}",complete,209.0,789.0,申请:4季 209W的短期贷款,observed_history_unknown_rule,src_1179379453a7,origin data/VPD-OE_Agent_20260709/VPD-OE_Agent/data/raw/ZY/ZY11.xls,现金流量表,7.0,
ce6cdf867190b63d,historical_cash_flow,historical_600_unknown_rule,unknown,ZY11,,5,1,2,Rent_Workshop,factory_rent,capacity,direct_decision,True,"{""factory_type"": ""大厂房""}",complete,-40.0,749.0,租用[大厂房],observed_history_unknown_rule,src_1179379453a7,origin data/VPD-OE_Agent_20260709/VPD-OE_Agent/data/raw/ZY/ZY11.xls,现金流量表,8.0,
79d6d8c9b7e6544a,historical_cash_flow,historical_600_unknown_rule,unknown,ZY11,,6,1,2,Buy_ProductLine,production_line_order,capacity,direct_decision,True,"{""line_type"": ""自动线"", ""product_id"": ""P2""}",complete,-50.0,699.0,订购[自动线]生产[P2],observed_history_unknown_rule,src_1179379453a7,origin data/VPD-OE_Agent_20260709/VPD-OE_Agent/data/raw/ZY/ZY11.xls,现金流量表,9.0,
1d0353d4ca31c953,historical_cash_flow,historical_600_unknown_rule,unknown,ZY11,,7,1,2,Buy_ProductLine,production_line_order,capacity,direct_decision,True,"{""line_type"": ""自动线"", ""product_id"": ""P2""}",complete,-50.0,649.0,订购[自动线]生产[P2],observed_history_unknown_rule,src_1179379453a7,origin data/VPD-OE_Agent_20260709/VPD-OE_Agent/data/raw/ZY/ZY11.xls,现金流量表,10.0,
b0e262e50d8161a7,historical_cash_flow,historical_600_unknown_rule,unknown,ZY11,,8,1,2,Buy_ProductLine,production_line_order,capacity,direct_decision,True,"{""line_type"": ""自动线"", ""product_id"": ""P2""}",complete,-50.0,599.0,订购[自动线]生产[P2],observed_history_unknown_rule,src_1179379453a7,origin data/VPD-OE_Agent_20260709/VPD-OE_Agent/data/raw/ZY/ZY11.xls,现金流量表,11.0,
198c012e09f5d2c9,historical_cash_flow,historical_600_unknown_rule,unknown,ZY11,,9,1,2,Develop_Product,product_development,qualification,direct_decision,True,"{""products"": [""P2""]}",complete,-10.0,589.0,产品生产资格投资: P2,observed_history_unknown_rule,src_1179379453a7,origin data/VPD-OE_Agent_20260709/VPD-OE_Agent/data/raw/ZY/ZY11.xls,现金流量表,12.0,
cd5bbc15099048cb,historical_cash_flow,historical_600_unknown_rule,unknown,ZY11,,10,1,2,Pay_Overhaul,administrative_fee,period_close,automatic_settlement,False,{},not_applicable,-10.0,579.0,支付行政管理费,observed_history_unknown_rule,src_1179379453a7,origin data/VPD-OE_Agent_20260709/VPD-OE_Agent/data/raw/ZY/ZY11.xls,现金流量表,13.0,
104ecf40c0196371,historical_cash_flow,historical_600_unknown_rule,unknown,ZY11,,11,1,3,Invest_ProductLine,production_line_investment,capacity,committed_settlement,False,{},partial,-150.0,429.0,投资在建生产线,observed_history_unknown_rule,src_1179379453a7,origin data/VPD-OE_Agent_20260709/VPD-OE_Agent/data/raw/ZY/ZY11.xls,现金流量表,14.0,
44edf4b2ae709522,historical_cash_flow,historical_600_unknown_rule,unknown,ZY11,,12,1,3,Buy_Material,material_order,procurement,direct_decision,True,"{""materials"": {""R3"": 3}}",complete,0.0,429.0,订购原料 R3:3,observed_history_unknown_rule,src_1179379453a7,origin data/VPD-OE_Agent_20260709/VPD-OE_Agent/data/raw/ZY/ZY11.xls,现金流量表,15.0,
a2e906899ce49c27,historical_cash_flow,historical_600_unknown_rule,unknown,ZY11,,13,1,3,Develop_Product,product_development,qualification,direct_decision,True,"{""products"": [""P2""]}",complete,-10.0,419.0,产品生产资格投资: P2,observed_history_unknown_rule,src_1179379453a7,origin data/VPD-OE_Agent_20260709/VPD-OE_Agent/data/raw/ZY/ZY11.xls,现金流量表,16.0,
fcc6cf0bdc58b237,historical_cash_flow,historical_600_unknown_rule,unknown,ZY11,,14,1,3,Pay_Overhaul,administrative_fee,period_close,automatic_settlement,False,{},not_applicable,-10.0,409.0,支付行政管理费,observed_history_unknown_rule,src_1179379453a7,origin data/VPD-OE_Agent_20260709/VPD-OE_Agent/data/raw/ZY/ZY11.xls,现金流量表,17.0,
93cacb34eafa07f0,historical_cash_flow,historical_600_unknown_rule,unknown,ZY11,,15,1,4,Buy_Material,material_order,procurement,direct_decision,True,"{""materials"": {""R2"": 3, ""R3"": 3}}",complete,0.0,409.0,订购原料 R2:3 R3:3,observed_history_unknown_rule,src_1179379453a7,origin data/VPD-OE_Agent_20260709/VPD-OE_Agent/data/raw/ZY/ZY11.xls,现金流量表,18.0,
65c63d60bf49d95a,historical_cash_flow,historical_600_unknown_rule,unknown,ZY11,,16,1,4,Invest_ProductLine,production_line_investment,capacity,committed_settlement,False,{},partial,-150.0,259.0,投资在建生产线,observed_history_unknown_rule,src_1179379453a7,origin data/VPD-OE_Agent_20260709/VPD-OE_Agent/data/raw/ZY/ZY11.xls,现金流量表,19.0,
3b63fab2523ed528,historical_cash_flow,historical_600_unknown_rule,unknown,ZY11,,17,1,4,Develop_ISO,iso_development,qualification,direct_decision,True,"{""certifications"": [""ISO14000"", ""ISO9000""]}",complete,-30.0,229.0,"ISO认证资格投资,开发：ISO9000 ISO14000",observed_history_unknown_rule,src_1179379453a7,origin data/VPD-OE_Agent_20260709/VPD-OE_Agent/data/raw/ZY/ZY11.xls,现金流量表,20.0,
9ced57cc704a3035,historical_cash_flow,historical_600_unknown_rule,unknown,ZY11,,18,1,4,Develop_Market,market_development,qualification,direct_decision,True,"{""markets"": [""本地"", ""区域""]}",complete,-20.0,209.0,"市场开拓资格投资,开发项目:本地 区域",observed_history_unknown_rule,src_1179379453a7,origin data/VPD-OE_Agent_20260709/VPD-OE_Agent/data/raw/ZY/ZY11.xls,现金流量表,21.0,
143400e10aacad06,historical_cash_flow,historical_600_unknown_rule,unknown,ZY11,,19,1,4,Pay_Overhaul,administrative_fee,period_close,automatic_settlement,False,{},not_applicable,-10.0,199.0,支付行政管理费,observed_history_unknown_rule,src_1179379453a7,origin data/VPD-OE_Agent_20260709/VPD-OE_Agent/data/raw/ZY/ZY11.xls,现金流量表,22.0,
ef6c11cf252317b7,historical_cash_flow,historical_600_unknown_rule,unknown,ZY11,,20,2,1,Pay_AD,advertising,sales,direct_decision,True,{},partial,-60.0,139.0,广告投放,observed_history_unknown_rule,src_1179379453a7,origin data/VPD-OE_Agent_20260709/VPD-OE_Agent/data/raw/ZY/ZY11.xls,现金流量表,23.0,
7bf7574f9f4a54c0,historical_cash_flow,historical_600_unknown_rule,unknown,ZY11,,21,2,1,Long_Loan,long_loan_borrow,finance,conditional_decision,True,"{""principal_wan"": 874, ""term"": 5, ""term_unit"": ""year""}",complete,874.0,1013.0,申请:5年 874W的长期贷款,observed_history_unknown_rule,src_1179379453a7,origin data/VPD-OE_Agent_20260709/VPD-OE_Agent/data/raw/ZY/ZY11.xls,现金流量表,24.0,
5525d90dffa64010,historical_cash_flow,historical_600_unknown_rule,unknown,ZY11,,22,2,1,Pay_Material,material_receipt_payment,procurement,committed_settlement,False,"{""materials"": {""R2"": 3, ""R3"": 3}}",complete,-60.0,953.0,支付原料费 R3:3 R2:3,observed_history_unknown_rule,src_1179379453a7,origin data/VPD-OE_Agent_20260709/VPD-OE_Agent/data/raw/ZY/ZY11.xls,现金流量表,25.0,
3cd87ef3c1cd946e,historical_cash_flow,historical_600_unknown_rule,unknown,ZY11,,23,2,1,Buy_Material,material_order,procurement,direct_decision,True,"{""materials"": {""R2"": 3, ""R3"": 3}}",complete,0.0,953.0,订购原料 R2:3 R3:3,observed_history_unknown_rule,src_1179379453a7,origin data/VPD-OE_Agent_20260709/VPD-OE_Agent/data/raw/ZY/ZY11.xls,现金流量表,26.0,
4f847bde54b2051a,historical_cash_flow,historical_600_unknown_rule,unknown,ZY11,,24,2,1,Product_Produce,production,production,direct_decision,True,"{""line_assignments"": [{""line_instance_id"": 188, ""product_id"": ""P2""}, {""line_instance_id"": 189, ""product_id"": ""P2""}, {""line_instance_id"": 190, ""product_id"": ""P2""}]}",complete,-30.0,923.0,188:P2 189:P2 190:P2,observed_history_unknown_rule,src_1179379453a7,origin data/VPD-OE_Agent_20260709/VPD-OE_Agent/data/raw/ZY/ZY11.xls,现金流量表,27.0,
e23e8f1959a437ec,historical_cash_flow,historical_600_unknown_rule,unknown,ZY11,,25,2,1,Pay_Overhaul,administrative_fee,period_close,automatic_settlement,False,{},not_applicable,-10.0,913.0,支付行政管理费,observed_history_unknown_rule,src_1179379453a7,origin data/VPD-OE_Agent_20260709/VPD-OE_Agent/data/raw/ZY/ZY11.xls,现金流量表,28.0,
fdfbaaa758af0918,historical_cash_flow,historical_600_unknown_rule,unknown,ZY11,,26,2,2,Pay_Short_Loan,short_loan_repayment,finance,committed_settlement,False,{},partial,-219.0,694.0,短贷还本息,observed_history_unknown_rule,src_1179379453a7,origin data/VPD-OE_Agent_20260709/VPD-OE_Agent/data/raw/ZY/ZY11.xls,现金流量表,29.0,
5c56739bb8094253,historical_cash_flow,historical_600_unknown_rule,unknown,ZY11,,27,2,2,Pay_Material,material_receipt_payment,procurement,committed_settlement,False,"{""materials"": {""R2"": 3, ""R3"": 3}}",complete,-60.0,634.0,支付原料费 R3:3 R2:3,observed_history_unknown_rule,src_1179379453a7,origin data/VPD-OE_Agent_20260709/VPD-OE_Agent/data/raw/ZY/ZY11.xls,现金流量表,30.0,
2e1a2fda53a1fe2a,historical_cash_flow,historical_600_unknown_rule,unknown,ZY11,,28,2,2,Product_Produce,production,production,direct_decision,True,"{""line_assignments"": [{""line_instance_id"": 188, ""product_id"": ""P2""}, {""line_instance_id"": 189, ""product_id"": ""P2""}, {""line_instance_id"": 190, ""product_id"": ""P2""}]}",complete,-30.0,604.0,188:P2 189:P2 190:P2,observed_history_unknown_rule,src_1179379453a7,origin data/VPD-OE_Agent_20260709/VPD-OE_Agent/data/raw/ZY/ZY11.xls,现金流量表,31.0,
3d85ae47df8c8b30,historical_cash_flow,historical_600_unknown_rule,unknown,ZY11,,29,2,2,Buy_Material,material_order,procurement,direct_decision,True,"{""materials"": {""R2"": 3, ""R3"": 3}}",complete,0.0,604.0,订购原料 R2:3 R3:3,observed_history_unknown_rule,src_1179379453a7,origin data/VPD-OE_Agent_20260709/VPD-OE_Agent/data/raw/ZY/ZY11.xls,现金流量表,32.0,
fdb325b34044f2ff,historical_cash_flow,historical_600_unknown_rule,unknown,ZY11,,30,2,2,Renew_Workshop,factory_rent_renewal,capacity,conditional_decision,True,{},not_applicable,-40.0,564.0,厂房续租,observed_history_unknown_rule,src_1179379453a7,origin data/VPD-OE_Agent_20260709/VPD-OE_Agent/data/raw/ZY/ZY11.xls,现金流量表,33.0,
11f5be0cb0bfebd2,historical_cash_flow,historical_600_unknown_rule,unknown,ZY11,,31,2,2,Pay_Overhaul,administrative_fee,period_close,automatic_settlement,False,{},not_applicable,-10.0,554.0,支付行政管理费,observed_history_unknown_rule,src_1179379453a7,origin data/VPD-OE_Agent_20260709/VPD-OE_Agent/data/raw/ZY/ZY11.xls,现金流量表,34.0,
1e783caa12a59277,historical_cash_flow,historical_600_unknown_rule,unknown,ZY11,,32,2,3,Pay_Material,material_receipt_payment,procurement,committed_settlement,False,"{""materials"": {""R2"": 3, ""R3"": 3}}",complete,-60.0,494.0,支付原料费 R3:3 R2:3,observed_history_unknown_rule,src_1179379453a7,origin data/VPD-OE_Agent_20260709/VPD-OE_Agent/data/raw/ZY/ZY11.xls,现金流量表,35.0,
693c0a75e26e0e7e,historical_cash_flow,historical_600_unknown_rule,unknown,ZY11,,33,2,3,Product_Produce,production,production,direct_decision,True,"{""line_assignments"": [{""line_instance_id"": 188, ""product_id"": ""P2""}, {""line_instance_id"": 189, ""product_id"": ""P2""}, {""line_instance_id"": 190, ""product_id"": ""P2""}]}",complete,-30.0,464.0,188:P2 189:P2 190:P2,observed_history_unknown_rule,src_1179379453a7,origin data/VPD-OE_Agent_20260709/VPD-OE_Agent/data/raw/ZY/ZY11.xls,现金流量表,36.0,
4894e6708bd4d23f,historical_cash_flow,historical_600_unknown_rule,unknown,ZY11,,34,2,3,Buy_Material,material_order,procurement,direct_decision,True,"{""materials"": {""R2"": 3, ""R3"": 3}}",complete,0.0,464.0,订购原料 R2:3 R3:3,observed_history_unknown_rule,src_1179379453a7,origin data/VPD-OE_Agent_20260709/VPD-OE_Agent/data/raw/ZY/ZY11.xls,现金流量表,37.0,
9ed750f9db2415b8,historical_cash_flow,historical_600_unknown_rule,unknown,ZY11,,35,2,3,Pay_Overhaul,administrative_fee,period_close,automatic_settlement,False,{},not_applicable,-10.0,454.0,支付行政管理费,observed_history_unknown_rule,src_1179379453a7,origin data/VPD-OE_Agent_20260709/VPD-OE_Agent/data/raw/ZY/ZY11.xls,现金流量表,38.0,
d9246fe4dc8324b6,historical_cash_flow,historical_600_unknown_rule,unknown,ZY11,,36,2,4,Pay_Material,material_receipt_payment,procurement,committed_settlement,False,"{""materials"": {""R2"": 3, ""R3"": 3}}",complete,-60.0,394.0,支付原料费 R3:3 R2:3,observed_history_unknown_rule,src_1179379453a7,origin data/VPD-OE_Agent_20260709/VPD-OE_Agent/data/raw/ZY/ZY11.xls,现金流量表,39.0,
d006884afbb0717b,historical_cash_flow,historical_600_unknown_rule,unknown,ZY11,,37,2,4,Buy_Material,material_order,procurement,direct_decision,True,"{""materials"": {""R2"": 3, ""R3"": 3}}",complete,0.0,394.0,订购原料 R2:3 R3:3,observed_history_unknown_rule,src_1179379453a7,origin data/VPD-OE_Agent_20260709/VPD-OE_Agent/data/raw/ZY/ZY11.xls,现金流量表,40.0,
4eae66533c1c6e27,historical_cash_flow,historical_600_unknown_rule,unknown,ZY11,,38,2,4,Product_Produce,production,production,direct_decision,True,"{""line_assignments"": [{""line_instance_id"": 188, ""product_id"": ""P2""}, {""line_instance_id"": 189, ""product_id"": ""P2""}, {""line_instance_id"": 190, ""product_id"": ""P2""}]}",complete,-30.0,364.0,188:P2 189:P2 190:P2,observed_history_unknown_rule,src_1179379453a7,origin data/VPD-OE_Agent_20260709/VPD-OE_Agent/data/raw/ZY/ZY11.xls,现金流量表,41.0,
1465b861737683cd,historical_cash_flow,historical_600_unknown_rule,unknown,ZY11,,39,2,4,Update_Receivable,receivable_maturity,receivable,automatic_settlement,False,{},not_applicable,340.0,704.0,更新应收款,observed_history_unknown_rule,src_1179379453a7,origin data/VPD-OE_Agent_20260709/VPD-OE_Agent/data/raw/ZY/ZY11.xls,现金流量表,42.0,
4ca153726950a379,historical_cash_flow,historical_600_unknown_rule,unknown,ZY11,,40,2,4,Develop_ISO,iso_development,qualification,direct_decision,True,"{""certifications"": [""ISO14000"", ""ISO9000""]}",complete,-30.0,674.0,"ISO认证资格投资,开发：ISO9000 ISO14000",observed_history_unknown_rule,src_1179379453a7,origin data/VPD-OE_Agent_20260709/VPD-OE_Agent/data/raw/ZY/ZY11.xls,现金流量表,43.0,
4404080b2de8a35d,historical_cash_flow,historical_600_unknown_rule,unknown,ZY11,,41,2,4,Pay_Overhaul,administrative_fee,period_close,automatic_settlement,False,{},not_applicable,-10.0,664.0,支付行政管理费,observed_history_unknown_rule,src_1179379453a7,origin data/VPD-OE_Agent_20260709/VPD-OE_Agent/data/raw/ZY/ZY11.xls,现金流量表,44.0,
a231788644f710ac,historical_cash_flow,historical_600_unknown_rule,unknown,ZY11,,42,2,4,Pay_Maintenance,maintenance,period_close,automatic_settlement,False,{},not_applicable,-30.0,634.0,支付维护费,observed_history_unknown_rule,src_1179379453a7,origin data/VPD-OE_Agent_20260709/VPD-OE_Agent/data/raw/ZY/ZY11.xls,现金流量表,45.0,
b13e10d9f788e117,historical_cash_flow,historical_600_unknown_rule,unknown,ZY11,,43,3,1,Pay_Long_Loan,long_loan_repayment,finance,committed_settlement,False,{},partial,-87.0,547.0,支付长贷本息,observed_history_unknown_rule,src_1179379453a7,origin data/VPD-OE_Agent_20260709/VPD-OE_Agent/data/raw/ZY/ZY11.xls,现金流量表,46.0,
406ff088a24147eb,historical_cash_flow,historical_600_unknown_rule,unknown,ZY11,,44,3,1,Pay_AD,advertising,sales,direct_decision,True,{},partial,-60.0,487.0,广告投放,observed_history_unknown_rule,src_1179379453a7,origin data/VPD-OE_Agent_20260709/VPD-OE_Agent/data/raw/ZY/ZY11.xls,现金流量表,47.0,
e30c958d8084018f,historical_cash_flow,historical_600_unknown_rule,unknown,ZY11,,45,3,1,Discount,receivable_discount,receivable,conditional_decision,True,"{""term_1_wan"": 263, ""term_2_wan"": 0, ""term_3_wan"": 0, ""term_4_wan"": 0}",complete,236.0,723.0,"1期贴现:263W,2期贴现:0W,3期贴现:0W,4期贴现:0W",observed_history_unknown_rule,src_1179379453a7,origin data/VPD-OE_Agent_20260709/VPD-OE_Agent/data/raw/ZY/ZY11.xls,现金流量表,48.0,
92dd0f85db0dbd8b,historical_cash_flow,historical_600_unknown_rule,unknown,ZY11,,46,3,1,Pay_Material,material_receipt_payment,procurement,committed_settlement,False,"{""materials"": {""R2"": 3, ""R3"": 3}}",complete,-60.0,663.0,支付原料费 R3:3 R2:3,observed_history_unknown_rule,src_1179379453a7,origin data/VPD-OE_Agent_20260709/VPD-OE_Agent/data/raw/ZY/ZY11.xls,现金流量表,49.0,
6a628bb3beb35b7f,historical_cash_flow,historical_600_unknown_rule,unknown,ZY11,,47,3,1,Buy_Material,material_order,procurement,direct_decision,True,"{""materials"": {""R2"": 3, ""R3"": 3}}",complete,0.0,663.0,订购原料 R2:3 R3:3,observed_history_unknown_rule,src_1179379453a7,origin data/VPD-OE_Agent_20260709/VPD-OE_Agent/data/raw/ZY/ZY11.xls,现金流量表,50.0,
2c9fcc60a92cb975,historical_cash_flow,historical_600_unknown_rule,unknown,ZY11,,48,3,1,Product_Produce,production,production,direct_decision,True,"{""line_assignments"": [{""line_instance_id"": 188, ""product_id"": ""P2""}, {""line_instance_id"": 189, ""product_id"": ""P2""}, {""line_instance_id"": 190, ""product_id"": ""P2""}]}",complete,-30.0,633.0,188:P2 189:P2 190:P2,observed_history_unknown_rule,src_1179379453a7,origin data/VPD-OE_Agent_20260709/VPD-OE_Agent/data/raw/ZY/ZY11.xls,现金流量表,51.0,
77cf727630c7cbe1,historical_cash_flow,historical_600_unknown_rule,unknown,ZY11,,49,3,1,Pay_Overhaul,administrative_fee,period_close,automatic_settlement,False,{},not_applicable,-10.0,623.0,支付行政管理费,observed_history_unknown_rule,src_1179379453a7,origin data/VPD-OE_Agent_20260709/VPD-OE_Agent/data/raw/ZY/ZY11.xls,现金流量表,52.0,
97a4864c36c5b14e,historical_cash_flow,historical_600_unknown_rule,unknown,ZY11,,50,3,2,Pay_Material,material_receipt_payment,procurement,committed_settlement,False,"{""materials"": {""R2"": 3, ""R3"": 3}}",complete,-60.0,563.0,支付原料费 R3:3 R2:3,observed_history_unknown_rule,src_1179379453a7,origin data/VPD-OE_Agent_20260709/VPD-OE_Agent/data/raw/ZY/ZY11.xls,现金流量表,53.0,
09ceb7c21a8b675f,historical_cash_flow,historical_600_unknown_rule,unknown,ZY11,,51,3,2,Buy_Material,material_order,procurement,direct_decision,True,"{""materials"": {""R2"": 3, ""R3"": 3}}",complete,0.0,563.0,订购原料 R2:3 R3:3,observed_history_unknown_rule,src_1179379453a7,origin data/VPD-OE_Agent_20260709/VPD-OE_Agent/data/raw/ZY/ZY11.xls,现金流量表,54.0,
1155030c97bf2635,historical_cash_flow,historical_600_unknown_rule,unknown,ZY11,,52,3,2,Product_Produce,production,production,direct_decision,True,"{""line_assignments"": [{""line_instance_id"": 188, ""product_id"": ""P2""}, {""line_instance_id"": 189, ""product_id"": ""P2""}, {""line_instance_id"": 190, ""product_id"": ""P2""}]}",complete,-30.0,533.0,188:P2 189:P2 190:P2,observed_history_unknown_rule,src_1179379453a7,origin data/VPD-OE_Agent_20260709/VPD-OE_Agent/data/raw/ZY/ZY11.xls,现金流量表,55.0,
ba066c09dfcd5957,historical_cash_flow,historical_600_unknown_rule,unknown,ZY11,,53,3,2,Renew_Workshop,factory_rent_renewal,capacity,conditional_decision,True,{},not_applicable,-40.0,493.0,厂房续租,observed_history_unknown_rule,src_1179379453a7,origin data/VPD-OE_Agent_20260709/VPD-OE_Agent/data/raw/ZY/ZY11.xls,现金流量表,56.0,
ede4f7916e884cc7,historical_cash_flow,historical_600_unknown_rule,unknown,ZY11,,54,3,2,Pay_Overhaul,administrative_fee,period_close,automatic_settlement,False,{},not_applicable,-10.0,483.0,支付行政管理费,observed_history_unknown_rule,src_1179379453a7,origin data/VPD-OE_Agent_20260709/VPD-OE_Agent/data/raw/ZY/ZY11.xls,现金流量表,57.0,
89386831c2eb21d1,historical_cash_flow,historical_600_unknown_rule,unknown,ZY11,,55,3,3,Pay_Material,material_receipt_payment,procurement,committed_settlement,False,"{""materials"": {""R2"": 3, ""R3"": 3}}",complete,-60.0,423.0,支付原料费 R3:3 R2:3,observed_history_unknown_rule,src_1179379453a7,origin data/VPD-OE_Agent_20260709/VPD-OE_Agent/data/raw/ZY/ZY11.xls,现金流量表,58.0,
5b6de990df81508f,historical_cash_flow,historical_600_unknown_rule,unknown,ZY11,,56,3,3,Buy_Material,material_order,procurement,direct_decision,True,"{""materials"": {""R2"": 3, ""R3"": 3}}",complete,0.0,423.0,订购原料 R2:3 R3:3,observed_history_unknown_rule,src_1179379453a7,origin data/VPD-OE_Agent_20260709/VPD-OE_Agent/data/raw/ZY/ZY11.xls,现金流量表,59.0,
42a3a9c82be5225d,historical_cash_flow,historical_600_unknown_rule,unknown,ZY11,,57,3,3,Product_Produce,production,production,direct_decision,True,"{""line_assignments"": [{""line_instance_id"": 188, ""product_id"": ""P2""}, {""line_instance_id"": 189, ""product_id"": ""P2""}, {""line_instance_id"": 190, ""product_id"": ""P2""}]}",complete,-30.0,393.0,188:P2 189:P2 190:P2,observed_history_unknown_rule,src_1179379453a7,origin data/VPD-OE_Agent_20260709/VPD-OE_Agent/data/raw/ZY/ZY11.xls,现金流量表,60.0,
ee34cd3e438b2fd3,historical_cash_flow,historical_600_unknown_rule,unknown,ZY11,,58,3,3,Pay_Overhaul,administrative_fee,period_close,automatic_settlement,False,{},not_applicable,-10.0,383.0,支付行政管理费,observed_history_unknown_rule,src_1179379453a7,origin data/VPD-OE_Agent_20260709/VPD-OE_Agent/data/raw/ZY/ZY11.xls,现金流量表,61.0,
4b9ae62e25f711d3,historical_cash_flow,historical_600_unknown_rule,unknown,ZY11,,59,3,4,Pay_Material,material_receipt_payment,procurement,committed_settlement,False,"{""materials"": {""R2"": 3, ""R3"": 3}}",complete,-60.0,323.0,支付原料费 R3:3 R2:3,observed_history_unknown_rule,src_1179379453a7,origin data/VPD-OE_Agent_20260709/VPD-OE_Agent/data/raw/ZY/ZY11.xls,现金流量表,62.0,
5f7294132aabf44d,historical_cash_flow,historical_600_unknown_rule,unknown,ZY11,,60,3,4,Update_Receivable,receivable_maturity,receivable,automatic_settlement,False,{},not_applicable,131.0,454.0,更新应收款,observed_history_unknown_rule,src_1179379453a7,origin data/VPD-OE_Agent_20260709/VPD-OE_Agent/data/raw/ZY/ZY11.xls,现金流量表,63.0,
05854f919dfc5b0a,historical_cash_flow,historical_600_unknown_rule,unknown,ZY11,,61,3,4,Pay_Overhaul,administrative_fee,period_close,automatic_settlement,False,{},not_applicable,-10.0,444.0,支付行政管理费,observed_history_unknown_rule,src_1179379453a7,origin data/VPD-OE_Agent_20260709/VPD-OE_Agent/data/raw/ZY/ZY11.xls,现金流量表,64.0,
5914379a13bea74b,historical_cash_flow,historical_600_unknown_rule,unknown,ZY11,,62,3,4,Pay_Maintenance,maintenance,period_close,automatic_settlement,False,{},not_applicable,-30.0,414.0,支付维护费,observed_history_unknown_rule,src_1179379453a7,origin data/VPD-OE_Agent_20260709/VPD-OE_Agent/data/raw/ZY/ZY11.xls,现金流量表,65.0,
1a4e1136bc4d2aac,historical_cash_flow,historical_600_unknown_rule,unknown,ZY11,,63,4,1,Pay_Long_Loan,long_loan_repayment,finance,committed_settlement,False,{},partial,-87.0,327.0,支付长贷本息,observed_history_unknown_rule,src_1179379453a7,origin data/VPD-OE_Agent_20260709/VPD-OE_Agent/data/raw/ZY/ZY11.xls,现金流量表,66.0,
b7c11350eac8723a,historical_cash_flow,historical_600_unknown_rule,unknown,ZY11,,64,4,1,Pay_AD,advertising,sales,direct_decision,True,{},partial,-60.0,267.0,广告投放,observed_history_unknown_rule,src_1179379453a7,origin data/VPD-OE_Agent_20260709/VPD-OE_Agent/data/raw/ZY/ZY11.xls,现金流量表,67.0,
20dba1ff07ae49d7,historical_cash_flow,historical_600_unknown_rule,unknown,ZY11,,65,4,1,Pay_Material,material_receipt_payment,procurement,committed_settlement,False,"{""materials"": {""R3"": 3}}",complete,-30.0,237.0,支付原料费 R3:3,observed_history_unknown_rule,src_1179379453a7,origin data/VPD-OE_Agent_20260709/VPD-OE_Agent/data/raw/ZY/ZY11.xls,现金流量表,68.0,
af8df1c194b73bd8,historical_cash_flow,historical_600_unknown_rule,unknown,ZY11,,66,4,1,Buy_Material,material_order,procurement,direct_decision,True,"{""materials"": {""R2"": 3, ""R3"": 3}}",complete,0.0,237.0,订购原料 R2:3 R3:3,observed_history_unknown_rule,src_1179379453a7,origin data/VPD-OE_Agent_20260709/VPD-OE_Agent/data/raw/ZY/ZY11.xls,现金流量表,69.0,
514f6e2fdefb9951,historical_cash_flow,historical_600_unknown_rule,unknown,ZY11,,67,4,1,Product_Produce,production,production,direct_decision,True,"{""line_assignments"": [{""line_instance_id"": 188, ""product_id"": ""P2""}, {""line_instance_id"": 189, ""product_id"": ""P2""}, {""line_instance_id"": 190, ""product_id"": ""P2""}]}",complete,-30.0,207.0,188:P2 189:P2 190:P2,observed_history_unknown_rule,src_1179379453a7,origin data/VPD-OE_Agent_20260709/VPD-OE_Agent/data/raw/ZY/ZY11.xls,现金流量表,70.0,
4f18d4153895668e,historical_cash_flow,historical_600_unknown_rule,unknown,ZY11,,68,4,1,Update_Receivable,receivable_maturity,receivable,automatic_settlement,False,{},not_applicable,272.0,479.0,更新应收款,observed_history_unknown_rule,src_1179379453a7,origin data/VPD-OE_Agent_20260709/VPD-OE_Agent/data/raw/ZY/ZY11.xls,现金流量表,71.0,
dc0097354e799317,historical_cash_flow,historical_600_unknown_rule,unknown,ZY11,,69,4,1,Pay_Overhaul,administrative_fee,period_close,automatic_settlement,False,{},not_applicable,-10.0,469.0,支付行政管理费,observed_history_unknown_rule,src_1179379453a7,origin data/VPD-OE_Agent_20260709/VPD-OE_Agent/data/raw/ZY/ZY11.xls,现金流量表,72.0,
884984ecad38c12a,historical_cash_flow,historical_600_unknown_rule,unknown,ZY11,,70,4,2,Pay_Material,material_receipt_payment,procurement,committed_settlement,False,"{""materials"": {""R2"": 3}}",complete,-30.0,439.0,支付原料费 R2:3,observed_history_unknown_rule,src_1179379453a7,origin data/VPD-OE_Agent_20260709/VPD-OE_Agent/data/raw/ZY/ZY11.xls,现金流量表,73.0,
b0bf76acc5a23290,historical_cash_flow,historical_600_unknown_rule,unknown,ZY11,,71,4,2,Product_Produce,production,production,direct_decision,True,"{""line_assignments"": [{""line_instance_id"": 188, ""product_id"": ""P2""}, {""line_instance_id"": 189, ""product_id"": ""P2""}, {""line_instance_id"": 190, ""product_id"": ""P2""}]}",complete,-30.0,409.0,188:P2 189:P2 190:P2,observed_history_unknown_rule,src_1179379453a7,origin data/VPD-OE_Agent_20260709/VPD-OE_Agent/data/raw/ZY/ZY11.xls,现金流量表,74.0,
0adfa918de3b8a6c,historical_cash_flow,historical_600_unknown_rule,unknown,ZY11,,72,4,2,Renew_Workshop,factory_rent_renewal,capacity,conditional_decision,True,{},not_applicable,-40.0,369.0,厂房续租,observed_history_unknown_rule,src_1179379453a7,origin data/VPD-OE_Agent_20260709/VPD-OE_Agent/data/raw/ZY/ZY11.xls,现金流量表,75.0,
1c6fafd241354d99,historical_cash_flow,historical_600_unknown_rule,unknown,ZY11,,73,4,2,Pay_Overhaul,administrative_fee,period_close,automatic_settlement,False,{},not_applicable,-10.0,359.0,支付行政管理费,observed_history_unknown_rule,src_1179379453a7,origin data/VPD-OE_Agent_20260709/VPD-OE_Agent/data/raw/ZY/ZY11.xls,现金流量表,76.0,
09ab39d5945f2814,historical_cash_flow,historical_600_unknown_rule,unknown,ZY11,,74,4,3,Pay_Material,material_receipt_payment,procurement,committed_settlement,False,"{""materials"": {""R3"": 3}}",complete,-30.0,329.0,支付原料费 R3:3,observed_history_unknown_rule,src_1179379453a7,origin data/VPD-OE_Agent_20260709/VPD-OE_Agent/data/raw/ZY/ZY11.xls,现金流量表,77.0,
d20acece2e1e10d7,historical_cash_flow,historical_600_unknown_rule,unknown,ZY11,,75,4,3,Update_Receivable,receivable_maturity,receivable,automatic_settlement,False,{},not_applicable,384.0,713.0,更新应收款,observed_history_unknown_rule,src_1179379453a7,origin data/VPD-OE_Agent_20260709/VPD-OE_Agent/data/raw/ZY/ZY11.xls,现金流量表,78.0,
2592f564c2800fd6,historical_cash_flow,historical_600_unknown_rule,unknown,ZY11,,76,4,3,Pay_Overhaul,administrative_fee,period_close,automatic_settlement,False,{},not_applicable,-10.0,703.0,支付行政管理费,observed_history_unknown_rule,src_1179379453a7,origin data/VPD-OE_Agent_20260709/VPD-OE_Agent/data/raw/ZY/ZY11.xls,现金流量表,79.0,
de4e4e4d8473d5a8,historical_cash_flow,historical_600_unknown_rule,unknown,ZY11,,77,4,4,Update_Receivable,receivable_maturity,receivable,automatic_settlement,False,{},not_applicable,192.0,895.0,更新应收款,observed_history_unknown_rule,src_1179379453a7,origin data/VPD-OE_Agent_20260709/VPD-OE_Agent/data/raw/ZY/ZY11.xls,现金流量表,80.0,
a4c1b41e70fecb34,historical_cash_flow,historical_600_unknown_rule,unknown,ZY11,,78,4,4,Pay_Overhaul,administrative_fee,period_close,automatic_settlement,False,{},not_applicable,-10.0,885.0,支付行政管理费,observed_history_unknown_rule,src_1179379453a7,origin data/VPD-OE_Agent_20260709/VPD-OE_Agent/data/raw/ZY/ZY11.xls,现金流量表,81.0,
ad0edd392d535248,historical_cash_flow,historical_600_unknown_rule,unknown,ZY11,,79,4,4,Pay_Maintenance,maintenance,period_close,automatic_settlement,False,{},not_applicable,-30.0,855.0,支付维护费,observed_history_unknown_rule,src_1179379453a7,origin data/VPD-OE_Agent_20260709/VPD-OE_Agent/data/raw/ZY/ZY11.xls,现金流量表,82.0,
b5ac9765146bbe36,historical_cash_flow,historical_600_unknown_rule,unknown,ZY11,,80,5,1,Pay_Long_Loan,long_loan_repayment,finance,committed_settlement,False,{},partial,-87.0,768.0,支付长贷本息,observed_history_unknown_rule,src_1179379453a7,origin data/VPD-OE_Agent_20260709/VPD-OE_Agent/data/raw/ZY/ZY11.xls,现金流量表,83.0,
906752a1e0dc656d,historical_cash_flow,historical_600_unknown_rule,unknown,ZY11,,81,5,1,Pay_AD,advertising,sales,direct_decision,True,{},partial,-60.0,708.0,广告投放,observed_history_unknown_rule,src_1179379453a7,origin data/VPD-OE_Agent_20260709/VPD-OE_Agent/data/raw/ZY/ZY11.xls,现金流量表,84.0,
8424eb8c437d7909,historical_cash_flow,historical_600_unknown_rule,unknown,ZY11,,82,5,1,Emergency_Buy_Material,emergency_material_purchase,procurement,exception_intervention,True,"{""quantities"": {""R1"": 0, ""R2"": 3, ""R3"": 3, ""R4"": 0}}",complete,-120.0,588.0,"紧急采购原料，数量分别为：0,3,3,0",observed_history_unknown_rule,src_1179379453a7,origin data/VPD-OE_Agent_20260709/VPD-OE_Agent/data/raw/ZY/ZY11.xls,现金流量表,85.0,
6ea3a03a972a39c8,historical_cash_flow,historical_600_unknown_rule,unknown,ZY11,,83,5,1,Product_Produce,production,production,direct_decision,True,"{""line_assignments"": [{""line_instance_id"": 188, ""product_id"": ""P2""}, {""line_instance_id"": 189, ""product_id"": ""P2""}, {""line_instance_id"": 190, ""product_id"": ""P2""}]}",complete,-30.0,558.0,188:P2 189:P2 190:P2,observed_history_unknown_rule,src_1179379453a7,origin data/VPD-OE_Agent_20260709/VPD-OE_Agent/data/raw/ZY/ZY11.xls,现金流量表,86.0,
fdb315988a37e776,historical_cash_flow,historical_600_unknown_rule,unknown,ZY11,,84,5,1,Buy_Material,material_order,procurement,direct_decision,True,"{""materials"": {""R2"": 3, ""R3"": 3}}",complete,0.0,558.0,订购原料 R2:3 R3:3,observed_history_unknown_rule,src_1179379453a7,origin data/VPD-OE_Agent_20260709/VPD-OE_Agent/data/raw/ZY/ZY11.xls,现金流量表,87.0,
917c63320d47aafa,historical_cash_flow,historical_600_unknown_rule,unknown,ZY11,,85,5,1,Pay_Overhaul,administrative_fee,period_close,automatic_settlement,False,{},not_applicable,-10.0,548.0,支付行政管理费,observed_history_unknown_rule,src_1179379453a7,origin data/VPD-OE_Agent_20260709/VPD-OE_Agent/data/raw/ZY/ZY11.xls,现金流量表,88.0,
6187dfc9f6ee1fae,historical_cash_flow,historical_600_unknown_rule,unknown,ZY11,,86,5,2,Pay_Material,material_receipt_payment,procurement,committed_settlement,False,"{""materials"": {""R2"": 3}}",complete,-30.0,518.0,支付原料费 R2:3,observed_history_unknown_rule,src_1179379453a7,origin data/VPD-OE_Agent_20260709/VPD-OE_Agent/data/raw/ZY/ZY11.xls,现金流量表,89.0,
c354ba7263b75be9,historical_cash_flow,historical_600_unknown_rule,unknown,ZY11,,87,5,2,Buy_Material,material_order,procurement,direct_decision,True,"{""materials"": {""R2"": 3, ""R3"": 3}}",complete,0.0,518.0,订购原料 R2:3 R3:3,observed_history_unknown_rule,src_1179379453a7,origin data/VPD-OE_Agent_20260709/VPD-OE_Agent/data/raw/ZY/ZY11.xls,现金流量表,90.0,
c0ba1d2dde007963,historical_cash_flow,historical_600_unknown_rule,unknown,ZY11,,88,5,2,Product_Produce,production,production,direct_decision,True,"{""line_assignments"": [{""line_instance_id"": 188, ""product_id"": ""P2""}, {""line_instance_id"": 189, ""product_id"": ""P2""}, {""line_instance_id"": 190, ""product_id"": ""P2""}]}",complete,-30.0,488.0,188:P2 189:P2 190:P2,observed_history_unknown_rule,src_1179379453a7,origin data/VPD-OE_Agent_20260709/VPD-OE_Agent/data/raw/ZY/ZY11.xls,现金流量表,91.0,
20b5cbcd6106ae52,historical_cash_flow,historical_600_unknown_rule,unknown,ZY11,,89,5,2,Renew_Workshop,factory_rent_renewal,capacity,conditional_decision,True,{},not_applicable,-40.0,448.0,厂房续租,observed_history_unknown_rule,src_1179379453a7,origin data/VPD-OE_Agent_20260709/VPD-OE_Agent/data/raw/ZY/ZY11.xls,现金流量表,92.0,
2495835585436756,historical_cash_flow,historical_600_unknown_rule,unknown,ZY11,,90,5,2,Pay_Overhaul,administrative_fee,period_close,automatic_settlement,False,{},not_applicable,-10.0,438.0,支付行政管理费,observed_history_unknown_rule,src_1179379453a7,origin data/VPD-OE_Agent_20260709/VPD-OE_Agent/data/raw/ZY/ZY11.xls,现金流量表,93.0,
0a62211ebc865834,historical_cash_flow,historical_600_unknown_rule,unknown,ZY11,,91,5,3,Pay_Material,material_receipt_payment,procurement,committed_settlement,False,"{""materials"": {""R2"": 3, ""R3"": 3}}",complete,-60.0,378.0,支付原料费 R3:3 R2:3,observed_history_unknown_rule,src_1179379453a7,origin data/VPD-OE_Agent_20260709/VPD-OE_Agent/data/raw/ZY/ZY11.xls,现金流量表,94.0,
413679008149df1d,historical_cash_flow,historical_600_unknown_rule,unknown,ZY11,,92,5,3,Buy_Material,material_order,procurement,direct_decision,True,"{""materials"": {""R2"": 3, ""R3"": 3}}",complete,0.0,378.0,订购原料 R2:3 R3:3,observed_history_unknown_rule,src_1179379453a7,origin data/VPD-OE_Agent_20260709/VPD-OE_Agent/data/raw/ZY/ZY11.xls,现金流量表,95.0,
f8d7c0d75bbb0b62,historical_cash_flow,historical_600_unknown_rule,unknown,ZY11,,93,5,3,Product_Produce,production,production,direct_decision,True,"{""line_assignments"": [{""line_instance_id"": 188, ""product_id"": ""P2""}, {""line_instance_id"": 189, ""product_id"": ""P2""}, {""line_instance_id"": 190, ""product_id"": ""P2""}]}",complete,-30.0,348.0,188:P2 189:P2 190:P2,observed_history_unknown_rule,src_1179379453a7,origin data/VPD-OE_Agent_20260709/VPD-OE_Agent/data/raw/ZY/ZY11.xls,现金流量表,96.0,
cfd74d29e27f99b2,historical_cash_flow,historical_600_unknown_rule,unknown,ZY11,,94,5,3,Update_Receivable,receivable_maturity,receivable,automatic_settlement,False,{},not_applicable,142.0,490.0,更新应收款,observed_history_unknown_rule,src_1179379453a7,origin data/VPD-OE_Agent_20260709/VPD-OE_Agent/data/raw/ZY/ZY11.xls,现金流量表,97.0,
595981cb18762ea3,historical_cash_flow,historical_600_unknown_rule,unknown,ZY11,,95,5,3,Pay_Overhaul,administrative_fee,period_close,automatic_settlement,False,{},not_applicable,-10.0,480.0,支付行政管理费,observed_history_unknown_rule,src_1179379453a7,origin data/VPD-OE_Agent_20260709/VPD-OE_Agent/data/raw/ZY/ZY11.xls,现金流量表,98.0,
f0961e60f8c3173e,historical_cash_flow,historical_600_unknown_rule,unknown,ZY11,,96,5,4,Pay_Material,material_receipt_payment,procurement,committed_settlement,False,"{""materials"": {""R2"": 3, ""R3"": 3}}",complete,-60.0,420.0,支付原料费 R3:3 R2:3,observed_history_unknown_rule,src_1179379453a7,origin data/VPD-OE_Agent_20260709/VPD-OE_Agent/data/raw/ZY/ZY11.xls,现金流量表,99.0,
46242f84db8534fa,historical_cash_flow,historical_600_unknown_rule,unknown,ZY11,,97,5,4,Product_Produce,production,production,direct_decision,True,"{""line_assignments"": [{""line_instance_id"": 188, ""product_id"": ""P2""}, {""line_instance_id"": 189, ""product_id"": ""P2""}, {""line_instance_id"": 190, ""product_id"": ""P2""}]}",complete,-30.0,390.0,188:P2 189:P2 190:P2,observed_history_unknown_rule,src_1179379453a7,origin data/VPD-OE_Agent_20260709/VPD-OE_Agent/data/raw/ZY/ZY11.xls,现金流量表,100.0,
24d95c94d03b7bdf,historical_cash_flow,historical_600_unknown_rule,unknown,ZY11,,98,5,4,Pay_Overhaul,administrative_fee,period_close,automatic_settlement,False,{},not_applicable,-10.0,380.0,支付行政管理费,observed_history_unknown_rule,src_1179379453a7,origin data/VPD-OE_Agent_20260709/VPD-OE_Agent/data/raw/ZY/ZY11.xls,现金流量表,101.0,
62a2fdf13f41de04,historical_cash_flow,historical_600_unknown_rule,unknown,ZY11,,99,5,4,Pay_Maintenance,maintenance,period_close,automatic_settlement,False,{},not_applicable,-30.0,350.0,支付维护费,observed_history_unknown_rule,src_1179379453a7,origin data/VPD-OE_Agent_20260709/VPD-OE_Agent/data/raw/ZY/ZY11.xls,现金流量表,102.0,
68e074facdf8ee30,historical_cash_flow,historical_600_unknown_rule,unknown,ZY13,,1,1,1,Pay_Capital,capital_injection,finance,exception_intervention,False,{},not_applicable,600.0,600.0,"公司成立,股东注资",observed_history_unknown_rule,src_766e2c00d61c,origin data/VPD-OE_Agent_20260709/VPD-OE_Agent/data/raw/ZY/ZY13.xls,现金流量表,4.0,
2ac314e3a7da579b,historical_cash_flow,historical_600_unknown_rule,unknown,ZY13,,2,1,1,Long_Loan,long_loan_borrow,finance,conditional_decision,True,"{""principal_wan"": 1800, ""term"": 5, ""term_unit"": ""year""}",complete,1800.0,2400.0,申请:5年 1800W的长期贷款,observed_history_unknown_rule,src_766e2c00d61c,origin data/VPD-OE_Agent_20260709/VPD-OE_Agent/data/raw/ZY/ZY13.xls,现金流量表,5.0,
1c7fe6ad0df38185,historical_cash_flow,historical_600_unknown_rule,unknown,ZY13,,3,1,1,Rent_Workshop,factory_rent,capacity,direct_decision,True,"{""factory_type"": ""大厂房""}",complete,-40.0,2360.0,租用[大厂房],observed_history_unknown_rule,src_766e2c00d61c,origin data/VPD-OE_Agent_20260709/VPD-OE_Agent/data/raw/ZY/ZY13.xls,现金流量表,6.0,
180c289db46598a8,historical_cash_flow,historical_600_unknown_rule,unknown,ZY13,,4,1,1,Rent_Workshop,factory_rent,capacity,direct_decision,True,"{""factory_type"": ""大厂房""}",complete,-40.0,2320.0,租用[大厂房],observed_history_unknown_rule,src_766e2c00d61c,origin data/VPD-OE_Agent_20260709/VPD-OE_Agent/data/raw/ZY/ZY13.xls,现金流量表,7.0,
e296da44e23cd8a7,historical_cash_flow,historical_600_unknown_rule,unknown,ZY13,,5,1,1,Develop_Product,product_development,qualification,direct_decision,True,"{""products"": [""P4""]}",complete,-10.0,2310.0,产品生产资格投资: P4,observed_history_unknown_rule,src_766e2c00d61c,origin data/VPD-OE_Agent_20260709/VPD-OE_Agent/data/raw/ZY/ZY13.xls,现金流量表,8.0,
d951de9f7c938fba,historical_cash_flow,historical_600_unknown_rule,unknown,ZY13,,6,1,1,Pay_Overhaul,administrative_fee,period_close,automatic_settlement,False,{},not_applicable,-10.0,2300.0,支付行政管理费,observed_history_unknown_rule,src_766e2c00d61c,origin data/VPD-OE_Agent_20260709/VPD-OE_Agent/data/raw/ZY/ZY13.xls,现金流量表,9.0,
b2c0c8d0d1b5aee0,historical_cash_flow,historical_600_unknown_rule,unknown,ZY13,,7,1,2,Develop_Product,product_development,qualification,direct_decision,True,"{""products"": [""P4""]}",complete,-10.0,2290.0,产品生产资格投资: P4,observed_history_unknown_rule,src_766e2c00d61c,origin data/VPD-OE_Agent_20260709/VPD-OE_Agent/data/raw/ZY/ZY13.xls,现金流量表,10.0,
46b5719b3e4b1282,historical_cash_flow,historical_600_unknown_rule,unknown,ZY13,,8,1,2,Pay_Overhaul,administrative_fee,period_close,automatic_settlement,False,{},not_applicable,-10.0,2280.0,支付行政管理费,observed_history_unknown_rule,src_766e2c00d61c,origin data/VPD-OE_Agent_20260709/VPD-OE_Agent/data/raw/ZY/ZY13.xls,现金流量表,11.0,
afb933b90c4d6dbc,historical_cash_flow,historical_600_unknown_rule,unknown,ZY13,,9,1,3,Buy_ProductLine,production_line_order,capacity,direct_decision,True,"{""line_type"": ""自动线"", ""product_id"": ""P4""}",complete,-50.0,2230.0,订购[自动线]生产[P4],observed_history_unknown_rule,src_766e2c00d61c,origin data/VPD-OE_Agent_20260709/VPD-OE_Agent/data/raw/ZY/ZY13.xls,现金流量表,12.0,
3646693d3596179b,historical_cash_flow,historical_600_unknown_rule,unknown,ZY13,,10,1,3,Buy_ProductLine,production_line_order,capacity,direct_decision,True,"{""line_type"": ""自动线"", ""product_id"": ""P4""}",complete,-50.0,2180.0,订购[自动线]生产[P4],observed_history_unknown_rule,src_766e2c00d61c,origin data/VPD-OE_Agent_20260709/VPD-OE_Agent/data/raw/ZY/ZY13.xls,现金流量表,13.0,
94f8135d8d74e96b,historical_cash_flow,historical_600_unknown_rule,unknown,ZY13,,11,1,3,Buy_ProductLine,production_line_order,capacity,direct_decision,True,"{""line_type"": ""自动线"", ""product_id"": ""P4""}",complete,-50.0,2130.0,订购[自动线]生产[P4],observed_history_unknown_rule,src_766e2c00d61c,origin data/VPD-OE_Agent_20260709/VPD-OE_Agent/data/raw/ZY/ZY13.xls,现金流量表,14.0,
8e0d892a839888bc,historical_cash_flow,historical_600_unknown_rule,unknown,ZY13,,12,1,3,Buy_ProductLine,production_line_order,capacity,direct_decision,True,"{""line_type"": ""自动线"", ""product_id"": ""P4""}",complete,-50.0,2080.0,订购[自动线]生产[P4],observed_history_unknown_rule,src_766e2c00d61c,origin data/VPD-OE_Agent_20260709/VPD-OE_Agent/data/raw/ZY/ZY13.xls,现金流量表,15.0,
4e472e87d6302fa9,historical_cash_flow,historical_600_unknown_rule,unknown,ZY13,,13,1,3,Buy_ProductLine,production_line_order,capacity,direct_decision,True,"{""line_type"": ""自动线"", ""product_id"": ""P4""}",complete,-50.0,2030.0,订购[自动线]生产[P4],observed_history_unknown_rule,src_766e2c00d61c,origin data/VPD-OE_Agent_20260709/VPD-OE_Agent/data/raw/ZY/ZY13.xls,现金流量表,16.0,
23d91c2467ca8e75,historical_cash_flow,historical_600_unknown_rule,unknown,ZY13,,14,1,3,Develop_Product,product_development,qualification,direct_decision,True,"{""products"": [""P4""]}",complete,-10.0,2020.0,产品生产资格投资: P4,observed_history_unknown_rule,src_766e2c00d61c,origin data/VPD-OE_Agent_20260709/VPD-OE_Agent/data/raw/ZY/ZY13.xls,现金流量表,17.0,
175338ff8a2f5b04,historical_cash_flow,historical_600_unknown_rule,unknown,ZY13,,15,1,3,Pay_Overhaul,administrative_fee,period_close,automatic_settlement,False,{},not_applicable,-10.0,2010.0,支付行政管理费,observed_history_unknown_rule,src_766e2c00d61c,origin data/VPD-OE_Agent_20260709/VPD-OE_Agent/data/raw/ZY/ZY13.xls,现金流量表,18.0,
1f1c7abc7c9305e7,historical_cash_flow,historical_600_unknown_rule,unknown,ZY13,,16,1,4,Buy_Material,material_order,procurement,direct_decision,True,"{""materials"": {""R3"": 5, ""R4"": 5}}",complete,0.0,2010.0,订购原料 R3:5 R4:5,observed_history_unknown_rule,src_766e2c00d61c,origin data/VPD-OE_Agent_20260709/VPD-OE_Agent/data/raw/ZY/ZY13.xls,现金流量表,19.0,
5fdfc775f663b612,historical_cash_flow,historical_600_unknown_rule,unknown,ZY13,,17,1,4,Invest_ProductLine,production_line_investment,capacity,committed_settlement,False,{},partial,-250.0,1760.0,投资在建生产线,observed_history_unknown_rule,src_766e2c00d61c,origin data/VPD-OE_Agent_20260709/VPD-OE_Agent/data/raw/ZY/ZY13.xls,现金流量表,20.0,
43608a758c2afa5f,historical_cash_flow,historical_600_unknown_rule,unknown,ZY13,,18,1,4,Develop_Product,product_development,qualification,direct_decision,True,"{""products"": [""P4""]}",complete,-10.0,1750.0,产品生产资格投资: P4,observed_history_unknown_rule,src_766e2c00d61c,origin data/VPD-OE_Agent_20260709/VPD-OE_Agent/data/raw/ZY/ZY13.xls,现金流量表,21.0,
76a560adc724d738,historical_cash_flow,historical_600_unknown_rule,unknown,ZY13,,19,1,4,Develop_ISO,iso_development,qualification,direct_decision,True,"{""certifications"": [""ISO14000"", ""ISO9000""]}",complete,-30.0,1720.0,"ISO认证资格投资,开发：ISO9000 ISO14000",observed_history_unknown_rule,src_766e2c00d61c,origin data/VPD-OE_Agent_20260709/VPD-OE_Agent/data/raw/ZY/ZY13.xls,现金流量表,22.0,
311b21f5cf0fe257,historical_cash_flow,historical_600_unknown_rule,unknown,ZY13,,20,1,4,Develop_Market,market_development,qualification,direct_decision,True,"{""markets"": [""本地"", ""区域"", ""国内"", ""亚洲"", ""国际""]}",complete,-50.0,1670.0,"市场开拓资格投资,开发项目:本地 区域 国内 亚洲 国际",observed_history_unknown_rule,src_766e2c00d61c,origin data/VPD-OE_Agent_20260709/VPD-OE_Agent/data/raw/ZY/ZY13.xls,现金流量表,23.0,
5e1a67f71e48870a,historical_cash_flow,historical_600_unknown_rule,unknown,ZY13,,21,1,4,Pay_Overhaul,administrative_fee,period_close,automatic_settlement,False,{},not_applicable,-10.0,1660.0,支付行政管理费,observed_history_unknown_rule,src_766e2c00d61c,origin data/VPD-OE_Agent_20260709/VPD-OE_Agent/data/raw/ZY/ZY13.xls,现金流量表,24.0,
281ba67f369d4620,historical_cash_flow,historical_600_unknown_rule,unknown,ZY13,,22,2,1,Pay_Long_Loan,long_loan_repayment,finance,committed_settlement,False,{},partial,-180.0,1480.0,支付长贷本息,observed_history_unknown_rule,src_766e2c00d61c,origin data/VPD-OE_Agent_20260709/VPD-OE_Agent/data/raw/ZY/ZY13.xls,现金流量表,25.0,
191885b92a2cd79f,historical_cash_flow,historical_600_unknown_rule,unknown,ZY13,,23,2,1,Pay_AD,advertising,sales,direct_decision,True,{},partial,-60.0,1420.0,广告投放,observed_history_unknown_rule,src_766e2c00d61c,origin data/VPD-OE_Agent_20260709/VPD-OE_Agent/data/raw/ZY/ZY13.xls,现金流量表,26.0,
045218dd7c07d627,historical_cash_flow,historical_600_unknown_rule,unknown,ZY13,,24,2,1,Invest_ProductLine,production_line_investment,capacity,committed_settlement,False,{},partial,-250.0,1170.0,投资在建生产线,observed_history_unknown_rule,src_766e2c00d61c,origin data/VPD-OE_Agent_20260709/VPD-OE_Agent/data/raw/ZY/ZY13.xls,现金流量表,27.0,
45e19d1a4cc3e0ed,historical_cash_flow,historical_600_unknown_rule,unknown,ZY13,,25,2,1,Buy_Material,material_order,procurement,direct_decision,True,"{""materials"": {""R2"": 10, ""R3"": 5, ""R4"": 5}}",complete,0.0,1170.0,订购原料 R2:10 R3:5 R4:5,observed_history_unknown_rule,src_766e2c00d61c,origin data/VPD-OE_Agent_20260709/VPD-OE_Agent/data/raw/ZY/ZY13.xls,现金流量表,28.0,
340ab20175893f89,historical_cash_flow,historical_600_unknown_rule,unknown,ZY13,,26,2,1,Develop_Product,product_development,qualification,direct_decision,True,"{""products"": [""P4""]}",complete,-10.0,1160.0,产品生产资格投资: P4,observed_history_unknown_rule,src_766e2c00d61c,origin data/VPD-OE_Agent_20260709/VPD-OE_Agent/data/raw/ZY/ZY13.xls,现金流量表,29.0,
8e71075c1de3c863,historical_cash_flow,historical_600_unknown_rule,unknown,ZY13,,27,2,1,Renew_Workshop,factory_rent_renewal,capacity,conditional_decision,True,{},not_applicable,-80.0,1080.0,厂房续租,observed_history_unknown_rule,src_766e2c00d61c,origin data/VPD-OE_Agent_20260709/VPD-OE_Agent/data/raw/ZY/ZY13.xls,现金流量表,30.0,
c75c686e3e4fae71,historical_cash_flow,historical_600_unknown_rule,unknown,ZY13,,28,2,1,Pay_Overhaul,administrative_fee,period_close,automatic_settlement,False,{},not_applicable,-10.0,1070.0,支付行政管理费,observed_history_unknown_rule,src_766e2c00d61c,origin data/VPD-OE_Agent_20260709/VPD-OE_Agent/data/raw/ZY/ZY13.xls,现金流量表,31.0,
a94d5fa05f24405d,historical_cash_flow,historical_600_unknown_rule,unknown,ZY13,,29,2,2,Pay_Material,material_receipt_payment,procurement,committed_settlement,False,"{""materials"": {""R2"": 10, ""R3"": 5, ""R4"": 5}}",complete,-200.0,870.0,支付原料费 R3:5 R4:5 R2:10,observed_history_unknown_rule,src_766e2c00d61c,origin data/VPD-OE_Agent_20260709/VPD-OE_Agent/data/raw/ZY/ZY13.xls,现金流量表,32.0,
a2274667f9c579f3,historical_cash_flow,historical_600_unknown_rule,unknown,ZY13,,30,2,2,Buy_Material,material_order,procurement,direct_decision,True,"{""materials"": {""R2"": 10, ""R3"": 5, ""R4"": 5}}",complete,0.0,870.0,订购原料 R2:10 R3:5 R4:5,observed_history_unknown_rule,src_766e2c00d61c,origin data/VPD-OE_Agent_20260709/VPD-OE_Agent/data/raw/ZY/ZY13.xls,现金流量表,33.0,
9665721ef5459060,historical_cash_flow,historical_600_unknown_rule,unknown,ZY13,,31,2,2,Product_Produce,production,production,direct_decision,True,"{""line_assignments"": [{""line_instance_id"": 199, ""product_id"": ""P4""}, {""line_instance_id"": 200, ""product_id"": ""P4""}, {""line_instance_id"": 201, ""product_id"": ""P4""}, {""line_instance_id"": 202, ""product_id"": ""P4""}, {""line_instance_id"": 203, ""product_id"": ""P4""}]}",complete,-50.0,820.0,199:P4 200:P4 201:P4 202:P4 203:P4,observed_history_unknown_rule,src_766e2c00d61c,origin data/VPD-OE_Agent_20260709/VPD-OE_Agent/data/raw/ZY/ZY13.xls,现金流量表,34.0,
cfcd32db05772ac7,historical_cash_flow,historical_600_unknown_rule,unknown,ZY13,,32,2,2,Pay_Overhaul,administrative_fee,period_close,automatic_settlement,False,{},not_applicable,-10.0,810.0,支付行政管理费,observed_history_unknown_rule,src_766e2c00d61c,origin data/VPD-OE_Agent_20260709/VPD-OE_Agent/data/raw/ZY/ZY13.xls,现金流量表,35.0,
5f29cd3b2c8fd0c3,historical_cash_flow,historical_600_unknown_rule,unknown,ZY13,,33,2,3,Pay_Material,material_receipt_payment,procurement,committed_settlement,False,"{""materials"": {""R2"": 10, ""R3"": 5, ""R4"": 5}}",complete,-200.0,610.0,支付原料费 R3:5 R4:5 R2:10,observed_history_unknown_rule,src_766e2c00d61c,origin data/VPD-OE_Agent_20260709/VPD-OE_Agent/data/raw/ZY/ZY13.xls,现金流量表,36.0,
e70ee0f5c0e5ad22,historical_cash_flow,historical_600_unknown_rule,unknown,ZY13,,34,2,3,Buy_Material,material_order,procurement,direct_decision,True,"{""materials"": {""R2"": 10, ""R3"": 5, ""R4"": 5}}",complete,0.0,610.0,订购原料 R2:10 R3:5 R4:5,observed_history_unknown_rule,src_766e2c00d61c,origin data/VPD-OE_Agent_20260709/VPD-OE_Agent/data/raw/ZY/ZY13.xls,现金流量表,37.0,
1a812e13b7e6962e,historical_cash_flow,historical_600_unknown_rule,unknown,ZY13,,35,2,3,Product_Produce,production,production,direct_decision,True,"{""line_assignments"": [{""line_instance_id"": 199, ""product_id"": ""P4""}, {""line_instance_id"": 200, ""product_id"": ""P4""}, {""line_instance_id"": 201, ""product_id"": ""P4""}, {""line_instance_id"": 202, ""product_id"": ""P4""}, {""line_instance_id"": 203, ""product_id"": ""P4""}]}",complete,-50.0,560.0,199:P4 200:P4 201:P4 202:P4 203:P4,observed_history_unknown_rule,src_766e2c00d61c,origin data/VPD-OE_Agent_20260709/VPD-OE_Agent/data/raw/ZY/ZY13.xls,现金流量表,38.0,
9918897b4eb8f580,historical_cash_flow,historical_600_unknown_rule,unknown,ZY13,,36,2,3,Pay_Overhaul,administrative_fee,period_close,automatic_settlement,False,{},not_applicable,-10.0,550.0,支付行政管理费,observed_history_unknown_rule,src_766e2c00d61c,origin data/VPD-OE_Agent_20260709/VPD-OE_Agent/data/raw/ZY/ZY13.xls,现金流量表,39.0,
36a3adb430cd36ab,historical_cash_flow,historical_600_unknown_rule,unknown,ZY13,,37,2,4,Pay_Material,material_receipt_payment,procurement,committed_settlement,False,"{""materials"": {""R2"": 10, ""R3"": 5, ""R4"": 5}}",complete,-200.0,350.0,支付原料费 R3:5 R4:5 R2:10,observed_history_unknown_rule,src_766e2c00d61c,origin data/VPD-OE_Agent_20260709/VPD-OE_Agent/data/raw/ZY/ZY13.xls,现金流量表,40.0,
158225ff4dc683b5,historical_cash_flow,historical_600_unknown_rule,unknown,ZY13,,38,2,4,Buy_Material,material_order,procurement,direct_decision,True,"{""materials"": {""R2"": 10, ""R3"": 5, ""R4"": 5}}",complete,0.0,350.0,订购原料 R2:10 R3:5 R4:5,observed_history_unknown_rule,src_766e2c00d61c,origin data/VPD-OE_Agent_20260709/VPD-OE_Agent/data/raw/ZY/ZY13.xls,现金流量表,41.0,
fd2c61d9d255f54a,historical_cash_flow,historical_600_unknown_rule,unknown,ZY13,,39,2,4,Product_Produce,production,production,direct_decision,True,"{""line_assignments"": [{""line_instance_id"": 199, ""product_id"": ""P4""}, {""line_instance_id"": 200, ""product_id"": ""P4""}, {""line_instance_id"": 201, ""product_id"": ""P4""}, {""line_instance_id"": 202, ""product_id"": ""P4""}, {""line_instance_id"": 203, ""product_id"": ""P4""}]}",complete,-50.0,300.0,199:P4 200:P4 201:P4 202:P4 203:P4,observed_history_unknown_rule,src_766e2c00d61c,origin data/VPD-OE_Agent_20260709/VPD-OE_Agent/data/raw/ZY/ZY13.xls,现金流量表,42.0,
2d27e2ac688e9cb6,historical_cash_flow,historical_600_unknown_rule,unknown,ZY13,,40,2,4,Update_Receivable,receivable_maturity,receivable,automatic_settlement,False,{},not_applicable,481.0,781.0,更新应收款,observed_history_unknown_rule,src_766e2c00d61c,origin data/VPD-OE_Agent_20260709/VPD-OE_Agent/data/raw/ZY/ZY13.xls,现金流量表,43.0,
45d3ba09bdb677d7,historical_cash_flow,historical_600_unknown_rule,unknown,ZY13,,41,2,4,Develop_Product,product_development,qualification,direct_decision,True,"{""products"": [""P3""]}",complete,-10.0,771.0,产品生产资格投资: P3,observed_history_unknown_rule,src_766e2c00d61c,origin data/VPD-OE_Agent_20260709/VPD-OE_Agent/data/raw/ZY/ZY13.xls,现金流量表,44.0,
881ae83d117dbb1d,historical_cash_flow,historical_600_unknown_rule,unknown,ZY13,,42,2,4,Develop_Market,market_development,qualification,direct_decision,True,"{""markets"": [""国内"", ""亚洲"", ""国际""]}",complete,-30.0,741.0,"市场开拓资格投资,开发项目:国内 亚洲 国际",observed_history_unknown_rule,src_766e2c00d61c,origin data/VPD-OE_Agent_20260709/VPD-OE_Agent/data/raw/ZY/ZY13.xls,现金流量表,45.0,
825ae3d8ed5391f1,historical_cash_flow,historical_600_unknown_rule,unknown,ZY13,,43,2,4,Develop_ISO,iso_development,qualification,direct_decision,True,"{""certifications"": [""ISO14000"", ""ISO9000""]}",complete,-30.0,711.0,"ISO认证资格投资,开发：ISO9000 ISO14000",observed_history_unknown_rule,src_766e2c00d61c,origin data/VPD-OE_Agent_20260709/VPD-OE_Agent/data/raw/ZY/ZY13.xls,现金流量表,46.0,
4d90c88995f2d203,historical_cash_flow,historical_600_unknown_rule,unknown,ZY13,,44,2,4,Pay_Overhaul,administrative_fee,period_close,automatic_settlement,False,{},not_applicable,-10.0,701.0,支付行政管理费,observed_history_unknown_rule,src_766e2c00d61c,origin data/VPD-OE_Agent_20260709/VPD-OE_Agent/data/raw/ZY/ZY13.xls,现金流量表,47.0,
cd697e5e3579c33e,historical_cash_flow,historical_600_unknown_rule,unknown,ZY13,,45,2,4,Pay_Maintenance,maintenance,period_close,automatic_settlement,False,{},not_applicable,-50.0,651.0,支付维护费,observed_history_unknown_rule,src_766e2c00d61c,origin data/VPD-OE_Agent_20260709/VPD-OE_Agent/data/raw/ZY/ZY13.xls,现金流量表,48.0,
68b9d6cfeb0c509f,historical_cash_flow,historical_600_unknown_rule,unknown,ZY13,,46,3,1,Pay_Long_Loan,long_loan_repayment,finance,committed_settlement,False,{},partial,-180.0,471.0,支付长贷本息,observed_history_unknown_rule,src_766e2c00d61c,origin data/VPD-OE_Agent_20260709/VPD-OE_Agent/data/raw/ZY/ZY13.xls,现金流量表,49.0,
6fff52eab3694bd6,historical_cash_flow,historical_600_unknown_rule,unknown,ZY13,,47,3,1,Pay_AD,advertising,sales,direct_decision,True,{},partial,-60.0,411.0,广告投放,observed_history_unknown_rule,src_766e2c00d61c,origin data/VPD-OE_Agent_20260709/VPD-OE_Agent/data/raw/ZY/ZY13.xls,现金流量表,50.0,
65cb51d83df7be6d,historical_cash_flow,historical_600_unknown_rule,unknown,ZY13,,48,3,1,Pay_Material,material_receipt_payment,procurement,committed_settlement,False,"{""materials"": {""R2"": 10, ""R3"": 5, ""R4"": 5}}",complete,-200.0,211.0,支付原料费 R3:5 R4:5 R2:10,observed_history_unknown_rule,src_766e2c00d61c,origin data/VPD-OE_Agent_20260709/VPD-OE_Agent/data/raw/ZY/ZY13.xls,现金流量表,51.0,
796373d6f850afeb,historical_cash_flow,historical_600_unknown_rule,unknown,ZY13,,49,3,1,Buy_Material,material_order,procurement,direct_decision,True,"{""materials"": {""R2"": 10, ""R3"": 5, ""R4"": 5}}",complete,0.0,211.0,订购原料 R2:10 R3:5 R4:5,observed_history_unknown_rule,src_766e2c00d61c,origin data/VPD-OE_Agent_20260709/VPD-OE_Agent/data/raw/ZY/ZY13.xls,现金流量表,52.0,
cdfcd2b134e52f26,historical_cash_flow,historical_600_unknown_rule,unknown,ZY13,,50,3,1,Product_Produce,production,production,direct_decision,True,"{""line_assignments"": [{""line_instance_id"": 199, ""product_id"": ""P4""}, {""line_instance_id"": 200, ""product_id"": ""P4""}, {""line_instance_id"": 201, ""product_id"": ""P4""}, {""line_instance_id"": 202, ""product_id"": ""P4""}, {""line_instance_id"": 203, ""product_id"": ""P4""}]}",complete,-50.0,161.0,199:P4 200:P4 201:P4 202:P4 203:P4,observed_history_unknown_rule,src_766e2c00d61c,origin data/VPD-OE_Agent_20260709/VPD-OE_Agent/data/raw/ZY/ZY13.xls,现金流量表,53.0,
2b65f4c437f53d2b,historical_cash_flow,historical_600_unknown_rule,unknown,ZY13,,51,3,1,Renew_Workshop,factory_rent_renewal,capacity,conditional_decision,True,{},not_applicable,-80.0,81.0,厂房续租,observed_history_unknown_rule,src_766e2c00d61c,origin data/VPD-OE_Agent_20260709/VPD-OE_Agent/data/raw/ZY/ZY13.xls,现金流量表,54.0,
0edd8a33c50d0dde,historical_cash_flow,historical_600_unknown_rule,unknown,ZY13,,52,3,1,Pay_Overhaul,administrative_fee,period_close,automatic_settlement,False,{},not_applicable,-10.0,71.0,支付行政管理费,observed_history_unknown_rule,src_766e2c00d61c,origin data/VPD-OE_Agent_20260709/VPD-OE_Agent/data/raw/ZY/ZY13.xls,现金流量表,55.0,
f5aeae3f7a6e3b6d,historical_cash_flow,historical_600_unknown_rule,unknown,ZY13,,53,3,2,Discount,receivable_discount,receivable,conditional_decision,True,"{""term_1_wan"": 0, ""term_2_wan"": 200, ""term_3_wan"": 0, ""term_4_wan"": 0}",complete,180.0,251.0,"1期贴现:0W,2期贴现:200W,3期贴现:0W,4期贴现:0W",observed_history_unknown_rule,src_766e2c00d61c,origin data/VPD-OE_Agent_20260709/VPD-OE_Agent/data/raw/ZY/ZY13.xls,现金流量表,56.0,
99d1eb95adf83d8a,historical_cash_flow,historical_600_unknown_rule,unknown,ZY13,,54,3,2,Pay_Material,material_receipt_payment,procurement,committed_settlement,False,"{""materials"": {""R2"": 10, ""R3"": 5, ""R4"": 5}}",complete,-200.0,51.0,支付原料费 R3:5 R4:5 R2:10,observed_history_unknown_rule,src_766e2c00d61c,origin data/VPD-OE_Agent_20260709/VPD-OE_Agent/data/raw/ZY/ZY13.xls,现金流量表,57.0,
48f74dfc6eb70b86,historical_cash_flow,historical_600_unknown_rule,unknown,ZY13,,55,3,2,Buy_Material,material_order,procurement,direct_decision,True,"{""materials"": {""R2"": 10, ""R3"": 5, ""R4"": 5}}",complete,0.0,51.0,订购原料 R2:10 R3:5 R4:5,observed_history_unknown_rule,src_766e2c00d61c,origin data/VPD-OE_Agent_20260709/VPD-OE_Agent/data/raw/ZY/ZY13.xls,现金流量表,58.0,
ecaba4a5f4f58ce9,historical_cash_flow,historical_600_unknown_rule,unknown,ZY13,,56,3,2,Product_Produce,production,production,direct_decision,True,"{""line_assignments"": [{""line_instance_id"": 199, ""product_id"": ""P4""}, {""line_instance_id"": 200, ""product_id"": ""P4""}, {""line_instance_id"": 201, ""product_id"": ""P4""}, {""line_instance_id"": 202, ""product_id"": ""P4""}, {""line_instance_id"": 203, ""product_id"": ""P4""}]}",complete,-50.0,1.0,199:P4 200:P4 201:P4 202:P4 203:P4,observed_history_unknown_rule,src_766e2c00d61c,origin data/VPD-OE_Agent_20260709/VPD-OE_Agent/data/raw/ZY/ZY13.xls,现金流量表,59.0,
c9a44b1e38443a40,historical_cash_flow,historical_600_unknown_rule,unknown,ZY13,,57,3,2,Update_Receivable,receivable_maturity,receivable,automatic_settlement,False,{},not_applicable,581.0,582.0,更新应收款,observed_history_unknown_rule,src_766e2c00d61c,origin data/VPD-OE_Agent_20260709/VPD-OE_Agent/data/raw/ZY/ZY13.xls,现金流量表,60.0,
be493374314fa89c,historical_cash_flow,historical_600_unknown_rule,unknown,ZY13,,58,3,2,Pay_Overhaul,administrative_fee,period_close,automatic_settlement,False,{},not_applicable,-10.0,572.0,支付行政管理费,observed_history_unknown_rule,src_766e2c00d61c,origin data/VPD-OE_Agent_20260709/VPD-OE_Agent/data/raw/ZY/ZY13.xls,现金流量表,61.0,
79bee5c20bfe41bc,historical_cash_flow,historical_600_unknown_rule,unknown,ZY13,,59,3,3,Pay_Material,material_receipt_payment,procurement,committed_settlement,False,"{""materials"": {""R2"": 10, ""R3"": 5, ""R4"": 5}}",complete,-200.0,372.0,支付原料费 R3:5 R4:5 R2:10,observed_history_unknown_rule,src_766e2c00d61c,origin data/VPD-OE_Agent_20260709/VPD-OE_Agent/data/raw/ZY/ZY13.xls,现金流量表,62.0,
caba852d99c5eaca,historical_cash_flow,historical_600_unknown_rule,unknown,ZY13,,60,3,3,Product_Produce,production,production,direct_decision,True,"{""line_assignments"": [{""line_instance_id"": 199, ""product_id"": ""P4""}, {""line_instance_id"": 200, ""product_id"": ""P4""}, {""line_instance_id"": 201, ""product_id"": ""P4""}, {""line_instance_id"": 202, ""product_id"": ""P4""}, {""line_instance_id"": 203, ""product_id"": ""P4""}]}",complete,-50.0,322.0,199:P4 200:P4 201:P4 202:P4 203:P4,observed_history_unknown_rule,src_766e2c00d61c,origin data/VPD-OE_Agent_20260709/VPD-OE_Agent/data/raw/ZY/ZY13.xls,现金流量表,63.0,
6e5767595c313146,historical_cash_flow,historical_600_unknown_rule,unknown,ZY13,,61,3,3,Buy_ProductLine,production_line_order,capacity,direct_decision,True,"{""line_type"": ""自动线"", ""product_id"": ""P3""}",complete,-50.0,272.0,订购[自动线]生产[P3],observed_history_unknown_rule,src_766e2c00d61c,origin data/VPD-OE_Agent_20260709/VPD-OE_Agent/data/raw/ZY/ZY13.xls,现金流量表,64.0,
9ffb2fbbfc352806,historical_cash_flow,historical_600_unknown_rule,unknown,ZY13,,62,3,3,Buy_ProductLine,production_line_order,capacity,direct_decision,True,"{""line_type"": ""自动线"", ""product_id"": ""P3""}",complete,-50.0,222.0,订购[自动线]生产[P3],observed_history_unknown_rule,src_766e2c00d61c,origin data/VPD-OE_Agent_20260709/VPD-OE_Agent/data/raw/ZY/ZY13.xls,现金流量表,65.0,
c6acad415c14dc7a,historical_cash_flow,historical_600_unknown_rule,unknown,ZY13,,63,3,3,Buy_ProductLine,production_line_order,capacity,direct_decision,True,"{""line_type"": ""自动线"", ""product_id"": ""P3""}",complete,-50.0,172.0,订购[自动线]生产[P3],observed_history_unknown_rule,src_766e2c00d61c,origin data/VPD-OE_Agent_20260709/VPD-OE_Agent/data/raw/ZY/ZY13.xls,现金流量表,66.0,
412acfc8afbc2b48,historical_cash_flow,historical_600_unknown_rule,unknown,ZY13,,64,3,3,Buy_Material,material_order,procurement,direct_decision,True,"{""materials"": {""R2"": 10, ""R3"": 5, ""R4"": 5}}",complete,0.0,172.0,订购原料 R2:10 R3:5 R4:5,observed_history_unknown_rule,src_766e2c00d61c,origin data/VPD-OE_Agent_20260709/VPD-OE_Agent/data/raw/ZY/ZY13.xls,现金流量表,67.0,
5879bdcfa880e9b9,historical_cash_flow,historical_600_unknown_rule,unknown,ZY13,,65,3,3,Update_Receivable,receivable_maturity,receivable,automatic_settlement,False,{},not_applicable,784.0,956.0,更新应收款,observed_history_unknown_rule,src_766e2c00d61c,origin data/VPD-OE_Agent_20260709/VPD-OE_Agent/data/raw/ZY/ZY13.xls,现金流量表,68.0,
2a9e00c98b103101,historical_cash_flow,historical_600_unknown_rule,unknown,ZY13,,66,3,3,Develop_Product,product_development,qualification,direct_decision,True,"{""products"": [""P3""]}",complete,-10.0,946.0,产品生产资格投资: P3,observed_history_unknown_rule,src_766e2c00d61c,origin data/VPD-OE_Agent_20260709/VPD-OE_Agent/data/raw/ZY/ZY13.xls,现金流量表,69.0,
84b594d5c318b757,historical_cash_flow,historical_600_unknown_rule,unknown,ZY13,,67,3,3,Pay_Overhaul,administrative_fee,period_close,automatic_settlement,False,{},not_applicable,-10.0,936.0,支付行政管理费,observed_history_unknown_rule,src_766e2c00d61c,origin data/VPD-OE_Agent_20260709/VPD-OE_Agent/data/raw/ZY/ZY13.xls,现金流量表,70.0,
a9fcbb07f5e48ab0,historical_cash_flow,historical_600_unknown_rule,unknown,ZY13,,68,3,4,Pay_Material,material_receipt_payment,procurement,committed_settlement,False,"{""materials"": {""R2"": 10, ""R3"": 5, ""R4"": 5}}",complete,-200.0,736.0,支付原料费 R3:5 R4:5 R2:10,observed_history_unknown_rule,src_766e2c00d61c,origin data/VPD-OE_Agent_20260709/VPD-OE_Agent/data/raw/ZY/ZY13.xls,现金流量表,71.0,
2dd7325910bf191b,historical_cash_flow,historical_600_unknown_rule,unknown,ZY13,,69,3,4,Product_Produce,production,production,direct_decision,True,"{""line_assignments"": [{""line_instance_id"": 199, ""product_id"": ""P4""}, {""line_instance_id"": 200, ""product_id"": ""P4""}, {""line_instance_id"": 201, ""product_id"": ""P4""}, {""line_instance_id"": 202, ""product_id"": ""P4""}, {""line_instance_id"": 203, ""product_id"": ""P4""}]}",complete,-50.0,686.0,199:P4 200:P4 201:P4 202:P4 203:P4,observed_history_unknown_rule,src_766e2c00d61c,origin data/VPD-OE_Agent_20260709/VPD-OE_Agent/data/raw/ZY/ZY13.xls,现金流量表,72.0,
a375f4a74fe9def4,historical_cash_flow,historical_600_unknown_rule,unknown,ZY13,,70,3,4,Buy_Material,material_order,procurement,direct_decision,True,"{""materials"": {""R2"": 10, ""R3"": 8, ""R4"": 8}}",complete,0.0,686.0,订购原料 R2:10 R3:8 R4:8,observed_history_unknown_rule,src_766e2c00d61c,origin data/VPD-OE_Agent_20260709/VPD-OE_Agent/data/raw/ZY/ZY13.xls,现金流量表,73.0,
2cb7372ebdf111f0,historical_cash_flow,historical_600_unknown_rule,unknown,ZY13,,71,3,4,Invest_ProductLine,production_line_investment,capacity,committed_settlement,False,{},partial,-150.0,536.0,投资在建生产线,observed_history_unknown_rule,src_766e2c00d61c,origin data/VPD-OE_Agent_20260709/VPD-OE_Agent/data/raw/ZY/ZY13.xls,现金流量表,74.0,
27e4cc5c0b578271,historical_cash_flow,historical_600_unknown_rule,unknown,ZY13,,72,3,4,Develop_Product,product_development,qualification,direct_decision,True,"{""products"": [""P3""]}",complete,-10.0,526.0,产品生产资格投资: P3,observed_history_unknown_rule,src_766e2c00d61c,origin data/VPD-OE_Agent_20260709/VPD-OE_Agent/data/raw/ZY/ZY13.xls,现金流量表,75.0,
725d57a8153e8a05,historical_cash_flow,historical_600_unknown_rule,unknown,ZY13,,73,3,4,Develop_Market,market_development,qualification,direct_decision,True,"{""markets"": [""亚洲"", ""国际""]}",complete,-20.0,506.0,"市场开拓资格投资,开发项目:亚洲 国际",observed_history_unknown_rule,src_766e2c00d61c,origin data/VPD-OE_Agent_20260709/VPD-OE_Agent/data/raw/ZY/ZY13.xls,现金流量表,76.0,
4c134898a7a5b2d4,historical_cash_flow,historical_600_unknown_rule,unknown,ZY13,,74,3,4,Pay_Overhaul,administrative_fee,period_close,automatic_settlement,False,{},not_applicable,-10.0,496.0,支付行政管理费,observed_history_unknown_rule,src_766e2c00d61c,origin data/VPD-OE_Agent_20260709/VPD-OE_Agent/data/raw/ZY/ZY13.xls,现金流量表,77.0,
9e3639964b681351,historical_cash_flow,historical_600_unknown_rule,unknown,ZY13,,75,3,4,Pay_Maintenance,maintenance,period_close,automatic_settlement,False,{},not_applicable,-50.0,446.0,支付维护费,observed_history_unknown_rule,src_766e2c00d61c,origin data/VPD-OE_Agent_20260709/VPD-OE_Agent/data/raw/ZY/ZY13.xls,现金流量表,78.0,
40ce98a1361f1ea4,historical_cash_flow,historical_600_unknown_rule,unknown,ZY13,,76,4,1,Pay_Long_Loan,long_loan_repayment,finance,committed_settlement,False,{},partial,-180.0,266.0,支付长贷本息,observed_history_unknown_rule,src_766e2c00d61c,origin data/VPD-OE_Agent_20260709/VPD-OE_Agent/data/raw/ZY/ZY13.xls,现金流量表,79.0,
934a5183c7c42bd3,historical_cash_flow,historical_600_unknown_rule,unknown,ZY13,,77,4,1,Pay_AD,advertising,sales,direct_decision,True,{},partial,-180.0,86.0,广告投放,observed_history_unknown_rule,src_766e2c00d61c,origin data/VPD-OE_Agent_20260709/VPD-OE_Agent/data/raw/ZY/ZY13.xls,现金流量表,80.0,
95c9321f8c74df5d,historical_cash_flow,historical_600_unknown_rule,unknown,ZY13,,78,4,1,Sell_Inventory_Product,inventory_product_sale,sales,conditional_decision,True,"{""direct_cost_wan"": 200}",partial,200.0,286.0,"出售库存产品,直接成本:200W",observed_history_unknown_rule,src_766e2c00d61c,origin data/VPD-OE_Agent_20260709/VPD-OE_Agent/data/raw/ZY/ZY13.xls,现金流量表,81.0,
839dd040e6c3b6e7,historical_cash_flow,historical_600_unknown_rule,unknown,ZY13,,79,4,1,Sell_Inventory_Product,inventory_product_sale,sales,conditional_decision,True,"{""direct_cost_wan"": 50}",partial,50.0,336.0,"出售库存产品,直接成本:50W",observed_history_unknown_rule,src_766e2c00d61c,origin data/VPD-OE_Agent_20260709/VPD-OE_Agent/data/raw/ZY/ZY13.xls,现金流量表,82.0,
c50b7f5989e5a318,historical_cash_flow,historical_600_unknown_rule,unknown,ZY13,,80,4,1,Pay_Material,material_receipt_payment,procurement,committed_settlement,False,"{""materials"": {""R2"": 10, ""R3"": 5, ""R4"": 5}}",complete,-200.0,136.0,支付原料费 R3:5 R4:5 R2:10,observed_history_unknown_rule,src_766e2c00d61c,origin data/VPD-OE_Agent_20260709/VPD-OE_Agent/data/raw/ZY/ZY13.xls,现金流量表,83.0,
442954df07acd41f,historical_cash_flow,historical_600_unknown_rule,unknown,ZY13,,81,4,1,Buy_Material,material_order,procurement,direct_decision,True,"{""materials"": {""R1"": 1, ""R2"": 10, ""R3"": 6, ""R4"": 6}}",complete,0.0,136.0,订购原料 R1:1 R2:10 R3:6 R4:6,observed_history_unknown_rule,src_766e2c00d61c,origin data/VPD-OE_Agent_20260709/VPD-OE_Agent/data/raw/ZY/ZY13.xls,现金流量表,84.0,
42aa6658acdd19a4,historical_cash_flow,historical_600_unknown_rule,unknown,ZY13,,82,4,1,Invest_ProductLine,production_line_investment,capacity,committed_settlement,False,{},partial,-50.0,86.0,投资在建生产线,observed_history_unknown_rule,src_766e2c00d61c,origin data/VPD-OE_Agent_20260709/VPD-OE_Agent/data/raw/ZY/ZY13.xls,现金流量表,85.0,
f270b20dd66551eb,historical_cash_flow,historical_600_unknown_rule,unknown,ZY13,,83,4,1,Product_Produce,production,production,direct_decision,True,"{""line_assignments"": [{""line_instance_id"": 199, ""product_id"": ""P4""}, {""line_instance_id"": 200, ""product_id"": ""P4""}, {""line_instance_id"": 201, ""product_id"": ""P4""}, {""line_instance_id"": 202, ""product_id"": ""P4""}, {""line_instance_id"": 203, ""product_id"": ""P4""}]}",complete,-50.0,36.0,199:P4 200:P4 201:P4 202:P4 203:P4,observed_history_unknown_rule,src_766e2c00d61c,origin data/VPD-OE_Agent_20260709/VPD-OE_Agent/data/raw/ZY/ZY13.xls,现金流量表,86.0,
2a844003868e31fc,historical_cash_flow,historical_600_unknown_rule,unknown,ZY13,,84,4,1,Develop_Product,product_development,qualification,direct_decision,True,"{""products"": [""P3""]}",complete,-10.0,26.0,产品生产资格投资: P3,observed_history_unknown_rule,src_766e2c00d61c,origin data/VPD-OE_Agent_20260709/VPD-OE_Agent/data/raw/ZY/ZY13.xls,现金流量表,87.0,
9b518391aaffaa8c,historical_cash_flow,historical_600_unknown_rule,unknown,ZY13,,85,4,1,Sell_Product,order_delivery,sales,conditional_decision,True,{},partial,371.0,397.0,订单交货,observed_history_unknown_rule,src_766e2c00d61c,origin data/VPD-OE_Agent_20260709/VPD-OE_Agent/data/raw/ZY/ZY13.xls,现金流量表,88.0,
ef52d7a148675d93,historical_cash_flow,historical_600_unknown_rule,unknown,ZY13,,86,4,1,Renew_Workshop,factory_rent_renewal,capacity,conditional_decision,True,{},not_applicable,-80.0,317.0,厂房续租,observed_history_unknown_rule,src_766e2c00d61c,origin data/VPD-OE_Agent_20260709/VPD-OE_Agent/data/raw/ZY/ZY13.xls,现金流量表,89.0,
489024b3dbbab1d4,historical_cash_flow,historical_600_unknown_rule,unknown,ZY13,,87,4,1,Pay_Overhaul,administrative_fee,period_close,automatic_settlement,False,{},not_applicable,-10.0,307.0,支付行政管理费,observed_history_unknown_rule,src_766e2c00d61c,origin data/VPD-OE_Agent_20260709/VPD-OE_Agent/data/raw/ZY/ZY13.xls,现金流量表,90.0,
43e7a2bcfab7f6df,historical_cash_flow,historical_600_unknown_rule,unknown,ZY13,,88,4,2,Pay_Material,material_receipt_payment,procurement,committed_settlement,False,"{""materials"": {""R1"": 1, ""R2"": 10, ""R3"": 8, ""R4"": 8}}",complete,-270.0,37.0,支付原料费 R3:8 R4:8 R1:1 R2:10,observed_history_unknown_rule,src_766e2c00d61c,origin data/VPD-OE_Agent_20260709/VPD-OE_Agent/data/raw/ZY/ZY13.xls,现金流量表,91.0,
f62436a62afe0cda,historical_cash_flow,historical_600_unknown_rule,unknown,ZY13,,89,4,2,Discount,receivable_discount,receivable,conditional_decision,True,"{""term_1_wan"": 0, ""term_2_wan"": 200, ""term_3_wan"": 0, ""term_4_wan"": 0}",complete,180.0,217.0,"1期贴现:0W,2期贴现:200W,3期贴现:0W,4期贴现:0W",observed_history_unknown_rule,src_766e2c00d61c,origin data/VPD-OE_Agent_20260709/VPD-OE_Agent/data/raw/ZY/ZY13.xls,现金流量表,92.0,
e02992b0d40f3165,historical_cash_flow,historical_600_unknown_rule,unknown,ZY13,,90,4,2,Product_Produce,production,production,direct_decision,True,"{""line_assignments"": [{""line_instance_id"": 199, ""product_id"": ""P4""}, {""line_instance_id"": 200, ""product_id"": ""P4""}, {""line_instance_id"": 201, ""product_id"": ""P4""}, {""line_instance_id"": 202, ""product_id"": ""P4""}, {""line_instance_id"": 203, ""product_id"": ""P4""}, {""line_instance_id"": 225, ""product_id"": ""P3""}]}",complete,-60.0,157.0,199:P4 200:P4 201:P4 202:P4 203:P4 225:P3,observed_history_unknown_rule,src_766e2c00d61c,origin data/VPD-OE_Agent_20260709/VPD-OE_Agent/data/raw/ZY/ZY13.xls,现金流量表,93.0,
a106761163481305,historical_cash_flow,historical_600_unknown_rule,unknown,ZY13,,91,4,2,Buy_Material,material_order,procurement,direct_decision,True,"{""materials"": {""R1"": 3, ""R2"": 10, ""R3"": 8, ""R4"": 8}}",complete,0.0,157.0,订购原料 R1:3 R2:10 R3:8 R4:8,observed_history_unknown_rule,src_766e2c00d61c,origin data/VPD-OE_Agent_20260709/VPD-OE_Agent/data/raw/ZY/ZY13.xls,现金流量表,94.0,
37f8f4872da9c1bc,historical_cash_flow,historical_600_unknown_rule,unknown,ZY13,,92,4,2,Invest_ProductLine,production_line_investment,capacity,committed_settlement,False,{},partial,-100.0,57.0,投资在建生产线,observed_history_unknown_rule,src_766e2c00d61c,origin data/VPD-OE_Agent_20260709/VPD-OE_Agent/data/raw/ZY/ZY13.xls,现金流量表,95.0,
a52fb2e0efed00d4,historical_cash_flow,historical_600_unknown_rule,unknown,ZY13,,93,4,2,Update_Receivable,receivable_maturity,receivable,automatic_settlement,False,{},not_applicable,310.0,367.0,更新应收款,observed_history_unknown_rule,src_766e2c00d61c,origin data/VPD-OE_Agent_20260709/VPD-OE_Agent/data/raw/ZY/ZY13.xls,现金流量表,96.0,
aee123094222c0d8,historical_cash_flow,historical_600_unknown_rule,unknown,ZY13,,94,4,2,Pay_Overhaul,administrative_fee,period_close,automatic_settlement,False,{},not_applicable,-10.0,357.0,支付行政管理费,observed_history_unknown_rule,src_766e2c00d61c,origin data/VPD-OE_Agent_20260709/VPD-OE_Agent/data/raw/ZY/ZY13.xls,现金流量表,97.0,
58876e5ef6633903,historical_cash_flow,historical_600_unknown_rule,unknown,ZY13,,95,4,3,Pay_Material,material_receipt_payment,procurement,committed_settlement,False,"{""materials"": {""R1"": 3, ""R2"": 10, ""R3"": 6, ""R4"": 6}}",complete,-250.0,107.0,支付原料费 R3:6 R4:6 R1:3 R2:10,observed_history_unknown_rule,src_766e2c00d61c,origin data/VPD-OE_Agent_20260709/VPD-OE_Agent/data/raw/ZY/ZY13.xls,现金流量表,98.0,
93e591cdac21f507,historical_cash_flow,historical_600_unknown_rule,unknown,ZY13,,96,4,3,Buy_Material,material_order,procurement,direct_decision,True,"{""materials"": {""R1"": 3, ""R2"": 10, ""R3"": 8, ""R4"": 8}}",complete,0.0,107.0,订购原料 R1:3 R2:10 R3:8 R4:8,observed_history_unknown_rule,src_766e2c00d61c,origin data/VPD-OE_Agent_20260709/VPD-OE_Agent/data/raw/ZY/ZY13.xls,现金流量表,99.0,
268314ed48efb992,historical_cash_flow,historical_600_unknown_rule,unknown,ZY13,,97,4,3,Product_Produce,production,production,direct_decision,True,"{""line_assignments"": [{""line_instance_id"": 199, ""product_id"": ""P4""}, {""line_instance_id"": 200, ""product_id"": ""P4""}, {""line_instance_id"": 201, ""product_id"": ""P4""}, {""line_instance_id"": 202, ""product_id"": ""P4""}, {""line_instance_id"": 203, ""product_id"": ""P4""}, {""line_instance_id"": 225, ""product_id"": ""P3""}, {""line_instance_id"": 226, ""product_id"": ""P3""}, {""line_instance_id"": 227, ""product_id"": ""P3""}]}",complete,-80.0,27.0,199:P4 200:P4 201:P4 202:P4 203:P4 225:P3 226:P3 227:P3,observed_history_unknown_rule,src_766e2c00d61c,origin data/VPD-OE_Agent_20260709/VPD-OE_Agent/data/raw/ZY/ZY13.xls,现金流量表,100.0,
58e9b4b8acc2e6b2,historical_cash_flow,historical_600_unknown_rule,unknown,ZY13,,98,4,3,Update_Receivable,receivable_maturity,receivable,automatic_settlement,False,{},not_applicable,281.0,308.0,更新应收款,observed_history_unknown_rule,src_766e2c00d61c,origin data/VPD-OE_Agent_20260709/VPD-OE_Agent/data/raw/ZY/ZY13.xls,现金流量表,101.0,
e64b3546a0cffb3f,historical_cash_flow,historical_600_unknown_rule,unknown,ZY13,,99,4,3,Pay_Overhaul,administrative_fee,period_close,automatic_settlement,False,{},not_applicable,-10.0,298.0,支付行政管理费,observed_history_unknown_rule,src_766e2c00d61c,origin data/VPD-OE_Agent_20260709/VPD-OE_Agent/data/raw/ZY/ZY13.xls,现金流量表,102.0,
e70fdeeef94d4aba,historical_cash_flow,historical_600_unknown_rule,unknown,ZY13,,100,4,4,Pay_Material,material_receipt_payment,procurement,committed_settlement,False,"{""materials"": {""R1"": 3, ""R2"": 10, ""R3"": 8, ""R4"": 8}}",complete,-290.0,8.0,支付原料费 R3:8 R4:8 R1:3 R2:10,observed_history_unknown_rule,src_766e2c00d61c,origin data/VPD-OE_Agent_20260709/VPD-OE_Agent/data/raw/ZY/ZY13.xls,现金流量表,103.0,
06c1adfbb320d50c,historical_cash_flow,historical_600_unknown_rule,unknown,ZY13,,101,4,4,Buy_Material,material_order,procurement,direct_decision,True,"{""materials"": {""R1"": 3, ""R2"": 10, ""R3"": 8, ""R4"": 8}}",complete,0.0,8.0,订购原料 R1:3 R2:10 R3:8 R4:8,observed_history_unknown_rule,src_766e2c00d61c,origin data/VPD-OE_Agent_20260709/VPD-OE_Agent/data/raw/ZY/ZY13.xls,现金流量表,104.0,
091d7ebe28c9f1de,historical_cash_flow,historical_600_unknown_rule,unknown,ZY13,,102,4,4,Discount,receivable_discount,receivable,conditional_decision,True,"{""term_1_wan"": 100, ""term_2_wan"": 0, ""term_3_wan"": 0, ""term_4_wan"": 0}",complete,90.0,98.0,"1期贴现:100W,2期贴现:0W,3期贴现:0W,4期贴现:0W",observed_history_unknown_rule,src_766e2c00d61c,origin data/VPD-OE_Agent_20260709/VPD-OE_Agent/data/raw/ZY/ZY13.xls,现金流量表,105.0,
3d7f9b2a682f2104,historical_cash_flow,historical_600_unknown_rule,unknown,ZY13,,103,4,4,Product_Produce,production,production,direct_decision,True,"{""line_assignments"": [{""line_instance_id"": 199, ""product_id"": ""P4""}, {""line_instance_id"": 200, ""product_id"": ""P4""}, {""line_instance_id"": 201, ""product_id"": ""P4""}, {""line_instance_id"": 202, ""product_id"": ""P4""}, {""line_instance_id"": 203, ""product_id"": ""P4""}, {""line_instance_id"": 225, ""product_id"": ""P3""}, {""line_instance_id"": 226, ""product_id"": ""P3""}, {""line_instance_id"": 227, ""product_id"": ""P3""}]}",complete,-80.0,18.0,199:P4 200:P4 201:P4 202:P4 203:P4 225:P3 226:P3 227:P3,observed_history_unknown_rule,src_766e2c00d61c,origin data/VPD-OE_Agent_20260709/VPD-OE_Agent/data/raw/ZY/ZY13.xls,现金流量表,106.0,
391eb16e94dd76c5,historical_cash_flow,historical_600_unknown_rule,unknown,ZY13,,104,4,4,Update_Receivable,receivable_maturity,receivable,automatic_settlement,False,{},not_applicable,879.0,897.0,更新应收款,observed_history_unknown_rule,src_766e2c00d61c,origin data/VPD-OE_Agent_20260709/VPD-OE_Agent/data/raw/ZY/ZY13.xls,现金流量表,107.0,
b2a1da0e4d81cd94,historical_cash_flow,historical_600_unknown_rule,unknown,ZY13,,105,4,4,Develop_Market,market_development,qualification,direct_decision,True,"{""markets"": [""国际""]}",complete,-10.0,887.0,"市场开拓资格投资,开发项目:国际",observed_history_unknown_rule,src_766e2c00d61c,origin data/VPD-OE_Agent_20260709/VPD-OE_Agent/data/raw/ZY/ZY13.xls,现金流量表,108.0,
49c0985e5d1db68e,historical_cash_flow,historical_600_unknown_rule,unknown,ZY13,,106,4,4,Pay_Overhaul,administrative_fee,period_close,automatic_settlement,False,{},not_applicable,-10.0,877.0,支付行政管理费,observed_history_unknown_rule,src_766e2c00d61c,origin data/VPD-OE_Agent_20260709/VPD-OE_Agent/data/raw/ZY/ZY13.xls,现金流量表,109.0,
7c5ab742d56a80ce,historical_cash_flow,historical_600_unknown_rule,unknown,ZY13,,107,4,4,Pay_Maintenance,maintenance,period_close,automatic_settlement,False,{},not_applicable,-80.0,797.0,支付维护费,observed_history_unknown_rule,src_766e2c00d61c,origin data/VPD-OE_Agent_20260709/VPD-OE_Agent/data/raw/ZY/ZY13.xls,现金流量表,110.0,
2773b98e069ea385,historical_cash_flow,historical_600_unknown_rule,unknown,ZY13,,108,5,1,Pay_Tax,tax_payment,period_close,automatic_settlement,False,{},not_applicable,-60.0,737.0,支付上一年税金,observed_history_unknown_rule,src_766e2c00d61c,origin data/VPD-OE_Agent_20260709/VPD-OE_Agent/data/raw/ZY/ZY13.xls,现金流量表,111.0,
900e9bbcdb70e767,historical_cash_flow,historical_600_unknown_rule,unknown,ZY13,,109,5,1,Pay_Long_Loan,long_loan_repayment,finance,committed_settlement,False,{},partial,-180.0,557.0,支付长贷本息,observed_history_unknown_rule,src_766e2c00d61c,origin data/VPD-OE_Agent_20260709/VPD-OE_Agent/data/raw/ZY/ZY13.xls,现金流量表,112.0,
4fc3fc6e0e1ca4bd,historical_cash_flow,historical_600_unknown_rule,unknown,ZY13,,110,5,1,Pay_AD,advertising,sales,direct_decision,True,{},partial,-187.0,370.0,广告投放,observed_history_unknown_rule,src_766e2c00d61c,origin data/VPD-OE_Agent_20260709/VPD-OE_Agent/data/raw/ZY/ZY13.xls,现金流量表,113.0,
64dd2d694590231a,historical_cash_flow,historical_600_unknown_rule,unknown,ZY13,,111,5,1,Auction_Win,order_award,sales,external_outcome,False,"{""order_id"": ""J53-0030""}",complete,-10.0,360.0,竞单成功，获得订单:J53-0030,observed_history_unknown_rule,src_766e2c00d61c,origin data/VPD-OE_Agent_20260709/VPD-OE_Agent/data/raw/ZY/ZY13.xls,现金流量表,114.0,
97ae0dbdd70e940c,historical_cash_flow,historical_600_unknown_rule,unknown,ZY13,,112,5,1,Auction_Win,order_award,sales,external_outcome,False,"{""order_id"": ""J55-0032""}",complete,-10.0,350.0,竞单成功，获得订单:J55-0032,observed_history_unknown_rule,src_766e2c00d61c,origin data/VPD-OE_Agent_20260709/VPD-OE_Agent/data/raw/ZY/ZY13.xls,现金流量表,115.0,
11c915d974f043e7,historical_cash_flow,historical_600_unknown_rule,unknown,ZY13,,113,5,1,Long_Loan,long_loan_borrow,finance,conditional_decision,True,"{""principal_wan"": 534, ""term"": 4, ""term_unit"": ""year""}",complete,534.0,884.0,申请:4年 534W的长期贷款,observed_history_unknown_rule,src_766e2c00d61c,origin data/VPD-OE_Agent_20260709/VPD-OE_Agent/data/raw/ZY/ZY13.xls,现金流量表,116.0,
9d2cc978a30704e1,historical_cash_flow,historical_600_unknown_rule,unknown,ZY13,,114,5,1,Pay_Material,material_receipt_payment,procurement,committed_settlement,False,"{""materials"": {""R1"": 3, ""R2"": 10, ""R3"": 8, ""R4"": 8}}",complete,-290.0,594.0,支付原料费 R3:8 R4:8 R1:3 R2:10,observed_history_unknown_rule,src_766e2c00d61c,origin data/VPD-OE_Agent_20260709/VPD-OE_Agent/data/raw/ZY/ZY13.xls,现金流量表,117.0,
3eb2c706084c67b7,historical_cash_flow,historical_600_unknown_rule,unknown,ZY13,,115,5,1,Product_Produce,production,production,direct_decision,True,"{""line_assignments"": [{""line_instance_id"": 199, ""product_id"": ""P4""}, {""line_instance_id"": 200, ""product_id"": ""P4""}, {""line_instance_id"": 201, ""product_id"": ""P4""}, {""line_instance_id"": 202, ""product_id"": ""P4""}, {""line_instance_id"": 203, ""product_id"": ""P4""}, {""line_instance_id"": 225, ""product_id"": ""P3""}, {""line_instance_id"": 226, ""product_id"": ""P3""}, {""line_instance_id"": 227, ""product_id"": ""P3""}]}",complete,-80.0,514.0,199:P4 200:P4 201:P4 202:P4 203:P4 225:P3 226:P3 227:P3,observed_history_unknown_rule,src_766e2c00d61c,origin data/VPD-OE_Agent_20260709/VPD-OE_Agent/data/raw/ZY/ZY13.xls,现金流量表,118.0,
281c737ae3324708,historical_cash_flow,historical_600_unknown_rule,unknown,ZY13,,116,5,1,Buy_Material,material_order,procurement,direct_decision,True,"{""materials"": {""R1"": 8, ""R2"": 2, ""R3"": 3, ""R4"": 3}}",complete,0.0,514.0,订购原料 R1:8 R2:2 R3:3 R4:3,observed_history_unknown_rule,src_766e2c00d61c,origin data/VPD-OE_Agent_20260709/VPD-OE_Agent/data/raw/ZY/ZY13.xls,现金流量表,119.0,
d3d91eb35bdbbfbf,historical_cash_flow,historical_600_unknown_rule,unknown,ZY13,,117,5,1,Develop_Product,product_development,qualification,direct_decision,True,"{""products"": [""P1"", ""P2""]}",complete,-20.0,494.0,产品生产资格投资: P1 P2,observed_history_unknown_rule,src_766e2c00d61c,origin data/VPD-OE_Agent_20260709/VPD-OE_Agent/data/raw/ZY/ZY13.xls,现金流量表,120.0,
8902c42e697ea202,historical_cash_flow,historical_600_unknown_rule,unknown,ZY13,,118,5,1,Renew_Workshop,factory_rent_renewal,capacity,conditional_decision,True,{},not_applicable,-80.0,414.0,厂房续租,observed_history_unknown_rule,src_766e2c00d61c,origin data/VPD-OE_Agent_20260709/VPD-OE_Agent/data/raw/ZY/ZY13.xls,现金流量表,121.0,
c874d4b8371bfeef,historical_cash_flow,historical_600_unknown_rule,unknown,ZY13,,119,5,1,Pay_Overhaul,administrative_fee,period_close,automatic_settlement,False,{},not_applicable,-10.0,404.0,支付行政管理费,observed_history_unknown_rule,src_766e2c00d61c,origin data/VPD-OE_Agent_20260709/VPD-OE_Agent/data/raw/ZY/ZY13.xls,现金流量表,122.0,
a839d92d57f25594,historical_cash_flow,historical_600_unknown_rule,unknown,ZY13,,120,5,2,Pay_Material,material_receipt_payment,procurement,committed_settlement,False,"{""materials"": {""R1"": 8, ""R2"": 2, ""R3"": 8, ""R4"": 8}}",complete,-260.0,144.0,支付原料费 R3:8 R4:8 R1:8 R2:2,observed_history_unknown_rule,src_766e2c00d61c,origin data/VPD-OE_Agent_20260709/VPD-OE_Agent/data/raw/ZY/ZY13.xls,现金流量表,123.0,
9f38fb7e4ad9496b,historical_cash_flow,historical_600_unknown_rule,unknown,ZY13,,121,5,2,Product_Produce,production,production,direct_decision,True,"{""line_assignments"": [{""line_instance_id"": 199, ""product_id"": ""P4""}, {""line_instance_id"": 225, ""product_id"": ""P3""}, {""line_instance_id"": 226, ""product_id"": ""P3""}, {""line_instance_id"": 227, ""product_id"": ""P3""}]}",complete,-40.0,104.0,199:P4 225:P3 226:P3 227:P3,observed_history_unknown_rule,src_766e2c00d61c,origin data/VPD-OE_Agent_20260709/VPD-OE_Agent/data/raw/ZY/ZY13.xls,现金流量表,124.0,
07aae8aa9ed2a2fc,historical_cash_flow,historical_600_unknown_rule,unknown,ZY13,,122,5,2,Transfer,production_line_conversion,capacity,direct_decision,True,"{""target_product_id"": ""P3""}",partial,-80.0,24.0,"生产线转产,转产成P3",observed_history_unknown_rule,src_766e2c00d61c,origin data/VPD-OE_Agent_20260709/VPD-OE_Agent/data/raw/ZY/ZY13.xls,现金流量表,125.0,
ba25ef5ba8789788,historical_cash_flow,historical_600_unknown_rule,unknown,ZY13,,123,5,2,Buy_Material,material_order,procurement,direct_decision,True,"{""materials"": {""R1"": 2}}",complete,0.0,24.0,订购原料 R1:2,observed_history_unknown_rule,src_766e2c00d61c,origin data/VPD-OE_Agent_20260709/VPD-OE_Agent/data/raw/ZY/ZY13.xls,现金流量表,126.0,
a6614afbbd7b0bc3,historical_cash_flow,historical_600_unknown_rule,unknown,ZY13,,124,5,2,Update_Receivable,receivable_maturity,receivable,automatic_settlement,False,{},not_applicable,492.0,516.0,更新应收款,observed_history_unknown_rule,src_766e2c00d61c,origin data/VPD-OE_Agent_20260709/VPD-OE_Agent/data/raw/ZY/ZY13.xls,现金流量表,127.0,
449ebba0b51eef67,historical_cash_flow,historical_600_unknown_rule,unknown,ZY13,,125,5,2,Develop_Product,product_development,qualification,direct_decision,True,"{""products"": [""P1"", ""P2""]}",complete,-20.0,496.0,产品生产资格投资: P1 P2,observed_history_unknown_rule,src_766e2c00d61c,origin data/VPD-OE_Agent_20260709/VPD-OE_Agent/data/raw/ZY/ZY13.xls,现金流量表,128.0,
d89cebddda9c9b6f,historical_cash_flow,historical_600_unknown_rule,unknown,ZY13,,126,5,2,Pay_Overhaul,administrative_fee,period_close,automatic_settlement,False,{},not_applicable,-10.0,486.0,支付行政管理费,observed_history_unknown_rule,src_766e2c00d61c,origin data/VPD-OE_Agent_20260709/VPD-OE_Agent/data/raw/ZY/ZY13.xls,现金流量表,129.0,
6df8ffc3d3ccc2aa,historical_cash_flow,historical_600_unknown_rule,unknown,ZY13,,127,5,3,Pay_Material,material_receipt_payment,procurement,committed_settlement,False,"{""materials"": {""R1"": 2, ""R3"": 3, ""R4"": 3}}",complete,-80.0,406.0,支付原料费 R3:3 R4:3 R1:2,observed_history_unknown_rule,src_766e2c00d61c,origin data/VPD-OE_Agent_20260709/VPD-OE_Agent/data/raw/ZY/ZY13.xls,现金流量表,130.0,
9b49d56ae30a1190,historical_cash_flow,historical_600_unknown_rule,unknown,ZY13,,128,5,3,Product_Produce,production,production,direct_decision,True,"{""line_assignments"": [{""line_instance_id"": 200, ""product_id"": ""P3""}, {""line_instance_id"": 201, ""product_id"": ""P3""}, {""line_instance_id"": 202, ""product_id"": ""P3""}, {""line_instance_id"": 203, ""product_id"": ""P3""}, {""line_instance_id"": 225, ""product_id"": ""P3""}, {""line_instance_id"": 226, ""product_id"": ""P3""}, {""line_instance_id"": 227, ""product_id"": ""P3""}]}",complete,-70.0,336.0,200:P3 201:P3 202:P3 203:P3 225:P3 226:P3 227:P3,observed_history_unknown_rule,src_766e2c00d61c,origin data/VPD-OE_Agent_20260709/VPD-OE_Agent/data/raw/ZY/ZY13.xls,现金流量表,131.0,
bcab3565299bf057,historical_cash_flow,historical_600_unknown_rule,unknown,ZY13,,129,5,3,Update_Receivable,receivable_maturity,receivable,automatic_settlement,False,{},not_applicable,283.0,619.0,更新应收款,observed_history_unknown_rule,src_766e2c00d61c,origin data/VPD-OE_Agent_20260709/VPD-OE_Agent/data/raw/ZY/ZY13.xls,现金流量表,132.0,
720511b602d75e5b,historical_cash_flow,historical_600_unknown_rule,unknown,ZY13,,130,5,3,Develop_Product,product_development,qualification,direct_decision,True,"{""products"": [""P2""]}",complete,-10.0,609.0,产品生产资格投资: P2,observed_history_unknown_rule,src_766e2c00d61c,origin data/VPD-OE_Agent_20260709/VPD-OE_Agent/data/raw/ZY/ZY13.xls,现金流量表,133.0,
b6383c732e7d0deb,historical_cash_flow,historical_600_unknown_rule,unknown,ZY13,,131,5,3,RentTOBuy_Workshop,factory_rent_to_buy,capacity,conditional_decision,True,"{""factory_instance_id"": 62, ""factory_type"": ""大厂房""}",complete,-300.0,309.0,大厂房(62)租转买,observed_history_unknown_rule,src_766e2c00d61c,origin data/VPD-OE_Agent_20260709/VPD-OE_Agent/data/raw/ZY/ZY13.xls,现金流量表,134.0,
036ae2af3e98d64c,historical_cash_flow,historical_600_unknown_rule,unknown,ZY13,,132,5,3,Pay_Overhaul,administrative_fee,period_close,automatic_settlement,False,{},not_applicable,-10.0,299.0,支付行政管理费,observed_history_unknown_rule,src_766e2c00d61c,origin data/VPD-OE_Agent_20260709/VPD-OE_Agent/data/raw/ZY/ZY13.xls,现金流量表,135.0,
e88e1524bfa133f2,historical_cash_flow,historical_600_unknown_rule,unknown,ZY13,,133,5,4,Update_Receivable,receivable_maturity,receivable,automatic_settlement,False,{},not_applicable,915.0,1214.0,更新应收款,observed_history_unknown_rule,src_766e2c00d61c,origin data/VPD-OE_Agent_20260709/VPD-OE_Agent/data/raw/ZY/ZY13.xls,现金流量表,136.0,
d62fd206c21e9d69,historical_cash_flow,historical_600_unknown_rule,unknown,ZY13,,134,5,4,RentTOBuy_Workshop,factory_rent_to_buy,capacity,conditional_decision,True,"{""factory_instance_id"": 63, ""factory_type"": ""大厂房""}",complete,-300.0,914.0,大厂房(63)租转买,observed_history_unknown_rule,src_766e2c00d61c,origin data/VPD-OE_Agent_20260709/VPD-OE_Agent/data/raw/ZY/ZY13.xls,现金流量表,137.0,
b658259bea819a4e,historical_cash_flow,historical_600_unknown_rule,unknown,ZY13,,135,5,4,Pay_Overhaul,administrative_fee,period_close,automatic_settlement,False,{},not_applicable,-10.0,904.0,支付行政管理费,observed_history_unknown_rule,src_766e2c00d61c,origin data/VPD-OE_Agent_20260709/VPD-OE_Agent/data/raw/ZY/ZY13.xls,现金流量表,138.0,
7c17b682f6266ec9,historical_cash_flow,historical_600_unknown_rule,unknown,ZY13,,136,5,4,Pay_Maintenance,maintenance,period_close,automatic_settlement,False,{},not_applicable,-80.0,824.0,支付维护费,observed_history_unknown_rule,src_766e2c00d61c,origin data/VPD-OE_Agent_20260709/VPD-OE_Agent/data/raw/ZY/ZY13.xls,现金流量表,139.0,
03d07d42b7174238,historical_cash_flow,historical_600_unknown_rule,unknown,ZY13,,137,5,4,Pay_Punish,penalty_payment,risk,automatic_settlement,False,{},not_applicable,-64.0,760.0,违约处理,observed_history_unknown_rule,src_766e2c00d61c,origin data/VPD-OE_Agent_20260709/VPD-OE_Agent/data/raw/ZY/ZY13.xls,现金流量表,140.0,
618f4cb1953e1231,historical_cash_flow,historical_600_unknown_rule,unknown,ZY14,,1,1,1,Pay_Capital,capital_injection,finance,exception_intervention,False,{},not_applicable,600.0,600.0,"公司成立,股东注资",observed_history_unknown_rule,src_27029786bf11,origin data/VPD-OE_Agent_20260709/VPD-OE_Agent/data/raw/ZY/ZY14.xls,现金流量表,4.0,
38d9eb32ede54da7,historical_cash_flow,historical_600_unknown_rule,unknown,ZY14,,2,1,1,Develop_Product,product_development,qualification,direct_decision,True,"{""products"": [""P2"", ""P3""]}",complete,-20.0,580.0,产品生产资格投资: P2 P3,observed_history_unknown_rule,src_27029786bf11,origin data/VPD-OE_Agent_20260709/VPD-OE_Agent/data/raw/ZY/ZY14.xls,现金流量表,5.0,
65349556d0dbcf93,historical_cash_flow,historical_600_unknown_rule,unknown,ZY14,,3,1,1,Pay_Overhaul,administrative_fee,period_close,automatic_settlement,False,{},not_applicable,-10.0,570.0,支付行政管理费,observed_history_unknown_rule,src_27029786bf11,origin data/VPD-OE_Agent_20260709/VPD-OE_Agent/data/raw/ZY/ZY14.xls,现金流量表,6.0,
127187e18a936635,historical_cash_flow,historical_600_unknown_rule,unknown,ZY14,,4,1,2,Rent_Workshop,factory_rent,capacity,direct_decision,True,"{""factory_type"": ""大厂房""}",complete,-40.0,530.0,租用[大厂房],observed_history_unknown_rule,src_27029786bf11,origin data/VPD-OE_Agent_20260709/VPD-OE_Agent/data/raw/ZY/ZY14.xls,现金流量表,7.0,
2d641d6ee2a86189,historical_cash_flow,historical_600_unknown_rule,unknown,ZY14,,5,1,2,Buy_ProductLine,production_line_order,capacity,direct_decision,True,"{""line_type"": ""自动线"", ""product_id"": ""P2""}",complete,-50.0,480.0,订购[自动线]生产[P2],observed_history_unknown_rule,src_27029786bf11,origin data/VPD-OE_Agent_20260709/VPD-OE_Agent/data/raw/ZY/ZY14.xls,现金流量表,8.0,
499d19d5ace4beed,historical_cash_flow,historical_600_unknown_rule,unknown,ZY14,,6,1,2,Buy_ProductLine,production_line_order,capacity,direct_decision,True,"{""line_type"": ""自动线"", ""product_id"": ""P2""}",complete,-50.0,430.0,订购[自动线]生产[P2],observed_history_unknown_rule,src_27029786bf11,origin data/VPD-OE_Agent_20260709/VPD-OE_Agent/data/raw/ZY/ZY14.xls,现金流量表,9.0,
0ff6c741e52fde13,historical_cash_flow,historical_600_unknown_rule,unknown,ZY14,,7,1,2,Buy_ProductLine,production_line_order,capacity,direct_decision,True,"{""line_type"": ""自动线"", ""product_id"": ""P3""}",complete,-50.0,380.0,订购[自动线]生产[P3],observed_history_unknown_rule,src_27029786bf11,origin data/VPD-OE_Agent_20260709/VPD-OE_Agent/data/raw/ZY/ZY14.xls,现金流量表,10.0,
334835f09b6fad79,historical_cash_flow,historical_600_unknown_rule,unknown,ZY14,,8,1,2,Buy_ProductLine,production_line_order,capacity,direct_decision,True,"{""line_type"": ""自动线"", ""product_id"": ""P3""}",complete,-50.0,330.0,订购[自动线]生产[P3],observed_history_unknown_rule,src_27029786bf11,origin data/VPD-OE_Agent_20260709/VPD-OE_Agent/data/raw/ZY/ZY14.xls,现金流量表,11.0,
361e784fae8717e0,historical_cash_flow,historical_600_unknown_rule,unknown,ZY14,,9,1,2,Develop_Product,product_development,qualification,direct_decision,True,"{""products"": [""P2"", ""P3""]}",complete,-20.0,310.0,产品生产资格投资: P2 P3,observed_history_unknown_rule,src_27029786bf11,origin data/VPD-OE_Agent_20260709/VPD-OE_Agent/data/raw/ZY/ZY14.xls,现金流量表,12.0,
4569f465de880810,historical_cash_flow,historical_600_unknown_rule,unknown,ZY14,,10,1,2,Pay_Overhaul,administrative_fee,period_close,automatic_settlement,False,{},not_applicable,-10.0,300.0,支付行政管理费,observed_history_unknown_rule,src_27029786bf11,origin data/VPD-OE_Agent_20260709/VPD-OE_Agent/data/raw/ZY/ZY14.xls,现金流量表,13.0,
b5fd6fdc94c217b8,historical_cash_flow,historical_600_unknown_rule,unknown,ZY14,,11,1,3,Short_Loan,short_loan_borrow,finance,conditional_decision,True,"{""principal_wan"": 309, ""term"": 4, ""term_unit"": ""quarter""}",complete,309.0,609.0,申请:4季 309W的短期贷款,observed_history_unknown_rule,src_27029786bf11,origin data/VPD-OE_Agent_20260709/VPD-OE_Agent/data/raw/ZY/ZY14.xls,现金流量表,14.0,
4ff058c59d131fcb,historical_cash_flow,historical_600_unknown_rule,unknown,ZY14,,12,1,3,Invest_ProductLine,production_line_investment,capacity,committed_settlement,False,{},partial,-200.0,409.0,投资在建生产线,observed_history_unknown_rule,src_27029786bf11,origin data/VPD-OE_Agent_20260709/VPD-OE_Agent/data/raw/ZY/ZY14.xls,现金流量表,15.0,
d0db0419fd554caa,historical_cash_flow,historical_600_unknown_rule,unknown,ZY14,,13,1,3,Buy_Material,material_order,procurement,direct_decision,True,"{""materials"": {""R3"": 4, ""R4"": 2}}",complete,0.0,409.0,订购原料 R3:4 R4:2,observed_history_unknown_rule,src_27029786bf11,origin data/VPD-OE_Agent_20260709/VPD-OE_Agent/data/raw/ZY/ZY14.xls,现金流量表,16.0,
f84ba2eee0c9303c,historical_cash_flow,historical_600_unknown_rule,unknown,ZY14,,14,1,3,Develop_Product,product_development,qualification,direct_decision,True,"{""products"": [""P2"", ""P3""]}",complete,-20.0,389.0,产品生产资格投资: P2 P3,observed_history_unknown_rule,src_27029786bf11,origin data/VPD-OE_Agent_20260709/VPD-OE_Agent/data/raw/ZY/ZY14.xls,现金流量表,17.0,
e53b282ead4cf132,historical_cash_flow,historical_600_unknown_rule,unknown,ZY14,,15,1,3,Pay_Overhaul,administrative_fee,period_close,automatic_settlement,False,{},not_applicable,-10.0,379.0,支付行政管理费,observed_history_unknown_rule,src_27029786bf11,origin data/VPD-OE_Agent_20260709/VPD-OE_Agent/data/raw/ZY/ZY14.xls,现金流量表,18.0,
336bace83e3066ae,historical_cash_flow,historical_600_unknown_rule,unknown,ZY14,,16,1,4,Short_Loan,short_loan_borrow,finance,conditional_decision,True,"{""principal_wan"": 309, ""term"": 4, ""term_unit"": ""quarter""}",complete,309.0,688.0,申请:4季 309W的短期贷款,observed_history_unknown_rule,src_27029786bf11,origin data/VPD-OE_Agent_20260709/VPD-OE_Agent/data/raw/ZY/ZY14.xls,现金流量表,19.0,
33fc5065109ca5bc,historical_cash_flow,historical_600_unknown_rule,unknown,ZY14,,17,1,4,Buy_Material,material_order,procurement,direct_decision,True,"{""materials"": {""R1"": 2, ""R2"": 2, ""R3"": 4, ""R4"": 2}}",complete,0.0,688.0,订购原料 R1:2 R2:2 R3:4 R4:2,observed_history_unknown_rule,src_27029786bf11,origin data/VPD-OE_Agent_20260709/VPD-OE_Agent/data/raw/ZY/ZY14.xls,现金流量表,20.0,
2b453b810ff3e1d5,historical_cash_flow,historical_600_unknown_rule,unknown,ZY14,,18,1,4,Invest_ProductLine,production_line_investment,capacity,committed_settlement,False,{},partial,-200.0,488.0,投资在建生产线,observed_history_unknown_rule,src_27029786bf11,origin data/VPD-OE_Agent_20260709/VPD-OE_Agent/data/raw/ZY/ZY14.xls,现金流量表,21.0,
068eb9a95842ab83,historical_cash_flow,historical_600_unknown_rule,unknown,ZY14,,19,1,4,Develop_Product,product_development,qualification,direct_decision,True,"{""products"": [""P3""]}",complete,-10.0,478.0,产品生产资格投资: P3,observed_history_unknown_rule,src_27029786bf11,origin data/VPD-OE_Agent_20260709/VPD-OE_Agent/data/raw/ZY/ZY14.xls,现金流量表,22.0,
1414a21de910a8d1,historical_cash_flow,historical_600_unknown_rule,unknown,ZY14,,20,1,4,Develop_Market,market_development,qualification,direct_decision,True,"{""markets"": [""本地"", ""区域"", ""国内"", ""亚洲"", ""国际""]}",complete,-50.0,428.0,"市场开拓资格投资,开发项目:本地 区域 国内 亚洲 国际",observed_history_unknown_rule,src_27029786bf11,origin data/VPD-OE_Agent_20260709/VPD-OE_Agent/data/raw/ZY/ZY14.xls,现金流量表,23.0,
1c360f04ff420174,historical_cash_flow,historical_600_unknown_rule,unknown,ZY14,,21,1,4,Develop_ISO,iso_development,qualification,direct_decision,True,"{""certifications"": [""ISO14000"", ""ISO9000""]}",complete,-30.0,398.0,"ISO认证资格投资,开发：ISO9000 ISO14000",observed_history_unknown_rule,src_27029786bf11,origin data/VPD-OE_Agent_20260709/VPD-OE_Agent/data/raw/ZY/ZY14.xls,现金流量表,24.0,
67124999ebe42d0a,historical_cash_flow,historical_600_unknown_rule,unknown,ZY14,,22,1,4,Pay_Overhaul,administrative_fee,period_close,automatic_settlement,False,{},not_applicable,-10.0,388.0,支付行政管理费,observed_history_unknown_rule,src_27029786bf11,origin data/VPD-OE_Agent_20260709/VPD-OE_Agent/data/raw/ZY/ZY14.xls,现金流量表,25.0,
e3316b68cb89dba4,historical_cash_flow,historical_600_unknown_rule,unknown,ZY14,,23,2,1,Pay_AD,advertising,sales,direct_decision,True,{},partial,-118.0,270.0,广告投放,observed_history_unknown_rule,src_27029786bf11,origin data/VPD-OE_Agent_20260709/VPD-OE_Agent/data/raw/ZY/ZY14.xls,现金流量表,26.0,
31648b1092087946,historical_cash_flow,historical_600_unknown_rule,unknown,ZY14,,24,2,1,Long_Loan,long_loan_borrow,finance,conditional_decision,True,"{""principal_wan"": 492, ""term"": 5, ""term_unit"": ""year""}",complete,492.0,762.0,申请:5年 492W的长期贷款,observed_history_unknown_rule,src_27029786bf11,origin data/VPD-OE_Agent_20260709/VPD-OE_Agent/data/raw/ZY/ZY14.xls,现金流量表,27.0,
d12fcca1fc27a435,historical_cash_flow,historical_600_unknown_rule,unknown,ZY14,,25,2,1,Pay_Material,material_receipt_payment,procurement,committed_settlement,False,"{""materials"": {""R1"": 2, ""R2"": 2, ""R3"": 4, ""R4"": 2}}",complete,-100.0,662.0,支付原料费 R3:4 R4:2 R1:2 R2:2,observed_history_unknown_rule,src_27029786bf11,origin data/VPD-OE_Agent_20260709/VPD-OE_Agent/data/raw/ZY/ZY14.xls,现金流量表,28.0,
6a96b314a4a324ae,historical_cash_flow,historical_600_unknown_rule,unknown,ZY14,,26,2,1,Buy_Material,material_order,procurement,direct_decision,True,"{""materials"": {""R1"": 2, ""R2"": 2, ""R3"": 4, ""R4"": 2}}",complete,0.0,662.0,订购原料 R1:2 R2:2 R3:4 R4:2,observed_history_unknown_rule,src_27029786bf11,origin data/VPD-OE_Agent_20260709/VPD-OE_Agent/data/raw/ZY/ZY14.xls,现金流量表,29.0,
08bde8d3c626b054,historical_cash_flow,historical_600_unknown_rule,unknown,ZY14,,27,2,1,Product_Produce,production,production,direct_decision,True,"{""line_assignments"": [{""line_instance_id"": 191, ""product_id"": ""P2""}, {""line_instance_id"": 192, ""product_id"": ""P2""}, {""line_instance_id"": 193, ""product_id"": ""P3""}, {""line_instance_id"": 194, ""product_id"": ""P3""}]}",complete,-40.0,622.0,191:P2 192:P2 193:P3 194:P3,observed_history_unknown_rule,src_27029786bf11,origin data/VPD-OE_Agent_20260709/VPD-OE_Agent/data/raw/ZY/ZY14.xls,现金流量表,30.0,
6f42e0ffe2cee32e,historical_cash_flow,historical_600_unknown_rule,unknown,ZY14,,28,2,1,Pay_Overhaul,administrative_fee,period_close,automatic_settlement,False,{},not_applicable,-10.0,612.0,支付行政管理费,observed_history_unknown_rule,src_27029786bf11,origin data/VPD-OE_Agent_20260709/VPD-OE_Agent/data/raw/ZY/ZY14.xls,现金流量表,31.0,
cff0dba297e3768d,historical_cash_flow,historical_600_unknown_rule,unknown,ZY14,,29,2,2,Pay_Material,material_receipt_payment,procurement,committed_settlement,False,"{""materials"": {""R1"": 2, ""R2"": 2, ""R3"": 4, ""R4"": 2}}",complete,-100.0,512.0,支付原料费 R3:4 R4:2 R1:2 R2:2,observed_history_unknown_rule,src_27029786bf11,origin data/VPD-OE_Agent_20260709/VPD-OE_Agent/data/raw/ZY/ZY14.xls,现金流量表,32.0,
0363c2740c05d20e,historical_cash_flow,historical_600_unknown_rule,unknown,ZY14,,30,2,2,Buy_Material,material_order,procurement,direct_decision,True,"{""materials"": {""R1"": 2, ""R2"": 2, ""R3"": 4, ""R4"": 2}}",complete,0.0,512.0,订购原料 R1:2 R2:2 R3:4 R4:2,observed_history_unknown_rule,src_27029786bf11,origin data/VPD-OE_Agent_20260709/VPD-OE_Agent/data/raw/ZY/ZY14.xls,现金流量表,33.0,
8f0fc789a48f16d1,historical_cash_flow,historical_600_unknown_rule,unknown,ZY14,,31,2,2,Product_Produce,production,production,direct_decision,True,"{""line_assignments"": [{""line_instance_id"": 191, ""product_id"": ""P2""}, {""line_instance_id"": 192, ""product_id"": ""P2""}, {""line_instance_id"": 193, ""product_id"": ""P3""}, {""line_instance_id"": 194, ""product_id"": ""P3""}]}",complete,-40.0,472.0,191:P2 192:P2 193:P3 194:P3,observed_history_unknown_rule,src_27029786bf11,origin data/VPD-OE_Agent_20260709/VPD-OE_Agent/data/raw/ZY/ZY14.xls,现金流量表,34.0,
15f5e29e83321cfe,historical_cash_flow,historical_600_unknown_rule,unknown,ZY14,,32,2,2,Renew_Workshop,factory_rent_renewal,capacity,conditional_decision,True,{},not_applicable,-40.0,432.0,厂房续租,observed_history_unknown_rule,src_27029786bf11,origin data/VPD-OE_Agent_20260709/VPD-OE_Agent/data/raw/ZY/ZY14.xls,现金流量表,35.0,
ac286cd70d387245,historical_cash_flow,historical_600_unknown_rule,unknown,ZY14,,33,2,2,Pay_Overhaul,administrative_fee,period_close,automatic_settlement,False,{},not_applicable,-10.0,422.0,支付行政管理费,observed_history_unknown_rule,src_27029786bf11,origin data/VPD-OE_Agent_20260709/VPD-OE_Agent/data/raw/ZY/ZY14.xls,现金流量表,36.0,
4264227d8ce7892e,historical_cash_flow,historical_600_unknown_rule,unknown,ZY14,,34,2,3,Pay_Short_Loan,short_loan_repayment,finance,committed_settlement,False,{},partial,-324.0,98.0,短贷还本息,observed_history_unknown_rule,src_27029786bf11,origin data/VPD-OE_Agent_20260709/VPD-OE_Agent/data/raw/ZY/ZY14.xls,现金流量表,37.0,
df39e76b000e6439,historical_cash_flow,historical_600_unknown_rule,unknown,ZY14,,35,2,3,Short_Loan,short_loan_borrow,finance,conditional_decision,True,"{""principal_wan"": 309, ""term"": 4, ""term_unit"": ""quarter""}",complete,309.0,407.0,申请:4季 309W的短期贷款,observed_history_unknown_rule,src_27029786bf11,origin data/VPD-OE_Agent_20260709/VPD-OE_Agent/data/raw/ZY/ZY14.xls,现金流量表,38.0,
25fcd83adfd92e89,historical_cash_flow,historical_600_unknown_rule,unknown,ZY14,,36,2,3,Pay_Material,material_receipt_payment,procurement,committed_settlement,False,"{""materials"": {""R1"": 2, ""R2"": 2, ""R3"": 4, ""R4"": 2}}",complete,-100.0,307.0,支付原料费 R3:4 R4:2 R1:2 R2:2,observed_history_unknown_rule,src_27029786bf11,origin data/VPD-OE_Agent_20260709/VPD-OE_Agent/data/raw/ZY/ZY14.xls,现金流量表,39.0,
06b01d18395d3840,historical_cash_flow,historical_600_unknown_rule,unknown,ZY14,,37,2,3,Buy_Material,material_order,procurement,direct_decision,True,"{""materials"": {""R1"": 2, ""R2"": 2, ""R3"": 4, ""R4"": 2}}",complete,0.0,307.0,订购原料 R1:2 R2:2 R3:4 R4:2,observed_history_unknown_rule,src_27029786bf11,origin data/VPD-OE_Agent_20260709/VPD-OE_Agent/data/raw/ZY/ZY14.xls,现金流量表,40.0,
d9a0bad683cef45b,historical_cash_flow,historical_600_unknown_rule,unknown,ZY14,,38,2,3,Product_Produce,production,production,direct_decision,True,"{""line_assignments"": [{""line_instance_id"": 191, ""product_id"": ""P2""}, {""line_instance_id"": 192, ""product_id"": ""P2""}, {""line_instance_id"": 193, ""product_id"": ""P3""}, {""line_instance_id"": 194, ""product_id"": ""P3""}]}",complete,-40.0,267.0,191:P2 192:P2 193:P3 194:P3,observed_history_unknown_rule,src_27029786bf11,origin data/VPD-OE_Agent_20260709/VPD-OE_Agent/data/raw/ZY/ZY14.xls,现金流量表,41.0,
fb71cda0c2f8d7e0,historical_cash_flow,historical_600_unknown_rule,unknown,ZY14,,39,2,3,Update_Receivable,receivable_maturity,receivable,automatic_settlement,False,{},not_applicable,171.0,438.0,更新应收款,observed_history_unknown_rule,src_27029786bf11,origin data/VPD-OE_Agent_20260709/VPD-OE_Agent/data/raw/ZY/ZY14.xls,现金流量表,42.0,
4ecb71d78f6a598f,historical_cash_flow,historical_600_unknown_rule,unknown,ZY14,,40,2,3,Pay_Overhaul,administrative_fee,period_close,automatic_settlement,False,{},not_applicable,-10.0,428.0,支付行政管理费,observed_history_unknown_rule,src_27029786bf11,origin data/VPD-OE_Agent_20260709/VPD-OE_Agent/data/raw/ZY/ZY14.xls,现金流量表,43.0,
e62b1dda701d6b8c,historical_cash_flow,historical_600_unknown_rule,unknown,ZY14,,41,2,4,Pay_Short_Loan,short_loan_repayment,finance,committed_settlement,False,{},partial,-324.0,104.0,短贷还本息,observed_history_unknown_rule,src_27029786bf11,origin data/VPD-OE_Agent_20260709/VPD-OE_Agent/data/raw/ZY/ZY14.xls,现金流量表,44.0,
cdbf9cf56336ef48,historical_cash_flow,historical_600_unknown_rule,unknown,ZY14,,42,2,4,Short_Loan,short_loan_borrow,finance,conditional_decision,True,"{""principal_wan"": 309, ""term"": 4, ""term_unit"": ""quarter""}",complete,309.0,413.0,申请:4季 309W的短期贷款,observed_history_unknown_rule,src_27029786bf11,origin data/VPD-OE_Agent_20260709/VPD-OE_Agent/data/raw/ZY/ZY14.xls,现金流量表,45.0,
511374f7c609d623,historical_cash_flow,historical_600_unknown_rule,unknown,ZY14,,43,2,4,Pay_Material,material_receipt_payment,procurement,committed_settlement,False,"{""materials"": {""R1"": 2, ""R2"": 2, ""R3"": 4, ""R4"": 2}}",complete,-100.0,313.0,支付原料费 R3:4 R4:2 R1:2 R2:2,observed_history_unknown_rule,src_27029786bf11,origin data/VPD-OE_Agent_20260709/VPD-OE_Agent/data/raw/ZY/ZY14.xls,现金流量表,46.0,
cacc8ca6a87c5be1,historical_cash_flow,historical_600_unknown_rule,unknown,ZY14,,44,2,4,Buy_Material,material_order,procurement,direct_decision,True,"{""materials"": {""R1"": 2, ""R2"": 2, ""R3"": 4, ""R4"": 2}}",complete,0.0,313.0,订购原料 R1:2 R2:2 R3:4 R4:2,observed_history_unknown_rule,src_27029786bf11,origin data/VPD-OE_Agent_20260709/VPD-OE_Agent/data/raw/ZY/ZY14.xls,现金流量表,47.0,
5c543aed0bbf8715,historical_cash_flow,historical_600_unknown_rule,unknown,ZY14,,45,2,4,Product_Produce,production,production,direct_decision,True,"{""line_assignments"": [{""line_instance_id"": 191, ""product_id"": ""P2""}, {""line_instance_id"": 192, ""product_id"": ""P2""}, {""line_instance_id"": 193, ""product_id"": ""P3""}, {""line_instance_id"": 194, ""product_id"": ""P3""}]}",complete,-40.0,273.0,191:P2 192:P2 193:P3 194:P3,observed_history_unknown_rule,src_27029786bf11,origin data/VPD-OE_Agent_20260709/VPD-OE_Agent/data/raw/ZY/ZY14.xls,现金流量表,48.0,
07e3e1bbea546a79,historical_cash_flow,historical_600_unknown_rule,unknown,ZY14,,46,2,4,Develop_Market,market_development,qualification,direct_decision,True,"{""markets"": [""国内"", ""亚洲"", ""国际""]}",complete,-30.0,243.0,"市场开拓资格投资,开发项目:国内 亚洲 国际",observed_history_unknown_rule,src_27029786bf11,origin data/VPD-OE_Agent_20260709/VPD-OE_Agent/data/raw/ZY/ZY14.xls,现金流量表,49.0,
abbd4054606b855e,historical_cash_flow,historical_600_unknown_rule,unknown,ZY14,,47,2,4,Pay_Overhaul,administrative_fee,period_close,automatic_settlement,False,{},not_applicable,-10.0,233.0,支付行政管理费,observed_history_unknown_rule,src_27029786bf11,origin data/VPD-OE_Agent_20260709/VPD-OE_Agent/data/raw/ZY/ZY14.xls,现金流量表,50.0,
3af8ff25897919bc,historical_cash_flow,historical_600_unknown_rule,unknown,ZY14,,48,2,4,Pay_Maintenance,maintenance,period_close,automatic_settlement,False,{},not_applicable,-40.0,193.0,支付维护费,observed_history_unknown_rule,src_27029786bf11,origin data/VPD-OE_Agent_20260709/VPD-OE_Agent/data/raw/ZY/ZY14.xls,现金流量表,51.0,
876750fc76271115,historical_cash_flow,historical_600_unknown_rule,unknown,ZY14,,49,3,1,Discount,receivable_discount,receivable,conditional_decision,True,"{""term_1_wan"": 0, ""term_2_wan"": 100, ""term_3_wan"": 0, ""term_4_wan"": 0}",complete,90.0,283.0,"1期贴现:0W,2期贴现:100W,3期贴现:0W,4期贴现:0W",observed_history_unknown_rule,src_27029786bf11,origin data/VPD-OE_Agent_20260709/VPD-OE_Agent/data/raw/ZY/ZY14.xls,现金流量表,52.0,
4ee4690294b08add,historical_cash_flow,historical_600_unknown_rule,unknown,ZY14,,50,3,1,Pay_Tax,tax_payment,period_close,automatic_settlement,False,{},not_applicable,-5.0,278.0,支付上一年税金,observed_history_unknown_rule,src_27029786bf11,origin data/VPD-OE_Agent_20260709/VPD-OE_Agent/data/raw/ZY/ZY14.xls,现金流量表,53.0,
b9aed14670a8031e,historical_cash_flow,historical_600_unknown_rule,unknown,ZY14,,51,3,1,Pay_Long_Loan,long_loan_repayment,finance,committed_settlement,False,{},partial,-49.0,229.0,支付长贷本息,observed_history_unknown_rule,src_27029786bf11,origin data/VPD-OE_Agent_20260709/VPD-OE_Agent/data/raw/ZY/ZY14.xls,现金流量表,54.0,
6eeb1181e1aa3a7b,historical_cash_flow,historical_600_unknown_rule,unknown,ZY14,,52,3,1,Pay_AD,advertising,sales,direct_decision,True,{},partial,-140.0,89.0,广告投放,observed_history_unknown_rule,src_27029786bf11,origin data/VPD-OE_Agent_20260709/VPD-OE_Agent/data/raw/ZY/ZY14.xls,现金流量表,55.0,
a43c407c4aa1cf34,historical_cash_flow,historical_600_unknown_rule,unknown,ZY14,,53,3,1,Long_Loan,long_loan_borrow,finance,conditional_decision,True,"{""principal_wan"": 738, ""term"": 5, ""term_unit"": ""year""}",complete,738.0,827.0,申请:5年 738W的长期贷款,observed_history_unknown_rule,src_27029786bf11,origin data/VPD-OE_Agent_20260709/VPD-OE_Agent/data/raw/ZY/ZY14.xls,现金流量表,56.0,
be02f7fe26e2a62a,historical_cash_flow,historical_600_unknown_rule,unknown,ZY14,,54,3,1,Pay_Material,material_receipt_payment,procurement,committed_settlement,False,"{""materials"": {""R1"": 2, ""R2"": 2, ""R3"": 4, ""R4"": 2}}",complete,-100.0,727.0,支付原料费 R3:4 R4:2 R1:2 R2:2,observed_history_unknown_rule,src_27029786bf11,origin data/VPD-OE_Agent_20260709/VPD-OE_Agent/data/raw/ZY/ZY14.xls,现金流量表,57.0,
984da880dce9bd2a,historical_cash_flow,historical_600_unknown_rule,unknown,ZY14,,55,3,1,Buy_Material,material_order,procurement,direct_decision,True,"{""materials"": {""R1"": 2, ""R2"": 2, ""R3"": 4, ""R4"": 2}}",complete,0.0,727.0,订购原料 R1:2 R2:2 R3:4 R4:2,observed_history_unknown_rule,src_27029786bf11,origin data/VPD-OE_Agent_20260709/VPD-OE_Agent/data/raw/ZY/ZY14.xls,现金流量表,58.0,
704725e2bb7ebf8c,historical_cash_flow,historical_600_unknown_rule,unknown,ZY14,,56,3,1,Product_Produce,production,production,direct_decision,True,"{""line_assignments"": [{""line_instance_id"": 191, ""product_id"": ""P2""}, {""line_instance_id"": 192, ""product_id"": ""P2""}, {""line_instance_id"": 193, ""product_id"": ""P3""}, {""line_instance_id"": 194, ""product_id"": ""P3""}]}",complete,-40.0,687.0,191:P2 192:P2 193:P3 194:P3,observed_history_unknown_rule,src_27029786bf11,origin data/VPD-OE_Agent_20260709/VPD-OE_Agent/data/raw/ZY/ZY14.xls,现金流量表,59.0,
3f4b0e24845f818d,historical_cash_flow,historical_600_unknown_rule,unknown,ZY14,,57,3,1,Pay_Overhaul,administrative_fee,period_close,automatic_settlement,False,{},not_applicable,-10.0,677.0,支付行政管理费,observed_history_unknown_rule,src_27029786bf11,origin data/VPD-OE_Agent_20260709/VPD-OE_Agent/data/raw/ZY/ZY14.xls,现金流量表,60.0,
0df83b1fc12c1610,historical_cash_flow,historical_600_unknown_rule,unknown,ZY14,,58,3,2,Pay_Material,material_receipt_payment,procurement,committed_settlement,False,"{""materials"": {""R1"": 2, ""R2"": 2, ""R3"": 4, ""R4"": 2}}",complete,-100.0,577.0,支付原料费 R3:4 R4:2 R1:2 R2:2,observed_history_unknown_rule,src_27029786bf11,origin data/VPD-OE_Agent_20260709/VPD-OE_Agent/data/raw/ZY/ZY14.xls,现金流量表,61.0,
3d40283521507b01,historical_cash_flow,historical_600_unknown_rule,unknown,ZY14,,59,3,2,Buy_Material,material_order,procurement,direct_decision,True,"{""materials"": {""R1"": 2, ""R2"": 2, ""R3"": 4, ""R4"": 2}}",complete,0.0,577.0,订购原料 R1:2 R2:2 R3:4 R4:2,observed_history_unknown_rule,src_27029786bf11,origin data/VPD-OE_Agent_20260709/VPD-OE_Agent/data/raw/ZY/ZY14.xls,现金流量表,62.0,
7d0bc4f05002ee87,historical_cash_flow,historical_600_unknown_rule,unknown,ZY14,,60,3,2,Product_Produce,production,production,direct_decision,True,"{""line_assignments"": [{""line_instance_id"": 191, ""product_id"": ""P2""}, {""line_instance_id"": 192, ""product_id"": ""P2""}, {""line_instance_id"": 193, ""product_id"": ""P3""}, {""line_instance_id"": 194, ""product_id"": ""P3""}]}",complete,-40.0,537.0,191:P2 192:P2 193:P3 194:P3,observed_history_unknown_rule,src_27029786bf11,origin data/VPD-OE_Agent_20260709/VPD-OE_Agent/data/raw/ZY/ZY14.xls,现金流量表,63.0,
ae7e63018fc40988,historical_cash_flow,historical_600_unknown_rule,unknown,ZY14,,61,3,2,Update_Receivable,receivable_maturity,receivable,automatic_settlement,False,{},not_applicable,870.0,1407.0,更新应收款,observed_history_unknown_rule,src_27029786bf11,origin data/VPD-OE_Agent_20260709/VPD-OE_Agent/data/raw/ZY/ZY14.xls,现金流量表,64.0,
6efe90e4b459e692,historical_cash_flow,historical_600_unknown_rule,unknown,ZY14,,62,3,2,Renew_Workshop,factory_rent_renewal,capacity,conditional_decision,True,{},not_applicable,-40.0,1367.0,厂房续租,observed_history_unknown_rule,src_27029786bf11,origin data/VPD-OE_Agent_20260709/VPD-OE_Agent/data/raw/ZY/ZY14.xls,现金流量表,65.0,
f5cae6cff8320e28,historical_cash_flow,historical_600_unknown_rule,unknown,ZY14,,63,3,2,Pay_Overhaul,administrative_fee,period_close,automatic_settlement,False,{},not_applicable,-10.0,1357.0,支付行政管理费,observed_history_unknown_rule,src_27029786bf11,origin data/VPD-OE_Agent_20260709/VPD-OE_Agent/data/raw/ZY/ZY14.xls,现金流量表,66.0,
2815e548e5ea7321,historical_cash_flow,historical_600_unknown_rule,unknown,ZY14,,64,3,3,Pay_Short_Loan,short_loan_repayment,finance,committed_settlement,False,{},partial,-324.0,1033.0,短贷还本息,observed_history_unknown_rule,src_27029786bf11,origin data/VPD-OE_Agent_20260709/VPD-OE_Agent/data/raw/ZY/ZY14.xls,现金流量表,67.0,
47f5fc80c42ed5e7,historical_cash_flow,historical_600_unknown_rule,unknown,ZY14,,65,3,3,Pay_Material,material_receipt_payment,procurement,committed_settlement,False,"{""materials"": {""R1"": 2, ""R2"": 2, ""R3"": 4, ""R4"": 2}}",complete,-100.0,933.0,支付原料费 R3:4 R4:2 R1:2 R2:2,observed_history_unknown_rule,src_27029786bf11,origin data/VPD-OE_Agent_20260709/VPD-OE_Agent/data/raw/ZY/ZY14.xls,现金流量表,68.0,
8eaaf791e7c85010,historical_cash_flow,historical_600_unknown_rule,unknown,ZY14,,66,3,3,Buy_Material,material_order,procurement,direct_decision,True,"{""materials"": {""R1"": 2, ""R2"": 2, ""R3"": 4, ""R4"": 2}}",complete,0.0,933.0,订购原料 R1:2 R2:2 R3:4 R4:2,observed_history_unknown_rule,src_27029786bf11,origin data/VPD-OE_Agent_20260709/VPD-OE_Agent/data/raw/ZY/ZY14.xls,现金流量表,69.0,
223a095647b7c5e2,historical_cash_flow,historical_600_unknown_rule,unknown,ZY14,,67,3,3,Product_Produce,production,production,direct_decision,True,"{""line_assignments"": [{""line_instance_id"": 191, ""product_id"": ""P2""}, {""line_instance_id"": 192, ""product_id"": ""P2""}, {""line_instance_id"": 193, ""product_id"": ""P3""}, {""line_instance_id"": 194, ""product_id"": ""P3""}]}",complete,-40.0,893.0,191:P2 192:P2 193:P3 194:P3,observed_history_unknown_rule,src_27029786bf11,origin data/VPD-OE_Agent_20260709/VPD-OE_Agent/data/raw/ZY/ZY14.xls,现金流量表,70.0,
0782fceefb51bc8d,historical_cash_flow,historical_600_unknown_rule,unknown,ZY14,,68,3,3,Pay_Overhaul,administrative_fee,period_close,automatic_settlement,False,{},not_applicable,-10.0,883.0,支付行政管理费,observed_history_unknown_rule,src_27029786bf11,origin data/VPD-OE_Agent_20260709/VPD-OE_Agent/data/raw/ZY/ZY14.xls,现金流量表,71.0,
fef897e2e7201cf6,historical_cash_flow,historical_600_unknown_rule,unknown,ZY14,,69,3,4,Pay_Short_Loan,short_loan_repayment,finance,committed_settlement,False,{},partial,-324.0,559.0,短贷还本息,observed_history_unknown_rule,src_27029786bf11,origin data/VPD-OE_Agent_20260709/VPD-OE_Agent/data/raw/ZY/ZY14.xls,现金流量表,72.0,
e2b78de844c9bf39,historical_cash_flow,historical_600_unknown_rule,unknown,ZY14,,70,3,4,Pay_Material,material_receipt_payment,procurement,committed_settlement,False,"{""materials"": {""R1"": 2, ""R2"": 2, ""R3"": 4, ""R4"": 2}}",complete,-100.0,459.0,支付原料费 R3:4 R4:2 R1:2 R2:2,observed_history_unknown_rule,src_27029786bf11,origin data/VPD-OE_Agent_20260709/VPD-OE_Agent/data/raw/ZY/ZY14.xls,现金流量表,73.0,
45bf729d78c60a18,historical_cash_flow,historical_600_unknown_rule,unknown,ZY14,,71,3,4,Buy_Material,material_order,procurement,direct_decision,True,"{""materials"": {""R1"": 2, ""R2"": 2, ""R3"": 4, ""R4"": 2}}",complete,0.0,459.0,订购原料 R1:2 R2:2 R3:4 R4:2,observed_history_unknown_rule,src_27029786bf11,origin data/VPD-OE_Agent_20260709/VPD-OE_Agent/data/raw/ZY/ZY14.xls,现金流量表,74.0,
8c586b3deb16ab9d,historical_cash_flow,historical_600_unknown_rule,unknown,ZY14,,72,3,4,Product_Produce,production,production,direct_decision,True,"{""line_assignments"": [{""line_instance_id"": 191, ""product_id"": ""P2""}, {""line_instance_id"": 192, ""product_id"": ""P2""}, {""line_instance_id"": 193, ""product_id"": ""P3""}, {""line_instance_id"": 194, ""product_id"": ""P3""}]}",complete,-40.0,419.0,191:P2 192:P2 193:P3 194:P3,observed_history_unknown_rule,src_27029786bf11,origin data/VPD-OE_Agent_20260709/VPD-OE_Agent/data/raw/ZY/ZY14.xls,现金流量表,75.0,
3c901e8c6048c6c7,historical_cash_flow,historical_600_unknown_rule,unknown,ZY14,,73,3,4,Develop_ISO,iso_development,qualification,direct_decision,True,"{""certifications"": [""ISO14000"", ""ISO9000""]}",complete,-30.0,389.0,"ISO认证资格投资,开发：ISO9000 ISO14000",observed_history_unknown_rule,src_27029786bf11,origin data/VPD-OE_Agent_20260709/VPD-OE_Agent/data/raw/ZY/ZY14.xls,现金流量表,76.0,
698c7813f9936ef3,historical_cash_flow,historical_600_unknown_rule,unknown,ZY14,,74,3,4,Develop_Market,market_development,qualification,direct_decision,True,"{""markets"": [""亚洲"", ""国际""]}",complete,-20.0,369.0,"市场开拓资格投资,开发项目:亚洲 国际",observed_history_unknown_rule,src_27029786bf11,origin data/VPD-OE_Agent_20260709/VPD-OE_Agent/data/raw/ZY/ZY14.xls,现金流量表,77.0,
9a59310ac04f7b13,historical_cash_flow,historical_600_unknown_rule,unknown,ZY14,,75,3,4,Pay_Overhaul,administrative_fee,period_close,automatic_settlement,False,{},not_applicable,-10.0,359.0,支付行政管理费,observed_history_unknown_rule,src_27029786bf11,origin data/VPD-OE_Agent_20260709/VPD-OE_Agent/data/raw/ZY/ZY14.xls,现金流量表,78.0,
3b5dc454cd2d1681,historical_cash_flow,historical_600_unknown_rule,unknown,ZY14,,76,3,4,Pay_Maintenance,maintenance,period_close,automatic_settlement,False,{},not_applicable,-40.0,319.0,支付维护费,observed_history_unknown_rule,src_27029786bf11,origin data/VPD-OE_Agent_20260709/VPD-OE_Agent/data/raw/ZY/ZY14.xls,现金流量表,79.0,
e231d5d2881c219d,historical_cash_flow,historical_600_unknown_rule,unknown,ZY14,,77,4,1,Pay_Tax,tax_payment,period_close,automatic_settlement,False,{},not_applicable,-36.0,283.0,支付上一年税金,observed_history_unknown_rule,src_27029786bf11,origin data/VPD-OE_Agent_20260709/VPD-OE_Agent/data/raw/ZY/ZY14.xls,现金流量表,80.0,
2f8a1607c2fd6b77,historical_cash_flow,historical_600_unknown_rule,unknown,ZY14,,78,4,1,Pay_Long_Loan,long_loan_repayment,finance,committed_settlement,False,{},partial,-123.0,160.0,支付长贷本息,observed_history_unknown_rule,src_27029786bf11,origin data/VPD-OE_Agent_20260709/VPD-OE_Agent/data/raw/ZY/ZY14.xls,现金流量表,81.0,
95e4d72f16dadb01,historical_cash_flow,historical_600_unknown_rule,unknown,ZY14,,79,4,1,Pay_AD,advertising,sales,direct_decision,True,{},partial,-140.0,20.0,广告投放,observed_history_unknown_rule,src_27029786bf11,origin data/VPD-OE_Agent_20260709/VPD-OE_Agent/data/raw/ZY/ZY14.xls,现金流量表,82.0,
551721ef1ea901ea,historical_cash_flow,historical_600_unknown_rule,unknown,ZY14,,80,4,1,Discount,receivable_discount,receivable,conditional_decision,True,"{""term_1_wan"": 50, ""term_2_wan"": 0, ""term_3_wan"": 0, ""term_4_wan"": 0}",complete,45.0,65.0,"1期贴现:50W,2期贴现:0W,3期贴现:0W,4期贴现:0W",observed_history_unknown_rule,src_27029786bf11,origin data/VPD-OE_Agent_20260709/VPD-OE_Agent/data/raw/ZY/ZY14.xls,现金流量表,83.0,
2ce041ba713eca26,historical_cash_flow,historical_600_unknown_rule,unknown,ZY14,,81,4,1,Long_Loan,long_loan_borrow,finance,conditional_decision,True,"{""principal_wan"": 492, ""term"": 5, ""term_unit"": ""year""}",complete,492.0,557.0,申请:5年 492W的长期贷款,observed_history_unknown_rule,src_27029786bf11,origin data/VPD-OE_Agent_20260709/VPD-OE_Agent/data/raw/ZY/ZY14.xls,现金流量表,84.0,
f114facbba155fa9,historical_cash_flow,historical_600_unknown_rule,unknown,ZY14,,82,4,1,Pay_Material,material_receipt_payment,procurement,committed_settlement,False,"{""materials"": {""R1"": 2, ""R2"": 2, ""R3"": 4, ""R4"": 2}}",complete,-100.0,457.0,支付原料费 R3:4 R4:2 R1:2 R2:2,observed_history_unknown_rule,src_27029786bf11,origin data/VPD-OE_Agent_20260709/VPD-OE_Agent/data/raw/ZY/ZY14.xls,现金流量表,85.0,
855a867c530454c6,historical_cash_flow,historical_600_unknown_rule,unknown,ZY14,,83,4,1,Buy_Material,material_order,procurement,direct_decision,True,"{""materials"": {""R1"": 2, ""R2"": 2, ""R3"": 4, ""R4"": 2}}",complete,0.0,457.0,订购原料 R1:2 R2:2 R3:4 R4:2,observed_history_unknown_rule,src_27029786bf11,origin data/VPD-OE_Agent_20260709/VPD-OE_Agent/data/raw/ZY/ZY14.xls,现金流量表,86.0,
f4200ae2d2dfa64d,historical_cash_flow,historical_600_unknown_rule,unknown,ZY14,,84,4,1,Product_Produce,production,production,direct_decision,True,"{""line_assignments"": [{""line_instance_id"": 191, ""product_id"": ""P2""}, {""line_instance_id"": 192, ""product_id"": ""P2""}, {""line_instance_id"": 193, ""product_id"": ""P3""}, {""line_instance_id"": 194, ""product_id"": ""P3""}]}",complete,-40.0,417.0,191:P2 192:P2 193:P3 194:P3,observed_history_unknown_rule,src_27029786bf11,origin data/VPD-OE_Agent_20260709/VPD-OE_Agent/data/raw/ZY/ZY14.xls,现金流量表,87.0,
9ef48c596e7b3715,historical_cash_flow,historical_600_unknown_rule,unknown,ZY14,,85,4,1,Update_Receivable,receivable_maturity,receivable,automatic_settlement,False,{},not_applicable,838.0,1255.0,更新应收款,observed_history_unknown_rule,src_27029786bf11,origin data/VPD-OE_Agent_20260709/VPD-OE_Agent/data/raw/ZY/ZY14.xls,现金流量表,88.0,
2825933a5447521c,historical_cash_flow,historical_600_unknown_rule,unknown,ZY14,,86,4,1,Pay_Overhaul,administrative_fee,period_close,automatic_settlement,False,{},not_applicable,-10.0,1245.0,支付行政管理费,observed_history_unknown_rule,src_27029786bf11,origin data/VPD-OE_Agent_20260709/VPD-OE_Agent/data/raw/ZY/ZY14.xls,现金流量表,89.0,
19c4cb20522c03da,historical_cash_flow,historical_600_unknown_rule,unknown,ZY14,,87,4,2,Pay_Material,material_receipt_payment,procurement,committed_settlement,False,"{""materials"": {""R1"": 2, ""R2"": 2, ""R3"": 4, ""R4"": 2}}",complete,-100.0,1145.0,支付原料费 R3:4 R4:2 R1:2 R2:2,observed_history_unknown_rule,src_27029786bf11,origin data/VPD-OE_Agent_20260709/VPD-OE_Agent/data/raw/ZY/ZY14.xls,现金流量表,90.0,
43731762632c56a1,historical_cash_flow,historical_600_unknown_rule,unknown,ZY14,,88,4,2,Buy_Material,material_order,procurement,direct_decision,True,"{""materials"": {""R1"": 2, ""R2"": 2, ""R3"": 4, ""R4"": 2}}",complete,0.0,1145.0,订购原料 R1:2 R2:2 R3:4 R4:2,observed_history_unknown_rule,src_27029786bf11,origin data/VPD-OE_Agent_20260709/VPD-OE_Agent/data/raw/ZY/ZY14.xls,现金流量表,91.0,
525047f20afeb317,historical_cash_flow,historical_600_unknown_rule,unknown,ZY14,,89,4,2,Product_Produce,production,production,direct_decision,True,"{""line_assignments"": [{""line_instance_id"": 191, ""product_id"": ""P2""}, {""line_instance_id"": 192, ""product_id"": ""P2""}, {""line_instance_id"": 193, ""product_id"": ""P3""}, {""line_instance_id"": 194, ""product_id"": ""P3""}]}",complete,-40.0,1105.0,191:P2 192:P2 193:P3 194:P3,observed_history_unknown_rule,src_27029786bf11,origin data/VPD-OE_Agent_20260709/VPD-OE_Agent/data/raw/ZY/ZY14.xls,现金流量表,92.0,
89062c0496085133,historical_cash_flow,historical_600_unknown_rule,unknown,ZY14,,90,4,2,Update_Receivable,receivable_maturity,receivable,automatic_settlement,False,{},not_applicable,161.0,1266.0,更新应收款,observed_history_unknown_rule,src_27029786bf11,origin data/VPD-OE_Agent_20260709/VPD-OE_Agent/data/raw/ZY/ZY14.xls,现金流量表,93.0,
66b50ca5e62786f6,historical_cash_flow,historical_600_unknown_rule,unknown,ZY14,,91,4,2,Renew_Workshop,factory_rent_renewal,capacity,conditional_decision,True,{},not_applicable,-40.0,1226.0,厂房续租,observed_history_unknown_rule,src_27029786bf11,origin data/VPD-OE_Agent_20260709/VPD-OE_Agent/data/raw/ZY/ZY14.xls,现金流量表,94.0,
998624ade17aa049,historical_cash_flow,historical_600_unknown_rule,unknown,ZY14,,92,4,2,Pay_Overhaul,administrative_fee,period_close,automatic_settlement,False,{},not_applicable,-10.0,1216.0,支付行政管理费,observed_history_unknown_rule,src_27029786bf11,origin data/VPD-OE_Agent_20260709/VPD-OE_Agent/data/raw/ZY/ZY14.xls,现金流量表,95.0,
e5cf1c03f9c0ff55,historical_cash_flow,historical_600_unknown_rule,unknown,ZY14,,93,4,3,Pay_Material,material_receipt_payment,procurement,committed_settlement,False,"{""materials"": {""R1"": 2, ""R2"": 2, ""R3"": 4, ""R4"": 2}}",complete,-100.0,1116.0,支付原料费 R3:4 R4:2 R1:2 R2:2,observed_history_unknown_rule,src_27029786bf11,origin data/VPD-OE_Agent_20260709/VPD-OE_Agent/data/raw/ZY/ZY14.xls,现金流量表,96.0,
f04ba39e1f8bd080,historical_cash_flow,historical_600_unknown_rule,unknown,ZY14,,94,4,3,Buy_Material,material_order,procurement,direct_decision,True,"{""materials"": {""R1"": 2, ""R2"": 2, ""R3"": 4, ""R4"": 2}}",complete,0.0,1116.0,订购原料 R1:2 R2:2 R3:4 R4:2,observed_history_unknown_rule,src_27029786bf11,origin data/VPD-OE_Agent_20260709/VPD-OE_Agent/data/raw/ZY/ZY14.xls,现金流量表,97.0,
ae176934d0aa9d0a,historical_cash_flow,historical_600_unknown_rule,unknown,ZY14,,95,4,3,Product_Produce,production,production,direct_decision,True,"{""line_assignments"": [{""line_instance_id"": 191, ""product_id"": ""P2""}, {""line_instance_id"": 192, ""product_id"": ""P2""}, {""line_instance_id"": 193, ""product_id"": ""P3""}, {""line_instance_id"": 194, ""product_id"": ""P3""}]}",complete,-40.0,1076.0,191:P2 192:P2 193:P3 194:P3,observed_history_unknown_rule,src_27029786bf11,origin data/VPD-OE_Agent_20260709/VPD-OE_Agent/data/raw/ZY/ZY14.xls,现金流量表,98.0,
2fab0f1127016de2,historical_cash_flow,historical_600_unknown_rule,unknown,ZY14,,96,4,3,Pay_Overhaul,administrative_fee,period_close,automatic_settlement,False,{},not_applicable,-10.0,1066.0,支付行政管理费,observed_history_unknown_rule,src_27029786bf11,origin data/VPD-OE_Agent_20260709/VPD-OE_Agent/data/raw/ZY/ZY14.xls,现金流量表,99.0,
1f857afed05cc8d5,historical_cash_flow,historical_600_unknown_rule,unknown,ZY14,,97,4,4,Pay_Material,material_receipt_payment,procurement,committed_settlement,False,"{""materials"": {""R1"": 2, ""R2"": 2, ""R3"": 4, ""R4"": 2}}",complete,-100.0,966.0,支付原料费 R3:4 R4:2 R1:2 R2:2,observed_history_unknown_rule,src_27029786bf11,origin data/VPD-OE_Agent_20260709/VPD-OE_Agent/data/raw/ZY/ZY14.xls,现金流量表,100.0,
41e4a080b383f251,historical_cash_flow,historical_600_unknown_rule,unknown,ZY14,,98,4,4,Buy_Material,material_order,procurement,direct_decision,True,"{""materials"": {""R1"": 2, ""R2"": 2, ""R3"": 4, ""R4"": 2}}",complete,0.0,966.0,订购原料 R1:2 R2:2 R3:4 R4:2,observed_history_unknown_rule,src_27029786bf11,origin data/VPD-OE_Agent_20260709/VPD-OE_Agent/data/raw/ZY/ZY14.xls,现金流量表,101.0,
aec90a126278262c,historical_cash_flow,historical_600_unknown_rule,unknown,ZY14,,99,4,4,Product_Produce,production,production,direct_decision,True,"{""line_assignments"": [{""line_instance_id"": 191, ""product_id"": ""P2""}, {""line_instance_id"": 192, ""product_id"": ""P2""}, {""line_instance_id"": 193, ""product_id"": ""P3""}, {""line_instance_id"": 194, ""product_id"": ""P3""}]}",complete,-40.0,926.0,191:P2 192:P2 193:P3 194:P3,observed_history_unknown_rule,src_27029786bf11,origin data/VPD-OE_Agent_20260709/VPD-OE_Agent/data/raw/ZY/ZY14.xls,现金流量表,102.0,
d162f6007c4ea541,historical_cash_flow,historical_600_unknown_rule,unknown,ZY14,,100,4,4,Develop_Market,market_development,qualification,direct_decision,True,"{""markets"": [""国际""]}",complete,-10.0,916.0,"市场开拓资格投资,开发项目:国际",observed_history_unknown_rule,src_27029786bf11,origin data/VPD-OE_Agent_20260709/VPD-OE_Agent/data/raw/ZY/ZY14.xls,现金流量表,103.0,
fcbb61caca99fd2a,historical_cash_flow,historical_600_unknown_rule,unknown,ZY14,,101,4,4,Pay_Overhaul,administrative_fee,period_close,automatic_settlement,False,{},not_applicable,-10.0,906.0,支付行政管理费,observed_history_unknown_rule,src_27029786bf11,origin data/VPD-OE_Agent_20260709/VPD-OE_Agent/data/raw/ZY/ZY14.xls,现金流量表,104.0,
94715f118ffc26ba,historical_cash_flow,historical_600_unknown_rule,unknown,ZY14,,102,4,4,Pay_Maintenance,maintenance,period_close,automatic_settlement,False,{},not_applicable,-40.0,866.0,支付维护费,observed_history_unknown_rule,src_27029786bf11,origin data/VPD-OE_Agent_20260709/VPD-OE_Agent/data/raw/ZY/ZY14.xls,现金流量表,105.0,
80a8f172d5b66157,historical_cash_flow,historical_600_unknown_rule,unknown,ZY14,,103,5,1,Pay_Tax,tax_payment,period_close,automatic_settlement,False,{},not_applicable,-4.0,862.0,支付上一年税金,observed_history_unknown_rule,src_27029786bf11,origin data/VPD-OE_Agent_20260709/VPD-OE_Agent/data/raw/ZY/ZY14.xls,现金流量表,106.0,
91c8d3a06923a025,historical_cash_flow,historical_600_unknown_rule,unknown,ZY14,,104,5,1,Pay_Long_Loan,long_loan_repayment,finance,committed_settlement,False,{},partial,-172.0,690.0,支付长贷本息,observed_history_unknown_rule,src_27029786bf11,origin data/VPD-OE_Agent_20260709/VPD-OE_Agent/data/raw/ZY/ZY14.xls,现金流量表,107.0,
fc4138515c3c57ef,historical_cash_flow,historical_600_unknown_rule,unknown,ZY14,,105,5,1,Pay_AD,advertising,sales,direct_decision,True,{},partial,-150.0,540.0,广告投放,observed_history_unknown_rule,src_27029786bf11,origin data/VPD-OE_Agent_20260709/VPD-OE_Agent/data/raw/ZY/ZY14.xls,现金流量表,108.0,
be3a32344153a1b6,historical_cash_flow,historical_600_unknown_rule,unknown,ZY14,,106,5,1,Pay_Material,material_receipt_payment,procurement,committed_settlement,False,"{""materials"": {""R1"": 2, ""R2"": 2, ""R3"": 4, ""R4"": 2}}",complete,-100.0,440.0,支付原料费 R3:4 R4:2 R1:2 R2:2,observed_history_unknown_rule,src_27029786bf11,origin data/VPD-OE_Agent_20260709/VPD-OE_Agent/data/raw/ZY/ZY14.xls,现金流量表,109.0,
aa6e4ed488f3d2d6,historical_cash_flow,historical_600_unknown_rule,unknown,ZY14,,107,5,1,Buy_Material,material_order,procurement,direct_decision,True,"{""materials"": {""R1"": 2, ""R2"": 2, ""R3"": 4, ""R4"": 2}}",complete,0.0,440.0,订购原料 R1:2 R2:2 R3:4 R4:2,observed_history_unknown_rule,src_27029786bf11,origin data/VPD-OE_Agent_20260709/VPD-OE_Agent/data/raw/ZY/ZY14.xls,现金流量表,110.0,
cc362a62591551c9,historical_cash_flow,historical_600_unknown_rule,unknown,ZY14,,108,5,1,Product_Produce,production,production,direct_decision,True,"{""line_assignments"": [{""line_instance_id"": 191, ""product_id"": ""P2""}, {""line_instance_id"": 192, ""product_id"": ""P2""}, {""line_instance_id"": 193, ""product_id"": ""P3""}, {""line_instance_id"": 194, ""product_id"": ""P3""}]}",complete,-40.0,400.0,191:P2 192:P2 193:P3 194:P3,observed_history_unknown_rule,src_27029786bf11,origin data/VPD-OE_Agent_20260709/VPD-OE_Agent/data/raw/ZY/ZY14.xls,现金流量表,111.0,
46cb62401cf23b64,historical_cash_flow,historical_600_unknown_rule,unknown,ZY14,,109,5,1,Update_Receivable,receivable_maturity,receivable,automatic_settlement,False,{},not_applicable,822.0,1222.0,更新应收款,observed_history_unknown_rule,src_27029786bf11,origin data/VPD-OE_Agent_20260709/VPD-OE_Agent/data/raw/ZY/ZY14.xls,现金流量表,112.0,
f26b2917c2a2dea6,historical_cash_flow,historical_600_unknown_rule,unknown,ZY14,,110,5,1,Pay_Overhaul,administrative_fee,period_close,automatic_settlement,False,{},not_applicable,-10.0,1212.0,支付行政管理费,observed_history_unknown_rule,src_27029786bf11,origin data/VPD-OE_Agent_20260709/VPD-OE_Agent/data/raw/ZY/ZY14.xls,现金流量表,113.0,
0d7d619666453b8f,historical_cash_flow,historical_600_unknown_rule,unknown,ZY14,,111,5,2,Pay_Material,material_receipt_payment,procurement,committed_settlement,False,"{""materials"": {""R1"": 2, ""R2"": 2, ""R3"": 4, ""R4"": 2}}",complete,-100.0,1112.0,支付原料费 R3:4 R4:2 R1:2 R2:2,observed_history_unknown_rule,src_27029786bf11,origin data/VPD-OE_Agent_20260709/VPD-OE_Agent/data/raw/ZY/ZY14.xls,现金流量表,114.0,
48c07de03ed59807,historical_cash_flow,historical_600_unknown_rule,unknown,ZY14,,112,5,2,Buy_Material,material_order,procurement,direct_decision,True,"{""materials"": {""R1"": 2, ""R2"": 2, ""R3"": 4, ""R4"": 2}}",complete,0.0,1112.0,订购原料 R1:2 R2:2 R3:4 R4:2,observed_history_unknown_rule,src_27029786bf11,origin data/VPD-OE_Agent_20260709/VPD-OE_Agent/data/raw/ZY/ZY14.xls,现金流量表,115.0,
f7fc4400e96e6c5c,historical_cash_flow,historical_600_unknown_rule,unknown,ZY14,,113,5,2,Product_Produce,production,production,direct_decision,True,"{""line_assignments"": [{""line_instance_id"": 191, ""product_id"": ""P2""}, {""line_instance_id"": 192, ""product_id"": ""P2""}, {""line_instance_id"": 193, ""product_id"": ""P3""}, {""line_instance_id"": 194, ""product_id"": ""P3""}]}",complete,-40.0,1072.0,191:P2 192:P2 193:P3 194:P3,observed_history_unknown_rule,src_27029786bf11,origin data/VPD-OE_Agent_20260709/VPD-OE_Agent/data/raw/ZY/ZY14.xls,现金流量表,116.0,
df92aa9a5bd0924b,historical_cash_flow,historical_600_unknown_rule,unknown,ZY14,,114,5,2,Renew_Workshop,factory_rent_renewal,capacity,conditional_decision,True,{},not_applicable,-40.0,1032.0,厂房续租,observed_history_unknown_rule,src_27029786bf11,origin data/VPD-OE_Agent_20260709/VPD-OE_Agent/data/raw/ZY/ZY14.xls,现金流量表,117.0,
54eeaba18e02d8c2,historical_cash_flow,historical_600_unknown_rule,unknown,ZY14,,115,5,2,Pay_Overhaul,administrative_fee,period_close,automatic_settlement,False,{},not_applicable,-10.0,1022.0,支付行政管理费,observed_history_unknown_rule,src_27029786bf11,origin data/VPD-OE_Agent_20260709/VPD-OE_Agent/data/raw/ZY/ZY14.xls,现金流量表,118.0,
3a89d8320673dc5d,historical_cash_flow,historical_600_unknown_rule,unknown,ZY14,,116,5,3,Pay_Material,material_receipt_payment,procurement,committed_settlement,False,"{""materials"": {""R1"": 2, ""R2"": 2, ""R3"": 4, ""R4"": 2}}",complete,-100.0,922.0,支付原料费 R3:4 R4:2 R1:2 R2:2,observed_history_unknown_rule,src_27029786bf11,origin data/VPD-OE_Agent_20260709/VPD-OE_Agent/data/raw/ZY/ZY14.xls,现金流量表,119.0,
971be6e16d5b2439,historical_cash_flow,historical_600_unknown_rule,unknown,ZY14,,117,5,3,Buy_Material,material_order,procurement,direct_decision,True,"{""materials"": {""R1"": 2, ""R2"": 2, ""R3"": 4, ""R4"": 2}}",complete,0.0,922.0,订购原料 R1:2 R2:2 R3:4 R4:2,observed_history_unknown_rule,src_27029786bf11,origin data/VPD-OE_Agent_20260709/VPD-OE_Agent/data/raw/ZY/ZY14.xls,现金流量表,120.0,
194b1cb9619916fa,historical_cash_flow,historical_600_unknown_rule,unknown,ZY14,,118,5,3,Product_Produce,production,production,direct_decision,True,"{""line_assignments"": [{""line_instance_id"": 191, ""product_id"": ""P2""}, {""line_instance_id"": 192, ""product_id"": ""P2""}, {""line_instance_id"": 193, ""product_id"": ""P3""}, {""line_instance_id"": 194, ""product_id"": ""P3""}]}",complete,-40.0,882.0,191:P2 192:P2 193:P3 194:P3,observed_history_unknown_rule,src_27029786bf11,origin data/VPD-OE_Agent_20260709/VPD-OE_Agent/data/raw/ZY/ZY14.xls,现金流量表,121.0,
aa40d78d5d47fbf2,historical_cash_flow,historical_600_unknown_rule,unknown,ZY14,,119,5,3,Update_Receivable,receivable_maturity,receivable,automatic_settlement,False,{},not_applicable,464.0,1346.0,更新应收款,observed_history_unknown_rule,src_27029786bf11,origin data/VPD-OE_Agent_20260709/VPD-OE_Agent/data/raw/ZY/ZY14.xls,现金流量表,122.0,
153f09dc688e5921,historical_cash_flow,historical_600_unknown_rule,unknown,ZY14,,120,5,3,Pay_Overhaul,administrative_fee,period_close,automatic_settlement,False,{},not_applicable,-10.0,1336.0,支付行政管理费,observed_history_unknown_rule,src_27029786bf11,origin data/VPD-OE_Agent_20260709/VPD-OE_Agent/data/raw/ZY/ZY14.xls,现金流量表,123.0,
c9ac89bc27f46751,historical_cash_flow,historical_600_unknown_rule,unknown,ZY14,,121,5,4,Pay_Material,material_receipt_payment,procurement,committed_settlement,False,"{""materials"": {""R1"": 2, ""R2"": 2, ""R3"": 4, ""R4"": 2}}",complete,-100.0,1236.0,支付原料费 R3:4 R4:2 R1:2 R2:2,observed_history_unknown_rule,src_27029786bf11,origin data/VPD-OE_Agent_20260709/VPD-OE_Agent/data/raw/ZY/ZY14.xls,现金流量表,124.0,
c8a68ad5e776d692,historical_cash_flow,historical_600_unknown_rule,unknown,ZY14,,122,5,4,Buy_Material,material_order,procurement,direct_decision,True,"{""materials"": {""R1"": 2, ""R2"": 2, ""R3"": 4, ""R4"": 2}}",complete,0.0,1236.0,订购原料 R1:2 R2:2 R3:4 R4:2,observed_history_unknown_rule,src_27029786bf11,origin data/VPD-OE_Agent_20260709/VPD-OE_Agent/data/raw/ZY/ZY14.xls,现金流量表,125.0,
08916717b289837b,historical_cash_flow,historical_600_unknown_rule,unknown,ZY14,,123,5,4,Product_Produce,production,production,direct_decision,True,"{""line_assignments"": [{""line_instance_id"": 191, ""product_id"": ""P2""}, {""line_instance_id"": 192, ""product_id"": ""P2""}, {""line_instance_id"": 193, ""product_id"": ""P3""}, {""line_instance_id"": 194, ""product_id"": ""P3""}]}",complete,-40.0,1196.0,191:P2 192:P2 193:P3 194:P3,observed_history_unknown_rule,src_27029786bf11,origin data/VPD-OE_Agent_20260709/VPD-OE_Agent/data/raw/ZY/ZY14.xls,现金流量表,126.0,
506327d504300e55,historical_cash_flow,historical_600_unknown_rule,unknown,ZY14,,124,5,4,Pay_Overhaul,administrative_fee,period_close,automatic_settlement,False,{},not_applicable,-10.0,1186.0,支付行政管理费,observed_history_unknown_rule,src_27029786bf11,origin data/VPD-OE_Agent_20260709/VPD-OE_Agent/data/raw/ZY/ZY14.xls,现金流量表,127.0,
637939da91bf9bf9,historical_cash_flow,historical_600_unknown_rule,unknown,ZY14,,125,5,4,Pay_Maintenance,maintenance,period_close,automatic_settlement,False,{},not_applicable,-40.0,1146.0,支付维护费,observed_history_unknown_rule,src_27029786bf11,origin data/VPD-OE_Agent_20260709/VPD-OE_Agent/data/raw/ZY/ZY14.xls,现金流量表,128.0,
1b96db9b402f5a1c,historical_cash_flow,historical_600_unknown_rule,unknown,ZY15,,1,1,1,Pay_Capital,capital_injection,finance,exception_intervention,False,{},not_applicable,600.0,600.0,"公司成立,股东注资",observed_history_unknown_rule,src_4d43a1bf1514,origin data/VPD-OE_Agent_20260709/VPD-OE_Agent/data/raw/ZY/ZY15.xls,现金流量表,4.0,
13f208c3199638dd,historical_cash_flow,historical_600_unknown_rule,unknown,ZY15,,2,1,1,Develop_Product,product_development,qualification,direct_decision,True,"{""products"": [""P4""]}",complete,-10.0,590.0,产品生产资格投资: P4,observed_history_unknown_rule,src_4d43a1bf1514,origin data/VPD-OE_Agent_20260709/VPD-OE_Agent/data/raw/ZY/ZY15.xls,现金流量表,5.0,
b5fedcea7ffeb0ab,historical_cash_flow,historical_600_unknown_rule,unknown,ZY15,,3,1,1,Pay_Overhaul,administrative_fee,period_close,automatic_settlement,False,{},not_applicable,-10.0,580.0,支付行政管理费,observed_history_unknown_rule,src_4d43a1bf1514,origin data/VPD-OE_Agent_20260709/VPD-OE_Agent/data/raw/ZY/ZY15.xls,现金流量表,6.0,
b56cfcac2b6af123,historical_cash_flow,historical_600_unknown_rule,unknown,ZY15,,4,1,2,Develop_Product,product_development,qualification,direct_decision,True,"{""products"": [""P4""]}",complete,-10.0,570.0,产品生产资格投资: P4,observed_history_unknown_rule,src_4d43a1bf1514,origin data/VPD-OE_Agent_20260709/VPD-OE_Agent/data/raw/ZY/ZY15.xls,现金流量表,7.0,
6d59ae1ac5d44cf8,historical_cash_flow,historical_600_unknown_rule,unknown,ZY15,,5,1,2,Pay_Overhaul,administrative_fee,period_close,automatic_settlement,False,{},not_applicable,-10.0,560.0,支付行政管理费,observed_history_unknown_rule,src_4d43a1bf1514,origin data/VPD-OE_Agent_20260709/VPD-OE_Agent/data/raw/ZY/ZY15.xls,现金流量表,8.0,
8f805380066749c4,historical_cash_flow,historical_600_unknown_rule,unknown,ZY15,,6,1,3,Rent_Workshop,factory_rent,capacity,direct_decision,True,"{""factory_type"": ""大厂房""}",complete,-40.0,520.0,租用[大厂房],observed_history_unknown_rule,src_4d43a1bf1514,origin data/VPD-OE_Agent_20260709/VPD-OE_Agent/data/raw/ZY/ZY15.xls,现金流量表,9.0,
6031297a804c9fb4,historical_cash_flow,historical_600_unknown_rule,unknown,ZY15,,7,1,3,Buy_ProductLine,production_line_order,capacity,direct_decision,True,"{""line_type"": ""自动线"", ""product_id"": ""P4""}",complete,-50.0,470.0,订购[自动线]生产[P4],observed_history_unknown_rule,src_4d43a1bf1514,origin data/VPD-OE_Agent_20260709/VPD-OE_Agent/data/raw/ZY/ZY15.xls,现金流量表,10.0,
d26676580f540c69,historical_cash_flow,historical_600_unknown_rule,unknown,ZY15,,8,1,3,Buy_ProductLine,production_line_order,capacity,direct_decision,True,"{""line_type"": ""自动线"", ""product_id"": ""P4""}",complete,-50.0,420.0,订购[自动线]生产[P4],observed_history_unknown_rule,src_4d43a1bf1514,origin data/VPD-OE_Agent_20260709/VPD-OE_Agent/data/raw/ZY/ZY15.xls,现金流量表,11.0,
404f18078a60a1d6,historical_cash_flow,historical_600_unknown_rule,unknown,ZY15,,9,1,3,Develop_Product,product_development,qualification,direct_decision,True,"{""products"": [""P4""]}",complete,-10.0,410.0,产品生产资格投资: P4,observed_history_unknown_rule,src_4d43a1bf1514,origin data/VPD-OE_Agent_20260709/VPD-OE_Agent/data/raw/ZY/ZY15.xls,现金流量表,12.0,
6cd32421e1ddf5fe,historical_cash_flow,historical_600_unknown_rule,unknown,ZY15,,10,1,3,Pay_Overhaul,administrative_fee,period_close,automatic_settlement,False,{},not_applicable,-10.0,400.0,支付行政管理费,observed_history_unknown_rule,src_4d43a1bf1514,origin data/VPD-OE_Agent_20260709/VPD-OE_Agent/data/raw/ZY/ZY15.xls,现金流量表,13.0,
8127e94f43f24ed2,historical_cash_flow,historical_600_unknown_rule,unknown,ZY15,,11,1,4,Buy_Material,material_order,procurement,direct_decision,True,"{""materials"": {""R3"": 2, ""R4"": 2}}",complete,0.0,400.0,订购原料 R3:2 R4:2,observed_history_unknown_rule,src_4d43a1bf1514,origin data/VPD-OE_Agent_20260709/VPD-OE_Agent/data/raw/ZY/ZY15.xls,现金流量表,14.0,
6a15e401c56608be,historical_cash_flow,historical_600_unknown_rule,unknown,ZY15,,12,1,4,Invest_ProductLine,production_line_investment,capacity,committed_settlement,False,{},partial,-100.0,300.0,投资在建生产线,observed_history_unknown_rule,src_4d43a1bf1514,origin data/VPD-OE_Agent_20260709/VPD-OE_Agent/data/raw/ZY/ZY15.xls,现金流量表,15.0,
e123b18a80e2ded9,historical_cash_flow,historical_600_unknown_rule,unknown,ZY15,,13,1,4,Develop_Product,product_development,qualification,direct_decision,True,"{""products"": [""P4""]}",complete,-10.0,290.0,产品生产资格投资: P4,observed_history_unknown_rule,src_4d43a1bf1514,origin data/VPD-OE_Agent_20260709/VPD-OE_Agent/data/raw/ZY/ZY15.xls,现金流量表,16.0,
e57848d120e1cdc7,historical_cash_flow,historical_600_unknown_rule,unknown,ZY15,,14,1,4,Develop_Market,market_development,qualification,direct_decision,True,"{""markets"": [""本地"", ""区域"", ""国内"", ""亚洲""]}",complete,-40.0,250.0,"市场开拓资格投资,开发项目:本地 区域 国内 亚洲",observed_history_unknown_rule,src_4d43a1bf1514,origin data/VPD-OE_Agent_20260709/VPD-OE_Agent/data/raw/ZY/ZY15.xls,现金流量表,17.0,
dd0a1272c3bc9c70,historical_cash_flow,historical_600_unknown_rule,unknown,ZY15,,15,1,4,Develop_ISO,iso_development,qualification,direct_decision,True,"{""certifications"": [""ISO14000"", ""ISO9000""]}",complete,-30.0,220.0,"ISO认证资格投资,开发：ISO9000 ISO14000",observed_history_unknown_rule,src_4d43a1bf1514,origin data/VPD-OE_Agent_20260709/VPD-OE_Agent/data/raw/ZY/ZY15.xls,现金流量表,18.0,
3b8ea839be2b572a,historical_cash_flow,historical_600_unknown_rule,unknown,ZY15,,16,1,4,Pay_Overhaul,administrative_fee,period_close,automatic_settlement,False,{},not_applicable,-10.0,210.0,支付行政管理费,observed_history_unknown_rule,src_4d43a1bf1514,origin data/VPD-OE_Agent_20260709/VPD-OE_Agent/data/raw/ZY/ZY15.xls,现金流量表,19.0,
06805b26a2542a0b,historical_cash_flow,historical_600_unknown_rule,unknown,ZY15,,17,2,1,Pay_AD,advertising,sales,direct_decision,True,{},partial,-19.0,191.0,广告投放,observed_history_unknown_rule,src_4d43a1bf1514,origin data/VPD-OE_Agent_20260709/VPD-OE_Agent/data/raw/ZY/ZY15.xls,现金流量表,20.0,
4cf5597236f7a82e,historical_cash_flow,historical_600_unknown_rule,unknown,ZY15,,18,2,1,Long_Loan,long_loan_borrow,finance,conditional_decision,True,"{""principal_wan"": 1224, ""term"": 5, ""term_unit"": ""year""}",complete,1224.0,1415.0,申请:5年 1224W的长期贷款,observed_history_unknown_rule,src_4d43a1bf1514,origin data/VPD-OE_Agent_20260709/VPD-OE_Agent/data/raw/ZY/ZY15.xls,现金流量表,21.0,
f5637424d3f13290,historical_cash_flow,historical_600_unknown_rule,unknown,ZY15,,19,2,1,Buy_Material,material_order,procurement,direct_decision,True,"{""materials"": {""R2"": 4, ""R3"": 2, ""R4"": 2}}",complete,0.0,1415.0,订购原料 R2:4 R3:2 R4:2,observed_history_unknown_rule,src_4d43a1bf1514,origin data/VPD-OE_Agent_20260709/VPD-OE_Agent/data/raw/ZY/ZY15.xls,现金流量表,22.0,
e96b74e0eb475f5b,historical_cash_flow,historical_600_unknown_rule,unknown,ZY15,,20,2,1,Invest_ProductLine,production_line_investment,capacity,committed_settlement,False,{},partial,-100.0,1315.0,投资在建生产线,observed_history_unknown_rule,src_4d43a1bf1514,origin data/VPD-OE_Agent_20260709/VPD-OE_Agent/data/raw/ZY/ZY15.xls,现金流量表,23.0,
90b2cb0bb2b8bff8,historical_cash_flow,historical_600_unknown_rule,unknown,ZY15,,21,2,1,Develop_Product,product_development,qualification,direct_decision,True,"{""products"": [""P4""]}",complete,-10.0,1305.0,产品生产资格投资: P4,observed_history_unknown_rule,src_4d43a1bf1514,origin data/VPD-OE_Agent_20260709/VPD-OE_Agent/data/raw/ZY/ZY15.xls,现金流量表,24.0,
ef4517e99a09ef95,historical_cash_flow,historical_600_unknown_rule,unknown,ZY15,,22,2,1,Pay_Overhaul,administrative_fee,period_close,automatic_settlement,False,{},not_applicable,-10.0,1295.0,支付行政管理费,observed_history_unknown_rule,src_4d43a1bf1514,origin data/VPD-OE_Agent_20260709/VPD-OE_Agent/data/raw/ZY/ZY15.xls,现金流量表,25.0,
11dae0ba2e28da4d,historical_cash_flow,historical_600_unknown_rule,unknown,ZY15,,23,2,2,Pay_Material,material_receipt_payment,procurement,committed_settlement,False,"{""materials"": {""R2"": 4, ""R3"": 2, ""R4"": 2}}",complete,-80.0,1215.0,支付原料费 R3:2 R4:2 R2:4,observed_history_unknown_rule,src_4d43a1bf1514,origin data/VPD-OE_Agent_20260709/VPD-OE_Agent/data/raw/ZY/ZY15.xls,现金流量表,26.0,
413310c44984357c,historical_cash_flow,historical_600_unknown_rule,unknown,ZY15,,24,2,2,Buy_ProductLine,production_line_order,capacity,direct_decision,True,"{""line_type"": ""自动线"", ""product_id"": ""P4""}",complete,-50.0,1165.0,订购[自动线]生产[P4],observed_history_unknown_rule,src_4d43a1bf1514,origin data/VPD-OE_Agent_20260709/VPD-OE_Agent/data/raw/ZY/ZY15.xls,现金流量表,27.0,
82650a444ab56124,historical_cash_flow,historical_600_unknown_rule,unknown,ZY15,,25,2,2,Buy_ProductLine,production_line_order,capacity,direct_decision,True,"{""line_type"": ""自动线"", ""product_id"": ""P4""}",complete,-50.0,1115.0,订购[自动线]生产[P4],observed_history_unknown_rule,src_4d43a1bf1514,origin data/VPD-OE_Agent_20260709/VPD-OE_Agent/data/raw/ZY/ZY15.xls,现金流量表,28.0,
650197f1a00347d3,historical_cash_flow,historical_600_unknown_rule,unknown,ZY15,,26,2,2,Product_Produce,production,production,direct_decision,True,"{""line_assignments"": [{""line_instance_id"": 135, ""product_id"": ""P4""}, {""line_instance_id"": 136, ""product_id"": ""P4""}]}",complete,-20.0,1095.0,135:P4 136:P4,observed_history_unknown_rule,src_4d43a1bf1514,origin data/VPD-OE_Agent_20260709/VPD-OE_Agent/data/raw/ZY/ZY15.xls,现金流量表,29.0,
8fa400a305529acb,historical_cash_flow,historical_600_unknown_rule,unknown,ZY15,,27,2,2,Buy_Material,material_order,procurement,direct_decision,True,"{""materials"": {""R2"": 4, ""R3"": 2, ""R4"": 2}}",complete,0.0,1095.0,订购原料 R2:4 R3:2 R4:2,observed_history_unknown_rule,src_4d43a1bf1514,origin data/VPD-OE_Agent_20260709/VPD-OE_Agent/data/raw/ZY/ZY15.xls,现金流量表,30.0,
8a6af9728d417956,historical_cash_flow,historical_600_unknown_rule,unknown,ZY15,,28,2,2,Pay_Overhaul,administrative_fee,period_close,automatic_settlement,False,{},not_applicable,-10.0,1085.0,支付行政管理费,observed_history_unknown_rule,src_4d43a1bf1514,origin data/VPD-OE_Agent_20260709/VPD-OE_Agent/data/raw/ZY/ZY15.xls,现金流量表,31.0,
553754ca8f8cb13a,historical_cash_flow,historical_600_unknown_rule,unknown,ZY15,,29,2,3,Pay_Material,material_receipt_payment,procurement,committed_settlement,False,"{""materials"": {""R2"": 4, ""R3"": 2, ""R4"": 2}}",complete,-80.0,1005.0,支付原料费 R3:2 R4:2 R2:4,observed_history_unknown_rule,src_4d43a1bf1514,origin data/VPD-OE_Agent_20260709/VPD-OE_Agent/data/raw/ZY/ZY15.xls,现金流量表,32.0,
cda7d6b6e4e09143,historical_cash_flow,historical_600_unknown_rule,unknown,ZY15,,30,2,3,Product_Produce,production,production,direct_decision,True,"{""line_assignments"": [{""line_instance_id"": 135, ""product_id"": ""P4""}, {""line_instance_id"": 136, ""product_id"": ""P4""}]}",complete,-20.0,985.0,135:P4 136:P4,observed_history_unknown_rule,src_4d43a1bf1514,origin data/VPD-OE_Agent_20260709/VPD-OE_Agent/data/raw/ZY/ZY15.xls,现金流量表,33.0,
da826e95e7fbac59,historical_cash_flow,historical_600_unknown_rule,unknown,ZY15,,31,2,3,Buy_Material,material_order,procurement,direct_decision,True,"{""materials"": {""R2"": 4, ""R3"": 4, ""R4"": 4}}",complete,0.0,985.0,订购原料 R2:4 R3:4 R4:4,observed_history_unknown_rule,src_4d43a1bf1514,origin data/VPD-OE_Agent_20260709/VPD-OE_Agent/data/raw/ZY/ZY15.xls,现金流量表,34.0,
65c7756c67fdaf83,historical_cash_flow,historical_600_unknown_rule,unknown,ZY15,,32,2,3,Invest_ProductLine,production_line_investment,capacity,committed_settlement,False,{},partial,-100.0,885.0,投资在建生产线,observed_history_unknown_rule,src_4d43a1bf1514,origin data/VPD-OE_Agent_20260709/VPD-OE_Agent/data/raw/ZY/ZY15.xls,现金流量表,35.0,
eb283e2e3ae81929,historical_cash_flow,historical_600_unknown_rule,unknown,ZY15,,33,2,3,Renew_Workshop,factory_rent_renewal,capacity,conditional_decision,True,{},not_applicable,-40.0,845.0,厂房续租,observed_history_unknown_rule,src_4d43a1bf1514,origin data/VPD-OE_Agent_20260709/VPD-OE_Agent/data/raw/ZY/ZY15.xls,现金流量表,36.0,
e4f3925a8c7ef4a5,historical_cash_flow,historical_600_unknown_rule,unknown,ZY15,,34,2,3,Pay_Overhaul,administrative_fee,period_close,automatic_settlement,False,{},not_applicable,-10.0,835.0,支付行政管理费,observed_history_unknown_rule,src_4d43a1bf1514,origin data/VPD-OE_Agent_20260709/VPD-OE_Agent/data/raw/ZY/ZY15.xls,现金流量表,37.0,
ec64f40eb81b61a6,historical_cash_flow,historical_600_unknown_rule,unknown,ZY15,,35,2,4,Pay_Material,material_receipt_payment,procurement,committed_settlement,False,"{""materials"": {""R2"": 4, ""R3"": 2, ""R4"": 2}}",complete,-80.0,755.0,支付原料费 R3:2 R4:2 R2:4,observed_history_unknown_rule,src_4d43a1bf1514,origin data/VPD-OE_Agent_20260709/VPD-OE_Agent/data/raw/ZY/ZY15.xls,现金流量表,38.0,
ab6c37dab84e64ae,historical_cash_flow,historical_600_unknown_rule,unknown,ZY15,,36,2,4,Product_Produce,production,production,direct_decision,True,"{""line_assignments"": [{""line_instance_id"": 135, ""product_id"": ""P4""}, {""line_instance_id"": 136, ""product_id"": ""P4""}]}",complete,-20.0,735.0,135:P4 136:P4,observed_history_unknown_rule,src_4d43a1bf1514,origin data/VPD-OE_Agent_20260709/VPD-OE_Agent/data/raw/ZY/ZY15.xls,现金流量表,39.0,
26d7dc1763c2e73c,historical_cash_flow,historical_600_unknown_rule,unknown,ZY15,,37,2,4,Invest_ProductLine,production_line_investment,capacity,committed_settlement,False,{},partial,-100.0,635.0,投资在建生产线,observed_history_unknown_rule,src_4d43a1bf1514,origin data/VPD-OE_Agent_20260709/VPD-OE_Agent/data/raw/ZY/ZY15.xls,现金流量表,40.0,
0308152c1ce3a8ce,historical_cash_flow,historical_600_unknown_rule,unknown,ZY15,,38,2,4,Buy_Material,material_order,procurement,direct_decision,True,"{""materials"": {""R2"": 8, ""R3"": 4, ""R4"": 4}}",complete,0.0,635.0,订购原料 R2:8 R3:4 R4:4,observed_history_unknown_rule,src_4d43a1bf1514,origin data/VPD-OE_Agent_20260709/VPD-OE_Agent/data/raw/ZY/ZY15.xls,现金流量表,41.0,
a86dfd96323e04d1,historical_cash_flow,historical_600_unknown_rule,unknown,ZY15,,39,2,4,Develop_Market,market_development,qualification,direct_decision,True,"{""markets"": [""国内"", ""亚洲""]}",complete,-20.0,615.0,"市场开拓资格投资,开发项目:国内 亚洲",observed_history_unknown_rule,src_4d43a1bf1514,origin data/VPD-OE_Agent_20260709/VPD-OE_Agent/data/raw/ZY/ZY15.xls,现金流量表,42.0,
74065875ea769c43,historical_cash_flow,historical_600_unknown_rule,unknown,ZY15,,40,2,4,Develop_ISO,iso_development,qualification,direct_decision,True,"{""certifications"": [""ISO14000"", ""ISO9000""]}",complete,-30.0,585.0,"ISO认证资格投资,开发：ISO9000 ISO14000",observed_history_unknown_rule,src_4d43a1bf1514,origin data/VPD-OE_Agent_20260709/VPD-OE_Agent/data/raw/ZY/ZY15.xls,现金流量表,43.0,
5c021e5b0bcbcc5a,historical_cash_flow,historical_600_unknown_rule,unknown,ZY15,,41,2,4,Pay_Overhaul,administrative_fee,period_close,automatic_settlement,False,{},not_applicable,-10.0,575.0,支付行政管理费,observed_history_unknown_rule,src_4d43a1bf1514,origin data/VPD-OE_Agent_20260709/VPD-OE_Agent/data/raw/ZY/ZY15.xls,现金流量表,44.0,
a7ff90e97d74c75e,historical_cash_flow,historical_600_unknown_rule,unknown,ZY15,,42,2,4,Pay_Maintenance,maintenance,period_close,automatic_settlement,False,{},not_applicable,-20.0,555.0,支付维护费,observed_history_unknown_rule,src_4d43a1bf1514,origin data/VPD-OE_Agent_20260709/VPD-OE_Agent/data/raw/ZY/ZY15.xls,现金流量表,45.0,
bdcc0dc1b144a101,historical_cash_flow,historical_600_unknown_rule,unknown,ZY15,,43,3,1,Pay_Long_Loan,long_loan_repayment,finance,committed_settlement,False,{},partial,-122.0,433.0,支付长贷本息,observed_history_unknown_rule,src_4d43a1bf1514,origin data/VPD-OE_Agent_20260709/VPD-OE_Agent/data/raw/ZY/ZY15.xls,现金流量表,46.0,
378f90837212cbb6,historical_cash_flow,historical_600_unknown_rule,unknown,ZY15,,44,3,1,Pay_AD,advertising,sales,direct_decision,True,{},partial,0.0,433.0,广告投放,observed_history_unknown_rule,src_4d43a1bf1514,origin data/VPD-OE_Agent_20260709/VPD-OE_Agent/data/raw/ZY/ZY15.xls,现金流量表,47.0,
1ffd7ae1a3e13c88,historical_cash_flow,historical_600_unknown_rule,unknown,ZY15,,45,3,1,Auction_Win,order_award,sales,external_outcome,False,"{""order_id"": ""J31-0017""}",complete,-10.0,423.0,竞单成功，获得订单:J31-0017,observed_history_unknown_rule,src_4d43a1bf1514,origin data/VPD-OE_Agent_20260709/VPD-OE_Agent/data/raw/ZY/ZY15.xls,现金流量表,48.0,
ca4b4f4bc6a6c84f,historical_cash_flow,historical_600_unknown_rule,unknown,ZY15,,46,3,1,Auction_Win,order_award,sales,external_outcome,False,"{""order_id"": ""J31-0018""}",complete,-10.0,413.0,竞单成功，获得订单:J31-0018,observed_history_unknown_rule,src_4d43a1bf1514,origin data/VPD-OE_Agent_20260709/VPD-OE_Agent/data/raw/ZY/ZY15.xls,现金流量表,49.0,
2767ed110ed072bc,historical_cash_flow,historical_600_unknown_rule,unknown,ZY15,,47,3,1,Auction_Win,order_award,sales,external_outcome,False,"{""order_id"": ""J33-0019""}",complete,-10.0,403.0,竞单成功，获得订单:J33-0019,observed_history_unknown_rule,src_4d43a1bf1514,origin data/VPD-OE_Agent_20260709/VPD-OE_Agent/data/raw/ZY/ZY15.xls,现金流量表,50.0,
cb5dcd278d1f9b1a,historical_cash_flow,historical_600_unknown_rule,unknown,ZY15,,48,3,1,Pay_Material,material_receipt_payment,procurement,committed_settlement,False,"{""materials"": {""R2"": 8, ""R3"": 4, ""R4"": 4}}",complete,-160.0,243.0,支付原料费 R3:4 R4:4 R2:8,observed_history_unknown_rule,src_4d43a1bf1514,origin data/VPD-OE_Agent_20260709/VPD-OE_Agent/data/raw/ZY/ZY15.xls,现金流量表,51.0,
defca5a55d010dc2,historical_cash_flow,historical_600_unknown_rule,unknown,ZY15,,49,3,1,Product_Produce,production,production,direct_decision,True,"{""line_assignments"": [{""line_instance_id"": 135, ""product_id"": ""P4""}, {""line_instance_id"": 136, ""product_id"": ""P4""}, {""line_instance_id"": 213, ""product_id"": ""P4""}, {""line_instance_id"": 214, ""product_id"": ""P4""}]}",complete,-40.0,203.0,135:P4 136:P4 213:P4 214:P4,observed_history_unknown_rule,src_4d43a1bf1514,origin data/VPD-OE_Agent_20260709/VPD-OE_Agent/data/raw/ZY/ZY15.xls,现金流量表,52.0,
fa62db549e90f045,historical_cash_flow,historical_600_unknown_rule,unknown,ZY15,,50,3,1,Buy_Material,material_order,procurement,direct_decision,True,"{""materials"": {""R2"": 8, ""R3"": 4, ""R4"": 4}}",complete,0.0,203.0,订购原料 R2:8 R3:4 R4:4,observed_history_unknown_rule,src_4d43a1bf1514,origin data/VPD-OE_Agent_20260709/VPD-OE_Agent/data/raw/ZY/ZY15.xls,现金流量表,53.0,
b6623d315107401a,historical_cash_flow,historical_600_unknown_rule,unknown,ZY15,,51,3,1,Pay_Overhaul,administrative_fee,period_close,automatic_settlement,False,{},not_applicable,-10.0,193.0,支付行政管理费,observed_history_unknown_rule,src_4d43a1bf1514,origin data/VPD-OE_Agent_20260709/VPD-OE_Agent/data/raw/ZY/ZY15.xls,现金流量表,54.0,
5f483f1c01260aa2,historical_cash_flow,historical_600_unknown_rule,unknown,ZY15,,52,3,2,Short_Loan,short_loan_borrow,finance,conditional_decision,True,"{""principal_wan"": 28, ""term"": 4, ""term_unit"": ""quarter""}",complete,28.0,221.0,申请:4季 28W的短期贷款,observed_history_unknown_rule,src_4d43a1bf1514,origin data/VPD-OE_Agent_20260709/VPD-OE_Agent/data/raw/ZY/ZY15.xls,现金流量表,55.0,
dc69ac48bec1946e,historical_cash_flow,historical_600_unknown_rule,unknown,ZY15,,53,3,2,Pay_Material,material_receipt_payment,procurement,committed_settlement,False,"{""materials"": {""R2"": 8, ""R3"": 4, ""R4"": 4}}",complete,-160.0,61.0,支付原料费 R3:4 R4:4 R2:8,observed_history_unknown_rule,src_4d43a1bf1514,origin data/VPD-OE_Agent_20260709/VPD-OE_Agent/data/raw/ZY/ZY15.xls,现金流量表,56.0,
b4dc2a46b5756971,historical_cash_flow,historical_600_unknown_rule,unknown,ZY15,,54,3,2,Product_Produce,production,production,direct_decision,True,"{""line_assignments"": [{""line_instance_id"": 135, ""product_id"": ""P4""}, {""line_instance_id"": 136, ""product_id"": ""P4""}, {""line_instance_id"": 213, ""product_id"": ""P4""}, {""line_instance_id"": 214, ""product_id"": ""P4""}]}",complete,-40.0,21.0,135:P4 136:P4 213:P4 214:P4,observed_history_unknown_rule,src_4d43a1bf1514,origin data/VPD-OE_Agent_20260709/VPD-OE_Agent/data/raw/ZY/ZY15.xls,现金流量表,57.0,
f5feac75cfcafb10,historical_cash_flow,historical_600_unknown_rule,unknown,ZY15,,55,3,2,Buy_Material,material_order,procurement,direct_decision,True,"{""materials"": {""R2"": 8, ""R3"": 4, ""R4"": 4}}",complete,0.0,21.0,订购原料 R2:8 R3:4 R4:4,observed_history_unknown_rule,src_4d43a1bf1514,origin data/VPD-OE_Agent_20260709/VPD-OE_Agent/data/raw/ZY/ZY15.xls,现金流量表,58.0,
a19ad09a0f6c8c81,historical_cash_flow,historical_600_unknown_rule,unknown,ZY15,,56,3,2,Update_Receivable,receivable_maturity,receivable,automatic_settlement,False,{},not_applicable,492.0,513.0,更新应收款,observed_history_unknown_rule,src_4d43a1bf1514,origin data/VPD-OE_Agent_20260709/VPD-OE_Agent/data/raw/ZY/ZY15.xls,现金流量表,59.0,
a9539c98d8d857fb,historical_cash_flow,historical_600_unknown_rule,unknown,ZY15,,57,3,2,Pay_Overhaul,administrative_fee,period_close,automatic_settlement,False,{},not_applicable,-10.0,503.0,支付行政管理费,observed_history_unknown_rule,src_4d43a1bf1514,origin data/VPD-OE_Agent_20260709/VPD-OE_Agent/data/raw/ZY/ZY15.xls,现金流量表,60.0,
45a9c86fac2a4609,historical_cash_flow,historical_600_unknown_rule,unknown,ZY15,,58,3,3,Pay_Material,material_receipt_payment,procurement,committed_settlement,False,"{""materials"": {""R2"": 8, ""R3"": 4, ""R4"": 4}}",complete,-160.0,343.0,支付原料费 R3:4 R4:4 R2:8,observed_history_unknown_rule,src_4d43a1bf1514,origin data/VPD-OE_Agent_20260709/VPD-OE_Agent/data/raw/ZY/ZY15.xls,现金流量表,61.0,
5e94685aed79b8ce,historical_cash_flow,historical_600_unknown_rule,unknown,ZY15,,59,3,3,Product_Produce,production,production,direct_decision,True,"{""line_assignments"": [{""line_instance_id"": 135, ""product_id"": ""P4""}, {""line_instance_id"": 136, ""product_id"": ""P4""}, {""line_instance_id"": 213, ""product_id"": ""P4""}, {""line_instance_id"": 214, ""product_id"": ""P4""}]}",complete,-40.0,303.0,135:P4 136:P4 213:P4 214:P4,observed_history_unknown_rule,src_4d43a1bf1514,origin data/VPD-OE_Agent_20260709/VPD-OE_Agent/data/raw/ZY/ZY15.xls,现金流量表,62.0,
c841aeb2e0de99eb,historical_cash_flow,historical_600_unknown_rule,unknown,ZY15,,60,3,3,Buy_Material,material_order,procurement,direct_decision,True,"{""materials"": {""R2"": 8, ""R3"": 4, ""R4"": 4}}",complete,0.0,303.0,订购原料 R2:8 R3:4 R4:4,observed_history_unknown_rule,src_4d43a1bf1514,origin data/VPD-OE_Agent_20260709/VPD-OE_Agent/data/raw/ZY/ZY15.xls,现金流量表,63.0,
5869773cf0153993,historical_cash_flow,historical_600_unknown_rule,unknown,ZY15,,61,3,3,Update_Receivable,receivable_maturity,receivable,automatic_settlement,False,{},not_applicable,456.0,759.0,更新应收款,observed_history_unknown_rule,src_4d43a1bf1514,origin data/VPD-OE_Agent_20260709/VPD-OE_Agent/data/raw/ZY/ZY15.xls,现金流量表,64.0,
fbfdd1c2141911eb,historical_cash_flow,historical_600_unknown_rule,unknown,ZY15,,62,3,3,Renew_Workshop,factory_rent_renewal,capacity,conditional_decision,True,{},not_applicable,-40.0,719.0,厂房续租,observed_history_unknown_rule,src_4d43a1bf1514,origin data/VPD-OE_Agent_20260709/VPD-OE_Agent/data/raw/ZY/ZY15.xls,现金流量表,65.0,
bfb6e2cedf09c633,historical_cash_flow,historical_600_unknown_rule,unknown,ZY15,,63,3,3,Pay_Overhaul,administrative_fee,period_close,automatic_settlement,False,{},not_applicable,-10.0,709.0,支付行政管理费,observed_history_unknown_rule,src_4d43a1bf1514,origin data/VPD-OE_Agent_20260709/VPD-OE_Agent/data/raw/ZY/ZY15.xls,现金流量表,66.0,
f312cf6c978e4726,historical_cash_flow,historical_600_unknown_rule,unknown,ZY15,,64,3,4,Pay_Material,material_receipt_payment,procurement,committed_settlement,False,"{""materials"": {""R2"": 8, ""R3"": 4, ""R4"": 4}}",complete,-160.0,549.0,支付原料费 R3:4 R4:4 R2:8,observed_history_unknown_rule,src_4d43a1bf1514,origin data/VPD-OE_Agent_20260709/VPD-OE_Agent/data/raw/ZY/ZY15.xls,现金流量表,67.0,
877b60ba6c696079,historical_cash_flow,historical_600_unknown_rule,unknown,ZY15,,65,3,4,Product_Produce,production,production,direct_decision,True,"{""line_assignments"": [{""line_instance_id"": 135, ""product_id"": ""P4""}, {""line_instance_id"": 136, ""product_id"": ""P4""}, {""line_instance_id"": 213, ""product_id"": ""P4""}, {""line_instance_id"": 214, ""product_id"": ""P4""}]}",complete,-40.0,509.0,135:P4 136:P4 213:P4 214:P4,observed_history_unknown_rule,src_4d43a1bf1514,origin data/VPD-OE_Agent_20260709/VPD-OE_Agent/data/raw/ZY/ZY15.xls,现金流量表,68.0,
82d809e725cdbbc8,historical_cash_flow,historical_600_unknown_rule,unknown,ZY15,,66,3,4,Buy_Material,material_order,procurement,direct_decision,True,"{""materials"": {""R2"": 8, ""R3"": 4, ""R4"": 4}}",complete,0.0,509.0,订购原料 R2:8 R3:4 R4:4,observed_history_unknown_rule,src_4d43a1bf1514,origin data/VPD-OE_Agent_20260709/VPD-OE_Agent/data/raw/ZY/ZY15.xls,现金流量表,69.0,
79d554dfcd841cb6,historical_cash_flow,historical_600_unknown_rule,unknown,ZY15,,67,3,4,Update_Receivable,receivable_maturity,receivable,automatic_settlement,False,{},not_applicable,273.0,782.0,更新应收款,observed_history_unknown_rule,src_4d43a1bf1514,origin data/VPD-OE_Agent_20260709/VPD-OE_Agent/data/raw/ZY/ZY15.xls,现金流量表,70.0,
2215b6e2cd50620e,historical_cash_flow,historical_600_unknown_rule,unknown,ZY15,,68,3,4,Develop_Market,market_development,qualification,direct_decision,True,"{""markets"": [""亚洲""]}",complete,-10.0,772.0,"市场开拓资格投资,开发项目:亚洲",observed_history_unknown_rule,src_4d43a1bf1514,origin data/VPD-OE_Agent_20260709/VPD-OE_Agent/data/raw/ZY/ZY15.xls,现金流量表,71.0,
872f00a16c0f4320,historical_cash_flow,historical_600_unknown_rule,unknown,ZY15,,69,3,4,Pay_Overhaul,administrative_fee,period_close,automatic_settlement,False,{},not_applicable,-10.0,762.0,支付行政管理费,observed_history_unknown_rule,src_4d43a1bf1514,origin data/VPD-OE_Agent_20260709/VPD-OE_Agent/data/raw/ZY/ZY15.xls,现金流量表,72.0,
ce67e42516bb8d93,historical_cash_flow,historical_600_unknown_rule,unknown,ZY15,,70,3,4,Pay_Maintenance,maintenance,period_close,automatic_settlement,False,{},not_applicable,-40.0,722.0,支付维护费,observed_history_unknown_rule,src_4d43a1bf1514,origin data/VPD-OE_Agent_20260709/VPD-OE_Agent/data/raw/ZY/ZY15.xls,现金流量表,73.0,
4b98de98ca200cfb,historical_cash_flow,historical_600_unknown_rule,unknown,ZY15,,71,4,1,Pay_Long_Loan,long_loan_repayment,finance,committed_settlement,False,{},partial,-122.0,600.0,支付长贷本息,observed_history_unknown_rule,src_4d43a1bf1514,origin data/VPD-OE_Agent_20260709/VPD-OE_Agent/data/raw/ZY/ZY15.xls,现金流量表,74.0,
5c420add921c0528,historical_cash_flow,historical_600_unknown_rule,unknown,ZY15,,72,4,1,Pay_AD,advertising,sales,direct_decision,True,{},partial,-144.0,456.0,广告投放,observed_history_unknown_rule,src_4d43a1bf1514,origin data/VPD-OE_Agent_20260709/VPD-OE_Agent/data/raw/ZY/ZY15.xls,现金流量表,75.0,
a9f49749b280aa4e,historical_cash_flow,historical_600_unknown_rule,unknown,ZY15,,73,4,1,Pay_Material,material_receipt_payment,procurement,committed_settlement,False,"{""materials"": {""R2"": 8, ""R3"": 4, ""R4"": 4}}",complete,-160.0,296.0,支付原料费 R3:4 R4:4 R2:8,observed_history_unknown_rule,src_4d43a1bf1514,origin data/VPD-OE_Agent_20260709/VPD-OE_Agent/data/raw/ZY/ZY15.xls,现金流量表,76.0,
b8726c3fd47e2344,historical_cash_flow,historical_600_unknown_rule,unknown,ZY15,,74,4,1,Product_Produce,production,production,direct_decision,True,"{""line_assignments"": [{""line_instance_id"": 135, ""product_id"": ""P4""}, {""line_instance_id"": 136, ""product_id"": ""P4""}, {""line_instance_id"": 213, ""product_id"": ""P4""}, {""line_instance_id"": 214, ""product_id"": ""P4""}]}",complete,-40.0,256.0,135:P4 136:P4 213:P4 214:P4,observed_history_unknown_rule,src_4d43a1bf1514,origin data/VPD-OE_Agent_20260709/VPD-OE_Agent/data/raw/ZY/ZY15.xls,现金流量表,77.0,
4369e75fd6e4a61a,historical_cash_flow,historical_600_unknown_rule,unknown,ZY15,,75,4,1,Buy_Material,material_order,procurement,direct_decision,True,"{""materials"": {""R2"": 8, ""R3"": 4, ""R4"": 4}}",complete,0.0,256.0,订购原料 R2:8 R3:4 R4:4,observed_history_unknown_rule,src_4d43a1bf1514,origin data/VPD-OE_Agent_20260709/VPD-OE_Agent/data/raw/ZY/ZY15.xls,现金流量表,78.0,
6cadef1a7894a344,historical_cash_flow,historical_600_unknown_rule,unknown,ZY15,,76,4,1,Update_Receivable,receivable_maturity,receivable,automatic_settlement,False,{},not_applicable,237.0,493.0,更新应收款,observed_history_unknown_rule,src_4d43a1bf1514,origin data/VPD-OE_Agent_20260709/VPD-OE_Agent/data/raw/ZY/ZY15.xls,现金流量表,79.0,
5aa4b2cba0217c55,historical_cash_flow,historical_600_unknown_rule,unknown,ZY15,,77,4,1,Pay_Overhaul,administrative_fee,period_close,automatic_settlement,False,{},not_applicable,-10.0,483.0,支付行政管理费,observed_history_unknown_rule,src_4d43a1bf1514,origin data/VPD-OE_Agent_20260709/VPD-OE_Agent/data/raw/ZY/ZY15.xls,现金流量表,80.0,
8b1576459974858b,historical_cash_flow,historical_600_unknown_rule,unknown,ZY15,,78,4,2,Pay_Short_Loan,short_loan_repayment,finance,committed_settlement,False,{},partial,-29.0,454.0,短贷还本息,observed_history_unknown_rule,src_4d43a1bf1514,origin data/VPD-OE_Agent_20260709/VPD-OE_Agent/data/raw/ZY/ZY15.xls,现金流量表,81.0,
151e4a0f6d6a7fc9,historical_cash_flow,historical_600_unknown_rule,unknown,ZY15,,79,4,2,Pay_Material,material_receipt_payment,procurement,committed_settlement,False,"{""materials"": {""R2"": 8, ""R3"": 4, ""R4"": 4}}",complete,-160.0,294.0,支付原料费 R3:4 R4:4 R2:8,observed_history_unknown_rule,src_4d43a1bf1514,origin data/VPD-OE_Agent_20260709/VPD-OE_Agent/data/raw/ZY/ZY15.xls,现金流量表,82.0,
6b99a6221ecdfd28,historical_cash_flow,historical_600_unknown_rule,unknown,ZY15,,80,4,2,Product_Produce,production,production,direct_decision,True,"{""line_assignments"": [{""line_instance_id"": 135, ""product_id"": ""P4""}, {""line_instance_id"": 136, ""product_id"": ""P4""}, {""line_instance_id"": 213, ""product_id"": ""P4""}, {""line_instance_id"": 214, ""product_id"": ""P4""}]}",complete,-40.0,254.0,135:P4 136:P4 213:P4 214:P4,observed_history_unknown_rule,src_4d43a1bf1514,origin data/VPD-OE_Agent_20260709/VPD-OE_Agent/data/raw/ZY/ZY15.xls,现金流量表,83.0,
e2d366a323d58b42,historical_cash_flow,historical_600_unknown_rule,unknown,ZY15,,81,4,2,Buy_Material,material_order,procurement,direct_decision,True,"{""materials"": {""R2"": 8, ""R3"": 4, ""R4"": 4}}",complete,0.0,254.0,订购原料 R2:8 R3:4 R4:4,observed_history_unknown_rule,src_4d43a1bf1514,origin data/VPD-OE_Agent_20260709/VPD-OE_Agent/data/raw/ZY/ZY15.xls,现金流量表,84.0,
3d950d43385be5d4,historical_cash_flow,historical_600_unknown_rule,unknown,ZY15,,82,4,2,Update_Receivable,receivable_maturity,receivable,automatic_settlement,False,{},not_applicable,524.0,778.0,更新应收款,observed_history_unknown_rule,src_4d43a1bf1514,origin data/VPD-OE_Agent_20260709/VPD-OE_Agent/data/raw/ZY/ZY15.xls,现金流量表,85.0,
bd9e9a88fcb01395,historical_cash_flow,historical_600_unknown_rule,unknown,ZY15,,83,4,2,Pay_Overhaul,administrative_fee,period_close,automatic_settlement,False,{},not_applicable,-10.0,768.0,支付行政管理费,observed_history_unknown_rule,src_4d43a1bf1514,origin data/VPD-OE_Agent_20260709/VPD-OE_Agent/data/raw/ZY/ZY15.xls,现金流量表,86.0,
0aaa4d8dbe9e7103,historical_cash_flow,historical_600_unknown_rule,unknown,ZY15,,84,4,3,Pay_Material,material_receipt_payment,procurement,committed_settlement,False,"{""materials"": {""R2"": 8, ""R3"": 4, ""R4"": 4}}",complete,-160.0,608.0,支付原料费 R3:4 R4:4 R2:8,observed_history_unknown_rule,src_4d43a1bf1514,origin data/VPD-OE_Agent_20260709/VPD-OE_Agent/data/raw/ZY/ZY15.xls,现金流量表,87.0,
a47845186a21e4a7,historical_cash_flow,historical_600_unknown_rule,unknown,ZY15,,85,4,3,Product_Produce,production,production,direct_decision,True,"{""line_assignments"": [{""line_instance_id"": 135, ""product_id"": ""P4""}, {""line_instance_id"": 136, ""product_id"": ""P4""}, {""line_instance_id"": 213, ""product_id"": ""P4""}, {""line_instance_id"": 214, ""product_id"": ""P4""}]}",complete,-40.0,568.0,135:P4 136:P4 213:P4 214:P4,observed_history_unknown_rule,src_4d43a1bf1514,origin data/VPD-OE_Agent_20260709/VPD-OE_Agent/data/raw/ZY/ZY15.xls,现金流量表,88.0,
050fd017b6483072,historical_cash_flow,historical_600_unknown_rule,unknown,ZY15,,86,4,3,Buy_Material,material_order,procurement,direct_decision,True,"{""materials"": {""R2"": 8, ""R3"": 4, ""R4"": 4}}",complete,0.0,568.0,订购原料 R2:8 R3:4 R4:4,observed_history_unknown_rule,src_4d43a1bf1514,origin data/VPD-OE_Agent_20260709/VPD-OE_Agent/data/raw/ZY/ZY15.xls,现金流量表,89.0,
87f5f03e7c2fe3be,historical_cash_flow,historical_600_unknown_rule,unknown,ZY15,,87,4,3,Renew_Workshop,factory_rent_renewal,capacity,conditional_decision,True,{},not_applicable,-40.0,528.0,厂房续租,observed_history_unknown_rule,src_4d43a1bf1514,origin data/VPD-OE_Agent_20260709/VPD-OE_Agent/data/raw/ZY/ZY15.xls,现金流量表,90.0,
a5e3c67967d6d61c,historical_cash_flow,historical_600_unknown_rule,unknown,ZY15,,88,4,3,Pay_Overhaul,administrative_fee,period_close,automatic_settlement,False,{},not_applicable,-10.0,518.0,支付行政管理费,observed_history_unknown_rule,src_4d43a1bf1514,origin data/VPD-OE_Agent_20260709/VPD-OE_Agent/data/raw/ZY/ZY15.xls,现金流量表,91.0,
89b1dc9de10d4c05,historical_cash_flow,historical_600_unknown_rule,unknown,ZY15,,89,4,4,Pay_Material,material_receipt_payment,procurement,committed_settlement,False,"{""materials"": {""R2"": 8, ""R3"": 4, ""R4"": 4}}",complete,-160.0,358.0,支付原料费 R3:4 R4:4 R2:8,observed_history_unknown_rule,src_4d43a1bf1514,origin data/VPD-OE_Agent_20260709/VPD-OE_Agent/data/raw/ZY/ZY15.xls,现金流量表,92.0,
8d33bc9aab5af194,historical_cash_flow,historical_600_unknown_rule,unknown,ZY15,,90,4,4,Product_Produce,production,production,direct_decision,True,"{""line_assignments"": [{""line_instance_id"": 135, ""product_id"": ""P4""}, {""line_instance_id"": 136, ""product_id"": ""P4""}, {""line_instance_id"": 213, ""product_id"": ""P4""}, {""line_instance_id"": 214, ""product_id"": ""P4""}]}",complete,-40.0,318.0,135:P4 136:P4 213:P4 214:P4,observed_history_unknown_rule,src_4d43a1bf1514,origin data/VPD-OE_Agent_20260709/VPD-OE_Agent/data/raw/ZY/ZY15.xls,现金流量表,93.0,
ccdf3a15320ac3b4,historical_cash_flow,historical_600_unknown_rule,unknown,ZY15,,91,4,4,Buy_Material,material_order,procurement,direct_decision,True,"{""materials"": {""R2"": 8, ""R3"": 4, ""R4"": 4}}",complete,0.0,318.0,订购原料 R2:8 R3:4 R4:4,observed_history_unknown_rule,src_4d43a1bf1514,origin data/VPD-OE_Agent_20260709/VPD-OE_Agent/data/raw/ZY/ZY15.xls,现金流量表,94.0,
805a85e4a6473ba2,historical_cash_flow,historical_600_unknown_rule,unknown,ZY15,,92,4,4,Update_Receivable,receivable_maturity,receivable,automatic_settlement,False,{},not_applicable,393.0,711.0,更新应收款,observed_history_unknown_rule,src_4d43a1bf1514,origin data/VPD-OE_Agent_20260709/VPD-OE_Agent/data/raw/ZY/ZY15.xls,现金流量表,95.0,
cc0e0832aba990e5,historical_cash_flow,historical_600_unknown_rule,unknown,ZY15,,93,4,4,Pay_Overhaul,administrative_fee,period_close,automatic_settlement,False,{},not_applicable,-10.0,701.0,支付行政管理费,observed_history_unknown_rule,src_4d43a1bf1514,origin data/VPD-OE_Agent_20260709/VPD-OE_Agent/data/raw/ZY/ZY15.xls,现金流量表,96.0,
427db9561e341684,historical_cash_flow,historical_600_unknown_rule,unknown,ZY15,,94,4,4,Pay_Maintenance,maintenance,period_close,automatic_settlement,False,{},not_applicable,-40.0,661.0,支付维护费,observed_history_unknown_rule,src_4d43a1bf1514,origin data/VPD-OE_Agent_20260709/VPD-OE_Agent/data/raw/ZY/ZY15.xls,现金流量表,97.0,
2a26af33e8e24af5,historical_cash_flow,historical_600_unknown_rule,unknown,ZY15,,95,5,1,Pay_Tax,tax_payment,period_close,automatic_settlement,False,{},not_applicable,-55.0,606.0,支付上一年税金,observed_history_unknown_rule,src_4d43a1bf1514,origin data/VPD-OE_Agent_20260709/VPD-OE_Agent/data/raw/ZY/ZY15.xls,现金流量表,98.0,
9f28695d8fb30bd9,historical_cash_flow,historical_600_unknown_rule,unknown,ZY15,,96,5,1,Pay_Long_Loan,long_loan_repayment,finance,committed_settlement,False,{},partial,-122.0,484.0,支付长贷本息,observed_history_unknown_rule,src_4d43a1bf1514,origin data/VPD-OE_Agent_20260709/VPD-OE_Agent/data/raw/ZY/ZY15.xls,现金流量表,99.0,
5d0101787e3cc282,historical_cash_flow,historical_600_unknown_rule,unknown,ZY15,,97,5,1,Pay_AD,advertising,sales,direct_decision,True,{},partial,-130.0,354.0,广告投放,observed_history_unknown_rule,src_4d43a1bf1514,origin data/VPD-OE_Agent_20260709/VPD-OE_Agent/data/raw/ZY/ZY15.xls,现金流量表,100.0,
f29dd1fdede904b0,historical_cash_flow,historical_600_unknown_rule,unknown,ZY15,,98,5,1,Auction_Win,order_award,sales,external_outcome,False,"{""order_id"": ""J53-0037""}",complete,-10.0,344.0,竞单成功，获得订单:J53-0037,observed_history_unknown_rule,src_4d43a1bf1514,origin data/VPD-OE_Agent_20260709/VPD-OE_Agent/data/raw/ZY/ZY15.xls,现金流量表,101.0,
3f27a88599c98009,historical_cash_flow,historical_600_unknown_rule,unknown,ZY15,,99,5,1,Auction_Win,order_award,sales,external_outcome,False,"{""order_id"": ""J53-0038""}",complete,-10.0,334.0,竞单成功，获得订单:J53-0038,observed_history_unknown_rule,src_4d43a1bf1514,origin data/VPD-OE_Agent_20260709/VPD-OE_Agent/data/raw/ZY/ZY15.xls,现金流量表,102.0,
e072cb506819e2ae,historical_cash_flow,historical_600_unknown_rule,unknown,ZY15,,100,5,1,Auction_Win,order_award,sales,external_outcome,False,"{""order_id"": ""J54-0041""}",complete,-10.0,324.0,竞单成功，获得订单:J54-0041,observed_history_unknown_rule,src_4d43a1bf1514,origin data/VPD-OE_Agent_20260709/VPD-OE_Agent/data/raw/ZY/ZY15.xls,现金流量表,103.0,
caba31e4e804ffe6,historical_cash_flow,historical_600_unknown_rule,unknown,ZY15,,101,5,1,Pay_Material,material_receipt_payment,procurement,committed_settlement,False,"{""materials"": {""R2"": 8, ""R3"": 4, ""R4"": 4}}",complete,-160.0,164.0,支付原料费 R3:4 R4:4 R2:8,observed_history_unknown_rule,src_4d43a1bf1514,origin data/VPD-OE_Agent_20260709/VPD-OE_Agent/data/raw/ZY/ZY15.xls,现金流量表,104.0,
af469428668a1ad9,historical_cash_flow,historical_600_unknown_rule,unknown,ZY15,,102,5,1,Product_Produce,production,production,direct_decision,True,"{""line_assignments"": [{""line_instance_id"": 135, ""product_id"": ""P4""}, {""line_instance_id"": 136, ""product_id"": ""P4""}, {""line_instance_id"": 213, ""product_id"": ""P4""}, {""line_instance_id"": 214, ""product_id"": ""P4""}]}",complete,-40.0,124.0,135:P4 136:P4 213:P4 214:P4,observed_history_unknown_rule,src_4d43a1bf1514,origin data/VPD-OE_Agent_20260709/VPD-OE_Agent/data/raw/ZY/ZY15.xls,现金流量表,105.0,
72ffab52df5fae58,historical_cash_flow,historical_600_unknown_rule,unknown,ZY15,,103,5,1,Buy_Material,material_order,procurement,direct_decision,True,"{""materials"": {""R2"": 8, ""R3"": 4, ""R4"": 4}}",complete,0.0,124.0,订购原料 R2:8 R3:4 R4:4,observed_history_unknown_rule,src_4d43a1bf1514,origin data/VPD-OE_Agent_20260709/VPD-OE_Agent/data/raw/ZY/ZY15.xls,现金流量表,106.0,
65a95734e051ca7b,historical_cash_flow,historical_600_unknown_rule,unknown,ZY15,,104,5,1,Pay_Overhaul,administrative_fee,period_close,automatic_settlement,False,{},not_applicable,-10.0,114.0,支付行政管理费,observed_history_unknown_rule,src_4d43a1bf1514,origin data/VPD-OE_Agent_20260709/VPD-OE_Agent/data/raw/ZY/ZY15.xls,现金流量表,107.0,
adf82ceb69564754,historical_cash_flow,historical_600_unknown_rule,unknown,ZY15,,105,5,2,Short_Loan,short_loan_borrow,finance,conditional_decision,True,"{""principal_wan"": 88, ""term"": 4, ""term_unit"": ""quarter""}",complete,88.0,202.0,申请:4季 88W的短期贷款,observed_history_unknown_rule,src_4d43a1bf1514,origin data/VPD-OE_Agent_20260709/VPD-OE_Agent/data/raw/ZY/ZY15.xls,现金流量表,108.0,
13e677a4f7a79e00,historical_cash_flow,historical_600_unknown_rule,unknown,ZY15,,106,5,2,Pay_Material,material_receipt_payment,procurement,committed_settlement,False,"{""materials"": {""R2"": 8, ""R3"": 4, ""R4"": 4}}",complete,-160.0,42.0,支付原料费 R3:4 R4:4 R2:8,observed_history_unknown_rule,src_4d43a1bf1514,origin data/VPD-OE_Agent_20260709/VPD-OE_Agent/data/raw/ZY/ZY15.xls,现金流量表,109.0,
7a3df8bea47c1220,historical_cash_flow,historical_600_unknown_rule,unknown,ZY15,,107,5,2,Product_Produce,production,production,direct_decision,True,"{""line_assignments"": [{""line_instance_id"": 135, ""product_id"": ""P4""}, {""line_instance_id"": 136, ""product_id"": ""P4""}, {""line_instance_id"": 213, ""product_id"": ""P4""}, {""line_instance_id"": 214, ""product_id"": ""P4""}]}",complete,-40.0,2.0,135:P4 136:P4 213:P4 214:P4,observed_history_unknown_rule,src_4d43a1bf1514,origin data/VPD-OE_Agent_20260709/VPD-OE_Agent/data/raw/ZY/ZY15.xls,现金流量表,110.0,
f7d46b47987ee7fd,historical_cash_flow,historical_600_unknown_rule,unknown,ZY15,,108,5,2,Buy_Material,material_order,procurement,direct_decision,True,"{""materials"": {""R2"": 8}}",complete,0.0,2.0,订购原料 R2:8,observed_history_unknown_rule,src_4d43a1bf1514,origin data/VPD-OE_Agent_20260709/VPD-OE_Agent/data/raw/ZY/ZY15.xls,现金流量表,111.0,
40a1d3bd95d9ea02,historical_cash_flow,historical_600_unknown_rule,unknown,ZY15,,109,5,2,Update_Receivable,receivable_maturity,receivable,automatic_settlement,False,{},not_applicable,614.0,616.0,更新应收款,observed_history_unknown_rule,src_4d43a1bf1514,origin data/VPD-OE_Agent_20260709/VPD-OE_Agent/data/raw/ZY/ZY15.xls,现金流量表,112.0,
ee0f3c4eacfa0a97,historical_cash_flow,historical_600_unknown_rule,unknown,ZY15,,110,5,2,Pay_Overhaul,administrative_fee,period_close,automatic_settlement,False,{},not_applicable,-10.0,606.0,支付行政管理费,observed_history_unknown_rule,src_4d43a1bf1514,origin data/VPD-OE_Agent_20260709/VPD-OE_Agent/data/raw/ZY/ZY15.xls,现金流量表,113.0,
5d8e5ac43c82e8f3,historical_cash_flow,historical_600_unknown_rule,unknown,ZY15,,111,5,3,Pay_Material,material_receipt_payment,procurement,committed_settlement,False,"{""materials"": {""R2"": 8, ""R3"": 4, ""R4"": 4}}",complete,-160.0,446.0,支付原料费 R3:4 R4:4 R2:8,observed_history_unknown_rule,src_4d43a1bf1514,origin data/VPD-OE_Agent_20260709/VPD-OE_Agent/data/raw/ZY/ZY15.xls,现金流量表,114.0,
ca4b0d07410f5505,historical_cash_flow,historical_600_unknown_rule,unknown,ZY15,,112,5,3,Product_Produce,production,production,direct_decision,True,"{""line_assignments"": [{""line_instance_id"": 135, ""product_id"": ""P4""}, {""line_instance_id"": 136, ""product_id"": ""P4""}, {""line_instance_id"": 213, ""product_id"": ""P4""}, {""line_instance_id"": 214, ""product_id"": ""P4""}]}",complete,-40.0,406.0,135:P4 136:P4 213:P4 214:P4,observed_history_unknown_rule,src_4d43a1bf1514,origin data/VPD-OE_Agent_20260709/VPD-OE_Agent/data/raw/ZY/ZY15.xls,现金流量表,115.0,
091aa5283e76afcd,historical_cash_flow,historical_600_unknown_rule,unknown,ZY15,,113,5,3,Renew_Workshop,factory_rent_renewal,capacity,conditional_decision,True,{},not_applicable,-40.0,366.0,厂房续租,observed_history_unknown_rule,src_4d43a1bf1514,origin data/VPD-OE_Agent_20260709/VPD-OE_Agent/data/raw/ZY/ZY15.xls,现金流量表,116.0,
c38bb6389726a88f,historical_cash_flow,historical_600_unknown_rule,unknown,ZY15,,114,5,3,Pay_Overhaul,administrative_fee,period_close,automatic_settlement,False,{},not_applicable,-10.0,356.0,支付行政管理费,observed_history_unknown_rule,src_4d43a1bf1514,origin data/VPD-OE_Agent_20260709/VPD-OE_Agent/data/raw/ZY/ZY15.xls,现金流量表,117.0,
83ab1eede05a593c,historical_cash_flow,historical_600_unknown_rule,unknown,ZY15,,115,5,4,Buy_Workshop,factory_purchase,capacity,direct_decision,True,"{""factory_type"": ""大厂房""}",complete,-300.0,56.0,购买[大厂房],observed_history_unknown_rule,src_4d43a1bf1514,origin data/VPD-OE_Agent_20260709/VPD-OE_Agent/data/raw/ZY/ZY15.xls,现金流量表,118.0,
eb461bd1a1a194e4,historical_cash_flow,historical_600_unknown_rule,unknown,ZY15,,116,5,4,Update_Receivable,receivable_maturity,receivable,automatic_settlement,False,{},not_applicable,309.0,365.0,更新应收款,observed_history_unknown_rule,src_4d43a1bf1514,origin data/VPD-OE_Agent_20260709/VPD-OE_Agent/data/raw/ZY/ZY15.xls,现金流量表,119.0,
664773457dd4eddd,historical_cash_flow,historical_600_unknown_rule,unknown,ZY15,,117,5,4,Pay_Overhaul,administrative_fee,period_close,automatic_settlement,False,{},not_applicable,-10.0,355.0,支付行政管理费,observed_history_unknown_rule,src_4d43a1bf1514,origin data/VPD-OE_Agent_20260709/VPD-OE_Agent/data/raw/ZY/ZY15.xls,现金流量表,120.0,
18f61cda3f65b4a1,historical_cash_flow,historical_600_unknown_rule,unknown,ZY15,,118,5,4,Pay_Maintenance,maintenance,period_close,automatic_settlement,False,{},not_applicable,-40.0,315.0,支付维护费,observed_history_unknown_rule,src_4d43a1bf1514,origin data/VPD-OE_Agent_20260709/VPD-OE_Agent/data/raw/ZY/ZY15.xls,现金流量表,121.0,
428fbdc693b5ac3f,historical_cash_flow,historical_600_unknown_rule,unknown,ZY15,,119,5,4,Pay_Punish,penalty_payment,risk,automatic_settlement,False,{},not_applicable,-42.0,273.0,违约处理,observed_history_unknown_rule,src_4d43a1bf1514,origin data/VPD-OE_Agent_20260709/VPD-OE_Agent/data/raw/ZY/ZY15.xls,现金流量表,122.0,
a92eae86410e0e9b,historical_cash_flow,historical_600_unknown_rule,unknown,ZY16,,1,1,1,Pay_Capital,capital_injection,finance,exception_intervention,False,{},not_applicable,600.0,600.0,"公司成立,股东注资",observed_history_unknown_rule,src_2f4d529bc792,origin data/VPD-OE_Agent_20260709/VPD-OE_Agent/data/raw/ZY/ZY16.xls,现金流量表,4.0,
5d57c2d8772ba22b,historical_cash_flow,historical_600_unknown_rule,unknown,ZY16,,2,1,1,Develop_Product,product_development,qualification,direct_decision,True,"{""products"": [""P2""]}",complete,-10.0,590.0,产品生产资格投资: P2,observed_history_unknown_rule,src_2f4d529bc792,origin data/VPD-OE_Agent_20260709/VPD-OE_Agent/data/raw/ZY/ZY16.xls,现金流量表,5.0,
e86cddb1d700915f,historical_cash_flow,historical_600_unknown_rule,unknown,ZY16,,3,1,1,Pay_Overhaul,administrative_fee,period_close,automatic_settlement,False,{},not_applicable,-10.0,580.0,支付行政管理费,observed_history_unknown_rule,src_2f4d529bc792,origin data/VPD-OE_Agent_20260709/VPD-OE_Agent/data/raw/ZY/ZY16.xls,现金流量表,6.0,
f9efc3e8f89ec975,historical_cash_flow,historical_600_unknown_rule,unknown,ZY16,,4,1,2,Rent_Workshop,factory_rent,capacity,direct_decision,True,"{""factory_type"": ""大厂房""}",complete,-40.0,540.0,租用[大厂房],observed_history_unknown_rule,src_2f4d529bc792,origin data/VPD-OE_Agent_20260709/VPD-OE_Agent/data/raw/ZY/ZY16.xls,现金流量表,7.0,
8917f395d1f77656,historical_cash_flow,historical_600_unknown_rule,unknown,ZY16,,5,1,2,Buy_ProductLine,production_line_order,capacity,direct_decision,True,"{""line_type"": ""自动线"", ""product_id"": ""P2""}",complete,-50.0,490.0,订购[自动线]生产[P2],observed_history_unknown_rule,src_2f4d529bc792,origin data/VPD-OE_Agent_20260709/VPD-OE_Agent/data/raw/ZY/ZY16.xls,现金流量表,8.0,
51402ac6af475b24,historical_cash_flow,historical_600_unknown_rule,unknown,ZY16,,6,1,2,Buy_ProductLine,production_line_order,capacity,direct_decision,True,"{""line_type"": ""自动线"", ""product_id"": ""P2""}",complete,-50.0,440.0,订购[自动线]生产[P2],observed_history_unknown_rule,src_2f4d529bc792,origin data/VPD-OE_Agent_20260709/VPD-OE_Agent/data/raw/ZY/ZY16.xls,现金流量表,9.0,
0f077d5cd731cf30,historical_cash_flow,historical_600_unknown_rule,unknown,ZY16,,7,1,2,Buy_ProductLine,production_line_order,capacity,direct_decision,True,"{""line_type"": ""自动线"", ""product_id"": ""P2""}",complete,-50.0,390.0,订购[自动线]生产[P2],observed_history_unknown_rule,src_2f4d529bc792,origin data/VPD-OE_Agent_20260709/VPD-OE_Agent/data/raw/ZY/ZY16.xls,现金流量表,10.0,
f5daf6a0bf393262,historical_cash_flow,historical_600_unknown_rule,unknown,ZY16,,8,1,2,Develop_Product,product_development,qualification,direct_decision,True,"{""products"": [""P2""]}",complete,-10.0,380.0,产品生产资格投资: P2,observed_history_unknown_rule,src_2f4d529bc792,origin data/VPD-OE_Agent_20260709/VPD-OE_Agent/data/raw/ZY/ZY16.xls,现金流量表,11.0,
bb0088cecc8a823c,historical_cash_flow,historical_600_unknown_rule,unknown,ZY16,,9,1,2,Pay_Overhaul,administrative_fee,period_close,automatic_settlement,False,{},not_applicable,-10.0,370.0,支付行政管理费,observed_history_unknown_rule,src_2f4d529bc792,origin data/VPD-OE_Agent_20260709/VPD-OE_Agent/data/raw/ZY/ZY16.xls,现金流量表,12.0,
279423ade16c9027,historical_cash_flow,historical_600_unknown_rule,unknown,ZY16,,10,1,3,Invest_ProductLine,production_line_investment,capacity,committed_settlement,False,{},partial,-150.0,220.0,投资在建生产线,observed_history_unknown_rule,src_2f4d529bc792,origin data/VPD-OE_Agent_20260709/VPD-OE_Agent/data/raw/ZY/ZY16.xls,现金流量表,13.0,
527ff076ef329757,historical_cash_flow,historical_600_unknown_rule,unknown,ZY16,,11,1,3,Buy_Material,material_order,procurement,direct_decision,True,"{""materials"": {""R3"": 3}}",complete,0.0,220.0,订购原料 R3:3,observed_history_unknown_rule,src_2f4d529bc792,origin data/VPD-OE_Agent_20260709/VPD-OE_Agent/data/raw/ZY/ZY16.xls,现金流量表,14.0,
0722b6da8652291a,historical_cash_flow,historical_600_unknown_rule,unknown,ZY16,,12,1,3,Develop_Product,product_development,qualification,direct_decision,True,"{""products"": [""P2""]}",complete,-10.0,210.0,产品生产资格投资: P2,observed_history_unknown_rule,src_2f4d529bc792,origin data/VPD-OE_Agent_20260709/VPD-OE_Agent/data/raw/ZY/ZY16.xls,现金流量表,15.0,
c85794af07459ceb,historical_cash_flow,historical_600_unknown_rule,unknown,ZY16,,13,1,3,Pay_Overhaul,administrative_fee,period_close,automatic_settlement,False,{},not_applicable,-10.0,200.0,支付行政管理费,observed_history_unknown_rule,src_2f4d529bc792,origin data/VPD-OE_Agent_20260709/VPD-OE_Agent/data/raw/ZY/ZY16.xls,现金流量表,16.0,
111497ddf6b2b115,historical_cash_flow,historical_600_unknown_rule,unknown,ZY16,,14,1,4,Short_Loan,short_loan_borrow,finance,conditional_decision,True,"{""principal_wan"": 209, ""term"": 4, ""term_unit"": ""quarter""}",complete,209.0,409.0,申请:4季 209W的短期贷款,observed_history_unknown_rule,src_2f4d529bc792,origin data/VPD-OE_Agent_20260709/VPD-OE_Agent/data/raw/ZY/ZY16.xls,现金流量表,17.0,
72c7ab83ab33061f,historical_cash_flow,historical_600_unknown_rule,unknown,ZY16,,15,1,4,Buy_Material,material_order,procurement,direct_decision,True,"{""materials"": {""R2"": 3, ""R3"": 3}}",complete,0.0,409.0,订购原料 R2:3 R3:3,observed_history_unknown_rule,src_2f4d529bc792,origin data/VPD-OE_Agent_20260709/VPD-OE_Agent/data/raw/ZY/ZY16.xls,现金流量表,18.0,
42d16ab85e14f06d,historical_cash_flow,historical_600_unknown_rule,unknown,ZY16,,16,1,4,Invest_ProductLine,production_line_investment,capacity,committed_settlement,False,{},partial,-150.0,259.0,投资在建生产线,observed_history_unknown_rule,src_2f4d529bc792,origin data/VPD-OE_Agent_20260709/VPD-OE_Agent/data/raw/ZY/ZY16.xls,现金流量表,19.0,
c283c1c04e9b9a4d,historical_cash_flow,historical_600_unknown_rule,unknown,ZY16,,17,1,4,Develop_Market,market_development,qualification,direct_decision,True,"{""markets"": [""本地"", ""区域"", ""国内"", ""亚洲"", ""国际""]}",complete,-50.0,209.0,"市场开拓资格投资,开发项目:本地 区域 国内 亚洲 国际",observed_history_unknown_rule,src_2f4d529bc792,origin data/VPD-OE_Agent_20260709/VPD-OE_Agent/data/raw/ZY/ZY16.xls,现金流量表,20.0,
e631dc31c6c8f054,historical_cash_flow,historical_600_unknown_rule,unknown,ZY16,,18,1,4,Develop_ISO,iso_development,qualification,direct_decision,True,"{""certifications"": [""ISO14000"", ""ISO9000""]}",complete,-30.0,179.0,"ISO认证资格投资,开发：ISO9000 ISO14000",observed_history_unknown_rule,src_2f4d529bc792,origin data/VPD-OE_Agent_20260709/VPD-OE_Agent/data/raw/ZY/ZY16.xls,现金流量表,21.0,
2b210cc43ef076b2,historical_cash_flow,historical_600_unknown_rule,unknown,ZY16,,19,1,4,Pay_Overhaul,administrative_fee,period_close,automatic_settlement,False,{},not_applicable,-10.0,169.0,支付行政管理费,observed_history_unknown_rule,src_2f4d529bc792,origin data/VPD-OE_Agent_20260709/VPD-OE_Agent/data/raw/ZY/ZY16.xls,现金流量表,22.0,
a6c87335654cc693,historical_cash_flow,historical_600_unknown_rule,unknown,ZY16,,20,2,1,Pay_AD,advertising,sales,direct_decision,True,{},partial,-56.0,113.0,广告投放,observed_history_unknown_rule,src_2f4d529bc792,origin data/VPD-OE_Agent_20260709/VPD-OE_Agent/data/raw/ZY/ZY16.xls,现金流量表,23.0,
09c3f7092c0ac471,historical_cash_flow,historical_600_unknown_rule,unknown,ZY16,,21,2,1,Long_Loan,long_loan_borrow,finance,conditional_decision,True,"{""principal_wan"": 234, ""term"": 5, ""term_unit"": ""year""}",complete,234.0,347.0,申请:5年 234W的长期贷款,observed_history_unknown_rule,src_2f4d529bc792,origin data/VPD-OE_Agent_20260709/VPD-OE_Agent/data/raw/ZY/ZY16.xls,现金流量表,24.0,
2960560fd2c8feda,historical_cash_flow,historical_600_unknown_rule,unknown,ZY16,,22,2,1,Short_Loan,short_loan_borrow,finance,conditional_decision,True,"{""principal_wan"": 209, ""term"": 4, ""term_unit"": ""quarter""}",complete,209.0,556.0,申请:4季 209W的短期贷款,observed_history_unknown_rule,src_2f4d529bc792,origin data/VPD-OE_Agent_20260709/VPD-OE_Agent/data/raw/ZY/ZY16.xls,现金流量表,25.0,
90a89b10c1b9bc90,historical_cash_flow,historical_600_unknown_rule,unknown,ZY16,,23,2,1,Pay_Material,material_receipt_payment,procurement,committed_settlement,False,"{""materials"": {""R2"": 3, ""R3"": 3}}",complete,-60.0,496.0,支付原料费 R3:3 R2:3,observed_history_unknown_rule,src_2f4d529bc792,origin data/VPD-OE_Agent_20260709/VPD-OE_Agent/data/raw/ZY/ZY16.xls,现金流量表,26.0,
573d9858b2a0b2db,historical_cash_flow,historical_600_unknown_rule,unknown,ZY16,,24,2,1,Buy_Material,material_order,procurement,direct_decision,True,"{""materials"": {""R2"": 3, ""R3"": 3}}",complete,0.0,496.0,订购原料 R2:3 R3:3,observed_history_unknown_rule,src_2f4d529bc792,origin data/VPD-OE_Agent_20260709/VPD-OE_Agent/data/raw/ZY/ZY16.xls,现金流量表,27.0,
f2584f65dfca4336,historical_cash_flow,historical_600_unknown_rule,unknown,ZY16,,25,2,1,Product_Produce,production,production,direct_decision,True,"{""line_assignments"": [{""line_instance_id"": 164, ""product_id"": ""P2""}, {""line_instance_id"": 165, ""product_id"": ""P2""}, {""line_instance_id"": 166, ""product_id"": ""P2""}]}",complete,-30.0,466.0,164:P2 165:P2 166:P2,observed_history_unknown_rule,src_2f4d529bc792,origin data/VPD-OE_Agent_20260709/VPD-OE_Agent/data/raw/ZY/ZY16.xls,现金流量表,28.0,
bb23162e99d411b4,historical_cash_flow,historical_600_unknown_rule,unknown,ZY16,,26,2,1,Pay_Overhaul,administrative_fee,period_close,automatic_settlement,False,{},not_applicable,-10.0,456.0,支付行政管理费,observed_history_unknown_rule,src_2f4d529bc792,origin data/VPD-OE_Agent_20260709/VPD-OE_Agent/data/raw/ZY/ZY16.xls,现金流量表,29.0,
3a191233882184bd,historical_cash_flow,historical_600_unknown_rule,unknown,ZY16,,27,2,2,Short_Loan,short_loan_borrow,finance,conditional_decision,True,"{""principal_wan"": 209, ""term"": 4, ""term_unit"": ""quarter""}",complete,209.0,665.0,申请:4季 209W的短期贷款,observed_history_unknown_rule,src_2f4d529bc792,origin data/VPD-OE_Agent_20260709/VPD-OE_Agent/data/raw/ZY/ZY16.xls,现金流量表,30.0,
11c839a833aa16cd,historical_cash_flow,historical_600_unknown_rule,unknown,ZY16,,28,2,2,Pay_Material,material_receipt_payment,procurement,committed_settlement,False,"{""materials"": {""R2"": 3, ""R3"": 3}}",complete,-60.0,605.0,支付原料费 R3:3 R2:3,observed_history_unknown_rule,src_2f4d529bc792,origin data/VPD-OE_Agent_20260709/VPD-OE_Agent/data/raw/ZY/ZY16.xls,现金流量表,31.0,
bd6893ec0f8552e6,historical_cash_flow,historical_600_unknown_rule,unknown,ZY16,,29,2,2,Buy_Material,material_order,procurement,direct_decision,True,"{""materials"": {""R2"": 3, ""R3"": 3}}",complete,0.0,605.0,订购原料 R2:3 R3:3,observed_history_unknown_rule,src_2f4d529bc792,origin data/VPD-OE_Agent_20260709/VPD-OE_Agent/data/raw/ZY/ZY16.xls,现金流量表,32.0,
c675902475bd03d3,historical_cash_flow,historical_600_unknown_rule,unknown,ZY16,,30,2,2,Product_Produce,production,production,direct_decision,True,"{""line_assignments"": [{""line_instance_id"": 164, ""product_id"": ""P2""}, {""line_instance_id"": 165, ""product_id"": ""P2""}, {""line_instance_id"": 166, ""product_id"": ""P2""}]}",complete,-30.0,575.0,164:P2 165:P2 166:P2,observed_history_unknown_rule,src_2f4d529bc792,origin data/VPD-OE_Agent_20260709/VPD-OE_Agent/data/raw/ZY/ZY16.xls,现金流量表,33.0,
167bb90e74d2603e,historical_cash_flow,historical_600_unknown_rule,unknown,ZY16,,31,2,2,Renew_Workshop,factory_rent_renewal,capacity,conditional_decision,True,{},not_applicable,-40.0,535.0,厂房续租,observed_history_unknown_rule,src_2f4d529bc792,origin data/VPD-OE_Agent_20260709/VPD-OE_Agent/data/raw/ZY/ZY16.xls,现金流量表,34.0,
1a5cb5c93484269b,historical_cash_flow,historical_600_unknown_rule,unknown,ZY16,,32,2,2,Pay_Overhaul,administrative_fee,period_close,automatic_settlement,False,{},not_applicable,-10.0,525.0,支付行政管理费,observed_history_unknown_rule,src_2f4d529bc792,origin data/VPD-OE_Agent_20260709/VPD-OE_Agent/data/raw/ZY/ZY16.xls,现金流量表,35.0,
f6b7faec88e57350,historical_cash_flow,historical_600_unknown_rule,unknown,ZY16,,33,2,3,Short_Loan,short_loan_borrow,finance,conditional_decision,True,"{""principal_wan"": 209, ""term"": 4, ""term_unit"": ""quarter""}",complete,209.0,734.0,申请:4季 209W的短期贷款,observed_history_unknown_rule,src_2f4d529bc792,origin data/VPD-OE_Agent_20260709/VPD-OE_Agent/data/raw/ZY/ZY16.xls,现金流量表,36.0,
0b6ba937bcd55fc3,historical_cash_flow,historical_600_unknown_rule,unknown,ZY16,,34,2,3,Pay_Material,material_receipt_payment,procurement,committed_settlement,False,"{""materials"": {""R2"": 3, ""R3"": 3}}",complete,-60.0,674.0,支付原料费 R3:3 R2:3,observed_history_unknown_rule,src_2f4d529bc792,origin data/VPD-OE_Agent_20260709/VPD-OE_Agent/data/raw/ZY/ZY16.xls,现金流量表,37.0,
5488619e415cd05f,historical_cash_flow,historical_600_unknown_rule,unknown,ZY16,,35,2,3,Buy_Material,material_order,procurement,direct_decision,True,"{""materials"": {""R2"": 3, ""R3"": 3}}",complete,0.0,674.0,订购原料 R2:3 R3:3,observed_history_unknown_rule,src_2f4d529bc792,origin data/VPD-OE_Agent_20260709/VPD-OE_Agent/data/raw/ZY/ZY16.xls,现金流量表,38.0,
032db77f6f3445aa,historical_cash_flow,historical_600_unknown_rule,unknown,ZY16,,36,2,3,Product_Produce,production,production,direct_decision,True,"{""line_assignments"": [{""line_instance_id"": 164, ""product_id"": ""P2""}, {""line_instance_id"": 165, ""product_id"": ""P2""}, {""line_instance_id"": 166, ""product_id"": ""P2""}]}",complete,-30.0,644.0,164:P2 165:P2 166:P2,observed_history_unknown_rule,src_2f4d529bc792,origin data/VPD-OE_Agent_20260709/VPD-OE_Agent/data/raw/ZY/ZY16.xls,现金流量表,39.0,
44a1927d47744d0e,historical_cash_flow,historical_600_unknown_rule,unknown,ZY16,,37,2,3,Update_Receivable,receivable_maturity,receivable,automatic_settlement,False,{},not_applicable,120.0,764.0,更新应收款,observed_history_unknown_rule,src_2f4d529bc792,origin data/VPD-OE_Agent_20260709/VPD-OE_Agent/data/raw/ZY/ZY16.xls,现金流量表,40.0,
a830da63a9e2effe,historical_cash_flow,historical_600_unknown_rule,unknown,ZY16,,38,2,3,Pay_Overhaul,administrative_fee,period_close,automatic_settlement,False,{},not_applicable,-10.0,754.0,支付行政管理费,observed_history_unknown_rule,src_2f4d529bc792,origin data/VPD-OE_Agent_20260709/VPD-OE_Agent/data/raw/ZY/ZY16.xls,现金流量表,41.0,
e36665b7219e8e31,historical_cash_flow,historical_600_unknown_rule,unknown,ZY16,,39,2,4,Pay_Short_Loan,short_loan_repayment,finance,committed_settlement,False,{},partial,-219.0,535.0,短贷还本息,observed_history_unknown_rule,src_2f4d529bc792,origin data/VPD-OE_Agent_20260709/VPD-OE_Agent/data/raw/ZY/ZY16.xls,现金流量表,42.0,
11df02d172dc57c2,historical_cash_flow,historical_600_unknown_rule,unknown,ZY16,,40,2,4,Short_Loan,short_loan_borrow,finance,conditional_decision,True,"{""principal_wan"": 209, ""term"": 4, ""term_unit"": ""quarter""}",complete,209.0,744.0,申请:4季 209W的短期贷款,observed_history_unknown_rule,src_2f4d529bc792,origin data/VPD-OE_Agent_20260709/VPD-OE_Agent/data/raw/ZY/ZY16.xls,现金流量表,43.0,
2b33cce8a90ed377,historical_cash_flow,historical_600_unknown_rule,unknown,ZY16,,41,2,4,Pay_Material,material_receipt_payment,procurement,committed_settlement,False,"{""materials"": {""R2"": 3, ""R3"": 3}}",complete,-60.0,684.0,支付原料费 R3:3 R2:3,observed_history_unknown_rule,src_2f4d529bc792,origin data/VPD-OE_Agent_20260709/VPD-OE_Agent/data/raw/ZY/ZY16.xls,现金流量表,44.0,
be3f96f9cb7b2941,historical_cash_flow,historical_600_unknown_rule,unknown,ZY16,,42,2,4,Buy_Material,material_order,procurement,direct_decision,True,"{""materials"": {""R2"": 3, ""R3"": 3}}",complete,0.0,684.0,订购原料 R2:3 R3:3,observed_history_unknown_rule,src_2f4d529bc792,origin data/VPD-OE_Agent_20260709/VPD-OE_Agent/data/raw/ZY/ZY16.xls,现金流量表,45.0,
124a2058beba9922,historical_cash_flow,historical_600_unknown_rule,unknown,ZY16,,43,2,4,Product_Produce,production,production,direct_decision,True,"{""line_assignments"": [{""line_instance_id"": 164, ""product_id"": ""P2""}, {""line_instance_id"": 165, ""product_id"": ""P2""}, {""line_instance_id"": 166, ""product_id"": ""P2""}]}",complete,-30.0,654.0,164:P2 165:P2 166:P2,observed_history_unknown_rule,src_2f4d529bc792,origin data/VPD-OE_Agent_20260709/VPD-OE_Agent/data/raw/ZY/ZY16.xls,现金流量表,46.0,
f7b9a71a64b251de,historical_cash_flow,historical_600_unknown_rule,unknown,ZY16,,44,2,4,Develop_Market,market_development,qualification,direct_decision,True,"{""markets"": [""国内"", ""亚洲"", ""国际""]}",complete,-30.0,624.0,"市场开拓资格投资,开发项目:国内 亚洲 国际",observed_history_unknown_rule,src_2f4d529bc792,origin data/VPD-OE_Agent_20260709/VPD-OE_Agent/data/raw/ZY/ZY16.xls,现金流量表,47.0,
c3cbbbfd5442b0ac,historical_cash_flow,historical_600_unknown_rule,unknown,ZY16,,45,2,4,Develop_ISO,iso_development,qualification,direct_decision,True,"{""certifications"": [""ISO14000"", ""ISO9000""]}",complete,-30.0,594.0,"ISO认证资格投资,开发：ISO9000 ISO14000",observed_history_unknown_rule,src_2f4d529bc792,origin data/VPD-OE_Agent_20260709/VPD-OE_Agent/data/raw/ZY/ZY16.xls,现金流量表,48.0,
e39d63b83d1b2964,historical_cash_flow,historical_600_unknown_rule,unknown,ZY16,,46,2,4,Pay_Overhaul,administrative_fee,period_close,automatic_settlement,False,{},not_applicable,-10.0,584.0,支付行政管理费,observed_history_unknown_rule,src_2f4d529bc792,origin data/VPD-OE_Agent_20260709/VPD-OE_Agent/data/raw/ZY/ZY16.xls,现金流量表,49.0,
a266d2fe4c463beb,historical_cash_flow,historical_600_unknown_rule,unknown,ZY16,,47,2,4,Pay_Maintenance,maintenance,period_close,automatic_settlement,False,{},not_applicable,-30.0,554.0,支付维护费,observed_history_unknown_rule,src_2f4d529bc792,origin data/VPD-OE_Agent_20260709/VPD-OE_Agent/data/raw/ZY/ZY16.xls,现金流量表,50.0,
c81700be1630e19d,historical_cash_flow,historical_600_unknown_rule,unknown,ZY16,,48,3,1,Pay_Long_Loan,long_loan_repayment,finance,committed_settlement,False,{},partial,-23.0,531.0,支付长贷本息,observed_history_unknown_rule,src_2f4d529bc792,origin data/VPD-OE_Agent_20260709/VPD-OE_Agent/data/raw/ZY/ZY16.xls,现金流量表,51.0,
bad7d03ba34c11c4,historical_cash_flow,historical_600_unknown_rule,unknown,ZY16,,49,3,1,Pay_AD,advertising,sales,direct_decision,True,{},partial,-54.0,477.0,广告投放,observed_history_unknown_rule,src_2f4d529bc792,origin data/VPD-OE_Agent_20260709/VPD-OE_Agent/data/raw/ZY/ZY16.xls,现金流量表,52.0,
59b98cbb4967dc82,historical_cash_flow,historical_600_unknown_rule,unknown,ZY16,,50,3,1,Auction_Win,order_award,sales,external_outcome,False,"{""order_id"": ""J32-0005""}",complete,-10.0,467.0,竞单成功，获得订单:J32-0005,observed_history_unknown_rule,src_2f4d529bc792,origin data/VPD-OE_Agent_20260709/VPD-OE_Agent/data/raw/ZY/ZY16.xls,现金流量表,53.0,
3b16b5d07d9d791d,historical_cash_flow,historical_600_unknown_rule,unknown,ZY16,,51,3,1,Pay_Short_Loan,short_loan_repayment,finance,committed_settlement,False,{},partial,-219.0,248.0,短贷还本息,observed_history_unknown_rule,src_2f4d529bc792,origin data/VPD-OE_Agent_20260709/VPD-OE_Agent/data/raw/ZY/ZY16.xls,现金流量表,54.0,
5420564582b0746d,historical_cash_flow,historical_600_unknown_rule,unknown,ZY16,,52,3,1,Short_Loan,short_loan_borrow,finance,conditional_decision,True,"{""principal_wan"": 209, ""term"": 4, ""term_unit"": ""quarter""}",complete,209.0,457.0,申请:4季 209W的短期贷款,observed_history_unknown_rule,src_2f4d529bc792,origin data/VPD-OE_Agent_20260709/VPD-OE_Agent/data/raw/ZY/ZY16.xls,现金流量表,55.0,
42a039f9e364fad4,historical_cash_flow,historical_600_unknown_rule,unknown,ZY16,,53,3,1,Pay_Material,material_receipt_payment,procurement,committed_settlement,False,"{""materials"": {""R2"": 3, ""R3"": 3}}",complete,-60.0,397.0,支付原料费 R3:3 R2:3,observed_history_unknown_rule,src_2f4d529bc792,origin data/VPD-OE_Agent_20260709/VPD-OE_Agent/data/raw/ZY/ZY16.xls,现金流量表,56.0,
235686223dc1ba80,historical_cash_flow,historical_600_unknown_rule,unknown,ZY16,,54,3,1,Buy_Material,material_order,procurement,direct_decision,True,"{""materials"": {""R2"": 3, ""R3"": 3}}",complete,0.0,397.0,订购原料 R2:3 R3:3,observed_history_unknown_rule,src_2f4d529bc792,origin data/VPD-OE_Agent_20260709/VPD-OE_Agent/data/raw/ZY/ZY16.xls,现金流量表,57.0,
e70ffd5f4410bb78,historical_cash_flow,historical_600_unknown_rule,unknown,ZY16,,55,3,1,Product_Produce,production,production,direct_decision,True,"{""line_assignments"": [{""line_instance_id"": 164, ""product_id"": ""P2""}, {""line_instance_id"": 165, ""product_id"": ""P2""}, {""line_instance_id"": 166, ""product_id"": ""P2""}]}",complete,-30.0,367.0,164:P2 165:P2 166:P2,observed_history_unknown_rule,src_2f4d529bc792,origin data/VPD-OE_Agent_20260709/VPD-OE_Agent/data/raw/ZY/ZY16.xls,现金流量表,58.0,
871168850dfabe58,historical_cash_flow,historical_600_unknown_rule,unknown,ZY16,,56,3,1,Update_Receivable,receivable_maturity,receivable,automatic_settlement,False,{},not_applicable,253.0,620.0,更新应收款,observed_history_unknown_rule,src_2f4d529bc792,origin data/VPD-OE_Agent_20260709/VPD-OE_Agent/data/raw/ZY/ZY16.xls,现金流量表,59.0,
e096c32801733916,historical_cash_flow,historical_600_unknown_rule,unknown,ZY16,,57,3,1,Pay_Overhaul,administrative_fee,period_close,automatic_settlement,False,{},not_applicable,-10.0,610.0,支付行政管理费,observed_history_unknown_rule,src_2f4d529bc792,origin data/VPD-OE_Agent_20260709/VPD-OE_Agent/data/raw/ZY/ZY16.xls,现金流量表,60.0,
84730d6e607a8561,historical_cash_flow,historical_600_unknown_rule,unknown,ZY16,,58,3,2,Pay_Short_Loan,short_loan_repayment,finance,committed_settlement,False,{},partial,-219.0,391.0,短贷还本息,observed_history_unknown_rule,src_2f4d529bc792,origin data/VPD-OE_Agent_20260709/VPD-OE_Agent/data/raw/ZY/ZY16.xls,现金流量表,61.0,
6e1b4829554a8e86,historical_cash_flow,historical_600_unknown_rule,unknown,ZY16,,59,3,2,Short_Loan,short_loan_borrow,finance,conditional_decision,True,"{""principal_wan"": 209, ""term"": 4, ""term_unit"": ""quarter""}",complete,209.0,600.0,申请:4季 209W的短期贷款,observed_history_unknown_rule,src_2f4d529bc792,origin data/VPD-OE_Agent_20260709/VPD-OE_Agent/data/raw/ZY/ZY16.xls,现金流量表,62.0,
655ad64019a76233,historical_cash_flow,historical_600_unknown_rule,unknown,ZY16,,60,3,2,Pay_Material,material_receipt_payment,procurement,committed_settlement,False,"{""materials"": {""R2"": 3, ""R3"": 3}}",complete,-60.0,540.0,支付原料费 R3:3 R2:3,observed_history_unknown_rule,src_2f4d529bc792,origin data/VPD-OE_Agent_20260709/VPD-OE_Agent/data/raw/ZY/ZY16.xls,现金流量表,63.0,
6379ab286e43f7ab,historical_cash_flow,historical_600_unknown_rule,unknown,ZY16,,61,3,2,Buy_Material,material_order,procurement,direct_decision,True,"{""materials"": {""R2"": 3, ""R3"": 3}}",complete,0.0,540.0,订购原料 R2:3 R3:3,observed_history_unknown_rule,src_2f4d529bc792,origin data/VPD-OE_Agent_20260709/VPD-OE_Agent/data/raw/ZY/ZY16.xls,现金流量表,64.0,
f331f4ecd9eb484c,historical_cash_flow,historical_600_unknown_rule,unknown,ZY16,,62,3,2,Product_Produce,production,production,direct_decision,True,"{""line_assignments"": [{""line_instance_id"": 164, ""product_id"": ""P2""}, {""line_instance_id"": 165, ""product_id"": ""P2""}, {""line_instance_id"": 166, ""product_id"": ""P2""}]}",complete,-30.0,510.0,164:P2 165:P2 166:P2,observed_history_unknown_rule,src_2f4d529bc792,origin data/VPD-OE_Agent_20260709/VPD-OE_Agent/data/raw/ZY/ZY16.xls,现金流量表,65.0,
d3d9eda68b08db67,historical_cash_flow,historical_600_unknown_rule,unknown,ZY16,,63,3,2,Buy_ProductLine,production_line_order,capacity,direct_decision,True,"{""line_type"": ""自动线"", ""product_id"": ""P2""}",complete,-50.0,460.0,订购[自动线]生产[P2],observed_history_unknown_rule,src_2f4d529bc792,origin data/VPD-OE_Agent_20260709/VPD-OE_Agent/data/raw/ZY/ZY16.xls,现金流量表,66.0,
14c6f169d6dd2573,historical_cash_flow,historical_600_unknown_rule,unknown,ZY16,,64,3,2,Renew_Workshop,factory_rent_renewal,capacity,conditional_decision,True,{},not_applicable,-40.0,420.0,厂房续租,observed_history_unknown_rule,src_2f4d529bc792,origin data/VPD-OE_Agent_20260709/VPD-OE_Agent/data/raw/ZY/ZY16.xls,现金流量表,67.0,
375e0aa733e2b38b,historical_cash_flow,historical_600_unknown_rule,unknown,ZY16,,65,3,2,Pay_Overhaul,administrative_fee,period_close,automatic_settlement,False,{},not_applicable,-10.0,410.0,支付行政管理费,observed_history_unknown_rule,src_2f4d529bc792,origin data/VPD-OE_Agent_20260709/VPD-OE_Agent/data/raw/ZY/ZY16.xls,现金流量表,68.0,
226b5cf49940a713,historical_cash_flow,historical_600_unknown_rule,unknown,ZY16,,66,3,3,Pay_Short_Loan,short_loan_repayment,finance,committed_settlement,False,{},partial,-219.0,191.0,短贷还本息,observed_history_unknown_rule,src_2f4d529bc792,origin data/VPD-OE_Agent_20260709/VPD-OE_Agent/data/raw/ZY/ZY16.xls,现金流量表,69.0,
e41db060d564c169,historical_cash_flow,historical_600_unknown_rule,unknown,ZY16,,67,3,3,Short_Loan,short_loan_borrow,finance,conditional_decision,True,"{""principal_wan"": 209, ""term"": 4, ""term_unit"": ""quarter""}",complete,209.0,400.0,申请:4季 209W的短期贷款,observed_history_unknown_rule,src_2f4d529bc792,origin data/VPD-OE_Agent_20260709/VPD-OE_Agent/data/raw/ZY/ZY16.xls,现金流量表,70.0,
e0e52e3ee1733ec7,historical_cash_flow,historical_600_unknown_rule,unknown,ZY16,,68,3,3,Pay_Material,material_receipt_payment,procurement,committed_settlement,False,"{""materials"": {""R2"": 3, ""R3"": 3}}",complete,-60.0,340.0,支付原料费 R3:3 R2:3,observed_history_unknown_rule,src_2f4d529bc792,origin data/VPD-OE_Agent_20260709/VPD-OE_Agent/data/raw/ZY/ZY16.xls,现金流量表,71.0,
a766cdec756f34b0,historical_cash_flow,historical_600_unknown_rule,unknown,ZY16,,69,3,3,Buy_Material,material_order,procurement,direct_decision,True,"{""materials"": {""R2"": 3, ""R3"": 4}}",complete,0.0,340.0,订购原料 R2:3 R3:4,observed_history_unknown_rule,src_2f4d529bc792,origin data/VPD-OE_Agent_20260709/VPD-OE_Agent/data/raw/ZY/ZY16.xls,现金流量表,72.0,
23651dd2a81bf560,historical_cash_flow,historical_600_unknown_rule,unknown,ZY16,,70,3,3,Invest_ProductLine,production_line_investment,capacity,committed_settlement,False,{},partial,-50.0,290.0,投资在建生产线,observed_history_unknown_rule,src_2f4d529bc792,origin data/VPD-OE_Agent_20260709/VPD-OE_Agent/data/raw/ZY/ZY16.xls,现金流量表,73.0,
8b25c3afdf3a9eb2,historical_cash_flow,historical_600_unknown_rule,unknown,ZY16,,71,3,3,Product_Produce,production,production,direct_decision,True,"{""line_assignments"": [{""line_instance_id"": 164, ""product_id"": ""P2""}, {""line_instance_id"": 165, ""product_id"": ""P2""}, {""line_instance_id"": 166, ""product_id"": ""P2""}]}",complete,-30.0,260.0,164:P2 165:P2 166:P2,observed_history_unknown_rule,src_2f4d529bc792,origin data/VPD-OE_Agent_20260709/VPD-OE_Agent/data/raw/ZY/ZY16.xls,现金流量表,74.0,
399f5a98810ce539,historical_cash_flow,historical_600_unknown_rule,unknown,ZY16,,72,3,3,Update_Receivable,receivable_maturity,receivable,automatic_settlement,False,{},not_applicable,140.0,400.0,更新应收款,observed_history_unknown_rule,src_2f4d529bc792,origin data/VPD-OE_Agent_20260709/VPD-OE_Agent/data/raw/ZY/ZY16.xls,现金流量表,75.0,
9870a39b0ce950ca,historical_cash_flow,historical_600_unknown_rule,unknown,ZY16,,73,3,3,Pay_Overhaul,administrative_fee,period_close,automatic_settlement,False,{},not_applicable,-10.0,390.0,支付行政管理费,observed_history_unknown_rule,src_2f4d529bc792,origin data/VPD-OE_Agent_20260709/VPD-OE_Agent/data/raw/ZY/ZY16.xls,现金流量表,76.0,
3732acedca89d0bc,historical_cash_flow,historical_600_unknown_rule,unknown,ZY16,,74,3,4,Pay_Short_Loan,short_loan_repayment,finance,committed_settlement,False,{},partial,-219.0,171.0,短贷还本息,observed_history_unknown_rule,src_2f4d529bc792,origin data/VPD-OE_Agent_20260709/VPD-OE_Agent/data/raw/ZY/ZY16.xls,现金流量表,77.0,
cda1a51f0040aff1,historical_cash_flow,historical_600_unknown_rule,unknown,ZY16,,75,3,4,Short_Loan,short_loan_borrow,finance,conditional_decision,True,"{""principal_wan"": 209, ""term"": 4, ""term_unit"": ""quarter""}",complete,209.0,380.0,申请:4季 209W的短期贷款,observed_history_unknown_rule,src_2f4d529bc792,origin data/VPD-OE_Agent_20260709/VPD-OE_Agent/data/raw/ZY/ZY16.xls,现金流量表,78.0,
1b3e5ee321488aaa,historical_cash_flow,historical_600_unknown_rule,unknown,ZY16,,76,3,4,Pay_Material,material_receipt_payment,procurement,committed_settlement,False,"{""materials"": {""R2"": 3, ""R3"": 3}}",complete,-60.0,320.0,支付原料费 R3:3 R2:3,observed_history_unknown_rule,src_2f4d529bc792,origin data/VPD-OE_Agent_20260709/VPD-OE_Agent/data/raw/ZY/ZY16.xls,现金流量表,79.0,
4b78cef8e49ffa2b,historical_cash_flow,historical_600_unknown_rule,unknown,ZY16,,77,3,4,Buy_Material,material_order,procurement,direct_decision,True,"{""materials"": {""R2"": 4, ""R3"": 4}}",complete,0.0,320.0,订购原料 R2:4 R3:4,observed_history_unknown_rule,src_2f4d529bc792,origin data/VPD-OE_Agent_20260709/VPD-OE_Agent/data/raw/ZY/ZY16.xls,现金流量表,80.0,
35dcbd5fcda572fe,historical_cash_flow,historical_600_unknown_rule,unknown,ZY16,,78,3,4,Invest_ProductLine,production_line_investment,capacity,committed_settlement,False,{},partial,-50.0,270.0,投资在建生产线,observed_history_unknown_rule,src_2f4d529bc792,origin data/VPD-OE_Agent_20260709/VPD-OE_Agent/data/raw/ZY/ZY16.xls,现金流量表,81.0,
d200109d7ad5982b,historical_cash_flow,historical_600_unknown_rule,unknown,ZY16,,79,3,4,Product_Produce,production,production,direct_decision,True,"{""line_assignments"": [{""line_instance_id"": 164, ""product_id"": ""P2""}, {""line_instance_id"": 165, ""product_id"": ""P2""}, {""line_instance_id"": 166, ""product_id"": ""P2""}]}",complete,-30.0,240.0,164:P2 165:P2 166:P2,observed_history_unknown_rule,src_2f4d529bc792,origin data/VPD-OE_Agent_20260709/VPD-OE_Agent/data/raw/ZY/ZY16.xls,现金流量表,82.0,
4f9cf60e15b25dbf,historical_cash_flow,historical_600_unknown_rule,unknown,ZY16,,80,3,4,Update_Receivable,receivable_maturity,receivable,automatic_settlement,False,{},not_applicable,617.0,857.0,更新应收款,observed_history_unknown_rule,src_2f4d529bc792,origin data/VPD-OE_Agent_20260709/VPD-OE_Agent/data/raw/ZY/ZY16.xls,现金流量表,83.0,
74ded9bca0d19aac,historical_cash_flow,historical_600_unknown_rule,unknown,ZY16,,81,3,4,Develop_Market,market_development,qualification,direct_decision,True,"{""markets"": [""亚洲"", ""国际""]}",complete,-20.0,837.0,"市场开拓资格投资,开发项目:亚洲 国际",observed_history_unknown_rule,src_2f4d529bc792,origin data/VPD-OE_Agent_20260709/VPD-OE_Agent/data/raw/ZY/ZY16.xls,现金流量表,84.0,
2603cf4bdfa1d3c8,historical_cash_flow,historical_600_unknown_rule,unknown,ZY16,,82,3,4,Pay_Overhaul,administrative_fee,period_close,automatic_settlement,False,{},not_applicable,-10.0,827.0,支付行政管理费,observed_history_unknown_rule,src_2f4d529bc792,origin data/VPD-OE_Agent_20260709/VPD-OE_Agent/data/raw/ZY/ZY16.xls,现金流量表,85.0,
666169faec31bc0d,historical_cash_flow,historical_600_unknown_rule,unknown,ZY16,,83,3,4,Pay_Maintenance,maintenance,period_close,automatic_settlement,False,{},not_applicable,-30.0,797.0,支付维护费,observed_history_unknown_rule,src_2f4d529bc792,origin data/VPD-OE_Agent_20260709/VPD-OE_Agent/data/raw/ZY/ZY16.xls,现金流量表,86.0,
5987ce2e5c1cb685,historical_cash_flow,historical_600_unknown_rule,unknown,ZY16,,84,4,1,Pay_Long_Loan,long_loan_repayment,finance,committed_settlement,False,{},partial,-23.0,774.0,支付长贷本息,observed_history_unknown_rule,src_2f4d529bc792,origin data/VPD-OE_Agent_20260709/VPD-OE_Agent/data/raw/ZY/ZY16.xls,现金流量表,87.0,
6e32282a784d7cd3,historical_cash_flow,historical_600_unknown_rule,unknown,ZY16,,85,4,1,Pay_AD,advertising,sales,direct_decision,True,{},partial,-92.0,682.0,广告投放,observed_history_unknown_rule,src_2f4d529bc792,origin data/VPD-OE_Agent_20260709/VPD-OE_Agent/data/raw/ZY/ZY16.xls,现金流量表,88.0,
e7ab384a7a06916a,historical_cash_flow,historical_600_unknown_rule,unknown,ZY16,,86,4,1,Pay_Short_Loan,short_loan_repayment,finance,committed_settlement,False,{},partial,-219.0,463.0,短贷还本息,observed_history_unknown_rule,src_2f4d529bc792,origin data/VPD-OE_Agent_20260709/VPD-OE_Agent/data/raw/ZY/ZY16.xls,现金流量表,89.0,
25151968d010ad91,historical_cash_flow,historical_600_unknown_rule,unknown,ZY16,,87,4,1,Short_Loan,short_loan_borrow,finance,conditional_decision,True,"{""principal_wan"": 209, ""term"": 4, ""term_unit"": ""quarter""}",complete,209.0,672.0,申请:4季 209W的短期贷款,observed_history_unknown_rule,src_2f4d529bc792,origin data/VPD-OE_Agent_20260709/VPD-OE_Agent/data/raw/ZY/ZY16.xls,现金流量表,90.0,
a941b27465ba5799,historical_cash_flow,historical_600_unknown_rule,unknown,ZY16,,88,4,1,Pay_Material,material_receipt_payment,procurement,committed_settlement,False,"{""materials"": {""R2"": 4, ""R3"": 4}}",complete,-80.0,592.0,支付原料费 R3:4 R2:4,observed_history_unknown_rule,src_2f4d529bc792,origin data/VPD-OE_Agent_20260709/VPD-OE_Agent/data/raw/ZY/ZY16.xls,现金流量表,91.0,
ef5271a0edf96e2a,historical_cash_flow,historical_600_unknown_rule,unknown,ZY16,,89,4,1,Product_Produce,production,production,direct_decision,True,"{""line_assignments"": [{""line_instance_id"": 164, ""product_id"": ""P2""}, {""line_instance_id"": 165, ""product_id"": ""P2""}, {""line_instance_id"": 166, ""product_id"": ""P2""}, {""line_instance_id"": 229, ""product_id"": ""P2""}]}",complete,-40.0,552.0,164:P2 165:P2 166:P2 229:P2,observed_history_unknown_rule,src_2f4d529bc792,origin data/VPD-OE_Agent_20260709/VPD-OE_Agent/data/raw/ZY/ZY16.xls,现金流量表,92.0,
05d7a8ce4bd26b86,historical_cash_flow,historical_600_unknown_rule,unknown,ZY16,,90,4,1,Buy_Material,material_order,procurement,direct_decision,True,"{""materials"": {""R2"": 4, ""R3"": 4}}",complete,0.0,552.0,订购原料 R2:4 R3:4,observed_history_unknown_rule,src_2f4d529bc792,origin data/VPD-OE_Agent_20260709/VPD-OE_Agent/data/raw/ZY/ZY16.xls,现金流量表,93.0,
2628bedf8994ea1b,historical_cash_flow,historical_600_unknown_rule,unknown,ZY16,,91,4,1,Pay_Overhaul,administrative_fee,period_close,automatic_settlement,False,{},not_applicable,-10.0,542.0,支付行政管理费,observed_history_unknown_rule,src_2f4d529bc792,origin data/VPD-OE_Agent_20260709/VPD-OE_Agent/data/raw/ZY/ZY16.xls,现金流量表,94.0,
1ffc377596357c7a,historical_cash_flow,historical_600_unknown_rule,unknown,ZY16,,92,4,2,Pay_Short_Loan,short_loan_repayment,finance,committed_settlement,False,{},partial,-219.0,323.0,短贷还本息,observed_history_unknown_rule,src_2f4d529bc792,origin data/VPD-OE_Agent_20260709/VPD-OE_Agent/data/raw/ZY/ZY16.xls,现金流量表,95.0,
28a1557e1768aa68,historical_cash_flow,historical_600_unknown_rule,unknown,ZY16,,93,4,2,Short_Loan,short_loan_borrow,finance,conditional_decision,True,"{""principal_wan"": 209, ""term"": 4, ""term_unit"": ""quarter""}",complete,209.0,532.0,申请:4季 209W的短期贷款,observed_history_unknown_rule,src_2f4d529bc792,origin data/VPD-OE_Agent_20260709/VPD-OE_Agent/data/raw/ZY/ZY16.xls,现金流量表,96.0,
aef4aca7626b605a,historical_cash_flow,historical_600_unknown_rule,unknown,ZY16,,94,4,2,Pay_Material,material_receipt_payment,procurement,committed_settlement,False,"{""materials"": {""R2"": 4, ""R3"": 4}}",complete,-80.0,452.0,支付原料费 R3:4 R2:4,observed_history_unknown_rule,src_2f4d529bc792,origin data/VPD-OE_Agent_20260709/VPD-OE_Agent/data/raw/ZY/ZY16.xls,现金流量表,97.0,
5f183738cfc04b80,historical_cash_flow,historical_600_unknown_rule,unknown,ZY16,,95,4,2,Buy_Material,material_order,procurement,direct_decision,True,"{""materials"": {""R2"": 4, ""R3"": 4}}",complete,0.0,452.0,订购原料 R2:4 R3:4,observed_history_unknown_rule,src_2f4d529bc792,origin data/VPD-OE_Agent_20260709/VPD-OE_Agent/data/raw/ZY/ZY16.xls,现金流量表,98.0,
2cbcd0e3383fbe17,historical_cash_flow,historical_600_unknown_rule,unknown,ZY16,,96,4,2,Product_Produce,production,production,direct_decision,True,"{""line_assignments"": [{""line_instance_id"": 164, ""product_id"": ""P2""}, {""line_instance_id"": 165, ""product_id"": ""P2""}, {""line_instance_id"": 166, ""product_id"": ""P2""}, {""line_instance_id"": 229, ""product_id"": ""P2""}]}",complete,-40.0,412.0,164:P2 165:P2 166:P2 229:P2,observed_history_unknown_rule,src_2f4d529bc792,origin data/VPD-OE_Agent_20260709/VPD-OE_Agent/data/raw/ZY/ZY16.xls,现金流量表,99.0,
a6481fc806571c24,historical_cash_flow,historical_600_unknown_rule,unknown,ZY16,,97,4,2,Renew_Workshop,factory_rent_renewal,capacity,conditional_decision,True,{},not_applicable,-40.0,372.0,厂房续租,observed_history_unknown_rule,src_2f4d529bc792,origin data/VPD-OE_Agent_20260709/VPD-OE_Agent/data/raw/ZY/ZY16.xls,现金流量表,100.0,
816d6b0ca20e4eba,historical_cash_flow,historical_600_unknown_rule,unknown,ZY16,,98,4,2,Pay_Overhaul,administrative_fee,period_close,automatic_settlement,False,{},not_applicable,-10.0,362.0,支付行政管理费,observed_history_unknown_rule,src_2f4d529bc792,origin data/VPD-OE_Agent_20260709/VPD-OE_Agent/data/raw/ZY/ZY16.xls,现金流量表,101.0,
e1143b7fd59e84d4,historical_cash_flow,historical_600_unknown_rule,unknown,ZY16,,99,4,3,Pay_Short_Loan,short_loan_repayment,finance,committed_settlement,False,{},partial,-219.0,143.0,短贷还本息,observed_history_unknown_rule,src_2f4d529bc792,origin data/VPD-OE_Agent_20260709/VPD-OE_Agent/data/raw/ZY/ZY16.xls,现金流量表,102.0,
77c9e9aee481e469,historical_cash_flow,historical_600_unknown_rule,unknown,ZY16,,100,4,3,Short_Loan,short_loan_borrow,finance,conditional_decision,True,"{""principal_wan"": 209, ""term"": 4, ""term_unit"": ""quarter""}",complete,209.0,352.0,申请:4季 209W的短期贷款,observed_history_unknown_rule,src_2f4d529bc792,origin data/VPD-OE_Agent_20260709/VPD-OE_Agent/data/raw/ZY/ZY16.xls,现金流量表,103.0,
a04df9c4e8bc5d8c,historical_cash_flow,historical_600_unknown_rule,unknown,ZY16,,101,4,3,Pay_Material,material_receipt_payment,procurement,committed_settlement,False,"{""materials"": {""R2"": 4, ""R3"": 4}}",complete,-80.0,272.0,支付原料费 R3:4 R2:4,observed_history_unknown_rule,src_2f4d529bc792,origin data/VPD-OE_Agent_20260709/VPD-OE_Agent/data/raw/ZY/ZY16.xls,现金流量表,104.0,
3608a6894174ef85,historical_cash_flow,historical_600_unknown_rule,unknown,ZY16,,102,4,3,Buy_Material,material_order,procurement,direct_decision,True,"{""materials"": {""R2"": 4, ""R3"": 4}}",complete,0.0,272.0,订购原料 R2:4 R3:4,observed_history_unknown_rule,src_2f4d529bc792,origin data/VPD-OE_Agent_20260709/VPD-OE_Agent/data/raw/ZY/ZY16.xls,现金流量表,105.0,
87006ff7ad67a2d2,historical_cash_flow,historical_600_unknown_rule,unknown,ZY16,,103,4,3,Product_Produce,production,production,direct_decision,True,"{""line_assignments"": [{""line_instance_id"": 164, ""product_id"": ""P2""}, {""line_instance_id"": 165, ""product_id"": ""P2""}, {""line_instance_id"": 166, ""product_id"": ""P2""}, {""line_instance_id"": 229, ""product_id"": ""P2""}]}",complete,-40.0,232.0,164:P2 165:P2 166:P2 229:P2,observed_history_unknown_rule,src_2f4d529bc792,origin data/VPD-OE_Agent_20260709/VPD-OE_Agent/data/raw/ZY/ZY16.xls,现金流量表,106.0,
81b8068e74067b58,historical_cash_flow,historical_600_unknown_rule,unknown,ZY16,,104,4,3,Update_Receivable,receivable_maturity,receivable,automatic_settlement,False,{},not_applicable,333.0,565.0,更新应收款,observed_history_unknown_rule,src_2f4d529bc792,origin data/VPD-OE_Agent_20260709/VPD-OE_Agent/data/raw/ZY/ZY16.xls,现金流量表,107.0,
273c234486f1b5af,historical_cash_flow,historical_600_unknown_rule,unknown,ZY16,,105,4,3,Pay_Overhaul,administrative_fee,period_close,automatic_settlement,False,{},not_applicable,-10.0,555.0,支付行政管理费,observed_history_unknown_rule,src_2f4d529bc792,origin data/VPD-OE_Agent_20260709/VPD-OE_Agent/data/raw/ZY/ZY16.xls,现金流量表,108.0,
8dad387f61dcc20d,historical_cash_flow,historical_600_unknown_rule,unknown,ZY16,,106,4,4,Pay_Short_Loan,short_loan_repayment,finance,committed_settlement,False,{},partial,-219.0,336.0,短贷还本息,observed_history_unknown_rule,src_2f4d529bc792,origin data/VPD-OE_Agent_20260709/VPD-OE_Agent/data/raw/ZY/ZY16.xls,现金流量表,109.0,
770352249c748254,historical_cash_flow,historical_600_unknown_rule,unknown,ZY16,,107,4,4,Short_Loan,short_loan_borrow,finance,conditional_decision,True,"{""principal_wan"": 209, ""term"": 4, ""term_unit"": ""quarter""}",complete,209.0,545.0,申请:4季 209W的短期贷款,observed_history_unknown_rule,src_2f4d529bc792,origin data/VPD-OE_Agent_20260709/VPD-OE_Agent/data/raw/ZY/ZY16.xls,现金流量表,110.0,
f0dd15c7c7fd9194,historical_cash_flow,historical_600_unknown_rule,unknown,ZY16,,108,4,4,Pay_Material,material_receipt_payment,procurement,committed_settlement,False,"{""materials"": {""R2"": 4, ""R3"": 4}}",complete,-80.0,465.0,支付原料费 R3:4 R2:4,observed_history_unknown_rule,src_2f4d529bc792,origin data/VPD-OE_Agent_20260709/VPD-OE_Agent/data/raw/ZY/ZY16.xls,现金流量表,111.0,
7e52783773aa3366,historical_cash_flow,historical_600_unknown_rule,unknown,ZY16,,109,4,4,Buy_Material,material_order,procurement,direct_decision,True,"{""materials"": {""R2"": 4, ""R3"": 4}}",complete,0.0,465.0,订购原料 R2:4 R3:4,observed_history_unknown_rule,src_2f4d529bc792,origin data/VPD-OE_Agent_20260709/VPD-OE_Agent/data/raw/ZY/ZY16.xls,现金流量表,112.0,
181d6cfbca11c90b,historical_cash_flow,historical_600_unknown_rule,unknown,ZY16,,110,4,4,Product_Produce,production,production,direct_decision,True,"{""line_assignments"": [{""line_instance_id"": 164, ""product_id"": ""P2""}, {""line_instance_id"": 165, ""product_id"": ""P2""}, {""line_instance_id"": 166, ""product_id"": ""P2""}, {""line_instance_id"": 229, ""product_id"": ""P2""}]}",complete,-40.0,425.0,164:P2 165:P2 166:P2 229:P2,observed_history_unknown_rule,src_2f4d529bc792,origin data/VPD-OE_Agent_20260709/VPD-OE_Agent/data/raw/ZY/ZY16.xls,现金流量表,113.0,
c0254a182ffb78de,historical_cash_flow,historical_600_unknown_rule,unknown,ZY16,,111,4,4,Update_Receivable,receivable_maturity,receivable,automatic_settlement,False,{},not_applicable,403.0,828.0,更新应收款,observed_history_unknown_rule,src_2f4d529bc792,origin data/VPD-OE_Agent_20260709/VPD-OE_Agent/data/raw/ZY/ZY16.xls,现金流量表,114.0,
1c42cd71305e2cdb,historical_cash_flow,historical_600_unknown_rule,unknown,ZY16,,112,4,4,Develop_Market,market_development,qualification,direct_decision,True,"{""markets"": [""国际""]}",complete,-10.0,818.0,"市场开拓资格投资,开发项目:国际",observed_history_unknown_rule,src_2f4d529bc792,origin data/VPD-OE_Agent_20260709/VPD-OE_Agent/data/raw/ZY/ZY16.xls,现金流量表,115.0,
c336ae5941b435ba,historical_cash_flow,historical_600_unknown_rule,unknown,ZY16,,113,4,4,Pay_Overhaul,administrative_fee,period_close,automatic_settlement,False,{},not_applicable,-10.0,808.0,支付行政管理费,observed_history_unknown_rule,src_2f4d529bc792,origin data/VPD-OE_Agent_20260709/VPD-OE_Agent/data/raw/ZY/ZY16.xls,现金流量表,116.0,
e47386343bb447ea,historical_cash_flow,historical_600_unknown_rule,unknown,ZY16,,114,4,4,Pay_Maintenance,maintenance,period_close,automatic_settlement,False,{},not_applicable,-40.0,768.0,支付维护费,observed_history_unknown_rule,src_2f4d529bc792,origin data/VPD-OE_Agent_20260709/VPD-OE_Agent/data/raw/ZY/ZY16.xls,现金流量表,117.0,
f33a844cc7978d4c,historical_cash_flow,historical_600_unknown_rule,unknown,ZY16,,115,5,1,Pay_Tax,tax_payment,period_close,automatic_settlement,False,{},not_applicable,-2.0,766.0,支付上一年税金,observed_history_unknown_rule,src_2f4d529bc792,origin data/VPD-OE_Agent_20260709/VPD-OE_Agent/data/raw/ZY/ZY16.xls,现金流量表,118.0,
4ddf510b651763af,historical_cash_flow,historical_600_unknown_rule,unknown,ZY16,,116,5,1,Pay_Long_Loan,long_loan_repayment,finance,committed_settlement,False,{},partial,-23.0,743.0,支付长贷本息,observed_history_unknown_rule,src_2f4d529bc792,origin data/VPD-OE_Agent_20260709/VPD-OE_Agent/data/raw/ZY/ZY16.xls,现金流量表,119.0,
364bdca0976acb58,historical_cash_flow,historical_600_unknown_rule,unknown,ZY16,,117,5,1,Pay_AD,advertising,sales,direct_decision,True,{},partial,-43.0,700.0,广告投放,observed_history_unknown_rule,src_2f4d529bc792,origin data/VPD-OE_Agent_20260709/VPD-OE_Agent/data/raw/ZY/ZY16.xls,现金流量表,120.0,
c6f032b474bdd225,historical_cash_flow,historical_600_unknown_rule,unknown,ZY16,,118,5,1,Auction_Win,order_award,sales,external_outcome,False,"{""order_id"": ""J51-0020""}",complete,-10.0,690.0,竞单成功，获得订单:J51-0020,observed_history_unknown_rule,src_2f4d529bc792,origin data/VPD-OE_Agent_20260709/VPD-OE_Agent/data/raw/ZY/ZY16.xls,现金流量表,121.0,
ad9308a412efe15b,historical_cash_flow,historical_600_unknown_rule,unknown,ZY16,,119,5,1,Auction_Win,order_award,sales,external_outcome,False,"{""order_id"": ""J53-0023""}",complete,-10.0,680.0,竞单成功，获得订单:J53-0023,observed_history_unknown_rule,src_2f4d529bc792,origin data/VPD-OE_Agent_20260709/VPD-OE_Agent/data/raw/ZY/ZY16.xls,现金流量表,122.0,
e60d521771109116,historical_cash_flow,historical_600_unknown_rule,unknown,ZY16,,120,5,1,Long_Loan,long_loan_borrow,finance,conditional_decision,True,"{""principal_wan"": 751, ""term"": 5, ""term_unit"": ""year""}",complete,751.0,1431.0,申请:5年 751W的长期贷款,observed_history_unknown_rule,src_2f4d529bc792,origin data/VPD-OE_Agent_20260709/VPD-OE_Agent/data/raw/ZY/ZY16.xls,现金流量表,123.0,
fd85a722e6651aad,historical_cash_flow,historical_600_unknown_rule,unknown,ZY16,,121,5,1,Pay_Short_Loan,short_loan_repayment,finance,committed_settlement,False,{},partial,-219.0,1212.0,短贷还本息,observed_history_unknown_rule,src_2f4d529bc792,origin data/VPD-OE_Agent_20260709/VPD-OE_Agent/data/raw/ZY/ZY16.xls,现金流量表,124.0,
dbf312d7e0c16412,historical_cash_flow,historical_600_unknown_rule,unknown,ZY16,,122,5,1,Short_Loan,short_loan_borrow,finance,conditional_decision,True,"{""principal_wan"": 209, ""term"": 4, ""term_unit"": ""quarter""}",complete,209.0,1421.0,申请:4季 209W的短期贷款,observed_history_unknown_rule,src_2f4d529bc792,origin data/VPD-OE_Agent_20260709/VPD-OE_Agent/data/raw/ZY/ZY16.xls,现金流量表,125.0,
30be8526bc14dd63,historical_cash_flow,historical_600_unknown_rule,unknown,ZY16,,123,5,1,Pay_Material,material_receipt_payment,procurement,committed_settlement,False,"{""materials"": {""R2"": 4, ""R3"": 4}}",complete,-80.0,1341.0,支付原料费 R3:4 R2:4,observed_history_unknown_rule,src_2f4d529bc792,origin data/VPD-OE_Agent_20260709/VPD-OE_Agent/data/raw/ZY/ZY16.xls,现金流量表,126.0,
3470db69c214b9a7,historical_cash_flow,historical_600_unknown_rule,unknown,ZY16,,124,5,1,Buy_Material,material_order,procurement,direct_decision,True,"{""materials"": {""R2"": 4, ""R3"": 4}}",complete,0.0,1341.0,订购原料 R2:4 R3:4,observed_history_unknown_rule,src_2f4d529bc792,origin data/VPD-OE_Agent_20260709/VPD-OE_Agent/data/raw/ZY/ZY16.xls,现金流量表,127.0,
6dca54d2b55b2fe5,historical_cash_flow,historical_600_unknown_rule,unknown,ZY16,,125,5,1,Product_Produce,production,production,direct_decision,True,"{""line_assignments"": [{""line_instance_id"": 164, ""product_id"": ""P2""}, {""line_instance_id"": 165, ""product_id"": ""P2""}, {""line_instance_id"": 166, ""product_id"": ""P2""}, {""line_instance_id"": 229, ""product_id"": ""P2""}]}",complete,-40.0,1301.0,164:P2 165:P2 166:P2 229:P2,observed_history_unknown_rule,src_2f4d529bc792,origin data/VPD-OE_Agent_20260709/VPD-OE_Agent/data/raw/ZY/ZY16.xls,现金流量表,128.0,
699b540c84835120,historical_cash_flow,historical_600_unknown_rule,unknown,ZY16,,126,5,1,Pay_Overhaul,administrative_fee,period_close,automatic_settlement,False,{},not_applicable,-10.0,1291.0,支付行政管理费,observed_history_unknown_rule,src_2f4d529bc792,origin data/VPD-OE_Agent_20260709/VPD-OE_Agent/data/raw/ZY/ZY16.xls,现金流量表,129.0,
a25c737b203b9c5f,historical_cash_flow,historical_600_unknown_rule,unknown,ZY16,,127,5,2,Pay_Short_Loan,short_loan_repayment,finance,committed_settlement,False,{},partial,-219.0,1072.0,短贷还本息,observed_history_unknown_rule,src_2f4d529bc792,origin data/VPD-OE_Agent_20260709/VPD-OE_Agent/data/raw/ZY/ZY16.xls,现金流量表,130.0,
9c9dea5aefc53b31,historical_cash_flow,historical_600_unknown_rule,unknown,ZY16,,128,5,2,Short_Loan,short_loan_borrow,finance,conditional_decision,True,"{""principal_wan"": 209, ""term"": 4, ""term_unit"": ""quarter""}",complete,209.0,1281.0,申请:4季 209W的短期贷款,observed_history_unknown_rule,src_2f4d529bc792,origin data/VPD-OE_Agent_20260709/VPD-OE_Agent/data/raw/ZY/ZY16.xls,现金流量表,131.0,
6c27a9e49cb5da6b,historical_cash_flow,historical_600_unknown_rule,unknown,ZY16,,129,5,2,Pay_Material,material_receipt_payment,procurement,committed_settlement,False,"{""materials"": {""R2"": 4, ""R3"": 4}}",complete,-80.0,1201.0,支付原料费 R3:4 R2:4,observed_history_unknown_rule,src_2f4d529bc792,origin data/VPD-OE_Agent_20260709/VPD-OE_Agent/data/raw/ZY/ZY16.xls,现金流量表,132.0,
aadfb85ce8704701,historical_cash_flow,historical_600_unknown_rule,unknown,ZY16,,130,5,2,Buy_Material,material_order,procurement,direct_decision,True,"{""materials"": {""R2"": 4, ""R3"": 4}}",complete,0.0,1201.0,订购原料 R2:4 R3:4,observed_history_unknown_rule,src_2f4d529bc792,origin data/VPD-OE_Agent_20260709/VPD-OE_Agent/data/raw/ZY/ZY16.xls,现金流量表,133.0,
c65301c7c8672576,historical_cash_flow,historical_600_unknown_rule,unknown,ZY16,,131,5,2,Product_Produce,production,production,direct_decision,True,"{""line_assignments"": [{""line_instance_id"": 164, ""product_id"": ""P2""}, {""line_instance_id"": 165, ""product_id"": ""P2""}, {""line_instance_id"": 166, ""product_id"": ""P2""}, {""line_instance_id"": 229, ""product_id"": ""P2""}]}",complete,-40.0,1161.0,164:P2 165:P2 166:P2 229:P2,observed_history_unknown_rule,src_2f4d529bc792,origin data/VPD-OE_Agent_20260709/VPD-OE_Agent/data/raw/ZY/ZY16.xls,现金流量表,134.0,
f82c844dca28631f,historical_cash_flow,historical_600_unknown_rule,unknown,ZY16,,132,5,2,Update_Receivable,receivable_maturity,receivable,automatic_settlement,False,{},not_applicable,766.0,1927.0,更新应收款,observed_history_unknown_rule,src_2f4d529bc792,origin data/VPD-OE_Agent_20260709/VPD-OE_Agent/data/raw/ZY/ZY16.xls,现金流量表,135.0,
3383149289600fc7,historical_cash_flow,historical_600_unknown_rule,unknown,ZY16,,133,5,2,RentTOBuy_Workshop,factory_rent_to_buy,capacity,conditional_decision,True,"{""factory_instance_id"": 55, ""factory_type"": ""大厂房""}",complete,-300.0,1627.0,大厂房(55)租转买,observed_history_unknown_rule,src_2f4d529bc792,origin data/VPD-OE_Agent_20260709/VPD-OE_Agent/data/raw/ZY/ZY16.xls,现金流量表,136.0,
efe8b64bdd6ad433,historical_cash_flow,historical_600_unknown_rule,unknown,ZY16,,134,5,2,Pay_Overhaul,administrative_fee,period_close,automatic_settlement,False,{},not_applicable,-10.0,1617.0,支付行政管理费,observed_history_unknown_rule,src_2f4d529bc792,origin data/VPD-OE_Agent_20260709/VPD-OE_Agent/data/raw/ZY/ZY16.xls,现金流量表,137.0,
5f97923a4d1619d6,historical_cash_flow,historical_600_unknown_rule,unknown,ZY16,,135,5,3,Pay_Short_Loan,short_loan_repayment,finance,committed_settlement,False,{},partial,-219.0,1398.0,短贷还本息,observed_history_unknown_rule,src_2f4d529bc792,origin data/VPD-OE_Agent_20260709/VPD-OE_Agent/data/raw/ZY/ZY16.xls,现金流量表,138.0,
f8f79e93f7528791,historical_cash_flow,historical_600_unknown_rule,unknown,ZY16,,136,5,3,Short_Loan,short_loan_borrow,finance,conditional_decision,True,"{""principal_wan"": 209, ""term"": 4, ""term_unit"": ""quarter""}",complete,209.0,1607.0,申请:4季 209W的短期贷款,observed_history_unknown_rule,src_2f4d529bc792,origin data/VPD-OE_Agent_20260709/VPD-OE_Agent/data/raw/ZY/ZY16.xls,现金流量表,139.0,
c74b5cf30b911356,historical_cash_flow,historical_600_unknown_rule,unknown,ZY16,,137,5,3,Pay_Material,material_receipt_payment,procurement,committed_settlement,False,"{""materials"": {""R2"": 4, ""R3"": 4}}",complete,-80.0,1527.0,支付原料费 R3:4 R2:4,observed_history_unknown_rule,src_2f4d529bc792,origin data/VPD-OE_Agent_20260709/VPD-OE_Agent/data/raw/ZY/ZY16.xls,现金流量表,140.0,
3ebaacc94c9d039f,historical_cash_flow,historical_600_unknown_rule,unknown,ZY16,,138,5,3,Buy_Material,material_order,procurement,direct_decision,True,"{""materials"": {""R2"": 4, ""R3"": 4}}",complete,0.0,1527.0,订购原料 R2:4 R3:4,observed_history_unknown_rule,src_2f4d529bc792,origin data/VPD-OE_Agent_20260709/VPD-OE_Agent/data/raw/ZY/ZY16.xls,现金流量表,141.0,
7c5cc28e20748212,historical_cash_flow,historical_600_unknown_rule,unknown,ZY16,,139,5,3,Product_Produce,production,production,direct_decision,True,"{""line_assignments"": [{""line_instance_id"": 164, ""product_id"": ""P2""}, {""line_instance_id"": 165, ""product_id"": ""P2""}, {""line_instance_id"": 166, ""product_id"": ""P2""}, {""line_instance_id"": 229, ""product_id"": ""P2""}]}",complete,-40.0,1487.0,164:P2 165:P2 166:P2 229:P2,observed_history_unknown_rule,src_2f4d529bc792,origin data/VPD-OE_Agent_20260709/VPD-OE_Agent/data/raw/ZY/ZY16.xls,现金流量表,142.0,
ab76053bc42956ad,historical_cash_flow,historical_600_unknown_rule,unknown,ZY16,,140,5,3,Update_Receivable,receivable_maturity,receivable,automatic_settlement,False,{},not_applicable,273.0,1760.0,更新应收款,observed_history_unknown_rule,src_2f4d529bc792,origin data/VPD-OE_Agent_20260709/VPD-OE_Agent/data/raw/ZY/ZY16.xls,现金流量表,143.0,
8c6bf08b261e9105,historical_cash_flow,historical_600_unknown_rule,unknown,ZY16,,141,5,3,Pay_Overhaul,administrative_fee,period_close,automatic_settlement,False,{},not_applicable,-10.0,1750.0,支付行政管理费,observed_history_unknown_rule,src_2f4d529bc792,origin data/VPD-OE_Agent_20260709/VPD-OE_Agent/data/raw/ZY/ZY16.xls,现金流量表,144.0,
5738b02da6cfb21a,historical_cash_flow,historical_600_unknown_rule,unknown,ZY16,,142,5,4,Pay_Short_Loan,short_loan_repayment,finance,committed_settlement,False,{},partial,-219.0,1531.0,短贷还本息,observed_history_unknown_rule,src_2f4d529bc792,origin data/VPD-OE_Agent_20260709/VPD-OE_Agent/data/raw/ZY/ZY16.xls,现金流量表,145.0,
1aa0bd9f65e12e1b,historical_cash_flow,historical_600_unknown_rule,unknown,ZY16,,143,5,4,Short_Loan,short_loan_borrow,finance,conditional_decision,True,"{""principal_wan"": 209, ""term"": 4, ""term_unit"": ""quarter""}",complete,209.0,1740.0,申请:4季 209W的短期贷款,observed_history_unknown_rule,src_2f4d529bc792,origin data/VPD-OE_Agent_20260709/VPD-OE_Agent/data/raw/ZY/ZY16.xls,现金流量表,146.0,
7789d4a027738cf8,historical_cash_flow,historical_600_unknown_rule,unknown,ZY16,,144,5,4,Pay_Material,material_receipt_payment,procurement,committed_settlement,False,"{""materials"": {""R2"": 4, ""R3"": 4}}",complete,-80.0,1660.0,支付原料费 R3:4 R2:4,observed_history_unknown_rule,src_2f4d529bc792,origin data/VPD-OE_Agent_20260709/VPD-OE_Agent/data/raw/ZY/ZY16.xls,现金流量表,147.0,
440138c483a1a5bd,historical_cash_flow,historical_600_unknown_rule,unknown,ZY16,,145,5,4,Buy_Material,material_order,procurement,direct_decision,True,"{""materials"": {""R2"": 4, ""R3"": 4}}",complete,0.0,1660.0,订购原料 R2:4 R3:4,observed_history_unknown_rule,src_2f4d529bc792,origin data/VPD-OE_Agent_20260709/VPD-OE_Agent/data/raw/ZY/ZY16.xls,现金流量表,148.0,
2e2d065a0fd48367,historical_cash_flow,historical_600_unknown_rule,unknown,ZY16,,146,5,4,Product_Produce,production,production,direct_decision,True,"{""line_assignments"": [{""line_instance_id"": 164, ""product_id"": ""P2""}, {""line_instance_id"": 165, ""product_id"": ""P2""}, {""line_instance_id"": 166, ""product_id"": ""P2""}, {""line_instance_id"": 229, ""product_id"": ""P2""}]}",complete,-40.0,1620.0,164:P2 165:P2 166:P2 229:P2,observed_history_unknown_rule,src_2f4d529bc792,origin data/VPD-OE_Agent_20260709/VPD-OE_Agent/data/raw/ZY/ZY16.xls,现金流量表,149.0,
878573cf8f7423bf,historical_cash_flow,historical_600_unknown_rule,unknown,ZY16,,147,5,4,Emergency_Buy_Product,emergency_product_purchase,procurement,exception_intervention,True,"{""quantities"": {""P1"": 0, ""P2"": 3, ""P3"": 0, ""P4"": 0}}",complete,-270.0,1350.0,"紧急采购产品，数量分别为：0,3,0,0",observed_history_unknown_rule,src_2f4d529bc792,origin data/VPD-OE_Agent_20260709/VPD-OE_Agent/data/raw/ZY/ZY16.xls,现金流量表,150.0,
f3e15cf8a1a1a507,historical_cash_flow,historical_600_unknown_rule,unknown,ZY16,,148,5,4,Pay_Overhaul,administrative_fee,period_close,automatic_settlement,False,{},not_applicable,-10.0,1340.0,支付行政管理费,observed_history_unknown_rule,src_2f4d529bc792,origin data/VPD-OE_Agent_20260709/VPD-OE_Agent/data/raw/ZY/ZY16.xls,现金流量表,151.0,
188b9a4bdbb083ba,historical_cash_flow,historical_600_unknown_rule,unknown,ZY16,,149,5,4,Pay_Maintenance,maintenance,period_close,automatic_settlement,False,{},not_applicable,-40.0,1300.0,支付维护费,observed_history_unknown_rule,src_2f4d529bc792,origin data/VPD-OE_Agent_20260709/VPD-OE_Agent/data/raw/ZY/ZY16.xls,现金流量表,152.0,
fb52bc8656a0d11e,historical_cash_flow,historical_600_unknown_rule,unknown,ZY17,,1,1,1,Pay_Capital,capital_injection,finance,exception_intervention,False,{},not_applicable,600.0,600.0,"公司成立,股东注资",observed_history_unknown_rule,src_6d538319baf4,origin data/VPD-OE_Agent_20260709/VPD-OE_Agent/data/raw/ZY/ZY17.xls,现金流量表,4.0,
9858680a2a6c9922,historical_cash_flow,historical_600_unknown_rule,unknown,ZY17,,2,1,1,Long_Loan,long_loan_borrow,finance,conditional_decision,True,"{""principal_wan"": 404, ""term"": 5, ""term_unit"": ""year""}",complete,404.0,1004.0,申请:5年 404W的长期贷款,observed_history_unknown_rule,src_6d538319baf4,origin data/VPD-OE_Agent_20260709/VPD-OE_Agent/data/raw/ZY/ZY17.xls,现金流量表,5.0,
d7308c5171e2f638,historical_cash_flow,historical_600_unknown_rule,unknown,ZY17,,3,1,1,Rent_Workshop,factory_rent,capacity,direct_decision,True,"{""factory_type"": ""大厂房""}",complete,-40.0,964.0,租用[大厂房],observed_history_unknown_rule,src_6d538319baf4,origin data/VPD-OE_Agent_20260709/VPD-OE_Agent/data/raw/ZY/ZY17.xls,现金流量表,6.0,
c89ec2f0c2f2e3bb,historical_cash_flow,historical_600_unknown_rule,unknown,ZY17,,4,1,1,Buy_ProductLine,production_line_order,capacity,direct_decision,True,"{""line_type"": ""自动线"", ""product_id"": ""P4""}",complete,-50.0,914.0,订购[自动线]生产[P4],observed_history_unknown_rule,src_6d538319baf4,origin data/VPD-OE_Agent_20260709/VPD-OE_Agent/data/raw/ZY/ZY17.xls,现金流量表,7.0,
1b9d5a698c731e08,historical_cash_flow,historical_600_unknown_rule,unknown,ZY17,,5,1,1,Buy_ProductLine,production_line_order,capacity,direct_decision,True,"{""line_type"": ""自动线"", ""product_id"": ""P4""}",complete,-50.0,864.0,订购[自动线]生产[P4],observed_history_unknown_rule,src_6d538319baf4,origin data/VPD-OE_Agent_20260709/VPD-OE_Agent/data/raw/ZY/ZY17.xls,现金流量表,8.0,
e14e34fa3c4d49ed,historical_cash_flow,historical_600_unknown_rule,unknown,ZY17,,6,1,1,Buy_ProductLine,production_line_order,capacity,direct_decision,True,"{""line_type"": ""自动线"", ""product_id"": ""P4""}",complete,-50.0,814.0,订购[自动线]生产[P4],observed_history_unknown_rule,src_6d538319baf4,origin data/VPD-OE_Agent_20260709/VPD-OE_Agent/data/raw/ZY/ZY17.xls,现金流量表,9.0,
68e301eb084e00d9,historical_cash_flow,historical_600_unknown_rule,unknown,ZY17,,7,1,1,Buy_ProductLine,production_line_order,capacity,direct_decision,True,"{""line_type"": ""自动线"", ""product_id"": ""P4""}",complete,-50.0,764.0,订购[自动线]生产[P4],observed_history_unknown_rule,src_6d538319baf4,origin data/VPD-OE_Agent_20260709/VPD-OE_Agent/data/raw/ZY/ZY17.xls,现金流量表,10.0,
df6d8685ef934610,historical_cash_flow,historical_600_unknown_rule,unknown,ZY17,,8,1,1,Develop_Product,product_development,qualification,direct_decision,True,"{""products"": [""P4""]}",complete,-10.0,754.0,产品生产资格投资: P4,observed_history_unknown_rule,src_6d538319baf4,origin data/VPD-OE_Agent_20260709/VPD-OE_Agent/data/raw/ZY/ZY17.xls,现金流量表,11.0,
ad16efbab45f813d,historical_cash_flow,historical_600_unknown_rule,unknown,ZY17,,9,1,1,Pay_Overhaul,administrative_fee,period_close,automatic_settlement,False,{},not_applicable,-10.0,744.0,支付行政管理费,observed_history_unknown_rule,src_6d538319baf4,origin data/VPD-OE_Agent_20260709/VPD-OE_Agent/data/raw/ZY/ZY17.xls,现金流量表,12.0,
fc332a7bb37e6205,historical_cash_flow,historical_600_unknown_rule,unknown,ZY17,,10,1,2,Invest_ProductLine,production_line_investment,capacity,committed_settlement,False,{},partial,-200.0,544.0,投资在建生产线,observed_history_unknown_rule,src_6d538319baf4,origin data/VPD-OE_Agent_20260709/VPD-OE_Agent/data/raw/ZY/ZY17.xls,现金流量表,13.0,
6e41acf657d4ee3a,historical_cash_flow,historical_600_unknown_rule,unknown,ZY17,,11,1,2,Develop_Product,product_development,qualification,direct_decision,True,"{""products"": [""P4""]}",complete,-10.0,534.0,产品生产资格投资: P4,observed_history_unknown_rule,src_6d538319baf4,origin data/VPD-OE_Agent_20260709/VPD-OE_Agent/data/raw/ZY/ZY17.xls,现金流量表,14.0,
6ebaf2a7aed42dcb,historical_cash_flow,historical_600_unknown_rule,unknown,ZY17,,12,1,2,Pay_Overhaul,administrative_fee,period_close,automatic_settlement,False,{},not_applicable,-10.0,524.0,支付行政管理费,observed_history_unknown_rule,src_6d538319baf4,origin data/VPD-OE_Agent_20260709/VPD-OE_Agent/data/raw/ZY/ZY17.xls,现金流量表,15.0,
f50b29c5dc4a6894,historical_cash_flow,historical_600_unknown_rule,unknown,ZY17,,13,1,3,Develop_Product,product_development,qualification,direct_decision,True,"{""products"": [""P4""]}",complete,-10.0,514.0,产品生产资格投资: P4,observed_history_unknown_rule,src_6d538319baf4,origin data/VPD-OE_Agent_20260709/VPD-OE_Agent/data/raw/ZY/ZY17.xls,现金流量表,16.0,
8e94af9dc31f90ef,historical_cash_flow,historical_600_unknown_rule,unknown,ZY17,,14,1,3,Pay_Overhaul,administrative_fee,period_close,automatic_settlement,False,{},not_applicable,-10.0,504.0,支付行政管理费,observed_history_unknown_rule,src_6d538319baf4,origin data/VPD-OE_Agent_20260709/VPD-OE_Agent/data/raw/ZY/ZY17.xls,现金流量表,17.0,
9ca44f6d7a77a1c4,historical_cash_flow,historical_600_unknown_rule,unknown,ZY17,,15,1,4,Buy_Material,material_order,procurement,direct_decision,True,"{""materials"": {""R3"": 4, ""R4"": 4}}",complete,0.0,504.0,订购原料 R3:4 R4:4,observed_history_unknown_rule,src_6d538319baf4,origin data/VPD-OE_Agent_20260709/VPD-OE_Agent/data/raw/ZY/ZY17.xls,现金流量表,18.0,
875073dea9c40262,historical_cash_flow,historical_600_unknown_rule,unknown,ZY17,,16,1,4,Invest_ProductLine,production_line_investment,capacity,committed_settlement,False,{},partial,-200.0,304.0,投资在建生产线,observed_history_unknown_rule,src_6d538319baf4,origin data/VPD-OE_Agent_20260709/VPD-OE_Agent/data/raw/ZY/ZY17.xls,现金流量表,19.0,
dc061cf772a3f658,historical_cash_flow,historical_600_unknown_rule,unknown,ZY17,,17,1,4,Develop_Product,product_development,qualification,direct_decision,True,"{""products"": [""P4""]}",complete,-10.0,294.0,产品生产资格投资: P4,observed_history_unknown_rule,src_6d538319baf4,origin data/VPD-OE_Agent_20260709/VPD-OE_Agent/data/raw/ZY/ZY17.xls,现金流量表,20.0,
2c723ae368988450,historical_cash_flow,historical_600_unknown_rule,unknown,ZY17,,18,1,4,Develop_Market,market_development,qualification,direct_decision,True,"{""markets"": [""本地"", ""区域"", ""国内"", ""亚洲"", ""国际""]}",complete,-50.0,244.0,"市场开拓资格投资,开发项目:本地 区域 国内 亚洲 国际",observed_history_unknown_rule,src_6d538319baf4,origin data/VPD-OE_Agent_20260709/VPD-OE_Agent/data/raw/ZY/ZY17.xls,现金流量表,21.0,
218014dc5af8a8e3,historical_cash_flow,historical_600_unknown_rule,unknown,ZY17,,19,1,4,Develop_ISO,iso_development,qualification,direct_decision,True,"{""certifications"": [""ISO14000"", ""ISO9000""]}",complete,-30.0,214.0,"ISO认证资格投资,开发：ISO9000 ISO14000",observed_history_unknown_rule,src_6d538319baf4,origin data/VPD-OE_Agent_20260709/VPD-OE_Agent/data/raw/ZY/ZY17.xls,现金流量表,22.0,
2c6c16f1173a4d89,historical_cash_flow,historical_600_unknown_rule,unknown,ZY17,,20,1,4,Pay_Overhaul,administrative_fee,period_close,automatic_settlement,False,{},not_applicable,-10.0,204.0,支付行政管理费,observed_history_unknown_rule,src_6d538319baf4,origin data/VPD-OE_Agent_20260709/VPD-OE_Agent/data/raw/ZY/ZY17.xls,现金流量表,23.0,
472fcf8fc640279e,historical_cash_flow,historical_600_unknown_rule,unknown,ZY17,,21,2,1,Pay_Long_Loan,long_loan_repayment,finance,committed_settlement,False,{},partial,-40.0,164.0,支付长贷本息,observed_history_unknown_rule,src_6d538319baf4,origin data/VPD-OE_Agent_20260709/VPD-OE_Agent/data/raw/ZY/ZY17.xls,现金流量表,24.0,
42e4d9b7f51eb620,historical_cash_flow,historical_600_unknown_rule,unknown,ZY17,,22,2,1,Pay_AD,advertising,sales,direct_decision,True,{},partial,-42.0,122.0,广告投放,observed_history_unknown_rule,src_6d538319baf4,origin data/VPD-OE_Agent_20260709/VPD-OE_Agent/data/raw/ZY/ZY17.xls,现金流量表,25.0,
eaa7f703805dd3ad,historical_cash_flow,historical_600_unknown_rule,unknown,ZY17,,23,2,1,Buy_Material,material_order,procurement,direct_decision,True,"{""materials"": {""R2"": 8, ""R3"": 4, ""R4"": 4}}",complete,0.0,122.0,订购原料 R2:8 R3:4 R4:4,observed_history_unknown_rule,src_6d538319baf4,origin data/VPD-OE_Agent_20260709/VPD-OE_Agent/data/raw/ZY/ZY17.xls,现金流量表,26.0,
b61bc5b7c5a35235,historical_cash_flow,historical_600_unknown_rule,unknown,ZY17,,24,2,1,Develop_Product,product_development,qualification,direct_decision,True,"{""products"": [""P4""]}",complete,-10.0,112.0,产品生产资格投资: P4,observed_history_unknown_rule,src_6d538319baf4,origin data/VPD-OE_Agent_20260709/VPD-OE_Agent/data/raw/ZY/ZY17.xls,现金流量表,27.0,
0f56ce4b87f7423e,historical_cash_flow,historical_600_unknown_rule,unknown,ZY17,,25,2,1,Renew_Workshop,factory_rent_renewal,capacity,conditional_decision,True,{},not_applicable,-40.0,72.0,厂房续租,observed_history_unknown_rule,src_6d538319baf4,origin data/VPD-OE_Agent_20260709/VPD-OE_Agent/data/raw/ZY/ZY17.xls,现金流量表,28.0,
d2b343ef09fd32dc,historical_cash_flow,historical_600_unknown_rule,unknown,ZY17,,26,2,1,Pay_Overhaul,administrative_fee,period_close,automatic_settlement,False,{},not_applicable,-10.0,62.0,支付行政管理费,observed_history_unknown_rule,src_6d538319baf4,origin data/VPD-OE_Agent_20260709/VPD-OE_Agent/data/raw/ZY/ZY17.xls,现金流量表,29.0,
1d409e8c851d6d71,historical_cash_flow,historical_600_unknown_rule,unknown,ZY17,,27,2,2,Short_Loan,short_loan_borrow,finance,conditional_decision,True,"{""principal_wan"": 209, ""term"": 4, ""term_unit"": ""quarter""}",complete,209.0,271.0,申请:4季 209W的短期贷款,observed_history_unknown_rule,src_6d538319baf4,origin data/VPD-OE_Agent_20260709/VPD-OE_Agent/data/raw/ZY/ZY17.xls,现金流量表,30.0,
f275e4e3932549b5,historical_cash_flow,historical_600_unknown_rule,unknown,ZY17,,28,2,2,Pay_Material,material_receipt_payment,procurement,committed_settlement,False,"{""materials"": {""R2"": 8, ""R3"": 4, ""R4"": 4}}",complete,-160.0,111.0,支付原料费 R3:4 R4:4 R2:8,observed_history_unknown_rule,src_6d538319baf4,origin data/VPD-OE_Agent_20260709/VPD-OE_Agent/data/raw/ZY/ZY17.xls,现金流量表,31.0,
2cb982322865fd7e,historical_cash_flow,historical_600_unknown_rule,unknown,ZY17,,29,2,2,Product_Produce,production,production,direct_decision,True,"{""line_assignments"": [{""line_instance_id"": 137, ""product_id"": ""P4""}, {""line_instance_id"": 138, ""product_id"": ""P4""}, {""line_instance_id"": 139, ""product_id"": ""P4""}, {""line_instance_id"": 140, ""product_id"": ""P4""}]}",complete,-40.0,71.0,137:P4 138:P4 139:P4 140:P4,observed_history_unknown_rule,src_6d538319baf4,origin data/VPD-OE_Agent_20260709/VPD-OE_Agent/data/raw/ZY/ZY17.xls,现金流量表,32.0,
7f366d806fec26c6,historical_cash_flow,historical_600_unknown_rule,unknown,ZY17,,30,2,2,Buy_Material,material_order,procurement,direct_decision,True,"{""materials"": {""R2"": 8, ""R3"": 4, ""R4"": 4}}",complete,0.0,71.0,订购原料 R2:8 R3:4 R4:4,observed_history_unknown_rule,src_6d538319baf4,origin data/VPD-OE_Agent_20260709/VPD-OE_Agent/data/raw/ZY/ZY17.xls,现金流量表,33.0,
3eae376229afa8e6,historical_cash_flow,historical_600_unknown_rule,unknown,ZY17,,31,2,2,Pay_Overhaul,administrative_fee,period_close,automatic_settlement,False,{},not_applicable,-10.0,61.0,支付行政管理费,observed_history_unknown_rule,src_6d538319baf4,origin data/VPD-OE_Agent_20260709/VPD-OE_Agent/data/raw/ZY/ZY17.xls,现金流量表,34.0,
6e462f43c052d861,historical_cash_flow,historical_600_unknown_rule,unknown,ZY17,,32,2,3,Short_Loan,short_loan_borrow,finance,conditional_decision,True,"{""principal_wan"": 209, ""term"": 4, ""term_unit"": ""quarter""}",complete,209.0,270.0,申请:4季 209W的短期贷款,observed_history_unknown_rule,src_6d538319baf4,origin data/VPD-OE_Agent_20260709/VPD-OE_Agent/data/raw/ZY/ZY17.xls,现金流量表,35.0,
d9339cb025540624,historical_cash_flow,historical_600_unknown_rule,unknown,ZY17,,33,2,3,Pay_Material,material_receipt_payment,procurement,committed_settlement,False,"{""materials"": {""R2"": 8, ""R3"": 4, ""R4"": 4}}",complete,-160.0,110.0,支付原料费 R3:4 R4:4 R2:8,observed_history_unknown_rule,src_6d538319baf4,origin data/VPD-OE_Agent_20260709/VPD-OE_Agent/data/raw/ZY/ZY17.xls,现金流量表,36.0,
d97617824c86e4a8,historical_cash_flow,historical_600_unknown_rule,unknown,ZY17,,34,2,3,Product_Produce,production,production,direct_decision,True,"{""line_assignments"": [{""line_instance_id"": 137, ""product_id"": ""P4""}, {""line_instance_id"": 138, ""product_id"": ""P4""}, {""line_instance_id"": 139, ""product_id"": ""P4""}, {""line_instance_id"": 140, ""product_id"": ""P4""}]}",complete,-40.0,70.0,137:P4 138:P4 139:P4 140:P4,observed_history_unknown_rule,src_6d538319baf4,origin data/VPD-OE_Agent_20260709/VPD-OE_Agent/data/raw/ZY/ZY17.xls,现金流量表,37.0,
64eee1767349f7a0,historical_cash_flow,historical_600_unknown_rule,unknown,ZY17,,35,2,3,Buy_Material,material_order,procurement,direct_decision,True,"{""materials"": {""R2"": 8, ""R3"": 4, ""R4"": 4}}",complete,0.0,70.0,订购原料 R2:8 R3:4 R4:4,observed_history_unknown_rule,src_6d538319baf4,origin data/VPD-OE_Agent_20260709/VPD-OE_Agent/data/raw/ZY/ZY17.xls,现金流量表,38.0,
010c691777ae5515,historical_cash_flow,historical_600_unknown_rule,unknown,ZY17,,36,2,3,Pay_Overhaul,administrative_fee,period_close,automatic_settlement,False,{},not_applicable,-10.0,60.0,支付行政管理费,observed_history_unknown_rule,src_6d538319baf4,origin data/VPD-OE_Agent_20260709/VPD-OE_Agent/data/raw/ZY/ZY17.xls,现金流量表,39.0,
8158f287daedada3,historical_cash_flow,historical_600_unknown_rule,unknown,ZY17,,37,2,4,Short_Loan,short_loan_borrow,finance,conditional_decision,True,"{""principal_wan"": 209, ""term"": 4, ""term_unit"": ""quarter""}",complete,209.0,269.0,申请:4季 209W的短期贷款,observed_history_unknown_rule,src_6d538319baf4,origin data/VPD-OE_Agent_20260709/VPD-OE_Agent/data/raw/ZY/ZY17.xls,现金流量表,40.0,
a8ad31448c5ca951,historical_cash_flow,historical_600_unknown_rule,unknown,ZY17,,38,2,4,Pay_Material,material_receipt_payment,procurement,committed_settlement,False,"{""materials"": {""R2"": 8, ""R3"": 4, ""R4"": 4}}",complete,-160.0,109.0,支付原料费 R3:4 R4:4 R2:8,observed_history_unknown_rule,src_6d538319baf4,origin data/VPD-OE_Agent_20260709/VPD-OE_Agent/data/raw/ZY/ZY17.xls,现金流量表,41.0,
1ef8535c7768c3e9,historical_cash_flow,historical_600_unknown_rule,unknown,ZY17,,39,2,4,Buy_Material,material_order,procurement,direct_decision,True,"{""materials"": {""R2"": 8, ""R3"": 4, ""R4"": 4}}",complete,0.0,109.0,订购原料 R2:8 R3:4 R4:4,observed_history_unknown_rule,src_6d538319baf4,origin data/VPD-OE_Agent_20260709/VPD-OE_Agent/data/raw/ZY/ZY17.xls,现金流量表,42.0,
8e581a189ed8a468,historical_cash_flow,historical_600_unknown_rule,unknown,ZY17,,40,2,4,Product_Produce,production,production,direct_decision,True,"{""line_assignments"": [{""line_instance_id"": 137, ""product_id"": ""P4""}, {""line_instance_id"": 138, ""product_id"": ""P4""}, {""line_instance_id"": 139, ""product_id"": ""P4""}, {""line_instance_id"": 140, ""product_id"": ""P4""}]}",complete,-40.0,69.0,137:P4 138:P4 139:P4 140:P4,observed_history_unknown_rule,src_6d538319baf4,origin data/VPD-OE_Agent_20260709/VPD-OE_Agent/data/raw/ZY/ZY17.xls,现金流量表,43.0,
8bff2d625e64bd5b,historical_cash_flow,historical_600_unknown_rule,unknown,ZY17,,41,2,4,Update_Receivable,receivable_maturity,receivable,automatic_settlement,False,{},not_applicable,372.0,441.0,更新应收款,observed_history_unknown_rule,src_6d538319baf4,origin data/VPD-OE_Agent_20260709/VPD-OE_Agent/data/raw/ZY/ZY17.xls,现金流量表,44.0,
b3ba8b07706c6391,historical_cash_flow,historical_600_unknown_rule,unknown,ZY17,,42,2,4,Develop_Market,market_development,qualification,direct_decision,True,"{""markets"": [""国内"", ""亚洲"", ""国际""]}",complete,-30.0,411.0,"市场开拓资格投资,开发项目:国内 亚洲 国际",observed_history_unknown_rule,src_6d538319baf4,origin data/VPD-OE_Agent_20260709/VPD-OE_Agent/data/raw/ZY/ZY17.xls,现金流量表,45.0,
a6db89db9d8d2763,historical_cash_flow,historical_600_unknown_rule,unknown,ZY17,,43,2,4,Develop_ISO,iso_development,qualification,direct_decision,True,"{""certifications"": [""ISO14000"", ""ISO9000""]}",complete,-30.0,381.0,"ISO认证资格投资,开发：ISO9000 ISO14000",observed_history_unknown_rule,src_6d538319baf4,origin data/VPD-OE_Agent_20260709/VPD-OE_Agent/data/raw/ZY/ZY17.xls,现金流量表,46.0,
c6dd364231c0f6a4,historical_cash_flow,historical_600_unknown_rule,unknown,ZY17,,44,2,4,Pay_Overhaul,administrative_fee,period_close,automatic_settlement,False,{},not_applicable,-10.0,371.0,支付行政管理费,observed_history_unknown_rule,src_6d538319baf4,origin data/VPD-OE_Agent_20260709/VPD-OE_Agent/data/raw/ZY/ZY17.xls,现金流量表,47.0,
23d62fddfec2b986,historical_cash_flow,historical_600_unknown_rule,unknown,ZY17,,45,2,4,Pay_Maintenance,maintenance,period_close,automatic_settlement,False,{},not_applicable,-40.0,331.0,支付维护费,observed_history_unknown_rule,src_6d538319baf4,origin data/VPD-OE_Agent_20260709/VPD-OE_Agent/data/raw/ZY/ZY17.xls,现金流量表,48.0,
d30e19c3a616733e,historical_cash_flow,historical_600_unknown_rule,unknown,ZY17,,46,3,1,Pay_Tax,tax_payment,period_close,automatic_settlement,False,{},not_applicable,-1.0,330.0,支付上一年税金,observed_history_unknown_rule,src_6d538319baf4,origin data/VPD-OE_Agent_20260709/VPD-OE_Agent/data/raw/ZY/ZY17.xls,现金流量表,49.0,
29ea05d9e69ee0d1,historical_cash_flow,historical_600_unknown_rule,unknown,ZY17,,47,3,1,Pay_Long_Loan,long_loan_repayment,finance,committed_settlement,False,{},partial,-40.0,290.0,支付长贷本息,observed_history_unknown_rule,src_6d538319baf4,origin data/VPD-OE_Agent_20260709/VPD-OE_Agent/data/raw/ZY/ZY17.xls,现金流量表,50.0,
033db112a9d289f1,historical_cash_flow,historical_600_unknown_rule,unknown,ZY17,,48,3,1,Pay_AD,advertising,sales,direct_decision,True,{},partial,-43.0,247.0,广告投放,observed_history_unknown_rule,src_6d538319baf4,origin data/VPD-OE_Agent_20260709/VPD-OE_Agent/data/raw/ZY/ZY17.xls,现金流量表,51.0,
ed3c1fa08f0fa07f,historical_cash_flow,historical_600_unknown_rule,unknown,ZY17,,49,3,1,Short_Loan,short_loan_borrow,finance,conditional_decision,True,"{""principal_wan"": 309, ""term"": 4, ""term_unit"": ""quarter""}",complete,309.0,556.0,申请:4季 309W的短期贷款,observed_history_unknown_rule,src_6d538319baf4,origin data/VPD-OE_Agent_20260709/VPD-OE_Agent/data/raw/ZY/ZY17.xls,现金流量表,52.0,
ac4f7a55a7b350a9,historical_cash_flow,historical_600_unknown_rule,unknown,ZY17,,50,3,1,Pay_Material,material_receipt_payment,procurement,committed_settlement,False,"{""materials"": {""R2"": 8, ""R3"": 4, ""R4"": 4}}",complete,-160.0,396.0,支付原料费 R3:4 R4:4 R2:8,observed_history_unknown_rule,src_6d538319baf4,origin data/VPD-OE_Agent_20260709/VPD-OE_Agent/data/raw/ZY/ZY17.xls,现金流量表,53.0,
0bf9a66b37384db2,historical_cash_flow,historical_600_unknown_rule,unknown,ZY17,,51,3,1,Buy_Material,material_order,procurement,direct_decision,True,"{""materials"": {""R2"": 8, ""R3"": 4, ""R4"": 4}}",complete,0.0,396.0,订购原料 R2:8 R3:4 R4:4,observed_history_unknown_rule,src_6d538319baf4,origin data/VPD-OE_Agent_20260709/VPD-OE_Agent/data/raw/ZY/ZY17.xls,现金流量表,54.0,
c5fff67e4b0dc92b,historical_cash_flow,historical_600_unknown_rule,unknown,ZY17,,52,3,1,Rent_Workshop,factory_rent,capacity,direct_decision,True,"{""factory_type"": ""小厂房""}",complete,-30.0,366.0,租用[小厂房],observed_history_unknown_rule,src_6d538319baf4,origin data/VPD-OE_Agent_20260709/VPD-OE_Agent/data/raw/ZY/ZY17.xls,现金流量表,55.0,
a3b2ea49455d2a14,historical_cash_flow,historical_600_unknown_rule,unknown,ZY17,,53,3,1,Product_Produce,production,production,direct_decision,True,"{""line_assignments"": [{""line_instance_id"": 137, ""product_id"": ""P4""}, {""line_instance_id"": 138, ""product_id"": ""P4""}, {""line_instance_id"": 139, ""product_id"": ""P4""}, {""line_instance_id"": 140, ""product_id"": ""P4""}]}",complete,-40.0,326.0,137:P4 138:P4 139:P4 140:P4,observed_history_unknown_rule,src_6d538319baf4,origin data/VPD-OE_Agent_20260709/VPD-OE_Agent/data/raw/ZY/ZY17.xls,现金流量表,56.0,
775d9be8830aa53e,historical_cash_flow,historical_600_unknown_rule,unknown,ZY17,,54,3,1,Renew_Workshop,factory_rent_renewal,capacity,conditional_decision,True,{},not_applicable,-40.0,286.0,厂房续租,observed_history_unknown_rule,src_6d538319baf4,origin data/VPD-OE_Agent_20260709/VPD-OE_Agent/data/raw/ZY/ZY17.xls,现金流量表,57.0,
34190b17dd1da7e0,historical_cash_flow,historical_600_unknown_rule,unknown,ZY17,,55,3,1,Pay_Overhaul,administrative_fee,period_close,automatic_settlement,False,{},not_applicable,-10.0,276.0,支付行政管理费,observed_history_unknown_rule,src_6d538319baf4,origin data/VPD-OE_Agent_20260709/VPD-OE_Agent/data/raw/ZY/ZY17.xls,现金流量表,58.0,
1728c9bf219471cf,historical_cash_flow,historical_600_unknown_rule,unknown,ZY17,,56,3,2,Pay_Short_Loan,short_loan_repayment,finance,committed_settlement,False,{},partial,-219.0,57.0,短贷还本息,observed_history_unknown_rule,src_6d538319baf4,origin data/VPD-OE_Agent_20260709/VPD-OE_Agent/data/raw/ZY/ZY17.xls,现金流量表,59.0,
de92118aef1b91b0,historical_cash_flow,historical_600_unknown_rule,unknown,ZY17,,57,3,2,Short_Loan,short_loan_borrow,finance,conditional_decision,True,"{""principal_wan"": 209, ""term"": 4, ""term_unit"": ""quarter""}",complete,209.0,266.0,申请:4季 209W的短期贷款,observed_history_unknown_rule,src_6d538319baf4,origin data/VPD-OE_Agent_20260709/VPD-OE_Agent/data/raw/ZY/ZY17.xls,现金流量表,60.0,
7e869dab2fd838ee,historical_cash_flow,historical_600_unknown_rule,unknown,ZY17,,58,3,2,Pay_Material,material_receipt_payment,procurement,committed_settlement,False,"{""materials"": {""R2"": 8, ""R3"": 4, ""R4"": 4}}",complete,-160.0,106.0,支付原料费 R3:4 R4:4 R2:8,observed_history_unknown_rule,src_6d538319baf4,origin data/VPD-OE_Agent_20260709/VPD-OE_Agent/data/raw/ZY/ZY17.xls,现金流量表,61.0,
c8bdb64afc07d553,historical_cash_flow,historical_600_unknown_rule,unknown,ZY17,,59,3,2,Buy_Material,material_order,procurement,direct_decision,True,"{""materials"": {""R2"": 8, ""R3"": 4, ""R4"": 4}}",complete,0.0,106.0,订购原料 R2:8 R3:4 R4:4,observed_history_unknown_rule,src_6d538319baf4,origin data/VPD-OE_Agent_20260709/VPD-OE_Agent/data/raw/ZY/ZY17.xls,现金流量表,62.0,
59f63ad6e3a8b5b6,historical_cash_flow,historical_600_unknown_rule,unknown,ZY17,,60,3,2,Buy_ProductLine,production_line_order,capacity,direct_decision,True,"{""line_type"": ""自动线"", ""product_id"": ""P4""}",complete,-50.0,56.0,订购[自动线]生产[P4],observed_history_unknown_rule,src_6d538319baf4,origin data/VPD-OE_Agent_20260709/VPD-OE_Agent/data/raw/ZY/ZY17.xls,现金流量表,63.0,
2b398119faafb74c,historical_cash_flow,historical_600_unknown_rule,unknown,ZY17,,61,3,2,Product_Produce,production,production,direct_decision,True,"{""line_assignments"": [{""line_instance_id"": 137, ""product_id"": ""P4""}, {""line_instance_id"": 138, ""product_id"": ""P4""}, {""line_instance_id"": 139, ""product_id"": ""P4""}, {""line_instance_id"": 140, ""product_id"": ""P4""}]}",complete,-40.0,16.0,137:P4 138:P4 139:P4 140:P4,observed_history_unknown_rule,src_6d538319baf4,origin data/VPD-OE_Agent_20260709/VPD-OE_Agent/data/raw/ZY/ZY17.xls,现金流量表,64.0,
0d46334bba44faab,historical_cash_flow,historical_600_unknown_rule,unknown,ZY17,,62,3,2,Update_Receivable,receivable_maturity,receivable,automatic_settlement,False,{},not_applicable,452.0,468.0,更新应收款,observed_history_unknown_rule,src_6d538319baf4,origin data/VPD-OE_Agent_20260709/VPD-OE_Agent/data/raw/ZY/ZY17.xls,现金流量表,65.0,
6aab0ef69b6c4ab5,historical_cash_flow,historical_600_unknown_rule,unknown,ZY17,,63,3,2,Pay_Overhaul,administrative_fee,period_close,automatic_settlement,False,{},not_applicable,-10.0,458.0,支付行政管理费,observed_history_unknown_rule,src_6d538319baf4,origin data/VPD-OE_Agent_20260709/VPD-OE_Agent/data/raw/ZY/ZY17.xls,现金流量表,66.0,
5e9f4266a1b949ad,historical_cash_flow,historical_600_unknown_rule,unknown,ZY17,,64,3,3,Pay_Short_Loan,short_loan_repayment,finance,committed_settlement,False,{},partial,-219.0,239.0,短贷还本息,observed_history_unknown_rule,src_6d538319baf4,origin data/VPD-OE_Agent_20260709/VPD-OE_Agent/data/raw/ZY/ZY17.xls,现金流量表,67.0,
c8f28b1a7c810c9e,historical_cash_flow,historical_600_unknown_rule,unknown,ZY17,,65,3,3,Pay_Material,material_receipt_payment,procurement,committed_settlement,False,"{""materials"": {""R2"": 8, ""R3"": 4, ""R4"": 4}}",complete,-160.0,79.0,支付原料费 R3:4 R4:4 R2:8,observed_history_unknown_rule,src_6d538319baf4,origin data/VPD-OE_Agent_20260709/VPD-OE_Agent/data/raw/ZY/ZY17.xls,现金流量表,68.0,
bc4f8bf1520515a5,historical_cash_flow,historical_600_unknown_rule,unknown,ZY17,,66,3,3,Buy_Material,material_order,procurement,direct_decision,True,"{""materials"": {""R2"": 4, ""R3"": 2, ""R4"": 2}}",complete,0.0,79.0,订购原料 R2:4 R3:2 R4:2,observed_history_unknown_rule,src_6d538319baf4,origin data/VPD-OE_Agent_20260709/VPD-OE_Agent/data/raw/ZY/ZY17.xls,现金流量表,69.0,
ceff4e403361cb6e,historical_cash_flow,historical_600_unknown_rule,unknown,ZY17,,67,3,3,Invest_ProductLine,production_line_investment,capacity,committed_settlement,False,{},partial,-50.0,29.0,投资在建生产线,observed_history_unknown_rule,src_6d538319baf4,origin data/VPD-OE_Agent_20260709/VPD-OE_Agent/data/raw/ZY/ZY17.xls,现金流量表,70.0,
6861d7c7f2f8d67b,historical_cash_flow,historical_600_unknown_rule,unknown,ZY17,,68,3,3,Product_Produce,production,production,direct_decision,True,"{""line_assignments"": [{""line_instance_id"": 137, ""product_id"": ""P4""}, {""line_instance_id"": 138, ""product_id"": ""P4""}]}",complete,-20.0,9.0,137:P4 138:P4,observed_history_unknown_rule,src_6d538319baf4,origin data/VPD-OE_Agent_20260709/VPD-OE_Agent/data/raw/ZY/ZY17.xls,现金流量表,71.0,
33b53d4d4fdc1094,historical_cash_flow,historical_600_unknown_rule,unknown,ZY17,,69,3,3,Update_Receivable,receivable_maturity,receivable,automatic_settlement,False,{},not_applicable,834.0,843.0,更新应收款,observed_history_unknown_rule,src_6d538319baf4,origin data/VPD-OE_Agent_20260709/VPD-OE_Agent/data/raw/ZY/ZY17.xls,现金流量表,72.0,
d2152e32d84b5f18,historical_cash_flow,historical_600_unknown_rule,unknown,ZY17,,70,3,3,Pay_Overhaul,administrative_fee,period_close,automatic_settlement,False,{},not_applicable,-10.0,833.0,支付行政管理费,observed_history_unknown_rule,src_6d538319baf4,origin data/VPD-OE_Agent_20260709/VPD-OE_Agent/data/raw/ZY/ZY17.xls,现金流量表,73.0,
6dd9163dd922c505,historical_cash_flow,historical_600_unknown_rule,unknown,ZY17,,71,3,4,Pay_Short_Loan,short_loan_repayment,finance,committed_settlement,False,{},partial,-219.0,614.0,短贷还本息,observed_history_unknown_rule,src_6d538319baf4,origin data/VPD-OE_Agent_20260709/VPD-OE_Agent/data/raw/ZY/ZY17.xls,现金流量表,74.0,
74e2d5b44336fb45,historical_cash_flow,historical_600_unknown_rule,unknown,ZY17,,72,3,4,Pay_Material,material_receipt_payment,procurement,committed_settlement,False,"{""materials"": {""R2"": 4, ""R3"": 4, ""R4"": 4}}",complete,-120.0,494.0,支付原料费 R3:4 R4:4 R2:4,observed_history_unknown_rule,src_6d538319baf4,origin data/VPD-OE_Agent_20260709/VPD-OE_Agent/data/raw/ZY/ZY17.xls,现金流量表,75.0,
c871ea40ec3e1981,historical_cash_flow,historical_600_unknown_rule,unknown,ZY17,,73,3,4,Invest_ProductLine,production_line_investment,capacity,committed_settlement,False,{},partial,-50.0,444.0,投资在建生产线,observed_history_unknown_rule,src_6d538319baf4,origin data/VPD-OE_Agent_20260709/VPD-OE_Agent/data/raw/ZY/ZY17.xls,现金流量表,76.0,
e0cea3690bef0fea,historical_cash_flow,historical_600_unknown_rule,unknown,ZY17,,74,3,4,Develop_Market,market_development,qualification,direct_decision,True,"{""markets"": [""亚洲"", ""国际""]}",complete,-20.0,424.0,"市场开拓资格投资,开发项目:亚洲 国际",observed_history_unknown_rule,src_6d538319baf4,origin data/VPD-OE_Agent_20260709/VPD-OE_Agent/data/raw/ZY/ZY17.xls,现金流量表,77.0,
060668f5d6ee6625,historical_cash_flow,historical_600_unknown_rule,unknown,ZY17,,75,3,4,Pay_Overhaul,administrative_fee,period_close,automatic_settlement,False,{},not_applicable,-10.0,414.0,支付行政管理费,observed_history_unknown_rule,src_6d538319baf4,origin data/VPD-OE_Agent_20260709/VPD-OE_Agent/data/raw/ZY/ZY17.xls,现金流量表,78.0,
3463a159dd054e3c,historical_cash_flow,historical_600_unknown_rule,unknown,ZY17,,76,3,4,Pay_Maintenance,maintenance,period_close,automatic_settlement,False,{},not_applicable,-40.0,374.0,支付维护费,observed_history_unknown_rule,src_6d538319baf4,origin data/VPD-OE_Agent_20260709/VPD-OE_Agent/data/raw/ZY/ZY17.xls,现金流量表,79.0,
ff837620be2cf1c3,historical_cash_flow,historical_600_unknown_rule,unknown,ZY17,,77,4,1,Pay_Tax,tax_payment,period_close,automatic_settlement,False,{},not_applicable,-8.0,366.0,支付上一年税金,observed_history_unknown_rule,src_6d538319baf4,origin data/VPD-OE_Agent_20260709/VPD-OE_Agent/data/raw/ZY/ZY17.xls,现金流量表,80.0,
ae31b6dcc06a624e,historical_cash_flow,historical_600_unknown_rule,unknown,ZY17,,78,4,1,Pay_Long_Loan,long_loan_repayment,finance,committed_settlement,False,{},partial,-40.0,326.0,支付长贷本息,observed_history_unknown_rule,src_6d538319baf4,origin data/VPD-OE_Agent_20260709/VPD-OE_Agent/data/raw/ZY/ZY17.xls,现金流量表,81.0,
9ab876cb11d1b329,historical_cash_flow,historical_600_unknown_rule,unknown,ZY17,,79,4,1,Pay_AD,advertising,sales,direct_decision,True,{},partial,-48.0,278.0,广告投放,observed_history_unknown_rule,src_6d538319baf4,origin data/VPD-OE_Agent_20260709/VPD-OE_Agent/data/raw/ZY/ZY17.xls,现金流量表,82.0,
a49beff72680f72a,historical_cash_flow,historical_600_unknown_rule,unknown,ZY17,,80,4,1,Long_Loan,long_loan_borrow,finance,conditional_decision,True,"{""principal_wan"": 100, ""term"": 1, ""term_unit"": ""year""}",complete,100.0,378.0,申请:1年 100W的长期贷款,observed_history_unknown_rule,src_6d538319baf4,origin data/VPD-OE_Agent_20260709/VPD-OE_Agent/data/raw/ZY/ZY17.xls,现金流量表,83.0,
d821ebf997bcd7db,historical_cash_flow,historical_600_unknown_rule,unknown,ZY17,,81,4,1,Pay_Short_Loan,short_loan_repayment,finance,committed_settlement,False,{},partial,-324.0,54.0,短贷还本息,observed_history_unknown_rule,src_6d538319baf4,origin data/VPD-OE_Agent_20260709/VPD-OE_Agent/data/raw/ZY/ZY17.xls,现金流量表,84.0,
9bcf865000b5b0ec,historical_cash_flow,historical_600_unknown_rule,unknown,ZY17,,82,4,1,Short_Loan,short_loan_borrow,finance,conditional_decision,True,"{""principal_wan"": 369, ""term"": 4, ""term_unit"": ""quarter""}",complete,369.0,423.0,申请:4季 369W的短期贷款,observed_history_unknown_rule,src_6d538319baf4,origin data/VPD-OE_Agent_20260709/VPD-OE_Agent/data/raw/ZY/ZY17.xls,现金流量表,85.0,
dafc7b64393e50e2,historical_cash_flow,historical_600_unknown_rule,unknown,ZY17,,83,4,1,Pay_Material,material_receipt_payment,procurement,committed_settlement,False,"{""materials"": {""R3"": 2, ""R4"": 2}}",complete,-40.0,383.0,支付原料费 R3:2 R4:2,observed_history_unknown_rule,src_6d538319baf4,origin data/VPD-OE_Agent_20260709/VPD-OE_Agent/data/raw/ZY/ZY17.xls,现金流量表,86.0,
eca4c77cc641a582,historical_cash_flow,historical_600_unknown_rule,unknown,ZY17,,84,4,1,Buy_Material,material_order,procurement,direct_decision,True,"{""materials"": {""R2"": 8, ""R3"": 5, ""R4"": 5}}",complete,0.0,383.0,订购原料 R2:8 R3:5 R4:5,observed_history_unknown_rule,src_6d538319baf4,origin data/VPD-OE_Agent_20260709/VPD-OE_Agent/data/raw/ZY/ZY17.xls,现金流量表,87.0,
6e922e9bbb97b4bd,historical_cash_flow,historical_600_unknown_rule,unknown,ZY17,,85,4,1,Product_Produce,production,production,direct_decision,True,"{""line_assignments"": [{""line_instance_id"": 137, ""product_id"": ""P4""}, {""line_instance_id"": 138, ""product_id"": ""P4""}, {""line_instance_id"": 139, ""product_id"": ""P4""}, {""line_instance_id"": 140, ""product_id"": ""P4""}]}",complete,-40.0,343.0,137:P4 138:P4 139:P4 140:P4,observed_history_unknown_rule,src_6d538319baf4,origin data/VPD-OE_Agent_20260709/VPD-OE_Agent/data/raw/ZY/ZY17.xls,现金流量表,88.0,
ded800b9cce3559b,historical_cash_flow,historical_600_unknown_rule,unknown,ZY17,,86,4,1,Develop_Product,product_development,qualification,direct_decision,True,"{""products"": [""P1"", ""P2""]}",complete,-20.0,323.0,产品生产资格投资: P1 P2,observed_history_unknown_rule,src_6d538319baf4,origin data/VPD-OE_Agent_20260709/VPD-OE_Agent/data/raw/ZY/ZY17.xls,现金流量表,89.0,
bd26e78eff708724,historical_cash_flow,historical_600_unknown_rule,unknown,ZY17,,87,4,1,Renew_Workshop,factory_rent_renewal,capacity,conditional_decision,True,{},not_applicable,-70.0,253.0,厂房续租,observed_history_unknown_rule,src_6d538319baf4,origin data/VPD-OE_Agent_20260709/VPD-OE_Agent/data/raw/ZY/ZY17.xls,现金流量表,90.0,
9ace0606b663d507,historical_cash_flow,historical_600_unknown_rule,unknown,ZY17,,88,4,1,Pay_Overhaul,administrative_fee,period_close,automatic_settlement,False,{},not_applicable,-10.0,243.0,支付行政管理费,observed_history_unknown_rule,src_6d538319baf4,origin data/VPD-OE_Agent_20260709/VPD-OE_Agent/data/raw/ZY/ZY17.xls,现金流量表,91.0,
f53872cbf5517346,historical_cash_flow,historical_600_unknown_rule,unknown,ZY17,,89,4,2,Pay_Short_Loan,short_loan_repayment,finance,committed_settlement,False,{},partial,-219.0,24.0,短贷还本息,observed_history_unknown_rule,src_6d538319baf4,origin data/VPD-OE_Agent_20260709/VPD-OE_Agent/data/raw/ZY/ZY17.xls,现金流量表,92.0,
90c47d7ac4733a0a,historical_cash_flow,historical_600_unknown_rule,unknown,ZY17,,90,4,2,Short_Loan,short_loan_borrow,finance,conditional_decision,True,"{""principal_wan"": 209, ""term"": 4, ""term_unit"": ""quarter""}",complete,209.0,233.0,申请:4季 209W的短期贷款,observed_history_unknown_rule,src_6d538319baf4,origin data/VPD-OE_Agent_20260709/VPD-OE_Agent/data/raw/ZY/ZY17.xls,现金流量表,93.0,
6610daf7b11d6d08,historical_cash_flow,historical_600_unknown_rule,unknown,ZY17,,91,4,2,Pay_Material,material_receipt_payment,procurement,committed_settlement,False,"{""materials"": {""R2"": 8}}",complete,-80.0,153.0,支付原料费 R2:8,observed_history_unknown_rule,src_6d538319baf4,origin data/VPD-OE_Agent_20260709/VPD-OE_Agent/data/raw/ZY/ZY17.xls,现金流量表,94.0,
df30f94e0e80b2f1,historical_cash_flow,historical_600_unknown_rule,unknown,ZY17,,92,4,2,Product_Produce,production,production,direct_decision,True,"{""line_assignments"": [{""line_instance_id"": 137, ""product_id"": ""P4""}, {""line_instance_id"": 138, ""product_id"": ""P4""}, {""line_instance_id"": 139, ""product_id"": ""P4""}, {""line_instance_id"": 140, ""product_id"": ""P4""}]}",complete,-40.0,113.0,137:P4 138:P4 139:P4 140:P4,observed_history_unknown_rule,src_6d538319baf4,origin data/VPD-OE_Agent_20260709/VPD-OE_Agent/data/raw/ZY/ZY17.xls,现金流量表,95.0,
39e510e5128a0dac,historical_cash_flow,historical_600_unknown_rule,unknown,ZY17,,93,4,2,Buy_Material,material_order,procurement,direct_decision,True,"{""materials"": {""R2"": 10, ""R3"": 5, ""R4"": 5}}",complete,0.0,113.0,订购原料 R2:10 R3:5 R4:5,observed_history_unknown_rule,src_6d538319baf4,origin data/VPD-OE_Agent_20260709/VPD-OE_Agent/data/raw/ZY/ZY17.xls,现金流量表,96.0,
d289d35638c6b21c,historical_cash_flow,historical_600_unknown_rule,unknown,ZY17,,94,4,2,Buy_ProductLine,production_line_order,capacity,direct_decision,True,"{""line_type"": ""自动线"", ""product_id"": ""P1""}",complete,-50.0,63.0,订购[自动线]生产[P1],observed_history_unknown_rule,src_6d538319baf4,origin data/VPD-OE_Agent_20260709/VPD-OE_Agent/data/raw/ZY/ZY17.xls,现金流量表,97.0,
9f2e9885deed5a9b,historical_cash_flow,historical_600_unknown_rule,unknown,ZY17,,95,4,2,Buy_ProductLine,production_line_order,capacity,direct_decision,True,"{""line_type"": ""自动线"", ""product_id"": ""P1""}",complete,-50.0,13.0,订购[自动线]生产[P1],observed_history_unknown_rule,src_6d538319baf4,origin data/VPD-OE_Agent_20260709/VPD-OE_Agent/data/raw/ZY/ZY17.xls,现金流量表,98.0,
9f6fc1cf8e3aeedf,historical_cash_flow,historical_600_unknown_rule,unknown,ZY17,,96,4,2,Update_Receivable,receivable_maturity,receivable,automatic_settlement,False,{},not_applicable,373.0,386.0,更新应收款,observed_history_unknown_rule,src_6d538319baf4,origin data/VPD-OE_Agent_20260709/VPD-OE_Agent/data/raw/ZY/ZY17.xls,现金流量表,99.0,
b8815f59391d186d,historical_cash_flow,historical_600_unknown_rule,unknown,ZY17,,97,4,2,Develop_Product,product_development,qualification,direct_decision,True,"{""products"": [""P1"", ""P2""]}",complete,-20.0,366.0,产品生产资格投资: P1 P2,observed_history_unknown_rule,src_6d538319baf4,origin data/VPD-OE_Agent_20260709/VPD-OE_Agent/data/raw/ZY/ZY17.xls,现金流量表,100.0,
0e2d7c3148535f48,historical_cash_flow,historical_600_unknown_rule,unknown,ZY17,,98,4,2,Pay_Overhaul,administrative_fee,period_close,automatic_settlement,False,{},not_applicable,-10.0,356.0,支付行政管理费,observed_history_unknown_rule,src_6d538319baf4,origin data/VPD-OE_Agent_20260709/VPD-OE_Agent/data/raw/ZY/ZY17.xls,现金流量表,101.0,
3a561d2722c16625,historical_cash_flow,historical_600_unknown_rule,unknown,ZY17,,99,4,3,Pay_Material,material_receipt_payment,procurement,committed_settlement,False,"{""materials"": {""R2"": 10, ""R3"": 5, ""R4"": 5}}",complete,-200.0,156.0,支付原料费 R3:5 R4:5 R2:10,observed_history_unknown_rule,src_6d538319baf4,origin data/VPD-OE_Agent_20260709/VPD-OE_Agent/data/raw/ZY/ZY17.xls,现金流量表,102.0,
adb89d793e34e0cf,historical_cash_flow,historical_600_unknown_rule,unknown,ZY17,,100,4,3,Buy_Material,material_order,procurement,direct_decision,True,"{""materials"": {""R2"": 10}}",complete,0.0,156.0,订购原料 R2:10,observed_history_unknown_rule,src_6d538319baf4,origin data/VPD-OE_Agent_20260709/VPD-OE_Agent/data/raw/ZY/ZY17.xls,现金流量表,103.0,
23936a7946e505ee,historical_cash_flow,historical_600_unknown_rule,unknown,ZY17,,101,4,3,Product_Produce,production,production,direct_decision,True,"{""line_assignments"": [{""line_instance_id"": 137, ""product_id"": ""P4""}, {""line_instance_id"": 138, ""product_id"": ""P4""}, {""line_instance_id"": 139, ""product_id"": ""P4""}, {""line_instance_id"": 140, ""product_id"": ""P4""}, {""line_instance_id"": 228, ""product_id"": ""P4""}]}",complete,-50.0,106.0,137:P4 138:P4 139:P4 140:P4 228:P4,observed_history_unknown_rule,src_6d538319baf4,origin data/VPD-OE_Agent_20260709/VPD-OE_Agent/data/raw/ZY/ZY17.xls,现金流量表,104.0,
cba9d851203f4efd,historical_cash_flow,historical_600_unknown_rule,unknown,ZY17,,102,4,3,Invest_ProductLine,production_line_investment,capacity,committed_settlement,False,{},partial,-100.0,6.0,投资在建生产线,observed_history_unknown_rule,src_6d538319baf4,origin data/VPD-OE_Agent_20260709/VPD-OE_Agent/data/raw/ZY/ZY17.xls,现金流量表,105.0,
3a607fd0f76eb39e,historical_cash_flow,historical_600_unknown_rule,unknown,ZY17,,103,4,3,Update_Receivable,receivable_maturity,receivable,automatic_settlement,False,{},not_applicable,310.0,316.0,更新应收款,observed_history_unknown_rule,src_6d538319baf4,origin data/VPD-OE_Agent_20260709/VPD-OE_Agent/data/raw/ZY/ZY17.xls,现金流量表,106.0,
5cfdcbb81d8c90e6,historical_cash_flow,historical_600_unknown_rule,unknown,ZY17,,104,4,3,Develop_Product,product_development,qualification,direct_decision,True,"{""products"": [""P2""]}",complete,-10.0,306.0,产品生产资格投资: P2,observed_history_unknown_rule,src_6d538319baf4,origin data/VPD-OE_Agent_20260709/VPD-OE_Agent/data/raw/ZY/ZY17.xls,现金流量表,107.0,
ed55f3790debc807,historical_cash_flow,historical_600_unknown_rule,unknown,ZY17,,105,4,3,Pay_Overhaul,administrative_fee,period_close,automatic_settlement,False,{},not_applicable,-10.0,296.0,支付行政管理费,observed_history_unknown_rule,src_6d538319baf4,origin data/VPD-OE_Agent_20260709/VPD-OE_Agent/data/raw/ZY/ZY17.xls,现金流量表,108.0,
de9ad4e9c34a6183,historical_cash_flow,historical_600_unknown_rule,unknown,ZY17,,106,4,4,Short_Loan,short_loan_borrow,finance,conditional_decision,True,"{""principal_wan"": 409, ""term"": 4, ""term_unit"": ""quarter""}",complete,409.0,705.0,申请:4季 409W的短期贷款,observed_history_unknown_rule,src_6d538319baf4,origin data/VPD-OE_Agent_20260709/VPD-OE_Agent/data/raw/ZY/ZY17.xls,现金流量表,109.0,
8412ca8354e45626,historical_cash_flow,historical_600_unknown_rule,unknown,ZY17,,107,4,4,Pay_Material,material_receipt_payment,procurement,committed_settlement,False,"{""materials"": {""R2"": 10, ""R3"": 5, ""R4"": 5}}",complete,-200.0,505.0,支付原料费 R3:5 R4:5 R2:10,observed_history_unknown_rule,src_6d538319baf4,origin data/VPD-OE_Agent_20260709/VPD-OE_Agent/data/raw/ZY/ZY17.xls,现金流量表,110.0,
d0d72b31494b14a4,historical_cash_flow,historical_600_unknown_rule,unknown,ZY17,,108,4,4,Product_Produce,production,production,direct_decision,True,"{""line_assignments"": [{""line_instance_id"": 137, ""product_id"": ""P4""}, {""line_instance_id"": 138, ""product_id"": ""P4""}, {""line_instance_id"": 139, ""product_id"": ""P4""}, {""line_instance_id"": 140, ""product_id"": ""P4""}, {""line_instance_id"": 228, ""product_id"": ""P4""}]}",complete,-50.0,455.0,137:P4 138:P4 139:P4 140:P4 228:P4,observed_history_unknown_rule,src_6d538319baf4,origin data/VPD-OE_Agent_20260709/VPD-OE_Agent/data/raw/ZY/ZY17.xls,现金流量表,111.0,
91f79169c748c10b,historical_cash_flow,historical_600_unknown_rule,unknown,ZY17,,109,4,4,Invest_ProductLine,production_line_investment,capacity,committed_settlement,False,{},partial,-100.0,355.0,投资在建生产线,observed_history_unknown_rule,src_6d538319baf4,origin data/VPD-OE_Agent_20260709/VPD-OE_Agent/data/raw/ZY/ZY17.xls,现金流量表,112.0,
82e83dbfec56d94f,historical_cash_flow,historical_600_unknown_rule,unknown,ZY17,,110,4,4,Buy_Material,material_order,procurement,direct_decision,True,"{""materials"": {""R1"": 2, ""R3"": 3, ""R4"": 3}}",complete,0.0,355.0,订购原料 R1:2 R3:3 R4:3,observed_history_unknown_rule,src_6d538319baf4,origin data/VPD-OE_Agent_20260709/VPD-OE_Agent/data/raw/ZY/ZY17.xls,现金流量表,113.0,
950233a27e3e940b,historical_cash_flow,historical_600_unknown_rule,unknown,ZY17,,111,4,4,Update_Receivable,receivable_maturity,receivable,automatic_settlement,False,{},not_applicable,393.0,748.0,更新应收款,observed_history_unknown_rule,src_6d538319baf4,origin data/VPD-OE_Agent_20260709/VPD-OE_Agent/data/raw/ZY/ZY17.xls,现金流量表,114.0,
aaa8fa544773aea3,historical_cash_flow,historical_600_unknown_rule,unknown,ZY17,,112,4,4,Develop_Market,market_development,qualification,direct_decision,True,"{""markets"": [""国际""]}",complete,-10.0,738.0,"市场开拓资格投资,开发项目:国际",observed_history_unknown_rule,src_6d538319baf4,origin data/VPD-OE_Agent_20260709/VPD-OE_Agent/data/raw/ZY/ZY17.xls,现金流量表,115.0,
38bcce3210cd820c,historical_cash_flow,historical_600_unknown_rule,unknown,ZY17,,113,4,4,Pay_Overhaul,administrative_fee,period_close,automatic_settlement,False,{},not_applicable,-10.0,728.0,支付行政管理费,observed_history_unknown_rule,src_6d538319baf4,origin data/VPD-OE_Agent_20260709/VPD-OE_Agent/data/raw/ZY/ZY17.xls,现金流量表,116.0,
7cd3f9d75c2be003,historical_cash_flow,historical_600_unknown_rule,unknown,ZY17,,114,4,4,Pay_Maintenance,maintenance,period_close,automatic_settlement,False,{},not_applicable,-50.0,678.0,支付维护费,observed_history_unknown_rule,src_6d538319baf4,origin data/VPD-OE_Agent_20260709/VPD-OE_Agent/data/raw/ZY/ZY17.xls,现金流量表,117.0,
fc6b39922b996d25,historical_cash_flow,historical_600_unknown_rule,unknown,ZY17,,115,5,1,Pay_Tax,tax_payment,period_close,automatic_settlement,False,{},not_applicable,-53.0,625.0,支付上一年税金,observed_history_unknown_rule,src_6d538319baf4,origin data/VPD-OE_Agent_20260709/VPD-OE_Agent/data/raw/ZY/ZY17.xls,现金流量表,118.0,
a5b7ec75f391007c,historical_cash_flow,historical_600_unknown_rule,unknown,ZY17,,116,5,1,Pay_Long_Loan,long_loan_repayment,finance,committed_settlement,False,{},partial,-150.0,475.0,支付长贷本息,observed_history_unknown_rule,src_6d538319baf4,origin data/VPD-OE_Agent_20260709/VPD-OE_Agent/data/raw/ZY/ZY17.xls,现金流量表,119.0,
4789f80ef2aacfce,historical_cash_flow,historical_600_unknown_rule,unknown,ZY17,,117,5,1,Pay_AD,advertising,sales,direct_decision,True,{},partial,-110.0,365.0,广告投放,observed_history_unknown_rule,src_6d538319baf4,origin data/VPD-OE_Agent_20260709/VPD-OE_Agent/data/raw/ZY/ZY17.xls,现金流量表,120.0,
48c7c436e4d88e45,historical_cash_flow,historical_600_unknown_rule,unknown,ZY17,,118,5,1,Auction_Win,order_award,sales,external_outcome,False,"{""order_id"": ""J55-0025""}",complete,-10.0,355.0,竞单成功，获得订单:J55-0025,observed_history_unknown_rule,src_6d538319baf4,origin data/VPD-OE_Agent_20260709/VPD-OE_Agent/data/raw/ZY/ZY17.xls,现金流量表,121.0,
88e00a0dab075627,historical_cash_flow,historical_600_unknown_rule,unknown,ZY17,,119,5,1,Auction_Win,order_award,sales,external_outcome,False,"{""order_id"": ""J51-0035""}",complete,-10.0,345.0,竞单成功，获得订单:J51-0035,observed_history_unknown_rule,src_6d538319baf4,origin data/VPD-OE_Agent_20260709/VPD-OE_Agent/data/raw/ZY/ZY17.xls,现金流量表,122.0,
a750ff1a8ebcfd57,historical_cash_flow,historical_600_unknown_rule,unknown,ZY17,,120,5,1,Long_Loan,long_loan_borrow,finance,conditional_decision,True,"{""principal_wan"": 600, ""term"": 5, ""term_unit"": ""year""}",complete,600.0,945.0,申请:5年 600W的长期贷款,observed_history_unknown_rule,src_6d538319baf4,origin data/VPD-OE_Agent_20260709/VPD-OE_Agent/data/raw/ZY/ZY17.xls,现金流量表,123.0,
f89d2bc8b7c09065,historical_cash_flow,historical_600_unknown_rule,unknown,ZY17,,121,5,1,Pay_Short_Loan,short_loan_repayment,finance,committed_settlement,False,{},partial,-387.0,558.0,短贷还本息,observed_history_unknown_rule,src_6d538319baf4,origin data/VPD-OE_Agent_20260709/VPD-OE_Agent/data/raw/ZY/ZY17.xls,现金流量表,124.0,
eaad1887cd3353cb,historical_cash_flow,historical_600_unknown_rule,unknown,ZY17,,122,5,1,Short_Loan,short_loan_borrow,finance,conditional_decision,True,"{""principal_wan"": 730, ""term"": 4, ""term_unit"": ""quarter""}",complete,730.0,1288.0,申请:4季 730W的短期贷款,observed_history_unknown_rule,src_6d538319baf4,origin data/VPD-OE_Agent_20260709/VPD-OE_Agent/data/raw/ZY/ZY17.xls,现金流量表,125.0,
b4c242b209e295f6,historical_cash_flow,historical_600_unknown_rule,unknown,ZY17,,123,5,1,Pay_Material,material_receipt_payment,procurement,committed_settlement,False,"{""materials"": {""R1"": 2}}",complete,-20.0,1268.0,支付原料费 R1:2,observed_history_unknown_rule,src_6d538319baf4,origin data/VPD-OE_Agent_20260709/VPD-OE_Agent/data/raw/ZY/ZY17.xls,现金流量表,126.0,
002adaa85ddec412,historical_cash_flow,historical_600_unknown_rule,unknown,ZY17,,124,5,1,Product_Produce,production,production,direct_decision,True,"{""line_assignments"": [{""line_instance_id"": 231, ""product_id"": ""P1""}, {""line_instance_id"": 232, ""product_id"": ""P1""}]}",complete,-20.0,1248.0,231:P1 232:P1,observed_history_unknown_rule,src_6d538319baf4,origin data/VPD-OE_Agent_20260709/VPD-OE_Agent/data/raw/ZY/ZY17.xls,现金流量表,127.0,
a3f14abb28a5f9cd,historical_cash_flow,historical_600_unknown_rule,unknown,ZY17,,125,5,1,Transfer,production_line_conversion,capacity,direct_decision,True,"{""target_product_id"": ""P2""}",partial,-40.0,1208.0,"生产线转产,转产成P2",observed_history_unknown_rule,src_6d538319baf4,origin data/VPD-OE_Agent_20260709/VPD-OE_Agent/data/raw/ZY/ZY17.xls,现金流量表,128.0,
3530087e7c1b039d,historical_cash_flow,historical_600_unknown_rule,unknown,ZY17,,126,5,1,Buy_Material,material_order,procurement,direct_decision,True,"{""materials"": {""R1"": 3, ""R2"": 4, ""R3"": 2}}",complete,0.0,1208.0,订购原料 R1:3 R2:4 R3:2,observed_history_unknown_rule,src_6d538319baf4,origin data/VPD-OE_Agent_20260709/VPD-OE_Agent/data/raw/ZY/ZY17.xls,现金流量表,129.0,
250ef764611b6eea,historical_cash_flow,historical_600_unknown_rule,unknown,ZY17,,127,5,1,Buy_Workshop,factory_purchase,capacity,direct_decision,True,"{""factory_type"": ""大厂房""}",complete,-300.0,908.0,购买[大厂房],observed_history_unknown_rule,src_6d538319baf4,origin data/VPD-OE_Agent_20260709/VPD-OE_Agent/data/raw/ZY/ZY17.xls,现金流量表,130.0,
5ff16c7b1707f79f,historical_cash_flow,historical_600_unknown_rule,unknown,ZY17,,128,5,1,Buy_ProductLine,production_line_order,capacity,direct_decision,True,"{""line_type"": ""自动线"", ""product_id"": ""P4""}",complete,-50.0,858.0,订购[自动线]生产[P4],observed_history_unknown_rule,src_6d538319baf4,origin data/VPD-OE_Agent_20260709/VPD-OE_Agent/data/raw/ZY/ZY17.xls,现金流量表,131.0,
c0cee20f15d91f45,historical_cash_flow,historical_600_unknown_rule,unknown,ZY17,,129,5,1,Buy_ProductLine,production_line_order,capacity,direct_decision,True,"{""line_type"": ""自动线"", ""product_id"": ""P4""}",complete,-50.0,808.0,订购[自动线]生产[P4],observed_history_unknown_rule,src_6d538319baf4,origin data/VPD-OE_Agent_20260709/VPD-OE_Agent/data/raw/ZY/ZY17.xls,现金流量表,132.0,
50868d9ad7d120bf,historical_cash_flow,historical_600_unknown_rule,unknown,ZY17,,130,5,1,Buy_ProductLine,production_line_order,capacity,direct_decision,True,"{""line_type"": ""自动线"", ""product_id"": ""P1""}",complete,-50.0,758.0,订购[自动线]生产[P1],observed_history_unknown_rule,src_6d538319baf4,origin data/VPD-OE_Agent_20260709/VPD-OE_Agent/data/raw/ZY/ZY17.xls,现金流量表,133.0,
785ceb73f5f0e012,historical_cash_flow,historical_600_unknown_rule,unknown,ZY17,,131,5,1,Buy_ProductLine,production_line_order,capacity,direct_decision,True,"{""line_type"": ""自动线"", ""product_id"": ""P1""}",complete,-50.0,708.0,订购[自动线]生产[P1],observed_history_unknown_rule,src_6d538319baf4,origin data/VPD-OE_Agent_20260709/VPD-OE_Agent/data/raw/ZY/ZY17.xls,现金流量表,134.0,
a488d067f007c181,historical_cash_flow,historical_600_unknown_rule,unknown,ZY17,,132,5,1,Update_Receivable,receivable_maturity,receivable,automatic_settlement,False,{},not_applicable,290.0,998.0,更新应收款,observed_history_unknown_rule,src_6d538319baf4,origin data/VPD-OE_Agent_20260709/VPD-OE_Agent/data/raw/ZY/ZY17.xls,现金流量表,135.0,
5e726feb9c872369,historical_cash_flow,historical_600_unknown_rule,unknown,ZY17,,133,5,1,Renew_Workshop,factory_rent_renewal,capacity,conditional_decision,True,{},not_applicable,-70.0,928.0,厂房续租,observed_history_unknown_rule,src_6d538319baf4,origin data/VPD-OE_Agent_20260709/VPD-OE_Agent/data/raw/ZY/ZY17.xls,现金流量表,136.0,
7073ea95d42617f4,historical_cash_flow,historical_600_unknown_rule,unknown,ZY17,,134,5,1,Pay_Overhaul,administrative_fee,period_close,automatic_settlement,False,{},not_applicable,-10.0,918.0,支付行政管理费,observed_history_unknown_rule,src_6d538319baf4,origin data/VPD-OE_Agent_20260709/VPD-OE_Agent/data/raw/ZY/ZY17.xls,现金流量表,137.0,
654e0bfde4db9abf,historical_cash_flow,historical_600_unknown_rule,unknown,ZY17,,135,5,2,Pay_Short_Loan,short_loan_repayment,finance,committed_settlement,False,{},partial,-219.0,699.0,短贷还本息,observed_history_unknown_rule,src_6d538319baf4,origin data/VPD-OE_Agent_20260709/VPD-OE_Agent/data/raw/ZY/ZY17.xls,现金流量表,138.0,
46f520e6e21af8e4,historical_cash_flow,historical_600_unknown_rule,unknown,ZY17,,136,5,2,Short_Loan,short_loan_borrow,finance,conditional_decision,True,"{""principal_wan"": 209, ""term"": 4, ""term_unit"": ""quarter""}",complete,209.0,908.0,申请:4季 209W的短期贷款,observed_history_unknown_rule,src_6d538319baf4,origin data/VPD-OE_Agent_20260709/VPD-OE_Agent/data/raw/ZY/ZY17.xls,现金流量表,139.0,
449909af1dd18b4e,historical_cash_flow,historical_600_unknown_rule,unknown,ZY17,,137,5,2,Pay_Material,material_receipt_payment,procurement,committed_settlement,False,"{""materials"": {""R1"": 3, ""R2"": 4, ""R3"": 3, ""R4"": 3}}",complete,-130.0,778.0,支付原料费 R3:3 R4:3 R1:3 R2:4,observed_history_unknown_rule,src_6d538319baf4,origin data/VPD-OE_Agent_20260709/VPD-OE_Agent/data/raw/ZY/ZY17.xls,现金流量表,140.0,
c232525f538e2231,historical_cash_flow,historical_600_unknown_rule,unknown,ZY17,,138,5,2,Product_Produce,production,production,direct_decision,True,"{""line_assignments"": [{""line_instance_id"": 137, ""product_id"": ""P2""}, {""line_instance_id"": 138, ""product_id"": ""P2""}, {""line_instance_id"": 139, ""product_id"": ""P4""}, {""line_instance_id"": 231, ""product_id"": ""P1""}, {""line_instance_id"": 232, ""product_id"": ""P1""}]}",complete,-50.0,728.0,137:P2 138:P2 139:P4 231:P1 232:P1,observed_history_unknown_rule,src_6d538319baf4,origin data/VPD-OE_Agent_20260709/VPD-OE_Agent/data/raw/ZY/ZY17.xls,现金流量表,141.0,
b3ab0774c59669f0,historical_cash_flow,historical_600_unknown_rule,unknown,ZY17,,139,5,2,Buy_Material,material_order,procurement,direct_decision,True,"{""materials"": {""R2"": 2}}",complete,0.0,728.0,订购原料 R2:2,observed_history_unknown_rule,src_6d538319baf4,origin data/VPD-OE_Agent_20260709/VPD-OE_Agent/data/raw/ZY/ZY17.xls,现金流量表,142.0,
94e71fca676806ef,historical_cash_flow,historical_600_unknown_rule,unknown,ZY17,,140,5,2,Invest_ProductLine,production_line_investment,capacity,committed_settlement,False,{},partial,-200.0,528.0,投资在建生产线,observed_history_unknown_rule,src_6d538319baf4,origin data/VPD-OE_Agent_20260709/VPD-OE_Agent/data/raw/ZY/ZY17.xls,现金流量表,143.0,
b8505ba981d2d803,historical_cash_flow,historical_600_unknown_rule,unknown,ZY17,,141,5,2,Update_Receivable,receivable_maturity,receivable,automatic_settlement,False,{},not_applicable,462.0,990.0,更新应收款,observed_history_unknown_rule,src_6d538319baf4,origin data/VPD-OE_Agent_20260709/VPD-OE_Agent/data/raw/ZY/ZY17.xls,现金流量表,144.0,
b4b4da9f81ee014b,historical_cash_flow,historical_600_unknown_rule,unknown,ZY17,,142,5,2,Pay_Overhaul,administrative_fee,period_close,automatic_settlement,False,{},not_applicable,-10.0,980.0,支付行政管理费,observed_history_unknown_rule,src_6d538319baf4,origin data/VPD-OE_Agent_20260709/VPD-OE_Agent/data/raw/ZY/ZY17.xls,现金流量表,145.0,
444e66ce5ffeaa04,historical_cash_flow,historical_600_unknown_rule,unknown,ZY17,,143,5,3,Pay_Material,material_receipt_payment,procurement,committed_settlement,False,"{""materials"": {""R2"": 2, ""R3"": 2}}",complete,-40.0,940.0,支付原料费 R3:2 R2:2,observed_history_unknown_rule,src_6d538319baf4,origin data/VPD-OE_Agent_20260709/VPD-OE_Agent/data/raw/ZY/ZY17.xls,现金流量表,146.0,
c85361dbcd61b567,historical_cash_flow,historical_600_unknown_rule,unknown,ZY17,,144,5,3,Product_Produce,production,production,direct_decision,True,"{""line_assignments"": [{""line_instance_id"": 137, ""product_id"": ""P2""}, {""line_instance_id"": 138, ""product_id"": ""P2""}, {""line_instance_id"": 231, ""product_id"": ""P1""}]}",complete,-30.0,910.0,137:P2 138:P2 231:P1,observed_history_unknown_rule,src_6d538319baf4,origin data/VPD-OE_Agent_20260709/VPD-OE_Agent/data/raw/ZY/ZY17.xls,现金流量表,147.0,
8e6a52a04af66ef2,historical_cash_flow,historical_600_unknown_rule,unknown,ZY17,,145,5,3,Invest_ProductLine,production_line_investment,capacity,committed_settlement,False,{},partial,-200.0,710.0,投资在建生产线,observed_history_unknown_rule,src_6d538319baf4,origin data/VPD-OE_Agent_20260709/VPD-OE_Agent/data/raw/ZY/ZY17.xls,现金流量表,148.0,
7ad081915ac411b7,historical_cash_flow,historical_600_unknown_rule,unknown,ZY17,,146,5,3,Pay_Overhaul,administrative_fee,period_close,automatic_settlement,False,{},not_applicable,-10.0,700.0,支付行政管理费,observed_history_unknown_rule,src_6d538319baf4,origin data/VPD-OE_Agent_20260709/VPD-OE_Agent/data/raw/ZY/ZY17.xls,现金流量表,149.0,
2197bc5e8c92b00e,historical_cash_flow,historical_600_unknown_rule,unknown,ZY17,,147,5,4,Pay_Short_Loan,short_loan_repayment,finance,committed_settlement,False,{},partial,-429.0,271.0,短贷还本息,observed_history_unknown_rule,src_6d538319baf4,origin data/VPD-OE_Agent_20260709/VPD-OE_Agent/data/raw/ZY/ZY17.xls,现金流量表,150.0,
3c9ecb8a7a405f01,historical_cash_flow,historical_600_unknown_rule,unknown,ZY17,,148,5,4,Short_Loan,short_loan_borrow,finance,conditional_decision,True,"{""principal_wan"": 409, ""term"": 4, ""term_unit"": ""quarter""}",complete,409.0,680.0,申请:4季 409W的短期贷款,observed_history_unknown_rule,src_6d538319baf4,origin data/VPD-OE_Agent_20260709/VPD-OE_Agent/data/raw/ZY/ZY17.xls,现金流量表,151.0,
3e3049c6156cfb25,historical_cash_flow,historical_600_unknown_rule,unknown,ZY17,,149,5,4,Pay_Overhaul,administrative_fee,period_close,automatic_settlement,False,{},not_applicable,-10.0,670.0,支付行政管理费,observed_history_unknown_rule,src_6d538319baf4,origin data/VPD-OE_Agent_20260709/VPD-OE_Agent/data/raw/ZY/ZY17.xls,现金流量表,152.0,
36b91e40ac51103c,historical_cash_flow,historical_600_unknown_rule,unknown,ZY17,,150,5,4,Pay_Maintenance,maintenance,period_close,automatic_settlement,False,{},not_applicable,-110.0,560.0,支付维护费,observed_history_unknown_rule,src_6d538319baf4,origin data/VPD-OE_Agent_20260709/VPD-OE_Agent/data/raw/ZY/ZY17.xls,现金流量表,153.0,
53922f82e58cdbec,curated_test_scenario,zhejiang_8th_710,zhejiang_8th_rules_v1,,9line_p1_p4_2937,1,1,1,申请短贷,short_loan_borrow,finance,conditional_decision,True,{},partial,29.0,739.0,,curated_test_scenario_probable_binding,src_0699b8958e7b,origin data/测试数据/五年现金流.md,,,10.0
8db8e498e477a83f,curated_test_scenario,zhejiang_8th_710,zhejiang_8th_rules_v1,,9line_p1_p4_2937,2,1,1,产品研发,product_development,qualification,direct_decision,True,{},partial,-40.0,699.0,,curated_test_scenario_probable_binding,src_0699b8958e7b,origin data/测试数据/五年现金流.md,,,11.0
f6fa0c0ce7e906f1,curated_test_scenario,zhejiang_8th_710,zhejiang_8th_rules_v1,,9line_p1_p4_2937,3,1,1,管理费,administrative_fee,period_close,automatic_settlement,False,{},not_applicable,-10.0,689.0,,curated_test_scenario_probable_binding,src_0699b8958e7b,origin data/测试数据/五年现金流.md,,,12.0
d8daead5a73c9049,curated_test_scenario,zhejiang_8th_710,zhejiang_8th_rules_v1,,9line_p1_p4_2937,4,1,2,申请短贷,short_loan_borrow,finance,conditional_decision,True,{},partial,49.0,738.0,,curated_test_scenario_probable_binding,src_0699b8958e7b,origin data/测试数据/五年现金流.md,,,13.0
56483c81a28a7d80,curated_test_scenario,zhejiang_8th_710,zhejiang_8th_rules_v1,,9line_p1_p4_2937,5,1,2,更新原料,material_receipt_payment,procurement,committed_settlement,False,{},partial,-63.0,675.0,,curated_test_scenario_probable_binding,src_0699b8958e7b,origin data/测试数据/五年现金流.md,,,14.0
43744a7a25c3c95e,curated_test_scenario,zhejiang_8th_710,zhejiang_8th_rules_v1,,9line_p1_p4_2937,6,1,2,厂房租赁,factory_rent,capacity,direct_decision,True,{},partial,-75.0,600.0,,curated_test_scenario_probable_binding,src_0699b8958e7b,origin data/测试数据/五年现金流.md,,,15.0
97fa8a232c8289ae,curated_test_scenario,zhejiang_8th_710,zhejiang_8th_rules_v1,,9line_p1_p4_2937,7,1,2,生产线购买,production_line_order,capacity,direct_decision,True,{},partial,-432.0,168.0,,curated_test_scenario_probable_binding,src_0699b8958e7b,origin data/测试数据/五年现金流.md,,,16.0
bd6c1c48968cb31b,curated_test_scenario,zhejiang_8th_710,zhejiang_8th_rules_v1,,9line_p1_p4_2937,8,1,2,加工费,production,production,direct_decision,True,{},partial,-18.0,150.0,,curated_test_scenario_probable_binding,src_0699b8958e7b,origin data/测试数据/五年现金流.md,,,17.0
19db60b1769a6a4e,curated_test_scenario,zhejiang_8th_710,zhejiang_8th_rules_v1,,9line_p1_p4_2937,9,1,2,管理费,administrative_fee,period_close,automatic_settlement,False,{},not_applicable,-10.0,140.0,,curated_test_scenario_probable_binding,src_0699b8958e7b,origin data/测试数据/五年现金流.md,,,18.0
df1b357564aef21c,curated_test_scenario,zhejiang_8th_710,zhejiang_8th_rules_v1,,9line_p1_p4_2937,10,1,3,申请短贷,short_loan_borrow,finance,conditional_decision,True,{},partial,249.0,389.0,,curated_test_scenario_probable_binding,src_0699b8958e7b,origin data/测试数据/五年现金流.md,,,19.0
834e59abe67d7d03,curated_test_scenario,zhejiang_8th_710,zhejiang_8th_rules_v1,,9line_p1_p4_2937,11,1,3,加工费,production,production,direct_decision,True,{},partial,-36.0,353.0,,curated_test_scenario_probable_binding,src_0699b8958e7b,origin data/测试数据/五年现金流.md,,,20.0
27743af7c0c3243e,curated_test_scenario,zhejiang_8th_710,zhejiang_8th_rules_v1,,9line_p1_p4_2937,12,1,3,产品研发,product_development,qualification,direct_decision,True,{},partial,-26.0,327.0,,curated_test_scenario_probable_binding,src_0699b8958e7b,origin data/测试数据/五年现金流.md,,,21.0
5312f6a391f7b750,curated_test_scenario,zhejiang_8th_710,zhejiang_8th_rules_v1,,9line_p1_p4_2937,13,1,3,管理费,administrative_fee,period_close,automatic_settlement,False,{},not_applicable,-10.0,317.0,,curated_test_scenario_probable_binding,src_0699b8958e7b,origin data/测试数据/五年现金流.md,,,22.0
a9ff46efdba97cf1,curated_test_scenario,zhejiang_8th_710,zhejiang_8th_rules_v1,,9line_p1_p4_2937,14,1,4,申请短贷,short_loan_borrow,finance,conditional_decision,True,{},partial,269.0,586.0,,curated_test_scenario_probable_binding,src_0699b8958e7b,origin data/测试数据/五年现金流.md,,,23.0
a768633de279f491,curated_test_scenario,zhejiang_8th_710,zhejiang_8th_rules_v1,,9line_p1_p4_2937,15,1,4,更新原料,material_receipt_payment,procurement,committed_settlement,False,{},partial,-261.0,325.0,,curated_test_scenario_probable_binding,src_0699b8958e7b,origin data/测试数据/五年现金流.md,,,24.0
3f583d368eb2d213,curated_test_scenario,zhejiang_8th_710,zhejiang_8th_rules_v1,,9line_p1_p4_2937,16,1,4,产品研发,product_development,qualification,direct_decision,True,{},partial,-26.0,299.0,,curated_test_scenario_probable_binding,src_0699b8958e7b,origin data/测试数据/五年现金流.md,,,25.0
cec2defdf4028836,curated_test_scenario,zhejiang_8th_710,zhejiang_8th_rules_v1,,9line_p1_p4_2937,17,1,4,市场开拓,market_development,qualification,direct_decision,True,{},partial,-57.0,242.0,,curated_test_scenario_probable_binding,src_0699b8958e7b,origin data/测试数据/五年现金流.md,,,26.0
d91dbc37e3b544fb,curated_test_scenario,zhejiang_8th_710,zhejiang_8th_rules_v1,,9line_p1_p4_2937,18,1,4,维护费,maintenance,period_close,automatic_settlement,False,{},not_applicable,-27.0,215.0,,curated_test_scenario_probable_binding,src_0699b8958e7b,origin data/测试数据/五年现金流.md,,,27.0
9eac3ab9ad239350,curated_test_scenario,zhejiang_8th_710,zhejiang_8th_rules_v1,,9line_p1_p4_2937,19,1,4,管理费,administrative_fee,period_close,automatic_settlement,False,{},not_applicable,-10.0,205.0,,curated_test_scenario_probable_binding,src_0699b8958e7b,origin data/测试数据/五年现金流.md,,,28.0
803e2fc24150092a,curated_test_scenario,zhejiang_8th_710,zhejiang_8th_rules_v1,,9line_p1_p4_2937,20,2,1,短贷还款,short_loan_principal_payment,finance,committed_settlement,False,{},not_applicable,-29.0,4.0,,curated_test_scenario_probable_binding,src_0699b8958e7b,origin data/测试数据/五年现金流.md,,,38.0
c4d649d23e18735b,curated_test_scenario,zhejiang_8th_710,zhejiang_8th_rules_v1,,9line_p1_p4_2937,21,2,1,短贷利息,short_loan_interest_payment,finance,committed_settlement,False,{},not_applicable,-1.0,3.0,,curated_test_scenario_probable_binding,src_0699b8958e7b,origin data/测试数据/五年现金流.md,,,39.0
4cf5c92ae1829a8a,curated_test_scenario,zhejiang_8th_710,zhejiang_8th_rules_v1,,9line_p1_p4_2937,22,2,1,申请短贷,short_loan_borrow,finance,conditional_decision,True,{},partial,209.0,212.0,,curated_test_scenario_probable_binding,src_0699b8958e7b,origin data/测试数据/五年现金流.md,,,40.0
6085ce2900a6b104,curated_test_scenario,zhejiang_8th_710,zhejiang_8th_rules_v1,,9line_p1_p4_2937,23,2,1,加工费,production,production,direct_decision,True,{},partial,-81.0,131.0,,curated_test_scenario_probable_binding,src_0699b8958e7b,origin data/测试数据/五年现金流.md,,,41.0
27d3f591585aea8b,curated_test_scenario,zhejiang_8th_710,zhejiang_8th_rules_v1,,9line_p1_p4_2937,24,2,1,按订单交货(0q),order_delivery,sales,conditional_decision,True,"{""receivable_term_quarters"": 0}",partial,68.0,199.0,,curated_test_scenario_probable_binding,src_0699b8958e7b,origin data/测试数据/五年现金流.md,,,42.0
f16c54c2c4f0eff7,curated_test_scenario,zhejiang_8th_710,zhejiang_8th_rules_v1,,9line_p1_p4_2937,25,2,1,管理费,administrative_fee,period_close,automatic_settlement,False,{},not_applicable,-10.0,189.0,,curated_test_scenario_probable_binding,src_0699b8958e7b,origin data/测试数据/五年现金流.md,,,43.0
49ad686b2ff47765,curated_test_scenario,zhejiang_8th_710,zhejiang_8th_rules_v1,,9line_p1_p4_2937,26,2,2,短贷还款,short_loan_principal_payment,finance,committed_settlement,False,{},not_applicable,-49.0,140.0,,curated_test_scenario_probable_binding,src_0699b8958e7b,origin data/测试数据/五年现金流.md,,,44.0
ccd670889e907d86,curated_test_scenario,zhejiang_8th_710,zhejiang_8th_rules_v1,,9line_p1_p4_2937,27,2,2,短贷利息,short_loan_interest_payment,finance,committed_settlement,False,{},not_applicable,-2.0,138.0,,curated_test_scenario_probable_binding,src_0699b8958e7b,origin data/测试数据/五年现金流.md,,,45.0
c59496dfb055b0ac,curated_test_scenario,zhejiang_8th_710,zhejiang_8th_rules_v1,,9line_p1_p4_2937,28,2,2,申请短贷,short_loan_borrow,finance,conditional_decision,True,{},partial,449.0,587.0,,curated_test_scenario_probable_binding,src_0699b8958e7b,origin data/测试数据/五年现金流.md,,,46.0
58a47094c57af33a,curated_test_scenario,zhejiang_8th_710,zhejiang_8th_rules_v1,,9line_p1_p4_2937,29,2,2,厂房租转买,factory_rent_to_buy,capacity,conditional_decision,True,{},partial,-250.0,337.0,,curated_test_scenario_probable_binding,src_0699b8958e7b,origin data/测试数据/五年现金流.md,,,47.0
ad82e363d3772608,curated_test_scenario,zhejiang_8th_710,zhejiang_8th_rules_v1,,9line_p1_p4_2937,30,2,2,产品研发,product_development,qualification,direct_decision,True,{},partial,-14.0,323.0,,curated_test_scenario_probable_binding,src_0699b8958e7b,origin data/测试数据/五年现金流.md,,,48.0
26ab909621378396,curated_test_scenario,zhejiang_8th_710,zhejiang_8th_rules_v1,,9line_p1_p4_2937,31,2,2,厂房续租,factory_rent_renewal,capacity,conditional_decision,True,{},not_applicable,-50.0,273.0,,curated_test_scenario_probable_binding,src_0699b8958e7b,origin data/测试数据/五年现金流.md,,,49.0
e5809d779d1a6f95,curated_test_scenario,zhejiang_8th_710,zhejiang_8th_rules_v1,,9line_p1_p4_2937,32,2,2,管理费,administrative_fee,period_close,automatic_settlement,False,{},not_applicable,-10.0,263.0,,curated_test_scenario_probable_binding,src_0699b8958e7b,origin data/测试数据/五年现金流.md,,,50.0
75df4728819f86a2,curated_test_scenario,zhejiang_8th_710,zhejiang_8th_rules_v1,,9line_p1_p4_2937,33,2,3,短贷还款,short_loan_principal_payment,finance,committed_settlement,False,{},not_applicable,-249.0,14.0,,curated_test_scenario_probable_binding,src_0699b8958e7b,origin data/测试数据/五年现金流.md,,,51.0
d7fa1bf71748e77f,curated_test_scenario,zhejiang_8th_710,zhejiang_8th_rules_v1,,9line_p1_p4_2937,34,2,3,短贷利息,short_loan_interest_payment,finance,committed_settlement,False,{},not_applicable,-12.0,2.0,,curated_test_scenario_probable_binding,src_0699b8958e7b,origin data/测试数据/五年现金流.md,,,52.0
5c84cf71d0b3898c,curated_test_scenario,zhejiang_8th_710,zhejiang_8th_rules_v1,,9line_p1_p4_2937,35,2,3,申请短贷,short_loan_borrow,finance,conditional_decision,True,{},partial,209.0,211.0,,curated_test_scenario_probable_binding,src_0699b8958e7b,origin data/测试数据/五年现金流.md,,,53.0
790627b7a982f610,curated_test_scenario,zhejiang_8th_710,zhejiang_8th_rules_v1,,9line_p1_p4_2937,36,2,3,更新原料,material_receipt_payment,procurement,committed_settlement,False,{},partial,-103.0,108.0,,curated_test_scenario_probable_binding,src_0699b8958e7b,origin data/测试数据/五年现金流.md,,,54.0
20a738a269523c37,curated_test_scenario,zhejiang_8th_710,zhejiang_8th_rules_v1,,9line_p1_p4_2937,37,2,3,加工费,production,production,direct_decision,True,{},partial,-58.0,50.0,,curated_test_scenario_probable_binding,src_0699b8958e7b,origin data/测试数据/五年现金流.md,,,55.0
bd7479387384d11c,curated_test_scenario,zhejiang_8th_710,zhejiang_8th_rules_v1,,9line_p1_p4_2937,38,2,3,按订单交货(0q),order_delivery,sales,conditional_decision,True,"{""receivable_term_quarters"": 0}",partial,428.0,478.0,,curated_test_scenario_probable_binding,src_0699b8958e7b,origin data/测试数据/五年现金流.md,,,56.0
575ef12cbf1d0bda,curated_test_scenario,zhejiang_8th_710,zhejiang_8th_rules_v1,,9line_p1_p4_2937,39,2,3,管理费,administrative_fee,period_close,automatic_settlement,False,{},not_applicable,-10.0,468.0,,curated_test_scenario_probable_binding,src_0699b8958e7b,origin data/测试数据/五年现金流.md,,,57.0
bbec4af03016321d,curated_test_scenario,zhejiang_8th_710,zhejiang_8th_rules_v1,,9line_p1_p4_2937,40,2,4,短贷还款,short_loan_principal_payment,finance,committed_settlement,False,{},not_applicable,-269.0,199.0,,curated_test_scenario_probable_binding,src_0699b8958e7b,origin data/测试数据/五年现金流.md,,,58.0
87a0d5f0400527f1,curated_test_scenario,zhejiang_8th_710,zhejiang_8th_rules_v1,,9line_p1_p4_2937,41,2,4,短贷利息,short_loan_interest_payment,finance,committed_settlement,False,{},not_applicable,-13.0,186.0,,curated_test_scenario_probable_binding,src_0699b8958e7b,origin data/测试数据/五年现金流.md,,,59.0
dfbd22ec2b78e510,curated_test_scenario,zhejiang_8th_710,zhejiang_8th_rules_v1,,9line_p1_p4_2937,42,2,4,申请短贷,short_loan_borrow,finance,conditional_decision,True,{},partial,389.0,575.0,,curated_test_scenario_probable_binding,src_0699b8958e7b,origin data/测试数据/五年现金流.md,,,60.0
09f12b51dbcb94d1,curated_test_scenario,zhejiang_8th_710,zhejiang_8th_rules_v1,,9line_p1_p4_2937,43,2,4,厂房租赁,factory_rent,capacity,direct_decision,True,{},partial,-50.0,525.0,,curated_test_scenario_probable_binding,src_0699b8958e7b,origin data/测试数据/五年现金流.md,,,61.0
adf551433335ea41,curated_test_scenario,zhejiang_8th_710,zhejiang_8th_rules_v1,,9line_p1_p4_2937,44,2,4,生产线购买,production_line_order,capacity,direct_decision,True,{},partial,-288.0,237.0,,curated_test_scenario_probable_binding,src_0699b8958e7b,origin data/测试数据/五年现金流.md,,,62.0
7a07eb4bebd70a71,curated_test_scenario,zhejiang_8th_710,zhejiang_8th_rules_v1,,9line_p1_p4_2937,45,2,4,应收账款更新,receivable_maturity,receivable,automatic_settlement,False,{},not_applicable,312.0,549.0,,curated_test_scenario_probable_binding,src_0699b8958e7b,origin data/测试数据/五年现金流.md,,,63.0
ab724502346e2a32,curated_test_scenario,zhejiang_8th_710,zhejiang_8th_rules_v1,,9line_p1_p4_2937,46,2,4,ISO认证,iso_development,qualification,direct_decision,True,{},partial,-30.0,519.0,,curated_test_scenario_probable_binding,src_0699b8958e7b,origin data/测试数据/五年现金流.md,,,64.0
42fff1a0831ae579,curated_test_scenario,zhejiang_8th_710,zhejiang_8th_rules_v1,,9line_p1_p4_2937,47,2,4,市场开拓,market_development,qualification,direct_decision,True,{},partial,-15.0,504.0,,curated_test_scenario_probable_binding,src_0699b8958e7b,origin data/测试数据/五年现金流.md,,,65.0
38680322ac6c9c86,curated_test_scenario,zhejiang_8th_710,zhejiang_8th_rules_v1,,9line_p1_p4_2937,48,2,4,维护费,maintenance,period_close,automatic_settlement,False,{},not_applicable,-27.0,477.0,,curated_test_scenario_probable_binding,src_0699b8958e7b,origin data/测试数据/五年现金流.md,,,66.0
a4f2b9dbd696a2ba,curated_test_scenario,zhejiang_8th_710,zhejiang_8th_rules_v1,,9line_p1_p4_2937,49,2,4,管理费,administrative_fee,period_close,automatic_settlement,False,{},not_applicable,-10.0,467.0,,curated_test_scenario_probable_binding,src_0699b8958e7b,origin data/测试数据/五年现金流.md,,,67.0
50ac183a98c816c6,curated_test_scenario,zhejiang_8th_710,zhejiang_8th_rules_v1,,9line_p1_p4_2937,50,3,1,短贷还款,short_loan_principal_payment,finance,committed_settlement,False,{},not_applicable,-209.0,52.0,,curated_test_scenario_probable_binding,src_0699b8958e7b,origin data/测试数据/五年现金流.md,,,77.0
34f652dbdb5cfaa9,curated_test_scenario,zhejiang_8th_710,zhejiang_8th_rules_v1,,9line_p1_p4_2937,51,3,1,短贷利息,short_loan_interest_payment,finance,committed_settlement,False,{},not_applicable,-10.0,42.0,,curated_test_scenario_probable_binding,src_0699b8958e7b,origin data/测试数据/五年现金流.md,,,78.0
0558a0c56c208537,curated_test_scenario,zhejiang_8th_710,zhejiang_8th_rules_v1,,9line_p1_p4_2937,52,3,1,申请短贷,short_loan_borrow,finance,conditional_decision,True,{},partial,389.0,431.0,,curated_test_scenario_probable_binding,src_0699b8958e7b,origin data/测试数据/五年现金流.md,,,79.0
9ebd3924cbf3f569,curated_test_scenario,zhejiang_8th_710,zhejiang_8th_rules_v1,,9line_p1_p4_2937,53,3,1,更新原料,material_receipt_payment,procurement,committed_settlement,False,{},partial,-199.0,232.0,,curated_test_scenario_probable_binding,src_0699b8958e7b,origin data/测试数据/五年现金流.md,,,80.0
792c4a2d23051965,curated_test_scenario,zhejiang_8th_710,zhejiang_8th_rules_v1,,9line_p1_p4_2937,54,3,1,加工费,production,production,direct_decision,True,{},partial,-96.0,136.0,,curated_test_scenario_probable_binding,src_0699b8958e7b,origin data/测试数据/五年现金流.md,,,81.0
4062992eda8355c8,curated_test_scenario,zhejiang_8th_710,zhejiang_8th_rules_v1,,9line_p1_p4_2937,55,3,1,应收账款更新,receivable_maturity,receivable,automatic_settlement,False,{},not_applicable,325.0,461.0,,curated_test_scenario_probable_binding,src_0699b8958e7b,origin data/测试数据/五年现金流.md,,,82.0
4771b8425d469090,curated_test_scenario,zhejiang_8th_710,zhejiang_8th_rules_v1,,9line_p1_p4_2937,56,3,1,按订单交货(0q),order_delivery,sales,conditional_decision,True,"{""receivable_term_quarters"": 0}",partial,88.0,549.0,,curated_test_scenario_probable_binding,src_0699b8958e7b,origin data/测试数据/五年现金流.md,,,83.0
bc949a00017df5bf,curated_test_scenario,zhejiang_8th_710,zhejiang_8th_rules_v1,,9line_p1_p4_2937,57,3,1,管理费,administrative_fee,period_close,automatic_settlement,False,{},not_applicable,-10.0,539.0,,curated_test_scenario_probable_binding,src_0699b8958e7b,origin data/测试数据/五年现金流.md,,,84.0
5d4de33d875d8910,curated_test_scenario,zhejiang_8th_710,zhejiang_8th_rules_v1,,9line_p1_p4_2937,58,3,2,短贷还款,short_loan_principal_payment,finance,committed_settlement,False,{},not_applicable,-449.0,90.0,,curated_test_scenario_probable_binding,src_0699b8958e7b,origin data/测试数据/五年现金流.md,,,85.0
e2ed5412fd7d27c3,curated_test_scenario,zhejiang_8th_710,zhejiang_8th_rules_v1,,9line_p1_p4_2937,59,3,2,短贷利息,short_loan_interest_payment,finance,committed_settlement,False,{},not_applicable,-22.0,68.0,,curated_test_scenario_probable_binding,src_0699b8958e7b,origin data/测试数据/五年现金流.md,,,86.0
c632b3f65472b369,curated_test_scenario,zhejiang_8th_710,zhejiang_8th_rules_v1,,9line_p1_p4_2937,60,3,2,申请短贷,short_loan_borrow,finance,conditional_decision,True,{},partial,269.0,337.0,,curated_test_scenario_probable_binding,src_0699b8958e7b,origin data/测试数据/五年现金流.md,,,87.0
5bf622d8f0b5d277,curated_test_scenario,zhejiang_8th_710,zhejiang_8th_rules_v1,,9line_p1_p4_2937,61,3,2,厂房续租,factory_rent_renewal,capacity,conditional_decision,True,{},not_applicable,-50.0,287.0,,curated_test_scenario_probable_binding,src_0699b8958e7b,origin data/测试数据/五年现金流.md,,,88.0
63ed1fd86cba110e,curated_test_scenario,zhejiang_8th_710,zhejiang_8th_rules_v1,,9line_p1_p4_2937,62,3,2,管理费,administrative_fee,period_close,automatic_settlement,False,{},not_applicable,-10.0,277.0,,curated_test_scenario_probable_binding,src_0699b8958e7b,origin data/测试数据/五年现金流.md,,,89.0
79b5f17fc40b337f,curated_test_scenario,zhejiang_8th_710,zhejiang_8th_rules_v1,,9line_p1_p4_2937,63,3,3,短贷还款,short_loan_principal_payment,finance,committed_settlement,False,{},not_applicable,-209.0,68.0,,curated_test_scenario_probable_binding,src_0699b8958e7b,origin data/测试数据/五年现金流.md,,,90.0
2d0df66b4660dfe3,curated_test_scenario,zhejiang_8th_710,zhejiang_8th_rules_v1,,9line_p1_p4_2937,64,3,3,短贷利息,short_loan_interest_payment,finance,committed_settlement,False,{},not_applicable,-10.0,58.0,,curated_test_scenario_probable_binding,src_0699b8958e7b,origin data/测试数据/五年现金流.md,,,91.0
5392a504b888cc5d,curated_test_scenario,zhejiang_8th_710,zhejiang_8th_rules_v1,,9line_p1_p4_2937,65,3,3,申请短贷,short_loan_borrow,finance,conditional_decision,True,{},partial,684.0,742.0,,curated_test_scenario_probable_binding,src_0699b8958e7b,origin data/测试数据/五年现金流.md,,,92.0
e0443fa03b7f982b,curated_test_scenario,zhejiang_8th_710,zhejiang_8th_rules_v1,,9line_p1_p4_2937,66,3,3,贴现34q(面值),receivable_discount,receivable,conditional_decision,True,"{""receivable_terms"": [3, 4]}",partial,36.0,778.0,,curated_test_scenario_probable_binding,src_0699b8958e7b,origin data/测试数据/五年现金流.md,,,93.0
e057d67343c802c3,curated_test_scenario,zhejiang_8th_710,zhejiang_8th_rules_v1,,9line_p1_p4_2937,67,3,3,贴现利息,receivable_discount,receivable,conditional_decision,True,{},partial,-4.0,774.0,,curated_test_scenario_probable_binding,src_0699b8958e7b,origin data/测试数据/五年现金流.md,,,94.0
1977edecf1ecfd9b,curated_test_scenario,zhejiang_8th_710,zhejiang_8th_rules_v1,,9line_p1_p4_2937,68,3,3,更新原料,material_receipt_payment,procurement,committed_settlement,False,{},partial,-319.0,455.0,,curated_test_scenario_probable_binding,src_0699b8958e7b,origin data/测试数据/五年现金流.md,,,95.0
300d855f2705f522,curated_test_scenario,zhejiang_8th_710,zhejiang_8th_rules_v1,,9line_p1_p4_2937,69,3,3,加工费,production,production,direct_decision,True,{},partial,-122.0,333.0,,curated_test_scenario_probable_binding,src_0699b8958e7b,origin data/测试数据/五年现金流.md,,,96.0
b9b7bc0a327de057,curated_test_scenario,zhejiang_8th_710,zhejiang_8th_rules_v1,,9line_p1_p4_2937,70,3,3,应收账款更新,receivable_maturity,receivable,automatic_settlement,False,{},not_applicable,86.0,419.0,,curated_test_scenario_probable_binding,src_0699b8958e7b,origin data/测试数据/五年现金流.md,,,97.0
5735de84e205a3cb,curated_test_scenario,zhejiang_8th_710,zhejiang_8th_rules_v1,,9line_p1_p4_2937,71,3,3,管理费,administrative_fee,period_close,automatic_settlement,False,{},not_applicable,-10.0,409.0,,curated_test_scenario_probable_binding,src_0699b8958e7b,origin data/测试数据/五年现金流.md,,,98.0
9a3491d22703fe8a,curated_test_scenario,zhejiang_8th_710,zhejiang_8th_rules_v1,,9line_p1_p4_2937,72,3,4,短贷还款,short_loan_principal_payment,finance,committed_settlement,False,{},not_applicable,-389.0,20.0,,curated_test_scenario_probable_binding,src_0699b8958e7b,origin data/测试数据/五年现金流.md,,,99.0
49957e1fe6bca3df,curated_test_scenario,zhejiang_8th_710,zhejiang_8th_rules_v1,,9line_p1_p4_2937,73,3,4,短贷利息,short_loan_interest_payment,finance,committed_settlement,False,{},not_applicable,-19.0,1.0,,curated_test_scenario_probable_binding,src_0699b8958e7b,origin data/测试数据/五年现金流.md,,,100.0
55f92344497f66a1,curated_test_scenario,zhejiang_8th_710,zhejiang_8th_rules_v1,,9line_p1_p4_2937,74,3,4,申请短贷,short_loan_borrow,finance,conditional_decision,True,{},partial,389.0,390.0,,curated_test_scenario_probable_binding,src_0699b8958e7b,origin data/测试数据/五年现金流.md,,,101.0
773824e53814ac5c,curated_test_scenario,zhejiang_8th_710,zhejiang_8th_rules_v1,,9line_p1_p4_2937,75,3,4,厂房买转租,factory_buy_to_rent,capacity,conditional_decision,True,{},not_applicable,197.0,587.0,,curated_test_scenario_probable_binding,src_0699b8958e7b,origin data/测试数据/五年现金流.md,,,102.0
ec58706b4fe92cf3,curated_test_scenario,zhejiang_8th_710,zhejiang_8th_rules_v1,,9line_p1_p4_2937,76,3,4,ISO认证,iso_development,qualification,direct_decision,True,{},partial,-30.0,557.0,,curated_test_scenario_probable_binding,src_0699b8958e7b,origin data/测试数据/五年现金流.md,,,103.0
e0f4c564464ba61e,curated_test_scenario,zhejiang_8th_710,zhejiang_8th_rules_v1,,9line_p1_p4_2937,77,3,4,市场开拓,market_development,qualification,direct_decision,True,{},partial,-15.0,542.0,,curated_test_scenario_probable_binding,src_0699b8958e7b,origin data/测试数据/五年现金流.md,,,104.0
dfd7920739a8589e,curated_test_scenario,zhejiang_8th_710,zhejiang_8th_rules_v1,,9line_p1_p4_2937,78,3,4,维护费,maintenance,period_close,automatic_settlement,False,{},not_applicable,-45.0,497.0,,curated_test_scenario_probable_binding,src_0699b8958e7b,origin data/测试数据/五年现金流.md,,,105.0
4a1d017d23d941a3,curated_test_scenario,zhejiang_8th_710,zhejiang_8th_rules_v1,,9line_p1_p4_2937,79,3,4,厂房续租,factory_rent_renewal,capacity,conditional_decision,True,{},not_applicable,-50.0,447.0,,curated_test_scenario_probable_binding,src_0699b8958e7b,origin data/测试数据/五年现金流.md,,,106.0
32551e291a8bd927,curated_test_scenario,zhejiang_8th_710,zhejiang_8th_rules_v1,,9line_p1_p4_2937,80,3,4,管理费,administrative_fee,period_close,automatic_settlement,False,{},not_applicable,-10.0,437.0,,curated_test_scenario_probable_binding,src_0699b8958e7b,origin data/测试数据/五年现金流.md,,,107.0
14daa29b3f9cb5c4,curated_test_scenario,zhejiang_8th_710,zhejiang_8th_rules_v1,,9line_p1_p4_2937,81,4,1,短贷还款,short_loan_principal_payment,finance,committed_settlement,False,{},not_applicable,-389.0,202.0,,curated_test_scenario_probable_binding,src_0699b8958e7b,origin data/测试数据/五年现金流.md,,,117.0
8c1670292a487828,curated_test_scenario,zhejiang_8th_710,zhejiang_8th_rules_v1,,9line_p1_p4_2937,82,4,1,短贷利息,short_loan_interest_payment,finance,committed_settlement,False,{},not_applicable,-19.0,183.0,,curated_test_scenario_probable_binding,src_0699b8958e7b,origin data/测试数据/五年现金流.md,,,118.0
dd4fc2b4727a281c,curated_test_scenario,zhejiang_8th_710,zhejiang_8th_rules_v1,,9line_p1_p4_2937,83,4,1,申请短贷,short_loan_borrow,finance,conditional_decision,True,{},partial,249.0,432.0,,curated_test_scenario_probable_binding,src_0699b8958e7b,origin data/测试数据/五年现金流.md,,,119.0
0aa48dfd9230c88a,curated_test_scenario,zhejiang_8th_710,zhejiang_8th_rules_v1,,9line_p1_p4_2937,84,4,1,更新原料,material_receipt_payment,procurement,committed_settlement,False,{},partial,-287.0,145.0,,curated_test_scenario_probable_binding,src_0699b8958e7b,origin data/测试数据/五年现金流.md,,,120.0
862dcbbf620fa23b,curated_test_scenario,zhejiang_8th_710,zhejiang_8th_rules_v1,,9line_p1_p4_2937,85,4,1,紧急采购原料,emergency_material_purchase,procurement,exception_intervention,True,{},partial,-28.0,117.0,,curated_test_scenario_probable_binding,src_0699b8958e7b,origin data/测试数据/五年现金流.md,,,121.0
f0bb137a9ee71cab,curated_test_scenario,zhejiang_8th_710,zhejiang_8th_rules_v1,,9line_p1_p4_2937,86,4,1,加工费,production,production,direct_decision,True,{},partial,-113.0,4.0,,curated_test_scenario_probable_binding,src_0699b8958e7b,origin data/测试数据/五年现金流.md,,,122.0
d3d57213c60d0b42,curated_test_scenario,zhejiang_8th_710,zhejiang_8th_rules_v1,,9line_p1_p4_2937,87,4,1,应收账款更新,receivable_maturity,receivable,automatic_settlement,False,{},not_applicable,63.0,67.0,,curated_test_scenario_probable_binding,src_0699b8958e7b,origin data/测试数据/五年现金流.md,,,123.0
697dc2495c12cf87,curated_test_scenario,zhejiang_8th_710,zhejiang_8th_rules_v1,,9line_p1_p4_2937,88,4,1,按订单交货(0q),order_delivery,sales,conditional_decision,True,"{""receivable_term_quarters"": 0}",partial,625.0,692.0,,curated_test_scenario_probable_binding,src_0699b8958e7b,origin data/测试数据/五年现金流.md,,,124.0
cbf8c36bebf3027c,curated_test_scenario,zhejiang_8th_710,zhejiang_8th_rules_v1,,9line_p1_p4_2937,89,4,1,管理费,administrative_fee,period_close,automatic_settlement,False,{},not_applicable,-10.0,682.0,,curated_test_scenario_probable_binding,src_0699b8958e7b,origin data/测试数据/五年现金流.md,,,125.0
cb6f321527af7024,curated_test_scenario,zhejiang_8th_710,zhejiang_8th_rules_v1,,9line_p1_p4_2937,90,4,2,短贷还款,short_loan_principal_payment,finance,committed_settlement,False,{},not_applicable,-269.0,419.0,,curated_test_scenario_probable_binding,src_0699b8958e7b,origin data/测试数据/五年现金流.md,,,126.0
df8be4cfa090e0bb,curated_test_scenario,zhejiang_8th_710,zhejiang_8th_rules_v1,,9line_p1_p4_2937,91,4,2,短贷利息,short_loan_interest_payment,finance,committed_settlement,False,{},not_applicable,-13.0,406.0,,curated_test_scenario_probable_binding,src_0699b8958e7b,origin data/测试数据/五年现金流.md,,,127.0
4172049a56bdda99,curated_test_scenario,zhejiang_8th_710,zhejiang_8th_rules_v1,,9line_p1_p4_2937,92,4,2,申请短贷,short_loan_borrow,finance,conditional_decision,True,{},partial,269.0,675.0,,curated_test_scenario_probable_binding,src_0699b8958e7b,origin data/测试数据/五年现金流.md,,,128.0
0958ac4a99a26881,curated_test_scenario,zhejiang_8th_710,zhejiang_8th_rules_v1,,9line_p1_p4_2937,93,4,2,贴现12q(面值),receivable_discount,receivable,conditional_decision,True,"{""receivable_terms"": [1, 2]}",partial,112.0,787.0,,curated_test_scenario_probable_binding,src_0699b8958e7b,origin data/测试数据/五年现金流.md,,,129.0
581470c278a5eda6,curated_test_scenario,zhejiang_8th_710,zhejiang_8th_rules_v1,,9line_p1_p4_2937,94,4,2,贴现利息,receivable_discount,receivable,conditional_decision,True,{},partial,-9.0,778.0,,curated_test_scenario_probable_binding,src_0699b8958e7b,origin data/测试数据/五年现金流.md,,,130.0
2fd92462f9c93705,curated_test_scenario,zhejiang_8th_710,zhejiang_8th_rules_v1,,9line_p1_p4_2937,95,4,2,厂房续租,factory_rent_renewal,capacity,conditional_decision,True,{},not_applicable,-50.0,728.0,,curated_test_scenario_probable_binding,src_0699b8958e7b,origin data/测试数据/五年现金流.md,,,131.0
76731089fa9f256b,curated_test_scenario,zhejiang_8th_710,zhejiang_8th_rules_v1,,9line_p1_p4_2937,96,4,2,管理费,administrative_fee,period_close,automatic_settlement,False,{},not_applicable,-10.0,718.0,,curated_test_scenario_probable_binding,src_0699b8958e7b,origin data/测试数据/五年现金流.md,,,132.0
7e3e68f0b650ed23,curated_test_scenario,zhejiang_8th_710,zhejiang_8th_rules_v1,,9line_p1_p4_2937,97,4,3,短贷还款,short_loan_principal_payment,finance,committed_settlement,False,{},not_applicable,-684.0,34.0,,curated_test_scenario_probable_binding,src_0699b8958e7b,origin data/测试数据/五年现金流.md,,,133.0
c2d7929876094092,curated_test_scenario,zhejiang_8th_710,zhejiang_8th_rules_v1,,9line_p1_p4_2937,98,4,3,短贷利息,short_loan_interest_payment,finance,committed_settlement,False,{},not_applicable,-34.0,0.0,,curated_test_scenario_probable_binding,src_0699b8958e7b,origin data/测试数据/五年现金流.md,,,134.0
676c7f2a0404dc19,curated_test_scenario,zhejiang_8th_710,zhejiang_8th_rules_v1,,9line_p1_p4_2937,99,4,3,申请短贷,short_loan_borrow,finance,conditional_decision,True,{},partial,529.0,529.0,,curated_test_scenario_probable_binding,src_0699b8958e7b,origin data/测试数据/五年现金流.md,,,135.0
89352c0b1fd7a78a,curated_test_scenario,zhejiang_8th_710,zhejiang_8th_rules_v1,,9line_p1_p4_2937,100,4,3,更新原料,material_receipt_payment,procurement,committed_settlement,False,{},partial,-135.0,394.0,,curated_test_scenario_probable_binding,src_0699b8958e7b,origin data/测试数据/五年现金流.md,,,136.0
725b5dc6f52e1cc2,curated_test_scenario,zhejiang_8th_710,zhejiang_8th_rules_v1,,9line_p1_p4_2937,101,4,3,加工费,production,production,direct_decision,True,{},partial,-93.0,301.0,,curated_test_scenario_probable_binding,src_0699b8958e7b,origin data/测试数据/五年现金流.md,,,137.0
7244d71d8b4b143c,curated_test_scenario,zhejiang_8th_710,zhejiang_8th_rules_v1,,9line_p1_p4_2937,102,4,3,应收账款更新,receivable_maturity,receivable,automatic_settlement,False,{},not_applicable,3.0,304.0,,curated_test_scenario_probable_binding,src_0699b8958e7b,origin data/测试数据/五年现金流.md,,,138.0
2fc7de528792d15b,curated_test_scenario,zhejiang_8th_710,zhejiang_8th_rules_v1,,9line_p1_p4_2937,103,4,3,按订单交货(0q),order_delivery,sales,conditional_decision,True,"{""receivable_term_quarters"": 0}",partial,345.0,649.0,,curated_test_scenario_probable_binding,src_0699b8958e7b,origin data/测试数据/五年现金流.md,,,139.0
686f77e40fc561e9,curated_test_scenario,zhejiang_8th_710,zhejiang_8th_rules_v1,,9line_p1_p4_2937,104,4,3,管理费,administrative_fee,period_close,automatic_settlement,False,{},not_applicable,-10.0,639.0,,curated_test_scenario_probable_binding,src_0699b8958e7b,origin data/测试数据/五年现金流.md,,,140.0
20df0aa04519b394,curated_test_scenario,zhejiang_8th_710,zhejiang_8th_rules_v1,,9line_p1_p4_2937,105,4,4,短贷还款,short_loan_principal_payment,finance,committed_settlement,False,{},not_applicable,-389.0,250.0,,curated_test_scenario_probable_binding,src_0699b8958e7b,origin data/测试数据/五年现金流.md,,,141.0
97e8c560294c1ebb,curated_test_scenario,zhejiang_8th_710,zhejiang_8th_rules_v1,,9line_p1_p4_2937,106,4,4,短贷利息,short_loan_interest_payment,finance,committed_settlement,False,{},not_applicable,-19.0,231.0,,curated_test_scenario_probable_binding,src_0699b8958e7b,origin data/测试数据/五年现金流.md,,,142.0
f42bca006a9411d2,curated_test_scenario,zhejiang_8th_710,zhejiang_8th_rules_v1,,9line_p1_p4_2937,107,4,4,申请短贷,short_loan_borrow,finance,conditional_decision,True,{},partial,549.0,780.0,,curated_test_scenario_probable_binding,src_0699b8958e7b,origin data/测试数据/五年现金流.md,,,143.0
c946837909ff6a22,curated_test_scenario,zhejiang_8th_710,zhejiang_8th_rules_v1,,9line_p1_p4_2937,108,4,4,厂房租赁,factory_rent,capacity,direct_decision,True,{},partial,-25.0,755.0,,curated_test_scenario_probable_binding,src_0699b8958e7b,origin data/测试数据/五年现金流.md,,,144.0
56c1000ab3532034,curated_test_scenario,zhejiang_8th_710,zhejiang_8th_rules_v1,,9line_p1_p4_2937,109,4,4,生产线购买,production_line_order,capacity,direct_decision,True,{},partial,-144.0,611.0,,curated_test_scenario_probable_binding,src_0699b8958e7b,origin data/测试数据/五年现金流.md,,,145.0
a5b7b2c723416ab8,curated_test_scenario,zhejiang_8th_710,zhejiang_8th_rules_v1,,9line_p1_p4_2937,110,4,4,应收账款更新,receivable_maturity,receivable,automatic_settlement,False,{},not_applicable,589.0,1200.0,,curated_test_scenario_probable_binding,src_0699b8958e7b,origin data/测试数据/五年现金流.md,,,146.0
57da384e1bcdbcbd,curated_test_scenario,zhejiang_8th_710,zhejiang_8th_rules_v1,,9line_p1_p4_2937,111,4,4,维护费,maintenance,period_close,automatic_settlement,False,{},not_applicable,-45.0,1155.0,,curated_test_scenario_probable_binding,src_0699b8958e7b,origin data/测试数据/五年现金流.md,,,147.0
447a37b9b98d37f7,curated_test_scenario,zhejiang_8th_710,zhejiang_8th_rules_v1,,9line_p1_p4_2937,112,4,4,厂房续租,factory_rent_renewal,capacity,conditional_decision,True,{},not_applicable,-50.0,1105.0,,curated_test_scenario_probable_binding,src_0699b8958e7b,origin data/测试数据/五年现金流.md,,,148.0
54804c8381316ebe,curated_test_scenario,zhejiang_8th_710,zhejiang_8th_rules_v1,,9line_p1_p4_2937,113,4,4,管理费,administrative_fee,period_close,automatic_settlement,False,{},not_applicable,-10.0,1095.0,,curated_test_scenario_probable_binding,src_0699b8958e7b,origin data/测试数据/五年现金流.md,,,149.0
7fb7d9e8920a973f,curated_test_scenario,zhejiang_8th_710,zhejiang_8th_rules_v1,,9line_p1_p4_2937,114,5,1,短贷还款,short_loan_principal_payment,finance,committed_settlement,False,{},not_applicable,-249.0,1008.0,,curated_test_scenario_probable_binding,src_0699b8958e7b,origin data/测试数据/五年现金流.md,,,159.0
a31fa7dd140b5c87,curated_test_scenario,zhejiang_8th_710,zhejiang_8th_rules_v1,,9line_p1_p4_2937,115,5,1,短贷利息,short_loan_interest_payment,finance,committed_settlement,False,{},not_applicable,-12.0,996.0,,curated_test_scenario_probable_binding,src_0699b8958e7b,origin data/测试数据/五年现金流.md,,,160.0
debf06a185a81aa1,curated_test_scenario,zhejiang_8th_710,zhejiang_8th_rules_v1,,9line_p1_p4_2937,116,5,1,申请短贷,short_loan_borrow,finance,conditional_decision,True,{},partial,249.0,1245.0,,curated_test_scenario_probable_binding,src_0699b8958e7b,origin data/测试数据/五年现金流.md,,,161.0
d11422c19635f512,curated_test_scenario,zhejiang_8th_710,zhejiang_8th_rules_v1,,9line_p1_p4_2937,117,5,1,更新原料,material_receipt_payment,procurement,committed_settlement,False,{},partial,-282.0,963.0,,curated_test_scenario_probable_binding,src_0699b8958e7b,origin data/测试数据/五年现金流.md,,,162.0
b52c4c3c6ff8a8db,curated_test_scenario,zhejiang_8th_710,zhejiang_8th_rules_v1,,9line_p1_p4_2937,118,5,1,加工费,production,production,direct_decision,True,{},partial,-135.0,828.0,,curated_test_scenario_probable_binding,src_0699b8958e7b,origin data/测试数据/五年现金流.md,,,163.0
b61bffb97ccb353a,curated_test_scenario,zhejiang_8th_710,zhejiang_8th_rules_v1,,9line_p1_p4_2937,119,5,1,应收账款更新,receivable_maturity,receivable,automatic_settlement,False,{},not_applicable,58.0,886.0,,curated_test_scenario_probable_binding,src_0699b8958e7b,origin data/测试数据/五年现金流.md,,,164.0
f55f7474f79c225d,curated_test_scenario,zhejiang_8th_710,zhejiang_8th_rules_v1,,9line_p1_p4_2937,120,5,1,紧急采购产品,emergency_product_purchase,procurement,exception_intervention,True,{},partial,-78.0,808.0,,curated_test_scenario_probable_binding,src_0699b8958e7b,origin data/测试数据/五年现金流.md,,,165.0
105a544eaae24b46,curated_test_scenario,zhejiang_8th_710,zhejiang_8th_rules_v1,,9line_p1_p4_2937,121,5,1,按订单交货(0q),order_delivery,sales,conditional_decision,True,"{""receivable_term_quarters"": 0}",partial,227.0,1035.0,,curated_test_scenario_probable_binding,src_0699b8958e7b,origin data/测试数据/五年现金流.md,,,166.0
9acf7599fb18662f,curated_test_scenario,zhejiang_8th_710,zhejiang_8th_rules_v1,,9line_p1_p4_2937,122,5,1,厂房租转买,factory_rent_to_buy,capacity,conditional_decision,True,{},partial,-250.0,785.0,,curated_test_scenario_probable_binding,src_0699b8958e7b,origin data/测试数据/五年现金流.md,,,167.0
326000309198a2fb,curated_test_scenario,zhejiang_8th_710,zhejiang_8th_rules_v1,,9line_p1_p4_2937,123,5,1,管理费,administrative_fee,period_close,automatic_settlement,False,{},not_applicable,-10.0,775.0,,curated_test_scenario_probable_binding,src_0699b8958e7b,origin data/测试数据/五年现金流.md,,,168.0
acea0b1bcfec89b9,curated_test_scenario,zhejiang_8th_710,zhejiang_8th_rules_v1,,9line_p1_p4_2937,124,5,2,短贷还款,short_loan_principal_payment,finance,committed_settlement,False,{},not_applicable,-269.0,506.0,,curated_test_scenario_probable_binding,src_0699b8958e7b,origin data/测试数据/五年现金流.md,,,169.0
aeedac486e54d3dd,curated_test_scenario,zhejiang_8th_710,zhejiang_8th_rules_v1,,9line_p1_p4_2937,125,5,2,短贷利息,short_loan_interest_payment,finance,committed_settlement,False,{},not_applicable,-13.0,493.0,,curated_test_scenario_probable_binding,src_0699b8958e7b,origin data/测试数据/五年现金流.md,,,170.0
9af0880af225b323,curated_test_scenario,zhejiang_8th_710,zhejiang_8th_rules_v1,,9line_p1_p4_2937,126,5,2,申请短贷,short_loan_borrow,finance,conditional_decision,True,{},partial,269.0,762.0,,curated_test_scenario_probable_binding,src_0699b8958e7b,origin data/测试数据/五年现金流.md,,,171.0
2d0baefa7eb32d51,curated_test_scenario,zhejiang_8th_710,zhejiang_8th_rules_v1,,9line_p1_p4_2937,127,5,2,应收账款更新,receivable_maturity,receivable,automatic_settlement,False,{},not_applicable,389.0,1151.0,,curated_test_scenario_probable_binding,src_0699b8958e7b,origin data/测试数据/五年现金流.md,,,172.0
eae35ce767287805,curated_test_scenario,zhejiang_8th_710,zhejiang_8th_rules_v1,,9line_p1_p4_2937,128,5,2,厂房租转买,factory_rent_to_buy,capacity,conditional_decision,True,{},partial,-500.0,651.0,,curated_test_scenario_probable_binding,src_0699b8958e7b,origin data/测试数据/五年现金流.md,,,173.0
7d22e9a3752cbeb1,curated_test_scenario,zhejiang_8th_710,zhejiang_8th_rules_v1,,9line_p1_p4_2937,129,5,2,管理费,administrative_fee,period_close,automatic_settlement,False,{},not_applicable,-10.0,641.0,,curated_test_scenario_probable_binding,src_0699b8958e7b,origin data/测试数据/五年现金流.md,,,174.0
b5f05a87a52b9ae5,curated_test_scenario,zhejiang_8th_710,zhejiang_8th_rules_v1,,9line_p1_p4_2937,130,5,3,短贷还款,short_loan_principal_payment,finance,committed_settlement,False,{},not_applicable,-529.0,112.0,,curated_test_scenario_probable_binding,src_0699b8958e7b,origin data/测试数据/五年现金流.md,,,175.0
9cff4e65c9a31e5f,curated_test_scenario,zhejiang_8th_710,zhejiang_8th_rules_v1,,9line_p1_p4_2937,131,5,3,短贷利息,short_loan_interest_payment,finance,committed_settlement,False,{},not_applicable,-26.0,86.0,,curated_test_scenario_probable_binding,src_0699b8958e7b,origin data/测试数据/五年现金流.md,,,176.0
2795fb33f1ea64fc,curated_test_scenario,zhejiang_8th_710,zhejiang_8th_rules_v1,,9line_p1_p4_2937,132,5,3,申请短贷,short_loan_borrow,finance,conditional_decision,True,{},partial,529.0,615.0,,curated_test_scenario_probable_binding,src_0699b8958e7b,origin data/测试数据/五年现金流.md,,,177.0
688811bc4b1621a4,curated_test_scenario,zhejiang_8th_710,zhejiang_8th_rules_v1,,9line_p1_p4_2937,133,5,3,应收账款更新,receivable_maturity,receivable,automatic_settlement,False,{},not_applicable,316.0,931.0,,curated_test_scenario_probable_binding,src_0699b8958e7b,origin data/测试数据/五年现金流.md,,,178.0
5a842372b1322c3f,curated_test_scenario,zhejiang_8th_710,zhejiang_8th_rules_v1,,9line_p1_p4_2937,134,5,3,管理费,administrative_fee,period_close,automatic_settlement,False,{},not_applicable,-10.0,921.0,,curated_test_scenario_probable_binding,src_0699b8958e7b,origin data/测试数据/五年现金流.md,,,179.0
df0ad20cfb365c41,curated_test_scenario,zhejiang_8th_710,zhejiang_8th_rules_v1,,9line_p1_p4_2937,135,5,4,短贷还款,short_loan_principal_payment,finance,committed_settlement,False,{},not_applicable,-549.0,372.0,,curated_test_scenario_probable_binding,src_0699b8958e7b,origin data/测试数据/五年现金流.md,,,180.0
db6558226e0a75aa,curated_test_scenario,zhejiang_8th_710,zhejiang_8th_rules_v1,,9line_p1_p4_2937,136,5,4,短贷利息,short_loan_interest_payment,finance,committed_settlement,False,{},not_applicable,-27.0,345.0,,curated_test_scenario_probable_binding,src_0699b8958e7b,origin data/测试数据/五年现金流.md,,,181.0
01e8e6d9f6014bf9,curated_test_scenario,zhejiang_8th_710,zhejiang_8th_rules_v1,,9line_p1_p4_2937,137,5,4,申请短贷,short_loan_borrow,finance,conditional_decision,True,{},partial,549.0,894.0,,curated_test_scenario_probable_binding,src_0699b8958e7b,origin data/测试数据/五年现金流.md,,,182.0
85717750ca472750,curated_test_scenario,zhejiang_8th_710,zhejiang_8th_rules_v1,,9line_p1_p4_2937,138,5,4,应收账款更新,receivable_maturity,receivable,automatic_settlement,False,{},not_applicable,350.0,1244.0,,curated_test_scenario_probable_binding,src_0699b8958e7b,origin data/测试数据/五年现金流.md,,,183.0
da41b12bc86811fd,curated_test_scenario,zhejiang_8th_710,zhejiang_8th_rules_v1,,9line_p1_p4_2937,139,5,4,厂房租转买,factory_rent_to_buy,capacity,conditional_decision,True,{},partial,-750.0,494.0,,curated_test_scenario_probable_binding,src_0699b8958e7b,origin data/测试数据/五年现金流.md,,,184.0
c126dd4af4b82a0a,curated_test_scenario,zhejiang_8th_710,zhejiang_8th_rules_v1,,9line_p1_p4_2937,140,5,4,维护费,maintenance,period_close,automatic_settlement,False,{},not_applicable,-54.0,440.0,,curated_test_scenario_probable_binding,src_0699b8958e7b,origin data/测试数据/五年现金流.md,,,185.0
74184d0f5404e47b,curated_test_scenario,zhejiang_8th_710,zhejiang_8th_rules_v1,,9line_p1_p4_2937,141,5,4,管理费,administrative_fee,period_close,automatic_settlement,False,{},not_applicable,-10.0,430.0,,curated_test_scenario_probable_binding,src_0699b8958e7b,origin data/测试数据/五年现金流.md,,,186.0
