record_id,competition_id,rule_version,snapshot_year,team_id,line_type,factory,product_id,state,accumulated_depreciation_wan,production_start_year,production_start_quarter,conversion_time_raw,remaining_time_raw,completion_year,completion_quarter,construction_start_raw,source_id,source_path,source_sheet,source_row
7e9ef3f38a446c4f,historical_600_unknown_rule,unknown,1,ZY07,自动线,大厂房(51),P2,在产,90.0,5.0,4.0,-,0季,2,1,第1年2季,src_30b4ccc518f2,origin data/VPD-OE_Agent_20260709/VPD-OE_Agent/data/raw/ZY/1.xls,生产线信息,3
8a9e3a73afc897b6,historical_600_unknown_rule,unknown,1,ZY07,自动线,大厂房(51),P2,在产,90.0,5.0,4.0,-,0季,2,1,第1年2季,src_30b4ccc518f2,origin data/VPD-OE_Agent_20260709/VPD-OE_Agent/data/raw/ZY/1.xls,生产线信息,4
8c2b939f8bcb78a8,historical_600_unknown_rule,unknown,1,ZY07,自动线,大厂房(51),P3,在产,90.0,5.0,4.0,-,0季,2,1,第1年2季,src_30b4ccc518f2,origin data/VPD-OE_Agent_20260709/VPD-OE_Agent/data/raw/ZY/1.xls,生产线信息,5
aa2ac140e9406235,historical_600_unknown_rule,unknown,1,ZY07,自动线,大厂房(51),P3,在产,90.0,5.0,4.0,-,0季,2,1,第1年2季,src_30b4ccc518f2,origin data/VPD-OE_Agent_20260709/VPD-OE_Agent/data/raw/ZY/1.xls,生产线信息,6
5b5d178e2fa795be,historical_600_unknown_rule,unknown,1,ZY05,自动线,大厂房(64),P2,空闲,90.0,,,-,0季,2,1,第1年1季,src_30b4ccc518f2,origin data/VPD-OE_Agent_20260709/VPD-OE_Agent/data/raw/ZY/1.xls,生产线信息,7
cd47d26740e88d2a,historical_600_unknown_rule,unknown,1,ZY05,自动线,大厂房(64),P2,空闲,90.0,,,-,0季,2,1,第1年1季,src_30b4ccc518f2,origin data/VPD-OE_Agent_20260709/VPD-OE_Agent/data/raw/ZY/1.xls,生产线信息,8
4dc1da5bb66e9685,historical_600_unknown_rule,unknown,1,ZY05,自动线,大厂房(64),P3,空闲,90.0,,,-,0季,2,1,第1年1季,src_30b4ccc518f2,origin data/VPD-OE_Agent_20260709/VPD-OE_Agent/data/raw/ZY/1.xls,生产线信息,9
262b34248643445a,historical_600_unknown_rule,unknown,1,ZY05,自动线,大厂房(64),P3,空闲,90.0,,,-,0季,2,1,第1年1季,src_30b4ccc518f2,origin data/VPD-OE_Agent_20260709/VPD-OE_Agent/data/raw/ZY/1.xls,生产线信息,10
720f92dee4bb092e,historical_600_unknown_rule,unknown,1,ZY14,自动线,大厂房(61),P2,在产,90.0,5.0,4.0,-,0季,2,1,第1年2季,src_30b4ccc518f2,origin data/VPD-OE_Agent_20260709/VPD-OE_Agent/data/raw/ZY/1.xls,生产线信息,11
7c8a90e2573f75da,historical_600_unknown_rule,unknown,1,ZY14,自动线,大厂房(61),P2,在产,90.0,5.0,4.0,-,0季,2,1,第1年2季,src_30b4ccc518f2,origin data/VPD-OE_Agent_20260709/VPD-OE_Agent/data/raw/ZY/1.xls,生产线信息,12
c857ce95b50daeea,historical_600_unknown_rule,unknown,1,ZY14,自动线,大厂房(61),P3,在产,90.0,5.0,4.0,-,0季,2,1,第1年2季,src_30b4ccc518f2,origin data/VPD-OE_Agent_20260709/VPD-OE_Agent/data/raw/ZY/1.xls,生产线信息,13
6b8d556665c5cf29,historical_600_unknown_rule,unknown,1,ZY14,自动线,大厂房(61),P3,在产,90.0,5.0,4.0,-,0季,2,1,第1年2季,src_30b4ccc518f2,origin data/VPD-OE_Agent_20260709/VPD-OE_Agent/data/raw/ZY/1.xls,生产线信息,14
2a9585ca94df8b05,historical_600_unknown_rule,unknown,1,ZY04,自动线,大厂房(49),P2,空闲,90.0,,,-,0季,2,1,第1年2季,src_30b4ccc518f2,origin data/VPD-OE_Agent_20260709/VPD-OE_Agent/data/raw/ZY/1.xls,生产线信息,15
50ec804c73eb87a6,historical_600_unknown_rule,unknown,1,ZY04,自动线,大厂房(49),P2,空闲,90.0,,,-,0季,2,1,第1年2季,src_30b4ccc518f2,origin data/VPD-OE_Agent_20260709/VPD-OE_Agent/data/raw/ZY/1.xls,生产线信息,16
7a59742a360dea8f,historical_600_unknown_rule,unknown,1,ZY04,自动线,大厂房(49),P3,空闲,90.0,,,-,0季,2,1,第1年2季,src_30b4ccc518f2,origin data/VPD-OE_Agent_20260709/VPD-OE_Agent/data/raw/ZY/1.xls,生产线信息,17
11e4d58ccd007568,historical_600_unknown_rule,unknown,1,ZY04,自动线,大厂房(49),P3,空闲,90.0,,,-,0季,2,1,第1年2季,src_30b4ccc518f2,origin data/VPD-OE_Agent_20260709/VPD-OE_Agent/data/raw/ZY/1.xls,生产线信息,18
21464814ee90e62b,historical_600_unknown_rule,unknown,1,ZY05,自动线,大厂房(75),P1,空闲,0.0,,,-,0季,5,1,第4年2季,src_30b4ccc518f2,origin data/VPD-OE_Agent_20260709/VPD-OE_Agent/data/raw/ZY/1.xls,生产线信息,19
c7556496b742e2f4,historical_600_unknown_rule,unknown,1,ZY05,自动线,大厂房(75),P1,空闲,0.0,,,-,0季,5,1,第4年2季,src_30b4ccc518f2,origin data/VPD-OE_Agent_20260709/VPD-OE_Agent/data/raw/ZY/1.xls,生产线信息,20
3c93f58ee6a0cbb2,historical_600_unknown_rule,unknown,1,ZY11,自动线,大厂房(59),P2,在产,90.0,5.0,4.0,-,0季,2,1,第1年2季,src_30b4ccc518f2,origin data/VPD-OE_Agent_20260709/VPD-OE_Agent/data/raw/ZY/1.xls,生产线信息,21
5dcfb885fcad28ec,historical_600_unknown_rule,unknown,1,ZY11,自动线,大厂房(59),P2,在产,90.0,5.0,4.0,-,0季,2,1,第1年2季,src_30b4ccc518f2,origin data/VPD-OE_Agent_20260709/VPD-OE_Agent/data/raw/ZY/1.xls,生产线信息,22
4263793c8b6aeb4b,historical_600_unknown_rule,unknown,1,ZY11,自动线,大厂房(59),P2,在产,90.0,5.0,4.0,-,0季,2,1,第1年2季,src_30b4ccc518f2,origin data/VPD-OE_Agent_20260709/VPD-OE_Agent/data/raw/ZY/1.xls,生产线信息,23
81ac932012cf2cf6,historical_600_unknown_rule,unknown,1,ZY05,自动线,大厂房(75),P4,空闲,0.0,,,-,0季,5,4,第5年1季,src_30b4ccc518f2,origin data/VPD-OE_Agent_20260709/VPD-OE_Agent/data/raw/ZY/1.xls,生产线信息,24
b8f66ab0a0033207,historical_600_unknown_rule,unknown,1,ZY05,自动线,大厂房(75),P4,空闲,0.0,,,-,0季,5,4,第5年1季,src_30b4ccc518f2,origin data/VPD-OE_Agent_20260709/VPD-OE_Agent/data/raw/ZY/1.xls,生产线信息,25
3b50cb9cfc7489f6,historical_600_unknown_rule,unknown,1,ZY09,柔性线,小厂房(46),P3,空闲,120.0,,,-,0季,2,1,第1年1季,src_30b4ccc518f2,origin data/VPD-OE_Agent_20260709/VPD-OE_Agent/data/raw/ZY/1.xls,生产线信息,26
b2ec548d41365d9f,historical_600_unknown_rule,unknown,1,ZY09,自动线,小厂房(46),P3,空闲,120.0,,,-,0季,1,4,第1年1季,src_30b4ccc518f2,origin data/VPD-OE_Agent_20260709/VPD-OE_Agent/data/raw/ZY/1.xls,生产线信息,27
91fb3b5bc3a55ec8,historical_600_unknown_rule,unknown,1,ZY09,自动线,小厂房(46),P3,空闲,120.0,,,-,0季,1,4,第1年1季,src_30b4ccc518f2,origin data/VPD-OE_Agent_20260709/VPD-OE_Agent/data/raw/ZY/1.xls,生产线信息,28
44da122d9e5b6c48,historical_600_unknown_rule,unknown,1,ZY05,半自动,大厂房(78),P2,空闲,0.0,,,-,0季,5,3,第5年2季,src_30b4ccc518f2,origin data/VPD-OE_Agent_20260709/VPD-OE_Agent/data/raw/ZY/1.xls,生产线信息,29
e604d015fe735c65,historical_600_unknown_rule,unknown,1,ZY05,半自动,大厂房(78),P2,空闲,0.0,,,-,0季,5,3,第5年2季,src_30b4ccc518f2,origin data/VPD-OE_Agent_20260709/VPD-OE_Agent/data/raw/ZY/1.xls,生产线信息,30
5131ddcbcb494d57,historical_600_unknown_rule,unknown,1,ZY05,半自动,大厂房(78),P3,空闲,0.0,,,-,0季,5,3,第5年2季,src_30b4ccc518f2,origin data/VPD-OE_Agent_20260709/VPD-OE_Agent/data/raw/ZY/1.xls,生产线信息,31
801c1b28e2eff060,historical_600_unknown_rule,unknown,1,ZY05,半自动,大厂房(78),P3,空闲,0.0,,,-,0季,5,3,第5年2季,src_30b4ccc518f2,origin data/VPD-OE_Agent_20260709/VPD-OE_Agent/data/raw/ZY/1.xls,生产线信息,32
b189daf18525441c,historical_600_unknown_rule,unknown,1,ZY05,半自动,大厂房(81),P2,空闲,0.0,,,-,0季,5,4,第5年3季,src_30b4ccc518f2,origin data/VPD-OE_Agent_20260709/VPD-OE_Agent/data/raw/ZY/1.xls,生产线信息,33
42216d0b7b31e3b4,historical_600_unknown_rule,unknown,1,ZY05,半自动,大厂房(81),P3,空闲,0.0,,,-,0季,5,4,第5年3季,src_30b4ccc518f2,origin data/VPD-OE_Agent_20260709/VPD-OE_Agent/data/raw/ZY/1.xls,生产线信息,34
74546c6faa0a3602,historical_600_unknown_rule,unknown,1,ZY05,半自动,大厂房(81),P1,空闲,0.0,,,-,0季,5,4,第5年3季,src_30b4ccc518f2,origin data/VPD-OE_Agent_20260709/VPD-OE_Agent/data/raw/ZY/1.xls,生产线信息,35
153338381d29c51a,historical_600_unknown_rule,unknown,1,ZY05,半自动,大厂房(81),P4,空闲,0.0,,,-,0季,5,4,第5年3季,src_30b4ccc518f2,origin data/VPD-OE_Agent_20260709/VPD-OE_Agent/data/raw/ZY/1.xls,生产线信息,36
e766b3c4c709cf17,historical_600_unknown_rule,unknown,1,ZY08,自动线,大厂房(47),P1,空闲,90.0,,,-,0季,2,1,第1年1季,src_30b4ccc518f2,origin data/VPD-OE_Agent_20260709/VPD-OE_Agent/data/raw/ZY/1.xls,生产线信息,37
431c7ec8263849ed,historical_600_unknown_rule,unknown,1,ZY08,自动线,大厂房(47),P4,空闲,90.0,,,-,0季,2,1,第1年1季,src_30b4ccc518f2,origin data/VPD-OE_Agent_20260709/VPD-OE_Agent/data/raw/ZY/1.xls,生产线信息,38
db5fe6b594dd979c,historical_600_unknown_rule,unknown,1,ZY08,自动线,大厂房(47),P1,空闲,90.0,,,-,0季,2,1,第1年1季,src_30b4ccc518f2,origin data/VPD-OE_Agent_20260709/VPD-OE_Agent/data/raw/ZY/1.xls,生产线信息,39
77a877b519d74258,historical_600_unknown_rule,unknown,1,ZY08,自动线,大厂房(47),P4,空闲,60.0,,,-,0季,3,1,第2年1季,src_30b4ccc518f2,origin data/VPD-OE_Agent_20260709/VPD-OE_Agent/data/raw/ZY/1.xls,生产线信息,40
cda4947ffe977a96,historical_600_unknown_rule,unknown,1,ZY08,自动线,小厂房(71),P4,空闲,0.0,,,-,0季,5,2,第4年3季,src_30b4ccc518f2,origin data/VPD-OE_Agent_20260709/VPD-OE_Agent/data/raw/ZY/1.xls,生产线信息,41
55e4191906426188,historical_600_unknown_rule,unknown,1,ZY08,手工线,小厂房(71),P4,空闲,0.0,,,-,0季,5,1,第5年1季,src_30b4ccc518f2,origin data/VPD-OE_Agent_20260709/VPD-OE_Agent/data/raw/ZY/1.xls,生产线信息,42
1aedfab11d4b13d6,historical_600_unknown_rule,unknown,1,ZY08,手工线,小厂房(71),P4,空闲,0.0,,,-,0季,5,1,第5年1季,src_30b4ccc518f2,origin data/VPD-OE_Agent_20260709/VPD-OE_Agent/data/raw/ZY/1.xls,生产线信息,43
ecb36322eb4b2ba3,historical_600_unknown_rule,unknown,1,ZY04,手工线,大厂房(83),P1,空闲,0.0,,,-,0季,5,4,第5年4季,src_30b4ccc518f2,origin data/VPD-OE_Agent_20260709/VPD-OE_Agent/data/raw/ZY/1.xls,生产线信息,44
61ed6d74031819e1,historical_600_unknown_rule,unknown,1,ZY04,手工线,大厂房(83),P1,空闲,0.0,,,-,0季,5,4,第5年4季,src_30b4ccc518f2,origin data/VPD-OE_Agent_20260709/VPD-OE_Agent/data/raw/ZY/1.xls,生产线信息,45
dbd4bf803c7d527d,historical_600_unknown_rule,unknown,1,ZY04,手工线,大厂房(83),P1,空闲,0.0,,,-,0季,5,4,第5年4季,src_30b4ccc518f2,origin data/VPD-OE_Agent_20260709/VPD-OE_Agent/data/raw/ZY/1.xls,生产线信息,46
3191fd22124a3738,historical_600_unknown_rule,unknown,1,ZY04,手工线,大厂房(83),P1,空闲,0.0,,,-,0季,5,4,第5年4季,src_30b4ccc518f2,origin data/VPD-OE_Agent_20260709/VPD-OE_Agent/data/raw/ZY/1.xls,生产线信息,47
b42a7ca718d65612,historical_600_unknown_rule,unknown,1,ZY10,自动线,大厂房(54),P3,空闲,90.0,,,-,0季,2,1,第1年2季,src_30b4ccc518f2,origin data/VPD-OE_Agent_20260709/VPD-OE_Agent/data/raw/ZY/1.xls,生产线信息,48
7d1bfe0799804271,historical_600_unknown_rule,unknown,1,ZY10,自动线,大厂房(54),P4,空闲,90.0,,,-,0季,2,1,第1年2季,src_30b4ccc518f2,origin data/VPD-OE_Agent_20260709/VPD-OE_Agent/data/raw/ZY/1.xls,生产线信息,49
03c87e57c140c0b9,historical_600_unknown_rule,unknown,1,ZY10,自动线,大厂房(54),P4,空闲,90.0,,,-,0季,2,1,第1年2季,src_30b4ccc518f2,origin data/VPD-OE_Agent_20260709/VPD-OE_Agent/data/raw/ZY/1.xls,生产线信息,50
9b87c5c694650236,historical_600_unknown_rule,unknown,1,ZY10,自动线,大厂房(54),P4,空闲,90.0,,,-,0季,2,1,第1年2季,src_30b4ccc518f2,origin data/VPD-OE_Agent_20260709/VPD-OE_Agent/data/raw/ZY/1.xls,生产线信息,51
9865147049dee0c3,historical_600_unknown_rule,unknown,1,ZY10,手工线,小厂房(74),P1,空闲,10.0,,,-,0季,4,2,第4年2季,src_30b4ccc518f2,origin data/VPD-OE_Agent_20260709/VPD-OE_Agent/data/raw/ZY/1.xls,生产线信息,52
fce77a9a800f747a,historical_600_unknown_rule,unknown,1,ZY10,手工线,小厂房(74),P1,空闲,10.0,,,-,0季,4,2,第4年2季,src_30b4ccc518f2,origin data/VPD-OE_Agent_20260709/VPD-OE_Agent/data/raw/ZY/1.xls,生产线信息,53
77ee8cfd7cf1bb14,historical_600_unknown_rule,unknown,1,ZY10,手工线,小厂房(74),P1,空闲,10.0,,,-,0季,4,2,第4年2季,src_30b4ccc518f2,origin data/VPD-OE_Agent_20260709/VPD-OE_Agent/data/raw/ZY/1.xls,生产线信息,54
8d1c2a5e71501caf,historical_600_unknown_rule,unknown,1,ZY10,手工线,小厂房(85),P3,空闲,0.0,,,-,0季,5,1,第5年1季,src_30b4ccc518f2,origin data/VPD-OE_Agent_20260709/VPD-OE_Agent/data/raw/ZY/1.xls,生产线信息,55
af0a1e7b69b7c53f,historical_600_unknown_rule,unknown,1,ZY10,手工线,小厂房(85),P3,空闲,0.0,,,-,0季,5,1,第5年1季,src_30b4ccc518f2,origin data/VPD-OE_Agent_20260709/VPD-OE_Agent/data/raw/ZY/1.xls,生产线信息,56
0ce0d2f9676d1255,historical_600_unknown_rule,unknown,1,ZY10,手工线,小厂房(85),P3,空闲,0.0,,,-,0季,5,1,第5年1季,src_30b4ccc518f2,origin data/VPD-OE_Agent_20260709/VPD-OE_Agent/data/raw/ZY/1.xls,生产线信息,57
b5a793c76f458d4d,historical_600_unknown_rule,unknown,1,ZY15,自动线,大厂房(43),P4,空闲,90.0,,,-,0季,2,2,第1年3季,src_30b4ccc518f2,origin data/VPD-OE_Agent_20260709/VPD-OE_Agent/data/raw/ZY/1.xls,生产线信息,58
df2ff75856079107,historical_600_unknown_rule,unknown,1,ZY15,自动线,大厂房(43),P4,空闲,90.0,,,-,0季,2,2,第1年3季,src_30b4ccc518f2,origin data/VPD-OE_Agent_20260709/VPD-OE_Agent/data/raw/ZY/1.xls,生产线信息,59
d4ffc5e9331e04a6,historical_600_unknown_rule,unknown,1,ZY15,自动线,大厂房(43),P4,空闲,60.0,,,-,0季,3,1,第2年2季,src_30b4ccc518f2,origin data/VPD-OE_Agent_20260709/VPD-OE_Agent/data/raw/ZY/1.xls,生产线信息,60
03cb9a98966935cd,historical_600_unknown_rule,unknown,1,ZY15,自动线,大厂房(43),P4,空闲,60.0,,,-,0季,3,1,第2年2季,src_30b4ccc518f2,origin data/VPD-OE_Agent_20260709/VPD-OE_Agent/data/raw/ZY/1.xls,生产线信息,61
256b27e8bb024dd9,historical_600_unknown_rule,unknown,1,ZY03,自动线,大厂房(58),P2,空闲,90.0,,,-,0季,2,1,第1年2季,src_30b4ccc518f2,origin data/VPD-OE_Agent_20260709/VPD-OE_Agent/data/raw/ZY/1.xls,生产线信息,62
6b5f3bb99d2b9e98,historical_600_unknown_rule,unknown,1,ZY03,自动线,大厂房(58),P2,空闲,90.0,,,-,0季,2,1,第1年2季,src_30b4ccc518f2,origin data/VPD-OE_Agent_20260709/VPD-OE_Agent/data/raw/ZY/1.xls,生产线信息,63
16373e8ed7257f09,historical_600_unknown_rule,unknown,1,ZY03,自动线,大厂房(58),P3,空闲,90.0,,,-,0季,2,1,第1年2季,src_30b4ccc518f2,origin data/VPD-OE_Agent_20260709/VPD-OE_Agent/data/raw/ZY/1.xls,生产线信息,64
5f7eb9e8d7c89d13,historical_600_unknown_rule,unknown,1,ZY03,自动线,大厂房(58),P3,空闲,90.0,,,-,0季,2,1,第1年2季,src_30b4ccc518f2,origin data/VPD-OE_Agent_20260709/VPD-OE_Agent/data/raw/ZY/1.xls,生产线信息,65
3d654cc191f613c5,historical_600_unknown_rule,unknown,1,ZY03,自动线,大厂房(76),P2,空闲,0.0,,,-,0季,5,1,第4年2季,src_30b4ccc518f2,origin data/VPD-OE_Agent_20260709/VPD-OE_Agent/data/raw/ZY/1.xls,生产线信息,66
85adb0482de2c6c0,historical_600_unknown_rule,unknown,1,ZY03,自动线,大厂房(76),P2,空闲,0.0,,,-,0季,5,1,第4年2季,src_30b4ccc518f2,origin data/VPD-OE_Agent_20260709/VPD-OE_Agent/data/raw/ZY/1.xls,生产线信息,67
4804b22ca5cd1dfc,historical_600_unknown_rule,unknown,1,ZY03,自动线,大厂房(76),P3,空闲,0.0,,,-,0季,5,1,第4年2季,src_30b4ccc518f2,origin data/VPD-OE_Agent_20260709/VPD-OE_Agent/data/raw/ZY/1.xls,生产线信息,68
19930096eeb2f35d,historical_600_unknown_rule,unknown,1,ZY03,自动线,大厂房(76),P3,空闲,0.0,,,-,0季,5,1,第4年2季,src_30b4ccc518f2,origin data/VPD-OE_Agent_20260709/VPD-OE_Agent/data/raw/ZY/1.xls,生产线信息,69
9e034c85f49e0321,historical_600_unknown_rule,unknown,1,ZY03,自动线,大厂房(86),P2,空闲,0.0,,,-,0季,5,4,第5年1季,src_30b4ccc518f2,origin data/VPD-OE_Agent_20260709/VPD-OE_Agent/data/raw/ZY/1.xls,生产线信息,70
22af42d9af8db7e9,historical_600_unknown_rule,unknown,1,ZY03,自动线,大厂房(86),P2,空闲,0.0,,,-,0季,5,4,第5年1季,src_30b4ccc518f2,origin data/VPD-OE_Agent_20260709/VPD-OE_Agent/data/raw/ZY/1.xls,生产线信息,71
dcfe4a7ebbf06557,historical_600_unknown_rule,unknown,1,ZY03,自动线,大厂房(86),P3,空闲,0.0,,,-,0季,5,4,第5年1季,src_30b4ccc518f2,origin data/VPD-OE_Agent_20260709/VPD-OE_Agent/data/raw/ZY/1.xls,生产线信息,72
433dec7f57f059ac,historical_600_unknown_rule,unknown,1,ZY03,自动线,大厂房(86),P3,空闲,0.0,,,-,0季,5,4,第5年1季,src_30b4ccc518f2,origin data/VPD-OE_Agent_20260709/VPD-OE_Agent/data/raw/ZY/1.xls,生产线信息,73
c2e89bfab240f688,historical_600_unknown_rule,unknown,1,ZY10,半自动,大厂房(88),P1,空闲,0.0,,,-,0季,5,4,第5年3季,src_30b4ccc518f2,origin data/VPD-OE_Agent_20260709/VPD-OE_Agent/data/raw/ZY/1.xls,生产线信息,74
8d75cedc7dad4ff4,historical_600_unknown_rule,unknown,1,ZY10,半自动,大厂房(88),P1,空闲,0.0,,,-,0季,5,4,第5年3季,src_30b4ccc518f2,origin data/VPD-OE_Agent_20260709/VPD-OE_Agent/data/raw/ZY/1.xls,生产线信息,75
6c78442692dbe24a,historical_600_unknown_rule,unknown,1,ZY10,半自动,大厂房(88),P1,空闲,0.0,,,-,0季,5,4,第5年3季,src_30b4ccc518f2,origin data/VPD-OE_Agent_20260709/VPD-OE_Agent/data/raw/ZY/1.xls,生产线信息,76
e263c5b61c5be1fb,historical_600_unknown_rule,unknown,1,ZY10,半自动,大厂房(88),P1,空闲,0.0,,,-,0季,5,4,第5年3季,src_30b4ccc518f2,origin data/VPD-OE_Agent_20260709/VPD-OE_Agent/data/raw/ZY/1.xls,生产线信息,77
2b46086cd2fb7305,historical_600_unknown_rule,unknown,1,ZY16,自动线,大厂房(55),P2,在产,90.0,5.0,4.0,-,0季,2,1,第1年2季,src_30b4ccc518f2,origin data/VPD-OE_Agent_20260709/VPD-OE_Agent/data/raw/ZY/1.xls,生产线信息,78
31d756c5e8bfdb5a,historical_600_unknown_rule,unknown,1,ZY16,自动线,大厂房(55),P2,在产,90.0,5.0,4.0,-,0季,2,1,第1年2季,src_30b4ccc518f2,origin data/VPD-OE_Agent_20260709/VPD-OE_Agent/data/raw/ZY/1.xls,生产线信息,79
7ead89cb57b2c19a,historical_600_unknown_rule,unknown,1,ZY16,自动线,大厂房(55),P2,在产,90.0,5.0,4.0,-,0季,2,1,第1年2季,src_30b4ccc518f2,origin data/VPD-OE_Agent_20260709/VPD-OE_Agent/data/raw/ZY/1.xls,生产线信息,80
64d0e36c1ab8da30,historical_600_unknown_rule,unknown,1,ZY16,自动线,大厂房(55),P2,在产,30.0,5.0,4.0,-,0季,4,1,第3年2季,src_30b4ccc518f2,origin data/VPD-OE_Agent_20260709/VPD-OE_Agent/data/raw/ZY/1.xls,生产线信息,81
48f5e7320e881d0d,historical_600_unknown_rule,unknown,1,ZY13,自动线,大厂房(62),P4,空闲,90.0,,,-,0季,2,2,第1年3季,src_30b4ccc518f2,origin data/VPD-OE_Agent_20260709/VPD-OE_Agent/data/raw/ZY/1.xls,生产线信息,82
a380f2d71b78362b,historical_600_unknown_rule,unknown,1,ZY13,自动线,大厂房(62),P3,空闲,90.0,,,-,0季,2,2,第1年3季,src_30b4ccc518f2,origin data/VPD-OE_Agent_20260709/VPD-OE_Agent/data/raw/ZY/1.xls,生产线信息,83
df7e7a7824fa7fcb,historical_600_unknown_rule,unknown,1,ZY13,自动线,大厂房(62),P3,空闲,90.0,,,-,0季,2,2,第1年3季,src_30b4ccc518f2,origin data/VPD-OE_Agent_20260709/VPD-OE_Agent/data/raw/ZY/1.xls,生产线信息,84
80873151385bd3f1,historical_600_unknown_rule,unknown,1,ZY13,自动线,大厂房(62),P3,空闲,90.0,,,-,0季,2,2,第1年3季,src_30b4ccc518f2,origin data/VPD-OE_Agent_20260709/VPD-OE_Agent/data/raw/ZY/1.xls,生产线信息,85
98f38753998be909,historical_600_unknown_rule,unknown,1,ZY13,自动线,大厂房(63),P3,空闲,90.0,,,-,0季,2,2,第1年3季,src_30b4ccc518f2,origin data/VPD-OE_Agent_20260709/VPD-OE_Agent/data/raw/ZY/1.xls,生产线信息,86
c30d271717020dbf,historical_600_unknown_rule,unknown,1,ZY13,自动线,大厂房(63),P3,空闲,30.0,,,-,0季,4,2,第3年3季,src_30b4ccc518f2,origin data/VPD-OE_Agent_20260709/VPD-OE_Agent/data/raw/ZY/1.xls,生产线信息,87
046ca90dc018d937,historical_600_unknown_rule,unknown,1,ZY13,自动线,大厂房(63),P3,空闲,30.0,,,-,0季,4,3,第3年3季,src_30b4ccc518f2,origin data/VPD-OE_Agent_20260709/VPD-OE_Agent/data/raw/ZY/1.xls,生产线信息,88
ba0b380c434486c5,historical_600_unknown_rule,unknown,1,ZY13,自动线,大厂房(63),P3,空闲,30.0,,,-,0季,4,3,第3年3季,src_30b4ccc518f2,origin data/VPD-OE_Agent_20260709/VPD-OE_Agent/data/raw/ZY/1.xls,生产线信息,89
78fb501fb2d19a47,historical_600_unknown_rule,unknown,1,ZY17,自动线,大厂房(48),P2,空闲,90.0,,,-,0季,2,1,第1年1季,src_30b4ccc518f2,origin data/VPD-OE_Agent_20260709/VPD-OE_Agent/data/raw/ZY/1.xls,生产线信息,90
5d2c70af18008592,historical_600_unknown_rule,unknown,1,ZY17,自动线,大厂房(48),P2,空闲,90.0,,,-,0季,2,1,第1年1季,src_30b4ccc518f2,origin data/VPD-OE_Agent_20260709/VPD-OE_Agent/data/raw/ZY/1.xls,生产线信息,91
3824cbd4ecb4b323,historical_600_unknown_rule,unknown,1,ZY17,自动线,大厂房(48),P4,空闲,90.0,,,-,0季,2,1,第1年1季,src_30b4ccc518f2,origin data/VPD-OE_Agent_20260709/VPD-OE_Agent/data/raw/ZY/1.xls,生产线信息,92
78e10967e6ebdcf7,historical_600_unknown_rule,unknown,1,ZY17,自动线,大厂房(48),P4,空闲,90.0,,,-,0季,2,1,第1年1季,src_30b4ccc518f2,origin data/VPD-OE_Agent_20260709/VPD-OE_Agent/data/raw/ZY/1.xls,生产线信息,93
4a54c00af9acc953,historical_600_unknown_rule,unknown,1,ZY17,自动线,小厂房(70),P4,空闲,30.0,,,-,0季,4,1,第3年2季,src_30b4ccc518f2,origin data/VPD-OE_Agent_20260709/VPD-OE_Agent/data/raw/ZY/1.xls,生产线信息,94
1f1dbb72787af2a8,historical_600_unknown_rule,unknown,1,ZY17,自动线,小厂房(70),P1,空闲,0.0,,,-,0季,5,1,第4年2季,src_30b4ccc518f2,origin data/VPD-OE_Agent_20260709/VPD-OE_Agent/data/raw/ZY/1.xls,生产线信息,95
8c5c3f07116a4468,historical_600_unknown_rule,unknown,1,ZY17,自动线,小厂房(70),P1,空闲,0.0,,,-,0季,5,1,第4年2季,src_30b4ccc518f2,origin data/VPD-OE_Agent_20260709/VPD-OE_Agent/data/raw/ZY/1.xls,生产线信息,96
a43d2d78bfaba1bd,historical_600_unknown_rule,unknown,1,ZY17,自动线,大厂房(80),P4,空闲,0.0,,,-,0季,5,4,第5年1季,src_30b4ccc518f2,origin data/VPD-OE_Agent_20260709/VPD-OE_Agent/data/raw/ZY/1.xls,生产线信息,97
dec5c98be0513777,historical_600_unknown_rule,unknown,1,ZY17,自动线,大厂房(80),P4,空闲,0.0,,,-,0季,5,4,第5年1季,src_30b4ccc518f2,origin data/VPD-OE_Agent_20260709/VPD-OE_Agent/data/raw/ZY/1.xls,生产线信息,98
0c45c47aadb2971c,historical_600_unknown_rule,unknown,1,ZY17,自动线,大厂房(80),P1,空闲,0.0,,,-,0季,5,4,第5年1季,src_30b4ccc518f2,origin data/VPD-OE_Agent_20260709/VPD-OE_Agent/data/raw/ZY/1.xls,生产线信息,99
c41ac33da28584cc,historical_600_unknown_rule,unknown,1,ZY17,自动线,大厂房(80),P1,空闲,0.0,,,-,0季,5,4,第5年1季,src_30b4ccc518f2,origin data/VPD-OE_Agent_20260709/VPD-OE_Agent/data/raw/ZY/1.xls,生产线信息,100
65b28a6b1c2c0f81,historical_600_unknown_rule,unknown,1,ZY02,自动线,大厂房(52),P2,在产,120.0,5.0,4.0,-,0季,1,4,第1年1季,src_30b4ccc518f2,origin data/VPD-OE_Agent_20260709/VPD-OE_Agent/data/raw/ZY/1.xls,生产线信息,101
da09489471257319,historical_600_unknown_rule,unknown,1,ZY02,自动线,大厂房(52),P3,在产,120.0,5.0,4.0,-,0季,1,4,第1年1季,src_30b4ccc518f2,origin data/VPD-OE_Agent_20260709/VPD-OE_Agent/data/raw/ZY/1.xls,生产线信息,102
1bb1524fb6caed76,historical_600_unknown_rule,unknown,1,ZY02,自动线,大厂房(52),P3,在产,90.0,5.0,4.0,-,0季,2,4,第2年1季,src_30b4ccc518f2,origin data/VPD-OE_Agent_20260709/VPD-OE_Agent/data/raw/ZY/1.xls,生产线信息,103
4caedf8a57fe69e4,historical_600_unknown_rule,unknown,1,ZY06,自动线,大厂房(60),P4,空闲,90.0,,,-,0季,2,2,第1年3季,src_30b4ccc518f2,origin data/VPD-OE_Agent_20260709/VPD-OE_Agent/data/raw/ZY/1.xls,生产线信息,104
e9ece3cafa005196,historical_600_unknown_rule,unknown,1,ZY06,自动线,大厂房(60),P4,空闲,90.0,,,-,0季,2,2,第1年3季,src_30b4ccc518f2,origin data/VPD-OE_Agent_20260709/VPD-OE_Agent/data/raw/ZY/1.xls,生产线信息,105
0e44208b9962c707,historical_600_unknown_rule,unknown,1,ZY06,自动线,大厂房(60),P4,空闲,90.0,,,-,0季,2,2,第1年3季,src_30b4ccc518f2,origin data/VPD-OE_Agent_20260709/VPD-OE_Agent/data/raw/ZY/1.xls,生产线信息,106
c6de99724947f428,historical_600_unknown_rule,unknown,1,ZY06,自动线,大厂房(60),P4,空闲,90.0,,,-,0季,2,2,第1年3季,src_30b4ccc518f2,origin data/VPD-OE_Agent_20260709/VPD-OE_Agent/data/raw/ZY/1.xls,生产线信息,107
ff5cb8aadefd231d,historical_600_unknown_rule,unknown,1,ZY06,手工线,大厂房(100),P4,空闲,0.0,,,-,0季,5,4,第5年4季,src_30b4ccc518f2,origin data/VPD-OE_Agent_20260709/VPD-OE_Agent/data/raw/ZY/1.xls,生产线信息,108
ba0dbfb029aa7cd3,historical_600_unknown_rule,unknown,1,ZY06,手工线,大厂房(100),P4,空闲,0.0,,,-,0季,5,4,第5年4季,src_30b4ccc518f2,origin data/VPD-OE_Agent_20260709/VPD-OE_Agent/data/raw/ZY/1.xls,生产线信息,109
39a6993590db924a,historical_600_unknown_rule,unknown,1,ZY06,手工线,大厂房(100),P4,空闲,0.0,,,-,0季,5,4,第5年4季,src_30b4ccc518f2,origin data/VPD-OE_Agent_20260709/VPD-OE_Agent/data/raw/ZY/1.xls,生产线信息,110
0cd93f6daa8e4d92,historical_600_unknown_rule,unknown,1,ZY06,手工线,大厂房(100),P4,空闲,0.0,,,-,0季,5,4,第5年4季,src_30b4ccc518f2,origin data/VPD-OE_Agent_20260709/VPD-OE_Agent/data/raw/ZY/1.xls,生产线信息,111
32e846a7916fbdac,historical_600_unknown_rule,unknown,2,ZY07,自动线,大厂房(51),P2,在产,90.0,5.0,4.0,-,0季,2,1,第1年2季,src_914983ebc1ba,origin data/VPD-OE_Agent_20260709/VPD-OE_Agent/data/raw/ZY/2.xls,生产线信息,3
0a6524586688fc1d,historical_600_unknown_rule,unknown,2,ZY07,自动线,大厂房(51),P2,在产,90.0,5.0,4.0,-,0季,2,1,第1年2季,src_914983ebc1ba,origin data/VPD-OE_Agent_20260709/VPD-OE_Agent/data/raw/ZY/2.xls,生产线信息,4
3d359ee69afbfea5,historical_600_unknown_rule,unknown,2,ZY07,自动线,大厂房(51),P3,在产,90.0,5.0,4.0,-,0季,2,1,第1年2季,src_914983ebc1ba,origin data/VPD-OE_Agent_20260709/VPD-OE_Agent/data/raw/ZY/2.xls,生产线信息,5
05ca9983f88fe896,historical_600_unknown_rule,unknown,2,ZY07,自动线,大厂房(51),P3,在产,90.0,5.0,4.0,-,0季,2,1,第1年2季,src_914983ebc1ba,origin data/VPD-OE_Agent_20260709/VPD-OE_Agent/data/raw/ZY/2.xls,生产线信息,6
b3aeed51fe266592,historical_600_unknown_rule,unknown,2,ZY05,自动线,大厂房(64),P2,空闲,90.0,,,-,0季,2,1,第1年1季,src_914983ebc1ba,origin data/VPD-OE_Agent_20260709/VPD-OE_Agent/data/raw/ZY/2.xls,生产线信息,7
cfb1068e1870a197,historical_600_unknown_rule,unknown,2,ZY05,自动线,大厂房(64),P2,空闲,90.0,,,-,0季,2,1,第1年1季,src_914983ebc1ba,origin data/VPD-OE_Agent_20260709/VPD-OE_Agent/data/raw/ZY/2.xls,生产线信息,8
dc5c7063c9045e16,historical_600_unknown_rule,unknown,2,ZY05,自动线,大厂房(64),P3,空闲,90.0,,,-,0季,2,1,第1年1季,src_914983ebc1ba,origin data/VPD-OE_Agent_20260709/VPD-OE_Agent/data/raw/ZY/2.xls,生产线信息,9
0c075cda4155348b,historical_600_unknown_rule,unknown,2,ZY05,自动线,大厂房(64),P3,空闲,90.0,,,-,0季,2,1,第1年1季,src_914983ebc1ba,origin data/VPD-OE_Agent_20260709/VPD-OE_Agent/data/raw/ZY/2.xls,生产线信息,10
809341376ba376d9,historical_600_unknown_rule,unknown,2,ZY14,自动线,大厂房(61),P2,在产,90.0,5.0,4.0,-,0季,2,1,第1年2季,src_914983ebc1ba,origin data/VPD-OE_Agent_20260709/VPD-OE_Agent/data/raw/ZY/2.xls,生产线信息,11
a85b1de58a22bc6f,historical_600_unknown_rule,unknown,2,ZY14,自动线,大厂房(61),P2,在产,90.0,5.0,4.0,-,0季,2,1,第1年2季,src_914983ebc1ba,origin data/VPD-OE_Agent_20260709/VPD-OE_Agent/data/raw/ZY/2.xls,生产线信息,12
547661e2a07e7275,historical_600_unknown_rule,unknown,2,ZY14,自动线,大厂房(61),P3,在产,90.0,5.0,4.0,-,0季,2,1,第1年2季,src_914983ebc1ba,origin data/VPD-OE_Agent_20260709/VPD-OE_Agent/data/raw/ZY/2.xls,生产线信息,13
59854f234743b79d,historical_600_unknown_rule,unknown,2,ZY14,自动线,大厂房(61),P3,在产,90.0,5.0,4.0,-,0季,2,1,第1年2季,src_914983ebc1ba,origin data/VPD-OE_Agent_20260709/VPD-OE_Agent/data/raw/ZY/2.xls,生产线信息,14
680cac4da67be3c1,historical_600_unknown_rule,unknown,2,ZY04,自动线,大厂房(49),P2,空闲,90.0,,,-,0季,2,1,第1年2季,src_914983ebc1ba,origin data/VPD-OE_Agent_20260709/VPD-OE_Agent/data/raw/ZY/2.xls,生产线信息,15
e8017e7b37eab475,historical_600_unknown_rule,unknown,2,ZY04,自动线,大厂房(49),P2,空闲,90.0,,,-,0季,2,1,第1年2季,src_914983ebc1ba,origin data/VPD-OE_Agent_20260709/VPD-OE_Agent/data/raw/ZY/2.xls,生产线信息,16
b18ff48d8e53328d,historical_600_unknown_rule,unknown,2,ZY04,自动线,大厂房(49),P3,空闲,90.0,,,-,0季,2,1,第1年2季,src_914983ebc1ba,origin data/VPD-OE_Agent_20260709/VPD-OE_Agent/data/raw/ZY/2.xls,生产线信息,17
cd4047b47f957e20,historical_600_unknown_rule,unknown,2,ZY04,自动线,大厂房(49),P3,空闲,90.0,,,-,0季,2,1,第1年2季,src_914983ebc1ba,origin data/VPD-OE_Agent_20260709/VPD-OE_Agent/data/raw/ZY/2.xls,生产线信息,18
048cba7e1bdee1d4,historical_600_unknown_rule,unknown,2,ZY05,自动线,大厂房(75),P1,空闲,0.0,,,-,0季,5,1,第4年2季,src_914983ebc1ba,origin data/VPD-OE_Agent_20260709/VPD-OE_Agent/data/raw/ZY/2.xls,生产线信息,19
59edc7aaf4d3a591,historical_600_unknown_rule,unknown,2,ZY05,自动线,大厂房(75),P1,空闲,0.0,,,-,0季,5,1,第4年2季,src_914983ebc1ba,origin data/VPD-OE_Agent_20260709/VPD-OE_Agent/data/raw/ZY/2.xls,生产线信息,20
6cf2177f759639a7,historical_600_unknown_rule,unknown,2,ZY11,自动线,大厂房(59),P2,在产,90.0,5.0,4.0,-,0季,2,1,第1年2季,src_914983ebc1ba,origin data/VPD-OE_Agent_20260709/VPD-OE_Agent/data/raw/ZY/2.xls,生产线信息,21
baf500e08dd01323,historical_600_unknown_rule,unknown,2,ZY11,自动线,大厂房(59),P2,在产,90.0,5.0,4.0,-,0季,2,1,第1年2季,src_914983ebc1ba,origin data/VPD-OE_Agent_20260709/VPD-OE_Agent/data/raw/ZY/2.xls,生产线信息,22
a71926bcaa30ebbc,historical_600_unknown_rule,unknown,2,ZY11,自动线,大厂房(59),P2,在产,90.0,5.0,4.0,-,0季,2,1,第1年2季,src_914983ebc1ba,origin data/VPD-OE_Agent_20260709/VPD-OE_Agent/data/raw/ZY/2.xls,生产线信息,23
292ac16d805757d3,historical_600_unknown_rule,unknown,2,ZY05,自动线,大厂房(75),P4,空闲,0.0,,,-,0季,5,4,第5年1季,src_914983ebc1ba,origin data/VPD-OE_Agent_20260709/VPD-OE_Agent/data/raw/ZY/2.xls,生产线信息,24
7b953784eb4540ea,historical_600_unknown_rule,unknown,2,ZY05,自动线,大厂房(75),P4,空闲,0.0,,,-,0季,5,4,第5年1季,src_914983ebc1ba,origin data/VPD-OE_Agent_20260709/VPD-OE_Agent/data/raw/ZY/2.xls,生产线信息,25
4cbfc7e0dedbf675,historical_600_unknown_rule,unknown,2,ZY09,柔性线,小厂房(46),P3,空闲,120.0,,,-,0季,2,1,第1年1季,src_914983ebc1ba,origin data/VPD-OE_Agent_20260709/VPD-OE_Agent/data/raw/ZY/2.xls,生产线信息,26
671dc326db2fb8e0,historical_600_unknown_rule,unknown,2,ZY09,自动线,小厂房(46),P3,空闲,120.0,,,-,0季,1,4,第1年1季,src_914983ebc1ba,origin data/VPD-OE_Agent_20260709/VPD-OE_Agent/data/raw/ZY/2.xls,生产线信息,27
b648e43c43f6de78,historical_600_unknown_rule,unknown,2,ZY09,自动线,小厂房(46),P3,空闲,120.0,,,-,0季,1,4,第1年1季,src_914983ebc1ba,origin data/VPD-OE_Agent_20260709/VPD-OE_Agent/data/raw/ZY/2.xls,生产线信息,28
2af134ecc5c40de4,historical_600_unknown_rule,unknown,2,ZY05,半自动,大厂房(78),P2,空闲,0.0,,,-,0季,5,3,第5年2季,src_914983ebc1ba,origin data/VPD-OE_Agent_20260709/VPD-OE_Agent/data/raw/ZY/2.xls,生产线信息,29
b1536cdf179d69f3,historical_600_unknown_rule,unknown,2,ZY05,半自动,大厂房(78),P2,空闲,0.0,,,-,0季,5,3,第5年2季,src_914983ebc1ba,origin data/VPD-OE_Agent_20260709/VPD-OE_Agent/data/raw/ZY/2.xls,生产线信息,30
26d7d5123fc68287,historical_600_unknown_rule,unknown,2,ZY05,半自动,大厂房(78),P3,空闲,0.0,,,-,0季,5,3,第5年2季,src_914983ebc1ba,origin data/VPD-OE_Agent_20260709/VPD-OE_Agent/data/raw/ZY/2.xls,生产线信息,31
392979159471ed3f,historical_600_unknown_rule,unknown,2,ZY05,半自动,大厂房(78),P3,空闲,0.0,,,-,0季,5,3,第5年2季,src_914983ebc1ba,origin data/VPD-OE_Agent_20260709/VPD-OE_Agent/data/raw/ZY/2.xls,生产线信息,32
3b0e48c0e25c9fd1,historical_600_unknown_rule,unknown,2,ZY05,半自动,大厂房(81),P2,空闲,0.0,,,-,0季,5,4,第5年3季,src_914983ebc1ba,origin data/VPD-OE_Agent_20260709/VPD-OE_Agent/data/raw/ZY/2.xls,生产线信息,33
efccfa0267146489,historical_600_unknown_rule,unknown,2,ZY05,半自动,大厂房(81),P3,空闲,0.0,,,-,0季,5,4,第5年3季,src_914983ebc1ba,origin data/VPD-OE_Agent_20260709/VPD-OE_Agent/data/raw/ZY/2.xls,生产线信息,34
cdce0691be3e820e,historical_600_unknown_rule,unknown,2,ZY05,半自动,大厂房(81),P1,空闲,0.0,,,-,0季,5,4,第5年3季,src_914983ebc1ba,origin data/VPD-OE_Agent_20260709/VPD-OE_Agent/data/raw/ZY/2.xls,生产线信息,35
087cac8d635368ce,historical_600_unknown_rule,unknown,2,ZY05,半自动,大厂房(81),P4,空闲,0.0,,,-,0季,5,4,第5年3季,src_914983ebc1ba,origin data/VPD-OE_Agent_20260709/VPD-OE_Agent/data/raw/ZY/2.xls,生产线信息,36
1815695be9220ee8,historical_600_unknown_rule,unknown,2,ZY08,自动线,大厂房(47),P1,空闲,90.0,,,-,0季,2,1,第1年1季,src_914983ebc1ba,origin data/VPD-OE_Agent_20260709/VPD-OE_Agent/data/raw/ZY/2.xls,生产线信息,37
682df2f3748491e3,historical_600_unknown_rule,unknown,2,ZY08,自动线,大厂房(47),P4,空闲,90.0,,,-,0季,2,1,第1年1季,src_914983ebc1ba,origin data/VPD-OE_Agent_20260709/VPD-OE_Agent/data/raw/ZY/2.xls,生产线信息,38
1421aeedaf5f7999,historical_600_unknown_rule,unknown,2,ZY08,自动线,大厂房(47),P1,空闲,90.0,,,-,0季,2,1,第1年1季,src_914983ebc1ba,origin data/VPD-OE_Agent_20260709/VPD-OE_Agent/data/raw/ZY/2.xls,生产线信息,39
1000ea64b63ef02a,historical_600_unknown_rule,unknown,2,ZY08,自动线,大厂房(47),P4,空闲,60.0,,,-,0季,3,1,第2年1季,src_914983ebc1ba,origin data/VPD-OE_Agent_20260709/VPD-OE_Agent/data/raw/ZY/2.xls,生产线信息,40
c199cc0dc33dd727,historical_600_unknown_rule,unknown,2,ZY08,自动线,小厂房(71),P4,空闲,0.0,,,-,0季,5,2,第4年3季,src_914983ebc1ba,origin data/VPD-OE_Agent_20260709/VPD-OE_Agent/data/raw/ZY/2.xls,生产线信息,41
88290117395e5a32,historical_600_unknown_rule,unknown,2,ZY08,手工线,小厂房(71),P4,空闲,0.0,,,-,0季,5,1,第5年1季,src_914983ebc1ba,origin data/VPD-OE_Agent_20260709/VPD-OE_Agent/data/raw/ZY/2.xls,生产线信息,42
4099c5963d1120ea,historical_600_unknown_rule,unknown,2,ZY08,手工线,小厂房(71),P4,空闲,0.0,,,-,0季,5,1,第5年1季,src_914983ebc1ba,origin data/VPD-OE_Agent_20260709/VPD-OE_Agent/data/raw/ZY/2.xls,生产线信息,43
6ec925f21d6962c9,historical_600_unknown_rule,unknown,2,ZY04,手工线,大厂房(83),P1,空闲,0.0,,,-,0季,5,4,第5年4季,src_914983ebc1ba,origin data/VPD-OE_Agent_20260709/VPD-OE_Agent/data/raw/ZY/2.xls,生产线信息,44
fa5f877ebdb8dc16,historical_600_unknown_rule,unknown,2,ZY04,手工线,大厂房(83),P1,空闲,0.0,,,-,0季,5,4,第5年4季,src_914983ebc1ba,origin data/VPD-OE_Agent_20260709/VPD-OE_Agent/data/raw/ZY/2.xls,生产线信息,45
952be44da24efc22,historical_600_unknown_rule,unknown,2,ZY04,手工线,大厂房(83),P1,空闲,0.0,,,-,0季,5,4,第5年4季,src_914983ebc1ba,origin data/VPD-OE_Agent_20260709/VPD-OE_Agent/data/raw/ZY/2.xls,生产线信息,46
97e3edeed3df603d,historical_600_unknown_rule,unknown,2,ZY04,手工线,大厂房(83),P1,空闲,0.0,,,-,0季,5,4,第5年4季,src_914983ebc1ba,origin data/VPD-OE_Agent_20260709/VPD-OE_Agent/data/raw/ZY/2.xls,生产线信息,47
d6703891049a0419,historical_600_unknown_rule,unknown,2,ZY10,自动线,大厂房(54),P3,空闲,90.0,,,-,0季,2,1,第1年2季,src_914983ebc1ba,origin data/VPD-OE_Agent_20260709/VPD-OE_Agent/data/raw/ZY/2.xls,生产线信息,48
cbef6e97ba41251d,historical_600_unknown_rule,unknown,2,ZY10,自动线,大厂房(54),P4,空闲,90.0,,,-,0季,2,1,第1年2季,src_914983ebc1ba,origin data/VPD-OE_Agent_20260709/VPD-OE_Agent/data/raw/ZY/2.xls,生产线信息,49
8d07dcf5e279f18c,historical_600_unknown_rule,unknown,2,ZY10,自动线,大厂房(54),P4,空闲,90.0,,,-,0季,2,1,第1年2季,src_914983ebc1ba,origin data/VPD-OE_Agent_20260709/VPD-OE_Agent/data/raw/ZY/2.xls,生产线信息,50
c3efc523256a870f,historical_600_unknown_rule,unknown,2,ZY10,自动线,大厂房(54),P4,空闲,90.0,,,-,0季,2,1,第1年2季,src_914983ebc1ba,origin data/VPD-OE_Agent_20260709/VPD-OE_Agent/data/raw/ZY/2.xls,生产线信息,51
48a3689e9f681b06,historical_600_unknown_rule,unknown,2,ZY10,手工线,小厂房(74),P1,空闲,10.0,,,-,0季,4,2,第4年2季,src_914983ebc1ba,origin data/VPD-OE_Agent_20260709/VPD-OE_Agent/data/raw/ZY/2.xls,生产线信息,52
8e50fc77dab3d1ef,historical_600_unknown_rule,unknown,2,ZY10,手工线,小厂房(74),P1,空闲,10.0,,,-,0季,4,2,第4年2季,src_914983ebc1ba,origin data/VPD-OE_Agent_20260709/VPD-OE_Agent/data/raw/ZY/2.xls,生产线信息,53
dadc2dff379d71fc,historical_600_unknown_rule,unknown,2,ZY10,手工线,小厂房(74),P1,空闲,10.0,,,-,0季,4,2,第4年2季,src_914983ebc1ba,origin data/VPD-OE_Agent_20260709/VPD-OE_Agent/data/raw/ZY/2.xls,生产线信息,54
9147cfbd65c68cf3,historical_600_unknown_rule,unknown,2,ZY10,手工线,小厂房(85),P3,空闲,0.0,,,-,0季,5,1,第5年1季,src_914983ebc1ba,origin data/VPD-OE_Agent_20260709/VPD-OE_Agent/data/raw/ZY/2.xls,生产线信息,55
552e3fd9fb9ebeb9,historical_600_unknown_rule,unknown,2,ZY10,手工线,小厂房(85),P3,空闲,0.0,,,-,0季,5,1,第5年1季,src_914983ebc1ba,origin data/VPD-OE_Agent_20260709/VPD-OE_Agent/data/raw/ZY/2.xls,生产线信息,56
d4aeda5a11dbf343,historical_600_unknown_rule,unknown,2,ZY10,手工线,小厂房(85),P3,空闲,0.0,,,-,0季,5,1,第5年1季,src_914983ebc1ba,origin data/VPD-OE_Agent_20260709/VPD-OE_Agent/data/raw/ZY/2.xls,生产线信息,57
b246a722d4185fb9,historical_600_unknown_rule,unknown,2,ZY15,自动线,大厂房(43),P4,空闲,90.0,,,-,0季,2,2,第1年3季,src_914983ebc1ba,origin data/VPD-OE_Agent_20260709/VPD-OE_Agent/data/raw/ZY/2.xls,生产线信息,58
a86c474b82349014,historical_600_unknown_rule,unknown,2,ZY15,自动线,大厂房(43),P4,空闲,90.0,,,-,0季,2,2,第1年3季,src_914983ebc1ba,origin data/VPD-OE_Agent_20260709/VPD-OE_Agent/data/raw/ZY/2.xls,生产线信息,59
0c6def250228ff53,historical_600_unknown_rule,unknown,2,ZY15,自动线,大厂房(43),P4,空闲,60.0,,,-,0季,3,1,第2年2季,src_914983ebc1ba,origin data/VPD-OE_Agent_20260709/VPD-OE_Agent/data/raw/ZY/2.xls,生产线信息,60
ea8ed4c2f018834e,historical_600_unknown_rule,unknown,2,ZY15,自动线,大厂房(43),P4,空闲,60.0,,,-,0季,3,1,第2年2季,src_914983ebc1ba,origin data/VPD-OE_Agent_20260709/VPD-OE_Agent/data/raw/ZY/2.xls,生产线信息,61
fa2e828e5cd60e3a,historical_600_unknown_rule,unknown,2,ZY03,自动线,大厂房(58),P2,空闲,90.0,,,-,0季,2,1,第1年2季,src_914983ebc1ba,origin data/VPD-OE_Agent_20260709/VPD-OE_Agent/data/raw/ZY/2.xls,生产线信息,62
f04e93e34fe97a51,historical_600_unknown_rule,unknown,2,ZY03,自动线,大厂房(58),P2,空闲,90.0,,,-,0季,2,1,第1年2季,src_914983ebc1ba,origin data/VPD-OE_Agent_20260709/VPD-OE_Agent/data/raw/ZY/2.xls,生产线信息,63
e3576cc4f0e77492,historical_600_unknown_rule,unknown,2,ZY03,自动线,大厂房(58),P3,空闲,90.0,,,-,0季,2,1,第1年2季,src_914983ebc1ba,origin data/VPD-OE_Agent_20260709/VPD-OE_Agent/data/raw/ZY/2.xls,生产线信息,64
6e7b455b3efc63b7,historical_600_unknown_rule,unknown,2,ZY03,自动线,大厂房(58),P3,空闲,90.0,,,-,0季,2,1,第1年2季,src_914983ebc1ba,origin data/VPD-OE_Agent_20260709/VPD-OE_Agent/data/raw/ZY/2.xls,生产线信息,65
f10ead36eba65b5a,historical_600_unknown_rule,unknown,2,ZY03,自动线,大厂房(76),P2,空闲,0.0,,,-,0季,5,1,第4年2季,src_914983ebc1ba,origin data/VPD-OE_Agent_20260709/VPD-OE_Agent/data/raw/ZY/2.xls,生产线信息,66
0db037037fe67d3e,historical_600_unknown_rule,unknown,2,ZY03,自动线,大厂房(76),P2,空闲,0.0,,,-,0季,5,1,第4年2季,src_914983ebc1ba,origin data/VPD-OE_Agent_20260709/VPD-OE_Agent/data/raw/ZY/2.xls,生产线信息,67
b5c710dd01ac2392,historical_600_unknown_rule,unknown,2,ZY03,自动线,大厂房(76),P3,空闲,0.0,,,-,0季,5,1,第4年2季,src_914983ebc1ba,origin data/VPD-OE_Agent_20260709/VPD-OE_Agent/data/raw/ZY/2.xls,生产线信息,68
76e5153dfcbc07e5,historical_600_unknown_rule,unknown,2,ZY03,自动线,大厂房(76),P3,空闲,0.0,,,-,0季,5,1,第4年2季,src_914983ebc1ba,origin data/VPD-OE_Agent_20260709/VPD-OE_Agent/data/raw/ZY/2.xls,生产线信息,69
a6d805b0a95b1781,historical_600_unknown_rule,unknown,2,ZY03,自动线,大厂房(86),P2,空闲,0.0,,,-,0季,5,4,第5年1季,src_914983ebc1ba,origin data/VPD-OE_Agent_20260709/VPD-OE_Agent/data/raw/ZY/2.xls,生产线信息,70
9a9131254905c58d,historical_600_unknown_rule,unknown,2,ZY03,自动线,大厂房(86),P2,空闲,0.0,,,-,0季,5,4,第5年1季,src_914983ebc1ba,origin data/VPD-OE_Agent_20260709/VPD-OE_Agent/data/raw/ZY/2.xls,生产线信息,71
01428f7e9d4d5c90,historical_600_unknown_rule,unknown,2,ZY03,自动线,大厂房(86),P3,空闲,0.0,,,-,0季,5,4,第5年1季,src_914983ebc1ba,origin data/VPD-OE_Agent_20260709/VPD-OE_Agent/data/raw/ZY/2.xls,生产线信息,72
19beeacd1bca1b3b,historical_600_unknown_rule,unknown,2,ZY03,自动线,大厂房(86),P3,空闲,0.0,,,-,0季,5,4,第5年1季,src_914983ebc1ba,origin data/VPD-OE_Agent_20260709/VPD-OE_Agent/data/raw/ZY/2.xls,生产线信息,73
dbb515c11d43c853,historical_600_unknown_rule,unknown,2,ZY10,半自动,大厂房(88),P1,空闲,0.0,,,-,0季,5,4,第5年3季,src_914983ebc1ba,origin data/VPD-OE_Agent_20260709/VPD-OE_Agent/data/raw/ZY/2.xls,生产线信息,74
8812f0baeb0d3588,historical_600_unknown_rule,unknown,2,ZY10,半自动,大厂房(88),P1,空闲,0.0,,,-,0季,5,4,第5年3季,src_914983ebc1ba,origin data/VPD-OE_Agent_20260709/VPD-OE_Agent/data/raw/ZY/2.xls,生产线信息,75
add33439ecd10982,historical_600_unknown_rule,unknown,2,ZY10,半自动,大厂房(88),P1,空闲,0.0,,,-,0季,5,4,第5年3季,src_914983ebc1ba,origin data/VPD-OE_Agent_20260709/VPD-OE_Agent/data/raw/ZY/2.xls,生产线信息,76
40e4cbf44bd7463c,historical_600_unknown_rule,unknown,2,ZY10,半自动,大厂房(88),P1,空闲,0.0,,,-,0季,5,4,第5年3季,src_914983ebc1ba,origin data/VPD-OE_Agent_20260709/VPD-OE_Agent/data/raw/ZY/2.xls,生产线信息,77
2f25b3ca1dbee995,historical_600_unknown_rule,unknown,2,ZY16,自动线,大厂房(55),P2,在产,90.0,5.0,4.0,-,0季,2,1,第1年2季,src_914983ebc1ba,origin data/VPD-OE_Agent_20260709/VPD-OE_Agent/data/raw/ZY/2.xls,生产线信息,78
f775e275190ebeb8,historical_600_unknown_rule,unknown,2,ZY16,自动线,大厂房(55),P2,在产,90.0,5.0,4.0,-,0季,2,1,第1年2季,src_914983ebc1ba,origin data/VPD-OE_Agent_20260709/VPD-OE_Agent/data/raw/ZY/2.xls,生产线信息,79
8b09bcdb343b1ff0,historical_600_unknown_rule,unknown,2,ZY16,自动线,大厂房(55),P2,在产,90.0,5.0,4.0,-,0季,2,1,第1年2季,src_914983ebc1ba,origin data/VPD-OE_Agent_20260709/VPD-OE_Agent/data/raw/ZY/2.xls,生产线信息,80
0e6b945ae2097450,historical_600_unknown_rule,unknown,2,ZY16,自动线,大厂房(55),P2,在产,30.0,5.0,4.0,-,0季,4,1,第3年2季,src_914983ebc1ba,origin data/VPD-OE_Agent_20260709/VPD-OE_Agent/data/raw/ZY/2.xls,生产线信息,81
d0e47d9c214f4766,historical_600_unknown_rule,unknown,2,ZY13,自动线,大厂房(62),P4,空闲,90.0,,,-,0季,2,2,第1年3季,src_914983ebc1ba,origin data/VPD-OE_Agent_20260709/VPD-OE_Agent/data/raw/ZY/2.xls,生产线信息,82
842e7e15e5f5b38a,historical_600_unknown_rule,unknown,2,ZY13,自动线,大厂房(62),P3,空闲,90.0,,,-,0季,2,2,第1年3季,src_914983ebc1ba,origin data/VPD-OE_Agent_20260709/VPD-OE_Agent/data/raw/ZY/2.xls,生产线信息,83
c0274d9a30f7bf92,historical_600_unknown_rule,unknown,2,ZY13,自动线,大厂房(62),P3,空闲,90.0,,,-,0季,2,2,第1年3季,src_914983ebc1ba,origin data/VPD-OE_Agent_20260709/VPD-OE_Agent/data/raw/ZY/2.xls,生产线信息,84
50a0f5f3ef43d44b,historical_600_unknown_rule,unknown,2,ZY13,自动线,大厂房(62),P3,空闲,90.0,,,-,0季,2,2,第1年3季,src_914983ebc1ba,origin data/VPD-OE_Agent_20260709/VPD-OE_Agent/data/raw/ZY/2.xls,生产线信息,85
994e6237b17449fd,historical_600_unknown_rule,unknown,2,ZY13,自动线,大厂房(63),P3,空闲,90.0,,,-,0季,2,2,第1年3季,src_914983ebc1ba,origin data/VPD-OE_Agent_20260709/VPD-OE_Agent/data/raw/ZY/2.xls,生产线信息,86
f9e7012b5a9bb076,historical_600_unknown_rule,unknown,2,ZY13,自动线,大厂房(63),P3,空闲,30.0,,,-,0季,4,2,第3年3季,src_914983ebc1ba,origin data/VPD-OE_Agent_20260709/VPD-OE_Agent/data/raw/ZY/2.xls,生产线信息,87
593f51b5782d64c3,historical_600_unknown_rule,unknown,2,ZY13,自动线,大厂房(63),P3,空闲,30.0,,,-,0季,4,3,第3年3季,src_914983ebc1ba,origin data/VPD-OE_Agent_20260709/VPD-OE_Agent/data/raw/ZY/2.xls,生产线信息,88
bd29186b927b604b,historical_600_unknown_rule,unknown,2,ZY13,自动线,大厂房(63),P3,空闲,30.0,,,-,0季,4,3,第3年3季,src_914983ebc1ba,origin data/VPD-OE_Agent_20260709/VPD-OE_Agent/data/raw/ZY/2.xls,生产线信息,89
30feaba0ec358bd7,historical_600_unknown_rule,unknown,2,ZY17,自动线,大厂房(48),P2,空闲,90.0,,,-,0季,2,1,第1年1季,src_914983ebc1ba,origin data/VPD-OE_Agent_20260709/VPD-OE_Agent/data/raw/ZY/2.xls,生产线信息,90
827091e5f72ec37f,historical_600_unknown_rule,unknown,2,ZY17,自动线,大厂房(48),P2,空闲,90.0,,,-,0季,2,1,第1年1季,src_914983ebc1ba,origin data/VPD-OE_Agent_20260709/VPD-OE_Agent/data/raw/ZY/2.xls,生产线信息,91
1f2f10a7d3ca46e6,historical_600_unknown_rule,unknown,2,ZY17,自动线,大厂房(48),P4,空闲,90.0,,,-,0季,2,1,第1年1季,src_914983ebc1ba,origin data/VPD-OE_Agent_20260709/VPD-OE_Agent/data/raw/ZY/2.xls,生产线信息,92
247754ec90a7f544,historical_600_unknown_rule,unknown,2,ZY17,自动线,大厂房(48),P4,空闲,90.0,,,-,0季,2,1,第1年1季,src_914983ebc1ba,origin data/VPD-OE_Agent_20260709/VPD-OE_Agent/data/raw/ZY/2.xls,生产线信息,93
835b0db7753f29ca,historical_600_unknown_rule,unknown,2,ZY17,自动线,小厂房(70),P4,空闲,30.0,,,-,0季,4,1,第3年2季,src_914983ebc1ba,origin data/VPD-OE_Agent_20260709/VPD-OE_Agent/data/raw/ZY/2.xls,生产线信息,94
59036524fb91e939,historical_600_unknown_rule,unknown,2,ZY17,自动线,小厂房(70),P1,空闲,0.0,,,-,0季,5,1,第4年2季,src_914983ebc1ba,origin data/VPD-OE_Agent_20260709/VPD-OE_Agent/data/raw/ZY/2.xls,生产线信息,95
f4887d5042f3f598,historical_600_unknown_rule,unknown,2,ZY17,自动线,小厂房(70),P1,空闲,0.0,,,-,0季,5,1,第4年2季,src_914983ebc1ba,origin data/VPD-OE_Agent_20260709/VPD-OE_Agent/data/raw/ZY/2.xls,生产线信息,96
1104179a80745bdb,historical_600_unknown_rule,unknown,2,ZY17,自动线,大厂房(80),P4,空闲,0.0,,,-,0季,5,4,第5年1季,src_914983ebc1ba,origin data/VPD-OE_Agent_20260709/VPD-OE_Agent/data/raw/ZY/2.xls,生产线信息,97
f19b1c086936739b,historical_600_unknown_rule,unknown,2,ZY17,自动线,大厂房(80),P4,空闲,0.0,,,-,0季,5,4,第5年1季,src_914983ebc1ba,origin data/VPD-OE_Agent_20260709/VPD-OE_Agent/data/raw/ZY/2.xls,生产线信息,98
1494c2da676a151d,historical_600_unknown_rule,unknown,2,ZY17,自动线,大厂房(80),P1,空闲,0.0,,,-,0季,5,4,第5年1季,src_914983ebc1ba,origin data/VPD-OE_Agent_20260709/VPD-OE_Agent/data/raw/ZY/2.xls,生产线信息,99
16d27be7e4a926d0,historical_600_unknown_rule,unknown,2,ZY17,自动线,大厂房(80),P1,空闲,0.0,,,-,0季,5,4,第5年1季,src_914983ebc1ba,origin data/VPD-OE_Agent_20260709/VPD-OE_Agent/data/raw/ZY/2.xls,生产线信息,100
31d48a71dad8dc93,historical_600_unknown_rule,unknown,2,ZY02,自动线,大厂房(52),P2,在产,120.0,5.0,4.0,-,0季,1,4,第1年1季,src_914983ebc1ba,origin data/VPD-OE_Agent_20260709/VPD-OE_Agent/data/raw/ZY/2.xls,生产线信息,101
c7d4d718f813c112,historical_600_unknown_rule,unknown,2,ZY02,自动线,大厂房(52),P3,在产,120.0,5.0,4.0,-,0季,1,4,第1年1季,src_914983ebc1ba,origin data/VPD-OE_Agent_20260709/VPD-OE_Agent/data/raw/ZY/2.xls,生产线信息,102
0f7e463c0382dae8,historical_600_unknown_rule,unknown,2,ZY02,自动线,大厂房(52),P3,在产,90.0,5.0,4.0,-,0季,2,4,第2年1季,src_914983ebc1ba,origin data/VPD-OE_Agent_20260709/VPD-OE_Agent/data/raw/ZY/2.xls,生产线信息,103
fe425ad6c3a36f90,historical_600_unknown_rule,unknown,2,ZY06,自动线,大厂房(60),P4,空闲,90.0,,,-,0季,2,2,第1年3季,src_914983ebc1ba,origin data/VPD-OE_Agent_20260709/VPD-OE_Agent/data/raw/ZY/2.xls,生产线信息,104
84f602cfa691c12d,historical_600_unknown_rule,unknown,2,ZY06,自动线,大厂房(60),P4,空闲,90.0,,,-,0季,2,2,第1年3季,src_914983ebc1ba,origin data/VPD-OE_Agent_20260709/VPD-OE_Agent/data/raw/ZY/2.xls,生产线信息,105
335e1f214a3a7813,historical_600_unknown_rule,unknown,2,ZY06,自动线,大厂房(60),P4,空闲,90.0,,,-,0季,2,2,第1年3季,src_914983ebc1ba,origin data/VPD-OE_Agent_20260709/VPD-OE_Agent/data/raw/ZY/2.xls,生产线信息,106
97d45935bacffd85,historical_600_unknown_rule,unknown,2,ZY06,自动线,大厂房(60),P4,空闲,90.0,,,-,0季,2,2,第1年3季,src_914983ebc1ba,origin data/VPD-OE_Agent_20260709/VPD-OE_Agent/data/raw/ZY/2.xls,生产线信息,107
09e5c77e04fe8991,historical_600_unknown_rule,unknown,2,ZY06,手工线,大厂房(100),P4,空闲,0.0,,,-,0季,5,4,第5年4季,src_914983ebc1ba,origin data/VPD-OE_Agent_20260709/VPD-OE_Agent/data/raw/ZY/2.xls,生产线信息,108
b25d0e060a5ff439,historical_600_unknown_rule,unknown,2,ZY06,手工线,大厂房(100),P4,空闲,0.0,,,-,0季,5,4,第5年4季,src_914983ebc1ba,origin data/VPD-OE_Agent_20260709/VPD-OE_Agent/data/raw/ZY/2.xls,生产线信息,109
db3fff2037b582a6,historical_600_unknown_rule,unknown,2,ZY06,手工线,大厂房(100),P4,空闲,0.0,,,-,0季,5,4,第5年4季,src_914983ebc1ba,origin data/VPD-OE_Agent_20260709/VPD-OE_Agent/data/raw/ZY/2.xls,生产线信息,110
39e77f197229f4c5,historical_600_unknown_rule,unknown,2,ZY06,手工线,大厂房(100),P4,空闲,0.0,,,-,0季,5,4,第5年4季,src_914983ebc1ba,origin data/VPD-OE_Agent_20260709/VPD-OE_Agent/data/raw/ZY/2.xls,生产线信息,111
f8d34f828293dd6d,historical_600_unknown_rule,unknown,3,ZY07,自动线,大厂房(51),P2,在产,90.0,5.0,4.0,-,0季,2,1,第1年2季,src_cc9db7bea8ff,origin data/VPD-OE_Agent_20260709/VPD-OE_Agent/data/raw/ZY/3.xls,生产线信息,3
c246317f88526bd5,historical_600_unknown_rule,unknown,3,ZY07,自动线,大厂房(51),P2,在产,90.0,5.0,4.0,-,0季,2,1,第1年2季,src_cc9db7bea8ff,origin data/VPD-OE_Agent_20260709/VPD-OE_Agent/data/raw/ZY/3.xls,生产线信息,4
f01118a8023797f6,historical_600_unknown_rule,unknown,3,ZY07,自动线,大厂房(51),P3,在产,90.0,5.0,4.0,-,0季,2,1,第1年2季,src_cc9db7bea8ff,origin data/VPD-OE_Agent_20260709/VPD-OE_Agent/data/raw/ZY/3.xls,生产线信息,5
e4ecdd6eba41adac,historical_600_unknown_rule,unknown,3,ZY07,自动线,大厂房(51),P3,在产,90.0,5.0,4.0,-,0季,2,1,第1年2季,src_cc9db7bea8ff,origin data/VPD-OE_Agent_20260709/VPD-OE_Agent/data/raw/ZY/3.xls,生产线信息,6
f05fb1a76839831b,historical_600_unknown_rule,unknown,3,ZY05,自动线,大厂房(64),P2,空闲,90.0,,,-,0季,2,1,第1年1季,src_cc9db7bea8ff,origin data/VPD-OE_Agent_20260709/VPD-OE_Agent/data/raw/ZY/3.xls,生产线信息,7
2671e70a2e7fcb25,historical_600_unknown_rule,unknown,3,ZY05,自动线,大厂房(64),P2,空闲,90.0,,,-,0季,2,1,第1年1季,src_cc9db7bea8ff,origin data/VPD-OE_Agent_20260709/VPD-OE_Agent/data/raw/ZY/3.xls,生产线信息,8
89ffa892909d9cca,historical_600_unknown_rule,unknown,3,ZY05,自动线,大厂房(64),P3,空闲,90.0,,,-,0季,2,1,第1年1季,src_cc9db7bea8ff,origin data/VPD-OE_Agent_20260709/VPD-OE_Agent/data/raw/ZY/3.xls,生产线信息,9
d5e1b035a1a87ec7,historical_600_unknown_rule,unknown,3,ZY05,自动线,大厂房(64),P3,空闲,90.0,,,-,0季,2,1,第1年1季,src_cc9db7bea8ff,origin data/VPD-OE_Agent_20260709/VPD-OE_Agent/data/raw/ZY/3.xls,生产线信息,10
08fa0fbdf8ce3bcb,historical_600_unknown_rule,unknown,3,ZY14,自动线,大厂房(61),P2,在产,90.0,5.0,4.0,-,0季,2,1,第1年2季,src_cc9db7bea8ff,origin data/VPD-OE_Agent_20260709/VPD-OE_Agent/data/raw/ZY/3.xls,生产线信息,11
a2b932cf35c5cd19,historical_600_unknown_rule,unknown,3,ZY14,自动线,大厂房(61),P2,在产,90.0,5.0,4.0,-,0季,2,1,第1年2季,src_cc9db7bea8ff,origin data/VPD-OE_Agent_20260709/VPD-OE_Agent/data/raw/ZY/3.xls,生产线信息,12
1ba7ba197ae48e3f,historical_600_unknown_rule,unknown,3,ZY14,自动线,大厂房(61),P3,在产,90.0,5.0,4.0,-,0季,2,1,第1年2季,src_cc9db7bea8ff,origin data/VPD-OE_Agent_20260709/VPD-OE_Agent/data/raw/ZY/3.xls,生产线信息,13
c43866e44cd4db42,historical_600_unknown_rule,unknown,3,ZY14,自动线,大厂房(61),P3,在产,90.0,5.0,4.0,-,0季,2,1,第1年2季,src_cc9db7bea8ff,origin data/VPD-OE_Agent_20260709/VPD-OE_Agent/data/raw/ZY/3.xls,生产线信息,14
12f3987ec31644fe,historical_600_unknown_rule,unknown,3,ZY04,自动线,大厂房(49),P2,空闲,90.0,,,-,0季,2,1,第1年2季,src_cc9db7bea8ff,origin data/VPD-OE_Agent_20260709/VPD-OE_Agent/data/raw/ZY/3.xls,生产线信息,15
25f93f89e772395e,historical_600_unknown_rule,unknown,3,ZY04,自动线,大厂房(49),P2,空闲,90.0,,,-,0季,2,1,第1年2季,src_cc9db7bea8ff,origin data/VPD-OE_Agent_20260709/VPD-OE_Agent/data/raw/ZY/3.xls,生产线信息,16
2831b4b5433860fb,historical_600_unknown_rule,unknown,3,ZY04,自动线,大厂房(49),P3,空闲,90.0,,,-,0季,2,1,第1年2季,src_cc9db7bea8ff,origin data/VPD-OE_Agent_20260709/VPD-OE_Agent/data/raw/ZY/3.xls,生产线信息,17
0636c36b824ef591,historical_600_unknown_rule,unknown,3,ZY04,自动线,大厂房(49),P3,空闲,90.0,,,-,0季,2,1,第1年2季,src_cc9db7bea8ff,origin data/VPD-OE_Agent_20260709/VPD-OE_Agent/data/raw/ZY/3.xls,生产线信息,18
fa6ef6d605e698d8,historical_600_unknown_rule,unknown,3,ZY05,自动线,大厂房(75),P1,空闲,0.0,,,-,0季,5,1,第4年2季,src_cc9db7bea8ff,origin data/VPD-OE_Agent_20260709/VPD-OE_Agent/data/raw/ZY/3.xls,生产线信息,19
a11085232e1e6e83,historical_600_unknown_rule,unknown,3,ZY05,自动线,大厂房(75),P1,空闲,0.0,,,-,0季,5,1,第4年2季,src_cc9db7bea8ff,origin data/VPD-OE_Agent_20260709/VPD-OE_Agent/data/raw/ZY/3.xls,生产线信息,20
c2c0957f7e11f921,historical_600_unknown_rule,unknown,3,ZY11,自动线,大厂房(59),P2,在产,90.0,5.0,4.0,-,0季,2,1,第1年2季,src_cc9db7bea8ff,origin data/VPD-OE_Agent_20260709/VPD-OE_Agent/data/raw/ZY/3.xls,生产线信息,21
bbeeb5d82fe4153c,historical_600_unknown_rule,unknown,3,ZY11,自动线,大厂房(59),P2,在产,90.0,5.0,4.0,-,0季,2,1,第1年2季,src_cc9db7bea8ff,origin data/VPD-OE_Agent_20260709/VPD-OE_Agent/data/raw/ZY/3.xls,生产线信息,22
f0176f80bd69fcad,historical_600_unknown_rule,unknown,3,ZY11,自动线,大厂房(59),P2,在产,90.0,5.0,4.0,-,0季,2,1,第1年2季,src_cc9db7bea8ff,origin data/VPD-OE_Agent_20260709/VPD-OE_Agent/data/raw/ZY/3.xls,生产线信息,23
f24c6c97fe790fff,historical_600_unknown_rule,unknown,3,ZY05,自动线,大厂房(75),P4,空闲,0.0,,,-,0季,5,4,第5年1季,src_cc9db7bea8ff,origin data/VPD-OE_Agent_20260709/VPD-OE_Agent/data/raw/ZY/3.xls,生产线信息,24
cfeb5a692ec21c40,historical_600_unknown_rule,unknown,3,ZY05,自动线,大厂房(75),P4,空闲,0.0,,,-,0季,5,4,第5年1季,src_cc9db7bea8ff,origin data/VPD-OE_Agent_20260709/VPD-OE_Agent/data/raw/ZY/3.xls,生产线信息,25
abad1a3ad6eb6ea6,historical_600_unknown_rule,unknown,3,ZY09,柔性线,小厂房(46),P3,空闲,120.0,,,-,0季,2,1,第1年1季,src_cc9db7bea8ff,origin data/VPD-OE_Agent_20260709/VPD-OE_Agent/data/raw/ZY/3.xls,生产线信息,26
de00dd37d55b86f1,historical_600_unknown_rule,unknown,3,ZY09,自动线,小厂房(46),P3,空闲,120.0,,,-,0季,1,4,第1年1季,src_cc9db7bea8ff,origin data/VPD-OE_Agent_20260709/VPD-OE_Agent/data/raw/ZY/3.xls,生产线信息,27
063d825eeeed8405,historical_600_unknown_rule,unknown,3,ZY09,自动线,小厂房(46),P3,空闲,120.0,,,-,0季,1,4,第1年1季,src_cc9db7bea8ff,origin data/VPD-OE_Agent_20260709/VPD-OE_Agent/data/raw/ZY/3.xls,生产线信息,28
2a87720ee491b583,historical_600_unknown_rule,unknown,3,ZY05,半自动,大厂房(78),P2,空闲,0.0,,,-,0季,5,3,第5年2季,src_cc9db7bea8ff,origin data/VPD-OE_Agent_20260709/VPD-OE_Agent/data/raw/ZY/3.xls,生产线信息,29
3c8d9bdbfd59cfc3,historical_600_unknown_rule,unknown,3,ZY05,半自动,大厂房(78),P2,空闲,0.0,,,-,0季,5,3,第5年2季,src_cc9db7bea8ff,origin data/VPD-OE_Agent_20260709/VPD-OE_Agent/data/raw/ZY/3.xls,生产线信息,30
3af549b4afb3924d,historical_600_unknown_rule,unknown,3,ZY05,半自动,大厂房(78),P3,空闲,0.0,,,-,0季,5,3,第5年2季,src_cc9db7bea8ff,origin data/VPD-OE_Agent_20260709/VPD-OE_Agent/data/raw/ZY/3.xls,生产线信息,31
564d9f8e9ebc3d49,historical_600_unknown_rule,unknown,3,ZY05,半自动,大厂房(78),P3,空闲,0.0,,,-,0季,5,3,第5年2季,src_cc9db7bea8ff,origin data/VPD-OE_Agent_20260709/VPD-OE_Agent/data/raw/ZY/3.xls,生产线信息,32
bbea8b57f83ed415,historical_600_unknown_rule,unknown,3,ZY05,半自动,大厂房(81),P2,空闲,0.0,,,-,0季,5,4,第5年3季,src_cc9db7bea8ff,origin data/VPD-OE_Agent_20260709/VPD-OE_Agent/data/raw/ZY/3.xls,生产线信息,33
1f45c21fb1f928e4,historical_600_unknown_rule,unknown,3,ZY05,半自动,大厂房(81),P3,空闲,0.0,,,-,0季,5,4,第5年3季,src_cc9db7bea8ff,origin data/VPD-OE_Agent_20260709/VPD-OE_Agent/data/raw/ZY/3.xls,生产线信息,34
181854c0a6ea6207,historical_600_unknown_rule,unknown,3,ZY05,半自动,大厂房(81),P1,空闲,0.0,,,-,0季,5,4,第5年3季,src_cc9db7bea8ff,origin data/VPD-OE_Agent_20260709/VPD-OE_Agent/data/raw/ZY/3.xls,生产线信息,35
b7bbe228a9390807,historical_600_unknown_rule,unknown,3,ZY05,半自动,大厂房(81),P4,空闲,0.0,,,-,0季,5,4,第5年3季,src_cc9db7bea8ff,origin data/VPD-OE_Agent_20260709/VPD-OE_Agent/data/raw/ZY/3.xls,生产线信息,36
438c7433959c7e10,historical_600_unknown_rule,unknown,3,ZY08,自动线,大厂房(47),P1,空闲,90.0,,,-,0季,2,1,第1年1季,src_cc9db7bea8ff,origin data/VPD-OE_Agent_20260709/VPD-OE_Agent/data/raw/ZY/3.xls,生产线信息,37
1157d54927b6ed62,historical_600_unknown_rule,unknown,3,ZY08,自动线,大厂房(47),P4,空闲,90.0,,,-,0季,2,1,第1年1季,src_cc9db7bea8ff,origin data/VPD-OE_Agent_20260709/VPD-OE_Agent/data/raw/ZY/3.xls,生产线信息,38
e3d4d7f2a85cb63e,historical_600_unknown_rule,unknown,3,ZY08,自动线,大厂房(47),P1,空闲,90.0,,,-,0季,2,1,第1年1季,src_cc9db7bea8ff,origin data/VPD-OE_Agent_20260709/VPD-OE_Agent/data/raw/ZY/3.xls,生产线信息,39
c123439af13e0c9c,historical_600_unknown_rule,unknown,3,ZY08,自动线,大厂房(47),P4,空闲,60.0,,,-,0季,3,1,第2年1季,src_cc9db7bea8ff,origin data/VPD-OE_Agent_20260709/VPD-OE_Agent/data/raw/ZY/3.xls,生产线信息,40
eed0c5a3c2c8c9b1,historical_600_unknown_rule,unknown,3,ZY08,自动线,小厂房(71),P4,空闲,0.0,,,-,0季,5,2,第4年3季,src_cc9db7bea8ff,origin data/VPD-OE_Agent_20260709/VPD-OE_Agent/data/raw/ZY/3.xls,生产线信息,41
6297ce1f8a82f6b1,historical_600_unknown_rule,unknown,3,ZY08,手工线,小厂房(71),P4,空闲,0.0,,,-,0季,5,1,第5年1季,src_cc9db7bea8ff,origin data/VPD-OE_Agent_20260709/VPD-OE_Agent/data/raw/ZY/3.xls,生产线信息,42
2a676a96a10b9150,historical_600_unknown_rule,unknown,3,ZY08,手工线,小厂房(71),P4,空闲,0.0,,,-,0季,5,1,第5年1季,src_cc9db7bea8ff,origin data/VPD-OE_Agent_20260709/VPD-OE_Agent/data/raw/ZY/3.xls,生产线信息,43
c8ee2b8769a53f92,historical_600_unknown_rule,unknown,3,ZY04,手工线,大厂房(83),P1,空闲,0.0,,,-,0季,5,4,第5年4季,src_cc9db7bea8ff,origin data/VPD-OE_Agent_20260709/VPD-OE_Agent/data/raw/ZY/3.xls,生产线信息,44
6e78d431092444d3,historical_600_unknown_rule,unknown,3,ZY04,手工线,大厂房(83),P1,空闲,0.0,,,-,0季,5,4,第5年4季,src_cc9db7bea8ff,origin data/VPD-OE_Agent_20260709/VPD-OE_Agent/data/raw/ZY/3.xls,生产线信息,45
4ad3f245071af1cb,historical_600_unknown_rule,unknown,3,ZY04,手工线,大厂房(83),P1,空闲,0.0,,,-,0季,5,4,第5年4季,src_cc9db7bea8ff,origin data/VPD-OE_Agent_20260709/VPD-OE_Agent/data/raw/ZY/3.xls,生产线信息,46
b1c97430de597521,historical_600_unknown_rule,unknown,3,ZY04,手工线,大厂房(83),P1,空闲,0.0,,,-,0季,5,4,第5年4季,src_cc9db7bea8ff,origin data/VPD-OE_Agent_20260709/VPD-OE_Agent/data/raw/ZY/3.xls,生产线信息,47
9d66002b90379dfa,historical_600_unknown_rule,unknown,3,ZY10,自动线,大厂房(54),P3,空闲,90.0,,,-,0季,2,1,第1年2季,src_cc9db7bea8ff,origin data/VPD-OE_Agent_20260709/VPD-OE_Agent/data/raw/ZY/3.xls,生产线信息,48
c497234af7f59bdd,historical_600_unknown_rule,unknown,3,ZY10,自动线,大厂房(54),P4,空闲,90.0,,,-,0季,2,1,第1年2季,src_cc9db7bea8ff,origin data/VPD-OE_Agent_20260709/VPD-OE_Agent/data/raw/ZY/3.xls,生产线信息,49
7ea9cb2aaae380eb,historical_600_unknown_rule,unknown,3,ZY10,自动线,大厂房(54),P4,空闲,90.0,,,-,0季,2,1,第1年2季,src_cc9db7bea8ff,origin data/VPD-OE_Agent_20260709/VPD-OE_Agent/data/raw/ZY/3.xls,生产线信息,50
d47a60ab825eb429,historical_600_unknown_rule,unknown,3,ZY10,自动线,大厂房(54),P4,空闲,90.0,,,-,0季,2,1,第1年2季,src_cc9db7bea8ff,origin data/VPD-OE_Agent_20260709/VPD-OE_Agent/data/raw/ZY/3.xls,生产线信息,51
0b473cd95c469e49,historical_600_unknown_rule,unknown,3,ZY10,手工线,小厂房(74),P1,空闲,10.0,,,-,0季,4,2,第4年2季,src_cc9db7bea8ff,origin data/VPD-OE_Agent_20260709/VPD-OE_Agent/data/raw/ZY/3.xls,生产线信息,52
a7ddf1183d61f021,historical_600_unknown_rule,unknown,3,ZY10,手工线,小厂房(74),P1,空闲,10.0,,,-,0季,4,2,第4年2季,src_cc9db7bea8ff,origin data/VPD-OE_Agent_20260709/VPD-OE_Agent/data/raw/ZY/3.xls,生产线信息,53
c1b03aefa924c2b3,historical_600_unknown_rule,unknown,3,ZY10,手工线,小厂房(74),P1,空闲,10.0,,,-,0季,4,2,第4年2季,src_cc9db7bea8ff,origin data/VPD-OE_Agent_20260709/VPD-OE_Agent/data/raw/ZY/3.xls,生产线信息,54
afee7dbcbcf7126f,historical_600_unknown_rule,unknown,3,ZY10,手工线,小厂房(85),P3,空闲,0.0,,,-,0季,5,1,第5年1季,src_cc9db7bea8ff,origin data/VPD-OE_Agent_20260709/VPD-OE_Agent/data/raw/ZY/3.xls,生产线信息,55
49dcbc8d899cdf40,historical_600_unknown_rule,unknown,3,ZY10,手工线,小厂房(85),P3,空闲,0.0,,,-,0季,5,1,第5年1季,src_cc9db7bea8ff,origin data/VPD-OE_Agent_20260709/VPD-OE_Agent/data/raw/ZY/3.xls,生产线信息,56
0e748ff121b31d70,historical_600_unknown_rule,unknown,3,ZY10,手工线,小厂房(85),P3,空闲,0.0,,,-,0季,5,1,第5年1季,src_cc9db7bea8ff,origin data/VPD-OE_Agent_20260709/VPD-OE_Agent/data/raw/ZY/3.xls,生产线信息,57
e794f1c8b8d56c64,historical_600_unknown_rule,unknown,3,ZY15,自动线,大厂房(43),P4,空闲,90.0,,,-,0季,2,2,第1年3季,src_cc9db7bea8ff,origin data/VPD-OE_Agent_20260709/VPD-OE_Agent/data/raw/ZY/3.xls,生产线信息,58
3a9c8fd2f9e15ca6,historical_600_unknown_rule,unknown,3,ZY15,自动线,大厂房(43),P4,空闲,90.0,,,-,0季,2,2,第1年3季,src_cc9db7bea8ff,origin data/VPD-OE_Agent_20260709/VPD-OE_Agent/data/raw/ZY/3.xls,生产线信息,59
60d96c649923c9c6,historical_600_unknown_rule,unknown,3,ZY15,自动线,大厂房(43),P4,空闲,60.0,,,-,0季,3,1,第2年2季,src_cc9db7bea8ff,origin data/VPD-OE_Agent_20260709/VPD-OE_Agent/data/raw/ZY/3.xls,生产线信息,60
e4ce110b405a32a2,historical_600_unknown_rule,unknown,3,ZY15,自动线,大厂房(43),P4,空闲,60.0,,,-,0季,3,1,第2年2季,src_cc9db7bea8ff,origin data/VPD-OE_Agent_20260709/VPD-OE_Agent/data/raw/ZY/3.xls,生产线信息,61
7d6a687eabe92038,historical_600_unknown_rule,unknown,3,ZY03,自动线,大厂房(58),P2,空闲,90.0,,,-,0季,2,1,第1年2季,src_cc9db7bea8ff,origin data/VPD-OE_Agent_20260709/VPD-OE_Agent/data/raw/ZY/3.xls,生产线信息,62
586afadb460b3980,historical_600_unknown_rule,unknown,3,ZY03,自动线,大厂房(58),P2,空闲,90.0,,,-,0季,2,1,第1年2季,src_cc9db7bea8ff,origin data/VPD-OE_Agent_20260709/VPD-OE_Agent/data/raw/ZY/3.xls,生产线信息,63
40b211870ffdeacb,historical_600_unknown_rule,unknown,3,ZY03,自动线,大厂房(58),P3,空闲,90.0,,,-,0季,2,1,第1年2季,src_cc9db7bea8ff,origin data/VPD-OE_Agent_20260709/VPD-OE_Agent/data/raw/ZY/3.xls,生产线信息,64
4121ad4ac3c10c6e,historical_600_unknown_rule,unknown,3,ZY03,自动线,大厂房(58),P3,空闲,90.0,,,-,0季,2,1,第1年2季,src_cc9db7bea8ff,origin data/VPD-OE_Agent_20260709/VPD-OE_Agent/data/raw/ZY/3.xls,生产线信息,65
1cadc8d0e838e2fa,historical_600_unknown_rule,unknown,3,ZY03,自动线,大厂房(76),P2,空闲,0.0,,,-,0季,5,1,第4年2季,src_cc9db7bea8ff,origin data/VPD-OE_Agent_20260709/VPD-OE_Agent/data/raw/ZY/3.xls,生产线信息,66
d34d5b0e2e796058,historical_600_unknown_rule,unknown,3,ZY03,自动线,大厂房(76),P2,空闲,0.0,,,-,0季,5,1,第4年2季,src_cc9db7bea8ff,origin data/VPD-OE_Agent_20260709/VPD-OE_Agent/data/raw/ZY/3.xls,生产线信息,67
da624ab571a5e6a6,historical_600_unknown_rule,unknown,3,ZY03,自动线,大厂房(76),P3,空闲,0.0,,,-,0季,5,1,第4年2季,src_cc9db7bea8ff,origin data/VPD-OE_Agent_20260709/VPD-OE_Agent/data/raw/ZY/3.xls,生产线信息,68
52e8f3c90b178d9e,historical_600_unknown_rule,unknown,3,ZY03,自动线,大厂房(76),P3,空闲,0.0,,,-,0季,5,1,第4年2季,src_cc9db7bea8ff,origin data/VPD-OE_Agent_20260709/VPD-OE_Agent/data/raw/ZY/3.xls,生产线信息,69
e7a148fb2bc81572,historical_600_unknown_rule,unknown,3,ZY03,自动线,大厂房(86),P2,空闲,0.0,,,-,0季,5,4,第5年1季,src_cc9db7bea8ff,origin data/VPD-OE_Agent_20260709/VPD-OE_Agent/data/raw/ZY/3.xls,生产线信息,70
448ba23c64714757,historical_600_unknown_rule,unknown,3,ZY03,自动线,大厂房(86),P2,空闲,0.0,,,-,0季,5,4,第5年1季,src_cc9db7bea8ff,origin data/VPD-OE_Agent_20260709/VPD-OE_Agent/data/raw/ZY/3.xls,生产线信息,71
4080613e5cea1620,historical_600_unknown_rule,unknown,3,ZY03,自动线,大厂房(86),P3,空闲,0.0,,,-,0季,5,4,第5年1季,src_cc9db7bea8ff,origin data/VPD-OE_Agent_20260709/VPD-OE_Agent/data/raw/ZY/3.xls,生产线信息,72
c7d1e74486435381,historical_600_unknown_rule,unknown,3,ZY03,自动线,大厂房(86),P3,空闲,0.0,,,-,0季,5,4,第5年1季,src_cc9db7bea8ff,origin data/VPD-OE_Agent_20260709/VPD-OE_Agent/data/raw/ZY/3.xls,生产线信息,73
f3458667cf4bfe62,historical_600_unknown_rule,unknown,3,ZY10,半自动,大厂房(88),P1,空闲,0.0,,,-,0季,5,4,第5年3季,src_cc9db7bea8ff,origin data/VPD-OE_Agent_20260709/VPD-OE_Agent/data/raw/ZY/3.xls,生产线信息,74
65ff5e70c0d343b4,historical_600_unknown_rule,unknown,3,ZY10,半自动,大厂房(88),P1,空闲,0.0,,,-,0季,5,4,第5年3季,src_cc9db7bea8ff,origin data/VPD-OE_Agent_20260709/VPD-OE_Agent/data/raw/ZY/3.xls,生产线信息,75
39027a1d0db40436,historical_600_unknown_rule,unknown,3,ZY10,半自动,大厂房(88),P1,空闲,0.0,,,-,0季,5,4,第5年3季,src_cc9db7bea8ff,origin data/VPD-OE_Agent_20260709/VPD-OE_Agent/data/raw/ZY/3.xls,生产线信息,76
4acbebde5b641d5b,historical_600_unknown_rule,unknown,3,ZY10,半自动,大厂房(88),P1,空闲,0.0,,,-,0季,5,4,第5年3季,src_cc9db7bea8ff,origin data/VPD-OE_Agent_20260709/VPD-OE_Agent/data/raw/ZY/3.xls,生产线信息,77
f201e3e61568ca85,historical_600_unknown_rule,unknown,3,ZY16,自动线,大厂房(55),P2,在产,90.0,5.0,4.0,-,0季,2,1,第1年2季,src_cc9db7bea8ff,origin data/VPD-OE_Agent_20260709/VPD-OE_Agent/data/raw/ZY/3.xls,生产线信息,78
c95148fa0854d34c,historical_600_unknown_rule,unknown,3,ZY16,自动线,大厂房(55),P2,在产,90.0,5.0,4.0,-,0季,2,1,第1年2季,src_cc9db7bea8ff,origin data/VPD-OE_Agent_20260709/VPD-OE_Agent/data/raw/ZY/3.xls,生产线信息,79
71d92f77a0e67a1a,historical_600_unknown_rule,unknown,3,ZY16,自动线,大厂房(55),P2,在产,90.0,5.0,4.0,-,0季,2,1,第1年2季,src_cc9db7bea8ff,origin data/VPD-OE_Agent_20260709/VPD-OE_Agent/data/raw/ZY/3.xls,生产线信息,80
d3937c4c2d7047a2,historical_600_unknown_rule,unknown,3,ZY16,自动线,大厂房(55),P2,在产,30.0,5.0,4.0,-,0季,4,1,第3年2季,src_cc9db7bea8ff,origin data/VPD-OE_Agent_20260709/VPD-OE_Agent/data/raw/ZY/3.xls,生产线信息,81
4824078e74f0fdee,historical_600_unknown_rule,unknown,3,ZY13,自动线,大厂房(62),P4,空闲,90.0,,,-,0季,2,2,第1年3季,src_cc9db7bea8ff,origin data/VPD-OE_Agent_20260709/VPD-OE_Agent/data/raw/ZY/3.xls,生产线信息,82
b5c9e5ffea17ec67,historical_600_unknown_rule,unknown,3,ZY13,自动线,大厂房(62),P3,空闲,90.0,,,-,0季,2,2,第1年3季,src_cc9db7bea8ff,origin data/VPD-OE_Agent_20260709/VPD-OE_Agent/data/raw/ZY/3.xls,生产线信息,83
52d37368d68fab8b,historical_600_unknown_rule,unknown,3,ZY13,自动线,大厂房(62),P3,空闲,90.0,,,-,0季,2,2,第1年3季,src_cc9db7bea8ff,origin data/VPD-OE_Agent_20260709/VPD-OE_Agent/data/raw/ZY/3.xls,生产线信息,84
3c9af70b8e3fe838,historical_600_unknown_rule,unknown,3,ZY13,自动线,大厂房(62),P3,空闲,90.0,,,-,0季,2,2,第1年3季,src_cc9db7bea8ff,origin data/VPD-OE_Agent_20260709/VPD-OE_Agent/data/raw/ZY/3.xls,生产线信息,85
5ac351f23a928d44,historical_600_unknown_rule,unknown,3,ZY13,自动线,大厂房(63),P3,空闲,90.0,,,-,0季,2,2,第1年3季,src_cc9db7bea8ff,origin data/VPD-OE_Agent_20260709/VPD-OE_Agent/data/raw/ZY/3.xls,生产线信息,86
fa5c3df16c179309,historical_600_unknown_rule,unknown,3,ZY13,自动线,大厂房(63),P3,空闲,30.0,,,-,0季,4,2,第3年3季,src_cc9db7bea8ff,origin data/VPD-OE_Agent_20260709/VPD-OE_Agent/data/raw/ZY/3.xls,生产线信息,87
635b73e7a5683fac,historical_600_unknown_rule,unknown,3,ZY13,自动线,大厂房(63),P3,空闲,30.0,,,-,0季,4,3,第3年3季,src_cc9db7bea8ff,origin data/VPD-OE_Agent_20260709/VPD-OE_Agent/data/raw/ZY/3.xls,生产线信息,88
b3b6ff015d581207,historical_600_unknown_rule,unknown,3,ZY13,自动线,大厂房(63),P3,空闲,30.0,,,-,0季,4,3,第3年3季,src_cc9db7bea8ff,origin data/VPD-OE_Agent_20260709/VPD-OE_Agent/data/raw/ZY/3.xls,生产线信息,89
0a23eef4f6db6244,historical_600_unknown_rule,unknown,3,ZY17,自动线,大厂房(48),P2,空闲,90.0,,,-,0季,2,1,第1年1季,src_cc9db7bea8ff,origin data/VPD-OE_Agent_20260709/VPD-OE_Agent/data/raw/ZY/3.xls,生产线信息,90
97cd836523b722c2,historical_600_unknown_rule,unknown,3,ZY17,自动线,大厂房(48),P2,空闲,90.0,,,-,0季,2,1,第1年1季,src_cc9db7bea8ff,origin data/VPD-OE_Agent_20260709/VPD-OE_Agent/data/raw/ZY/3.xls,生产线信息,91
25d9b08a06021df0,historical_600_unknown_rule,unknown,3,ZY17,自动线,大厂房(48),P4,空闲,90.0,,,-,0季,2,1,第1年1季,src_cc9db7bea8ff,origin data/VPD-OE_Agent_20260709/VPD-OE_Agent/data/raw/ZY/3.xls,生产线信息,92
004ef96f93ac13ad,historical_600_unknown_rule,unknown,3,ZY17,自动线,大厂房(48),P4,空闲,90.0,,,-,0季,2,1,第1年1季,src_cc9db7bea8ff,origin data/VPD-OE_Agent_20260709/VPD-OE_Agent/data/raw/ZY/3.xls,生产线信息,93
4cedf34e3f7bdc61,historical_600_unknown_rule,unknown,3,ZY17,自动线,小厂房(70),P4,空闲,30.0,,,-,0季,4,1,第3年2季,src_cc9db7bea8ff,origin data/VPD-OE_Agent_20260709/VPD-OE_Agent/data/raw/ZY/3.xls,生产线信息,94
27588335db890a10,historical_600_unknown_rule,unknown,3,ZY17,自动线,小厂房(70),P1,空闲,0.0,,,-,0季,5,1,第4年2季,src_cc9db7bea8ff,origin data/VPD-OE_Agent_20260709/VPD-OE_Agent/data/raw/ZY/3.xls,生产线信息,95
6e7d94732d483f4b,historical_600_unknown_rule,unknown,3,ZY17,自动线,小厂房(70),P1,空闲,0.0,,,-,0季,5,1,第4年2季,src_cc9db7bea8ff,origin data/VPD-OE_Agent_20260709/VPD-OE_Agent/data/raw/ZY/3.xls,生产线信息,96
6709777fdd26a595,historical_600_unknown_rule,unknown,3,ZY17,自动线,大厂房(80),P4,空闲,0.0,,,-,0季,5,4,第5年1季,src_cc9db7bea8ff,origin data/VPD-OE_Agent_20260709/VPD-OE_Agent/data/raw/ZY/3.xls,生产线信息,97
0638f5c02c02d49d,historical_600_unknown_rule,unknown,3,ZY17,自动线,大厂房(80),P4,空闲,0.0,,,-,0季,5,4,第5年1季,src_cc9db7bea8ff,origin data/VPD-OE_Agent_20260709/VPD-OE_Agent/data/raw/ZY/3.xls,生产线信息,98
a679371709f83f29,historical_600_unknown_rule,unknown,3,ZY17,自动线,大厂房(80),P1,空闲,0.0,,,-,0季,5,4,第5年1季,src_cc9db7bea8ff,origin data/VPD-OE_Agent_20260709/VPD-OE_Agent/data/raw/ZY/3.xls,生产线信息,99
ba0d7ab6eac7fa87,historical_600_unknown_rule,unknown,3,ZY17,自动线,大厂房(80),P1,空闲,0.0,,,-,0季,5,4,第5年1季,src_cc9db7bea8ff,origin data/VPD-OE_Agent_20260709/VPD-OE_Agent/data/raw/ZY/3.xls,生产线信息,100
19f8fa5bb3a1fec1,historical_600_unknown_rule,unknown,3,ZY02,自动线,大厂房(52),P2,在产,120.0,5.0,4.0,-,0季,1,4,第1年1季,src_cc9db7bea8ff,origin data/VPD-OE_Agent_20260709/VPD-OE_Agent/data/raw/ZY/3.xls,生产线信息,101
c13e261b9422e63d,historical_600_unknown_rule,unknown,3,ZY02,自动线,大厂房(52),P3,在产,120.0,5.0,4.0,-,0季,1,4,第1年1季,src_cc9db7bea8ff,origin data/VPD-OE_Agent_20260709/VPD-OE_Agent/data/raw/ZY/3.xls,生产线信息,102
266d2d07332680c3,historical_600_unknown_rule,unknown,3,ZY02,自动线,大厂房(52),P3,在产,90.0,5.0,4.0,-,0季,2,4,第2年1季,src_cc9db7bea8ff,origin data/VPD-OE_Agent_20260709/VPD-OE_Agent/data/raw/ZY/3.xls,生产线信息,103
a6fab55aac697d5c,historical_600_unknown_rule,unknown,3,ZY06,自动线,大厂房(60),P4,空闲,90.0,,,-,0季,2,2,第1年3季,src_cc9db7bea8ff,origin data/VPD-OE_Agent_20260709/VPD-OE_Agent/data/raw/ZY/3.xls,生产线信息,104
8719c2b783692b37,historical_600_unknown_rule,unknown,3,ZY06,自动线,大厂房(60),P4,空闲,90.0,,,-,0季,2,2,第1年3季,src_cc9db7bea8ff,origin data/VPD-OE_Agent_20260709/VPD-OE_Agent/data/raw/ZY/3.xls,生产线信息,105
8a631156e6e67e13,historical_600_unknown_rule,unknown,3,ZY06,自动线,大厂房(60),P4,空闲,90.0,,,-,0季,2,2,第1年3季,src_cc9db7bea8ff,origin data/VPD-OE_Agent_20260709/VPD-OE_Agent/data/raw/ZY/3.xls,生产线信息,106
4030166de8ac11df,historical_600_unknown_rule,unknown,3,ZY06,自动线,大厂房(60),P4,空闲,90.0,,,-,0季,2,2,第1年3季,src_cc9db7bea8ff,origin data/VPD-OE_Agent_20260709/VPD-OE_Agent/data/raw/ZY/3.xls,生产线信息,107
47b81fe5402cc345,historical_600_unknown_rule,unknown,3,ZY06,手工线,大厂房(100),P4,空闲,0.0,,,-,0季,5,4,第5年4季,src_cc9db7bea8ff,origin data/VPD-OE_Agent_20260709/VPD-OE_Agent/data/raw/ZY/3.xls,生产线信息,108
bbc82c399d6e1fb6,historical_600_unknown_rule,unknown,3,ZY06,手工线,大厂房(100),P4,空闲,0.0,,,-,0季,5,4,第5年4季,src_cc9db7bea8ff,origin data/VPD-OE_Agent_20260709/VPD-OE_Agent/data/raw/ZY/3.xls,生产线信息,109
fb30f4140f3d8ac0,historical_600_unknown_rule,unknown,3,ZY06,手工线,大厂房(100),P4,空闲,0.0,,,-,0季,5,4,第5年4季,src_cc9db7bea8ff,origin data/VPD-OE_Agent_20260709/VPD-OE_Agent/data/raw/ZY/3.xls,生产线信息,110
435e7afb91e76a6e,historical_600_unknown_rule,unknown,3,ZY06,手工线,大厂房(100),P4,空闲,0.0,,,-,0季,5,4,第5年4季,src_cc9db7bea8ff,origin data/VPD-OE_Agent_20260709/VPD-OE_Agent/data/raw/ZY/3.xls,生产线信息,111
05441c0ec93ba4b6,historical_600_unknown_rule,unknown,4,ZY07,自动线,大厂房(51),P2,在产,90.0,5.0,4.0,-,0季,2,1,第1年2季,src_db39b8a79217,origin data/VPD-OE_Agent_20260709/VPD-OE_Agent/data/raw/ZY/4.xls,生产线信息,3
c47293c9b8cd91ab,historical_600_unknown_rule,unknown,4,ZY07,自动线,大厂房(51),P2,在产,90.0,5.0,4.0,-,0季,2,1,第1年2季,src_db39b8a79217,origin data/VPD-OE_Agent_20260709/VPD-OE_Agent/data/raw/ZY/4.xls,生产线信息,4
19cbae4f3e7ae5d7,historical_600_unknown_rule,unknown,4,ZY07,自动线,大厂房(51),P3,在产,90.0,5.0,4.0,-,0季,2,1,第1年2季,src_db39b8a79217,origin data/VPD-OE_Agent_20260709/VPD-OE_Agent/data/raw/ZY/4.xls,生产线信息,5
dfc800721c8fe6e4,historical_600_unknown_rule,unknown,4,ZY07,自动线,大厂房(51),P3,在产,90.0,5.0,4.0,-,0季,2,1,第1年2季,src_db39b8a79217,origin data/VPD-OE_Agent_20260709/VPD-OE_Agent/data/raw/ZY/4.xls,生产线信息,6
5b9b5f637a73b63b,historical_600_unknown_rule,unknown,4,ZY05,自动线,大厂房(64),P2,空闲,90.0,,,-,0季,2,1,第1年1季,src_db39b8a79217,origin data/VPD-OE_Agent_20260709/VPD-OE_Agent/data/raw/ZY/4.xls,生产线信息,7
93c6c165de63469d,historical_600_unknown_rule,unknown,4,ZY05,自动线,大厂房(64),P2,空闲,90.0,,,-,0季,2,1,第1年1季,src_db39b8a79217,origin data/VPD-OE_Agent_20260709/VPD-OE_Agent/data/raw/ZY/4.xls,生产线信息,8
d9c03550caf7ddb2,historical_600_unknown_rule,unknown,4,ZY05,自动线,大厂房(64),P3,空闲,90.0,,,-,0季,2,1,第1年1季,src_db39b8a79217,origin data/VPD-OE_Agent_20260709/VPD-OE_Agent/data/raw/ZY/4.xls,生产线信息,9
0c3265aadf077329,historical_600_unknown_rule,unknown,4,ZY05,自动线,大厂房(64),P3,空闲,90.0,,,-,0季,2,1,第1年1季,src_db39b8a79217,origin data/VPD-OE_Agent_20260709/VPD-OE_Agent/data/raw/ZY/4.xls,生产线信息,10
bdf567e69b4e092e,historical_600_unknown_rule,unknown,4,ZY14,自动线,大厂房(61),P2,在产,90.0,5.0,4.0,-,0季,2,1,第1年2季,src_db39b8a79217,origin data/VPD-OE_Agent_20260709/VPD-OE_Agent/data/raw/ZY/4.xls,生产线信息,11
eb781bafde554dbb,historical_600_unknown_rule,unknown,4,ZY14,自动线,大厂房(61),P2,在产,90.0,5.0,4.0,-,0季,2,1,第1年2季,src_db39b8a79217,origin data/VPD-OE_Agent_20260709/VPD-OE_Agent/data/raw/ZY/4.xls,生产线信息,12
f4e87cdca55ac1c7,historical_600_unknown_rule,unknown,4,ZY14,自动线,大厂房(61),P3,在产,90.0,5.0,4.0,-,0季,2,1,第1年2季,src_db39b8a79217,origin data/VPD-OE_Agent_20260709/VPD-OE_Agent/data/raw/ZY/4.xls,生产线信息,13
3b46ad7483180fc9,historical_600_unknown_rule,unknown,4,ZY14,自动线,大厂房(61),P3,在产,90.0,5.0,4.0,-,0季,2,1,第1年2季,src_db39b8a79217,origin data/VPD-OE_Agent_20260709/VPD-OE_Agent/data/raw/ZY/4.xls,生产线信息,14
8b7aef57c3ae174b,historical_600_unknown_rule,unknown,4,ZY04,自动线,大厂房(49),P2,空闲,90.0,,,-,0季,2,1,第1年2季,src_db39b8a79217,origin data/VPD-OE_Agent_20260709/VPD-OE_Agent/data/raw/ZY/4.xls,生产线信息,15
e3952b5944cefde1,historical_600_unknown_rule,unknown,4,ZY04,自动线,大厂房(49),P2,空闲,90.0,,,-,0季,2,1,第1年2季,src_db39b8a79217,origin data/VPD-OE_Agent_20260709/VPD-OE_Agent/data/raw/ZY/4.xls,生产线信息,16
c3d6ab32a945930c,historical_600_unknown_rule,unknown,4,ZY04,自动线,大厂房(49),P3,空闲,90.0,,,-,0季,2,1,第1年2季,src_db39b8a79217,origin data/VPD-OE_Agent_20260709/VPD-OE_Agent/data/raw/ZY/4.xls,生产线信息,17
e2ddc796f1622de0,historical_600_unknown_rule,unknown,4,ZY04,自动线,大厂房(49),P3,空闲,90.0,,,-,0季,2,1,第1年2季,src_db39b8a79217,origin data/VPD-OE_Agent_20260709/VPD-OE_Agent/data/raw/ZY/4.xls,生产线信息,18
58a1dfb4b5c22b58,historical_600_unknown_rule,unknown,4,ZY05,自动线,大厂房(75),P1,空闲,0.0,,,-,0季,5,1,第4年2季,src_db39b8a79217,origin data/VPD-OE_Agent_20260709/VPD-OE_Agent/data/raw/ZY/4.xls,生产线信息,19
f99bb1860b790532,historical_600_unknown_rule,unknown,4,ZY05,自动线,大厂房(75),P1,空闲,0.0,,,-,0季,5,1,第4年2季,src_db39b8a79217,origin data/VPD-OE_Agent_20260709/VPD-OE_Agent/data/raw/ZY/4.xls,生产线信息,20
4e8a0ccd4b5b82e0,historical_600_unknown_rule,unknown,4,ZY11,自动线,大厂房(59),P2,在产,90.0,5.0,4.0,-,0季,2,1,第1年2季,src_db39b8a79217,origin data/VPD-OE_Agent_20260709/VPD-OE_Agent/data/raw/ZY/4.xls,生产线信息,21
82a5bb6c96cefa9a,historical_600_unknown_rule,unknown,4,ZY11,自动线,大厂房(59),P2,在产,90.0,5.0,4.0,-,0季,2,1,第1年2季,src_db39b8a79217,origin data/VPD-OE_Agent_20260709/VPD-OE_Agent/data/raw/ZY/4.xls,生产线信息,22
01fb30ce8ac740aa,historical_600_unknown_rule,unknown,4,ZY11,自动线,大厂房(59),P2,在产,90.0,5.0,4.0,-,0季,2,1,第1年2季,src_db39b8a79217,origin data/VPD-OE_Agent_20260709/VPD-OE_Agent/data/raw/ZY/4.xls,生产线信息,23
894b1cced2857b73,historical_600_unknown_rule,unknown,4,ZY05,自动线,大厂房(75),P4,空闲,0.0,,,-,0季,5,4,第5年1季,src_db39b8a79217,origin data/VPD-OE_Agent_20260709/VPD-OE_Agent/data/raw/ZY/4.xls,生产线信息,24
2e1013f2d28a7e06,historical_600_unknown_rule,unknown,4,ZY05,自动线,大厂房(75),P4,空闲,0.0,,,-,0季,5,4,第5年1季,src_db39b8a79217,origin data/VPD-OE_Agent_20260709/VPD-OE_Agent/data/raw/ZY/4.xls,生产线信息,25
b256666a7c6ab99c,historical_600_unknown_rule,unknown,4,ZY09,柔性线,小厂房(46),P3,空闲,120.0,,,-,0季,2,1,第1年1季,src_db39b8a79217,origin data/VPD-OE_Agent_20260709/VPD-OE_Agent/data/raw/ZY/4.xls,生产线信息,26
6c9f07e2dcbc9eff,historical_600_unknown_rule,unknown,4,ZY09,自动线,小厂房(46),P3,空闲,120.0,,,-,0季,1,4,第1年1季,src_db39b8a79217,origin data/VPD-OE_Agent_20260709/VPD-OE_Agent/data/raw/ZY/4.xls,生产线信息,27
61ef7273303c8e49,historical_600_unknown_rule,unknown,4,ZY09,自动线,小厂房(46),P3,空闲,120.0,,,-,0季,1,4,第1年1季,src_db39b8a79217,origin data/VPD-OE_Agent_20260709/VPD-OE_Agent/data/raw/ZY/4.xls,生产线信息,28
a3200e8784f9a1e6,historical_600_unknown_rule,unknown,4,ZY05,半自动,大厂房(78),P2,空闲,0.0,,,-,0季,5,3,第5年2季,src_db39b8a79217,origin data/VPD-OE_Agent_20260709/VPD-OE_Agent/data/raw/ZY/4.xls,生产线信息,29
d085c315cd0594e3,historical_600_unknown_rule,unknown,4,ZY05,半自动,大厂房(78),P2,空闲,0.0,,,-,0季,5,3,第5年2季,src_db39b8a79217,origin data/VPD-OE_Agent_20260709/VPD-OE_Agent/data/raw/ZY/4.xls,生产线信息,30
58b5482d0de50394,historical_600_unknown_rule,unknown,4,ZY05,半自动,大厂房(78),P3,空闲,0.0,,,-,0季,5,3,第5年2季,src_db39b8a79217,origin data/VPD-OE_Agent_20260709/VPD-OE_Agent/data/raw/ZY/4.xls,生产线信息,31
ea445f00b597cc37,historical_600_unknown_rule,unknown,4,ZY05,半自动,大厂房(78),P3,空闲,0.0,,,-,0季,5,3,第5年2季,src_db39b8a79217,origin data/VPD-OE_Agent_20260709/VPD-OE_Agent/data/raw/ZY/4.xls,生产线信息,32
fa67799c73c51030,historical_600_unknown_rule,unknown,4,ZY05,半自动,大厂房(81),P2,空闲,0.0,,,-,0季,5,4,第5年3季,src_db39b8a79217,origin data/VPD-OE_Agent_20260709/VPD-OE_Agent/data/raw/ZY/4.xls,生产线信息,33
42bd7ef545ef92c5,historical_600_unknown_rule,unknown,4,ZY05,半自动,大厂房(81),P3,空闲,0.0,,,-,0季,5,4,第5年3季,src_db39b8a79217,origin data/VPD-OE_Agent_20260709/VPD-OE_Agent/data/raw/ZY/4.xls,生产线信息,34
c73a7e07246c106c,historical_600_unknown_rule,unknown,4,ZY05,半自动,大厂房(81),P1,空闲,0.0,,,-,0季,5,4,第5年3季,src_db39b8a79217,origin data/VPD-OE_Agent_20260709/VPD-OE_Agent/data/raw/ZY/4.xls,生产线信息,35
b8cf7e6d8cddd285,historical_600_unknown_rule,unknown,4,ZY05,半自动,大厂房(81),P4,空闲,0.0,,,-,0季,5,4,第5年3季,src_db39b8a79217,origin data/VPD-OE_Agent_20260709/VPD-OE_Agent/data/raw/ZY/4.xls,生产线信息,36
b820c76c8e0a26a1,historical_600_unknown_rule,unknown,4,ZY08,自动线,大厂房(47),P1,空闲,90.0,,,-,0季,2,1,第1年1季,src_db39b8a79217,origin data/VPD-OE_Agent_20260709/VPD-OE_Agent/data/raw/ZY/4.xls,生产线信息,37
554fe8d91578749e,historical_600_unknown_rule,unknown,4,ZY08,自动线,大厂房(47),P4,空闲,90.0,,,-,0季,2,1,第1年1季,src_db39b8a79217,origin data/VPD-OE_Agent_20260709/VPD-OE_Agent/data/raw/ZY/4.xls,生产线信息,38
e35a693522c7d314,historical_600_unknown_rule,unknown,4,ZY08,自动线,大厂房(47),P1,空闲,90.0,,,-,0季,2,1,第1年1季,src_db39b8a79217,origin data/VPD-OE_Agent_20260709/VPD-OE_Agent/data/raw/ZY/4.xls,生产线信息,39
3cb2b9928815931e,historical_600_unknown_rule,unknown,4,ZY08,自动线,大厂房(47),P4,空闲,60.0,,,-,0季,3,1,第2年1季,src_db39b8a79217,origin data/VPD-OE_Agent_20260709/VPD-OE_Agent/data/raw/ZY/4.xls,生产线信息,40
e89a83e9534faf4f,historical_600_unknown_rule,unknown,4,ZY08,自动线,小厂房(71),P4,空闲,0.0,,,-,0季,5,2,第4年3季,src_db39b8a79217,origin data/VPD-OE_Agent_20260709/VPD-OE_Agent/data/raw/ZY/4.xls,生产线信息,41
721035191aa48b9f,historical_600_unknown_rule,unknown,4,ZY08,手工线,小厂房(71),P4,空闲,0.0,,,-,0季,5,1,第5年1季,src_db39b8a79217,origin data/VPD-OE_Agent_20260709/VPD-OE_Agent/data/raw/ZY/4.xls,生产线信息,42
988220fac73711ea,historical_600_unknown_rule,unknown,4,ZY08,手工线,小厂房(71),P4,空闲,0.0,,,-,0季,5,1,第5年1季,src_db39b8a79217,origin data/VPD-OE_Agent_20260709/VPD-OE_Agent/data/raw/ZY/4.xls,生产线信息,43
a94db780a9d91a0d,historical_600_unknown_rule,unknown,4,ZY04,手工线,大厂房(83),P1,空闲,0.0,,,-,0季,5,4,第5年4季,src_db39b8a79217,origin data/VPD-OE_Agent_20260709/VPD-OE_Agent/data/raw/ZY/4.xls,生产线信息,44
5131f4088d04bccc,historical_600_unknown_rule,unknown,4,ZY04,手工线,大厂房(83),P1,空闲,0.0,,,-,0季,5,4,第5年4季,src_db39b8a79217,origin data/VPD-OE_Agent_20260709/VPD-OE_Agent/data/raw/ZY/4.xls,生产线信息,45
2a3daa0557f2b15f,historical_600_unknown_rule,unknown,4,ZY04,手工线,大厂房(83),P1,空闲,0.0,,,-,0季,5,4,第5年4季,src_db39b8a79217,origin data/VPD-OE_Agent_20260709/VPD-OE_Agent/data/raw/ZY/4.xls,生产线信息,46
da6b90f49e7bfaf7,historical_600_unknown_rule,unknown,4,ZY04,手工线,大厂房(83),P1,空闲,0.0,,,-,0季,5,4,第5年4季,src_db39b8a79217,origin data/VPD-OE_Agent_20260709/VPD-OE_Agent/data/raw/ZY/4.xls,生产线信息,47
59378dd03580c1c9,historical_600_unknown_rule,unknown,4,ZY10,自动线,大厂房(54),P3,空闲,90.0,,,-,0季,2,1,第1年2季,src_db39b8a79217,origin data/VPD-OE_Agent_20260709/VPD-OE_Agent/data/raw/ZY/4.xls,生产线信息,48
12e4823f4f9dfc8a,historical_600_unknown_rule,unknown,4,ZY10,自动线,大厂房(54),P4,空闲,90.0,,,-,0季,2,1,第1年2季,src_db39b8a79217,origin data/VPD-OE_Agent_20260709/VPD-OE_Agent/data/raw/ZY/4.xls,生产线信息,49
dff6a769da626836,historical_600_unknown_rule,unknown,4,ZY10,自动线,大厂房(54),P4,空闲,90.0,,,-,0季,2,1,第1年2季,src_db39b8a79217,origin data/VPD-OE_Agent_20260709/VPD-OE_Agent/data/raw/ZY/4.xls,生产线信息,50
bd0a0f5db7cd996e,historical_600_unknown_rule,unknown,4,ZY10,自动线,大厂房(54),P4,空闲,90.0,,,-,0季,2,1,第1年2季,src_db39b8a79217,origin data/VPD-OE_Agent_20260709/VPD-OE_Agent/data/raw/ZY/4.xls,生产线信息,51
23ef174ac2c00648,historical_600_unknown_rule,unknown,4,ZY10,手工线,小厂房(74),P1,空闲,10.0,,,-,0季,4,2,第4年2季,src_db39b8a79217,origin data/VPD-OE_Agent_20260709/VPD-OE_Agent/data/raw/ZY/4.xls,生产线信息,52
c6b7d628d27ceb92,historical_600_unknown_rule,unknown,4,ZY10,手工线,小厂房(74),P1,空闲,10.0,,,-,0季,4,2,第4年2季,src_db39b8a79217,origin data/VPD-OE_Agent_20260709/VPD-OE_Agent/data/raw/ZY/4.xls,生产线信息,53
e0fe72b5f18c5c0b,historical_600_unknown_rule,unknown,4,ZY10,手工线,小厂房(74),P1,空闲,10.0,,,-,0季,4,2,第4年2季,src_db39b8a79217,origin data/VPD-OE_Agent_20260709/VPD-OE_Agent/data/raw/ZY/4.xls,生产线信息,54
b3960a349d9ff295,historical_600_unknown_rule,unknown,4,ZY10,手工线,小厂房(85),P3,空闲,0.0,,,-,0季,5,1,第5年1季,src_db39b8a79217,origin data/VPD-OE_Agent_20260709/VPD-OE_Agent/data/raw/ZY/4.xls,生产线信息,55
b9125ec5d74471ce,historical_600_unknown_rule,unknown,4,ZY10,手工线,小厂房(85),P3,空闲,0.0,,,-,0季,5,1,第5年1季,src_db39b8a79217,origin data/VPD-OE_Agent_20260709/VPD-OE_Agent/data/raw/ZY/4.xls,生产线信息,56
30e9731c62b94496,historical_600_unknown_rule,unknown,4,ZY10,手工线,小厂房(85),P3,空闲,0.0,,,-,0季,5,1,第5年1季,src_db39b8a79217,origin data/VPD-OE_Agent_20260709/VPD-OE_Agent/data/raw/ZY/4.xls,生产线信息,57
71b593528b5575f6,historical_600_unknown_rule,unknown,4,ZY15,自动线,大厂房(43),P4,空闲,90.0,,,-,0季,2,2,第1年3季,src_db39b8a79217,origin data/VPD-OE_Agent_20260709/VPD-OE_Agent/data/raw/ZY/4.xls,生产线信息,58
47df3cad46391390,historical_600_unknown_rule,unknown,4,ZY15,自动线,大厂房(43),P4,空闲,90.0,,,-,0季,2,2,第1年3季,src_db39b8a79217,origin data/VPD-OE_Agent_20260709/VPD-OE_Agent/data/raw/ZY/4.xls,生产线信息,59
ec13c9995347500b,historical_600_unknown_rule,unknown,4,ZY15,自动线,大厂房(43),P4,空闲,60.0,,,-,0季,3,1,第2年2季,src_db39b8a79217,origin data/VPD-OE_Agent_20260709/VPD-OE_Agent/data/raw/ZY/4.xls,生产线信息,60
85ef218d98c6a5e5,historical_600_unknown_rule,unknown,4,ZY15,自动线,大厂房(43),P4,空闲,60.0,,,-,0季,3,1,第2年2季,src_db39b8a79217,origin data/VPD-OE_Agent_20260709/VPD-OE_Agent/data/raw/ZY/4.xls,生产线信息,61
2f4792c2a3573c5d,historical_600_unknown_rule,unknown,4,ZY03,自动线,大厂房(58),P2,空闲,90.0,,,-,0季,2,1,第1年2季,src_db39b8a79217,origin data/VPD-OE_Agent_20260709/VPD-OE_Agent/data/raw/ZY/4.xls,生产线信息,62
ca15cde3a09883e1,historical_600_unknown_rule,unknown,4,ZY03,自动线,大厂房(58),P2,空闲,90.0,,,-,0季,2,1,第1年2季,src_db39b8a79217,origin data/VPD-OE_Agent_20260709/VPD-OE_Agent/data/raw/ZY/4.xls,生产线信息,63
eb66040c202b80ce,historical_600_unknown_rule,unknown,4,ZY03,自动线,大厂房(58),P3,空闲,90.0,,,-,0季,2,1,第1年2季,src_db39b8a79217,origin data/VPD-OE_Agent_20260709/VPD-OE_Agent/data/raw/ZY/4.xls,生产线信息,64
26b081b4ab7854ca,historical_600_unknown_rule,unknown,4,ZY03,自动线,大厂房(58),P3,空闲,90.0,,,-,0季,2,1,第1年2季,src_db39b8a79217,origin data/VPD-OE_Agent_20260709/VPD-OE_Agent/data/raw/ZY/4.xls,生产线信息,65
47cdb405e366ba5d,historical_600_unknown_rule,unknown,4,ZY03,自动线,大厂房(76),P2,空闲,0.0,,,-,0季,5,1,第4年2季,src_db39b8a79217,origin data/VPD-OE_Agent_20260709/VPD-OE_Agent/data/raw/ZY/4.xls,生产线信息,66
9412ec211b04fdae,historical_600_unknown_rule,unknown,4,ZY03,自动线,大厂房(76),P2,空闲,0.0,,,-,0季,5,1,第4年2季,src_db39b8a79217,origin data/VPD-OE_Agent_20260709/VPD-OE_Agent/data/raw/ZY/4.xls,生产线信息,67
e1753d27dfe6b729,historical_600_unknown_rule,unknown,4,ZY03,自动线,大厂房(76),P3,空闲,0.0,,,-,0季,5,1,第4年2季,src_db39b8a79217,origin data/VPD-OE_Agent_20260709/VPD-OE_Agent/data/raw/ZY/4.xls,生产线信息,68
a233cd6acf9aa62e,historical_600_unknown_rule,unknown,4,ZY03,自动线,大厂房(76),P3,空闲,0.0,,,-,0季,5,1,第4年2季,src_db39b8a79217,origin data/VPD-OE_Agent_20260709/VPD-OE_Agent/data/raw/ZY/4.xls,生产线信息,69
1e6c6de07780fd32,historical_600_unknown_rule,unknown,4,ZY03,自动线,大厂房(86),P2,空闲,0.0,,,-,0季,5,4,第5年1季,src_db39b8a79217,origin data/VPD-OE_Agent_20260709/VPD-OE_Agent/data/raw/ZY/4.xls,生产线信息,70
7f6f032a617f5778,historical_600_unknown_rule,unknown,4,ZY03,自动线,大厂房(86),P2,空闲,0.0,,,-,0季,5,4,第5年1季,src_db39b8a79217,origin data/VPD-OE_Agent_20260709/VPD-OE_Agent/data/raw/ZY/4.xls,生产线信息,71
bce124eb49364231,historical_600_unknown_rule,unknown,4,ZY03,自动线,大厂房(86),P3,空闲,0.0,,,-,0季,5,4,第5年1季,src_db39b8a79217,origin data/VPD-OE_Agent_20260709/VPD-OE_Agent/data/raw/ZY/4.xls,生产线信息,72
df88ce3de4798937,historical_600_unknown_rule,unknown,4,ZY03,自动线,大厂房(86),P3,空闲,0.0,,,-,0季,5,4,第5年1季,src_db39b8a79217,origin data/VPD-OE_Agent_20260709/VPD-OE_Agent/data/raw/ZY/4.xls,生产线信息,73
c0d62a0125683b65,historical_600_unknown_rule,unknown,4,ZY10,半自动,大厂房(88),P1,空闲,0.0,,,-,0季,5,4,第5年3季,src_db39b8a79217,origin data/VPD-OE_Agent_20260709/VPD-OE_Agent/data/raw/ZY/4.xls,生产线信息,74
db7d792a437b4179,historical_600_unknown_rule,unknown,4,ZY10,半自动,大厂房(88),P1,空闲,0.0,,,-,0季,5,4,第5年3季,src_db39b8a79217,origin data/VPD-OE_Agent_20260709/VPD-OE_Agent/data/raw/ZY/4.xls,生产线信息,75
a00e8458fab893d4,historical_600_unknown_rule,unknown,4,ZY10,半自动,大厂房(88),P1,空闲,0.0,,,-,0季,5,4,第5年3季,src_db39b8a79217,origin data/VPD-OE_Agent_20260709/VPD-OE_Agent/data/raw/ZY/4.xls,生产线信息,76
0b3720e2048d4e13,historical_600_unknown_rule,unknown,4,ZY10,半自动,大厂房(88),P1,空闲,0.0,,,-,0季,5,4,第5年3季,src_db39b8a79217,origin data/VPD-OE_Agent_20260709/VPD-OE_Agent/data/raw/ZY/4.xls,生产线信息,77
b270649e478434b0,historical_600_unknown_rule,unknown,4,ZY16,自动线,大厂房(55),P2,在产,90.0,5.0,4.0,-,0季,2,1,第1年2季,src_db39b8a79217,origin data/VPD-OE_Agent_20260709/VPD-OE_Agent/data/raw/ZY/4.xls,生产线信息,78
27f8b9a29123b9e7,historical_600_unknown_rule,unknown,4,ZY16,自动线,大厂房(55),P2,在产,90.0,5.0,4.0,-,0季,2,1,第1年2季,src_db39b8a79217,origin data/VPD-OE_Agent_20260709/VPD-OE_Agent/data/raw/ZY/4.xls,生产线信息,79
9394570bb745fb5c,historical_600_unknown_rule,unknown,4,ZY16,自动线,大厂房(55),P2,在产,90.0,5.0,4.0,-,0季,2,1,第1年2季,src_db39b8a79217,origin data/VPD-OE_Agent_20260709/VPD-OE_Agent/data/raw/ZY/4.xls,生产线信息,80
f7ba4b79e05fbd2a,historical_600_unknown_rule,unknown,4,ZY16,自动线,大厂房(55),P2,在产,30.0,5.0,4.0,-,0季,4,1,第3年2季,src_db39b8a79217,origin data/VPD-OE_Agent_20260709/VPD-OE_Agent/data/raw/ZY/4.xls,生产线信息,81
386dd300deeeb214,historical_600_unknown_rule,unknown,4,ZY13,自动线,大厂房(62),P4,空闲,90.0,,,-,0季,2,2,第1年3季,src_db39b8a79217,origin data/VPD-OE_Agent_20260709/VPD-OE_Agent/data/raw/ZY/4.xls,生产线信息,82
9cee61f47a35fb11,historical_600_unknown_rule,unknown,4,ZY13,自动线,大厂房(62),P3,空闲,90.0,,,-,0季,2,2,第1年3季,src_db39b8a79217,origin data/VPD-OE_Agent_20260709/VPD-OE_Agent/data/raw/ZY/4.xls,生产线信息,83
86c4150bd89a5197,historical_600_unknown_rule,unknown,4,ZY13,自动线,大厂房(62),P3,空闲,90.0,,,-,0季,2,2,第1年3季,src_db39b8a79217,origin data/VPD-OE_Agent_20260709/VPD-OE_Agent/data/raw/ZY/4.xls,生产线信息,84
ffd27ee517e88525,historical_600_unknown_rule,unknown,4,ZY13,自动线,大厂房(62),P3,空闲,90.0,,,-,0季,2,2,第1年3季,src_db39b8a79217,origin data/VPD-OE_Agent_20260709/VPD-OE_Agent/data/raw/ZY/4.xls,生产线信息,85
7f63825e7203d188,historical_600_unknown_rule,unknown,4,ZY13,自动线,大厂房(63),P3,空闲,90.0,,,-,0季,2,2,第1年3季,src_db39b8a79217,origin data/VPD-OE_Agent_20260709/VPD-OE_Agent/data/raw/ZY/4.xls,生产线信息,86
0b6fa0ed47802283,historical_600_unknown_rule,unknown,4,ZY13,自动线,大厂房(63),P3,空闲,30.0,,,-,0季,4,2,第3年3季,src_db39b8a79217,origin data/VPD-OE_Agent_20260709/VPD-OE_Agent/data/raw/ZY/4.xls,生产线信息,87
38d81d71c1cc74ab,historical_600_unknown_rule,unknown,4,ZY13,自动线,大厂房(63),P3,空闲,30.0,,,-,0季,4,3,第3年3季,src_db39b8a79217,origin data/VPD-OE_Agent_20260709/VPD-OE_Agent/data/raw/ZY/4.xls,生产线信息,88
97061c3a88ca98cc,historical_600_unknown_rule,unknown,4,ZY13,自动线,大厂房(63),P3,空闲,30.0,,,-,0季,4,3,第3年3季,src_db39b8a79217,origin data/VPD-OE_Agent_20260709/VPD-OE_Agent/data/raw/ZY/4.xls,生产线信息,89
adf0242fcede03fe,historical_600_unknown_rule,unknown,4,ZY17,自动线,大厂房(48),P2,空闲,90.0,,,-,0季,2,1,第1年1季,src_db39b8a79217,origin data/VPD-OE_Agent_20260709/VPD-OE_Agent/data/raw/ZY/4.xls,生产线信息,90
5c6b69b4b1d00fa6,historical_600_unknown_rule,unknown,4,ZY17,自动线,大厂房(48),P2,空闲,90.0,,,-,0季,2,1,第1年1季,src_db39b8a79217,origin data/VPD-OE_Agent_20260709/VPD-OE_Agent/data/raw/ZY/4.xls,生产线信息,91
979b860f33fad2d9,historical_600_unknown_rule,unknown,4,ZY17,自动线,大厂房(48),P4,空闲,90.0,,,-,0季,2,1,第1年1季,src_db39b8a79217,origin data/VPD-OE_Agent_20260709/VPD-OE_Agent/data/raw/ZY/4.xls,生产线信息,92
c4c3a313a1f8f2b4,historical_600_unknown_rule,unknown,4,ZY17,自动线,大厂房(48),P4,空闲,90.0,,,-,0季,2,1,第1年1季,src_db39b8a79217,origin data/VPD-OE_Agent_20260709/VPD-OE_Agent/data/raw/ZY/4.xls,生产线信息,93
e05155bd26881699,historical_600_unknown_rule,unknown,4,ZY17,自动线,小厂房(70),P4,空闲,30.0,,,-,0季,4,1,第3年2季,src_db39b8a79217,origin data/VPD-OE_Agent_20260709/VPD-OE_Agent/data/raw/ZY/4.xls,生产线信息,94
1bde47c47207d708,historical_600_unknown_rule,unknown,4,ZY17,自动线,小厂房(70),P1,空闲,0.0,,,-,0季,5,1,第4年2季,src_db39b8a79217,origin data/VPD-OE_Agent_20260709/VPD-OE_Agent/data/raw/ZY/4.xls,生产线信息,95
024cff185f03e25d,historical_600_unknown_rule,unknown,4,ZY17,自动线,小厂房(70),P1,空闲,0.0,,,-,0季,5,1,第4年2季,src_db39b8a79217,origin data/VPD-OE_Agent_20260709/VPD-OE_Agent/data/raw/ZY/4.xls,生产线信息,96
d00f22bc34ccd7be,historical_600_unknown_rule,unknown,4,ZY17,自动线,大厂房(80),P4,空闲,0.0,,,-,0季,5,4,第5年1季,src_db39b8a79217,origin data/VPD-OE_Agent_20260709/VPD-OE_Agent/data/raw/ZY/4.xls,生产线信息,97
c7bd738f122838d4,historical_600_unknown_rule,unknown,4,ZY17,自动线,大厂房(80),P4,空闲,0.0,,,-,0季,5,4,第5年1季,src_db39b8a79217,origin data/VPD-OE_Agent_20260709/VPD-OE_Agent/data/raw/ZY/4.xls,生产线信息,98
e6b5f5b4f5b26c55,historical_600_unknown_rule,unknown,4,ZY17,自动线,大厂房(80),P1,空闲,0.0,,,-,0季,5,4,第5年1季,src_db39b8a79217,origin data/VPD-OE_Agent_20260709/VPD-OE_Agent/data/raw/ZY/4.xls,生产线信息,99
c699f2dd84e910f2,historical_600_unknown_rule,unknown,4,ZY17,自动线,大厂房(80),P1,空闲,0.0,,,-,0季,5,4,第5年1季,src_db39b8a79217,origin data/VPD-OE_Agent_20260709/VPD-OE_Agent/data/raw/ZY/4.xls,生产线信息,100
40bf3309e78960b4,historical_600_unknown_rule,unknown,4,ZY02,自动线,大厂房(52),P2,在产,120.0,5.0,4.0,-,0季,1,4,第1年1季,src_db39b8a79217,origin data/VPD-OE_Agent_20260709/VPD-OE_Agent/data/raw/ZY/4.xls,生产线信息,101
65b01ee5d260afe8,historical_600_unknown_rule,unknown,4,ZY02,自动线,大厂房(52),P3,在产,120.0,5.0,4.0,-,0季,1,4,第1年1季,src_db39b8a79217,origin data/VPD-OE_Agent_20260709/VPD-OE_Agent/data/raw/ZY/4.xls,生产线信息,102
8ce564f6b79a44c6,historical_600_unknown_rule,unknown,4,ZY02,自动线,大厂房(52),P3,在产,90.0,5.0,4.0,-,0季,2,4,第2年1季,src_db39b8a79217,origin data/VPD-OE_Agent_20260709/VPD-OE_Agent/data/raw/ZY/4.xls,生产线信息,103
9af1149ddd44a071,historical_600_unknown_rule,unknown,4,ZY06,自动线,大厂房(60),P4,空闲,90.0,,,-,0季,2,2,第1年3季,src_db39b8a79217,origin data/VPD-OE_Agent_20260709/VPD-OE_Agent/data/raw/ZY/4.xls,生产线信息,104
f6b181a4b0df7b3d,historical_600_unknown_rule,unknown,4,ZY06,自动线,大厂房(60),P4,空闲,90.0,,,-,0季,2,2,第1年3季,src_db39b8a79217,origin data/VPD-OE_Agent_20260709/VPD-OE_Agent/data/raw/ZY/4.xls,生产线信息,105
80d257b4d17ca048,historical_600_unknown_rule,unknown,4,ZY06,自动线,大厂房(60),P4,空闲,90.0,,,-,0季,2,2,第1年3季,src_db39b8a79217,origin data/VPD-OE_Agent_20260709/VPD-OE_Agent/data/raw/ZY/4.xls,生产线信息,106
8c0a751bfe465878,historical_600_unknown_rule,unknown,4,ZY06,自动线,大厂房(60),P4,空闲,90.0,,,-,0季,2,2,第1年3季,src_db39b8a79217,origin data/VPD-OE_Agent_20260709/VPD-OE_Agent/data/raw/ZY/4.xls,生产线信息,107
844ec01ceef3cdb1,historical_600_unknown_rule,unknown,4,ZY06,手工线,大厂房(100),P4,空闲,0.0,,,-,0季,5,4,第5年4季,src_db39b8a79217,origin data/VPD-OE_Agent_20260709/VPD-OE_Agent/data/raw/ZY/4.xls,生产线信息,108
8f3c9dc767b17c95,historical_600_unknown_rule,unknown,4,ZY06,手工线,大厂房(100),P4,空闲,0.0,,,-,0季,5,4,第5年4季,src_db39b8a79217,origin data/VPD-OE_Agent_20260709/VPD-OE_Agent/data/raw/ZY/4.xls,生产线信息,109
c7f66fda06d99c1f,historical_600_unknown_rule,unknown,4,ZY06,手工线,大厂房(100),P4,空闲,0.0,,,-,0季,5,4,第5年4季,src_db39b8a79217,origin data/VPD-OE_Agent_20260709/VPD-OE_Agent/data/raw/ZY/4.xls,生产线信息,110
bd9ad6bd23dbefab,historical_600_unknown_rule,unknown,4,ZY06,手工线,大厂房(100),P4,空闲,0.0,,,-,0季,5,4,第5年4季,src_db39b8a79217,origin data/VPD-OE_Agent_20260709/VPD-OE_Agent/data/raw/ZY/4.xls,生产线信息,111
592fc0b8d1603c80,historical_600_unknown_rule,unknown,5,ZY07,自动线,大厂房(51),P2,在产,90.0,5.0,4.0,-,0季,2,1,第1年2季,src_0ceadd6ef97c,origin data/VPD-OE_Agent_20260709/VPD-OE_Agent/data/raw/ZY/5.xls,生产线信息,3
1519e9fc2864d51f,historical_600_unknown_rule,unknown,5,ZY07,自动线,大厂房(51),P2,在产,90.0,5.0,4.0,-,0季,2,1,第1年2季,src_0ceadd6ef97c,origin data/VPD-OE_Agent_20260709/VPD-OE_Agent/data/raw/ZY/5.xls,生产线信息,4
eda7fc59eac75262,historical_600_unknown_rule,unknown,5,ZY07,自动线,大厂房(51),P3,在产,90.0,5.0,4.0,-,0季,2,1,第1年2季,src_0ceadd6ef97c,origin data/VPD-OE_Agent_20260709/VPD-OE_Agent/data/raw/ZY/5.xls,生产线信息,5
251d7acf062dc4ac,historical_600_unknown_rule,unknown,5,ZY07,自动线,大厂房(51),P3,在产,90.0,5.0,4.0,-,0季,2,1,第1年2季,src_0ceadd6ef97c,origin data/VPD-OE_Agent_20260709/VPD-OE_Agent/data/raw/ZY/5.xls,生产线信息,6
74ed229260b3d01b,historical_600_unknown_rule,unknown,5,ZY05,自动线,大厂房(64),P2,空闲,90.0,,,-,0季,2,1,第1年1季,src_0ceadd6ef97c,origin data/VPD-OE_Agent_20260709/VPD-OE_Agent/data/raw/ZY/5.xls,生产线信息,7
265bd15b8e228c31,historical_600_unknown_rule,unknown,5,ZY05,自动线,大厂房(64),P2,空闲,90.0,,,-,0季,2,1,第1年1季,src_0ceadd6ef97c,origin data/VPD-OE_Agent_20260709/VPD-OE_Agent/data/raw/ZY/5.xls,生产线信息,8
4b4e9f0ffbccca51,historical_600_unknown_rule,unknown,5,ZY05,自动线,大厂房(64),P3,空闲,90.0,,,-,0季,2,1,第1年1季,src_0ceadd6ef97c,origin data/VPD-OE_Agent_20260709/VPD-OE_Agent/data/raw/ZY/5.xls,生产线信息,9
500cb97eb0323cc7,historical_600_unknown_rule,unknown,5,ZY05,自动线,大厂房(64),P3,空闲,90.0,,,-,0季,2,1,第1年1季,src_0ceadd6ef97c,origin data/VPD-OE_Agent_20260709/VPD-OE_Agent/data/raw/ZY/5.xls,生产线信息,10
a58bdcc8e0712851,historical_600_unknown_rule,unknown,5,ZY14,自动线,大厂房(61),P2,在产,90.0,5.0,4.0,-,0季,2,1,第1年2季,src_0ceadd6ef97c,origin data/VPD-OE_Agent_20260709/VPD-OE_Agent/data/raw/ZY/5.xls,生产线信息,11
5f1d3cc4047b9500,historical_600_unknown_rule,unknown,5,ZY14,自动线,大厂房(61),P2,在产,90.0,5.0,4.0,-,0季,2,1,第1年2季,src_0ceadd6ef97c,origin data/VPD-OE_Agent_20260709/VPD-OE_Agent/data/raw/ZY/5.xls,生产线信息,12
118840a8f054c55c,historical_600_unknown_rule,unknown,5,ZY14,自动线,大厂房(61),P3,在产,90.0,5.0,4.0,-,0季,2,1,第1年2季,src_0ceadd6ef97c,origin data/VPD-OE_Agent_20260709/VPD-OE_Agent/data/raw/ZY/5.xls,生产线信息,13
af5350fc6ab0a409,historical_600_unknown_rule,unknown,5,ZY14,自动线,大厂房(61),P3,在产,90.0,5.0,4.0,-,0季,2,1,第1年2季,src_0ceadd6ef97c,origin data/VPD-OE_Agent_20260709/VPD-OE_Agent/data/raw/ZY/5.xls,生产线信息,14
7f3a05d331a5413c,historical_600_unknown_rule,unknown,5,ZY04,自动线,大厂房(49),P2,空闲,90.0,,,-,0季,2,1,第1年2季,src_0ceadd6ef97c,origin data/VPD-OE_Agent_20260709/VPD-OE_Agent/data/raw/ZY/5.xls,生产线信息,15
ffc8e91e4d5684d6,historical_600_unknown_rule,unknown,5,ZY04,自动线,大厂房(49),P2,空闲,90.0,,,-,0季,2,1,第1年2季,src_0ceadd6ef97c,origin data/VPD-OE_Agent_20260709/VPD-OE_Agent/data/raw/ZY/5.xls,生产线信息,16
9a5fa58edcce3b11,historical_600_unknown_rule,unknown,5,ZY04,自动线,大厂房(49),P3,空闲,90.0,,,-,0季,2,1,第1年2季,src_0ceadd6ef97c,origin data/VPD-OE_Agent_20260709/VPD-OE_Agent/data/raw/ZY/5.xls,生产线信息,17
18b9df37fffb1289,historical_600_unknown_rule,unknown,5,ZY04,自动线,大厂房(49),P3,空闲,90.0,,,-,0季,2,1,第1年2季,src_0ceadd6ef97c,origin data/VPD-OE_Agent_20260709/VPD-OE_Agent/data/raw/ZY/5.xls,生产线信息,18
4b086b570da0a00b,historical_600_unknown_rule,unknown,5,ZY05,自动线,大厂房(75),P1,空闲,0.0,,,-,0季,5,1,第4年2季,src_0ceadd6ef97c,origin data/VPD-OE_Agent_20260709/VPD-OE_Agent/data/raw/ZY/5.xls,生产线信息,19
35b8f9acd40080fc,historical_600_unknown_rule,unknown,5,ZY05,自动线,大厂房(75),P1,空闲,0.0,,,-,0季,5,1,第4年2季,src_0ceadd6ef97c,origin data/VPD-OE_Agent_20260709/VPD-OE_Agent/data/raw/ZY/5.xls,生产线信息,20
fb0110d8e1dff7be,historical_600_unknown_rule,unknown,5,ZY11,自动线,大厂房(59),P2,在产,90.0,5.0,4.0,-,0季,2,1,第1年2季,src_0ceadd6ef97c,origin data/VPD-OE_Agent_20260709/VPD-OE_Agent/data/raw/ZY/5.xls,生产线信息,21
aad81d61a33f6e0b,historical_600_unknown_rule,unknown,5,ZY11,自动线,大厂房(59),P2,在产,90.0,5.0,4.0,-,0季,2,1,第1年2季,src_0ceadd6ef97c,origin data/VPD-OE_Agent_20260709/VPD-OE_Agent/data/raw/ZY/5.xls,生产线信息,22
4514a4975ab8b756,historical_600_unknown_rule,unknown,5,ZY11,自动线,大厂房(59),P2,在产,90.0,5.0,4.0,-,0季,2,1,第1年2季,src_0ceadd6ef97c,origin data/VPD-OE_Agent_20260709/VPD-OE_Agent/data/raw/ZY/5.xls,生产线信息,23
9c53470a3e120e72,historical_600_unknown_rule,unknown,5,ZY05,自动线,大厂房(75),P4,空闲,0.0,,,-,0季,5,4,第5年1季,src_0ceadd6ef97c,origin data/VPD-OE_Agent_20260709/VPD-OE_Agent/data/raw/ZY/5.xls,生产线信息,24
2a352f0508a47bd0,historical_600_unknown_rule,unknown,5,ZY05,自动线,大厂房(75),P4,空闲,0.0,,,-,0季,5,4,第5年1季,src_0ceadd6ef97c,origin data/VPD-OE_Agent_20260709/VPD-OE_Agent/data/raw/ZY/5.xls,生产线信息,25
c4a71059461d309a,historical_600_unknown_rule,unknown,5,ZY09,柔性线,小厂房(46),P3,空闲,120.0,,,-,0季,2,1,第1年1季,src_0ceadd6ef97c,origin data/VPD-OE_Agent_20260709/VPD-OE_Agent/data/raw/ZY/5.xls,生产线信息,26
ab86dc748cf0f833,historical_600_unknown_rule,unknown,5,ZY09,自动线,小厂房(46),P3,空闲,120.0,,,-,0季,1,4,第1年1季,src_0ceadd6ef97c,origin data/VPD-OE_Agent_20260709/VPD-OE_Agent/data/raw/ZY/5.xls,生产线信息,27
bdbb0635ade3dff4,historical_600_unknown_rule,unknown,5,ZY09,自动线,小厂房(46),P3,空闲,120.0,,,-,0季,1,4,第1年1季,src_0ceadd6ef97c,origin data/VPD-OE_Agent_20260709/VPD-OE_Agent/data/raw/ZY/5.xls,生产线信息,28
e4c12bb0d862be74,historical_600_unknown_rule,unknown,5,ZY05,半自动,大厂房(78),P2,空闲,0.0,,,-,0季,5,3,第5年2季,src_0ceadd6ef97c,origin data/VPD-OE_Agent_20260709/VPD-OE_Agent/data/raw/ZY/5.xls,生产线信息,29
575cd52fe61708b3,historical_600_unknown_rule,unknown,5,ZY05,半自动,大厂房(78),P2,空闲,0.0,,,-,0季,5,3,第5年2季,src_0ceadd6ef97c,origin data/VPD-OE_Agent_20260709/VPD-OE_Agent/data/raw/ZY/5.xls,生产线信息,30
961a64a0bd51f7aa,historical_600_unknown_rule,unknown,5,ZY05,半自动,大厂房(78),P3,空闲,0.0,,,-,0季,5,3,第5年2季,src_0ceadd6ef97c,origin data/VPD-OE_Agent_20260709/VPD-OE_Agent/data/raw/ZY/5.xls,生产线信息,31
675236b6071e1394,historical_600_unknown_rule,unknown,5,ZY05,半自动,大厂房(78),P3,空闲,0.0,,,-,0季,5,3,第5年2季,src_0ceadd6ef97c,origin data/VPD-OE_Agent_20260709/VPD-OE_Agent/data/raw/ZY/5.xls,生产线信息,32
4ec28bf4a050529c,historical_600_unknown_rule,unknown,5,ZY05,半自动,大厂房(81),P2,空闲,0.0,,,-,0季,5,4,第5年3季,src_0ceadd6ef97c,origin data/VPD-OE_Agent_20260709/VPD-OE_Agent/data/raw/ZY/5.xls,生产线信息,33
7a95e88c54696ca3,historical_600_unknown_rule,unknown,5,ZY05,半自动,大厂房(81),P3,空闲,0.0,,,-,0季,5,4,第5年3季,src_0ceadd6ef97c,origin data/VPD-OE_Agent_20260709/VPD-OE_Agent/data/raw/ZY/5.xls,生产线信息,34
1c4db59d2f95ddcc,historical_600_unknown_rule,unknown,5,ZY05,半自动,大厂房(81),P1,空闲,0.0,,,-,0季,5,4,第5年3季,src_0ceadd6ef97c,origin data/VPD-OE_Agent_20260709/VPD-OE_Agent/data/raw/ZY/5.xls,生产线信息,35
79b9e3412c01daa4,historical_600_unknown_rule,unknown,5,ZY05,半自动,大厂房(81),P4,空闲,0.0,,,-,0季,5,4,第5年3季,src_0ceadd6ef97c,origin data/VPD-OE_Agent_20260709/VPD-OE_Agent/data/raw/ZY/5.xls,生产线信息,36
306b7b71490c22f5,historical_600_unknown_rule,unknown,5,ZY08,自动线,大厂房(47),P1,空闲,90.0,,,-,0季,2,1,第1年1季,src_0ceadd6ef97c,origin data/VPD-OE_Agent_20260709/VPD-OE_Agent/data/raw/ZY/5.xls,生产线信息,37
3fffe3f450e84063,historical_600_unknown_rule,unknown,5,ZY08,自动线,大厂房(47),P4,空闲,90.0,,,-,0季,2,1,第1年1季,src_0ceadd6ef97c,origin data/VPD-OE_Agent_20260709/VPD-OE_Agent/data/raw/ZY/5.xls,生产线信息,38
38c317f1e4f1ccc6,historical_600_unknown_rule,unknown,5,ZY08,自动线,大厂房(47),P1,空闲,90.0,,,-,0季,2,1,第1年1季,src_0ceadd6ef97c,origin data/VPD-OE_Agent_20260709/VPD-OE_Agent/data/raw/ZY/5.xls,生产线信息,39
b38c283b5d8c8a28,historical_600_unknown_rule,unknown,5,ZY08,自动线,大厂房(47),P4,空闲,60.0,,,-,0季,3,1,第2年1季,src_0ceadd6ef97c,origin data/VPD-OE_Agent_20260709/VPD-OE_Agent/data/raw/ZY/5.xls,生产线信息,40
85e4a7efeb8fcfc2,historical_600_unknown_rule,unknown,5,ZY08,自动线,小厂房(71),P4,空闲,0.0,,,-,0季,5,2,第4年3季,src_0ceadd6ef97c,origin data/VPD-OE_Agent_20260709/VPD-OE_Agent/data/raw/ZY/5.xls,生产线信息,41
4c0f841e47473f8e,historical_600_unknown_rule,unknown,5,ZY08,手工线,小厂房(71),P4,空闲,0.0,,,-,0季,5,1,第5年1季,src_0ceadd6ef97c,origin data/VPD-OE_Agent_20260709/VPD-OE_Agent/data/raw/ZY/5.xls,生产线信息,42
b1a04896c0a28ff5,historical_600_unknown_rule,unknown,5,ZY08,手工线,小厂房(71),P4,空闲,0.0,,,-,0季,5,1,第5年1季,src_0ceadd6ef97c,origin data/VPD-OE_Agent_20260709/VPD-OE_Agent/data/raw/ZY/5.xls,生产线信息,43
575144c457c7aa9f,historical_600_unknown_rule,unknown,5,ZY04,手工线,大厂房(83),P1,空闲,0.0,,,-,0季,5,4,第5年4季,src_0ceadd6ef97c,origin data/VPD-OE_Agent_20260709/VPD-OE_Agent/data/raw/ZY/5.xls,生产线信息,44
a31c694963c84e3e,historical_600_unknown_rule,unknown,5,ZY04,手工线,大厂房(83),P1,空闲,0.0,,,-,0季,5,4,第5年4季,src_0ceadd6ef97c,origin data/VPD-OE_Agent_20260709/VPD-OE_Agent/data/raw/ZY/5.xls,生产线信息,45
5ef20841e804eb38,historical_600_unknown_rule,unknown,5,ZY04,手工线,大厂房(83),P1,空闲,0.0,,,-,0季,5,4,第5年4季,src_0ceadd6ef97c,origin data/VPD-OE_Agent_20260709/VPD-OE_Agent/data/raw/ZY/5.xls,生产线信息,46
b42fab2194e7ac83,historical_600_unknown_rule,unknown,5,ZY04,手工线,大厂房(83),P1,空闲,0.0,,,-,0季,5,4,第5年4季,src_0ceadd6ef97c,origin data/VPD-OE_Agent_20260709/VPD-OE_Agent/data/raw/ZY/5.xls,生产线信息,47
b4ecdcec9f610c4b,historical_600_unknown_rule,unknown,5,ZY10,自动线,大厂房(54),P3,空闲,90.0,,,-,0季,2,1,第1年2季,src_0ceadd6ef97c,origin data/VPD-OE_Agent_20260709/VPD-OE_Agent/data/raw/ZY/5.xls,生产线信息,48
5f3d48e84841e487,historical_600_unknown_rule,unknown,5,ZY10,自动线,大厂房(54),P4,空闲,90.0,,,-,0季,2,1,第1年2季,src_0ceadd6ef97c,origin data/VPD-OE_Agent_20260709/VPD-OE_Agent/data/raw/ZY/5.xls,生产线信息,49
d97907674e1510f2,historical_600_unknown_rule,unknown,5,ZY10,自动线,大厂房(54),P4,空闲,90.0,,,-,0季,2,1,第1年2季,src_0ceadd6ef97c,origin data/VPD-OE_Agent_20260709/VPD-OE_Agent/data/raw/ZY/5.xls,生产线信息,50
5f68c3b17d44c4af,historical_600_unknown_rule,unknown,5,ZY10,自动线,大厂房(54),P4,空闲,90.0,,,-,0季,2,1,第1年2季,src_0ceadd6ef97c,origin data/VPD-OE_Agent_20260709/VPD-OE_Agent/data/raw/ZY/5.xls,生产线信息,51
d0e58514f4838408,historical_600_unknown_rule,unknown,5,ZY10,手工线,小厂房(74),P1,空闲,10.0,,,-,0季,4,2,第4年2季,src_0ceadd6ef97c,origin data/VPD-OE_Agent_20260709/VPD-OE_Agent/data/raw/ZY/5.xls,生产线信息,52
50c692d7e603e6d5,historical_600_unknown_rule,unknown,5,ZY10,手工线,小厂房(74),P1,空闲,10.0,,,-,0季,4,2,第4年2季,src_0ceadd6ef97c,origin data/VPD-OE_Agent_20260709/VPD-OE_Agent/data/raw/ZY/5.xls,生产线信息,53
e6290cca65a53b3f,historical_600_unknown_rule,unknown,5,ZY10,手工线,小厂房(74),P1,空闲,10.0,,,-,0季,4,2,第4年2季,src_0ceadd6ef97c,origin data/VPD-OE_Agent_20260709/VPD-OE_Agent/data/raw/ZY/5.xls,生产线信息,54
38af67f4cd4515f6,historical_600_unknown_rule,unknown,5,ZY10,手工线,小厂房(85),P3,空闲,0.0,,,-,0季,5,1,第5年1季,src_0ceadd6ef97c,origin data/VPD-OE_Agent_20260709/VPD-OE_Agent/data/raw/ZY/5.xls,生产线信息,55
934da7b0036f8b56,historical_600_unknown_rule,unknown,5,ZY10,手工线,小厂房(85),P3,空闲,0.0,,,-,0季,5,1,第5年1季,src_0ceadd6ef97c,origin data/VPD-OE_Agent_20260709/VPD-OE_Agent/data/raw/ZY/5.xls,生产线信息,56
5274548fe34aae1e,historical_600_unknown_rule,unknown,5,ZY10,手工线,小厂房(85),P3,空闲,0.0,,,-,0季,5,1,第5年1季,src_0ceadd6ef97c,origin data/VPD-OE_Agent_20260709/VPD-OE_Agent/data/raw/ZY/5.xls,生产线信息,57
c2865ffb70c72ba0,historical_600_unknown_rule,unknown,5,ZY15,自动线,大厂房(43),P4,空闲,90.0,,,-,0季,2,2,第1年3季,src_0ceadd6ef97c,origin data/VPD-OE_Agent_20260709/VPD-OE_Agent/data/raw/ZY/5.xls,生产线信息,58
03b33fc0b560a8bb,historical_600_unknown_rule,unknown,5,ZY15,自动线,大厂房(43),P4,空闲,90.0,,,-,0季,2,2,第1年3季,src_0ceadd6ef97c,origin data/VPD-OE_Agent_20260709/VPD-OE_Agent/data/raw/ZY/5.xls,生产线信息,59
f8e887792dae6bbd,historical_600_unknown_rule,unknown,5,ZY15,自动线,大厂房(43),P4,空闲,60.0,,,-,0季,3,1,第2年2季,src_0ceadd6ef97c,origin data/VPD-OE_Agent_20260709/VPD-OE_Agent/data/raw/ZY/5.xls,生产线信息,60
b96ebd5528cfed17,historical_600_unknown_rule,unknown,5,ZY15,自动线,大厂房(43),P4,空闲,60.0,,,-,0季,3,1,第2年2季,src_0ceadd6ef97c,origin data/VPD-OE_Agent_20260709/VPD-OE_Agent/data/raw/ZY/5.xls,生产线信息,61
9962fad5d1f5d06e,historical_600_unknown_rule,unknown,5,ZY03,自动线,大厂房(58),P2,空闲,90.0,,,-,0季,2,1,第1年2季,src_0ceadd6ef97c,origin data/VPD-OE_Agent_20260709/VPD-OE_Agent/data/raw/ZY/5.xls,生产线信息,62
649d131712c523c7,historical_600_unknown_rule,unknown,5,ZY03,自动线,大厂房(58),P2,空闲,90.0,,,-,0季,2,1,第1年2季,src_0ceadd6ef97c,origin data/VPD-OE_Agent_20260709/VPD-OE_Agent/data/raw/ZY/5.xls,生产线信息,63
3546eda27dc8f0cc,historical_600_unknown_rule,unknown,5,ZY03,自动线,大厂房(58),P3,空闲,90.0,,,-,0季,2,1,第1年2季,src_0ceadd6ef97c,origin data/VPD-OE_Agent_20260709/VPD-OE_Agent/data/raw/ZY/5.xls,生产线信息,64
98e1023ed22c6d42,historical_600_unknown_rule,unknown,5,ZY03,自动线,大厂房(58),P3,空闲,90.0,,,-,0季,2,1,第1年2季,src_0ceadd6ef97c,origin data/VPD-OE_Agent_20260709/VPD-OE_Agent/data/raw/ZY/5.xls,生产线信息,65
0248d1ee9db6b818,historical_600_unknown_rule,unknown,5,ZY03,自动线,大厂房(76),P2,空闲,0.0,,,-,0季,5,1,第4年2季,src_0ceadd6ef97c,origin data/VPD-OE_Agent_20260709/VPD-OE_Agent/data/raw/ZY/5.xls,生产线信息,66
024864f53a87d3ba,historical_600_unknown_rule,unknown,5,ZY03,自动线,大厂房(76),P2,空闲,0.0,,,-,0季,5,1,第4年2季,src_0ceadd6ef97c,origin data/VPD-OE_Agent_20260709/VPD-OE_Agent/data/raw/ZY/5.xls,生产线信息,67
b3fa4823ac334b51,historical_600_unknown_rule,unknown,5,ZY03,自动线,大厂房(76),P3,空闲,0.0,,,-,0季,5,1,第4年2季,src_0ceadd6ef97c,origin data/VPD-OE_Agent_20260709/VPD-OE_Agent/data/raw/ZY/5.xls,生产线信息,68
2100b5d1df660b54,historical_600_unknown_rule,unknown,5,ZY03,自动线,大厂房(76),P3,空闲,0.0,,,-,0季,5,1,第4年2季,src_0ceadd6ef97c,origin data/VPD-OE_Agent_20260709/VPD-OE_Agent/data/raw/ZY/5.xls,生产线信息,69
f469746637b0a978,historical_600_unknown_rule,unknown,5,ZY03,自动线,大厂房(86),P2,空闲,0.0,,,-,0季,5,4,第5年1季,src_0ceadd6ef97c,origin data/VPD-OE_Agent_20260709/VPD-OE_Agent/data/raw/ZY/5.xls,生产线信息,70
78749a253c52d561,historical_600_unknown_rule,unknown,5,ZY03,自动线,大厂房(86),P2,空闲,0.0,,,-,0季,5,4,第5年1季,src_0ceadd6ef97c,origin data/VPD-OE_Agent_20260709/VPD-OE_Agent/data/raw/ZY/5.xls,生产线信息,71
0c2823aacf22fbe1,historical_600_unknown_rule,unknown,5,ZY03,自动线,大厂房(86),P3,空闲,0.0,,,-,0季,5,4,第5年1季,src_0ceadd6ef97c,origin data/VPD-OE_Agent_20260709/VPD-OE_Agent/data/raw/ZY/5.xls,生产线信息,72
ab3aa57e94024eed,historical_600_unknown_rule,unknown,5,ZY03,自动线,大厂房(86),P3,空闲,0.0,,,-,0季,5,4,第5年1季,src_0ceadd6ef97c,origin data/VPD-OE_Agent_20260709/VPD-OE_Agent/data/raw/ZY/5.xls,生产线信息,73
39229e14cff49dcd,historical_600_unknown_rule,unknown,5,ZY10,半自动,大厂房(88),P1,空闲,0.0,,,-,0季,5,4,第5年3季,src_0ceadd6ef97c,origin data/VPD-OE_Agent_20260709/VPD-OE_Agent/data/raw/ZY/5.xls,生产线信息,74
c51b872389b85148,historical_600_unknown_rule,unknown,5,ZY10,半自动,大厂房(88),P1,空闲,0.0,,,-,0季,5,4,第5年3季,src_0ceadd6ef97c,origin data/VPD-OE_Agent_20260709/VPD-OE_Agent/data/raw/ZY/5.xls,生产线信息,75
7e5f3b9f261c899b,historical_600_unknown_rule,unknown,5,ZY10,半自动,大厂房(88),P1,空闲,0.0,,,-,0季,5,4,第5年3季,src_0ceadd6ef97c,origin data/VPD-OE_Agent_20260709/VPD-OE_Agent/data/raw/ZY/5.xls,生产线信息,76
2ec4722abc5feab8,historical_600_unknown_rule,unknown,5,ZY10,半自动,大厂房(88),P1,空闲,0.0,,,-,0季,5,4,第5年3季,src_0ceadd6ef97c,origin data/VPD-OE_Agent_20260709/VPD-OE_Agent/data/raw/ZY/5.xls,生产线信息,77
fedc5dd265b2778f,historical_600_unknown_rule,unknown,5,ZY16,自动线,大厂房(55),P2,在产,90.0,5.0,4.0,-,0季,2,1,第1年2季,src_0ceadd6ef97c,origin data/VPD-OE_Agent_20260709/VPD-OE_Agent/data/raw/ZY/5.xls,生产线信息,78
f9692d64905392c2,historical_600_unknown_rule,unknown,5,ZY16,自动线,大厂房(55),P2,在产,90.0,5.0,4.0,-,0季,2,1,第1年2季,src_0ceadd6ef97c,origin data/VPD-OE_Agent_20260709/VPD-OE_Agent/data/raw/ZY/5.xls,生产线信息,79
fec1cb06aa8ca731,historical_600_unknown_rule,unknown,5,ZY16,自动线,大厂房(55),P2,在产,90.0,5.0,4.0,-,0季,2,1,第1年2季,src_0ceadd6ef97c,origin data/VPD-OE_Agent_20260709/VPD-OE_Agent/data/raw/ZY/5.xls,生产线信息,80
4a1f4f7d1628f966,historical_600_unknown_rule,unknown,5,ZY16,自动线,大厂房(55),P2,在产,30.0,5.0,4.0,-,0季,4,1,第3年2季,src_0ceadd6ef97c,origin data/VPD-OE_Agent_20260709/VPD-OE_Agent/data/raw/ZY/5.xls,生产线信息,81
7429b50db302d36c,historical_600_unknown_rule,unknown,5,ZY13,自动线,大厂房(62),P4,空闲,90.0,,,-,0季,2,2,第1年3季,src_0ceadd6ef97c,origin data/VPD-OE_Agent_20260709/VPD-OE_Agent/data/raw/ZY/5.xls,生产线信息,82
c14debd858224a33,historical_600_unknown_rule,unknown,5,ZY13,自动线,大厂房(62),P3,空闲,90.0,,,-,0季,2,2,第1年3季,src_0ceadd6ef97c,origin data/VPD-OE_Agent_20260709/VPD-OE_Agent/data/raw/ZY/5.xls,生产线信息,83
fd5188ce30e3e965,historical_600_unknown_rule,unknown,5,ZY13,自动线,大厂房(62),P3,空闲,90.0,,,-,0季,2,2,第1年3季,src_0ceadd6ef97c,origin data/VPD-OE_Agent_20260709/VPD-OE_Agent/data/raw/ZY/5.xls,生产线信息,84
2a869b7870030e9c,historical_600_unknown_rule,unknown,5,ZY13,自动线,大厂房(62),P3,空闲,90.0,,,-,0季,2,2,第1年3季,src_0ceadd6ef97c,origin data/VPD-OE_Agent_20260709/VPD-OE_Agent/data/raw/ZY/5.xls,生产线信息,85
7de92333d005c42c,historical_600_unknown_rule,unknown,5,ZY13,自动线,大厂房(63),P3,空闲,90.0,,,-,0季,2,2,第1年3季,src_0ceadd6ef97c,origin data/VPD-OE_Agent_20260709/VPD-OE_Agent/data/raw/ZY/5.xls,生产线信息,86
6fd2cde810661165,historical_600_unknown_rule,unknown,5,ZY13,自动线,大厂房(63),P3,空闲,30.0,,,-,0季,4,2,第3年3季,src_0ceadd6ef97c,origin data/VPD-OE_Agent_20260709/VPD-OE_Agent/data/raw/ZY/5.xls,生产线信息,87
0e66ebb3ab7a47b6,historical_600_unknown_rule,unknown,5,ZY13,自动线,大厂房(63),P3,空闲,30.0,,,-,0季,4,3,第3年3季,src_0ceadd6ef97c,origin data/VPD-OE_Agent_20260709/VPD-OE_Agent/data/raw/ZY/5.xls,生产线信息,88
3a22f19752510e53,historical_600_unknown_rule,unknown,5,ZY13,自动线,大厂房(63),P3,空闲,30.0,,,-,0季,4,3,第3年3季,src_0ceadd6ef97c,origin data/VPD-OE_Agent_20260709/VPD-OE_Agent/data/raw/ZY/5.xls,生产线信息,89
16ccf6ca9f63dc78,historical_600_unknown_rule,unknown,5,ZY17,自动线,大厂房(48),P2,空闲,90.0,,,-,0季,2,1,第1年1季,src_0ceadd6ef97c,origin data/VPD-OE_Agent_20260709/VPD-OE_Agent/data/raw/ZY/5.xls,生产线信息,90
0fadb0f730e475a8,historical_600_unknown_rule,unknown,5,ZY17,自动线,大厂房(48),P2,空闲,90.0,,,-,0季,2,1,第1年1季,src_0ceadd6ef97c,origin data/VPD-OE_Agent_20260709/VPD-OE_Agent/data/raw/ZY/5.xls,生产线信息,91
d55f1ac415ee2261,historical_600_unknown_rule,unknown,5,ZY17,自动线,大厂房(48),P4,空闲,90.0,,,-,0季,2,1,第1年1季,src_0ceadd6ef97c,origin data/VPD-OE_Agent_20260709/VPD-OE_Agent/data/raw/ZY/5.xls,生产线信息,92
882b72a6e6161093,historical_600_unknown_rule,unknown,5,ZY17,自动线,大厂房(48),P4,空闲,90.0,,,-,0季,2,1,第1年1季,src_0ceadd6ef97c,origin data/VPD-OE_Agent_20260709/VPD-OE_Agent/data/raw/ZY/5.xls,生产线信息,93
72b9343b82e9cfce,historical_600_unknown_rule,unknown,5,ZY17,自动线,小厂房(70),P4,空闲,30.0,,,-,0季,4,1,第3年2季,src_0ceadd6ef97c,origin data/VPD-OE_Agent_20260709/VPD-OE_Agent/data/raw/ZY/5.xls,生产线信息,94
5c61845dc9d5a421,historical_600_unknown_rule,unknown,5,ZY17,自动线,小厂房(70),P1,空闲,0.0,,,-,0季,5,1,第4年2季,src_0ceadd6ef97c,origin data/VPD-OE_Agent_20260709/VPD-OE_Agent/data/raw/ZY/5.xls,生产线信息,95
09cd7531c49b38f8,historical_600_unknown_rule,unknown,5,ZY17,自动线,小厂房(70),P1,空闲,0.0,,,-,0季,5,1,第4年2季,src_0ceadd6ef97c,origin data/VPD-OE_Agent_20260709/VPD-OE_Agent/data/raw/ZY/5.xls,生产线信息,96
0cbb2283dc12fdd7,historical_600_unknown_rule,unknown,5,ZY17,自动线,大厂房(80),P4,空闲,0.0,,,-,0季,5,4,第5年1季,src_0ceadd6ef97c,origin data/VPD-OE_Agent_20260709/VPD-OE_Agent/data/raw/ZY/5.xls,生产线信息,97
fbba2a3dd48d82ce,historical_600_unknown_rule,unknown,5,ZY17,自动线,大厂房(80),P4,空闲,0.0,,,-,0季,5,4,第5年1季,src_0ceadd6ef97c,origin data/VPD-OE_Agent_20260709/VPD-OE_Agent/data/raw/ZY/5.xls,生产线信息,98
58b43e83f2d00ac5,historical_600_unknown_rule,unknown,5,ZY17,自动线,大厂房(80),P1,空闲,0.0,,,-,0季,5,4,第5年1季,src_0ceadd6ef97c,origin data/VPD-OE_Agent_20260709/VPD-OE_Agent/data/raw/ZY/5.xls,生产线信息,99
e3c8c5520305001a,historical_600_unknown_rule,unknown,5,ZY17,自动线,大厂房(80),P1,空闲,0.0,,,-,0季,5,4,第5年1季,src_0ceadd6ef97c,origin data/VPD-OE_Agent_20260709/VPD-OE_Agent/data/raw/ZY/5.xls,生产线信息,100
60b40ad453e323c1,historical_600_unknown_rule,unknown,5,ZY02,自动线,大厂房(52),P2,在产,120.0,5.0,4.0,-,0季,1,4,第1年1季,src_0ceadd6ef97c,origin data/VPD-OE_Agent_20260709/VPD-OE_Agent/data/raw/ZY/5.xls,生产线信息,101
89d46db5346493e8,historical_600_unknown_rule,unknown,5,ZY02,自动线,大厂房(52),P3,在产,120.0,5.0,4.0,-,0季,1,4,第1年1季,src_0ceadd6ef97c,origin data/VPD-OE_Agent_20260709/VPD-OE_Agent/data/raw/ZY/5.xls,生产线信息,102
787321644debbb6d,historical_600_unknown_rule,unknown,5,ZY02,自动线,大厂房(52),P3,在产,90.0,5.0,4.0,-,0季,2,4,第2年1季,src_0ceadd6ef97c,origin data/VPD-OE_Agent_20260709/VPD-OE_Agent/data/raw/ZY/5.xls,生产线信息,103
af0353fff4069eb6,historical_600_unknown_rule,unknown,5,ZY06,自动线,大厂房(60),P4,空闲,90.0,,,-,0季,2,2,第1年3季,src_0ceadd6ef97c,origin data/VPD-OE_Agent_20260709/VPD-OE_Agent/data/raw/ZY/5.xls,生产线信息,104
7bd42cef03698507,historical_600_unknown_rule,unknown,5,ZY06,自动线,大厂房(60),P4,空闲,90.0,,,-,0季,2,2,第1年3季,src_0ceadd6ef97c,origin data/VPD-OE_Agent_20260709/VPD-OE_Agent/data/raw/ZY/5.xls,生产线信息,105
db7accb0b2c346d8,historical_600_unknown_rule,unknown,5,ZY06,自动线,大厂房(60),P4,空闲,90.0,,,-,0季,2,2,第1年3季,src_0ceadd6ef97c,origin data/VPD-OE_Agent_20260709/VPD-OE_Agent/data/raw/ZY/5.xls,生产线信息,106
8da797b48f0f9691,historical_600_unknown_rule,unknown,5,ZY06,自动线,大厂房(60),P4,空闲,90.0,,,-,0季,2,2,第1年3季,src_0ceadd6ef97c,origin data/VPD-OE_Agent_20260709/VPD-OE_Agent/data/raw/ZY/5.xls,生产线信息,107
b814af8cb2e172f5,historical_600_unknown_rule,unknown,5,ZY06,手工线,大厂房(100),P4,空闲,0.0,,,-,0季,5,4,第5年4季,src_0ceadd6ef97c,origin data/VPD-OE_Agent_20260709/VPD-OE_Agent/data/raw/ZY/5.xls,生产线信息,108
74d5a9fd33dd1a72,historical_600_unknown_rule,unknown,5,ZY06,手工线,大厂房(100),P4,空闲,0.0,,,-,0季,5,4,第5年4季,src_0ceadd6ef97c,origin data/VPD-OE_Agent_20260709/VPD-OE_Agent/data/raw/ZY/5.xls,生产线信息,109
fedae4bbda4ae7f9,historical_600_unknown_rule,unknown,5,ZY06,手工线,大厂房(100),P4,空闲,0.0,,,-,0季,5,4,第5年4季,src_0ceadd6ef97c,origin data/VPD-OE_Agent_20260709/VPD-OE_Agent/data/raw/ZY/5.xls,生产线信息,110
aa604d55043e8588,historical_600_unknown_rule,unknown,5,ZY06,手工线,大厂房(100),P4,空闲,0.0,,,-,0季,5,4,第5年4季,src_0ceadd6ef97c,origin data/VPD-OE_Agent_20260709/VPD-OE_Agent/data/raw/ZY/5.xls,生产线信息,111
edd91e15684df068,historical_600_unknown_rule,unknown,6,ZY07,自动线,大厂房(51),P2,在产,90.0,5.0,4.0,-,0季,2,1,第1年2季,src_8723000306a0,origin data/VPD-OE_Agent_20260709/VPD-OE_Agent/data/raw/ZY/6.xls,生产线信息,3
bf17ece1d0edd55a,historical_600_unknown_rule,unknown,6,ZY07,自动线,大厂房(51),P2,在产,90.0,5.0,4.0,-,0季,2,1,第1年2季,src_8723000306a0,origin data/VPD-OE_Agent_20260709/VPD-OE_Agent/data/raw/ZY/6.xls,生产线信息,4
35253cead433bb95,historical_600_unknown_rule,unknown,6,ZY07,自动线,大厂房(51),P3,在产,90.0,5.0,4.0,-,0季,2,1,第1年2季,src_8723000306a0,origin data/VPD-OE_Agent_20260709/VPD-OE_Agent/data/raw/ZY/6.xls,生产线信息,5
9d82ca21471dbe6f,historical_600_unknown_rule,unknown,6,ZY07,自动线,大厂房(51),P3,在产,90.0,5.0,4.0,-,0季,2,1,第1年2季,src_8723000306a0,origin data/VPD-OE_Agent_20260709/VPD-OE_Agent/data/raw/ZY/6.xls,生产线信息,6
938586b256de62b6,historical_600_unknown_rule,unknown,6,ZY05,自动线,大厂房(64),P2,空闲,90.0,,,-,0季,2,1,第1年1季,src_8723000306a0,origin data/VPD-OE_Agent_20260709/VPD-OE_Agent/data/raw/ZY/6.xls,生产线信息,7
a505d66a7eda9b04,historical_600_unknown_rule,unknown,6,ZY05,自动线,大厂房(64),P2,空闲,90.0,,,-,0季,2,1,第1年1季,src_8723000306a0,origin data/VPD-OE_Agent_20260709/VPD-OE_Agent/data/raw/ZY/6.xls,生产线信息,8
d0d06332838b2ada,historical_600_unknown_rule,unknown,6,ZY05,自动线,大厂房(64),P3,空闲,90.0,,,-,0季,2,1,第1年1季,src_8723000306a0,origin data/VPD-OE_Agent_20260709/VPD-OE_Agent/data/raw/ZY/6.xls,生产线信息,9
b18c651d0e07ad60,historical_600_unknown_rule,unknown,6,ZY05,自动线,大厂房(64),P3,空闲,90.0,,,-,0季,2,1,第1年1季,src_8723000306a0,origin data/VPD-OE_Agent_20260709/VPD-OE_Agent/data/raw/ZY/6.xls,生产线信息,10
217b5d91bf65f512,historical_600_unknown_rule,unknown,6,ZY14,自动线,大厂房(61),P2,在产,90.0,5.0,4.0,-,0季,2,1,第1年2季,src_8723000306a0,origin data/VPD-OE_Agent_20260709/VPD-OE_Agent/data/raw/ZY/6.xls,生产线信息,11
73260360c3083556,historical_600_unknown_rule,unknown,6,ZY14,自动线,大厂房(61),P2,在产,90.0,5.0,4.0,-,0季,2,1,第1年2季,src_8723000306a0,origin data/VPD-OE_Agent_20260709/VPD-OE_Agent/data/raw/ZY/6.xls,生产线信息,12
7e78c8069099b9da,historical_600_unknown_rule,unknown,6,ZY14,自动线,大厂房(61),P3,在产,90.0,5.0,4.0,-,0季,2,1,第1年2季,src_8723000306a0,origin data/VPD-OE_Agent_20260709/VPD-OE_Agent/data/raw/ZY/6.xls,生产线信息,13
a711f89f916706f4,historical_600_unknown_rule,unknown,6,ZY14,自动线,大厂房(61),P3,在产,90.0,5.0,4.0,-,0季,2,1,第1年2季,src_8723000306a0,origin data/VPD-OE_Agent_20260709/VPD-OE_Agent/data/raw/ZY/6.xls,生产线信息,14
8759b5d8385ed8dc,historical_600_unknown_rule,unknown,6,ZY04,自动线,大厂房(49),P2,空闲,90.0,,,-,0季,2,1,第1年2季,src_8723000306a0,origin data/VPD-OE_Agent_20260709/VPD-OE_Agent/data/raw/ZY/6.xls,生产线信息,15
d11c4152a3a98c1f,historical_600_unknown_rule,unknown,6,ZY04,自动线,大厂房(49),P2,空闲,90.0,,,-,0季,2,1,第1年2季,src_8723000306a0,origin data/VPD-OE_Agent_20260709/VPD-OE_Agent/data/raw/ZY/6.xls,生产线信息,16
1e6ca4fefd5ccc39,historical_600_unknown_rule,unknown,6,ZY04,自动线,大厂房(49),P3,空闲,90.0,,,-,0季,2,1,第1年2季,src_8723000306a0,origin data/VPD-OE_Agent_20260709/VPD-OE_Agent/data/raw/ZY/6.xls,生产线信息,17
6b331b70b996fa14,historical_600_unknown_rule,unknown,6,ZY04,自动线,大厂房(49),P3,空闲,90.0,,,-,0季,2,1,第1年2季,src_8723000306a0,origin data/VPD-OE_Agent_20260709/VPD-OE_Agent/data/raw/ZY/6.xls,生产线信息,18
85f8bfb2db459348,historical_600_unknown_rule,unknown,6,ZY05,自动线,大厂房(75),P1,空闲,0.0,,,-,0季,5,1,第4年2季,src_8723000306a0,origin data/VPD-OE_Agent_20260709/VPD-OE_Agent/data/raw/ZY/6.xls,生产线信息,19
80d2e0f53c8cbed3,historical_600_unknown_rule,unknown,6,ZY05,自动线,大厂房(75),P1,空闲,0.0,,,-,0季,5,1,第4年2季,src_8723000306a0,origin data/VPD-OE_Agent_20260709/VPD-OE_Agent/data/raw/ZY/6.xls,生产线信息,20
8ff26c0dca840ac4,historical_600_unknown_rule,unknown,6,ZY11,自动线,大厂房(59),P2,在产,90.0,5.0,4.0,-,0季,2,1,第1年2季,src_8723000306a0,origin data/VPD-OE_Agent_20260709/VPD-OE_Agent/data/raw/ZY/6.xls,生产线信息,21
69660ad1400b2ab9,historical_600_unknown_rule,unknown,6,ZY11,自动线,大厂房(59),P2,在产,90.0,5.0,4.0,-,0季,2,1,第1年2季,src_8723000306a0,origin data/VPD-OE_Agent_20260709/VPD-OE_Agent/data/raw/ZY/6.xls,生产线信息,22
4a3ffd3177b2b1fe,historical_600_unknown_rule,unknown,6,ZY11,自动线,大厂房(59),P2,在产,90.0,5.0,4.0,-,0季,2,1,第1年2季,src_8723000306a0,origin data/VPD-OE_Agent_20260709/VPD-OE_Agent/data/raw/ZY/6.xls,生产线信息,23
5ec53d567bae3a83,historical_600_unknown_rule,unknown,6,ZY05,自动线,大厂房(75),P4,空闲,0.0,,,-,0季,5,4,第5年1季,src_8723000306a0,origin data/VPD-OE_Agent_20260709/VPD-OE_Agent/data/raw/ZY/6.xls,生产线信息,24
a8f1bd60c71a86e1,historical_600_unknown_rule,unknown,6,ZY05,自动线,大厂房(75),P4,空闲,0.0,,,-,0季,5,4,第5年1季,src_8723000306a0,origin data/VPD-OE_Agent_20260709/VPD-OE_Agent/data/raw/ZY/6.xls,生产线信息,25
8ad703deed8abaab,historical_600_unknown_rule,unknown,6,ZY09,柔性线,小厂房(46),P3,空闲,120.0,,,-,0季,2,1,第1年1季,src_8723000306a0,origin data/VPD-OE_Agent_20260709/VPD-OE_Agent/data/raw/ZY/6.xls,生产线信息,26
abd453e8be96a01c,historical_600_unknown_rule,unknown,6,ZY09,自动线,小厂房(46),P3,空闲,120.0,,,-,0季,1,4,第1年1季,src_8723000306a0,origin data/VPD-OE_Agent_20260709/VPD-OE_Agent/data/raw/ZY/6.xls,生产线信息,27
32f1d92e867f20fe,historical_600_unknown_rule,unknown,6,ZY09,自动线,小厂房(46),P3,空闲,120.0,,,-,0季,1,4,第1年1季,src_8723000306a0,origin data/VPD-OE_Agent_20260709/VPD-OE_Agent/data/raw/ZY/6.xls,生产线信息,28
80945fa981ba7e89,historical_600_unknown_rule,unknown,6,ZY05,半自动,大厂房(78),P2,空闲,0.0,,,-,0季,5,3,第5年2季,src_8723000306a0,origin data/VPD-OE_Agent_20260709/VPD-OE_Agent/data/raw/ZY/6.xls,生产线信息,29
0b6d87173de6a520,historical_600_unknown_rule,unknown,6,ZY05,半自动,大厂房(78),P2,空闲,0.0,,,-,0季,5,3,第5年2季,src_8723000306a0,origin data/VPD-OE_Agent_20260709/VPD-OE_Agent/data/raw/ZY/6.xls,生产线信息,30
c5173653a38cc0b3,historical_600_unknown_rule,unknown,6,ZY05,半自动,大厂房(78),P3,空闲,0.0,,,-,0季,5,3,第5年2季,src_8723000306a0,origin data/VPD-OE_Agent_20260709/VPD-OE_Agent/data/raw/ZY/6.xls,生产线信息,31
7cbabfe0ea81cfcd,historical_600_unknown_rule,unknown,6,ZY05,半自动,大厂房(78),P3,空闲,0.0,,,-,0季,5,3,第5年2季,src_8723000306a0,origin data/VPD-OE_Agent_20260709/VPD-OE_Agent/data/raw/ZY/6.xls,生产线信息,32
08cb0c58ddcc2895,historical_600_unknown_rule,unknown,6,ZY05,半自动,大厂房(81),P2,空闲,0.0,,,-,0季,5,4,第5年3季,src_8723000306a0,origin data/VPD-OE_Agent_20260709/VPD-OE_Agent/data/raw/ZY/6.xls,生产线信息,33
cd2358c2c3d45aae,historical_600_unknown_rule,unknown,6,ZY05,半自动,大厂房(81),P3,空闲,0.0,,,-,0季,5,4,第5年3季,src_8723000306a0,origin data/VPD-OE_Agent_20260709/VPD-OE_Agent/data/raw/ZY/6.xls,生产线信息,34
0c2a9bba4260f84a,historical_600_unknown_rule,unknown,6,ZY05,半自动,大厂房(81),P1,空闲,0.0,,,-,0季,5,4,第5年3季,src_8723000306a0,origin data/VPD-OE_Agent_20260709/VPD-OE_Agent/data/raw/ZY/6.xls,生产线信息,35
1e4c1d0ec6631d7c,historical_600_unknown_rule,unknown,6,ZY05,半自动,大厂房(81),P4,空闲,0.0,,,-,0季,5,4,第5年3季,src_8723000306a0,origin data/VPD-OE_Agent_20260709/VPD-OE_Agent/data/raw/ZY/6.xls,生产线信息,36
056d70d5f8174dc6,historical_600_unknown_rule,unknown,6,ZY08,自动线,大厂房(47),P1,空闲,90.0,,,-,0季,2,1,第1年1季,src_8723000306a0,origin data/VPD-OE_Agent_20260709/VPD-OE_Agent/data/raw/ZY/6.xls,生产线信息,37
28842c9630b9548e,historical_600_unknown_rule,unknown,6,ZY08,自动线,大厂房(47),P4,空闲,90.0,,,-,0季,2,1,第1年1季,src_8723000306a0,origin data/VPD-OE_Agent_20260709/VPD-OE_Agent/data/raw/ZY/6.xls,生产线信息,38
644855460fb030c2,historical_600_unknown_rule,unknown,6,ZY08,自动线,大厂房(47),P1,空闲,90.0,,,-,0季,2,1,第1年1季,src_8723000306a0,origin data/VPD-OE_Agent_20260709/VPD-OE_Agent/data/raw/ZY/6.xls,生产线信息,39
61d26ee79f5a54a7,historical_600_unknown_rule,unknown,6,ZY08,自动线,大厂房(47),P4,空闲,60.0,,,-,0季,3,1,第2年1季,src_8723000306a0,origin data/VPD-OE_Agent_20260709/VPD-OE_Agent/data/raw/ZY/6.xls,生产线信息,40
3fd5a499e2cedb70,historical_600_unknown_rule,unknown,6,ZY08,自动线,小厂房(71),P4,空闲,0.0,,,-,0季,5,2,第4年3季,src_8723000306a0,origin data/VPD-OE_Agent_20260709/VPD-OE_Agent/data/raw/ZY/6.xls,生产线信息,41
7b3d073709650c4c,historical_600_unknown_rule,unknown,6,ZY08,手工线,小厂房(71),P4,空闲,0.0,,,-,0季,5,1,第5年1季,src_8723000306a0,origin data/VPD-OE_Agent_20260709/VPD-OE_Agent/data/raw/ZY/6.xls,生产线信息,42
b5adab81c50245f0,historical_600_unknown_rule,unknown,6,ZY08,手工线,小厂房(71),P4,空闲,0.0,,,-,0季,5,1,第5年1季,src_8723000306a0,origin data/VPD-OE_Agent_20260709/VPD-OE_Agent/data/raw/ZY/6.xls,生产线信息,43
961298bfcaf6ac0d,historical_600_unknown_rule,unknown,6,ZY04,手工线,大厂房(83),P1,空闲,0.0,,,-,0季,5,4,第5年4季,src_8723000306a0,origin data/VPD-OE_Agent_20260709/VPD-OE_Agent/data/raw/ZY/6.xls,生产线信息,44
a0152aa3dfe00cef,historical_600_unknown_rule,unknown,6,ZY04,手工线,大厂房(83),P1,空闲,0.0,,,-,0季,5,4,第5年4季,src_8723000306a0,origin data/VPD-OE_Agent_20260709/VPD-OE_Agent/data/raw/ZY/6.xls,生产线信息,45
efd2aee0fc6618b8,historical_600_unknown_rule,unknown,6,ZY04,手工线,大厂房(83),P1,空闲,0.0,,,-,0季,5,4,第5年4季,src_8723000306a0,origin data/VPD-OE_Agent_20260709/VPD-OE_Agent/data/raw/ZY/6.xls,生产线信息,46
3cb4d2232bd57409,historical_600_unknown_rule,unknown,6,ZY04,手工线,大厂房(83),P1,空闲,0.0,,,-,0季,5,4,第5年4季,src_8723000306a0,origin data/VPD-OE_Agent_20260709/VPD-OE_Agent/data/raw/ZY/6.xls,生产线信息,47
a2d5495959a4e5b5,historical_600_unknown_rule,unknown,6,ZY10,自动线,大厂房(54),P3,空闲,90.0,,,-,0季,2,1,第1年2季,src_8723000306a0,origin data/VPD-OE_Agent_20260709/VPD-OE_Agent/data/raw/ZY/6.xls,生产线信息,48
af7578268d08fd15,historical_600_unknown_rule,unknown,6,ZY10,自动线,大厂房(54),P4,空闲,90.0,,,-,0季,2,1,第1年2季,src_8723000306a0,origin data/VPD-OE_Agent_20260709/VPD-OE_Agent/data/raw/ZY/6.xls,生产线信息,49
28096317f89ea92b,historical_600_unknown_rule,unknown,6,ZY10,自动线,大厂房(54),P4,空闲,90.0,,,-,0季,2,1,第1年2季,src_8723000306a0,origin data/VPD-OE_Agent_20260709/VPD-OE_Agent/data/raw/ZY/6.xls,生产线信息,50
6314a2a805601495,historical_600_unknown_rule,unknown,6,ZY10,自动线,大厂房(54),P4,空闲,90.0,,,-,0季,2,1,第1年2季,src_8723000306a0,origin data/VPD-OE_Agent_20260709/VPD-OE_Agent/data/raw/ZY/6.xls,生产线信息,51
14663cf2d019f675,historical_600_unknown_rule,unknown,6,ZY10,手工线,小厂房(74),P1,空闲,10.0,,,-,0季,4,2,第4年2季,src_8723000306a0,origin data/VPD-OE_Agent_20260709/VPD-OE_Agent/data/raw/ZY/6.xls,生产线信息,52
aca7b3fa029185ed,historical_600_unknown_rule,unknown,6,ZY10,手工线,小厂房(74),P1,空闲,10.0,,,-,0季,4,2,第4年2季,src_8723000306a0,origin data/VPD-OE_Agent_20260709/VPD-OE_Agent/data/raw/ZY/6.xls,生产线信息,53
54ca05225a3706b7,historical_600_unknown_rule,unknown,6,ZY10,手工线,小厂房(74),P1,空闲,10.0,,,-,0季,4,2,第4年2季,src_8723000306a0,origin data/VPD-OE_Agent_20260709/VPD-OE_Agent/data/raw/ZY/6.xls,生产线信息,54
37c6b3a2498e239e,historical_600_unknown_rule,unknown,6,ZY10,手工线,小厂房(85),P3,空闲,0.0,,,-,0季,5,1,第5年1季,src_8723000306a0,origin data/VPD-OE_Agent_20260709/VPD-OE_Agent/data/raw/ZY/6.xls,生产线信息,55
9276edb33574fe44,historical_600_unknown_rule,unknown,6,ZY10,手工线,小厂房(85),P3,空闲,0.0,,,-,0季,5,1,第5年1季,src_8723000306a0,origin data/VPD-OE_Agent_20260709/VPD-OE_Agent/data/raw/ZY/6.xls,生产线信息,56
f5a9a45e66c7dfdb,historical_600_unknown_rule,unknown,6,ZY10,手工线,小厂房(85),P3,空闲,0.0,,,-,0季,5,1,第5年1季,src_8723000306a0,origin data/VPD-OE_Agent_20260709/VPD-OE_Agent/data/raw/ZY/6.xls,生产线信息,57
2d79c746d5b2acf8,historical_600_unknown_rule,unknown,6,ZY15,自动线,大厂房(43),P4,空闲,90.0,,,-,0季,2,2,第1年3季,src_8723000306a0,origin data/VPD-OE_Agent_20260709/VPD-OE_Agent/data/raw/ZY/6.xls,生产线信息,58
d5832d7a7373bc24,historical_600_unknown_rule,unknown,6,ZY15,自动线,大厂房(43),P4,空闲,90.0,,,-,0季,2,2,第1年3季,src_8723000306a0,origin data/VPD-OE_Agent_20260709/VPD-OE_Agent/data/raw/ZY/6.xls,生产线信息,59
65f69011dfd656cf,historical_600_unknown_rule,unknown,6,ZY15,自动线,大厂房(43),P4,空闲,60.0,,,-,0季,3,1,第2年2季,src_8723000306a0,origin data/VPD-OE_Agent_20260709/VPD-OE_Agent/data/raw/ZY/6.xls,生产线信息,60
3bb3f858aff830f2,historical_600_unknown_rule,unknown,6,ZY15,自动线,大厂房(43),P4,空闲,60.0,,,-,0季,3,1,第2年2季,src_8723000306a0,origin data/VPD-OE_Agent_20260709/VPD-OE_Agent/data/raw/ZY/6.xls,生产线信息,61
d32e950e1992f677,historical_600_unknown_rule,unknown,6,ZY03,自动线,大厂房(58),P2,空闲,90.0,,,-,0季,2,1,第1年2季,src_8723000306a0,origin data/VPD-OE_Agent_20260709/VPD-OE_Agent/data/raw/ZY/6.xls,生产线信息,62
5553d090fcbf535e,historical_600_unknown_rule,unknown,6,ZY03,自动线,大厂房(58),P2,空闲,90.0,,,-,0季,2,1,第1年2季,src_8723000306a0,origin data/VPD-OE_Agent_20260709/VPD-OE_Agent/data/raw/ZY/6.xls,生产线信息,63
661ae713b536bb74,historical_600_unknown_rule,unknown,6,ZY03,自动线,大厂房(58),P3,空闲,90.0,,,-,0季,2,1,第1年2季,src_8723000306a0,origin data/VPD-OE_Agent_20260709/VPD-OE_Agent/data/raw/ZY/6.xls,生产线信息,64
3a31d96c429fe7d3,historical_600_unknown_rule,unknown,6,ZY03,自动线,大厂房(58),P3,空闲,90.0,,,-,0季,2,1,第1年2季,src_8723000306a0,origin data/VPD-OE_Agent_20260709/VPD-OE_Agent/data/raw/ZY/6.xls,生产线信息,65
b4638e7f4d272bb0,historical_600_unknown_rule,unknown,6,ZY03,自动线,大厂房(76),P2,空闲,0.0,,,-,0季,5,1,第4年2季,src_8723000306a0,origin data/VPD-OE_Agent_20260709/VPD-OE_Agent/data/raw/ZY/6.xls,生产线信息,66
246dd8301cf12e25,historical_600_unknown_rule,unknown,6,ZY03,自动线,大厂房(76),P2,空闲,0.0,,,-,0季,5,1,第4年2季,src_8723000306a0,origin data/VPD-OE_Agent_20260709/VPD-OE_Agent/data/raw/ZY/6.xls,生产线信息,67
2fa8309cf369db7c,historical_600_unknown_rule,unknown,6,ZY03,自动线,大厂房(76),P3,空闲,0.0,,,-,0季,5,1,第4年2季,src_8723000306a0,origin data/VPD-OE_Agent_20260709/VPD-OE_Agent/data/raw/ZY/6.xls,生产线信息,68
6808322626efab22,historical_600_unknown_rule,unknown,6,ZY03,自动线,大厂房(76),P3,空闲,0.0,,,-,0季,5,1,第4年2季,src_8723000306a0,origin data/VPD-OE_Agent_20260709/VPD-OE_Agent/data/raw/ZY/6.xls,生产线信息,69
b97640dd7fa978ff,historical_600_unknown_rule,unknown,6,ZY03,自动线,大厂房(86),P2,空闲,0.0,,,-,0季,5,4,第5年1季,src_8723000306a0,origin data/VPD-OE_Agent_20260709/VPD-OE_Agent/data/raw/ZY/6.xls,生产线信息,70
b07721bef87afea7,historical_600_unknown_rule,unknown,6,ZY03,自动线,大厂房(86),P2,空闲,0.0,,,-,0季,5,4,第5年1季,src_8723000306a0,origin data/VPD-OE_Agent_20260709/VPD-OE_Agent/data/raw/ZY/6.xls,生产线信息,71
9bc38937b1ae1eec,historical_600_unknown_rule,unknown,6,ZY03,自动线,大厂房(86),P3,空闲,0.0,,,-,0季,5,4,第5年1季,src_8723000306a0,origin data/VPD-OE_Agent_20260709/VPD-OE_Agent/data/raw/ZY/6.xls,生产线信息,72
367104ea1f7b0862,historical_600_unknown_rule,unknown,6,ZY03,自动线,大厂房(86),P3,空闲,0.0,,,-,0季,5,4,第5年1季,src_8723000306a0,origin data/VPD-OE_Agent_20260709/VPD-OE_Agent/data/raw/ZY/6.xls,生产线信息,73
850bf57b850061cf,historical_600_unknown_rule,unknown,6,ZY10,半自动,大厂房(88),P1,空闲,0.0,,,-,0季,5,4,第5年3季,src_8723000306a0,origin data/VPD-OE_Agent_20260709/VPD-OE_Agent/data/raw/ZY/6.xls,生产线信息,74
47cf8944446c864f,historical_600_unknown_rule,unknown,6,ZY10,半自动,大厂房(88),P1,空闲,0.0,,,-,0季,5,4,第5年3季,src_8723000306a0,origin data/VPD-OE_Agent_20260709/VPD-OE_Agent/data/raw/ZY/6.xls,生产线信息,75
d44e73dc2771d350,historical_600_unknown_rule,unknown,6,ZY10,半自动,大厂房(88),P1,空闲,0.0,,,-,0季,5,4,第5年3季,src_8723000306a0,origin data/VPD-OE_Agent_20260709/VPD-OE_Agent/data/raw/ZY/6.xls,生产线信息,76
2dda3bf6b9b49e8a,historical_600_unknown_rule,unknown,6,ZY10,半自动,大厂房(88),P1,空闲,0.0,,,-,0季,5,4,第5年3季,src_8723000306a0,origin data/VPD-OE_Agent_20260709/VPD-OE_Agent/data/raw/ZY/6.xls,生产线信息,77
88267d784cb9644d,historical_600_unknown_rule,unknown,6,ZY16,自动线,大厂房(55),P2,在产,90.0,5.0,4.0,-,0季,2,1,第1年2季,src_8723000306a0,origin data/VPD-OE_Agent_20260709/VPD-OE_Agent/data/raw/ZY/6.xls,生产线信息,78
8e5a8d0aeef8b435,historical_600_unknown_rule,unknown,6,ZY16,自动线,大厂房(55),P2,在产,90.0,5.0,4.0,-,0季,2,1,第1年2季,src_8723000306a0,origin data/VPD-OE_Agent_20260709/VPD-OE_Agent/data/raw/ZY/6.xls,生产线信息,79
a71bf585f2aca5f9,historical_600_unknown_rule,unknown,6,ZY16,自动线,大厂房(55),P2,在产,90.0,5.0,4.0,-,0季,2,1,第1年2季,src_8723000306a0,origin data/VPD-OE_Agent_20260709/VPD-OE_Agent/data/raw/ZY/6.xls,生产线信息,80
a28d90dfd83e9594,historical_600_unknown_rule,unknown,6,ZY16,自动线,大厂房(55),P2,在产,30.0,5.0,4.0,-,0季,4,1,第3年2季,src_8723000306a0,origin data/VPD-OE_Agent_20260709/VPD-OE_Agent/data/raw/ZY/6.xls,生产线信息,81
6454feee533933be,historical_600_unknown_rule,unknown,6,ZY13,自动线,大厂房(62),P4,空闲,90.0,,,-,0季,2,2,第1年3季,src_8723000306a0,origin data/VPD-OE_Agent_20260709/VPD-OE_Agent/data/raw/ZY/6.xls,生产线信息,82
675da8827287e6b5,historical_600_unknown_rule,unknown,6,ZY13,自动线,大厂房(62),P3,空闲,90.0,,,-,0季,2,2,第1年3季,src_8723000306a0,origin data/VPD-OE_Agent_20260709/VPD-OE_Agent/data/raw/ZY/6.xls,生产线信息,83
6dbe37edb5815235,historical_600_unknown_rule,unknown,6,ZY13,自动线,大厂房(62),P3,空闲,90.0,,,-,0季,2,2,第1年3季,src_8723000306a0,origin data/VPD-OE_Agent_20260709/VPD-OE_Agent/data/raw/ZY/6.xls,生产线信息,84
25fb7f67f8296862,historical_600_unknown_rule,unknown,6,ZY13,自动线,大厂房(62),P3,空闲,90.0,,,-,0季,2,2,第1年3季,src_8723000306a0,origin data/VPD-OE_Agent_20260709/VPD-OE_Agent/data/raw/ZY/6.xls,生产线信息,85
8e6626b001680df1,historical_600_unknown_rule,unknown,6,ZY13,自动线,大厂房(63),P3,空闲,90.0,,,-,0季,2,2,第1年3季,src_8723000306a0,origin data/VPD-OE_Agent_20260709/VPD-OE_Agent/data/raw/ZY/6.xls,生产线信息,86
79e7861592b6f8db,historical_600_unknown_rule,unknown,6,ZY13,自动线,大厂房(63),P3,空闲,30.0,,,-,0季,4,2,第3年3季,src_8723000306a0,origin data/VPD-OE_Agent_20260709/VPD-OE_Agent/data/raw/ZY/6.xls,生产线信息,87
ba24d81143fc0dac,historical_600_unknown_rule,unknown,6,ZY13,自动线,大厂房(63),P3,空闲,30.0,,,-,0季,4,3,第3年3季,src_8723000306a0,origin data/VPD-OE_Agent_20260709/VPD-OE_Agent/data/raw/ZY/6.xls,生产线信息,88
379fe18de6b51136,historical_600_unknown_rule,unknown,6,ZY13,自动线,大厂房(63),P3,空闲,30.0,,,-,0季,4,3,第3年3季,src_8723000306a0,origin data/VPD-OE_Agent_20260709/VPD-OE_Agent/data/raw/ZY/6.xls,生产线信息,89
37a8293ac2f97b0c,historical_600_unknown_rule,unknown,6,ZY17,自动线,大厂房(48),P2,空闲,90.0,,,-,0季,2,1,第1年1季,src_8723000306a0,origin data/VPD-OE_Agent_20260709/VPD-OE_Agent/data/raw/ZY/6.xls,生产线信息,90
74897ed3cd23d450,historical_600_unknown_rule,unknown,6,ZY17,自动线,大厂房(48),P2,空闲,90.0,,,-,0季,2,1,第1年1季,src_8723000306a0,origin data/VPD-OE_Agent_20260709/VPD-OE_Agent/data/raw/ZY/6.xls,生产线信息,91
78f5d736950e0ede,historical_600_unknown_rule,unknown,6,ZY17,自动线,大厂房(48),P4,空闲,90.0,,,-,0季,2,1,第1年1季,src_8723000306a0,origin data/VPD-OE_Agent_20260709/VPD-OE_Agent/data/raw/ZY/6.xls,生产线信息,92
eeb48a0ff075b7c0,historical_600_unknown_rule,unknown,6,ZY17,自动线,大厂房(48),P4,空闲,90.0,,,-,0季,2,1,第1年1季,src_8723000306a0,origin data/VPD-OE_Agent_20260709/VPD-OE_Agent/data/raw/ZY/6.xls,生产线信息,93
5ec1785485fd6c21,historical_600_unknown_rule,unknown,6,ZY17,自动线,小厂房(70),P4,空闲,30.0,,,-,0季,4,1,第3年2季,src_8723000306a0,origin data/VPD-OE_Agent_20260709/VPD-OE_Agent/data/raw/ZY/6.xls,生产线信息,94
830d3485b07ae601,historical_600_unknown_rule,unknown,6,ZY17,自动线,小厂房(70),P1,空闲,0.0,,,-,0季,5,1,第4年2季,src_8723000306a0,origin data/VPD-OE_Agent_20260709/VPD-OE_Agent/data/raw/ZY/6.xls,生产线信息,95
2c0e1cc14fccf514,historical_600_unknown_rule,unknown,6,ZY17,自动线,小厂房(70),P1,空闲,0.0,,,-,0季,5,1,第4年2季,src_8723000306a0,origin data/VPD-OE_Agent_20260709/VPD-OE_Agent/data/raw/ZY/6.xls,生产线信息,96
e856e7e689b500bb,historical_600_unknown_rule,unknown,6,ZY17,自动线,大厂房(80),P4,空闲,0.0,,,-,0季,5,4,第5年1季,src_8723000306a0,origin data/VPD-OE_Agent_20260709/VPD-OE_Agent/data/raw/ZY/6.xls,生产线信息,97
f6d9b526b3bb094b,historical_600_unknown_rule,unknown,6,ZY17,自动线,大厂房(80),P4,空闲,0.0,,,-,0季,5,4,第5年1季,src_8723000306a0,origin data/VPD-OE_Agent_20260709/VPD-OE_Agent/data/raw/ZY/6.xls,生产线信息,98
c8fbd1456469a9d9,historical_600_unknown_rule,unknown,6,ZY17,自动线,大厂房(80),P1,空闲,0.0,,,-,0季,5,4,第5年1季,src_8723000306a0,origin data/VPD-OE_Agent_20260709/VPD-OE_Agent/data/raw/ZY/6.xls,生产线信息,99
4348d016b8449051,historical_600_unknown_rule,unknown,6,ZY17,自动线,大厂房(80),P1,空闲,0.0,,,-,0季,5,4,第5年1季,src_8723000306a0,origin data/VPD-OE_Agent_20260709/VPD-OE_Agent/data/raw/ZY/6.xls,生产线信息,100
e583fd62f6eef90d,historical_600_unknown_rule,unknown,6,ZY02,自动线,大厂房(52),P2,在产,120.0,5.0,4.0,-,0季,1,4,第1年1季,src_8723000306a0,origin data/VPD-OE_Agent_20260709/VPD-OE_Agent/data/raw/ZY/6.xls,生产线信息,101
2fb1d631c9cc7259,historical_600_unknown_rule,unknown,6,ZY02,自动线,大厂房(52),P3,在产,120.0,5.0,4.0,-,0季,1,4,第1年1季,src_8723000306a0,origin data/VPD-OE_Agent_20260709/VPD-OE_Agent/data/raw/ZY/6.xls,生产线信息,102
dc21508f2d63cf4d,historical_600_unknown_rule,unknown,6,ZY02,自动线,大厂房(52),P3,在产,90.0,5.0,4.0,-,0季,2,4,第2年1季,src_8723000306a0,origin data/VPD-OE_Agent_20260709/VPD-OE_Agent/data/raw/ZY/6.xls,生产线信息,103
92aa2aa047fb801a,historical_600_unknown_rule,unknown,6,ZY06,自动线,大厂房(60),P4,空闲,90.0,,,-,0季,2,2,第1年3季,src_8723000306a0,origin data/VPD-OE_Agent_20260709/VPD-OE_Agent/data/raw/ZY/6.xls,生产线信息,104
b1f1ffe2b248c541,historical_600_unknown_rule,unknown,6,ZY06,自动线,大厂房(60),P4,空闲,90.0,,,-,0季,2,2,第1年3季,src_8723000306a0,origin data/VPD-OE_Agent_20260709/VPD-OE_Agent/data/raw/ZY/6.xls,生产线信息,105
3299d36922ed35a1,historical_600_unknown_rule,unknown,6,ZY06,自动线,大厂房(60),P4,空闲,90.0,,,-,0季,2,2,第1年3季,src_8723000306a0,origin data/VPD-OE_Agent_20260709/VPD-OE_Agent/data/raw/ZY/6.xls,生产线信息,106
77cb4154dd2982eb,historical_600_unknown_rule,unknown,6,ZY06,自动线,大厂房(60),P4,空闲,90.0,,,-,0季,2,2,第1年3季,src_8723000306a0,origin data/VPD-OE_Agent_20260709/VPD-OE_Agent/data/raw/ZY/6.xls,生产线信息,107
4eae95ebd0e4d2b4,historical_600_unknown_rule,unknown,6,ZY06,手工线,大厂房(100),P4,空闲,0.0,,,-,0季,5,4,第5年4季,src_8723000306a0,origin data/VPD-OE_Agent_20260709/VPD-OE_Agent/data/raw/ZY/6.xls,生产线信息,108
59d467f1483892a7,historical_600_unknown_rule,unknown,6,ZY06,手工线,大厂房(100),P4,空闲,0.0,,,-,0季,5,4,第5年4季,src_8723000306a0,origin data/VPD-OE_Agent_20260709/VPD-OE_Agent/data/raw/ZY/6.xls,生产线信息,109
cf428780483a7e3f,historical_600_unknown_rule,unknown,6,ZY06,手工线,大厂房(100),P4,空闲,0.0,,,-,0季,5,4,第5年4季,src_8723000306a0,origin data/VPD-OE_Agent_20260709/VPD-OE_Agent/data/raw/ZY/6.xls,生产线信息,110
158ee5e79617f9ed,historical_600_unknown_rule,unknown,6,ZY06,手工线,大厂房(100),P4,空闲,0.0,,,-,0季,5,4,第5年4季,src_8723000306a0,origin data/VPD-OE_Agent_20260709/VPD-OE_Agent/data/raw/ZY/6.xls,生产线信息,111
