competition_id,rule_version,year,team_id,product_id,market_name,amount_wan,source_id,source_path,source_sheet,source_cell,source_row
historical_600_unknown_rule,unknown,1,ZY01,P1,本地,0.0,src_30b4ccc518f2,origin data/VPD-OE_Agent_20260709/VPD-OE_Agent/data/raw/ZY/1.xls,第1年广告投放(格式二),B3,3
historical_600_unknown_rule,unknown,1,ZY02,P1,本地,0.0,src_30b4ccc518f2,origin data/VPD-OE_Agent_20260709/VPD-OE_Agent/data/raw/ZY/1.xls,第1年广告投放(格式二),C3,3
historical_600_unknown_rule,unknown,1,ZY03,P1,本地,0.0,src_30b4ccc518f2,origin data/VPD-OE_Agent_20260709/VPD-OE_Agent/data/raw/ZY/1.xls,第1年广告投放(格式二),D3,3
historical_600_unknown_rule,unknown,1,ZY04,P1,本地,0.0,src_30b4ccc518f2,origin data/VPD-OE_Agent_20260709/VPD-OE_Agent/data/raw/ZY/1.xls,第1年广告投放(格式二),E3,3
historical_600_unknown_rule,unknown,1,ZY05,P1,本地,0.0,src_30b4ccc518f2,origin data/VPD-OE_Agent_20260709/VPD-OE_Agent/data/raw/ZY/1.xls,第1年广告投放(格式二),F3,3
historical_600_unknown_rule,unknown,1,ZY06,P1,本地,0.0,src_30b4ccc518f2,origin data/VPD-OE_Agent_20260709/VPD-OE_Agent/data/raw/ZY/1.xls,第1年广告投放(格式二),G3,3
historical_600_unknown_rule,unknown,1,ZY07,P1,本地,0.0,src_30b4ccc518f2,origin data/VPD-OE_Agent_20260709/VPD-OE_Agent/data/raw/ZY/1.xls,第1年广告投放(格式二),H3,3
historical_600_unknown_rule,unknown,1,ZY08,P1,本地,0.0,src_30b4ccc518f2,origin data/VPD-OE_Agent_20260709/VPD-OE_Agent/data/raw/ZY/1.xls,第1年广告投放(格式二),I3,3
historical_600_unknown_rule,unknown,1,ZY09,P1,本地,0.0,src_30b4ccc518f2,origin data/VPD-OE_Agent_20260709/VPD-OE_Agent/data/raw/ZY/1.xls,第1年广告投放(格式二),J3,3
historical_600_unknown_rule,unknown,1,ZY10,P1,本地,0.0,src_30b4ccc518f2,origin data/VPD-OE_Agent_20260709/VPD-OE_Agent/data/raw/ZY/1.xls,第1年广告投放(格式二),K3,3
historical_600_unknown_rule,unknown,1,ZY11,P1,本地,0.0,src_30b4ccc518f2,origin data/VPD-OE_Agent_20260709/VPD-OE_Agent/data/raw/ZY/1.xls,第1年广告投放(格式二),L3,3
historical_600_unknown_rule,unknown,1,ZY12,P1,本地,0.0,src_30b4ccc518f2,origin data/VPD-OE_Agent_20260709/VPD-OE_Agent/data/raw/ZY/1.xls,第1年广告投放(格式二),M3,3
historical_600_unknown_rule,unknown,1,ZY13,P1,本地,0.0,src_30b4ccc518f2,origin data/VPD-OE_Agent_20260709/VPD-OE_Agent/data/raw/ZY/1.xls,第1年广告投放(格式二),N3,3
historical_600_unknown_rule,unknown,1,ZY14,P1,本地,0.0,src_30b4ccc518f2,origin data/VPD-OE_Agent_20260709/VPD-OE_Agent/data/raw/ZY/1.xls,第1年广告投放(格式二),O3,3
historical_600_unknown_rule,unknown,1,ZY15,P1,本地,0.0,src_30b4ccc518f2,origin data/VPD-OE_Agent_20260709/VPD-OE_Agent/data/raw/ZY/1.xls,第1年广告投放(格式二),P3,3
historical_600_unknown_rule,unknown,1,ZY16,P1,本地,0.0,src_30b4ccc518f2,origin data/VPD-OE_Agent_20260709/VPD-OE_Agent/data/raw/ZY/1.xls,第1年广告投放(格式二),Q3,3
historical_600_unknown_rule,unknown,1,ZY17,P1,本地,0.0,src_30b4ccc518f2,origin data/VPD-OE_Agent_20260709/VPD-OE_Agent/data/raw/ZY/1.xls,第1年广告投放(格式二),R3,3
historical_600_unknown_rule,unknown,1,ZY18,P1,本地,0.0,src_30b4ccc518f2,origin data/VPD-OE_Agent_20260709/VPD-OE_Agent/data/raw/ZY/1.xls,第1年广告投放(格式二),S3,3
historical_600_unknown_rule,unknown,1,ZY01,P2,本地,0.0,src_30b4ccc518f2,origin data/VPD-OE_Agent_20260709/VPD-OE_Agent/data/raw/ZY/1.xls,第1年广告投放(格式二),B4,4
historical_600_unknown_rule,unknown,1,ZY02,P2,本地,0.0,src_30b4ccc518f2,origin data/VPD-OE_Agent_20260709/VPD-OE_Agent/data/raw/ZY/1.xls,第1年广告投放(格式二),C4,4
historical_600_unknown_rule,unknown,1,ZY03,P2,本地,0.0,src_30b4ccc518f2,origin data/VPD-OE_Agent_20260709/VPD-OE_Agent/data/raw/ZY/1.xls,第1年广告投放(格式二),D4,4
historical_600_unknown_rule,unknown,1,ZY04,P2,本地,0.0,src_30b4ccc518f2,origin data/VPD-OE_Agent_20260709/VPD-OE_Agent/data/raw/ZY/1.xls,第1年广告投放(格式二),E4,4
historical_600_unknown_rule,unknown,1,ZY05,P2,本地,0.0,src_30b4ccc518f2,origin data/VPD-OE_Agent_20260709/VPD-OE_Agent/data/raw/ZY/1.xls,第1年广告投放(格式二),F4,4
historical_600_unknown_rule,unknown,1,ZY06,P2,本地,0.0,src_30b4ccc518f2,origin data/VPD-OE_Agent_20260709/VPD-OE_Agent/data/raw/ZY/1.xls,第1年广告投放(格式二),G4,4
historical_600_unknown_rule,unknown,1,ZY07,P2,本地,0.0,src_30b4ccc518f2,origin data/VPD-OE_Agent_20260709/VPD-OE_Agent/data/raw/ZY/1.xls,第1年广告投放(格式二),H4,4
historical_600_unknown_rule,unknown,1,ZY08,P2,本地,0.0,src_30b4ccc518f2,origin data/VPD-OE_Agent_20260709/VPD-OE_Agent/data/raw/ZY/1.xls,第1年广告投放(格式二),I4,4
historical_600_unknown_rule,unknown,1,ZY09,P2,本地,0.0,src_30b4ccc518f2,origin data/VPD-OE_Agent_20260709/VPD-OE_Agent/data/raw/ZY/1.xls,第1年广告投放(格式二),J4,4
historical_600_unknown_rule,unknown,1,ZY10,P2,本地,0.0,src_30b4ccc518f2,origin data/VPD-OE_Agent_20260709/VPD-OE_Agent/data/raw/ZY/1.xls,第1年广告投放(格式二),K4,4
historical_600_unknown_rule,unknown,1,ZY11,P2,本地,0.0,src_30b4ccc518f2,origin data/VPD-OE_Agent_20260709/VPD-OE_Agent/data/raw/ZY/1.xls,第1年广告投放(格式二),L4,4
historical_600_unknown_rule,unknown,1,ZY12,P2,本地,0.0,src_30b4ccc518f2,origin data/VPD-OE_Agent_20260709/VPD-OE_Agent/data/raw/ZY/1.xls,第1年广告投放(格式二),M4,4
historical_600_unknown_rule,unknown,1,ZY13,P2,本地,0.0,src_30b4ccc518f2,origin data/VPD-OE_Agent_20260709/VPD-OE_Agent/data/raw/ZY/1.xls,第1年广告投放(格式二),N4,4
historical_600_unknown_rule,unknown,1,ZY14,P2,本地,0.0,src_30b4ccc518f2,origin data/VPD-OE_Agent_20260709/VPD-OE_Agent/data/raw/ZY/1.xls,第1年广告投放(格式二),O4,4
historical_600_unknown_rule,unknown,1,ZY15,P2,本地,0.0,src_30b4ccc518f2,origin data/VPD-OE_Agent_20260709/VPD-OE_Agent/data/raw/ZY/1.xls,第1年广告投放(格式二),P4,4
historical_600_unknown_rule,unknown,1,ZY16,P2,本地,0.0,src_30b4ccc518f2,origin data/VPD-OE_Agent_20260709/VPD-OE_Agent/data/raw/ZY/1.xls,第1年广告投放(格式二),Q4,4
historical_600_unknown_rule,unknown,1,ZY17,P2,本地,0.0,src_30b4ccc518f2,origin data/VPD-OE_Agent_20260709/VPD-OE_Agent/data/raw/ZY/1.xls,第1年广告投放(格式二),R4,4
historical_600_unknown_rule,unknown,1,ZY18,P2,本地,0.0,src_30b4ccc518f2,origin data/VPD-OE_Agent_20260709/VPD-OE_Agent/data/raw/ZY/1.xls,第1年广告投放(格式二),S4,4
historical_600_unknown_rule,unknown,1,ZY01,P3,本地,0.0,src_30b4ccc518f2,origin data/VPD-OE_Agent_20260709/VPD-OE_Agent/data/raw/ZY/1.xls,第1年广告投放(格式二),B5,5
historical_600_unknown_rule,unknown,1,ZY02,P3,本地,0.0,src_30b4ccc518f2,origin data/VPD-OE_Agent_20260709/VPD-OE_Agent/data/raw/ZY/1.xls,第1年广告投放(格式二),C5,5
historical_600_unknown_rule,unknown,1,ZY03,P3,本地,0.0,src_30b4ccc518f2,origin data/VPD-OE_Agent_20260709/VPD-OE_Agent/data/raw/ZY/1.xls,第1年广告投放(格式二),D5,5
historical_600_unknown_rule,unknown,1,ZY04,P3,本地,0.0,src_30b4ccc518f2,origin data/VPD-OE_Agent_20260709/VPD-OE_Agent/data/raw/ZY/1.xls,第1年广告投放(格式二),E5,5
historical_600_unknown_rule,unknown,1,ZY05,P3,本地,0.0,src_30b4ccc518f2,origin data/VPD-OE_Agent_20260709/VPD-OE_Agent/data/raw/ZY/1.xls,第1年广告投放(格式二),F5,5
historical_600_unknown_rule,unknown,1,ZY06,P3,本地,0.0,src_30b4ccc518f2,origin data/VPD-OE_Agent_20260709/VPD-OE_Agent/data/raw/ZY/1.xls,第1年广告投放(格式二),G5,5
historical_600_unknown_rule,unknown,1,ZY07,P3,本地,0.0,src_30b4ccc518f2,origin data/VPD-OE_Agent_20260709/VPD-OE_Agent/data/raw/ZY/1.xls,第1年广告投放(格式二),H5,5
historical_600_unknown_rule,unknown,1,ZY08,P3,本地,0.0,src_30b4ccc518f2,origin data/VPD-OE_Agent_20260709/VPD-OE_Agent/data/raw/ZY/1.xls,第1年广告投放(格式二),I5,5
historical_600_unknown_rule,unknown,1,ZY09,P3,本地,0.0,src_30b4ccc518f2,origin data/VPD-OE_Agent_20260709/VPD-OE_Agent/data/raw/ZY/1.xls,第1年广告投放(格式二),J5,5
historical_600_unknown_rule,unknown,1,ZY10,P3,本地,0.0,src_30b4ccc518f2,origin data/VPD-OE_Agent_20260709/VPD-OE_Agent/data/raw/ZY/1.xls,第1年广告投放(格式二),K5,5
historical_600_unknown_rule,unknown,1,ZY11,P3,本地,0.0,src_30b4ccc518f2,origin data/VPD-OE_Agent_20260709/VPD-OE_Agent/data/raw/ZY/1.xls,第1年广告投放(格式二),L5,5
historical_600_unknown_rule,unknown,1,ZY12,P3,本地,0.0,src_30b4ccc518f2,origin data/VPD-OE_Agent_20260709/VPD-OE_Agent/data/raw/ZY/1.xls,第1年广告投放(格式二),M5,5
historical_600_unknown_rule,unknown,1,ZY13,P3,本地,0.0,src_30b4ccc518f2,origin data/VPD-OE_Agent_20260709/VPD-OE_Agent/data/raw/ZY/1.xls,第1年广告投放(格式二),N5,5
historical_600_unknown_rule,unknown,1,ZY14,P3,本地,0.0,src_30b4ccc518f2,origin data/VPD-OE_Agent_20260709/VPD-OE_Agent/data/raw/ZY/1.xls,第1年广告投放(格式二),O5,5
historical_600_unknown_rule,unknown,1,ZY15,P3,本地,0.0,src_30b4ccc518f2,origin data/VPD-OE_Agent_20260709/VPD-OE_Agent/data/raw/ZY/1.xls,第1年广告投放(格式二),P5,5
historical_600_unknown_rule,unknown,1,ZY16,P3,本地,0.0,src_30b4ccc518f2,origin data/VPD-OE_Agent_20260709/VPD-OE_Agent/data/raw/ZY/1.xls,第1年广告投放(格式二),Q5,5
historical_600_unknown_rule,unknown,1,ZY17,P3,本地,0.0,src_30b4ccc518f2,origin data/VPD-OE_Agent_20260709/VPD-OE_Agent/data/raw/ZY/1.xls,第1年广告投放(格式二),R5,5
historical_600_unknown_rule,unknown,1,ZY18,P3,本地,0.0,src_30b4ccc518f2,origin data/VPD-OE_Agent_20260709/VPD-OE_Agent/data/raw/ZY/1.xls,第1年广告投放(格式二),S5,5
historical_600_unknown_rule,unknown,1,ZY01,P4,本地,0.0,src_30b4ccc518f2,origin data/VPD-OE_Agent_20260709/VPD-OE_Agent/data/raw/ZY/1.xls,第1年广告投放(格式二),B6,6
historical_600_unknown_rule,unknown,1,ZY02,P4,本地,0.0,src_30b4ccc518f2,origin data/VPD-OE_Agent_20260709/VPD-OE_Agent/data/raw/ZY/1.xls,第1年广告投放(格式二),C6,6
historical_600_unknown_rule,unknown,1,ZY03,P4,本地,0.0,src_30b4ccc518f2,origin data/VPD-OE_Agent_20260709/VPD-OE_Agent/data/raw/ZY/1.xls,第1年广告投放(格式二),D6,6
historical_600_unknown_rule,unknown,1,ZY04,P4,本地,0.0,src_30b4ccc518f2,origin data/VPD-OE_Agent_20260709/VPD-OE_Agent/data/raw/ZY/1.xls,第1年广告投放(格式二),E6,6
historical_600_unknown_rule,unknown,1,ZY05,P4,本地,0.0,src_30b4ccc518f2,origin data/VPD-OE_Agent_20260709/VPD-OE_Agent/data/raw/ZY/1.xls,第1年广告投放(格式二),F6,6
historical_600_unknown_rule,unknown,1,ZY06,P4,本地,0.0,src_30b4ccc518f2,origin data/VPD-OE_Agent_20260709/VPD-OE_Agent/data/raw/ZY/1.xls,第1年广告投放(格式二),G6,6
historical_600_unknown_rule,unknown,1,ZY07,P4,本地,0.0,src_30b4ccc518f2,origin data/VPD-OE_Agent_20260709/VPD-OE_Agent/data/raw/ZY/1.xls,第1年广告投放(格式二),H6,6
historical_600_unknown_rule,unknown,1,ZY08,P4,本地,0.0,src_30b4ccc518f2,origin data/VPD-OE_Agent_20260709/VPD-OE_Agent/data/raw/ZY/1.xls,第1年广告投放(格式二),I6,6
historical_600_unknown_rule,unknown,1,ZY09,P4,本地,0.0,src_30b4ccc518f2,origin data/VPD-OE_Agent_20260709/VPD-OE_Agent/data/raw/ZY/1.xls,第1年广告投放(格式二),J6,6
historical_600_unknown_rule,unknown,1,ZY10,P4,本地,0.0,src_30b4ccc518f2,origin data/VPD-OE_Agent_20260709/VPD-OE_Agent/data/raw/ZY/1.xls,第1年广告投放(格式二),K6,6
historical_600_unknown_rule,unknown,1,ZY11,P4,本地,0.0,src_30b4ccc518f2,origin data/VPD-OE_Agent_20260709/VPD-OE_Agent/data/raw/ZY/1.xls,第1年广告投放(格式二),L6,6
historical_600_unknown_rule,unknown,1,ZY12,P4,本地,0.0,src_30b4ccc518f2,origin data/VPD-OE_Agent_20260709/VPD-OE_Agent/data/raw/ZY/1.xls,第1年广告投放(格式二),M6,6
historical_600_unknown_rule,unknown,1,ZY13,P4,本地,0.0,src_30b4ccc518f2,origin data/VPD-OE_Agent_20260709/VPD-OE_Agent/data/raw/ZY/1.xls,第1年广告投放(格式二),N6,6
historical_600_unknown_rule,unknown,1,ZY14,P4,本地,0.0,src_30b4ccc518f2,origin data/VPD-OE_Agent_20260709/VPD-OE_Agent/data/raw/ZY/1.xls,第1年广告投放(格式二),O6,6
historical_600_unknown_rule,unknown,1,ZY15,P4,本地,0.0,src_30b4ccc518f2,origin data/VPD-OE_Agent_20260709/VPD-OE_Agent/data/raw/ZY/1.xls,第1年广告投放(格式二),P6,6
historical_600_unknown_rule,unknown,1,ZY16,P4,本地,0.0,src_30b4ccc518f2,origin data/VPD-OE_Agent_20260709/VPD-OE_Agent/data/raw/ZY/1.xls,第1年广告投放(格式二),Q6,6
historical_600_unknown_rule,unknown,1,ZY17,P4,本地,0.0,src_30b4ccc518f2,origin data/VPD-OE_Agent_20260709/VPD-OE_Agent/data/raw/ZY/1.xls,第1年广告投放(格式二),R6,6
historical_600_unknown_rule,unknown,1,ZY18,P4,本地,0.0,src_30b4ccc518f2,origin data/VPD-OE_Agent_20260709/VPD-OE_Agent/data/raw/ZY/1.xls,第1年广告投放(格式二),S6,6
historical_600_unknown_rule,unknown,1,ZY01,P1,区域,0.0,src_30b4ccc518f2,origin data/VPD-OE_Agent_20260709/VPD-OE_Agent/data/raw/ZY/1.xls,第1年广告投放(格式二),B8,8
historical_600_unknown_rule,unknown,1,ZY02,P1,区域,0.0,src_30b4ccc518f2,origin data/VPD-OE_Agent_20260709/VPD-OE_Agent/data/raw/ZY/1.xls,第1年广告投放(格式二),C8,8
historical_600_unknown_rule,unknown,1,ZY03,P1,区域,0.0,src_30b4ccc518f2,origin data/VPD-OE_Agent_20260709/VPD-OE_Agent/data/raw/ZY/1.xls,第1年广告投放(格式二),D8,8
historical_600_unknown_rule,unknown,1,ZY04,P1,区域,0.0,src_30b4ccc518f2,origin data/VPD-OE_Agent_20260709/VPD-OE_Agent/data/raw/ZY/1.xls,第1年广告投放(格式二),E8,8
historical_600_unknown_rule,unknown,1,ZY05,P1,区域,0.0,src_30b4ccc518f2,origin data/VPD-OE_Agent_20260709/VPD-OE_Agent/data/raw/ZY/1.xls,第1年广告投放(格式二),F8,8
historical_600_unknown_rule,unknown,1,ZY06,P1,区域,0.0,src_30b4ccc518f2,origin data/VPD-OE_Agent_20260709/VPD-OE_Agent/data/raw/ZY/1.xls,第1年广告投放(格式二),G8,8
historical_600_unknown_rule,unknown,1,ZY07,P1,区域,0.0,src_30b4ccc518f2,origin data/VPD-OE_Agent_20260709/VPD-OE_Agent/data/raw/ZY/1.xls,第1年广告投放(格式二),H8,8
historical_600_unknown_rule,unknown,1,ZY08,P1,区域,0.0,src_30b4ccc518f2,origin data/VPD-OE_Agent_20260709/VPD-OE_Agent/data/raw/ZY/1.xls,第1年广告投放(格式二),I8,8
historical_600_unknown_rule,unknown,1,ZY09,P1,区域,0.0,src_30b4ccc518f2,origin data/VPD-OE_Agent_20260709/VPD-OE_Agent/data/raw/ZY/1.xls,第1年广告投放(格式二),J8,8
historical_600_unknown_rule,unknown,1,ZY10,P1,区域,0.0,src_30b4ccc518f2,origin data/VPD-OE_Agent_20260709/VPD-OE_Agent/data/raw/ZY/1.xls,第1年广告投放(格式二),K8,8
historical_600_unknown_rule,unknown,1,ZY11,P1,区域,0.0,src_30b4ccc518f2,origin data/VPD-OE_Agent_20260709/VPD-OE_Agent/data/raw/ZY/1.xls,第1年广告投放(格式二),L8,8
historical_600_unknown_rule,unknown,1,ZY12,P1,区域,0.0,src_30b4ccc518f2,origin data/VPD-OE_Agent_20260709/VPD-OE_Agent/data/raw/ZY/1.xls,第1年广告投放(格式二),M8,8
historical_600_unknown_rule,unknown,1,ZY13,P1,区域,0.0,src_30b4ccc518f2,origin data/VPD-OE_Agent_20260709/VPD-OE_Agent/data/raw/ZY/1.xls,第1年广告投放(格式二),N8,8
historical_600_unknown_rule,unknown,1,ZY14,P1,区域,0.0,src_30b4ccc518f2,origin data/VPD-OE_Agent_20260709/VPD-OE_Agent/data/raw/ZY/1.xls,第1年广告投放(格式二),O8,8
historical_600_unknown_rule,unknown,1,ZY15,P1,区域,0.0,src_30b4ccc518f2,origin data/VPD-OE_Agent_20260709/VPD-OE_Agent/data/raw/ZY/1.xls,第1年广告投放(格式二),P8,8
historical_600_unknown_rule,unknown,1,ZY16,P1,区域,0.0,src_30b4ccc518f2,origin data/VPD-OE_Agent_20260709/VPD-OE_Agent/data/raw/ZY/1.xls,第1年广告投放(格式二),Q8,8
historical_600_unknown_rule,unknown,1,ZY17,P1,区域,0.0,src_30b4ccc518f2,origin data/VPD-OE_Agent_20260709/VPD-OE_Agent/data/raw/ZY/1.xls,第1年广告投放(格式二),R8,8
historical_600_unknown_rule,unknown,1,ZY18,P1,区域,0.0,src_30b4ccc518f2,origin data/VPD-OE_Agent_20260709/VPD-OE_Agent/data/raw/ZY/1.xls,第1年广告投放(格式二),S8,8
historical_600_unknown_rule,unknown,1,ZY01,P2,区域,0.0,src_30b4ccc518f2,origin data/VPD-OE_Agent_20260709/VPD-OE_Agent/data/raw/ZY/1.xls,第1年广告投放(格式二),B9,9
historical_600_unknown_rule,unknown,1,ZY02,P2,区域,0.0,src_30b4ccc518f2,origin data/VPD-OE_Agent_20260709/VPD-OE_Agent/data/raw/ZY/1.xls,第1年广告投放(格式二),C9,9
historical_600_unknown_rule,unknown,1,ZY03,P2,区域,0.0,src_30b4ccc518f2,origin data/VPD-OE_Agent_20260709/VPD-OE_Agent/data/raw/ZY/1.xls,第1年广告投放(格式二),D9,9
historical_600_unknown_rule,unknown,1,ZY04,P2,区域,0.0,src_30b4ccc518f2,origin data/VPD-OE_Agent_20260709/VPD-OE_Agent/data/raw/ZY/1.xls,第1年广告投放(格式二),E9,9
historical_600_unknown_rule,unknown,1,ZY05,P2,区域,0.0,src_30b4ccc518f2,origin data/VPD-OE_Agent_20260709/VPD-OE_Agent/data/raw/ZY/1.xls,第1年广告投放(格式二),F9,9
historical_600_unknown_rule,unknown,1,ZY06,P2,区域,0.0,src_30b4ccc518f2,origin data/VPD-OE_Agent_20260709/VPD-OE_Agent/data/raw/ZY/1.xls,第1年广告投放(格式二),G9,9
historical_600_unknown_rule,unknown,1,ZY07,P2,区域,0.0,src_30b4ccc518f2,origin data/VPD-OE_Agent_20260709/VPD-OE_Agent/data/raw/ZY/1.xls,第1年广告投放(格式二),H9,9
historical_600_unknown_rule,unknown,1,ZY08,P2,区域,0.0,src_30b4ccc518f2,origin data/VPD-OE_Agent_20260709/VPD-OE_Agent/data/raw/ZY/1.xls,第1年广告投放(格式二),I9,9
historical_600_unknown_rule,unknown,1,ZY09,P2,区域,0.0,src_30b4ccc518f2,origin data/VPD-OE_Agent_20260709/VPD-OE_Agent/data/raw/ZY/1.xls,第1年广告投放(格式二),J9,9
historical_600_unknown_rule,unknown,1,ZY10,P2,区域,0.0,src_30b4ccc518f2,origin data/VPD-OE_Agent_20260709/VPD-OE_Agent/data/raw/ZY/1.xls,第1年广告投放(格式二),K9,9
historical_600_unknown_rule,unknown,1,ZY11,P2,区域,0.0,src_30b4ccc518f2,origin data/VPD-OE_Agent_20260709/VPD-OE_Agent/data/raw/ZY/1.xls,第1年广告投放(格式二),L9,9
historical_600_unknown_rule,unknown,1,ZY12,P2,区域,0.0,src_30b4ccc518f2,origin data/VPD-OE_Agent_20260709/VPD-OE_Agent/data/raw/ZY/1.xls,第1年广告投放(格式二),M9,9
historical_600_unknown_rule,unknown,1,ZY13,P2,区域,0.0,src_30b4ccc518f2,origin data/VPD-OE_Agent_20260709/VPD-OE_Agent/data/raw/ZY/1.xls,第1年广告投放(格式二),N9,9
historical_600_unknown_rule,unknown,1,ZY14,P2,区域,0.0,src_30b4ccc518f2,origin data/VPD-OE_Agent_20260709/VPD-OE_Agent/data/raw/ZY/1.xls,第1年广告投放(格式二),O9,9
historical_600_unknown_rule,unknown,1,ZY15,P2,区域,0.0,src_30b4ccc518f2,origin data/VPD-OE_Agent_20260709/VPD-OE_Agent/data/raw/ZY/1.xls,第1年广告投放(格式二),P9,9
historical_600_unknown_rule,unknown,1,ZY16,P2,区域,0.0,src_30b4ccc518f2,origin data/VPD-OE_Agent_20260709/VPD-OE_Agent/data/raw/ZY/1.xls,第1年广告投放(格式二),Q9,9
historical_600_unknown_rule,unknown,1,ZY17,P2,区域,0.0,src_30b4ccc518f2,origin data/VPD-OE_Agent_20260709/VPD-OE_Agent/data/raw/ZY/1.xls,第1年广告投放(格式二),R9,9
historical_600_unknown_rule,unknown,1,ZY18,P2,区域,0.0,src_30b4ccc518f2,origin data/VPD-OE_Agent_20260709/VPD-OE_Agent/data/raw/ZY/1.xls,第1年广告投放(格式二),S9,9
historical_600_unknown_rule,unknown,1,ZY01,P3,区域,0.0,src_30b4ccc518f2,origin data/VPD-OE_Agent_20260709/VPD-OE_Agent/data/raw/ZY/1.xls,第1年广告投放(格式二),B10,10
historical_600_unknown_rule,unknown,1,ZY02,P3,区域,0.0,src_30b4ccc518f2,origin data/VPD-OE_Agent_20260709/VPD-OE_Agent/data/raw/ZY/1.xls,第1年广告投放(格式二),C10,10
historical_600_unknown_rule,unknown,1,ZY03,P3,区域,0.0,src_30b4ccc518f2,origin data/VPD-OE_Agent_20260709/VPD-OE_Agent/data/raw/ZY/1.xls,第1年广告投放(格式二),D10,10
historical_600_unknown_rule,unknown,1,ZY04,P3,区域,0.0,src_30b4ccc518f2,origin data/VPD-OE_Agent_20260709/VPD-OE_Agent/data/raw/ZY/1.xls,第1年广告投放(格式二),E10,10
historical_600_unknown_rule,unknown,1,ZY05,P3,区域,0.0,src_30b4ccc518f2,origin data/VPD-OE_Agent_20260709/VPD-OE_Agent/data/raw/ZY/1.xls,第1年广告投放(格式二),F10,10
historical_600_unknown_rule,unknown,1,ZY06,P3,区域,0.0,src_30b4ccc518f2,origin data/VPD-OE_Agent_20260709/VPD-OE_Agent/data/raw/ZY/1.xls,第1年广告投放(格式二),G10,10
historical_600_unknown_rule,unknown,1,ZY07,P3,区域,0.0,src_30b4ccc518f2,origin data/VPD-OE_Agent_20260709/VPD-OE_Agent/data/raw/ZY/1.xls,第1年广告投放(格式二),H10,10
historical_600_unknown_rule,unknown,1,ZY08,P3,区域,0.0,src_30b4ccc518f2,origin data/VPD-OE_Agent_20260709/VPD-OE_Agent/data/raw/ZY/1.xls,第1年广告投放(格式二),I10,10
historical_600_unknown_rule,unknown,1,ZY09,P3,区域,0.0,src_30b4ccc518f2,origin data/VPD-OE_Agent_20260709/VPD-OE_Agent/data/raw/ZY/1.xls,第1年广告投放(格式二),J10,10
historical_600_unknown_rule,unknown,1,ZY10,P3,区域,0.0,src_30b4ccc518f2,origin data/VPD-OE_Agent_20260709/VPD-OE_Agent/data/raw/ZY/1.xls,第1年广告投放(格式二),K10,10
historical_600_unknown_rule,unknown,1,ZY11,P3,区域,0.0,src_30b4ccc518f2,origin data/VPD-OE_Agent_20260709/VPD-OE_Agent/data/raw/ZY/1.xls,第1年广告投放(格式二),L10,10
historical_600_unknown_rule,unknown,1,ZY12,P3,区域,0.0,src_30b4ccc518f2,origin data/VPD-OE_Agent_20260709/VPD-OE_Agent/data/raw/ZY/1.xls,第1年广告投放(格式二),M10,10
historical_600_unknown_rule,unknown,1,ZY13,P3,区域,0.0,src_30b4ccc518f2,origin data/VPD-OE_Agent_20260709/VPD-OE_Agent/data/raw/ZY/1.xls,第1年广告投放(格式二),N10,10
historical_600_unknown_rule,unknown,1,ZY14,P3,区域,0.0,src_30b4ccc518f2,origin data/VPD-OE_Agent_20260709/VPD-OE_Agent/data/raw/ZY/1.xls,第1年广告投放(格式二),O10,10
historical_600_unknown_rule,unknown,1,ZY15,P3,区域,0.0,src_30b4ccc518f2,origin data/VPD-OE_Agent_20260709/VPD-OE_Agent/data/raw/ZY/1.xls,第1年广告投放(格式二),P10,10
historical_600_unknown_rule,unknown,1,ZY16,P3,区域,0.0,src_30b4ccc518f2,origin data/VPD-OE_Agent_20260709/VPD-OE_Agent/data/raw/ZY/1.xls,第1年广告投放(格式二),Q10,10
historical_600_unknown_rule,unknown,1,ZY17,P3,区域,0.0,src_30b4ccc518f2,origin data/VPD-OE_Agent_20260709/VPD-OE_Agent/data/raw/ZY/1.xls,第1年广告投放(格式二),R10,10
historical_600_unknown_rule,unknown,1,ZY18,P3,区域,0.0,src_30b4ccc518f2,origin data/VPD-OE_Agent_20260709/VPD-OE_Agent/data/raw/ZY/1.xls,第1年广告投放(格式二),S10,10
historical_600_unknown_rule,unknown,1,ZY01,P4,区域,0.0,src_30b4ccc518f2,origin data/VPD-OE_Agent_20260709/VPD-OE_Agent/data/raw/ZY/1.xls,第1年广告投放(格式二),B11,11
historical_600_unknown_rule,unknown,1,ZY02,P4,区域,0.0,src_30b4ccc518f2,origin data/VPD-OE_Agent_20260709/VPD-OE_Agent/data/raw/ZY/1.xls,第1年广告投放(格式二),C11,11
historical_600_unknown_rule,unknown,1,ZY03,P4,区域,0.0,src_30b4ccc518f2,origin data/VPD-OE_Agent_20260709/VPD-OE_Agent/data/raw/ZY/1.xls,第1年广告投放(格式二),D11,11
historical_600_unknown_rule,unknown,1,ZY04,P4,区域,0.0,src_30b4ccc518f2,origin data/VPD-OE_Agent_20260709/VPD-OE_Agent/data/raw/ZY/1.xls,第1年广告投放(格式二),E11,11
historical_600_unknown_rule,unknown,1,ZY05,P4,区域,0.0,src_30b4ccc518f2,origin data/VPD-OE_Agent_20260709/VPD-OE_Agent/data/raw/ZY/1.xls,第1年广告投放(格式二),F11,11
historical_600_unknown_rule,unknown,1,ZY06,P4,区域,0.0,src_30b4ccc518f2,origin data/VPD-OE_Agent_20260709/VPD-OE_Agent/data/raw/ZY/1.xls,第1年广告投放(格式二),G11,11
historical_600_unknown_rule,unknown,1,ZY07,P4,区域,0.0,src_30b4ccc518f2,origin data/VPD-OE_Agent_20260709/VPD-OE_Agent/data/raw/ZY/1.xls,第1年广告投放(格式二),H11,11
historical_600_unknown_rule,unknown,1,ZY08,P4,区域,0.0,src_30b4ccc518f2,origin data/VPD-OE_Agent_20260709/VPD-OE_Agent/data/raw/ZY/1.xls,第1年广告投放(格式二),I11,11
historical_600_unknown_rule,unknown,1,ZY09,P4,区域,0.0,src_30b4ccc518f2,origin data/VPD-OE_Agent_20260709/VPD-OE_Agent/data/raw/ZY/1.xls,第1年广告投放(格式二),J11,11
historical_600_unknown_rule,unknown,1,ZY10,P4,区域,0.0,src_30b4ccc518f2,origin data/VPD-OE_Agent_20260709/VPD-OE_Agent/data/raw/ZY/1.xls,第1年广告投放(格式二),K11,11
historical_600_unknown_rule,unknown,1,ZY11,P4,区域,0.0,src_30b4ccc518f2,origin data/VPD-OE_Agent_20260709/VPD-OE_Agent/data/raw/ZY/1.xls,第1年广告投放(格式二),L11,11
historical_600_unknown_rule,unknown,1,ZY12,P4,区域,0.0,src_30b4ccc518f2,origin data/VPD-OE_Agent_20260709/VPD-OE_Agent/data/raw/ZY/1.xls,第1年广告投放(格式二),M11,11
historical_600_unknown_rule,unknown,1,ZY13,P4,区域,0.0,src_30b4ccc518f2,origin data/VPD-OE_Agent_20260709/VPD-OE_Agent/data/raw/ZY/1.xls,第1年广告投放(格式二),N11,11
historical_600_unknown_rule,unknown,1,ZY14,P4,区域,0.0,src_30b4ccc518f2,origin data/VPD-OE_Agent_20260709/VPD-OE_Agent/data/raw/ZY/1.xls,第1年广告投放(格式二),O11,11
historical_600_unknown_rule,unknown,1,ZY15,P4,区域,0.0,src_30b4ccc518f2,origin data/VPD-OE_Agent_20260709/VPD-OE_Agent/data/raw/ZY/1.xls,第1年广告投放(格式二),P11,11
historical_600_unknown_rule,unknown,1,ZY16,P4,区域,0.0,src_30b4ccc518f2,origin data/VPD-OE_Agent_20260709/VPD-OE_Agent/data/raw/ZY/1.xls,第1年广告投放(格式二),Q11,11
historical_600_unknown_rule,unknown,1,ZY17,P4,区域,0.0,src_30b4ccc518f2,origin data/VPD-OE_Agent_20260709/VPD-OE_Agent/data/raw/ZY/1.xls,第1年广告投放(格式二),R11,11
historical_600_unknown_rule,unknown,1,ZY18,P4,区域,0.0,src_30b4ccc518f2,origin data/VPD-OE_Agent_20260709/VPD-OE_Agent/data/raw/ZY/1.xls,第1年广告投放(格式二),S11,11
historical_600_unknown_rule,unknown,1,ZY01,P1,国内,0.0,src_30b4ccc518f2,origin data/VPD-OE_Agent_20260709/VPD-OE_Agent/data/raw/ZY/1.xls,第1年广告投放(格式二),B13,13
historical_600_unknown_rule,unknown,1,ZY02,P1,国内,0.0,src_30b4ccc518f2,origin data/VPD-OE_Agent_20260709/VPD-OE_Agent/data/raw/ZY/1.xls,第1年广告投放(格式二),C13,13
historical_600_unknown_rule,unknown,1,ZY03,P1,国内,0.0,src_30b4ccc518f2,origin data/VPD-OE_Agent_20260709/VPD-OE_Agent/data/raw/ZY/1.xls,第1年广告投放(格式二),D13,13
historical_600_unknown_rule,unknown,1,ZY04,P1,国内,0.0,src_30b4ccc518f2,origin data/VPD-OE_Agent_20260709/VPD-OE_Agent/data/raw/ZY/1.xls,第1年广告投放(格式二),E13,13
historical_600_unknown_rule,unknown,1,ZY05,P1,国内,0.0,src_30b4ccc518f2,origin data/VPD-OE_Agent_20260709/VPD-OE_Agent/data/raw/ZY/1.xls,第1年广告投放(格式二),F13,13
historical_600_unknown_rule,unknown,1,ZY06,P1,国内,0.0,src_30b4ccc518f2,origin data/VPD-OE_Agent_20260709/VPD-OE_Agent/data/raw/ZY/1.xls,第1年广告投放(格式二),G13,13
historical_600_unknown_rule,unknown,1,ZY07,P1,国内,0.0,src_30b4ccc518f2,origin data/VPD-OE_Agent_20260709/VPD-OE_Agent/data/raw/ZY/1.xls,第1年广告投放(格式二),H13,13
historical_600_unknown_rule,unknown,1,ZY08,P1,国内,0.0,src_30b4ccc518f2,origin data/VPD-OE_Agent_20260709/VPD-OE_Agent/data/raw/ZY/1.xls,第1年广告投放(格式二),I13,13
historical_600_unknown_rule,unknown,1,ZY09,P1,国内,0.0,src_30b4ccc518f2,origin data/VPD-OE_Agent_20260709/VPD-OE_Agent/data/raw/ZY/1.xls,第1年广告投放(格式二),J13,13
historical_600_unknown_rule,unknown,1,ZY10,P1,国内,0.0,src_30b4ccc518f2,origin data/VPD-OE_Agent_20260709/VPD-OE_Agent/data/raw/ZY/1.xls,第1年广告投放(格式二),K13,13
historical_600_unknown_rule,unknown,1,ZY11,P1,国内,0.0,src_30b4ccc518f2,origin data/VPD-OE_Agent_20260709/VPD-OE_Agent/data/raw/ZY/1.xls,第1年广告投放(格式二),L13,13
historical_600_unknown_rule,unknown,1,ZY12,P1,国内,0.0,src_30b4ccc518f2,origin data/VPD-OE_Agent_20260709/VPD-OE_Agent/data/raw/ZY/1.xls,第1年广告投放(格式二),M13,13
historical_600_unknown_rule,unknown,1,ZY13,P1,国内,0.0,src_30b4ccc518f2,origin data/VPD-OE_Agent_20260709/VPD-OE_Agent/data/raw/ZY/1.xls,第1年广告投放(格式二),N13,13
historical_600_unknown_rule,unknown,1,ZY14,P1,国内,0.0,src_30b4ccc518f2,origin data/VPD-OE_Agent_20260709/VPD-OE_Agent/data/raw/ZY/1.xls,第1年广告投放(格式二),O13,13
historical_600_unknown_rule,unknown,1,ZY15,P1,国内,0.0,src_30b4ccc518f2,origin data/VPD-OE_Agent_20260709/VPD-OE_Agent/data/raw/ZY/1.xls,第1年广告投放(格式二),P13,13
historical_600_unknown_rule,unknown,1,ZY16,P1,国内,0.0,src_30b4ccc518f2,origin data/VPD-OE_Agent_20260709/VPD-OE_Agent/data/raw/ZY/1.xls,第1年广告投放(格式二),Q13,13
historical_600_unknown_rule,unknown,1,ZY17,P1,国内,0.0,src_30b4ccc518f2,origin data/VPD-OE_Agent_20260709/VPD-OE_Agent/data/raw/ZY/1.xls,第1年广告投放(格式二),R13,13
historical_600_unknown_rule,unknown,1,ZY18,P1,国内,0.0,src_30b4ccc518f2,origin data/VPD-OE_Agent_20260709/VPD-OE_Agent/data/raw/ZY/1.xls,第1年广告投放(格式二),S13,13
historical_600_unknown_rule,unknown,1,ZY01,P2,国内,0.0,src_30b4ccc518f2,origin data/VPD-OE_Agent_20260709/VPD-OE_Agent/data/raw/ZY/1.xls,第1年广告投放(格式二),B14,14
historical_600_unknown_rule,unknown,1,ZY02,P2,国内,0.0,src_30b4ccc518f2,origin data/VPD-OE_Agent_20260709/VPD-OE_Agent/data/raw/ZY/1.xls,第1年广告投放(格式二),C14,14
historical_600_unknown_rule,unknown,1,ZY03,P2,国内,0.0,src_30b4ccc518f2,origin data/VPD-OE_Agent_20260709/VPD-OE_Agent/data/raw/ZY/1.xls,第1年广告投放(格式二),D14,14
historical_600_unknown_rule,unknown,1,ZY04,P2,国内,0.0,src_30b4ccc518f2,origin data/VPD-OE_Agent_20260709/VPD-OE_Agent/data/raw/ZY/1.xls,第1年广告投放(格式二),E14,14
historical_600_unknown_rule,unknown,1,ZY05,P2,国内,0.0,src_30b4ccc518f2,origin data/VPD-OE_Agent_20260709/VPD-OE_Agent/data/raw/ZY/1.xls,第1年广告投放(格式二),F14,14
historical_600_unknown_rule,unknown,1,ZY06,P2,国内,0.0,src_30b4ccc518f2,origin data/VPD-OE_Agent_20260709/VPD-OE_Agent/data/raw/ZY/1.xls,第1年广告投放(格式二),G14,14
historical_600_unknown_rule,unknown,1,ZY07,P2,国内,0.0,src_30b4ccc518f2,origin data/VPD-OE_Agent_20260709/VPD-OE_Agent/data/raw/ZY/1.xls,第1年广告投放(格式二),H14,14
historical_600_unknown_rule,unknown,1,ZY08,P2,国内,0.0,src_30b4ccc518f2,origin data/VPD-OE_Agent_20260709/VPD-OE_Agent/data/raw/ZY/1.xls,第1年广告投放(格式二),I14,14
historical_600_unknown_rule,unknown,1,ZY09,P2,国内,0.0,src_30b4ccc518f2,origin data/VPD-OE_Agent_20260709/VPD-OE_Agent/data/raw/ZY/1.xls,第1年广告投放(格式二),J14,14
historical_600_unknown_rule,unknown,1,ZY10,P2,国内,0.0,src_30b4ccc518f2,origin data/VPD-OE_Agent_20260709/VPD-OE_Agent/data/raw/ZY/1.xls,第1年广告投放(格式二),K14,14
historical_600_unknown_rule,unknown,1,ZY11,P2,国内,0.0,src_30b4ccc518f2,origin data/VPD-OE_Agent_20260709/VPD-OE_Agent/data/raw/ZY/1.xls,第1年广告投放(格式二),L14,14
historical_600_unknown_rule,unknown,1,ZY12,P2,国内,0.0,src_30b4ccc518f2,origin data/VPD-OE_Agent_20260709/VPD-OE_Agent/data/raw/ZY/1.xls,第1年广告投放(格式二),M14,14
historical_600_unknown_rule,unknown,1,ZY13,P2,国内,0.0,src_30b4ccc518f2,origin data/VPD-OE_Agent_20260709/VPD-OE_Agent/data/raw/ZY/1.xls,第1年广告投放(格式二),N14,14
historical_600_unknown_rule,unknown,1,ZY14,P2,国内,0.0,src_30b4ccc518f2,origin data/VPD-OE_Agent_20260709/VPD-OE_Agent/data/raw/ZY/1.xls,第1年广告投放(格式二),O14,14
historical_600_unknown_rule,unknown,1,ZY15,P2,国内,0.0,src_30b4ccc518f2,origin data/VPD-OE_Agent_20260709/VPD-OE_Agent/data/raw/ZY/1.xls,第1年广告投放(格式二),P14,14
historical_600_unknown_rule,unknown,1,ZY16,P2,国内,0.0,src_30b4ccc518f2,origin data/VPD-OE_Agent_20260709/VPD-OE_Agent/data/raw/ZY/1.xls,第1年广告投放(格式二),Q14,14
historical_600_unknown_rule,unknown,1,ZY17,P2,国内,0.0,src_30b4ccc518f2,origin data/VPD-OE_Agent_20260709/VPD-OE_Agent/data/raw/ZY/1.xls,第1年广告投放(格式二),R14,14
historical_600_unknown_rule,unknown,1,ZY18,P2,国内,0.0,src_30b4ccc518f2,origin data/VPD-OE_Agent_20260709/VPD-OE_Agent/data/raw/ZY/1.xls,第1年广告投放(格式二),S14,14
historical_600_unknown_rule,unknown,1,ZY01,P3,国内,0.0,src_30b4ccc518f2,origin data/VPD-OE_Agent_20260709/VPD-OE_Agent/data/raw/ZY/1.xls,第1年广告投放(格式二),B15,15
historical_600_unknown_rule,unknown,1,ZY02,P3,国内,0.0,src_30b4ccc518f2,origin data/VPD-OE_Agent_20260709/VPD-OE_Agent/data/raw/ZY/1.xls,第1年广告投放(格式二),C15,15
historical_600_unknown_rule,unknown,1,ZY03,P3,国内,0.0,src_30b4ccc518f2,origin data/VPD-OE_Agent_20260709/VPD-OE_Agent/data/raw/ZY/1.xls,第1年广告投放(格式二),D15,15
historical_600_unknown_rule,unknown,1,ZY04,P3,国内,0.0,src_30b4ccc518f2,origin data/VPD-OE_Agent_20260709/VPD-OE_Agent/data/raw/ZY/1.xls,第1年广告投放(格式二),E15,15
historical_600_unknown_rule,unknown,1,ZY05,P3,国内,0.0,src_30b4ccc518f2,origin data/VPD-OE_Agent_20260709/VPD-OE_Agent/data/raw/ZY/1.xls,第1年广告投放(格式二),F15,15
historical_600_unknown_rule,unknown,1,ZY06,P3,国内,0.0,src_30b4ccc518f2,origin data/VPD-OE_Agent_20260709/VPD-OE_Agent/data/raw/ZY/1.xls,第1年广告投放(格式二),G15,15
historical_600_unknown_rule,unknown,1,ZY07,P3,国内,0.0,src_30b4ccc518f2,origin data/VPD-OE_Agent_20260709/VPD-OE_Agent/data/raw/ZY/1.xls,第1年广告投放(格式二),H15,15
historical_600_unknown_rule,unknown,1,ZY08,P3,国内,0.0,src_30b4ccc518f2,origin data/VPD-OE_Agent_20260709/VPD-OE_Agent/data/raw/ZY/1.xls,第1年广告投放(格式二),I15,15
historical_600_unknown_rule,unknown,1,ZY09,P3,国内,0.0,src_30b4ccc518f2,origin data/VPD-OE_Agent_20260709/VPD-OE_Agent/data/raw/ZY/1.xls,第1年广告投放(格式二),J15,15
historical_600_unknown_rule,unknown,1,ZY10,P3,国内,0.0,src_30b4ccc518f2,origin data/VPD-OE_Agent_20260709/VPD-OE_Agent/data/raw/ZY/1.xls,第1年广告投放(格式二),K15,15
historical_600_unknown_rule,unknown,1,ZY11,P3,国内,0.0,src_30b4ccc518f2,origin data/VPD-OE_Agent_20260709/VPD-OE_Agent/data/raw/ZY/1.xls,第1年广告投放(格式二),L15,15
historical_600_unknown_rule,unknown,1,ZY12,P3,国内,0.0,src_30b4ccc518f2,origin data/VPD-OE_Agent_20260709/VPD-OE_Agent/data/raw/ZY/1.xls,第1年广告投放(格式二),M15,15
historical_600_unknown_rule,unknown,1,ZY13,P3,国内,0.0,src_30b4ccc518f2,origin data/VPD-OE_Agent_20260709/VPD-OE_Agent/data/raw/ZY/1.xls,第1年广告投放(格式二),N15,15
historical_600_unknown_rule,unknown,1,ZY14,P3,国内,0.0,src_30b4ccc518f2,origin data/VPD-OE_Agent_20260709/VPD-OE_Agent/data/raw/ZY/1.xls,第1年广告投放(格式二),O15,15
historical_600_unknown_rule,unknown,1,ZY15,P3,国内,0.0,src_30b4ccc518f2,origin data/VPD-OE_Agent_20260709/VPD-OE_Agent/data/raw/ZY/1.xls,第1年广告投放(格式二),P15,15
historical_600_unknown_rule,unknown,1,ZY16,P3,国内,0.0,src_30b4ccc518f2,origin data/VPD-OE_Agent_20260709/VPD-OE_Agent/data/raw/ZY/1.xls,第1年广告投放(格式二),Q15,15
historical_600_unknown_rule,unknown,1,ZY17,P3,国内,0.0,src_30b4ccc518f2,origin data/VPD-OE_Agent_20260709/VPD-OE_Agent/data/raw/ZY/1.xls,第1年广告投放(格式二),R15,15
historical_600_unknown_rule,unknown,1,ZY18,P3,国内,0.0,src_30b4ccc518f2,origin data/VPD-OE_Agent_20260709/VPD-OE_Agent/data/raw/ZY/1.xls,第1年广告投放(格式二),S15,15
historical_600_unknown_rule,unknown,1,ZY01,P4,国内,0.0,src_30b4ccc518f2,origin data/VPD-OE_Agent_20260709/VPD-OE_Agent/data/raw/ZY/1.xls,第1年广告投放(格式二),B16,16
historical_600_unknown_rule,unknown,1,ZY02,P4,国内,0.0,src_30b4ccc518f2,origin data/VPD-OE_Agent_20260709/VPD-OE_Agent/data/raw/ZY/1.xls,第1年广告投放(格式二),C16,16
historical_600_unknown_rule,unknown,1,ZY03,P4,国内,0.0,src_30b4ccc518f2,origin data/VPD-OE_Agent_20260709/VPD-OE_Agent/data/raw/ZY/1.xls,第1年广告投放(格式二),D16,16
historical_600_unknown_rule,unknown,1,ZY04,P4,国内,0.0,src_30b4ccc518f2,origin data/VPD-OE_Agent_20260709/VPD-OE_Agent/data/raw/ZY/1.xls,第1年广告投放(格式二),E16,16
historical_600_unknown_rule,unknown,1,ZY05,P4,国内,0.0,src_30b4ccc518f2,origin data/VPD-OE_Agent_20260709/VPD-OE_Agent/data/raw/ZY/1.xls,第1年广告投放(格式二),F16,16
historical_600_unknown_rule,unknown,1,ZY06,P4,国内,0.0,src_30b4ccc518f2,origin data/VPD-OE_Agent_20260709/VPD-OE_Agent/data/raw/ZY/1.xls,第1年广告投放(格式二),G16,16
historical_600_unknown_rule,unknown,1,ZY07,P4,国内,0.0,src_30b4ccc518f2,origin data/VPD-OE_Agent_20260709/VPD-OE_Agent/data/raw/ZY/1.xls,第1年广告投放(格式二),H16,16
historical_600_unknown_rule,unknown,1,ZY08,P4,国内,0.0,src_30b4ccc518f2,origin data/VPD-OE_Agent_20260709/VPD-OE_Agent/data/raw/ZY/1.xls,第1年广告投放(格式二),I16,16
historical_600_unknown_rule,unknown,1,ZY09,P4,国内,0.0,src_30b4ccc518f2,origin data/VPD-OE_Agent_20260709/VPD-OE_Agent/data/raw/ZY/1.xls,第1年广告投放(格式二),J16,16
historical_600_unknown_rule,unknown,1,ZY10,P4,国内,0.0,src_30b4ccc518f2,origin data/VPD-OE_Agent_20260709/VPD-OE_Agent/data/raw/ZY/1.xls,第1年广告投放(格式二),K16,16
historical_600_unknown_rule,unknown,1,ZY11,P4,国内,0.0,src_30b4ccc518f2,origin data/VPD-OE_Agent_20260709/VPD-OE_Agent/data/raw/ZY/1.xls,第1年广告投放(格式二),L16,16
historical_600_unknown_rule,unknown,1,ZY12,P4,国内,0.0,src_30b4ccc518f2,origin data/VPD-OE_Agent_20260709/VPD-OE_Agent/data/raw/ZY/1.xls,第1年广告投放(格式二),M16,16
historical_600_unknown_rule,unknown,1,ZY13,P4,国内,0.0,src_30b4ccc518f2,origin data/VPD-OE_Agent_20260709/VPD-OE_Agent/data/raw/ZY/1.xls,第1年广告投放(格式二),N16,16
historical_600_unknown_rule,unknown,1,ZY14,P4,国内,0.0,src_30b4ccc518f2,origin data/VPD-OE_Agent_20260709/VPD-OE_Agent/data/raw/ZY/1.xls,第1年广告投放(格式二),O16,16
historical_600_unknown_rule,unknown,1,ZY15,P4,国内,0.0,src_30b4ccc518f2,origin data/VPD-OE_Agent_20260709/VPD-OE_Agent/data/raw/ZY/1.xls,第1年广告投放(格式二),P16,16
historical_600_unknown_rule,unknown,1,ZY16,P4,国内,0.0,src_30b4ccc518f2,origin data/VPD-OE_Agent_20260709/VPD-OE_Agent/data/raw/ZY/1.xls,第1年广告投放(格式二),Q16,16
historical_600_unknown_rule,unknown,1,ZY17,P4,国内,0.0,src_30b4ccc518f2,origin data/VPD-OE_Agent_20260709/VPD-OE_Agent/data/raw/ZY/1.xls,第1年广告投放(格式二),R16,16
historical_600_unknown_rule,unknown,1,ZY18,P4,国内,0.0,src_30b4ccc518f2,origin data/VPD-OE_Agent_20260709/VPD-OE_Agent/data/raw/ZY/1.xls,第1年广告投放(格式二),S16,16
historical_600_unknown_rule,unknown,1,ZY01,P1,亚洲,0.0,src_30b4ccc518f2,origin data/VPD-OE_Agent_20260709/VPD-OE_Agent/data/raw/ZY/1.xls,第1年广告投放(格式二),B18,18
historical_600_unknown_rule,unknown,1,ZY02,P1,亚洲,0.0,src_30b4ccc518f2,origin data/VPD-OE_Agent_20260709/VPD-OE_Agent/data/raw/ZY/1.xls,第1年广告投放(格式二),C18,18
historical_600_unknown_rule,unknown,1,ZY03,P1,亚洲,0.0,src_30b4ccc518f2,origin data/VPD-OE_Agent_20260709/VPD-OE_Agent/data/raw/ZY/1.xls,第1年广告投放(格式二),D18,18
historical_600_unknown_rule,unknown,1,ZY04,P1,亚洲,0.0,src_30b4ccc518f2,origin data/VPD-OE_Agent_20260709/VPD-OE_Agent/data/raw/ZY/1.xls,第1年广告投放(格式二),E18,18
historical_600_unknown_rule,unknown,1,ZY05,P1,亚洲,0.0,src_30b4ccc518f2,origin data/VPD-OE_Agent_20260709/VPD-OE_Agent/data/raw/ZY/1.xls,第1年广告投放(格式二),F18,18
historical_600_unknown_rule,unknown,1,ZY06,P1,亚洲,0.0,src_30b4ccc518f2,origin data/VPD-OE_Agent_20260709/VPD-OE_Agent/data/raw/ZY/1.xls,第1年广告投放(格式二),G18,18
historical_600_unknown_rule,unknown,1,ZY07,P1,亚洲,0.0,src_30b4ccc518f2,origin data/VPD-OE_Agent_20260709/VPD-OE_Agent/data/raw/ZY/1.xls,第1年广告投放(格式二),H18,18
historical_600_unknown_rule,unknown,1,ZY08,P1,亚洲,0.0,src_30b4ccc518f2,origin data/VPD-OE_Agent_20260709/VPD-OE_Agent/data/raw/ZY/1.xls,第1年广告投放(格式二),I18,18
historical_600_unknown_rule,unknown,1,ZY09,P1,亚洲,0.0,src_30b4ccc518f2,origin data/VPD-OE_Agent_20260709/VPD-OE_Agent/data/raw/ZY/1.xls,第1年广告投放(格式二),J18,18
historical_600_unknown_rule,unknown,1,ZY10,P1,亚洲,0.0,src_30b4ccc518f2,origin data/VPD-OE_Agent_20260709/VPD-OE_Agent/data/raw/ZY/1.xls,第1年广告投放(格式二),K18,18
historical_600_unknown_rule,unknown,1,ZY11,P1,亚洲,0.0,src_30b4ccc518f2,origin data/VPD-OE_Agent_20260709/VPD-OE_Agent/data/raw/ZY/1.xls,第1年广告投放(格式二),L18,18
historical_600_unknown_rule,unknown,1,ZY12,P1,亚洲,0.0,src_30b4ccc518f2,origin data/VPD-OE_Agent_20260709/VPD-OE_Agent/data/raw/ZY/1.xls,第1年广告投放(格式二),M18,18
historical_600_unknown_rule,unknown,1,ZY13,P1,亚洲,0.0,src_30b4ccc518f2,origin data/VPD-OE_Agent_20260709/VPD-OE_Agent/data/raw/ZY/1.xls,第1年广告投放(格式二),N18,18
historical_600_unknown_rule,unknown,1,ZY14,P1,亚洲,0.0,src_30b4ccc518f2,origin data/VPD-OE_Agent_20260709/VPD-OE_Agent/data/raw/ZY/1.xls,第1年广告投放(格式二),O18,18
historical_600_unknown_rule,unknown,1,ZY15,P1,亚洲,0.0,src_30b4ccc518f2,origin data/VPD-OE_Agent_20260709/VPD-OE_Agent/data/raw/ZY/1.xls,第1年广告投放(格式二),P18,18
historical_600_unknown_rule,unknown,1,ZY16,P1,亚洲,0.0,src_30b4ccc518f2,origin data/VPD-OE_Agent_20260709/VPD-OE_Agent/data/raw/ZY/1.xls,第1年广告投放(格式二),Q18,18
historical_600_unknown_rule,unknown,1,ZY17,P1,亚洲,0.0,src_30b4ccc518f2,origin data/VPD-OE_Agent_20260709/VPD-OE_Agent/data/raw/ZY/1.xls,第1年广告投放(格式二),R18,18
historical_600_unknown_rule,unknown,1,ZY18,P1,亚洲,0.0,src_30b4ccc518f2,origin data/VPD-OE_Agent_20260709/VPD-OE_Agent/data/raw/ZY/1.xls,第1年广告投放(格式二),S18,18
historical_600_unknown_rule,unknown,1,ZY01,P2,亚洲,0.0,src_30b4ccc518f2,origin data/VPD-OE_Agent_20260709/VPD-OE_Agent/data/raw/ZY/1.xls,第1年广告投放(格式二),B19,19
historical_600_unknown_rule,unknown,1,ZY02,P2,亚洲,0.0,src_30b4ccc518f2,origin data/VPD-OE_Agent_20260709/VPD-OE_Agent/data/raw/ZY/1.xls,第1年广告投放(格式二),C19,19
historical_600_unknown_rule,unknown,1,ZY03,P2,亚洲,0.0,src_30b4ccc518f2,origin data/VPD-OE_Agent_20260709/VPD-OE_Agent/data/raw/ZY/1.xls,第1年广告投放(格式二),D19,19
historical_600_unknown_rule,unknown,1,ZY04,P2,亚洲,0.0,src_30b4ccc518f2,origin data/VPD-OE_Agent_20260709/VPD-OE_Agent/data/raw/ZY/1.xls,第1年广告投放(格式二),E19,19
historical_600_unknown_rule,unknown,1,ZY05,P2,亚洲,0.0,src_30b4ccc518f2,origin data/VPD-OE_Agent_20260709/VPD-OE_Agent/data/raw/ZY/1.xls,第1年广告投放(格式二),F19,19
historical_600_unknown_rule,unknown,1,ZY06,P2,亚洲,0.0,src_30b4ccc518f2,origin data/VPD-OE_Agent_20260709/VPD-OE_Agent/data/raw/ZY/1.xls,第1年广告投放(格式二),G19,19
historical_600_unknown_rule,unknown,1,ZY07,P2,亚洲,0.0,src_30b4ccc518f2,origin data/VPD-OE_Agent_20260709/VPD-OE_Agent/data/raw/ZY/1.xls,第1年广告投放(格式二),H19,19
historical_600_unknown_rule,unknown,1,ZY08,P2,亚洲,0.0,src_30b4ccc518f2,origin data/VPD-OE_Agent_20260709/VPD-OE_Agent/data/raw/ZY/1.xls,第1年广告投放(格式二),I19,19
historical_600_unknown_rule,unknown,1,ZY09,P2,亚洲,0.0,src_30b4ccc518f2,origin data/VPD-OE_Agent_20260709/VPD-OE_Agent/data/raw/ZY/1.xls,第1年广告投放(格式二),J19,19
historical_600_unknown_rule,unknown,1,ZY10,P2,亚洲,0.0,src_30b4ccc518f2,origin data/VPD-OE_Agent_20260709/VPD-OE_Agent/data/raw/ZY/1.xls,第1年广告投放(格式二),K19,19
historical_600_unknown_rule,unknown,1,ZY11,P2,亚洲,0.0,src_30b4ccc518f2,origin data/VPD-OE_Agent_20260709/VPD-OE_Agent/data/raw/ZY/1.xls,第1年广告投放(格式二),L19,19
historical_600_unknown_rule,unknown,1,ZY12,P2,亚洲,0.0,src_30b4ccc518f2,origin data/VPD-OE_Agent_20260709/VPD-OE_Agent/data/raw/ZY/1.xls,第1年广告投放(格式二),M19,19
historical_600_unknown_rule,unknown,1,ZY13,P2,亚洲,0.0,src_30b4ccc518f2,origin data/VPD-OE_Agent_20260709/VPD-OE_Agent/data/raw/ZY/1.xls,第1年广告投放(格式二),N19,19
historical_600_unknown_rule,unknown,1,ZY14,P2,亚洲,0.0,src_30b4ccc518f2,origin data/VPD-OE_Agent_20260709/VPD-OE_Agent/data/raw/ZY/1.xls,第1年广告投放(格式二),O19,19
historical_600_unknown_rule,unknown,1,ZY15,P2,亚洲,0.0,src_30b4ccc518f2,origin data/VPD-OE_Agent_20260709/VPD-OE_Agent/data/raw/ZY/1.xls,第1年广告投放(格式二),P19,19
historical_600_unknown_rule,unknown,1,ZY16,P2,亚洲,0.0,src_30b4ccc518f2,origin data/VPD-OE_Agent_20260709/VPD-OE_Agent/data/raw/ZY/1.xls,第1年广告投放(格式二),Q19,19
historical_600_unknown_rule,unknown,1,ZY17,P2,亚洲,0.0,src_30b4ccc518f2,origin data/VPD-OE_Agent_20260709/VPD-OE_Agent/data/raw/ZY/1.xls,第1年广告投放(格式二),R19,19
historical_600_unknown_rule,unknown,1,ZY18,P2,亚洲,0.0,src_30b4ccc518f2,origin data/VPD-OE_Agent_20260709/VPD-OE_Agent/data/raw/ZY/1.xls,第1年广告投放(格式二),S19,19
historical_600_unknown_rule,unknown,1,ZY01,P3,亚洲,0.0,src_30b4ccc518f2,origin data/VPD-OE_Agent_20260709/VPD-OE_Agent/data/raw/ZY/1.xls,第1年广告投放(格式二),B20,20
historical_600_unknown_rule,unknown,1,ZY02,P3,亚洲,0.0,src_30b4ccc518f2,origin data/VPD-OE_Agent_20260709/VPD-OE_Agent/data/raw/ZY/1.xls,第1年广告投放(格式二),C20,20
historical_600_unknown_rule,unknown,1,ZY03,P3,亚洲,0.0,src_30b4ccc518f2,origin data/VPD-OE_Agent_20260709/VPD-OE_Agent/data/raw/ZY/1.xls,第1年广告投放(格式二),D20,20
historical_600_unknown_rule,unknown,1,ZY04,P3,亚洲,0.0,src_30b4ccc518f2,origin data/VPD-OE_Agent_20260709/VPD-OE_Agent/data/raw/ZY/1.xls,第1年广告投放(格式二),E20,20
historical_600_unknown_rule,unknown,1,ZY05,P3,亚洲,0.0,src_30b4ccc518f2,origin data/VPD-OE_Agent_20260709/VPD-OE_Agent/data/raw/ZY/1.xls,第1年广告投放(格式二),F20,20
historical_600_unknown_rule,unknown,1,ZY06,P3,亚洲,0.0,src_30b4ccc518f2,origin data/VPD-OE_Agent_20260709/VPD-OE_Agent/data/raw/ZY/1.xls,第1年广告投放(格式二),G20,20
historical_600_unknown_rule,unknown,1,ZY07,P3,亚洲,0.0,src_30b4ccc518f2,origin data/VPD-OE_Agent_20260709/VPD-OE_Agent/data/raw/ZY/1.xls,第1年广告投放(格式二),H20,20
historical_600_unknown_rule,unknown,1,ZY08,P3,亚洲,0.0,src_30b4ccc518f2,origin data/VPD-OE_Agent_20260709/VPD-OE_Agent/data/raw/ZY/1.xls,第1年广告投放(格式二),I20,20
historical_600_unknown_rule,unknown,1,ZY09,P3,亚洲,0.0,src_30b4ccc518f2,origin data/VPD-OE_Agent_20260709/VPD-OE_Agent/data/raw/ZY/1.xls,第1年广告投放(格式二),J20,20
historical_600_unknown_rule,unknown,1,ZY10,P3,亚洲,0.0,src_30b4ccc518f2,origin data/VPD-OE_Agent_20260709/VPD-OE_Agent/data/raw/ZY/1.xls,第1年广告投放(格式二),K20,20
historical_600_unknown_rule,unknown,1,ZY11,P3,亚洲,0.0,src_30b4ccc518f2,origin data/VPD-OE_Agent_20260709/VPD-OE_Agent/data/raw/ZY/1.xls,第1年广告投放(格式二),L20,20
historical_600_unknown_rule,unknown,1,ZY12,P3,亚洲,0.0,src_30b4ccc518f2,origin data/VPD-OE_Agent_20260709/VPD-OE_Agent/data/raw/ZY/1.xls,第1年广告投放(格式二),M20,20
historical_600_unknown_rule,unknown,1,ZY13,P3,亚洲,0.0,src_30b4ccc518f2,origin data/VPD-OE_Agent_20260709/VPD-OE_Agent/data/raw/ZY/1.xls,第1年广告投放(格式二),N20,20
historical_600_unknown_rule,unknown,1,ZY14,P3,亚洲,0.0,src_30b4ccc518f2,origin data/VPD-OE_Agent_20260709/VPD-OE_Agent/data/raw/ZY/1.xls,第1年广告投放(格式二),O20,20
historical_600_unknown_rule,unknown,1,ZY15,P3,亚洲,0.0,src_30b4ccc518f2,origin data/VPD-OE_Agent_20260709/VPD-OE_Agent/data/raw/ZY/1.xls,第1年广告投放(格式二),P20,20
historical_600_unknown_rule,unknown,1,ZY16,P3,亚洲,0.0,src_30b4ccc518f2,origin data/VPD-OE_Agent_20260709/VPD-OE_Agent/data/raw/ZY/1.xls,第1年广告投放(格式二),Q20,20
historical_600_unknown_rule,unknown,1,ZY17,P3,亚洲,0.0,src_30b4ccc518f2,origin data/VPD-OE_Agent_20260709/VPD-OE_Agent/data/raw/ZY/1.xls,第1年广告投放(格式二),R20,20
historical_600_unknown_rule,unknown,1,ZY18,P3,亚洲,0.0,src_30b4ccc518f2,origin data/VPD-OE_Agent_20260709/VPD-OE_Agent/data/raw/ZY/1.xls,第1年广告投放(格式二),S20,20
historical_600_unknown_rule,unknown,1,ZY01,P4,亚洲,0.0,src_30b4ccc518f2,origin data/VPD-OE_Agent_20260709/VPD-OE_Agent/data/raw/ZY/1.xls,第1年广告投放(格式二),B21,21
historical_600_unknown_rule,unknown,1,ZY02,P4,亚洲,0.0,src_30b4ccc518f2,origin data/VPD-OE_Agent_20260709/VPD-OE_Agent/data/raw/ZY/1.xls,第1年广告投放(格式二),C21,21
historical_600_unknown_rule,unknown,1,ZY03,P4,亚洲,0.0,src_30b4ccc518f2,origin data/VPD-OE_Agent_20260709/VPD-OE_Agent/data/raw/ZY/1.xls,第1年广告投放(格式二),D21,21
historical_600_unknown_rule,unknown,1,ZY04,P4,亚洲,0.0,src_30b4ccc518f2,origin data/VPD-OE_Agent_20260709/VPD-OE_Agent/data/raw/ZY/1.xls,第1年广告投放(格式二),E21,21
historical_600_unknown_rule,unknown,1,ZY05,P4,亚洲,0.0,src_30b4ccc518f2,origin data/VPD-OE_Agent_20260709/VPD-OE_Agent/data/raw/ZY/1.xls,第1年广告投放(格式二),F21,21
historical_600_unknown_rule,unknown,1,ZY06,P4,亚洲,0.0,src_30b4ccc518f2,origin data/VPD-OE_Agent_20260709/VPD-OE_Agent/data/raw/ZY/1.xls,第1年广告投放(格式二),G21,21
historical_600_unknown_rule,unknown,1,ZY07,P4,亚洲,0.0,src_30b4ccc518f2,origin data/VPD-OE_Agent_20260709/VPD-OE_Agent/data/raw/ZY/1.xls,第1年广告投放(格式二),H21,21
historical_600_unknown_rule,unknown,1,ZY08,P4,亚洲,0.0,src_30b4ccc518f2,origin data/VPD-OE_Agent_20260709/VPD-OE_Agent/data/raw/ZY/1.xls,第1年广告投放(格式二),I21,21
historical_600_unknown_rule,unknown,1,ZY09,P4,亚洲,0.0,src_30b4ccc518f2,origin data/VPD-OE_Agent_20260709/VPD-OE_Agent/data/raw/ZY/1.xls,第1年广告投放(格式二),J21,21
historical_600_unknown_rule,unknown,1,ZY10,P4,亚洲,0.0,src_30b4ccc518f2,origin data/VPD-OE_Agent_20260709/VPD-OE_Agent/data/raw/ZY/1.xls,第1年广告投放(格式二),K21,21
historical_600_unknown_rule,unknown,1,ZY11,P4,亚洲,0.0,src_30b4ccc518f2,origin data/VPD-OE_Agent_20260709/VPD-OE_Agent/data/raw/ZY/1.xls,第1年广告投放(格式二),L21,21
historical_600_unknown_rule,unknown,1,ZY12,P4,亚洲,0.0,src_30b4ccc518f2,origin data/VPD-OE_Agent_20260709/VPD-OE_Agent/data/raw/ZY/1.xls,第1年广告投放(格式二),M21,21
historical_600_unknown_rule,unknown,1,ZY13,P4,亚洲,0.0,src_30b4ccc518f2,origin data/VPD-OE_Agent_20260709/VPD-OE_Agent/data/raw/ZY/1.xls,第1年广告投放(格式二),N21,21
historical_600_unknown_rule,unknown,1,ZY14,P4,亚洲,0.0,src_30b4ccc518f2,origin data/VPD-OE_Agent_20260709/VPD-OE_Agent/data/raw/ZY/1.xls,第1年广告投放(格式二),O21,21
historical_600_unknown_rule,unknown,1,ZY15,P4,亚洲,0.0,src_30b4ccc518f2,origin data/VPD-OE_Agent_20260709/VPD-OE_Agent/data/raw/ZY/1.xls,第1年广告投放(格式二),P21,21
historical_600_unknown_rule,unknown,1,ZY16,P4,亚洲,0.0,src_30b4ccc518f2,origin data/VPD-OE_Agent_20260709/VPD-OE_Agent/data/raw/ZY/1.xls,第1年广告投放(格式二),Q21,21
historical_600_unknown_rule,unknown,1,ZY17,P4,亚洲,0.0,src_30b4ccc518f2,origin data/VPD-OE_Agent_20260709/VPD-OE_Agent/data/raw/ZY/1.xls,第1年广告投放(格式二),R21,21
historical_600_unknown_rule,unknown,1,ZY18,P4,亚洲,0.0,src_30b4ccc518f2,origin data/VPD-OE_Agent_20260709/VPD-OE_Agent/data/raw/ZY/1.xls,第1年广告投放(格式二),S21,21
historical_600_unknown_rule,unknown,1,ZY01,P1,国际,0.0,src_30b4ccc518f2,origin data/VPD-OE_Agent_20260709/VPD-OE_Agent/data/raw/ZY/1.xls,第1年广告投放(格式二),B23,23
historical_600_unknown_rule,unknown,1,ZY02,P1,国际,0.0,src_30b4ccc518f2,origin data/VPD-OE_Agent_20260709/VPD-OE_Agent/data/raw/ZY/1.xls,第1年广告投放(格式二),C23,23
historical_600_unknown_rule,unknown,1,ZY03,P1,国际,0.0,src_30b4ccc518f2,origin data/VPD-OE_Agent_20260709/VPD-OE_Agent/data/raw/ZY/1.xls,第1年广告投放(格式二),D23,23
historical_600_unknown_rule,unknown,1,ZY04,P1,国际,0.0,src_30b4ccc518f2,origin data/VPD-OE_Agent_20260709/VPD-OE_Agent/data/raw/ZY/1.xls,第1年广告投放(格式二),E23,23
historical_600_unknown_rule,unknown,1,ZY05,P1,国际,0.0,src_30b4ccc518f2,origin data/VPD-OE_Agent_20260709/VPD-OE_Agent/data/raw/ZY/1.xls,第1年广告投放(格式二),F23,23
historical_600_unknown_rule,unknown,1,ZY06,P1,国际,0.0,src_30b4ccc518f2,origin data/VPD-OE_Agent_20260709/VPD-OE_Agent/data/raw/ZY/1.xls,第1年广告投放(格式二),G23,23
historical_600_unknown_rule,unknown,1,ZY07,P1,国际,0.0,src_30b4ccc518f2,origin data/VPD-OE_Agent_20260709/VPD-OE_Agent/data/raw/ZY/1.xls,第1年广告投放(格式二),H23,23
historical_600_unknown_rule,unknown,1,ZY08,P1,国际,0.0,src_30b4ccc518f2,origin data/VPD-OE_Agent_20260709/VPD-OE_Agent/data/raw/ZY/1.xls,第1年广告投放(格式二),I23,23
historical_600_unknown_rule,unknown,1,ZY09,P1,国际,0.0,src_30b4ccc518f2,origin data/VPD-OE_Agent_20260709/VPD-OE_Agent/data/raw/ZY/1.xls,第1年广告投放(格式二),J23,23
historical_600_unknown_rule,unknown,1,ZY10,P1,国际,0.0,src_30b4ccc518f2,origin data/VPD-OE_Agent_20260709/VPD-OE_Agent/data/raw/ZY/1.xls,第1年广告投放(格式二),K23,23
historical_600_unknown_rule,unknown,1,ZY11,P1,国际,0.0,src_30b4ccc518f2,origin data/VPD-OE_Agent_20260709/VPD-OE_Agent/data/raw/ZY/1.xls,第1年广告投放(格式二),L23,23
historical_600_unknown_rule,unknown,1,ZY12,P1,国际,0.0,src_30b4ccc518f2,origin data/VPD-OE_Agent_20260709/VPD-OE_Agent/data/raw/ZY/1.xls,第1年广告投放(格式二),M23,23
historical_600_unknown_rule,unknown,1,ZY13,P1,国际,0.0,src_30b4ccc518f2,origin data/VPD-OE_Agent_20260709/VPD-OE_Agent/data/raw/ZY/1.xls,第1年广告投放(格式二),N23,23
historical_600_unknown_rule,unknown,1,ZY14,P1,国际,0.0,src_30b4ccc518f2,origin data/VPD-OE_Agent_20260709/VPD-OE_Agent/data/raw/ZY/1.xls,第1年广告投放(格式二),O23,23
historical_600_unknown_rule,unknown,1,ZY15,P1,国际,0.0,src_30b4ccc518f2,origin data/VPD-OE_Agent_20260709/VPD-OE_Agent/data/raw/ZY/1.xls,第1年广告投放(格式二),P23,23
historical_600_unknown_rule,unknown,1,ZY16,P1,国际,0.0,src_30b4ccc518f2,origin data/VPD-OE_Agent_20260709/VPD-OE_Agent/data/raw/ZY/1.xls,第1年广告投放(格式二),Q23,23
historical_600_unknown_rule,unknown,1,ZY17,P1,国际,0.0,src_30b4ccc518f2,origin data/VPD-OE_Agent_20260709/VPD-OE_Agent/data/raw/ZY/1.xls,第1年广告投放(格式二),R23,23
historical_600_unknown_rule,unknown,1,ZY18,P1,国际,0.0,src_30b4ccc518f2,origin data/VPD-OE_Agent_20260709/VPD-OE_Agent/data/raw/ZY/1.xls,第1年广告投放(格式二),S23,23
historical_600_unknown_rule,unknown,1,ZY01,P2,国际,0.0,src_30b4ccc518f2,origin data/VPD-OE_Agent_20260709/VPD-OE_Agent/data/raw/ZY/1.xls,第1年广告投放(格式二),B24,24
historical_600_unknown_rule,unknown,1,ZY02,P2,国际,0.0,src_30b4ccc518f2,origin data/VPD-OE_Agent_20260709/VPD-OE_Agent/data/raw/ZY/1.xls,第1年广告投放(格式二),C24,24
historical_600_unknown_rule,unknown,1,ZY03,P2,国际,0.0,src_30b4ccc518f2,origin data/VPD-OE_Agent_20260709/VPD-OE_Agent/data/raw/ZY/1.xls,第1年广告投放(格式二),D24,24
historical_600_unknown_rule,unknown,1,ZY04,P2,国际,0.0,src_30b4ccc518f2,origin data/VPD-OE_Agent_20260709/VPD-OE_Agent/data/raw/ZY/1.xls,第1年广告投放(格式二),E24,24
historical_600_unknown_rule,unknown,1,ZY05,P2,国际,0.0,src_30b4ccc518f2,origin data/VPD-OE_Agent_20260709/VPD-OE_Agent/data/raw/ZY/1.xls,第1年广告投放(格式二),F24,24
historical_600_unknown_rule,unknown,1,ZY06,P2,国际,0.0,src_30b4ccc518f2,origin data/VPD-OE_Agent_20260709/VPD-OE_Agent/data/raw/ZY/1.xls,第1年广告投放(格式二),G24,24
historical_600_unknown_rule,unknown,1,ZY07,P2,国际,0.0,src_30b4ccc518f2,origin data/VPD-OE_Agent_20260709/VPD-OE_Agent/data/raw/ZY/1.xls,第1年广告投放(格式二),H24,24
historical_600_unknown_rule,unknown,1,ZY08,P2,国际,0.0,src_30b4ccc518f2,origin data/VPD-OE_Agent_20260709/VPD-OE_Agent/data/raw/ZY/1.xls,第1年广告投放(格式二),I24,24
historical_600_unknown_rule,unknown,1,ZY09,P2,国际,0.0,src_30b4ccc518f2,origin data/VPD-OE_Agent_20260709/VPD-OE_Agent/data/raw/ZY/1.xls,第1年广告投放(格式二),J24,24
historical_600_unknown_rule,unknown,1,ZY10,P2,国际,0.0,src_30b4ccc518f2,origin data/VPD-OE_Agent_20260709/VPD-OE_Agent/data/raw/ZY/1.xls,第1年广告投放(格式二),K24,24
historical_600_unknown_rule,unknown,1,ZY11,P2,国际,0.0,src_30b4ccc518f2,origin data/VPD-OE_Agent_20260709/VPD-OE_Agent/data/raw/ZY/1.xls,第1年广告投放(格式二),L24,24
historical_600_unknown_rule,unknown,1,ZY12,P2,国际,0.0,src_30b4ccc518f2,origin data/VPD-OE_Agent_20260709/VPD-OE_Agent/data/raw/ZY/1.xls,第1年广告投放(格式二),M24,24
historical_600_unknown_rule,unknown,1,ZY13,P2,国际,0.0,src_30b4ccc518f2,origin data/VPD-OE_Agent_20260709/VPD-OE_Agent/data/raw/ZY/1.xls,第1年广告投放(格式二),N24,24
historical_600_unknown_rule,unknown,1,ZY14,P2,国际,0.0,src_30b4ccc518f2,origin data/VPD-OE_Agent_20260709/VPD-OE_Agent/data/raw/ZY/1.xls,第1年广告投放(格式二),O24,24
historical_600_unknown_rule,unknown,1,ZY15,P2,国际,0.0,src_30b4ccc518f2,origin data/VPD-OE_Agent_20260709/VPD-OE_Agent/data/raw/ZY/1.xls,第1年广告投放(格式二),P24,24
historical_600_unknown_rule,unknown,1,ZY16,P2,国际,0.0,src_30b4ccc518f2,origin data/VPD-OE_Agent_20260709/VPD-OE_Agent/data/raw/ZY/1.xls,第1年广告投放(格式二),Q24,24
historical_600_unknown_rule,unknown,1,ZY17,P2,国际,0.0,src_30b4ccc518f2,origin data/VPD-OE_Agent_20260709/VPD-OE_Agent/data/raw/ZY/1.xls,第1年广告投放(格式二),R24,24
historical_600_unknown_rule,unknown,1,ZY18,P2,国际,0.0,src_30b4ccc518f2,origin data/VPD-OE_Agent_20260709/VPD-OE_Agent/data/raw/ZY/1.xls,第1年广告投放(格式二),S24,24
historical_600_unknown_rule,unknown,1,ZY01,P3,国际,0.0,src_30b4ccc518f2,origin data/VPD-OE_Agent_20260709/VPD-OE_Agent/data/raw/ZY/1.xls,第1年广告投放(格式二),B25,25
historical_600_unknown_rule,unknown,1,ZY02,P3,国际,0.0,src_30b4ccc518f2,origin data/VPD-OE_Agent_20260709/VPD-OE_Agent/data/raw/ZY/1.xls,第1年广告投放(格式二),C25,25
historical_600_unknown_rule,unknown,1,ZY03,P3,国际,0.0,src_30b4ccc518f2,origin data/VPD-OE_Agent_20260709/VPD-OE_Agent/data/raw/ZY/1.xls,第1年广告投放(格式二),D25,25
historical_600_unknown_rule,unknown,1,ZY04,P3,国际,0.0,src_30b4ccc518f2,origin data/VPD-OE_Agent_20260709/VPD-OE_Agent/data/raw/ZY/1.xls,第1年广告投放(格式二),E25,25
historical_600_unknown_rule,unknown,1,ZY05,P3,国际,0.0,src_30b4ccc518f2,origin data/VPD-OE_Agent_20260709/VPD-OE_Agent/data/raw/ZY/1.xls,第1年广告投放(格式二),F25,25
historical_600_unknown_rule,unknown,1,ZY06,P3,国际,0.0,src_30b4ccc518f2,origin data/VPD-OE_Agent_20260709/VPD-OE_Agent/data/raw/ZY/1.xls,第1年广告投放(格式二),G25,25
historical_600_unknown_rule,unknown,1,ZY07,P3,国际,0.0,src_30b4ccc518f2,origin data/VPD-OE_Agent_20260709/VPD-OE_Agent/data/raw/ZY/1.xls,第1年广告投放(格式二),H25,25
historical_600_unknown_rule,unknown,1,ZY08,P3,国际,0.0,src_30b4ccc518f2,origin data/VPD-OE_Agent_20260709/VPD-OE_Agent/data/raw/ZY/1.xls,第1年广告投放(格式二),I25,25
historical_600_unknown_rule,unknown,1,ZY09,P3,国际,0.0,src_30b4ccc518f2,origin data/VPD-OE_Agent_20260709/VPD-OE_Agent/data/raw/ZY/1.xls,第1年广告投放(格式二),J25,25
historical_600_unknown_rule,unknown,1,ZY10,P3,国际,0.0,src_30b4ccc518f2,origin data/VPD-OE_Agent_20260709/VPD-OE_Agent/data/raw/ZY/1.xls,第1年广告投放(格式二),K25,25
historical_600_unknown_rule,unknown,1,ZY11,P3,国际,0.0,src_30b4ccc518f2,origin data/VPD-OE_Agent_20260709/VPD-OE_Agent/data/raw/ZY/1.xls,第1年广告投放(格式二),L25,25
historical_600_unknown_rule,unknown,1,ZY12,P3,国际,0.0,src_30b4ccc518f2,origin data/VPD-OE_Agent_20260709/VPD-OE_Agent/data/raw/ZY/1.xls,第1年广告投放(格式二),M25,25
historical_600_unknown_rule,unknown,1,ZY13,P3,国际,0.0,src_30b4ccc518f2,origin data/VPD-OE_Agent_20260709/VPD-OE_Agent/data/raw/ZY/1.xls,第1年广告投放(格式二),N25,25
historical_600_unknown_rule,unknown,1,ZY14,P3,国际,0.0,src_30b4ccc518f2,origin data/VPD-OE_Agent_20260709/VPD-OE_Agent/data/raw/ZY/1.xls,第1年广告投放(格式二),O25,25
historical_600_unknown_rule,unknown,1,ZY15,P3,国际,0.0,src_30b4ccc518f2,origin data/VPD-OE_Agent_20260709/VPD-OE_Agent/data/raw/ZY/1.xls,第1年广告投放(格式二),P25,25
historical_600_unknown_rule,unknown,1,ZY16,P3,国际,0.0,src_30b4ccc518f2,origin data/VPD-OE_Agent_20260709/VPD-OE_Agent/data/raw/ZY/1.xls,第1年广告投放(格式二),Q25,25
historical_600_unknown_rule,unknown,1,ZY17,P3,国际,0.0,src_30b4ccc518f2,origin data/VPD-OE_Agent_20260709/VPD-OE_Agent/data/raw/ZY/1.xls,第1年广告投放(格式二),R25,25
historical_600_unknown_rule,unknown,1,ZY18,P3,国际,0.0,src_30b4ccc518f2,origin data/VPD-OE_Agent_20260709/VPD-OE_Agent/data/raw/ZY/1.xls,第1年广告投放(格式二),S25,25
historical_600_unknown_rule,unknown,1,ZY01,P4,国际,0.0,src_30b4ccc518f2,origin data/VPD-OE_Agent_20260709/VPD-OE_Agent/data/raw/ZY/1.xls,第1年广告投放(格式二),B26,26
historical_600_unknown_rule,unknown,1,ZY02,P4,国际,0.0,src_30b4ccc518f2,origin data/VPD-OE_Agent_20260709/VPD-OE_Agent/data/raw/ZY/1.xls,第1年广告投放(格式二),C26,26
historical_600_unknown_rule,unknown,1,ZY03,P4,国际,0.0,src_30b4ccc518f2,origin data/VPD-OE_Agent_20260709/VPD-OE_Agent/data/raw/ZY/1.xls,第1年广告投放(格式二),D26,26
historical_600_unknown_rule,unknown,1,ZY04,P4,国际,0.0,src_30b4ccc518f2,origin data/VPD-OE_Agent_20260709/VPD-OE_Agent/data/raw/ZY/1.xls,第1年广告投放(格式二),E26,26
historical_600_unknown_rule,unknown,1,ZY05,P4,国际,0.0,src_30b4ccc518f2,origin data/VPD-OE_Agent_20260709/VPD-OE_Agent/data/raw/ZY/1.xls,第1年广告投放(格式二),F26,26
historical_600_unknown_rule,unknown,1,ZY06,P4,国际,0.0,src_30b4ccc518f2,origin data/VPD-OE_Agent_20260709/VPD-OE_Agent/data/raw/ZY/1.xls,第1年广告投放(格式二),G26,26
historical_600_unknown_rule,unknown,1,ZY07,P4,国际,0.0,src_30b4ccc518f2,origin data/VPD-OE_Agent_20260709/VPD-OE_Agent/data/raw/ZY/1.xls,第1年广告投放(格式二),H26,26
historical_600_unknown_rule,unknown,1,ZY08,P4,国际,0.0,src_30b4ccc518f2,origin data/VPD-OE_Agent_20260709/VPD-OE_Agent/data/raw/ZY/1.xls,第1年广告投放(格式二),I26,26
historical_600_unknown_rule,unknown,1,ZY09,P4,国际,0.0,src_30b4ccc518f2,origin data/VPD-OE_Agent_20260709/VPD-OE_Agent/data/raw/ZY/1.xls,第1年广告投放(格式二),J26,26
historical_600_unknown_rule,unknown,1,ZY10,P4,国际,0.0,src_30b4ccc518f2,origin data/VPD-OE_Agent_20260709/VPD-OE_Agent/data/raw/ZY/1.xls,第1年广告投放(格式二),K26,26
historical_600_unknown_rule,unknown,1,ZY11,P4,国际,0.0,src_30b4ccc518f2,origin data/VPD-OE_Agent_20260709/VPD-OE_Agent/data/raw/ZY/1.xls,第1年广告投放(格式二),L26,26
historical_600_unknown_rule,unknown,1,ZY12,P4,国际,0.0,src_30b4ccc518f2,origin data/VPD-OE_Agent_20260709/VPD-OE_Agent/data/raw/ZY/1.xls,第1年广告投放(格式二),M26,26
historical_600_unknown_rule,unknown,1,ZY13,P4,国际,0.0,src_30b4ccc518f2,origin data/VPD-OE_Agent_20260709/VPD-OE_Agent/data/raw/ZY/1.xls,第1年广告投放(格式二),N26,26
historical_600_unknown_rule,unknown,1,ZY14,P4,国际,0.0,src_30b4ccc518f2,origin data/VPD-OE_Agent_20260709/VPD-OE_Agent/data/raw/ZY/1.xls,第1年广告投放(格式二),O26,26
historical_600_unknown_rule,unknown,1,ZY15,P4,国际,0.0,src_30b4ccc518f2,origin data/VPD-OE_Agent_20260709/VPD-OE_Agent/data/raw/ZY/1.xls,第1年广告投放(格式二),P26,26
historical_600_unknown_rule,unknown,1,ZY16,P4,国际,0.0,src_30b4ccc518f2,origin data/VPD-OE_Agent_20260709/VPD-OE_Agent/data/raw/ZY/1.xls,第1年广告投放(格式二),Q26,26
historical_600_unknown_rule,unknown,1,ZY17,P4,国际,0.0,src_30b4ccc518f2,origin data/VPD-OE_Agent_20260709/VPD-OE_Agent/data/raw/ZY/1.xls,第1年广告投放(格式二),R26,26
historical_600_unknown_rule,unknown,1,ZY18,P4,国际,0.0,src_30b4ccc518f2,origin data/VPD-OE_Agent_20260709/VPD-OE_Agent/data/raw/ZY/1.xls,第1年广告投放(格式二),S26,26
historical_600_unknown_rule,unknown,2,ZY01,P1,本地,0.0,src_914983ebc1ba,origin data/VPD-OE_Agent_20260709/VPD-OE_Agent/data/raw/ZY/2.xls,第2年广告投放(格式二),B3,3
historical_600_unknown_rule,unknown,2,ZY02,P1,本地,0.0,src_914983ebc1ba,origin data/VPD-OE_Agent_20260709/VPD-OE_Agent/data/raw/ZY/2.xls,第2年广告投放(格式二),C3,3
historical_600_unknown_rule,unknown,2,ZY03,P1,本地,0.0,src_914983ebc1ba,origin data/VPD-OE_Agent_20260709/VPD-OE_Agent/data/raw/ZY/2.xls,第2年广告投放(格式二),D3,3
historical_600_unknown_rule,unknown,2,ZY04,P1,本地,0.0,src_914983ebc1ba,origin data/VPD-OE_Agent_20260709/VPD-OE_Agent/data/raw/ZY/2.xls,第2年广告投放(格式二),E3,3
historical_600_unknown_rule,unknown,2,ZY05,P1,本地,0.0,src_914983ebc1ba,origin data/VPD-OE_Agent_20260709/VPD-OE_Agent/data/raw/ZY/2.xls,第2年广告投放(格式二),F3,3
historical_600_unknown_rule,unknown,2,ZY06,P1,本地,0.0,src_914983ebc1ba,origin data/VPD-OE_Agent_20260709/VPD-OE_Agent/data/raw/ZY/2.xls,第2年广告投放(格式二),G3,3
historical_600_unknown_rule,unknown,2,ZY07,P1,本地,0.0,src_914983ebc1ba,origin data/VPD-OE_Agent_20260709/VPD-OE_Agent/data/raw/ZY/2.xls,第2年广告投放(格式二),H3,3
historical_600_unknown_rule,unknown,2,ZY08,P1,本地,30.0,src_914983ebc1ba,origin data/VPD-OE_Agent_20260709/VPD-OE_Agent/data/raw/ZY/2.xls,第2年广告投放(格式二),I3,3
historical_600_unknown_rule,unknown,2,ZY09,P1,本地,0.0,src_914983ebc1ba,origin data/VPD-OE_Agent_20260709/VPD-OE_Agent/data/raw/ZY/2.xls,第2年广告投放(格式二),J3,3
historical_600_unknown_rule,unknown,2,ZY10,P1,本地,0.0,src_914983ebc1ba,origin data/VPD-OE_Agent_20260709/VPD-OE_Agent/data/raw/ZY/2.xls,第2年广告投放(格式二),K3,3
historical_600_unknown_rule,unknown,2,ZY11,P1,本地,0.0,src_914983ebc1ba,origin data/VPD-OE_Agent_20260709/VPD-OE_Agent/data/raw/ZY/2.xls,第2年广告投放(格式二),L3,3
historical_600_unknown_rule,unknown,2,ZY12,P1,本地,0.0,src_914983ebc1ba,origin data/VPD-OE_Agent_20260709/VPD-OE_Agent/data/raw/ZY/2.xls,第2年广告投放(格式二),M3,3
historical_600_unknown_rule,unknown,2,ZY13,P1,本地,0.0,src_914983ebc1ba,origin data/VPD-OE_Agent_20260709/VPD-OE_Agent/data/raw/ZY/2.xls,第2年广告投放(格式二),N3,3
historical_600_unknown_rule,unknown,2,ZY14,P1,本地,0.0,src_914983ebc1ba,origin data/VPD-OE_Agent_20260709/VPD-OE_Agent/data/raw/ZY/2.xls,第2年广告投放(格式二),O3,3
historical_600_unknown_rule,unknown,2,ZY15,P1,本地,0.0,src_914983ebc1ba,origin data/VPD-OE_Agent_20260709/VPD-OE_Agent/data/raw/ZY/2.xls,第2年广告投放(格式二),P3,3
historical_600_unknown_rule,unknown,2,ZY16,P1,本地,0.0,src_914983ebc1ba,origin data/VPD-OE_Agent_20260709/VPD-OE_Agent/data/raw/ZY/2.xls,第2年广告投放(格式二),Q3,3
historical_600_unknown_rule,unknown,2,ZY17,P1,本地,0.0,src_914983ebc1ba,origin data/VPD-OE_Agent_20260709/VPD-OE_Agent/data/raw/ZY/2.xls,第2年广告投放(格式二),R3,3
historical_600_unknown_rule,unknown,2,ZY18,P1,本地,0.0,src_914983ebc1ba,origin data/VPD-OE_Agent_20260709/VPD-OE_Agent/data/raw/ZY/2.xls,第2年广告投放(格式二),S3,3
historical_600_unknown_rule,unknown,2,ZY01,P2,本地,0.0,src_914983ebc1ba,origin data/VPD-OE_Agent_20260709/VPD-OE_Agent/data/raw/ZY/2.xls,第2年广告投放(格式二),B4,4
historical_600_unknown_rule,unknown,2,ZY02,P2,本地,10.0,src_914983ebc1ba,origin data/VPD-OE_Agent_20260709/VPD-OE_Agent/data/raw/ZY/2.xls,第2年广告投放(格式二),C4,4
historical_600_unknown_rule,unknown,2,ZY03,P2,本地,10.0,src_914983ebc1ba,origin data/VPD-OE_Agent_20260709/VPD-OE_Agent/data/raw/ZY/2.xls,第2年广告投放(格式二),D4,4
historical_600_unknown_rule,unknown,2,ZY04,P2,本地,0.0,src_914983ebc1ba,origin data/VPD-OE_Agent_20260709/VPD-OE_Agent/data/raw/ZY/2.xls,第2年广告投放(格式二),E4,4
historical_600_unknown_rule,unknown,2,ZY05,P2,本地,15.0,src_914983ebc1ba,origin data/VPD-OE_Agent_20260709/VPD-OE_Agent/data/raw/ZY/2.xls,第2年广告投放(格式二),F4,4
historical_600_unknown_rule,unknown,2,ZY06,P2,本地,0.0,src_914983ebc1ba,origin data/VPD-OE_Agent_20260709/VPD-OE_Agent/data/raw/ZY/2.xls,第2年广告投放(格式二),G4,4
historical_600_unknown_rule,unknown,2,ZY07,P2,本地,10.0,src_914983ebc1ba,origin data/VPD-OE_Agent_20260709/VPD-OE_Agent/data/raw/ZY/2.xls,第2年广告投放(格式二),H4,4
historical_600_unknown_rule,unknown,2,ZY08,P2,本地,0.0,src_914983ebc1ba,origin data/VPD-OE_Agent_20260709/VPD-OE_Agent/data/raw/ZY/2.xls,第2年广告投放(格式二),I4,4
historical_600_unknown_rule,unknown,2,ZY09,P2,本地,20.0,src_914983ebc1ba,origin data/VPD-OE_Agent_20260709/VPD-OE_Agent/data/raw/ZY/2.xls,第2年广告投放(格式二),J4,4
historical_600_unknown_rule,unknown,2,ZY10,P2,本地,0.0,src_914983ebc1ba,origin data/VPD-OE_Agent_20260709/VPD-OE_Agent/data/raw/ZY/2.xls,第2年广告投放(格式二),K4,4
historical_600_unknown_rule,unknown,2,ZY11,P2,本地,30.0,src_914983ebc1ba,origin data/VPD-OE_Agent_20260709/VPD-OE_Agent/data/raw/ZY/2.xls,第2年广告投放(格式二),L4,4
historical_600_unknown_rule,unknown,2,ZY12,P2,本地,0.0,src_914983ebc1ba,origin data/VPD-OE_Agent_20260709/VPD-OE_Agent/data/raw/ZY/2.xls,第2年广告投放(格式二),M4,4
historical_600_unknown_rule,unknown,2,ZY13,P2,本地,0.0,src_914983ebc1ba,origin data/VPD-OE_Agent_20260709/VPD-OE_Agent/data/raw/ZY/2.xls,第2年广告投放(格式二),N4,4
historical_600_unknown_rule,unknown,2,ZY14,P2,本地,19.0,src_914983ebc1ba,origin data/VPD-OE_Agent_20260709/VPD-OE_Agent/data/raw/ZY/2.xls,第2年广告投放(格式二),O4,4
historical_600_unknown_rule,unknown,2,ZY15,P2,本地,0.0,src_914983ebc1ba,origin data/VPD-OE_Agent_20260709/VPD-OE_Agent/data/raw/ZY/2.xls,第2年广告投放(格式二),P4,4
historical_600_unknown_rule,unknown,2,ZY16,P2,本地,38.0,src_914983ebc1ba,origin data/VPD-OE_Agent_20260709/VPD-OE_Agent/data/raw/ZY/2.xls,第2年广告投放(格式二),Q4,4
historical_600_unknown_rule,unknown,2,ZY17,P2,本地,0.0,src_914983ebc1ba,origin data/VPD-OE_Agent_20260709/VPD-OE_Agent/data/raw/ZY/2.xls,第2年广告投放(格式二),R4,4
historical_600_unknown_rule,unknown,2,ZY18,P2,本地,0.0,src_914983ebc1ba,origin data/VPD-OE_Agent_20260709/VPD-OE_Agent/data/raw/ZY/2.xls,第2年广告投放(格式二),S4,4
historical_600_unknown_rule,unknown,2,ZY01,P3,本地,0.0,src_914983ebc1ba,origin data/VPD-OE_Agent_20260709/VPD-OE_Agent/data/raw/ZY/2.xls,第2年广告投放(格式二),B5,5
historical_600_unknown_rule,unknown,2,ZY02,P3,本地,11.0,src_914983ebc1ba,origin data/VPD-OE_Agent_20260709/VPD-OE_Agent/data/raw/ZY/2.xls,第2年广告投放(格式二),C5,5
historical_600_unknown_rule,unknown,2,ZY03,P3,本地,21.0,src_914983ebc1ba,origin data/VPD-OE_Agent_20260709/VPD-OE_Agent/data/raw/ZY/2.xls,第2年广告投放(格式二),D5,5
historical_600_unknown_rule,unknown,2,ZY04,P3,本地,34.0,src_914983ebc1ba,origin data/VPD-OE_Agent_20260709/VPD-OE_Agent/data/raw/ZY/2.xls,第2年广告投放(格式二),E5,5
historical_600_unknown_rule,unknown,2,ZY05,P3,本地,24.0,src_914983ebc1ba,origin data/VPD-OE_Agent_20260709/VPD-OE_Agent/data/raw/ZY/2.xls,第2年广告投放(格式二),F5,5
historical_600_unknown_rule,unknown,2,ZY06,P3,本地,0.0,src_914983ebc1ba,origin data/VPD-OE_Agent_20260709/VPD-OE_Agent/data/raw/ZY/2.xls,第2年广告投放(格式二),G5,5
historical_600_unknown_rule,unknown,2,ZY07,P3,本地,20.0,src_914983ebc1ba,origin data/VPD-OE_Agent_20260709/VPD-OE_Agent/data/raw/ZY/2.xls,第2年广告投放(格式二),H5,5
historical_600_unknown_rule,unknown,2,ZY08,P3,本地,0.0,src_914983ebc1ba,origin data/VPD-OE_Agent_20260709/VPD-OE_Agent/data/raw/ZY/2.xls,第2年广告投放(格式二),I5,5
historical_600_unknown_rule,unknown,2,ZY09,P3,本地,10.0,src_914983ebc1ba,origin data/VPD-OE_Agent_20260709/VPD-OE_Agent/data/raw/ZY/2.xls,第2年广告投放(格式二),J5,5
historical_600_unknown_rule,unknown,2,ZY10,P3,本地,15.0,src_914983ebc1ba,origin data/VPD-OE_Agent_20260709/VPD-OE_Agent/data/raw/ZY/2.xls,第2年广告投放(格式二),K5,5
historical_600_unknown_rule,unknown,2,ZY11,P3,本地,0.0,src_914983ebc1ba,origin data/VPD-OE_Agent_20260709/VPD-OE_Agent/data/raw/ZY/2.xls,第2年广告投放(格式二),L5,5
historical_600_unknown_rule,unknown,2,ZY12,P3,本地,0.0,src_914983ebc1ba,origin data/VPD-OE_Agent_20260709/VPD-OE_Agent/data/raw/ZY/2.xls,第2年广告投放(格式二),M5,5
historical_600_unknown_rule,unknown,2,ZY13,P3,本地,0.0,src_914983ebc1ba,origin data/VPD-OE_Agent_20260709/VPD-OE_Agent/data/raw/ZY/2.xls,第2年广告投放(格式二),N5,5
historical_600_unknown_rule,unknown,2,ZY14,P3,本地,40.0,src_914983ebc1ba,origin data/VPD-OE_Agent_20260709/VPD-OE_Agent/data/raw/ZY/2.xls,第2年广告投放(格式二),O5,5
historical_600_unknown_rule,unknown,2,ZY15,P3,本地,0.0,src_914983ebc1ba,origin data/VPD-OE_Agent_20260709/VPD-OE_Agent/data/raw/ZY/2.xls,第2年广告投放(格式二),P5,5
historical_600_unknown_rule,unknown,2,ZY16,P3,本地,0.0,src_914983ebc1ba,origin data/VPD-OE_Agent_20260709/VPD-OE_Agent/data/raw/ZY/2.xls,第2年广告投放(格式二),Q5,5
historical_600_unknown_rule,unknown,2,ZY17,P3,本地,0.0,src_914983ebc1ba,origin data/VPD-OE_Agent_20260709/VPD-OE_Agent/data/raw/ZY/2.xls,第2年广告投放(格式二),R5,5
historical_600_unknown_rule,unknown,2,ZY18,P3,本地,0.0,src_914983ebc1ba,origin data/VPD-OE_Agent_20260709/VPD-OE_Agent/data/raw/ZY/2.xls,第2年广告投放(格式二),S5,5
historical_600_unknown_rule,unknown,2,ZY01,P4,本地,0.0,src_914983ebc1ba,origin data/VPD-OE_Agent_20260709/VPD-OE_Agent/data/raw/ZY/2.xls,第2年广告投放(格式二),B6,6
historical_600_unknown_rule,unknown,2,ZY02,P4,本地,0.0,src_914983ebc1ba,origin data/VPD-OE_Agent_20260709/VPD-OE_Agent/data/raw/ZY/2.xls,第2年广告投放(格式二),C6,6
historical_600_unknown_rule,unknown,2,ZY03,P4,本地,0.0,src_914983ebc1ba,origin data/VPD-OE_Agent_20260709/VPD-OE_Agent/data/raw/ZY/2.xls,第2年广告投放(格式二),D6,6
historical_600_unknown_rule,unknown,2,ZY04,P4,本地,0.0,src_914983ebc1ba,origin data/VPD-OE_Agent_20260709/VPD-OE_Agent/data/raw/ZY/2.xls,第2年广告投放(格式二),E6,6
historical_600_unknown_rule,unknown,2,ZY05,P4,本地,0.0,src_914983ebc1ba,origin data/VPD-OE_Agent_20260709/VPD-OE_Agent/data/raw/ZY/2.xls,第2年广告投放(格式二),F6,6
historical_600_unknown_rule,unknown,2,ZY06,P4,本地,12.0,src_914983ebc1ba,origin data/VPD-OE_Agent_20260709/VPD-OE_Agent/data/raw/ZY/2.xls,第2年广告投放(格式二),G6,6
historical_600_unknown_rule,unknown,2,ZY07,P4,本地,0.0,src_914983ebc1ba,origin data/VPD-OE_Agent_20260709/VPD-OE_Agent/data/raw/ZY/2.xls,第2年广告投放(格式二),H6,6
historical_600_unknown_rule,unknown,2,ZY08,P4,本地,10.0,src_914983ebc1ba,origin data/VPD-OE_Agent_20260709/VPD-OE_Agent/data/raw/ZY/2.xls,第2年广告投放(格式二),I6,6
historical_600_unknown_rule,unknown,2,ZY09,P4,本地,0.0,src_914983ebc1ba,origin data/VPD-OE_Agent_20260709/VPD-OE_Agent/data/raw/ZY/2.xls,第2年广告投放(格式二),J6,6
historical_600_unknown_rule,unknown,2,ZY10,P4,本地,35.0,src_914983ebc1ba,origin data/VPD-OE_Agent_20260709/VPD-OE_Agent/data/raw/ZY/2.xls,第2年广告投放(格式二),K6,6
historical_600_unknown_rule,unknown,2,ZY11,P4,本地,0.0,src_914983ebc1ba,origin data/VPD-OE_Agent_20260709/VPD-OE_Agent/data/raw/ZY/2.xls,第2年广告投放(格式二),L6,6
historical_600_unknown_rule,unknown,2,ZY12,P4,本地,0.0,src_914983ebc1ba,origin data/VPD-OE_Agent_20260709/VPD-OE_Agent/data/raw/ZY/2.xls,第2年广告投放(格式二),M6,6
historical_600_unknown_rule,unknown,2,ZY13,P4,本地,47.0,src_914983ebc1ba,origin data/VPD-OE_Agent_20260709/VPD-OE_Agent/data/raw/ZY/2.xls,第2年广告投放(格式二),N6,6
historical_600_unknown_rule,unknown,2,ZY14,P4,本地,0.0,src_914983ebc1ba,origin data/VPD-OE_Agent_20260709/VPD-OE_Agent/data/raw/ZY/2.xls,第2年广告投放(格式二),O6,6
historical_600_unknown_rule,unknown,2,ZY15,P4,本地,19.0,src_914983ebc1ba,origin data/VPD-OE_Agent_20260709/VPD-OE_Agent/data/raw/ZY/2.xls,第2年广告投放(格式二),P6,6
historical_600_unknown_rule,unknown,2,ZY16,P4,本地,0.0,src_914983ebc1ba,origin data/VPD-OE_Agent_20260709/VPD-OE_Agent/data/raw/ZY/2.xls,第2年广告投放(格式二),Q6,6
historical_600_unknown_rule,unknown,2,ZY17,P4,本地,32.0,src_914983ebc1ba,origin data/VPD-OE_Agent_20260709/VPD-OE_Agent/data/raw/ZY/2.xls,第2年广告投放(格式二),R6,6
historical_600_unknown_rule,unknown,2,ZY18,P4,本地,0.0,src_914983ebc1ba,origin data/VPD-OE_Agent_20260709/VPD-OE_Agent/data/raw/ZY/2.xls,第2年广告投放(格式二),S6,6
historical_600_unknown_rule,unknown,2,ZY01,P1,区域,0.0,src_914983ebc1ba,origin data/VPD-OE_Agent_20260709/VPD-OE_Agent/data/raw/ZY/2.xls,第2年广告投放(格式二),B8,8
historical_600_unknown_rule,unknown,2,ZY02,P1,区域,0.0,src_914983ebc1ba,origin data/VPD-OE_Agent_20260709/VPD-OE_Agent/data/raw/ZY/2.xls,第2年广告投放(格式二),C8,8
historical_600_unknown_rule,unknown,2,ZY03,P1,区域,0.0,src_914983ebc1ba,origin data/VPD-OE_Agent_20260709/VPD-OE_Agent/data/raw/ZY/2.xls,第2年广告投放(格式二),D8,8
historical_600_unknown_rule,unknown,2,ZY04,P1,区域,0.0,src_914983ebc1ba,origin data/VPD-OE_Agent_20260709/VPD-OE_Agent/data/raw/ZY/2.xls,第2年广告投放(格式二),E8,8
historical_600_unknown_rule,unknown,2,ZY05,P1,区域,0.0,src_914983ebc1ba,origin data/VPD-OE_Agent_20260709/VPD-OE_Agent/data/raw/ZY/2.xls,第2年广告投放(格式二),F8,8
historical_600_unknown_rule,unknown,2,ZY06,P1,区域,0.0,src_914983ebc1ba,origin data/VPD-OE_Agent_20260709/VPD-OE_Agent/data/raw/ZY/2.xls,第2年广告投放(格式二),G8,8
historical_600_unknown_rule,unknown,2,ZY07,P1,区域,0.0,src_914983ebc1ba,origin data/VPD-OE_Agent_20260709/VPD-OE_Agent/data/raw/ZY/2.xls,第2年广告投放(格式二),H8,8
historical_600_unknown_rule,unknown,2,ZY08,P1,区域,0.0,src_914983ebc1ba,origin data/VPD-OE_Agent_20260709/VPD-OE_Agent/data/raw/ZY/2.xls,第2年广告投放(格式二),I8,8
historical_600_unknown_rule,unknown,2,ZY09,P1,区域,0.0,src_914983ebc1ba,origin data/VPD-OE_Agent_20260709/VPD-OE_Agent/data/raw/ZY/2.xls,第2年广告投放(格式二),J8,8
historical_600_unknown_rule,unknown,2,ZY10,P1,区域,0.0,src_914983ebc1ba,origin data/VPD-OE_Agent_20260709/VPD-OE_Agent/data/raw/ZY/2.xls,第2年广告投放(格式二),K8,8
historical_600_unknown_rule,unknown,2,ZY11,P1,区域,0.0,src_914983ebc1ba,origin data/VPD-OE_Agent_20260709/VPD-OE_Agent/data/raw/ZY/2.xls,第2年广告投放(格式二),L8,8
historical_600_unknown_rule,unknown,2,ZY12,P1,区域,0.0,src_914983ebc1ba,origin data/VPD-OE_Agent_20260709/VPD-OE_Agent/data/raw/ZY/2.xls,第2年广告投放(格式二),M8,8
historical_600_unknown_rule,unknown,2,ZY13,P1,区域,0.0,src_914983ebc1ba,origin data/VPD-OE_Agent_20260709/VPD-OE_Agent/data/raw/ZY/2.xls,第2年广告投放(格式二),N8,8
historical_600_unknown_rule,unknown,2,ZY14,P1,区域,0.0,src_914983ebc1ba,origin data/VPD-OE_Agent_20260709/VPD-OE_Agent/data/raw/ZY/2.xls,第2年广告投放(格式二),O8,8
historical_600_unknown_rule,unknown,2,ZY15,P1,区域,0.0,src_914983ebc1ba,origin data/VPD-OE_Agent_20260709/VPD-OE_Agent/data/raw/ZY/2.xls,第2年广告投放(格式二),P8,8
historical_600_unknown_rule,unknown,2,ZY16,P1,区域,0.0,src_914983ebc1ba,origin data/VPD-OE_Agent_20260709/VPD-OE_Agent/data/raw/ZY/2.xls,第2年广告投放(格式二),Q8,8
historical_600_unknown_rule,unknown,2,ZY17,P1,区域,0.0,src_914983ebc1ba,origin data/VPD-OE_Agent_20260709/VPD-OE_Agent/data/raw/ZY/2.xls,第2年广告投放(格式二),R8,8
historical_600_unknown_rule,unknown,2,ZY18,P1,区域,0.0,src_914983ebc1ba,origin data/VPD-OE_Agent_20260709/VPD-OE_Agent/data/raw/ZY/2.xls,第2年广告投放(格式二),S8,8
historical_600_unknown_rule,unknown,2,ZY01,P2,区域,0.0,src_914983ebc1ba,origin data/VPD-OE_Agent_20260709/VPD-OE_Agent/data/raw/ZY/2.xls,第2年广告投放(格式二),B9,9
historical_600_unknown_rule,unknown,2,ZY02,P2,区域,11.0,src_914983ebc1ba,origin data/VPD-OE_Agent_20260709/VPD-OE_Agent/data/raw/ZY/2.xls,第2年广告投放(格式二),C9,9
historical_600_unknown_rule,unknown,2,ZY03,P2,区域,21.0,src_914983ebc1ba,origin data/VPD-OE_Agent_20260709/VPD-OE_Agent/data/raw/ZY/2.xls,第2年广告投放(格式二),D9,9
historical_600_unknown_rule,unknown,2,ZY04,P2,区域,34.0,src_914983ebc1ba,origin data/VPD-OE_Agent_20260709/VPD-OE_Agent/data/raw/ZY/2.xls,第2年广告投放(格式二),E9,9
historical_600_unknown_rule,unknown,2,ZY05,P2,区域,25.0,src_914983ebc1ba,origin data/VPD-OE_Agent_20260709/VPD-OE_Agent/data/raw/ZY/2.xls,第2年广告投放(格式二),F9,9
historical_600_unknown_rule,unknown,2,ZY06,P2,区域,0.0,src_914983ebc1ba,origin data/VPD-OE_Agent_20260709/VPD-OE_Agent/data/raw/ZY/2.xls,第2年广告投放(格式二),G9,9
historical_600_unknown_rule,unknown,2,ZY07,P2,区域,10.0,src_914983ebc1ba,origin data/VPD-OE_Agent_20260709/VPD-OE_Agent/data/raw/ZY/2.xls,第2年广告投放(格式二),H9,9
historical_600_unknown_rule,unknown,2,ZY08,P2,区域,0.0,src_914983ebc1ba,origin data/VPD-OE_Agent_20260709/VPD-OE_Agent/data/raw/ZY/2.xls,第2年广告投放(格式二),I9,9
historical_600_unknown_rule,unknown,2,ZY09,P2,区域,10.0,src_914983ebc1ba,origin data/VPD-OE_Agent_20260709/VPD-OE_Agent/data/raw/ZY/2.xls,第2年广告投放(格式二),J9,9
historical_600_unknown_rule,unknown,2,ZY10,P2,区域,0.0,src_914983ebc1ba,origin data/VPD-OE_Agent_20260709/VPD-OE_Agent/data/raw/ZY/2.xls,第2年广告投放(格式二),K9,9
historical_600_unknown_rule,unknown,2,ZY11,P2,区域,30.0,src_914983ebc1ba,origin data/VPD-OE_Agent_20260709/VPD-OE_Agent/data/raw/ZY/2.xls,第2年广告投放(格式二),L9,9
historical_600_unknown_rule,unknown,2,ZY12,P2,区域,0.0,src_914983ebc1ba,origin data/VPD-OE_Agent_20260709/VPD-OE_Agent/data/raw/ZY/2.xls,第2年广告投放(格式二),M9,9
historical_600_unknown_rule,unknown,2,ZY13,P2,区域,0.0,src_914983ebc1ba,origin data/VPD-OE_Agent_20260709/VPD-OE_Agent/data/raw/ZY/2.xls,第2年广告投放(格式二),N9,9
historical_600_unknown_rule,unknown,2,ZY14,P2,区域,40.0,src_914983ebc1ba,origin data/VPD-OE_Agent_20260709/VPD-OE_Agent/data/raw/ZY/2.xls,第2年广告投放(格式二),O9,9
historical_600_unknown_rule,unknown,2,ZY15,P2,区域,0.0,src_914983ebc1ba,origin data/VPD-OE_Agent_20260709/VPD-OE_Agent/data/raw/ZY/2.xls,第2年广告投放(格式二),P9,9
historical_600_unknown_rule,unknown,2,ZY16,P2,区域,18.0,src_914983ebc1ba,origin data/VPD-OE_Agent_20260709/VPD-OE_Agent/data/raw/ZY/2.xls,第2年广告投放(格式二),Q9,9
historical_600_unknown_rule,unknown,2,ZY17,P2,区域,0.0,src_914983ebc1ba,origin data/VPD-OE_Agent_20260709/VPD-OE_Agent/data/raw/ZY/2.xls,第2年广告投放(格式二),R9,9
historical_600_unknown_rule,unknown,2,ZY18,P2,区域,0.0,src_914983ebc1ba,origin data/VPD-OE_Agent_20260709/VPD-OE_Agent/data/raw/ZY/2.xls,第2年广告投放(格式二),S9,9
historical_600_unknown_rule,unknown,2,ZY01,P3,区域,0.0,src_914983ebc1ba,origin data/VPD-OE_Agent_20260709/VPD-OE_Agent/data/raw/ZY/2.xls,第2年广告投放(格式二),B10,10
historical_600_unknown_rule,unknown,2,ZY02,P3,区域,0.0,src_914983ebc1ba,origin data/VPD-OE_Agent_20260709/VPD-OE_Agent/data/raw/ZY/2.xls,第2年广告投放(格式二),C10,10
historical_600_unknown_rule,unknown,2,ZY03,P3,区域,10.0,src_914983ebc1ba,origin data/VPD-OE_Agent_20260709/VPD-OE_Agent/data/raw/ZY/2.xls,第2年广告投放(格式二),D10,10
historical_600_unknown_rule,unknown,2,ZY04,P3,区域,0.0,src_914983ebc1ba,origin data/VPD-OE_Agent_20260709/VPD-OE_Agent/data/raw/ZY/2.xls,第2年广告投放(格式二),E10,10
historical_600_unknown_rule,unknown,2,ZY05,P3,区域,13.0,src_914983ebc1ba,origin data/VPD-OE_Agent_20260709/VPD-OE_Agent/data/raw/ZY/2.xls,第2年广告投放(格式二),F10,10
historical_600_unknown_rule,unknown,2,ZY06,P3,区域,0.0,src_914983ebc1ba,origin data/VPD-OE_Agent_20260709/VPD-OE_Agent/data/raw/ZY/2.xls,第2年广告投放(格式二),G10,10
historical_600_unknown_rule,unknown,2,ZY07,P3,区域,20.0,src_914983ebc1ba,origin data/VPD-OE_Agent_20260709/VPD-OE_Agent/data/raw/ZY/2.xls,第2年广告投放(格式二),H10,10
historical_600_unknown_rule,unknown,2,ZY08,P3,区域,0.0,src_914983ebc1ba,origin data/VPD-OE_Agent_20260709/VPD-OE_Agent/data/raw/ZY/2.xls,第2年广告投放(格式二),I10,10
historical_600_unknown_rule,unknown,2,ZY09,P3,区域,10.0,src_914983ebc1ba,origin data/VPD-OE_Agent_20260709/VPD-OE_Agent/data/raw/ZY/2.xls,第2年广告投放(格式二),J10,10
historical_600_unknown_rule,unknown,2,ZY10,P3,区域,0.0,src_914983ebc1ba,origin data/VPD-OE_Agent_20260709/VPD-OE_Agent/data/raw/ZY/2.xls,第2年广告投放(格式二),K10,10
historical_600_unknown_rule,unknown,2,ZY11,P3,区域,0.0,src_914983ebc1ba,origin data/VPD-OE_Agent_20260709/VPD-OE_Agent/data/raw/ZY/2.xls,第2年广告投放(格式二),L10,10
historical_600_unknown_rule,unknown,2,ZY12,P3,区域,0.0,src_914983ebc1ba,origin data/VPD-OE_Agent_20260709/VPD-OE_Agent/data/raw/ZY/2.xls,第2年广告投放(格式二),M10,10
historical_600_unknown_rule,unknown,2,ZY13,P3,区域,0.0,src_914983ebc1ba,origin data/VPD-OE_Agent_20260709/VPD-OE_Agent/data/raw/ZY/2.xls,第2年广告投放(格式二),N10,10
historical_600_unknown_rule,unknown,2,ZY14,P3,区域,19.0,src_914983ebc1ba,origin data/VPD-OE_Agent_20260709/VPD-OE_Agent/data/raw/ZY/2.xls,第2年广告投放(格式二),O10,10
historical_600_unknown_rule,unknown,2,ZY15,P3,区域,0.0,src_914983ebc1ba,origin data/VPD-OE_Agent_20260709/VPD-OE_Agent/data/raw/ZY/2.xls,第2年广告投放(格式二),P10,10
historical_600_unknown_rule,unknown,2,ZY16,P3,区域,0.0,src_914983ebc1ba,origin data/VPD-OE_Agent_20260709/VPD-OE_Agent/data/raw/ZY/2.xls,第2年广告投放(格式二),Q10,10
historical_600_unknown_rule,unknown,2,ZY17,P3,区域,0.0,src_914983ebc1ba,origin data/VPD-OE_Agent_20260709/VPD-OE_Agent/data/raw/ZY/2.xls,第2年广告投放(格式二),R10,10
historical_600_unknown_rule,unknown,2,ZY18,P3,区域,0.0,src_914983ebc1ba,origin data/VPD-OE_Agent_20260709/VPD-OE_Agent/data/raw/ZY/2.xls,第2年广告投放(格式二),S10,10
historical_600_unknown_rule,unknown,2,ZY01,P4,区域,0.0,src_914983ebc1ba,origin data/VPD-OE_Agent_20260709/VPD-OE_Agent/data/raw/ZY/2.xls,第2年广告投放(格式二),B11,11
historical_600_unknown_rule,unknown,2,ZY02,P4,区域,0.0,src_914983ebc1ba,origin data/VPD-OE_Agent_20260709/VPD-OE_Agent/data/raw/ZY/2.xls,第2年广告投放(格式二),C11,11
historical_600_unknown_rule,unknown,2,ZY03,P4,区域,0.0,src_914983ebc1ba,origin data/VPD-OE_Agent_20260709/VPD-OE_Agent/data/raw/ZY/2.xls,第2年广告投放(格式二),D11,11
historical_600_unknown_rule,unknown,2,ZY04,P4,区域,0.0,src_914983ebc1ba,origin data/VPD-OE_Agent_20260709/VPD-OE_Agent/data/raw/ZY/2.xls,第2年广告投放(格式二),E11,11
historical_600_unknown_rule,unknown,2,ZY05,P4,区域,0.0,src_914983ebc1ba,origin data/VPD-OE_Agent_20260709/VPD-OE_Agent/data/raw/ZY/2.xls,第2年广告投放(格式二),F11,11
historical_600_unknown_rule,unknown,2,ZY06,P4,区域,10.0,src_914983ebc1ba,origin data/VPD-OE_Agent_20260709/VPD-OE_Agent/data/raw/ZY/2.xls,第2年广告投放(格式二),G11,11
historical_600_unknown_rule,unknown,2,ZY07,P4,区域,0.0,src_914983ebc1ba,origin data/VPD-OE_Agent_20260709/VPD-OE_Agent/data/raw/ZY/2.xls,第2年广告投放(格式二),H11,11
historical_600_unknown_rule,unknown,2,ZY08,P4,区域,0.0,src_914983ebc1ba,origin data/VPD-OE_Agent_20260709/VPD-OE_Agent/data/raw/ZY/2.xls,第2年广告投放(格式二),I11,11
historical_600_unknown_rule,unknown,2,ZY09,P4,区域,0.0,src_914983ebc1ba,origin data/VPD-OE_Agent_20260709/VPD-OE_Agent/data/raw/ZY/2.xls,第2年广告投放(格式二),J11,11
historical_600_unknown_rule,unknown,2,ZY10,P4,区域,10.0,src_914983ebc1ba,origin data/VPD-OE_Agent_20260709/VPD-OE_Agent/data/raw/ZY/2.xls,第2年广告投放(格式二),K11,11
historical_600_unknown_rule,unknown,2,ZY11,P4,区域,0.0,src_914983ebc1ba,origin data/VPD-OE_Agent_20260709/VPD-OE_Agent/data/raw/ZY/2.xls,第2年广告投放(格式二),L11,11
historical_600_unknown_rule,unknown,2,ZY12,P4,区域,0.0,src_914983ebc1ba,origin data/VPD-OE_Agent_20260709/VPD-OE_Agent/data/raw/ZY/2.xls,第2年广告投放(格式二),M11,11
historical_600_unknown_rule,unknown,2,ZY13,P4,区域,13.0,src_914983ebc1ba,origin data/VPD-OE_Agent_20260709/VPD-OE_Agent/data/raw/ZY/2.xls,第2年广告投放(格式二),N11,11
historical_600_unknown_rule,unknown,2,ZY14,P4,区域,0.0,src_914983ebc1ba,origin data/VPD-OE_Agent_20260709/VPD-OE_Agent/data/raw/ZY/2.xls,第2年广告投放(格式二),O11,11
historical_600_unknown_rule,unknown,2,ZY15,P4,区域,0.0,src_914983ebc1ba,origin data/VPD-OE_Agent_20260709/VPD-OE_Agent/data/raw/ZY/2.xls,第2年广告投放(格式二),P11,11
historical_600_unknown_rule,unknown,2,ZY16,P4,区域,0.0,src_914983ebc1ba,origin data/VPD-OE_Agent_20260709/VPD-OE_Agent/data/raw/ZY/2.xls,第2年广告投放(格式二),Q11,11
historical_600_unknown_rule,unknown,2,ZY17,P4,区域,10.0,src_914983ebc1ba,origin data/VPD-OE_Agent_20260709/VPD-OE_Agent/data/raw/ZY/2.xls,第2年广告投放(格式二),R11,11
historical_600_unknown_rule,unknown,2,ZY18,P4,区域,0.0,src_914983ebc1ba,origin data/VPD-OE_Agent_20260709/VPD-OE_Agent/data/raw/ZY/2.xls,第2年广告投放(格式二),S11,11
historical_600_unknown_rule,unknown,2,ZY01,P1,国内,0.0,src_914983ebc1ba,origin data/VPD-OE_Agent_20260709/VPD-OE_Agent/data/raw/ZY/2.xls,第2年广告投放(格式二),B13,13
historical_600_unknown_rule,unknown,2,ZY02,P1,国内,0.0,src_914983ebc1ba,origin data/VPD-OE_Agent_20260709/VPD-OE_Agent/data/raw/ZY/2.xls,第2年广告投放(格式二),C13,13
historical_600_unknown_rule,unknown,2,ZY03,P1,国内,0.0,src_914983ebc1ba,origin data/VPD-OE_Agent_20260709/VPD-OE_Agent/data/raw/ZY/2.xls,第2年广告投放(格式二),D13,13
historical_600_unknown_rule,unknown,2,ZY04,P1,国内,0.0,src_914983ebc1ba,origin data/VPD-OE_Agent_20260709/VPD-OE_Agent/data/raw/ZY/2.xls,第2年广告投放(格式二),E13,13
historical_600_unknown_rule,unknown,2,ZY05,P1,国内,0.0,src_914983ebc1ba,origin data/VPD-OE_Agent_20260709/VPD-OE_Agent/data/raw/ZY/2.xls,第2年广告投放(格式二),F13,13
historical_600_unknown_rule,unknown,2,ZY06,P1,国内,0.0,src_914983ebc1ba,origin data/VPD-OE_Agent_20260709/VPD-OE_Agent/data/raw/ZY/2.xls,第2年广告投放(格式二),G13,13
historical_600_unknown_rule,unknown,2,ZY07,P1,国内,0.0,src_914983ebc1ba,origin data/VPD-OE_Agent_20260709/VPD-OE_Agent/data/raw/ZY/2.xls,第2年广告投放(格式二),H13,13
historical_600_unknown_rule,unknown,2,ZY08,P1,国内,0.0,src_914983ebc1ba,origin data/VPD-OE_Agent_20260709/VPD-OE_Agent/data/raw/ZY/2.xls,第2年广告投放(格式二),I13,13
historical_600_unknown_rule,unknown,2,ZY09,P1,国内,0.0,src_914983ebc1ba,origin data/VPD-OE_Agent_20260709/VPD-OE_Agent/data/raw/ZY/2.xls,第2年广告投放(格式二),J13,13
historical_600_unknown_rule,unknown,2,ZY10,P1,国内,0.0,src_914983ebc1ba,origin data/VPD-OE_Agent_20260709/VPD-OE_Agent/data/raw/ZY/2.xls,第2年广告投放(格式二),K13,13
historical_600_unknown_rule,unknown,2,ZY11,P1,国内,0.0,src_914983ebc1ba,origin data/VPD-OE_Agent_20260709/VPD-OE_Agent/data/raw/ZY/2.xls,第2年广告投放(格式二),L13,13
historical_600_unknown_rule,unknown,2,ZY12,P1,国内,0.0,src_914983ebc1ba,origin data/VPD-OE_Agent_20260709/VPD-OE_Agent/data/raw/ZY/2.xls,第2年广告投放(格式二),M13,13
historical_600_unknown_rule,unknown,2,ZY13,P1,国内,0.0,src_914983ebc1ba,origin data/VPD-OE_Agent_20260709/VPD-OE_Agent/data/raw/ZY/2.xls,第2年广告投放(格式二),N13,13
historical_600_unknown_rule,unknown,2,ZY14,P1,国内,0.0,src_914983ebc1ba,origin data/VPD-OE_Agent_20260709/VPD-OE_Agent/data/raw/ZY/2.xls,第2年广告投放(格式二),O13,13
historical_600_unknown_rule,unknown,2,ZY15,P1,国内,0.0,src_914983ebc1ba,origin data/VPD-OE_Agent_20260709/VPD-OE_Agent/data/raw/ZY/2.xls,第2年广告投放(格式二),P13,13
historical_600_unknown_rule,unknown,2,ZY16,P1,国内,0.0,src_914983ebc1ba,origin data/VPD-OE_Agent_20260709/VPD-OE_Agent/data/raw/ZY/2.xls,第2年广告投放(格式二),Q13,13
historical_600_unknown_rule,unknown,2,ZY17,P1,国内,0.0,src_914983ebc1ba,origin data/VPD-OE_Agent_20260709/VPD-OE_Agent/data/raw/ZY/2.xls,第2年广告投放(格式二),R13,13
historical_600_unknown_rule,unknown,2,ZY18,P1,国内,0.0,src_914983ebc1ba,origin data/VPD-OE_Agent_20260709/VPD-OE_Agent/data/raw/ZY/2.xls,第2年广告投放(格式二),S13,13
historical_600_unknown_rule,unknown,2,ZY01,P2,国内,0.0,src_914983ebc1ba,origin data/VPD-OE_Agent_20260709/VPD-OE_Agent/data/raw/ZY/2.xls,第2年广告投放(格式二),B14,14
historical_600_unknown_rule,unknown,2,ZY02,P2,国内,0.0,src_914983ebc1ba,origin data/VPD-OE_Agent_20260709/VPD-OE_Agent/data/raw/ZY/2.xls,第2年广告投放(格式二),C14,14
historical_600_unknown_rule,unknown,2,ZY03,P2,国内,0.0,src_914983ebc1ba,origin data/VPD-OE_Agent_20260709/VPD-OE_Agent/data/raw/ZY/2.xls,第2年广告投放(格式二),D14,14
historical_600_unknown_rule,unknown,2,ZY04,P2,国内,0.0,src_914983ebc1ba,origin data/VPD-OE_Agent_20260709/VPD-OE_Agent/data/raw/ZY/2.xls,第2年广告投放(格式二),E14,14
historical_600_unknown_rule,unknown,2,ZY05,P2,国内,0.0,src_914983ebc1ba,origin data/VPD-OE_Agent_20260709/VPD-OE_Agent/data/raw/ZY/2.xls,第2年广告投放(格式二),F14,14
historical_600_unknown_rule,unknown,2,ZY06,P2,国内,0.0,src_914983ebc1ba,origin data/VPD-OE_Agent_20260709/VPD-OE_Agent/data/raw/ZY/2.xls,第2年广告投放(格式二),G14,14
historical_600_unknown_rule,unknown,2,ZY07,P2,国内,0.0,src_914983ebc1ba,origin data/VPD-OE_Agent_20260709/VPD-OE_Agent/data/raw/ZY/2.xls,第2年广告投放(格式二),H14,14
historical_600_unknown_rule,unknown,2,ZY08,P2,国内,0.0,src_914983ebc1ba,origin data/VPD-OE_Agent_20260709/VPD-OE_Agent/data/raw/ZY/2.xls,第2年广告投放(格式二),I14,14
historical_600_unknown_rule,unknown,2,ZY09,P2,国内,0.0,src_914983ebc1ba,origin data/VPD-OE_Agent_20260709/VPD-OE_Agent/data/raw/ZY/2.xls,第2年广告投放(格式二),J14,14
historical_600_unknown_rule,unknown,2,ZY10,P2,国内,0.0,src_914983ebc1ba,origin data/VPD-OE_Agent_20260709/VPD-OE_Agent/data/raw/ZY/2.xls,第2年广告投放(格式二),K14,14
historical_600_unknown_rule,unknown,2,ZY11,P2,国内,0.0,src_914983ebc1ba,origin data/VPD-OE_Agent_20260709/VPD-OE_Agent/data/raw/ZY/2.xls,第2年广告投放(格式二),L14,14
historical_600_unknown_rule,unknown,2,ZY12,P2,国内,0.0,src_914983ebc1ba,origin data/VPD-OE_Agent_20260709/VPD-OE_Agent/data/raw/ZY/2.xls,第2年广告投放(格式二),M14,14
historical_600_unknown_rule,unknown,2,ZY13,P2,国内,0.0,src_914983ebc1ba,origin data/VPD-OE_Agent_20260709/VPD-OE_Agent/data/raw/ZY/2.xls,第2年广告投放(格式二),N14,14
historical_600_unknown_rule,unknown,2,ZY14,P2,国内,0.0,src_914983ebc1ba,origin data/VPD-OE_Agent_20260709/VPD-OE_Agent/data/raw/ZY/2.xls,第2年广告投放(格式二),O14,14
historical_600_unknown_rule,unknown,2,ZY15,P2,国内,0.0,src_914983ebc1ba,origin data/VPD-OE_Agent_20260709/VPD-OE_Agent/data/raw/ZY/2.xls,第2年广告投放(格式二),P14,14
historical_600_unknown_rule,unknown,2,ZY16,P2,国内,0.0,src_914983ebc1ba,origin data/VPD-OE_Agent_20260709/VPD-OE_Agent/data/raw/ZY/2.xls,第2年广告投放(格式二),Q14,14
historical_600_unknown_rule,unknown,2,ZY17,P2,国内,0.0,src_914983ebc1ba,origin data/VPD-OE_Agent_20260709/VPD-OE_Agent/data/raw/ZY/2.xls,第2年广告投放(格式二),R14,14
historical_600_unknown_rule,unknown,2,ZY18,P2,国内,0.0,src_914983ebc1ba,origin data/VPD-OE_Agent_20260709/VPD-OE_Agent/data/raw/ZY/2.xls,第2年广告投放(格式二),S14,14
historical_600_unknown_rule,unknown,2,ZY01,P3,国内,0.0,src_914983ebc1ba,origin data/VPD-OE_Agent_20260709/VPD-OE_Agent/data/raw/ZY/2.xls,第2年广告投放(格式二),B15,15
historical_600_unknown_rule,unknown,2,ZY02,P3,国内,0.0,src_914983ebc1ba,origin data/VPD-OE_Agent_20260709/VPD-OE_Agent/data/raw/ZY/2.xls,第2年广告投放(格式二),C15,15
historical_600_unknown_rule,unknown,2,ZY03,P3,国内,0.0,src_914983ebc1ba,origin data/VPD-OE_Agent_20260709/VPD-OE_Agent/data/raw/ZY/2.xls,第2年广告投放(格式二),D15,15
historical_600_unknown_rule,unknown,2,ZY04,P3,国内,0.0,src_914983ebc1ba,origin data/VPD-OE_Agent_20260709/VPD-OE_Agent/data/raw/ZY/2.xls,第2年广告投放(格式二),E15,15
historical_600_unknown_rule,unknown,2,ZY05,P3,国内,0.0,src_914983ebc1ba,origin data/VPD-OE_Agent_20260709/VPD-OE_Agent/data/raw/ZY/2.xls,第2年广告投放(格式二),F15,15
historical_600_unknown_rule,unknown,2,ZY06,P3,国内,0.0,src_914983ebc1ba,origin data/VPD-OE_Agent_20260709/VPD-OE_Agent/data/raw/ZY/2.xls,第2年广告投放(格式二),G15,15
historical_600_unknown_rule,unknown,2,ZY07,P3,国内,0.0,src_914983ebc1ba,origin data/VPD-OE_Agent_20260709/VPD-OE_Agent/data/raw/ZY/2.xls,第2年广告投放(格式二),H15,15
historical_600_unknown_rule,unknown,2,ZY08,P3,国内,0.0,src_914983ebc1ba,origin data/VPD-OE_Agent_20260709/VPD-OE_Agent/data/raw/ZY/2.xls,第2年广告投放(格式二),I15,15
historical_600_unknown_rule,unknown,2,ZY09,P3,国内,0.0,src_914983ebc1ba,origin data/VPD-OE_Agent_20260709/VPD-OE_Agent/data/raw/ZY/2.xls,第2年广告投放(格式二),J15,15
historical_600_unknown_rule,unknown,2,ZY10,P3,国内,0.0,src_914983ebc1ba,origin data/VPD-OE_Agent_20260709/VPD-OE_Agent/data/raw/ZY/2.xls,第2年广告投放(格式二),K15,15
historical_600_unknown_rule,unknown,2,ZY11,P3,国内,0.0,src_914983ebc1ba,origin data/VPD-OE_Agent_20260709/VPD-OE_Agent/data/raw/ZY/2.xls,第2年广告投放(格式二),L15,15
historical_600_unknown_rule,unknown,2,ZY12,P3,国内,0.0,src_914983ebc1ba,origin data/VPD-OE_Agent_20260709/VPD-OE_Agent/data/raw/ZY/2.xls,第2年广告投放(格式二),M15,15
historical_600_unknown_rule,unknown,2,ZY13,P3,国内,0.0,src_914983ebc1ba,origin data/VPD-OE_Agent_20260709/VPD-OE_Agent/data/raw/ZY/2.xls,第2年广告投放(格式二),N15,15
historical_600_unknown_rule,unknown,2,ZY14,P3,国内,0.0,src_914983ebc1ba,origin data/VPD-OE_Agent_20260709/VPD-OE_Agent/data/raw/ZY/2.xls,第2年广告投放(格式二),O15,15
historical_600_unknown_rule,unknown,2,ZY15,P3,国内,0.0,src_914983ebc1ba,origin data/VPD-OE_Agent_20260709/VPD-OE_Agent/data/raw/ZY/2.xls,第2年广告投放(格式二),P15,15
historical_600_unknown_rule,unknown,2,ZY16,P3,国内,0.0,src_914983ebc1ba,origin data/VPD-OE_Agent_20260709/VPD-OE_Agent/data/raw/ZY/2.xls,第2年广告投放(格式二),Q15,15
historical_600_unknown_rule,unknown,2,ZY17,P3,国内,0.0,src_914983ebc1ba,origin data/VPD-OE_Agent_20260709/VPD-OE_Agent/data/raw/ZY/2.xls,第2年广告投放(格式二),R15,15
historical_600_unknown_rule,unknown,2,ZY18,P3,国内,0.0,src_914983ebc1ba,origin data/VPD-OE_Agent_20260709/VPD-OE_Agent/data/raw/ZY/2.xls,第2年广告投放(格式二),S15,15
historical_600_unknown_rule,unknown,2,ZY01,P4,国内,0.0,src_914983ebc1ba,origin data/VPD-OE_Agent_20260709/VPD-OE_Agent/data/raw/ZY/2.xls,第2年广告投放(格式二),B16,16
historical_600_unknown_rule,unknown,2,ZY02,P4,国内,0.0,src_914983ebc1ba,origin data/VPD-OE_Agent_20260709/VPD-OE_Agent/data/raw/ZY/2.xls,第2年广告投放(格式二),C16,16
historical_600_unknown_rule,unknown,2,ZY03,P4,国内,0.0,src_914983ebc1ba,origin data/VPD-OE_Agent_20260709/VPD-OE_Agent/data/raw/ZY/2.xls,第2年广告投放(格式二),D16,16
historical_600_unknown_rule,unknown,2,ZY04,P4,国内,0.0,src_914983ebc1ba,origin data/VPD-OE_Agent_20260709/VPD-OE_Agent/data/raw/ZY/2.xls,第2年广告投放(格式二),E16,16
historical_600_unknown_rule,unknown,2,ZY05,P4,国内,0.0,src_914983ebc1ba,origin data/VPD-OE_Agent_20260709/VPD-OE_Agent/data/raw/ZY/2.xls,第2年广告投放(格式二),F16,16
historical_600_unknown_rule,unknown,2,ZY06,P4,国内,0.0,src_914983ebc1ba,origin data/VPD-OE_Agent_20260709/VPD-OE_Agent/data/raw/ZY/2.xls,第2年广告投放(格式二),G16,16
historical_600_unknown_rule,unknown,2,ZY07,P4,国内,0.0,src_914983ebc1ba,origin data/VPD-OE_Agent_20260709/VPD-OE_Agent/data/raw/ZY/2.xls,第2年广告投放(格式二),H16,16
historical_600_unknown_rule,unknown,2,ZY08,P4,国内,0.0,src_914983ebc1ba,origin data/VPD-OE_Agent_20260709/VPD-OE_Agent/data/raw/ZY/2.xls,第2年广告投放(格式二),I16,16
historical_600_unknown_rule,unknown,2,ZY09,P4,国内,0.0,src_914983ebc1ba,origin data/VPD-OE_Agent_20260709/VPD-OE_Agent/data/raw/ZY/2.xls,第2年广告投放(格式二),J16,16
historical_600_unknown_rule,unknown,2,ZY10,P4,国内,0.0,src_914983ebc1ba,origin data/VPD-OE_Agent_20260709/VPD-OE_Agent/data/raw/ZY/2.xls,第2年广告投放(格式二),K16,16
historical_600_unknown_rule,unknown,2,ZY11,P4,国内,0.0,src_914983ebc1ba,origin data/VPD-OE_Agent_20260709/VPD-OE_Agent/data/raw/ZY/2.xls,第2年广告投放(格式二),L16,16
historical_600_unknown_rule,unknown,2,ZY12,P4,国内,0.0,src_914983ebc1ba,origin data/VPD-OE_Agent_20260709/VPD-OE_Agent/data/raw/ZY/2.xls,第2年广告投放(格式二),M16,16
historical_600_unknown_rule,unknown,2,ZY13,P4,国内,0.0,src_914983ebc1ba,origin data/VPD-OE_Agent_20260709/VPD-OE_Agent/data/raw/ZY/2.xls,第2年广告投放(格式二),N16,16
historical_600_unknown_rule,unknown,2,ZY14,P4,国内,0.0,src_914983ebc1ba,origin data/VPD-OE_Agent_20260709/VPD-OE_Agent/data/raw/ZY/2.xls,第2年广告投放(格式二),O16,16
historical_600_unknown_rule,unknown,2,ZY15,P4,国内,0.0,src_914983ebc1ba,origin data/VPD-OE_Agent_20260709/VPD-OE_Agent/data/raw/ZY/2.xls,第2年广告投放(格式二),P16,16
historical_600_unknown_rule,unknown,2,ZY16,P4,国内,0.0,src_914983ebc1ba,origin data/VPD-OE_Agent_20260709/VPD-OE_Agent/data/raw/ZY/2.xls,第2年广告投放(格式二),Q16,16
historical_600_unknown_rule,unknown,2,ZY17,P4,国内,0.0,src_914983ebc1ba,origin data/VPD-OE_Agent_20260709/VPD-OE_Agent/data/raw/ZY/2.xls,第2年广告投放(格式二),R16,16
historical_600_unknown_rule,unknown,2,ZY18,P4,国内,0.0,src_914983ebc1ba,origin data/VPD-OE_Agent_20260709/VPD-OE_Agent/data/raw/ZY/2.xls,第2年广告投放(格式二),S16,16
historical_600_unknown_rule,unknown,2,ZY01,P1,亚洲,0.0,src_914983ebc1ba,origin data/VPD-OE_Agent_20260709/VPD-OE_Agent/data/raw/ZY/2.xls,第2年广告投放(格式二),B18,18
historical_600_unknown_rule,unknown,2,ZY02,P1,亚洲,0.0,src_914983ebc1ba,origin data/VPD-OE_Agent_20260709/VPD-OE_Agent/data/raw/ZY/2.xls,第2年广告投放(格式二),C18,18
historical_600_unknown_rule,unknown,2,ZY03,P1,亚洲,0.0,src_914983ebc1ba,origin data/VPD-OE_Agent_20260709/VPD-OE_Agent/data/raw/ZY/2.xls,第2年广告投放(格式二),D18,18
historical_600_unknown_rule,unknown,2,ZY04,P1,亚洲,0.0,src_914983ebc1ba,origin data/VPD-OE_Agent_20260709/VPD-OE_Agent/data/raw/ZY/2.xls,第2年广告投放(格式二),E18,18
historical_600_unknown_rule,unknown,2,ZY05,P1,亚洲,0.0,src_914983ebc1ba,origin data/VPD-OE_Agent_20260709/VPD-OE_Agent/data/raw/ZY/2.xls,第2年广告投放(格式二),F18,18
historical_600_unknown_rule,unknown,2,ZY06,P1,亚洲,0.0,src_914983ebc1ba,origin data/VPD-OE_Agent_20260709/VPD-OE_Agent/data/raw/ZY/2.xls,第2年广告投放(格式二),G18,18
historical_600_unknown_rule,unknown,2,ZY07,P1,亚洲,0.0,src_914983ebc1ba,origin data/VPD-OE_Agent_20260709/VPD-OE_Agent/data/raw/ZY/2.xls,第2年广告投放(格式二),H18,18
historical_600_unknown_rule,unknown,2,ZY08,P1,亚洲,0.0,src_914983ebc1ba,origin data/VPD-OE_Agent_20260709/VPD-OE_Agent/data/raw/ZY/2.xls,第2年广告投放(格式二),I18,18
historical_600_unknown_rule,unknown,2,ZY09,P1,亚洲,0.0,src_914983ebc1ba,origin data/VPD-OE_Agent_20260709/VPD-OE_Agent/data/raw/ZY/2.xls,第2年广告投放(格式二),J18,18
historical_600_unknown_rule,unknown,2,ZY10,P1,亚洲,0.0,src_914983ebc1ba,origin data/VPD-OE_Agent_20260709/VPD-OE_Agent/data/raw/ZY/2.xls,第2年广告投放(格式二),K18,18
historical_600_unknown_rule,unknown,2,ZY11,P1,亚洲,0.0,src_914983ebc1ba,origin data/VPD-OE_Agent_20260709/VPD-OE_Agent/data/raw/ZY/2.xls,第2年广告投放(格式二),L18,18
historical_600_unknown_rule,unknown,2,ZY12,P1,亚洲,0.0,src_914983ebc1ba,origin data/VPD-OE_Agent_20260709/VPD-OE_Agent/data/raw/ZY/2.xls,第2年广告投放(格式二),M18,18
historical_600_unknown_rule,unknown,2,ZY13,P1,亚洲,0.0,src_914983ebc1ba,origin data/VPD-OE_Agent_20260709/VPD-OE_Agent/data/raw/ZY/2.xls,第2年广告投放(格式二),N18,18
historical_600_unknown_rule,unknown,2,ZY14,P1,亚洲,0.0,src_914983ebc1ba,origin data/VPD-OE_Agent_20260709/VPD-OE_Agent/data/raw/ZY/2.xls,第2年广告投放(格式二),O18,18
historical_600_unknown_rule,unknown,2,ZY15,P1,亚洲,0.0,src_914983ebc1ba,origin data/VPD-OE_Agent_20260709/VPD-OE_Agent/data/raw/ZY/2.xls,第2年广告投放(格式二),P18,18
historical_600_unknown_rule,unknown,2,ZY16,P1,亚洲,0.0,src_914983ebc1ba,origin data/VPD-OE_Agent_20260709/VPD-OE_Agent/data/raw/ZY/2.xls,第2年广告投放(格式二),Q18,18
historical_600_unknown_rule,unknown,2,ZY17,P1,亚洲,0.0,src_914983ebc1ba,origin data/VPD-OE_Agent_20260709/VPD-OE_Agent/data/raw/ZY/2.xls,第2年广告投放(格式二),R18,18
historical_600_unknown_rule,unknown,2,ZY18,P1,亚洲,0.0,src_914983ebc1ba,origin data/VPD-OE_Agent_20260709/VPD-OE_Agent/data/raw/ZY/2.xls,第2年广告投放(格式二),S18,18
historical_600_unknown_rule,unknown,2,ZY01,P2,亚洲,0.0,src_914983ebc1ba,origin data/VPD-OE_Agent_20260709/VPD-OE_Agent/data/raw/ZY/2.xls,第2年广告投放(格式二),B19,19
historical_600_unknown_rule,unknown,2,ZY02,P2,亚洲,0.0,src_914983ebc1ba,origin data/VPD-OE_Agent_20260709/VPD-OE_Agent/data/raw/ZY/2.xls,第2年广告投放(格式二),C19,19
historical_600_unknown_rule,unknown,2,ZY03,P2,亚洲,0.0,src_914983ebc1ba,origin data/VPD-OE_Agent_20260709/VPD-OE_Agent/data/raw/ZY/2.xls,第2年广告投放(格式二),D19,19
historical_600_unknown_rule,unknown,2,ZY04,P2,亚洲,0.0,src_914983ebc1ba,origin data/VPD-OE_Agent_20260709/VPD-OE_Agent/data/raw/ZY/2.xls,第2年广告投放(格式二),E19,19
historical_600_unknown_rule,unknown,2,ZY05,P2,亚洲,0.0,src_914983ebc1ba,origin data/VPD-OE_Agent_20260709/VPD-OE_Agent/data/raw/ZY/2.xls,第2年广告投放(格式二),F19,19
historical_600_unknown_rule,unknown,2,ZY06,P2,亚洲,0.0,src_914983ebc1ba,origin data/VPD-OE_Agent_20260709/VPD-OE_Agent/data/raw/ZY/2.xls,第2年广告投放(格式二),G19,19
historical_600_unknown_rule,unknown,2,ZY07,P2,亚洲,0.0,src_914983ebc1ba,origin data/VPD-OE_Agent_20260709/VPD-OE_Agent/data/raw/ZY/2.xls,第2年广告投放(格式二),H19,19
historical_600_unknown_rule,unknown,2,ZY08,P2,亚洲,0.0,src_914983ebc1ba,origin data/VPD-OE_Agent_20260709/VPD-OE_Agent/data/raw/ZY/2.xls,第2年广告投放(格式二),I19,19
historical_600_unknown_rule,unknown,2,ZY09,P2,亚洲,0.0,src_914983ebc1ba,origin data/VPD-OE_Agent_20260709/VPD-OE_Agent/data/raw/ZY/2.xls,第2年广告投放(格式二),J19,19
historical_600_unknown_rule,unknown,2,ZY10,P2,亚洲,0.0,src_914983ebc1ba,origin data/VPD-OE_Agent_20260709/VPD-OE_Agent/data/raw/ZY/2.xls,第2年广告投放(格式二),K19,19
historical_600_unknown_rule,unknown,2,ZY11,P2,亚洲,0.0,src_914983ebc1ba,origin data/VPD-OE_Agent_20260709/VPD-OE_Agent/data/raw/ZY/2.xls,第2年广告投放(格式二),L19,19
historical_600_unknown_rule,unknown,2,ZY12,P2,亚洲,0.0,src_914983ebc1ba,origin data/VPD-OE_Agent_20260709/VPD-OE_Agent/data/raw/ZY/2.xls,第2年广告投放(格式二),M19,19
historical_600_unknown_rule,unknown,2,ZY13,P2,亚洲,0.0,src_914983ebc1ba,origin data/VPD-OE_Agent_20260709/VPD-OE_Agent/data/raw/ZY/2.xls,第2年广告投放(格式二),N19,19
historical_600_unknown_rule,unknown,2,ZY14,P2,亚洲,0.0,src_914983ebc1ba,origin data/VPD-OE_Agent_20260709/VPD-OE_Agent/data/raw/ZY/2.xls,第2年广告投放(格式二),O19,19
historical_600_unknown_rule,unknown,2,ZY15,P2,亚洲,0.0,src_914983ebc1ba,origin data/VPD-OE_Agent_20260709/VPD-OE_Agent/data/raw/ZY/2.xls,第2年广告投放(格式二),P19,19
historical_600_unknown_rule,unknown,2,ZY16,P2,亚洲,0.0,src_914983ebc1ba,origin data/VPD-OE_Agent_20260709/VPD-OE_Agent/data/raw/ZY/2.xls,第2年广告投放(格式二),Q19,19
historical_600_unknown_rule,unknown,2,ZY17,P2,亚洲,0.0,src_914983ebc1ba,origin data/VPD-OE_Agent_20260709/VPD-OE_Agent/data/raw/ZY/2.xls,第2年广告投放(格式二),R19,19
historical_600_unknown_rule,unknown,2,ZY18,P2,亚洲,0.0,src_914983ebc1ba,origin data/VPD-OE_Agent_20260709/VPD-OE_Agent/data/raw/ZY/2.xls,第2年广告投放(格式二),S19,19
historical_600_unknown_rule,unknown,2,ZY01,P3,亚洲,0.0,src_914983ebc1ba,origin data/VPD-OE_Agent_20260709/VPD-OE_Agent/data/raw/ZY/2.xls,第2年广告投放(格式二),B20,20
historical_600_unknown_rule,unknown,2,ZY02,P3,亚洲,0.0,src_914983ebc1ba,origin data/VPD-OE_Agent_20260709/VPD-OE_Agent/data/raw/ZY/2.xls,第2年广告投放(格式二),C20,20
historical_600_unknown_rule,unknown,2,ZY03,P3,亚洲,0.0,src_914983ebc1ba,origin data/VPD-OE_Agent_20260709/VPD-OE_Agent/data/raw/ZY/2.xls,第2年广告投放(格式二),D20,20
historical_600_unknown_rule,unknown,2,ZY04,P3,亚洲,0.0,src_914983ebc1ba,origin data/VPD-OE_Agent_20260709/VPD-OE_Agent/data/raw/ZY/2.xls,第2年广告投放(格式二),E20,20
historical_600_unknown_rule,unknown,2,ZY05,P3,亚洲,0.0,src_914983ebc1ba,origin data/VPD-OE_Agent_20260709/VPD-OE_Agent/data/raw/ZY/2.xls,第2年广告投放(格式二),F20,20
historical_600_unknown_rule,unknown,2,ZY06,P3,亚洲,0.0,src_914983ebc1ba,origin data/VPD-OE_Agent_20260709/VPD-OE_Agent/data/raw/ZY/2.xls,第2年广告投放(格式二),G20,20
historical_600_unknown_rule,unknown,2,ZY07,P3,亚洲,0.0,src_914983ebc1ba,origin data/VPD-OE_Agent_20260709/VPD-OE_Agent/data/raw/ZY/2.xls,第2年广告投放(格式二),H20,20
historical_600_unknown_rule,unknown,2,ZY08,P3,亚洲,0.0,src_914983ebc1ba,origin data/VPD-OE_Agent_20260709/VPD-OE_Agent/data/raw/ZY/2.xls,第2年广告投放(格式二),I20,20
historical_600_unknown_rule,unknown,2,ZY09,P3,亚洲,0.0,src_914983ebc1ba,origin data/VPD-OE_Agent_20260709/VPD-OE_Agent/data/raw/ZY/2.xls,第2年广告投放(格式二),J20,20
historical_600_unknown_rule,unknown,2,ZY10,P3,亚洲,0.0,src_914983ebc1ba,origin data/VPD-OE_Agent_20260709/VPD-OE_Agent/data/raw/ZY/2.xls,第2年广告投放(格式二),K20,20
historical_600_unknown_rule,unknown,2,ZY11,P3,亚洲,0.0,src_914983ebc1ba,origin data/VPD-OE_Agent_20260709/VPD-OE_Agent/data/raw/ZY/2.xls,第2年广告投放(格式二),L20,20
historical_600_unknown_rule,unknown,2,ZY12,P3,亚洲,0.0,src_914983ebc1ba,origin data/VPD-OE_Agent_20260709/VPD-OE_Agent/data/raw/ZY/2.xls,第2年广告投放(格式二),M20,20
historical_600_unknown_rule,unknown,2,ZY13,P3,亚洲,0.0,src_914983ebc1ba,origin data/VPD-OE_Agent_20260709/VPD-OE_Agent/data/raw/ZY/2.xls,第2年广告投放(格式二),N20,20
historical_600_unknown_rule,unknown,2,ZY14,P3,亚洲,0.0,src_914983ebc1ba,origin data/VPD-OE_Agent_20260709/VPD-OE_Agent/data/raw/ZY/2.xls,第2年广告投放(格式二),O20,20
historical_600_unknown_rule,unknown,2,ZY15,P3,亚洲,0.0,src_914983ebc1ba,origin data/VPD-OE_Agent_20260709/VPD-OE_Agent/data/raw/ZY/2.xls,第2年广告投放(格式二),P20,20
historical_600_unknown_rule,unknown,2,ZY16,P3,亚洲,0.0,src_914983ebc1ba,origin data/VPD-OE_Agent_20260709/VPD-OE_Agent/data/raw/ZY/2.xls,第2年广告投放(格式二),Q20,20
historical_600_unknown_rule,unknown,2,ZY17,P3,亚洲,0.0,src_914983ebc1ba,origin data/VPD-OE_Agent_20260709/VPD-OE_Agent/data/raw/ZY/2.xls,第2年广告投放(格式二),R20,20
historical_600_unknown_rule,unknown,2,ZY18,P3,亚洲,0.0,src_914983ebc1ba,origin data/VPD-OE_Agent_20260709/VPD-OE_Agent/data/raw/ZY/2.xls,第2年广告投放(格式二),S20,20
historical_600_unknown_rule,unknown,2,ZY01,P4,亚洲,0.0,src_914983ebc1ba,origin data/VPD-OE_Agent_20260709/VPD-OE_Agent/data/raw/ZY/2.xls,第2年广告投放(格式二),B21,21
historical_600_unknown_rule,unknown,2,ZY02,P4,亚洲,0.0,src_914983ebc1ba,origin data/VPD-OE_Agent_20260709/VPD-OE_Agent/data/raw/ZY/2.xls,第2年广告投放(格式二),C21,21
historical_600_unknown_rule,unknown,2,ZY03,P4,亚洲,0.0,src_914983ebc1ba,origin data/VPD-OE_Agent_20260709/VPD-OE_Agent/data/raw/ZY/2.xls,第2年广告投放(格式二),D21,21
historical_600_unknown_rule,unknown,2,ZY04,P4,亚洲,0.0,src_914983ebc1ba,origin data/VPD-OE_Agent_20260709/VPD-OE_Agent/data/raw/ZY/2.xls,第2年广告投放(格式二),E21,21
historical_600_unknown_rule,unknown,2,ZY05,P4,亚洲,0.0,src_914983ebc1ba,origin data/VPD-OE_Agent_20260709/VPD-OE_Agent/data/raw/ZY/2.xls,第2年广告投放(格式二),F21,21
historical_600_unknown_rule,unknown,2,ZY06,P4,亚洲,0.0,src_914983ebc1ba,origin data/VPD-OE_Agent_20260709/VPD-OE_Agent/data/raw/ZY/2.xls,第2年广告投放(格式二),G21,21
historical_600_unknown_rule,unknown,2,ZY07,P4,亚洲,0.0,src_914983ebc1ba,origin data/VPD-OE_Agent_20260709/VPD-OE_Agent/data/raw/ZY/2.xls,第2年广告投放(格式二),H21,21
historical_600_unknown_rule,unknown,2,ZY08,P4,亚洲,0.0,src_914983ebc1ba,origin data/VPD-OE_Agent_20260709/VPD-OE_Agent/data/raw/ZY/2.xls,第2年广告投放(格式二),I21,21
historical_600_unknown_rule,unknown,2,ZY09,P4,亚洲,0.0,src_914983ebc1ba,origin data/VPD-OE_Agent_20260709/VPD-OE_Agent/data/raw/ZY/2.xls,第2年广告投放(格式二),J21,21
historical_600_unknown_rule,unknown,2,ZY10,P4,亚洲,0.0,src_914983ebc1ba,origin data/VPD-OE_Agent_20260709/VPD-OE_Agent/data/raw/ZY/2.xls,第2年广告投放(格式二),K21,21
historical_600_unknown_rule,unknown,2,ZY11,P4,亚洲,0.0,src_914983ebc1ba,origin data/VPD-OE_Agent_20260709/VPD-OE_Agent/data/raw/ZY/2.xls,第2年广告投放(格式二),L21,21
historical_600_unknown_rule,unknown,2,ZY12,P4,亚洲,0.0,src_914983ebc1ba,origin data/VPD-OE_Agent_20260709/VPD-OE_Agent/data/raw/ZY/2.xls,第2年广告投放(格式二),M21,21
historical_600_unknown_rule,unknown,2,ZY13,P4,亚洲,0.0,src_914983ebc1ba,origin data/VPD-OE_Agent_20260709/VPD-OE_Agent/data/raw/ZY/2.xls,第2年广告投放(格式二),N21,21
historical_600_unknown_rule,unknown,2,ZY14,P4,亚洲,0.0,src_914983ebc1ba,origin data/VPD-OE_Agent_20260709/VPD-OE_Agent/data/raw/ZY/2.xls,第2年广告投放(格式二),O21,21
historical_600_unknown_rule,unknown,2,ZY15,P4,亚洲,0.0,src_914983ebc1ba,origin data/VPD-OE_Agent_20260709/VPD-OE_Agent/data/raw/ZY/2.xls,第2年广告投放(格式二),P21,21
historical_600_unknown_rule,unknown,2,ZY16,P4,亚洲,0.0,src_914983ebc1ba,origin data/VPD-OE_Agent_20260709/VPD-OE_Agent/data/raw/ZY/2.xls,第2年广告投放(格式二),Q21,21
historical_600_unknown_rule,unknown,2,ZY17,P4,亚洲,0.0,src_914983ebc1ba,origin data/VPD-OE_Agent_20260709/VPD-OE_Agent/data/raw/ZY/2.xls,第2年广告投放(格式二),R21,21
historical_600_unknown_rule,unknown,2,ZY18,P4,亚洲,0.0,src_914983ebc1ba,origin data/VPD-OE_Agent_20260709/VPD-OE_Agent/data/raw/ZY/2.xls,第2年广告投放(格式二),S21,21
historical_600_unknown_rule,unknown,2,ZY01,P1,国际,0.0,src_914983ebc1ba,origin data/VPD-OE_Agent_20260709/VPD-OE_Agent/data/raw/ZY/2.xls,第2年广告投放(格式二),B23,23
historical_600_unknown_rule,unknown,2,ZY02,P1,国际,0.0,src_914983ebc1ba,origin data/VPD-OE_Agent_20260709/VPD-OE_Agent/data/raw/ZY/2.xls,第2年广告投放(格式二),C23,23
historical_600_unknown_rule,unknown,2,ZY03,P1,国际,0.0,src_914983ebc1ba,origin data/VPD-OE_Agent_20260709/VPD-OE_Agent/data/raw/ZY/2.xls,第2年广告投放(格式二),D23,23
historical_600_unknown_rule,unknown,2,ZY04,P1,国际,0.0,src_914983ebc1ba,origin data/VPD-OE_Agent_20260709/VPD-OE_Agent/data/raw/ZY/2.xls,第2年广告投放(格式二),E23,23
historical_600_unknown_rule,unknown,2,ZY05,P1,国际,0.0,src_914983ebc1ba,origin data/VPD-OE_Agent_20260709/VPD-OE_Agent/data/raw/ZY/2.xls,第2年广告投放(格式二),F23,23
historical_600_unknown_rule,unknown,2,ZY06,P1,国际,0.0,src_914983ebc1ba,origin data/VPD-OE_Agent_20260709/VPD-OE_Agent/data/raw/ZY/2.xls,第2年广告投放(格式二),G23,23
historical_600_unknown_rule,unknown,2,ZY07,P1,国际,0.0,src_914983ebc1ba,origin data/VPD-OE_Agent_20260709/VPD-OE_Agent/data/raw/ZY/2.xls,第2年广告投放(格式二),H23,23
historical_600_unknown_rule,unknown,2,ZY08,P1,国际,0.0,src_914983ebc1ba,origin data/VPD-OE_Agent_20260709/VPD-OE_Agent/data/raw/ZY/2.xls,第2年广告投放(格式二),I23,23
historical_600_unknown_rule,unknown,2,ZY09,P1,国际,0.0,src_914983ebc1ba,origin data/VPD-OE_Agent_20260709/VPD-OE_Agent/data/raw/ZY/2.xls,第2年广告投放(格式二),J23,23
historical_600_unknown_rule,unknown,2,ZY10,P1,国际,0.0,src_914983ebc1ba,origin data/VPD-OE_Agent_20260709/VPD-OE_Agent/data/raw/ZY/2.xls,第2年广告投放(格式二),K23,23
historical_600_unknown_rule,unknown,2,ZY11,P1,国际,0.0,src_914983ebc1ba,origin data/VPD-OE_Agent_20260709/VPD-OE_Agent/data/raw/ZY/2.xls,第2年广告投放(格式二),L23,23
historical_600_unknown_rule,unknown,2,ZY12,P1,国际,0.0,src_914983ebc1ba,origin data/VPD-OE_Agent_20260709/VPD-OE_Agent/data/raw/ZY/2.xls,第2年广告投放(格式二),M23,23
historical_600_unknown_rule,unknown,2,ZY13,P1,国际,0.0,src_914983ebc1ba,origin data/VPD-OE_Agent_20260709/VPD-OE_Agent/data/raw/ZY/2.xls,第2年广告投放(格式二),N23,23
historical_600_unknown_rule,unknown,2,ZY14,P1,国际,0.0,src_914983ebc1ba,origin data/VPD-OE_Agent_20260709/VPD-OE_Agent/data/raw/ZY/2.xls,第2年广告投放(格式二),O23,23
historical_600_unknown_rule,unknown,2,ZY15,P1,国际,0.0,src_914983ebc1ba,origin data/VPD-OE_Agent_20260709/VPD-OE_Agent/data/raw/ZY/2.xls,第2年广告投放(格式二),P23,23
historical_600_unknown_rule,unknown,2,ZY16,P1,国际,0.0,src_914983ebc1ba,origin data/VPD-OE_Agent_20260709/VPD-OE_Agent/data/raw/ZY/2.xls,第2年广告投放(格式二),Q23,23
historical_600_unknown_rule,unknown,2,ZY17,P1,国际,0.0,src_914983ebc1ba,origin data/VPD-OE_Agent_20260709/VPD-OE_Agent/data/raw/ZY/2.xls,第2年广告投放(格式二),R23,23
historical_600_unknown_rule,unknown,2,ZY18,P1,国际,0.0,src_914983ebc1ba,origin data/VPD-OE_Agent_20260709/VPD-OE_Agent/data/raw/ZY/2.xls,第2年广告投放(格式二),S23,23
historical_600_unknown_rule,unknown,2,ZY01,P2,国际,0.0,src_914983ebc1ba,origin data/VPD-OE_Agent_20260709/VPD-OE_Agent/data/raw/ZY/2.xls,第2年广告投放(格式二),B24,24
historical_600_unknown_rule,unknown,2,ZY02,P2,国际,0.0,src_914983ebc1ba,origin data/VPD-OE_Agent_20260709/VPD-OE_Agent/data/raw/ZY/2.xls,第2年广告投放(格式二),C24,24
historical_600_unknown_rule,unknown,2,ZY03,P2,国际,0.0,src_914983ebc1ba,origin data/VPD-OE_Agent_20260709/VPD-OE_Agent/data/raw/ZY/2.xls,第2年广告投放(格式二),D24,24
historical_600_unknown_rule,unknown,2,ZY04,P2,国际,0.0,src_914983ebc1ba,origin data/VPD-OE_Agent_20260709/VPD-OE_Agent/data/raw/ZY/2.xls,第2年广告投放(格式二),E24,24
historical_600_unknown_rule,unknown,2,ZY05,P2,国际,0.0,src_914983ebc1ba,origin data/VPD-OE_Agent_20260709/VPD-OE_Agent/data/raw/ZY/2.xls,第2年广告投放(格式二),F24,24
historical_600_unknown_rule,unknown,2,ZY06,P2,国际,0.0,src_914983ebc1ba,origin data/VPD-OE_Agent_20260709/VPD-OE_Agent/data/raw/ZY/2.xls,第2年广告投放(格式二),G24,24
historical_600_unknown_rule,unknown,2,ZY07,P2,国际,0.0,src_914983ebc1ba,origin data/VPD-OE_Agent_20260709/VPD-OE_Agent/data/raw/ZY/2.xls,第2年广告投放(格式二),H24,24
historical_600_unknown_rule,unknown,2,ZY08,P2,国际,0.0,src_914983ebc1ba,origin data/VPD-OE_Agent_20260709/VPD-OE_Agent/data/raw/ZY/2.xls,第2年广告投放(格式二),I24,24
historical_600_unknown_rule,unknown,2,ZY09,P2,国际,0.0,src_914983ebc1ba,origin data/VPD-OE_Agent_20260709/VPD-OE_Agent/data/raw/ZY/2.xls,第2年广告投放(格式二),J24,24
historical_600_unknown_rule,unknown,2,ZY10,P2,国际,0.0,src_914983ebc1ba,origin data/VPD-OE_Agent_20260709/VPD-OE_Agent/data/raw/ZY/2.xls,第2年广告投放(格式二),K24,24
historical_600_unknown_rule,unknown,2,ZY11,P2,国际,0.0,src_914983ebc1ba,origin data/VPD-OE_Agent_20260709/VPD-OE_Agent/data/raw/ZY/2.xls,第2年广告投放(格式二),L24,24
historical_600_unknown_rule,unknown,2,ZY12,P2,国际,0.0,src_914983ebc1ba,origin data/VPD-OE_Agent_20260709/VPD-OE_Agent/data/raw/ZY/2.xls,第2年广告投放(格式二),M24,24
historical_600_unknown_rule,unknown,2,ZY13,P2,国际,0.0,src_914983ebc1ba,origin data/VPD-OE_Agent_20260709/VPD-OE_Agent/data/raw/ZY/2.xls,第2年广告投放(格式二),N24,24
historical_600_unknown_rule,unknown,2,ZY14,P2,国际,0.0,src_914983ebc1ba,origin data/VPD-OE_Agent_20260709/VPD-OE_Agent/data/raw/ZY/2.xls,第2年广告投放(格式二),O24,24
historical_600_unknown_rule,unknown,2,ZY15,P2,国际,0.0,src_914983ebc1ba,origin data/VPD-OE_Agent_20260709/VPD-OE_Agent/data/raw/ZY/2.xls,第2年广告投放(格式二),P24,24
historical_600_unknown_rule,unknown,2,ZY16,P2,国际,0.0,src_914983ebc1ba,origin data/VPD-OE_Agent_20260709/VPD-OE_Agent/data/raw/ZY/2.xls,第2年广告投放(格式二),Q24,24
historical_600_unknown_rule,unknown,2,ZY17,P2,国际,0.0,src_914983ebc1ba,origin data/VPD-OE_Agent_20260709/VPD-OE_Agent/data/raw/ZY/2.xls,第2年广告投放(格式二),R24,24
historical_600_unknown_rule,unknown,2,ZY18,P2,国际,0.0,src_914983ebc1ba,origin data/VPD-OE_Agent_20260709/VPD-OE_Agent/data/raw/ZY/2.xls,第2年广告投放(格式二),S24,24
historical_600_unknown_rule,unknown,2,ZY01,P3,国际,0.0,src_914983ebc1ba,origin data/VPD-OE_Agent_20260709/VPD-OE_Agent/data/raw/ZY/2.xls,第2年广告投放(格式二),B25,25
historical_600_unknown_rule,unknown,2,ZY02,P3,国际,0.0,src_914983ebc1ba,origin data/VPD-OE_Agent_20260709/VPD-OE_Agent/data/raw/ZY/2.xls,第2年广告投放(格式二),C25,25
historical_600_unknown_rule,unknown,2,ZY03,P3,国际,0.0,src_914983ebc1ba,origin data/VPD-OE_Agent_20260709/VPD-OE_Agent/data/raw/ZY/2.xls,第2年广告投放(格式二),D25,25
historical_600_unknown_rule,unknown,2,ZY04,P3,国际,0.0,src_914983ebc1ba,origin data/VPD-OE_Agent_20260709/VPD-OE_Agent/data/raw/ZY/2.xls,第2年广告投放(格式二),E25,25
historical_600_unknown_rule,unknown,2,ZY05,P3,国际,0.0,src_914983ebc1ba,origin data/VPD-OE_Agent_20260709/VPD-OE_Agent/data/raw/ZY/2.xls,第2年广告投放(格式二),F25,25
historical_600_unknown_rule,unknown,2,ZY06,P3,国际,0.0,src_914983ebc1ba,origin data/VPD-OE_Agent_20260709/VPD-OE_Agent/data/raw/ZY/2.xls,第2年广告投放(格式二),G25,25
historical_600_unknown_rule,unknown,2,ZY07,P3,国际,0.0,src_914983ebc1ba,origin data/VPD-OE_Agent_20260709/VPD-OE_Agent/data/raw/ZY/2.xls,第2年广告投放(格式二),H25,25
historical_600_unknown_rule,unknown,2,ZY08,P3,国际,0.0,src_914983ebc1ba,origin data/VPD-OE_Agent_20260709/VPD-OE_Agent/data/raw/ZY/2.xls,第2年广告投放(格式二),I25,25
historical_600_unknown_rule,unknown,2,ZY09,P3,国际,0.0,src_914983ebc1ba,origin data/VPD-OE_Agent_20260709/VPD-OE_Agent/data/raw/ZY/2.xls,第2年广告投放(格式二),J25,25
historical_600_unknown_rule,unknown,2,ZY10,P3,国际,0.0,src_914983ebc1ba,origin data/VPD-OE_Agent_20260709/VPD-OE_Agent/data/raw/ZY/2.xls,第2年广告投放(格式二),K25,25
historical_600_unknown_rule,unknown,2,ZY11,P3,国际,0.0,src_914983ebc1ba,origin data/VPD-OE_Agent_20260709/VPD-OE_Agent/data/raw/ZY/2.xls,第2年广告投放(格式二),L25,25
historical_600_unknown_rule,unknown,2,ZY12,P3,国际,0.0,src_914983ebc1ba,origin data/VPD-OE_Agent_20260709/VPD-OE_Agent/data/raw/ZY/2.xls,第2年广告投放(格式二),M25,25
historical_600_unknown_rule,unknown,2,ZY13,P3,国际,0.0,src_914983ebc1ba,origin data/VPD-OE_Agent_20260709/VPD-OE_Agent/data/raw/ZY/2.xls,第2年广告投放(格式二),N25,25
historical_600_unknown_rule,unknown,2,ZY14,P3,国际,0.0,src_914983ebc1ba,origin data/VPD-OE_Agent_20260709/VPD-OE_Agent/data/raw/ZY/2.xls,第2年广告投放(格式二),O25,25
historical_600_unknown_rule,unknown,2,ZY15,P3,国际,0.0,src_914983ebc1ba,origin data/VPD-OE_Agent_20260709/VPD-OE_Agent/data/raw/ZY/2.xls,第2年广告投放(格式二),P25,25
historical_600_unknown_rule,unknown,2,ZY16,P3,国际,0.0,src_914983ebc1ba,origin data/VPD-OE_Agent_20260709/VPD-OE_Agent/data/raw/ZY/2.xls,第2年广告投放(格式二),Q25,25
historical_600_unknown_rule,unknown,2,ZY17,P3,国际,0.0,src_914983ebc1ba,origin data/VPD-OE_Agent_20260709/VPD-OE_Agent/data/raw/ZY/2.xls,第2年广告投放(格式二),R25,25
historical_600_unknown_rule,unknown,2,ZY18,P3,国际,0.0,src_914983ebc1ba,origin data/VPD-OE_Agent_20260709/VPD-OE_Agent/data/raw/ZY/2.xls,第2年广告投放(格式二),S25,25
historical_600_unknown_rule,unknown,2,ZY01,P4,国际,0.0,src_914983ebc1ba,origin data/VPD-OE_Agent_20260709/VPD-OE_Agent/data/raw/ZY/2.xls,第2年广告投放(格式二),B26,26
historical_600_unknown_rule,unknown,2,ZY02,P4,国际,0.0,src_914983ebc1ba,origin data/VPD-OE_Agent_20260709/VPD-OE_Agent/data/raw/ZY/2.xls,第2年广告投放(格式二),C26,26
historical_600_unknown_rule,unknown,2,ZY03,P4,国际,0.0,src_914983ebc1ba,origin data/VPD-OE_Agent_20260709/VPD-OE_Agent/data/raw/ZY/2.xls,第2年广告投放(格式二),D26,26
historical_600_unknown_rule,unknown,2,ZY04,P4,国际,0.0,src_914983ebc1ba,origin data/VPD-OE_Agent_20260709/VPD-OE_Agent/data/raw/ZY/2.xls,第2年广告投放(格式二),E26,26
historical_600_unknown_rule,unknown,2,ZY05,P4,国际,0.0,src_914983ebc1ba,origin data/VPD-OE_Agent_20260709/VPD-OE_Agent/data/raw/ZY/2.xls,第2年广告投放(格式二),F26,26
historical_600_unknown_rule,unknown,2,ZY06,P4,国际,0.0,src_914983ebc1ba,origin data/VPD-OE_Agent_20260709/VPD-OE_Agent/data/raw/ZY/2.xls,第2年广告投放(格式二),G26,26
historical_600_unknown_rule,unknown,2,ZY07,P4,国际,0.0,src_914983ebc1ba,origin data/VPD-OE_Agent_20260709/VPD-OE_Agent/data/raw/ZY/2.xls,第2年广告投放(格式二),H26,26
historical_600_unknown_rule,unknown,2,ZY08,P4,国际,0.0,src_914983ebc1ba,origin data/VPD-OE_Agent_20260709/VPD-OE_Agent/data/raw/ZY/2.xls,第2年广告投放(格式二),I26,26
historical_600_unknown_rule,unknown,2,ZY09,P4,国际,0.0,src_914983ebc1ba,origin data/VPD-OE_Agent_20260709/VPD-OE_Agent/data/raw/ZY/2.xls,第2年广告投放(格式二),J26,26
historical_600_unknown_rule,unknown,2,ZY10,P4,国际,0.0,src_914983ebc1ba,origin data/VPD-OE_Agent_20260709/VPD-OE_Agent/data/raw/ZY/2.xls,第2年广告投放(格式二),K26,26
historical_600_unknown_rule,unknown,2,ZY11,P4,国际,0.0,src_914983ebc1ba,origin data/VPD-OE_Agent_20260709/VPD-OE_Agent/data/raw/ZY/2.xls,第2年广告投放(格式二),L26,26
historical_600_unknown_rule,unknown,2,ZY12,P4,国际,0.0,src_914983ebc1ba,origin data/VPD-OE_Agent_20260709/VPD-OE_Agent/data/raw/ZY/2.xls,第2年广告投放(格式二),M26,26
historical_600_unknown_rule,unknown,2,ZY13,P4,国际,0.0,src_914983ebc1ba,origin data/VPD-OE_Agent_20260709/VPD-OE_Agent/data/raw/ZY/2.xls,第2年广告投放(格式二),N26,26
historical_600_unknown_rule,unknown,2,ZY14,P4,国际,0.0,src_914983ebc1ba,origin data/VPD-OE_Agent_20260709/VPD-OE_Agent/data/raw/ZY/2.xls,第2年广告投放(格式二),O26,26
historical_600_unknown_rule,unknown,2,ZY15,P4,国际,0.0,src_914983ebc1ba,origin data/VPD-OE_Agent_20260709/VPD-OE_Agent/data/raw/ZY/2.xls,第2年广告投放(格式二),P26,26
historical_600_unknown_rule,unknown,2,ZY16,P4,国际,0.0,src_914983ebc1ba,origin data/VPD-OE_Agent_20260709/VPD-OE_Agent/data/raw/ZY/2.xls,第2年广告投放(格式二),Q26,26
historical_600_unknown_rule,unknown,2,ZY17,P4,国际,0.0,src_914983ebc1ba,origin data/VPD-OE_Agent_20260709/VPD-OE_Agent/data/raw/ZY/2.xls,第2年广告投放(格式二),R26,26
historical_600_unknown_rule,unknown,2,ZY18,P4,国际,0.0,src_914983ebc1ba,origin data/VPD-OE_Agent_20260709/VPD-OE_Agent/data/raw/ZY/2.xls,第2年广告投放(格式二),S26,26
historical_600_unknown_rule,unknown,3,ZY01,P1,本地,0.0,src_cc9db7bea8ff,origin data/VPD-OE_Agent_20260709/VPD-OE_Agent/data/raw/ZY/3.xls,第3年广告投放(格式二),B3,3
historical_600_unknown_rule,unknown,3,ZY02,P1,本地,0.0,src_cc9db7bea8ff,origin data/VPD-OE_Agent_20260709/VPD-OE_Agent/data/raw/ZY/3.xls,第3年广告投放(格式二),C3,3
historical_600_unknown_rule,unknown,3,ZY03,P1,本地,0.0,src_cc9db7bea8ff,origin data/VPD-OE_Agent_20260709/VPD-OE_Agent/data/raw/ZY/3.xls,第3年广告投放(格式二),D3,3
historical_600_unknown_rule,unknown,3,ZY04,P1,本地,0.0,src_cc9db7bea8ff,origin data/VPD-OE_Agent_20260709/VPD-OE_Agent/data/raw/ZY/3.xls,第3年广告投放(格式二),E3,3
historical_600_unknown_rule,unknown,3,ZY05,P1,本地,0.0,src_cc9db7bea8ff,origin data/VPD-OE_Agent_20260709/VPD-OE_Agent/data/raw/ZY/3.xls,第3年广告投放(格式二),F3,3
historical_600_unknown_rule,unknown,3,ZY06,P1,本地,0.0,src_cc9db7bea8ff,origin data/VPD-OE_Agent_20260709/VPD-OE_Agent/data/raw/ZY/3.xls,第3年广告投放(格式二),G3,3
historical_600_unknown_rule,unknown,3,ZY07,P1,本地,0.0,src_cc9db7bea8ff,origin data/VPD-OE_Agent_20260709/VPD-OE_Agent/data/raw/ZY/3.xls,第3年广告投放(格式二),H3,3
historical_600_unknown_rule,unknown,3,ZY08,P1,本地,10.0,src_cc9db7bea8ff,origin data/VPD-OE_Agent_20260709/VPD-OE_Agent/data/raw/ZY/3.xls,第3年广告投放(格式二),I3,3
historical_600_unknown_rule,unknown,3,ZY09,P1,本地,0.0,src_cc9db7bea8ff,origin data/VPD-OE_Agent_20260709/VPD-OE_Agent/data/raw/ZY/3.xls,第3年广告投放(格式二),J3,3
historical_600_unknown_rule,unknown,3,ZY10,P1,本地,0.0,src_cc9db7bea8ff,origin data/VPD-OE_Agent_20260709/VPD-OE_Agent/data/raw/ZY/3.xls,第3年广告投放(格式二),K3,3
historical_600_unknown_rule,unknown,3,ZY11,P1,本地,0.0,src_cc9db7bea8ff,origin data/VPD-OE_Agent_20260709/VPD-OE_Agent/data/raw/ZY/3.xls,第3年广告投放(格式二),L3,3
historical_600_unknown_rule,unknown,3,ZY12,P1,本地,0.0,src_cc9db7bea8ff,origin data/VPD-OE_Agent_20260709/VPD-OE_Agent/data/raw/ZY/3.xls,第3年广告投放(格式二),M3,3
historical_600_unknown_rule,unknown,3,ZY13,P1,本地,0.0,src_cc9db7bea8ff,origin data/VPD-OE_Agent_20260709/VPD-OE_Agent/data/raw/ZY/3.xls,第3年广告投放(格式二),N3,3
historical_600_unknown_rule,unknown,3,ZY14,P1,本地,0.0,src_cc9db7bea8ff,origin data/VPD-OE_Agent_20260709/VPD-OE_Agent/data/raw/ZY/3.xls,第3年广告投放(格式二),O3,3
historical_600_unknown_rule,unknown,3,ZY15,P1,本地,0.0,src_cc9db7bea8ff,origin data/VPD-OE_Agent_20260709/VPD-OE_Agent/data/raw/ZY/3.xls,第3年广告投放(格式二),P3,3
historical_600_unknown_rule,unknown,3,ZY16,P1,本地,0.0,src_cc9db7bea8ff,origin data/VPD-OE_Agent_20260709/VPD-OE_Agent/data/raw/ZY/3.xls,第3年广告投放(格式二),Q3,3
historical_600_unknown_rule,unknown,3,ZY17,P1,本地,0.0,src_cc9db7bea8ff,origin data/VPD-OE_Agent_20260709/VPD-OE_Agent/data/raw/ZY/3.xls,第3年广告投放(格式二),R3,3
historical_600_unknown_rule,unknown,3,ZY18,P1,本地,0.0,src_cc9db7bea8ff,origin data/VPD-OE_Agent_20260709/VPD-OE_Agent/data/raw/ZY/3.xls,第3年广告投放(格式二),S3,3
historical_600_unknown_rule,unknown,3,ZY01,P2,本地,0.0,src_cc9db7bea8ff,origin data/VPD-OE_Agent_20260709/VPD-OE_Agent/data/raw/ZY/3.xls,第3年广告投放(格式二),B4,4
historical_600_unknown_rule,unknown,3,ZY02,P2,本地,16.0,src_cc9db7bea8ff,origin data/VPD-OE_Agent_20260709/VPD-OE_Agent/data/raw/ZY/3.xls,第3年广告投放(格式二),C4,4
historical_600_unknown_rule,unknown,3,ZY03,P2,本地,10.0,src_cc9db7bea8ff,origin data/VPD-OE_Agent_20260709/VPD-OE_Agent/data/raw/ZY/3.xls,第3年广告投放(格式二),D4,4
historical_600_unknown_rule,unknown,3,ZY04,P2,本地,0.0,src_cc9db7bea8ff,origin data/VPD-OE_Agent_20260709/VPD-OE_Agent/data/raw/ZY/3.xls,第3年广告投放(格式二),E4,4
historical_600_unknown_rule,unknown,3,ZY05,P2,本地,0.0,src_cc9db7bea8ff,origin data/VPD-OE_Agent_20260709/VPD-OE_Agent/data/raw/ZY/3.xls,第3年广告投放(格式二),F4,4
historical_600_unknown_rule,unknown,3,ZY06,P2,本地,0.0,src_cc9db7bea8ff,origin data/VPD-OE_Agent_20260709/VPD-OE_Agent/data/raw/ZY/3.xls,第3年广告投放(格式二),G4,4
historical_600_unknown_rule,unknown,3,ZY07,P2,本地,0.0,src_cc9db7bea8ff,origin data/VPD-OE_Agent_20260709/VPD-OE_Agent/data/raw/ZY/3.xls,第3年广告投放(格式二),H4,4
historical_600_unknown_rule,unknown,3,ZY08,P2,本地,0.0,src_cc9db7bea8ff,origin data/VPD-OE_Agent_20260709/VPD-OE_Agent/data/raw/ZY/3.xls,第3年广告投放(格式二),I4,4
historical_600_unknown_rule,unknown,3,ZY09,P2,本地,0.0,src_cc9db7bea8ff,origin data/VPD-OE_Agent_20260709/VPD-OE_Agent/data/raw/ZY/3.xls,第3年广告投放(格式二),J4,4
historical_600_unknown_rule,unknown,3,ZY10,P2,本地,0.0,src_cc9db7bea8ff,origin data/VPD-OE_Agent_20260709/VPD-OE_Agent/data/raw/ZY/3.xls,第3年广告投放(格式二),K4,4
historical_600_unknown_rule,unknown,3,ZY11,P2,本地,30.0,src_cc9db7bea8ff,origin data/VPD-OE_Agent_20260709/VPD-OE_Agent/data/raw/ZY/3.xls,第3年广告投放(格式二),L4,4
historical_600_unknown_rule,unknown,3,ZY12,P2,本地,0.0,src_cc9db7bea8ff,origin data/VPD-OE_Agent_20260709/VPD-OE_Agent/data/raw/ZY/3.xls,第3年广告投放(格式二),M4,4
historical_600_unknown_rule,unknown,3,ZY13,P2,本地,0.0,src_cc9db7bea8ff,origin data/VPD-OE_Agent_20260709/VPD-OE_Agent/data/raw/ZY/3.xls,第3年广告投放(格式二),N4,4
historical_600_unknown_rule,unknown,3,ZY14,P2,本地,30.0,src_cc9db7bea8ff,origin data/VPD-OE_Agent_20260709/VPD-OE_Agent/data/raw/ZY/3.xls,第3年广告投放(格式二),O4,4
historical_600_unknown_rule,unknown,3,ZY15,P2,本地,0.0,src_cc9db7bea8ff,origin data/VPD-OE_Agent_20260709/VPD-OE_Agent/data/raw/ZY/3.xls,第3年广告投放(格式二),P4,4
historical_600_unknown_rule,unknown,3,ZY16,P2,本地,18.0,src_cc9db7bea8ff,origin data/VPD-OE_Agent_20260709/VPD-OE_Agent/data/raw/ZY/3.xls,第3年广告投放(格式二),Q4,4
historical_600_unknown_rule,unknown,3,ZY17,P2,本地,0.0,src_cc9db7bea8ff,origin data/VPD-OE_Agent_20260709/VPD-OE_Agent/data/raw/ZY/3.xls,第3年广告投放(格式二),R4,4
historical_600_unknown_rule,unknown,3,ZY18,P2,本地,0.0,src_cc9db7bea8ff,origin data/VPD-OE_Agent_20260709/VPD-OE_Agent/data/raw/ZY/3.xls,第3年广告投放(格式二),S4,4
historical_600_unknown_rule,unknown,3,ZY01,P3,本地,0.0,src_cc9db7bea8ff,origin data/VPD-OE_Agent_20260709/VPD-OE_Agent/data/raw/ZY/3.xls,第3年广告投放(格式二),B5,5
historical_600_unknown_rule,unknown,3,ZY02,P3,本地,30.0,src_cc9db7bea8ff,origin data/VPD-OE_Agent_20260709/VPD-OE_Agent/data/raw/ZY/3.xls,第3年广告投放(格式二),C5,5
historical_600_unknown_rule,unknown,3,ZY03,P3,本地,11.0,src_cc9db7bea8ff,origin data/VPD-OE_Agent_20260709/VPD-OE_Agent/data/raw/ZY/3.xls,第3年广告投放(格式二),D5,5
historical_600_unknown_rule,unknown,3,ZY04,P3,本地,43.0,src_cc9db7bea8ff,origin data/VPD-OE_Agent_20260709/VPD-OE_Agent/data/raw/ZY/3.xls,第3年广告投放(格式二),E5,5
historical_600_unknown_rule,unknown,3,ZY05,P3,本地,0.0,src_cc9db7bea8ff,origin data/VPD-OE_Agent_20260709/VPD-OE_Agent/data/raw/ZY/3.xls,第3年广告投放(格式二),F5,5
historical_600_unknown_rule,unknown,3,ZY06,P3,本地,0.0,src_cc9db7bea8ff,origin data/VPD-OE_Agent_20260709/VPD-OE_Agent/data/raw/ZY/3.xls,第3年广告投放(格式二),G5,5
historical_600_unknown_rule,unknown,3,ZY07,P3,本地,16.0,src_cc9db7bea8ff,origin data/VPD-OE_Agent_20260709/VPD-OE_Agent/data/raw/ZY/3.xls,第3年广告投放(格式二),H5,5
historical_600_unknown_rule,unknown,3,ZY08,P3,本地,0.0,src_cc9db7bea8ff,origin data/VPD-OE_Agent_20260709/VPD-OE_Agent/data/raw/ZY/3.xls,第3年广告投放(格式二),I5,5
historical_600_unknown_rule,unknown,3,ZY09,P3,本地,33.0,src_cc9db7bea8ff,origin data/VPD-OE_Agent_20260709/VPD-OE_Agent/data/raw/ZY/3.xls,第3年广告投放(格式二),J5,5
historical_600_unknown_rule,unknown,3,ZY10,P3,本地,0.0,src_cc9db7bea8ff,origin data/VPD-OE_Agent_20260709/VPD-OE_Agent/data/raw/ZY/3.xls,第3年广告投放(格式二),K5,5
historical_600_unknown_rule,unknown,3,ZY11,P3,本地,0.0,src_cc9db7bea8ff,origin data/VPD-OE_Agent_20260709/VPD-OE_Agent/data/raw/ZY/3.xls,第3年广告投放(格式二),L5,5
historical_600_unknown_rule,unknown,3,ZY12,P3,本地,0.0,src_cc9db7bea8ff,origin data/VPD-OE_Agent_20260709/VPD-OE_Agent/data/raw/ZY/3.xls,第3年广告投放(格式二),M5,5
historical_600_unknown_rule,unknown,3,ZY13,P3,本地,0.0,src_cc9db7bea8ff,origin data/VPD-OE_Agent_20260709/VPD-OE_Agent/data/raw/ZY/3.xls,第3年广告投放(格式二),N5,5
historical_600_unknown_rule,unknown,3,ZY14,P3,本地,40.0,src_cc9db7bea8ff,origin data/VPD-OE_Agent_20260709/VPD-OE_Agent/data/raw/ZY/3.xls,第3年广告投放(格式二),O5,5
historical_600_unknown_rule,unknown,3,ZY15,P3,本地,0.0,src_cc9db7bea8ff,origin data/VPD-OE_Agent_20260709/VPD-OE_Agent/data/raw/ZY/3.xls,第3年广告投放(格式二),P5,5
historical_600_unknown_rule,unknown,3,ZY16,P3,本地,0.0,src_cc9db7bea8ff,origin data/VPD-OE_Agent_20260709/VPD-OE_Agent/data/raw/ZY/3.xls,第3年广告投放(格式二),Q5,5
historical_600_unknown_rule,unknown,3,ZY17,P3,本地,0.0,src_cc9db7bea8ff,origin data/VPD-OE_Agent_20260709/VPD-OE_Agent/data/raw/ZY/3.xls,第3年广告投放(格式二),R5,5
historical_600_unknown_rule,unknown,3,ZY18,P3,本地,0.0,src_cc9db7bea8ff,origin data/VPD-OE_Agent_20260709/VPD-OE_Agent/data/raw/ZY/3.xls,第3年广告投放(格式二),S5,5
historical_600_unknown_rule,unknown,3,ZY01,P4,本地,0.0,src_cc9db7bea8ff,origin data/VPD-OE_Agent_20260709/VPD-OE_Agent/data/raw/ZY/3.xls,第3年广告投放(格式二),B6,6
historical_600_unknown_rule,unknown,3,ZY02,P4,本地,0.0,src_cc9db7bea8ff,origin data/VPD-OE_Agent_20260709/VPD-OE_Agent/data/raw/ZY/3.xls,第3年广告投放(格式二),C6,6
historical_600_unknown_rule,unknown,3,ZY03,P4,本地,0.0,src_cc9db7bea8ff,origin data/VPD-OE_Agent_20260709/VPD-OE_Agent/data/raw/ZY/3.xls,第3年广告投放(格式二),D6,6
historical_600_unknown_rule,unknown,3,ZY04,P4,本地,0.0,src_cc9db7bea8ff,origin data/VPD-OE_Agent_20260709/VPD-OE_Agent/data/raw/ZY/3.xls,第3年广告投放(格式二),E6,6
historical_600_unknown_rule,unknown,3,ZY05,P4,本地,0.0,src_cc9db7bea8ff,origin data/VPD-OE_Agent_20260709/VPD-OE_Agent/data/raw/ZY/3.xls,第3年广告投放(格式二),F6,6
historical_600_unknown_rule,unknown,3,ZY06,P4,本地,10.0,src_cc9db7bea8ff,origin data/VPD-OE_Agent_20260709/VPD-OE_Agent/data/raw/ZY/3.xls,第3年广告投放(格式二),G6,6
historical_600_unknown_rule,unknown,3,ZY07,P4,本地,0.0,src_cc9db7bea8ff,origin data/VPD-OE_Agent_20260709/VPD-OE_Agent/data/raw/ZY/3.xls,第3年广告投放(格式二),H6,6
historical_600_unknown_rule,unknown,3,ZY08,P4,本地,10.0,src_cc9db7bea8ff,origin data/VPD-OE_Agent_20260709/VPD-OE_Agent/data/raw/ZY/3.xls,第3年广告投放(格式二),I6,6
historical_600_unknown_rule,unknown,3,ZY09,P4,本地,0.0,src_cc9db7bea8ff,origin data/VPD-OE_Agent_20260709/VPD-OE_Agent/data/raw/ZY/3.xls,第3年广告投放(格式二),J6,6
historical_600_unknown_rule,unknown,3,ZY10,P4,本地,15.0,src_cc9db7bea8ff,origin data/VPD-OE_Agent_20260709/VPD-OE_Agent/data/raw/ZY/3.xls,第3年广告投放(格式二),K6,6
historical_600_unknown_rule,unknown,3,ZY11,P4,本地,0.0,src_cc9db7bea8ff,origin data/VPD-OE_Agent_20260709/VPD-OE_Agent/data/raw/ZY/3.xls,第3年广告投放(格式二),L6,6
historical_600_unknown_rule,unknown,3,ZY12,P4,本地,0.0,src_cc9db7bea8ff,origin data/VPD-OE_Agent_20260709/VPD-OE_Agent/data/raw/ZY/3.xls,第3年广告投放(格式二),M6,6
historical_600_unknown_rule,unknown,3,ZY13,P4,本地,34.0,src_cc9db7bea8ff,origin data/VPD-OE_Agent_20260709/VPD-OE_Agent/data/raw/ZY/3.xls,第3年广告投放(格式二),N6,6
historical_600_unknown_rule,unknown,3,ZY14,P4,本地,0.0,src_cc9db7bea8ff,origin data/VPD-OE_Agent_20260709/VPD-OE_Agent/data/raw/ZY/3.xls,第3年广告投放(格式二),O6,6
historical_600_unknown_rule,unknown,3,ZY15,P4,本地,0.0,src_cc9db7bea8ff,origin data/VPD-OE_Agent_20260709/VPD-OE_Agent/data/raw/ZY/3.xls,第3年广告投放(格式二),P6,6
historical_600_unknown_rule,unknown,3,ZY16,P4,本地,0.0,src_cc9db7bea8ff,origin data/VPD-OE_Agent_20260709/VPD-OE_Agent/data/raw/ZY/3.xls,第3年广告投放(格式二),Q6,6
historical_600_unknown_rule,unknown,3,ZY17,P4,本地,17.0,src_cc9db7bea8ff,origin data/VPD-OE_Agent_20260709/VPD-OE_Agent/data/raw/ZY/3.xls,第3年广告投放(格式二),R6,6
historical_600_unknown_rule,unknown,3,ZY18,P4,本地,0.0,src_cc9db7bea8ff,origin data/VPD-OE_Agent_20260709/VPD-OE_Agent/data/raw/ZY/3.xls,第3年广告投放(格式二),S6,6
historical_600_unknown_rule,unknown,3,ZY01,P1,区域,0.0,src_cc9db7bea8ff,origin data/VPD-OE_Agent_20260709/VPD-OE_Agent/data/raw/ZY/3.xls,第3年广告投放(格式二),B8,8
historical_600_unknown_rule,unknown,3,ZY02,P1,区域,0.0,src_cc9db7bea8ff,origin data/VPD-OE_Agent_20260709/VPD-OE_Agent/data/raw/ZY/3.xls,第3年广告投放(格式二),C8,8
historical_600_unknown_rule,unknown,3,ZY03,P1,区域,0.0,src_cc9db7bea8ff,origin data/VPD-OE_Agent_20260709/VPD-OE_Agent/data/raw/ZY/3.xls,第3年广告投放(格式二),D8,8
historical_600_unknown_rule,unknown,3,ZY04,P1,区域,0.0,src_cc9db7bea8ff,origin data/VPD-OE_Agent_20260709/VPD-OE_Agent/data/raw/ZY/3.xls,第3年广告投放(格式二),E8,8
historical_600_unknown_rule,unknown,3,ZY05,P1,区域,0.0,src_cc9db7bea8ff,origin data/VPD-OE_Agent_20260709/VPD-OE_Agent/data/raw/ZY/3.xls,第3年广告投放(格式二),F8,8
historical_600_unknown_rule,unknown,3,ZY06,P1,区域,0.0,src_cc9db7bea8ff,origin data/VPD-OE_Agent_20260709/VPD-OE_Agent/data/raw/ZY/3.xls,第3年广告投放(格式二),G8,8
historical_600_unknown_rule,unknown,3,ZY07,P1,区域,0.0,src_cc9db7bea8ff,origin data/VPD-OE_Agent_20260709/VPD-OE_Agent/data/raw/ZY/3.xls,第3年广告投放(格式二),H8,8
historical_600_unknown_rule,unknown,3,ZY08,P1,区域,0.0,src_cc9db7bea8ff,origin data/VPD-OE_Agent_20260709/VPD-OE_Agent/data/raw/ZY/3.xls,第3年广告投放(格式二),I8,8
historical_600_unknown_rule,unknown,3,ZY09,P1,区域,0.0,src_cc9db7bea8ff,origin data/VPD-OE_Agent_20260709/VPD-OE_Agent/data/raw/ZY/3.xls,第3年广告投放(格式二),J8,8
historical_600_unknown_rule,unknown,3,ZY10,P1,区域,0.0,src_cc9db7bea8ff,origin data/VPD-OE_Agent_20260709/VPD-OE_Agent/data/raw/ZY/3.xls,第3年广告投放(格式二),K8,8
historical_600_unknown_rule,unknown,3,ZY11,P1,区域,0.0,src_cc9db7bea8ff,origin data/VPD-OE_Agent_20260709/VPD-OE_Agent/data/raw/ZY/3.xls,第3年广告投放(格式二),L8,8
historical_600_unknown_rule,unknown,3,ZY12,P1,区域,0.0,src_cc9db7bea8ff,origin data/VPD-OE_Agent_20260709/VPD-OE_Agent/data/raw/ZY/3.xls,第3年广告投放(格式二),M8,8
historical_600_unknown_rule,unknown,3,ZY13,P1,区域,0.0,src_cc9db7bea8ff,origin data/VPD-OE_Agent_20260709/VPD-OE_Agent/data/raw/ZY/3.xls,第3年广告投放(格式二),N8,8
historical_600_unknown_rule,unknown,3,ZY14,P1,区域,0.0,src_cc9db7bea8ff,origin data/VPD-OE_Agent_20260709/VPD-OE_Agent/data/raw/ZY/3.xls,第3年广告投放(格式二),O8,8
historical_600_unknown_rule,unknown,3,ZY15,P1,区域,0.0,src_cc9db7bea8ff,origin data/VPD-OE_Agent_20260709/VPD-OE_Agent/data/raw/ZY/3.xls,第3年广告投放(格式二),P8,8
historical_600_unknown_rule,unknown,3,ZY16,P1,区域,0.0,src_cc9db7bea8ff,origin data/VPD-OE_Agent_20260709/VPD-OE_Agent/data/raw/ZY/3.xls,第3年广告投放(格式二),Q8,8
historical_600_unknown_rule,unknown,3,ZY17,P1,区域,0.0,src_cc9db7bea8ff,origin data/VPD-OE_Agent_20260709/VPD-OE_Agent/data/raw/ZY/3.xls,第3年广告投放(格式二),R8,8
historical_600_unknown_rule,unknown,3,ZY18,P1,区域,0.0,src_cc9db7bea8ff,origin data/VPD-OE_Agent_20260709/VPD-OE_Agent/data/raw/ZY/3.xls,第3年广告投放(格式二),S8,8
historical_600_unknown_rule,unknown,3,ZY01,P2,区域,0.0,src_cc9db7bea8ff,origin data/VPD-OE_Agent_20260709/VPD-OE_Agent/data/raw/ZY/3.xls,第3年广告投放(格式二),B9,9
historical_600_unknown_rule,unknown,3,ZY02,P2,区域,0.0,src_cc9db7bea8ff,origin data/VPD-OE_Agent_20260709/VPD-OE_Agent/data/raw/ZY/3.xls,第3年广告投放(格式二),C9,9
historical_600_unknown_rule,unknown,3,ZY03,P2,区域,0.0,src_cc9db7bea8ff,origin data/VPD-OE_Agent_20260709/VPD-OE_Agent/data/raw/ZY/3.xls,第3年广告投放(格式二),D9,9
historical_600_unknown_rule,unknown,3,ZY04,P2,区域,35.0,src_cc9db7bea8ff,origin data/VPD-OE_Agent_20260709/VPD-OE_Agent/data/raw/ZY/3.xls,第3年广告投放(格式二),E9,9
historical_600_unknown_rule,unknown,3,ZY05,P2,区域,10.0,src_cc9db7bea8ff,origin data/VPD-OE_Agent_20260709/VPD-OE_Agent/data/raw/ZY/3.xls,第3年广告投放(格式二),F9,9
historical_600_unknown_rule,unknown,3,ZY06,P2,区域,0.0,src_cc9db7bea8ff,origin data/VPD-OE_Agent_20260709/VPD-OE_Agent/data/raw/ZY/3.xls,第3年广告投放(格式二),G9,9
historical_600_unknown_rule,unknown,3,ZY07,P2,区域,0.0,src_cc9db7bea8ff,origin data/VPD-OE_Agent_20260709/VPD-OE_Agent/data/raw/ZY/3.xls,第3年广告投放(格式二),H9,9
historical_600_unknown_rule,unknown,3,ZY08,P2,区域,0.0,src_cc9db7bea8ff,origin data/VPD-OE_Agent_20260709/VPD-OE_Agent/data/raw/ZY/3.xls,第3年广告投放(格式二),I9,9
historical_600_unknown_rule,unknown,3,ZY09,P2,区域,0.0,src_cc9db7bea8ff,origin data/VPD-OE_Agent_20260709/VPD-OE_Agent/data/raw/ZY/3.xls,第3年广告投放(格式二),J9,9
historical_600_unknown_rule,unknown,3,ZY10,P2,区域,0.0,src_cc9db7bea8ff,origin data/VPD-OE_Agent_20260709/VPD-OE_Agent/data/raw/ZY/3.xls,第3年广告投放(格式二),K9,9
historical_600_unknown_rule,unknown,3,ZY11,P2,区域,30.0,src_cc9db7bea8ff,origin data/VPD-OE_Agent_20260709/VPD-OE_Agent/data/raw/ZY/3.xls,第3年广告投放(格式二),L9,9
historical_600_unknown_rule,unknown,3,ZY12,P2,区域,0.0,src_cc9db7bea8ff,origin data/VPD-OE_Agent_20260709/VPD-OE_Agent/data/raw/ZY/3.xls,第3年广告投放(格式二),M9,9
historical_600_unknown_rule,unknown,3,ZY13,P2,区域,0.0,src_cc9db7bea8ff,origin data/VPD-OE_Agent_20260709/VPD-OE_Agent/data/raw/ZY/3.xls,第3年广告投放(格式二),N9,9
historical_600_unknown_rule,unknown,3,ZY14,P2,区域,0.0,src_cc9db7bea8ff,origin data/VPD-OE_Agent_20260709/VPD-OE_Agent/data/raw/ZY/3.xls,第3年广告投放(格式二),O9,9
historical_600_unknown_rule,unknown,3,ZY15,P2,区域,0.0,src_cc9db7bea8ff,origin data/VPD-OE_Agent_20260709/VPD-OE_Agent/data/raw/ZY/3.xls,第3年广告投放(格式二),P9,9
historical_600_unknown_rule,unknown,3,ZY16,P2,区域,18.0,src_cc9db7bea8ff,origin data/VPD-OE_Agent_20260709/VPD-OE_Agent/data/raw/ZY/3.xls,第3年广告投放(格式二),Q9,9
historical_600_unknown_rule,unknown,3,ZY17,P2,区域,0.0,src_cc9db7bea8ff,origin data/VPD-OE_Agent_20260709/VPD-OE_Agent/data/raw/ZY/3.xls,第3年广告投放(格式二),R9,9
historical_600_unknown_rule,unknown,3,ZY18,P2,区域,0.0,src_cc9db7bea8ff,origin data/VPD-OE_Agent_20260709/VPD-OE_Agent/data/raw/ZY/3.xls,第3年广告投放(格式二),S9,9
historical_600_unknown_rule,unknown,3,ZY01,P3,区域,0.0,src_cc9db7bea8ff,origin data/VPD-OE_Agent_20260709/VPD-OE_Agent/data/raw/ZY/3.xls,第3年广告投放(格式二),B10,10
historical_600_unknown_rule,unknown,3,ZY02,P3,区域,20.0,src_cc9db7bea8ff,origin data/VPD-OE_Agent_20260709/VPD-OE_Agent/data/raw/ZY/3.xls,第3年广告投放(格式二),C10,10
historical_600_unknown_rule,unknown,3,ZY03,P3,区域,11.0,src_cc9db7bea8ff,origin data/VPD-OE_Agent_20260709/VPD-OE_Agent/data/raw/ZY/3.xls,第3年广告投放(格式二),D10,10
historical_600_unknown_rule,unknown,3,ZY04,P3,区域,43.0,src_cc9db7bea8ff,origin data/VPD-OE_Agent_20260709/VPD-OE_Agent/data/raw/ZY/3.xls,第3年广告投放(格式二),E10,10
historical_600_unknown_rule,unknown,3,ZY05,P3,区域,18.0,src_cc9db7bea8ff,origin data/VPD-OE_Agent_20260709/VPD-OE_Agent/data/raw/ZY/3.xls,第3年广告投放(格式二),F10,10
historical_600_unknown_rule,unknown,3,ZY06,P3,区域,0.0,src_cc9db7bea8ff,origin data/VPD-OE_Agent_20260709/VPD-OE_Agent/data/raw/ZY/3.xls,第3年广告投放(格式二),G10,10
historical_600_unknown_rule,unknown,3,ZY07,P3,区域,0.0,src_cc9db7bea8ff,origin data/VPD-OE_Agent_20260709/VPD-OE_Agent/data/raw/ZY/3.xls,第3年广告投放(格式二),H10,10
historical_600_unknown_rule,unknown,3,ZY08,P3,区域,0.0,src_cc9db7bea8ff,origin data/VPD-OE_Agent_20260709/VPD-OE_Agent/data/raw/ZY/3.xls,第3年广告投放(格式二),I10,10
historical_600_unknown_rule,unknown,3,ZY09,P3,区域,12.0,src_cc9db7bea8ff,origin data/VPD-OE_Agent_20260709/VPD-OE_Agent/data/raw/ZY/3.xls,第3年广告投放(格式二),J10,10
historical_600_unknown_rule,unknown,3,ZY10,P3,区域,0.0,src_cc9db7bea8ff,origin data/VPD-OE_Agent_20260709/VPD-OE_Agent/data/raw/ZY/3.xls,第3年广告投放(格式二),K10,10
historical_600_unknown_rule,unknown,3,ZY11,P3,区域,0.0,src_cc9db7bea8ff,origin data/VPD-OE_Agent_20260709/VPD-OE_Agent/data/raw/ZY/3.xls,第3年广告投放(格式二),L10,10
historical_600_unknown_rule,unknown,3,ZY12,P3,区域,0.0,src_cc9db7bea8ff,origin data/VPD-OE_Agent_20260709/VPD-OE_Agent/data/raw/ZY/3.xls,第3年广告投放(格式二),M10,10
historical_600_unknown_rule,unknown,3,ZY13,P3,区域,0.0,src_cc9db7bea8ff,origin data/VPD-OE_Agent_20260709/VPD-OE_Agent/data/raw/ZY/3.xls,第3年广告投放(格式二),N10,10
historical_600_unknown_rule,unknown,3,ZY14,P3,区域,0.0,src_cc9db7bea8ff,origin data/VPD-OE_Agent_20260709/VPD-OE_Agent/data/raw/ZY/3.xls,第3年广告投放(格式二),O10,10
historical_600_unknown_rule,unknown,3,ZY15,P3,区域,0.0,src_cc9db7bea8ff,origin data/VPD-OE_Agent_20260709/VPD-OE_Agent/data/raw/ZY/3.xls,第3年广告投放(格式二),P10,10
historical_600_unknown_rule,unknown,3,ZY16,P3,区域,0.0,src_cc9db7bea8ff,origin data/VPD-OE_Agent_20260709/VPD-OE_Agent/data/raw/ZY/3.xls,第3年广告投放(格式二),Q10,10
historical_600_unknown_rule,unknown,3,ZY17,P3,区域,0.0,src_cc9db7bea8ff,origin data/VPD-OE_Agent_20260709/VPD-OE_Agent/data/raw/ZY/3.xls,第3年广告投放(格式二),R10,10
historical_600_unknown_rule,unknown,3,ZY18,P3,区域,0.0,src_cc9db7bea8ff,origin data/VPD-OE_Agent_20260709/VPD-OE_Agent/data/raw/ZY/3.xls,第3年广告投放(格式二),S10,10
historical_600_unknown_rule,unknown,3,ZY01,P4,区域,0.0,src_cc9db7bea8ff,origin data/VPD-OE_Agent_20260709/VPD-OE_Agent/data/raw/ZY/3.xls,第3年广告投放(格式二),B11,11
historical_600_unknown_rule,unknown,3,ZY02,P4,区域,0.0,src_cc9db7bea8ff,origin data/VPD-OE_Agent_20260709/VPD-OE_Agent/data/raw/ZY/3.xls,第3年广告投放(格式二),C11,11
historical_600_unknown_rule,unknown,3,ZY03,P4,区域,0.0,src_cc9db7bea8ff,origin data/VPD-OE_Agent_20260709/VPD-OE_Agent/data/raw/ZY/3.xls,第3年广告投放(格式二),D11,11
historical_600_unknown_rule,unknown,3,ZY04,P4,区域,0.0,src_cc9db7bea8ff,origin data/VPD-OE_Agent_20260709/VPD-OE_Agent/data/raw/ZY/3.xls,第3年广告投放(格式二),E11,11
historical_600_unknown_rule,unknown,3,ZY05,P4,区域,0.0,src_cc9db7bea8ff,origin data/VPD-OE_Agent_20260709/VPD-OE_Agent/data/raw/ZY/3.xls,第3年广告投放(格式二),F11,11
historical_600_unknown_rule,unknown,3,ZY06,P4,区域,10.0,src_cc9db7bea8ff,origin data/VPD-OE_Agent_20260709/VPD-OE_Agent/data/raw/ZY/3.xls,第3年广告投放(格式二),G11,11
historical_600_unknown_rule,unknown,3,ZY07,P4,区域,0.0,src_cc9db7bea8ff,origin data/VPD-OE_Agent_20260709/VPD-OE_Agent/data/raw/ZY/3.xls,第3年广告投放(格式二),H11,11
historical_600_unknown_rule,unknown,3,ZY08,P4,区域,0.0,src_cc9db7bea8ff,origin data/VPD-OE_Agent_20260709/VPD-OE_Agent/data/raw/ZY/3.xls,第3年广告投放(格式二),I11,11
historical_600_unknown_rule,unknown,3,ZY09,P4,区域,0.0,src_cc9db7bea8ff,origin data/VPD-OE_Agent_20260709/VPD-OE_Agent/data/raw/ZY/3.xls,第3年广告投放(格式二),J11,11
historical_600_unknown_rule,unknown,3,ZY10,P4,区域,0.0,src_cc9db7bea8ff,origin data/VPD-OE_Agent_20260709/VPD-OE_Agent/data/raw/ZY/3.xls,第3年广告投放(格式二),K11,11
historical_600_unknown_rule,unknown,3,ZY11,P4,区域,0.0,src_cc9db7bea8ff,origin data/VPD-OE_Agent_20260709/VPD-OE_Agent/data/raw/ZY/3.xls,第3年广告投放(格式二),L11,11
historical_600_unknown_rule,unknown,3,ZY12,P4,区域,0.0,src_cc9db7bea8ff,origin data/VPD-OE_Agent_20260709/VPD-OE_Agent/data/raw/ZY/3.xls,第3年广告投放(格式二),M11,11
historical_600_unknown_rule,unknown,3,ZY13,P4,区域,13.0,src_cc9db7bea8ff,origin data/VPD-OE_Agent_20260709/VPD-OE_Agent/data/raw/ZY/3.xls,第3年广告投放(格式二),N11,11
historical_600_unknown_rule,unknown,3,ZY14,P4,区域,0.0,src_cc9db7bea8ff,origin data/VPD-OE_Agent_20260709/VPD-OE_Agent/data/raw/ZY/3.xls,第3年广告投放(格式二),O11,11
historical_600_unknown_rule,unknown,3,ZY15,P4,区域,0.0,src_cc9db7bea8ff,origin data/VPD-OE_Agent_20260709/VPD-OE_Agent/data/raw/ZY/3.xls,第3年广告投放(格式二),P11,11
historical_600_unknown_rule,unknown,3,ZY16,P4,区域,0.0,src_cc9db7bea8ff,origin data/VPD-OE_Agent_20260709/VPD-OE_Agent/data/raw/ZY/3.xls,第3年广告投放(格式二),Q11,11
historical_600_unknown_rule,unknown,3,ZY17,P4,区域,13.0,src_cc9db7bea8ff,origin data/VPD-OE_Agent_20260709/VPD-OE_Agent/data/raw/ZY/3.xls,第3年广告投放(格式二),R11,11
historical_600_unknown_rule,unknown,3,ZY18,P4,区域,0.0,src_cc9db7bea8ff,origin data/VPD-OE_Agent_20260709/VPD-OE_Agent/data/raw/ZY/3.xls,第3年广告投放(格式二),S11,11
historical_600_unknown_rule,unknown,3,ZY01,P1,国内,0.0,src_cc9db7bea8ff,origin data/VPD-OE_Agent_20260709/VPD-OE_Agent/data/raw/ZY/3.xls,第3年广告投放(格式二),B13,13
historical_600_unknown_rule,unknown,3,ZY02,P1,国内,0.0,src_cc9db7bea8ff,origin data/VPD-OE_Agent_20260709/VPD-OE_Agent/data/raw/ZY/3.xls,第3年广告投放(格式二),C13,13
historical_600_unknown_rule,unknown,3,ZY03,P1,国内,0.0,src_cc9db7bea8ff,origin data/VPD-OE_Agent_20260709/VPD-OE_Agent/data/raw/ZY/3.xls,第3年广告投放(格式二),D13,13
historical_600_unknown_rule,unknown,3,ZY04,P1,国内,0.0,src_cc9db7bea8ff,origin data/VPD-OE_Agent_20260709/VPD-OE_Agent/data/raw/ZY/3.xls,第3年广告投放(格式二),E13,13
historical_600_unknown_rule,unknown,3,ZY05,P1,国内,0.0,src_cc9db7bea8ff,origin data/VPD-OE_Agent_20260709/VPD-OE_Agent/data/raw/ZY/3.xls,第3年广告投放(格式二),F13,13
historical_600_unknown_rule,unknown,3,ZY06,P1,国内,0.0,src_cc9db7bea8ff,origin data/VPD-OE_Agent_20260709/VPD-OE_Agent/data/raw/ZY/3.xls,第3年广告投放(格式二),G13,13
historical_600_unknown_rule,unknown,3,ZY07,P1,国内,0.0,src_cc9db7bea8ff,origin data/VPD-OE_Agent_20260709/VPD-OE_Agent/data/raw/ZY/3.xls,第3年广告投放(格式二),H13,13
historical_600_unknown_rule,unknown,3,ZY08,P1,国内,0.0,src_cc9db7bea8ff,origin data/VPD-OE_Agent_20260709/VPD-OE_Agent/data/raw/ZY/3.xls,第3年广告投放(格式二),I13,13
historical_600_unknown_rule,unknown,3,ZY09,P1,国内,0.0,src_cc9db7bea8ff,origin data/VPD-OE_Agent_20260709/VPD-OE_Agent/data/raw/ZY/3.xls,第3年广告投放(格式二),J13,13
historical_600_unknown_rule,unknown,3,ZY10,P1,国内,0.0,src_cc9db7bea8ff,origin data/VPD-OE_Agent_20260709/VPD-OE_Agent/data/raw/ZY/3.xls,第3年广告投放(格式二),K13,13
historical_600_unknown_rule,unknown,3,ZY11,P1,国内,0.0,src_cc9db7bea8ff,origin data/VPD-OE_Agent_20260709/VPD-OE_Agent/data/raw/ZY/3.xls,第3年广告投放(格式二),L13,13
historical_600_unknown_rule,unknown,3,ZY12,P1,国内,0.0,src_cc9db7bea8ff,origin data/VPD-OE_Agent_20260709/VPD-OE_Agent/data/raw/ZY/3.xls,第3年广告投放(格式二),M13,13
historical_600_unknown_rule,unknown,3,ZY13,P1,国内,0.0,src_cc9db7bea8ff,origin data/VPD-OE_Agent_20260709/VPD-OE_Agent/data/raw/ZY/3.xls,第3年广告投放(格式二),N13,13
historical_600_unknown_rule,unknown,3,ZY14,P1,国内,0.0,src_cc9db7bea8ff,origin data/VPD-OE_Agent_20260709/VPD-OE_Agent/data/raw/ZY/3.xls,第3年广告投放(格式二),O13,13
historical_600_unknown_rule,unknown,3,ZY15,P1,国内,0.0,src_cc9db7bea8ff,origin data/VPD-OE_Agent_20260709/VPD-OE_Agent/data/raw/ZY/3.xls,第3年广告投放(格式二),P13,13
historical_600_unknown_rule,unknown,3,ZY16,P1,国内,0.0,src_cc9db7bea8ff,origin data/VPD-OE_Agent_20260709/VPD-OE_Agent/data/raw/ZY/3.xls,第3年广告投放(格式二),Q13,13
historical_600_unknown_rule,unknown,3,ZY17,P1,国内,0.0,src_cc9db7bea8ff,origin data/VPD-OE_Agent_20260709/VPD-OE_Agent/data/raw/ZY/3.xls,第3年广告投放(格式二),R13,13
historical_600_unknown_rule,unknown,3,ZY18,P1,国内,0.0,src_cc9db7bea8ff,origin data/VPD-OE_Agent_20260709/VPD-OE_Agent/data/raw/ZY/3.xls,第3年广告投放(格式二),S13,13
historical_600_unknown_rule,unknown,3,ZY01,P2,国内,0.0,src_cc9db7bea8ff,origin data/VPD-OE_Agent_20260709/VPD-OE_Agent/data/raw/ZY/3.xls,第3年广告投放(格式二),B14,14
historical_600_unknown_rule,unknown,3,ZY02,P2,国内,0.0,src_cc9db7bea8ff,origin data/VPD-OE_Agent_20260709/VPD-OE_Agent/data/raw/ZY/3.xls,第3年广告投放(格式二),C14,14
historical_600_unknown_rule,unknown,3,ZY03,P2,国内,22.0,src_cc9db7bea8ff,origin data/VPD-OE_Agent_20260709/VPD-OE_Agent/data/raw/ZY/3.xls,第3年广告投放(格式二),D14,14
historical_600_unknown_rule,unknown,3,ZY04,P2,国内,43.0,src_cc9db7bea8ff,origin data/VPD-OE_Agent_20260709/VPD-OE_Agent/data/raw/ZY/3.xls,第3年广告投放(格式二),E14,14
historical_600_unknown_rule,unknown,3,ZY05,P2,国内,32.0,src_cc9db7bea8ff,origin data/VPD-OE_Agent_20260709/VPD-OE_Agent/data/raw/ZY/3.xls,第3年广告投放(格式二),F14,14
historical_600_unknown_rule,unknown,3,ZY06,P2,国内,0.0,src_cc9db7bea8ff,origin data/VPD-OE_Agent_20260709/VPD-OE_Agent/data/raw/ZY/3.xls,第3年广告投放(格式二),G14,14
historical_600_unknown_rule,unknown,3,ZY07,P2,国内,10.0,src_cc9db7bea8ff,origin data/VPD-OE_Agent_20260709/VPD-OE_Agent/data/raw/ZY/3.xls,第3年广告投放(格式二),H14,14
historical_600_unknown_rule,unknown,3,ZY08,P2,国内,0.0,src_cc9db7bea8ff,origin data/VPD-OE_Agent_20260709/VPD-OE_Agent/data/raw/ZY/3.xls,第3年广告投放(格式二),I14,14
historical_600_unknown_rule,unknown,3,ZY09,P2,国内,0.0,src_cc9db7bea8ff,origin data/VPD-OE_Agent_20260709/VPD-OE_Agent/data/raw/ZY/3.xls,第3年广告投放(格式二),J14,14
historical_600_unknown_rule,unknown,3,ZY10,P2,国内,0.0,src_cc9db7bea8ff,origin data/VPD-OE_Agent_20260709/VPD-OE_Agent/data/raw/ZY/3.xls,第3年广告投放(格式二),K14,14
historical_600_unknown_rule,unknown,3,ZY11,P2,国内,0.0,src_cc9db7bea8ff,origin data/VPD-OE_Agent_20260709/VPD-OE_Agent/data/raw/ZY/3.xls,第3年广告投放(格式二),L14,14
historical_600_unknown_rule,unknown,3,ZY12,P2,国内,0.0,src_cc9db7bea8ff,origin data/VPD-OE_Agent_20260709/VPD-OE_Agent/data/raw/ZY/3.xls,第3年广告投放(格式二),M14,14
historical_600_unknown_rule,unknown,3,ZY13,P2,国内,0.0,src_cc9db7bea8ff,origin data/VPD-OE_Agent_20260709/VPD-OE_Agent/data/raw/ZY/3.xls,第3年广告投放(格式二),N14,14
historical_600_unknown_rule,unknown,3,ZY14,P2,国内,40.0,src_cc9db7bea8ff,origin data/VPD-OE_Agent_20260709/VPD-OE_Agent/data/raw/ZY/3.xls,第3年广告投放(格式二),O14,14
historical_600_unknown_rule,unknown,3,ZY15,P2,国内,0.0,src_cc9db7bea8ff,origin data/VPD-OE_Agent_20260709/VPD-OE_Agent/data/raw/ZY/3.xls,第3年广告投放(格式二),P14,14
historical_600_unknown_rule,unknown,3,ZY16,P2,国内,18.0,src_cc9db7bea8ff,origin data/VPD-OE_Agent_20260709/VPD-OE_Agent/data/raw/ZY/3.xls,第3年广告投放(格式二),Q14,14
historical_600_unknown_rule,unknown,3,ZY17,P2,国内,0.0,src_cc9db7bea8ff,origin data/VPD-OE_Agent_20260709/VPD-OE_Agent/data/raw/ZY/3.xls,第3年广告投放(格式二),R14,14
historical_600_unknown_rule,unknown,3,ZY18,P2,国内,0.0,src_cc9db7bea8ff,origin data/VPD-OE_Agent_20260709/VPD-OE_Agent/data/raw/ZY/3.xls,第3年广告投放(格式二),S14,14
historical_600_unknown_rule,unknown,3,ZY01,P3,国内,0.0,src_cc9db7bea8ff,origin data/VPD-OE_Agent_20260709/VPD-OE_Agent/data/raw/ZY/3.xls,第3年广告投放(格式二),B15,15
historical_600_unknown_rule,unknown,3,ZY02,P3,国内,0.0,src_cc9db7bea8ff,origin data/VPD-OE_Agent_20260709/VPD-OE_Agent/data/raw/ZY/3.xls,第3年广告投放(格式二),C15,15
historical_600_unknown_rule,unknown,3,ZY03,P3,国内,0.0,src_cc9db7bea8ff,origin data/VPD-OE_Agent_20260709/VPD-OE_Agent/data/raw/ZY/3.xls,第3年广告投放(格式二),D15,15
historical_600_unknown_rule,unknown,3,ZY04,P3,国内,0.0,src_cc9db7bea8ff,origin data/VPD-OE_Agent_20260709/VPD-OE_Agent/data/raw/ZY/3.xls,第3年广告投放(格式二),E15,15
historical_600_unknown_rule,unknown,3,ZY05,P3,国内,0.0,src_cc9db7bea8ff,origin data/VPD-OE_Agent_20260709/VPD-OE_Agent/data/raw/ZY/3.xls,第3年广告投放(格式二),F15,15
historical_600_unknown_rule,unknown,3,ZY06,P3,国内,0.0,src_cc9db7bea8ff,origin data/VPD-OE_Agent_20260709/VPD-OE_Agent/data/raw/ZY/3.xls,第3年广告投放(格式二),G15,15
historical_600_unknown_rule,unknown,3,ZY07,P3,国内,16.0,src_cc9db7bea8ff,origin data/VPD-OE_Agent_20260709/VPD-OE_Agent/data/raw/ZY/3.xls,第3年广告投放(格式二),H15,15
historical_600_unknown_rule,unknown,3,ZY08,P3,国内,0.0,src_cc9db7bea8ff,origin data/VPD-OE_Agent_20260709/VPD-OE_Agent/data/raw/ZY/3.xls,第3年广告投放(格式二),I15,15
historical_600_unknown_rule,unknown,3,ZY09,P3,国内,0.0,src_cc9db7bea8ff,origin data/VPD-OE_Agent_20260709/VPD-OE_Agent/data/raw/ZY/3.xls,第3年广告投放(格式二),J15,15
historical_600_unknown_rule,unknown,3,ZY10,P3,国内,0.0,src_cc9db7bea8ff,origin data/VPD-OE_Agent_20260709/VPD-OE_Agent/data/raw/ZY/3.xls,第3年广告投放(格式二),K15,15
historical_600_unknown_rule,unknown,3,ZY11,P3,国内,0.0,src_cc9db7bea8ff,origin data/VPD-OE_Agent_20260709/VPD-OE_Agent/data/raw/ZY/3.xls,第3年广告投放(格式二),L15,15
historical_600_unknown_rule,unknown,3,ZY12,P3,国内,0.0,src_cc9db7bea8ff,origin data/VPD-OE_Agent_20260709/VPD-OE_Agent/data/raw/ZY/3.xls,第3年广告投放(格式二),M15,15
historical_600_unknown_rule,unknown,3,ZY13,P3,国内,0.0,src_cc9db7bea8ff,origin data/VPD-OE_Agent_20260709/VPD-OE_Agent/data/raw/ZY/3.xls,第3年广告投放(格式二),N15,15
historical_600_unknown_rule,unknown,3,ZY14,P3,国内,30.0,src_cc9db7bea8ff,origin data/VPD-OE_Agent_20260709/VPD-OE_Agent/data/raw/ZY/3.xls,第3年广告投放(格式二),O15,15
historical_600_unknown_rule,unknown,3,ZY15,P3,国内,0.0,src_cc9db7bea8ff,origin data/VPD-OE_Agent_20260709/VPD-OE_Agent/data/raw/ZY/3.xls,第3年广告投放(格式二),P15,15
historical_600_unknown_rule,unknown,3,ZY16,P3,国内,0.0,src_cc9db7bea8ff,origin data/VPD-OE_Agent_20260709/VPD-OE_Agent/data/raw/ZY/3.xls,第3年广告投放(格式二),Q15,15
historical_600_unknown_rule,unknown,3,ZY17,P3,国内,0.0,src_cc9db7bea8ff,origin data/VPD-OE_Agent_20260709/VPD-OE_Agent/data/raw/ZY/3.xls,第3年广告投放(格式二),R15,15
historical_600_unknown_rule,unknown,3,ZY18,P3,国内,0.0,src_cc9db7bea8ff,origin data/VPD-OE_Agent_20260709/VPD-OE_Agent/data/raw/ZY/3.xls,第3年广告投放(格式二),S15,15
historical_600_unknown_rule,unknown,3,ZY01,P4,国内,0.0,src_cc9db7bea8ff,origin data/VPD-OE_Agent_20260709/VPD-OE_Agent/data/raw/ZY/3.xls,第3年广告投放(格式二),B16,16
historical_600_unknown_rule,unknown,3,ZY02,P4,国内,0.0,src_cc9db7bea8ff,origin data/VPD-OE_Agent_20260709/VPD-OE_Agent/data/raw/ZY/3.xls,第3年广告投放(格式二),C16,16
historical_600_unknown_rule,unknown,3,ZY03,P4,国内,0.0,src_cc9db7bea8ff,origin data/VPD-OE_Agent_20260709/VPD-OE_Agent/data/raw/ZY/3.xls,第3年广告投放(格式二),D16,16
historical_600_unknown_rule,unknown,3,ZY04,P4,国内,0.0,src_cc9db7bea8ff,origin data/VPD-OE_Agent_20260709/VPD-OE_Agent/data/raw/ZY/3.xls,第3年广告投放(格式二),E16,16
historical_600_unknown_rule,unknown,3,ZY05,P4,国内,0.0,src_cc9db7bea8ff,origin data/VPD-OE_Agent_20260709/VPD-OE_Agent/data/raw/ZY/3.xls,第3年广告投放(格式二),F16,16
historical_600_unknown_rule,unknown,3,ZY06,P4,国内,10.0,src_cc9db7bea8ff,origin data/VPD-OE_Agent_20260709/VPD-OE_Agent/data/raw/ZY/3.xls,第3年广告投放(格式二),G16,16
historical_600_unknown_rule,unknown,3,ZY07,P4,国内,0.0,src_cc9db7bea8ff,origin data/VPD-OE_Agent_20260709/VPD-OE_Agent/data/raw/ZY/3.xls,第3年广告投放(格式二),H16,16
historical_600_unknown_rule,unknown,3,ZY08,P4,国内,0.0,src_cc9db7bea8ff,origin data/VPD-OE_Agent_20260709/VPD-OE_Agent/data/raw/ZY/3.xls,第3年广告投放(格式二),I16,16
historical_600_unknown_rule,unknown,3,ZY09,P4,国内,0.0,src_cc9db7bea8ff,origin data/VPD-OE_Agent_20260709/VPD-OE_Agent/data/raw/ZY/3.xls,第3年广告投放(格式二),J16,16
historical_600_unknown_rule,unknown,3,ZY10,P4,国内,15.0,src_cc9db7bea8ff,origin data/VPD-OE_Agent_20260709/VPD-OE_Agent/data/raw/ZY/3.xls,第3年广告投放(格式二),K16,16
historical_600_unknown_rule,unknown,3,ZY11,P4,国内,0.0,src_cc9db7bea8ff,origin data/VPD-OE_Agent_20260709/VPD-OE_Agent/data/raw/ZY/3.xls,第3年广告投放(格式二),L16,16
historical_600_unknown_rule,unknown,3,ZY12,P4,国内,0.0,src_cc9db7bea8ff,origin data/VPD-OE_Agent_20260709/VPD-OE_Agent/data/raw/ZY/3.xls,第3年广告投放(格式二),M16,16
historical_600_unknown_rule,unknown,3,ZY13,P4,国内,13.0,src_cc9db7bea8ff,origin data/VPD-OE_Agent_20260709/VPD-OE_Agent/data/raw/ZY/3.xls,第3年广告投放(格式二),N16,16
historical_600_unknown_rule,unknown,3,ZY14,P4,国内,0.0,src_cc9db7bea8ff,origin data/VPD-OE_Agent_20260709/VPD-OE_Agent/data/raw/ZY/3.xls,第3年广告投放(格式二),O16,16
historical_600_unknown_rule,unknown,3,ZY15,P4,国内,0.0,src_cc9db7bea8ff,origin data/VPD-OE_Agent_20260709/VPD-OE_Agent/data/raw/ZY/3.xls,第3年广告投放(格式二),P16,16
historical_600_unknown_rule,unknown,3,ZY16,P4,国内,0.0,src_cc9db7bea8ff,origin data/VPD-OE_Agent_20260709/VPD-OE_Agent/data/raw/ZY/3.xls,第3年广告投放(格式二),Q16,16
historical_600_unknown_rule,unknown,3,ZY17,P4,国内,13.0,src_cc9db7bea8ff,origin data/VPD-OE_Agent_20260709/VPD-OE_Agent/data/raw/ZY/3.xls,第3年广告投放(格式二),R16,16
historical_600_unknown_rule,unknown,3,ZY18,P4,国内,0.0,src_cc9db7bea8ff,origin data/VPD-OE_Agent_20260709/VPD-OE_Agent/data/raw/ZY/3.xls,第3年广告投放(格式二),S16,16
historical_600_unknown_rule,unknown,3,ZY01,P1,亚洲,0.0,src_cc9db7bea8ff,origin data/VPD-OE_Agent_20260709/VPD-OE_Agent/data/raw/ZY/3.xls,第3年广告投放(格式二),B18,18
historical_600_unknown_rule,unknown,3,ZY02,P1,亚洲,0.0,src_cc9db7bea8ff,origin data/VPD-OE_Agent_20260709/VPD-OE_Agent/data/raw/ZY/3.xls,第3年广告投放(格式二),C18,18
historical_600_unknown_rule,unknown,3,ZY03,P1,亚洲,0.0,src_cc9db7bea8ff,origin data/VPD-OE_Agent_20260709/VPD-OE_Agent/data/raw/ZY/3.xls,第3年广告投放(格式二),D18,18
historical_600_unknown_rule,unknown,3,ZY04,P1,亚洲,0.0,src_cc9db7bea8ff,origin data/VPD-OE_Agent_20260709/VPD-OE_Agent/data/raw/ZY/3.xls,第3年广告投放(格式二),E18,18
historical_600_unknown_rule,unknown,3,ZY05,P1,亚洲,0.0,src_cc9db7bea8ff,origin data/VPD-OE_Agent_20260709/VPD-OE_Agent/data/raw/ZY/3.xls,第3年广告投放(格式二),F18,18
historical_600_unknown_rule,unknown,3,ZY06,P1,亚洲,0.0,src_cc9db7bea8ff,origin data/VPD-OE_Agent_20260709/VPD-OE_Agent/data/raw/ZY/3.xls,第3年广告投放(格式二),G18,18
historical_600_unknown_rule,unknown,3,ZY07,P1,亚洲,0.0,src_cc9db7bea8ff,origin data/VPD-OE_Agent_20260709/VPD-OE_Agent/data/raw/ZY/3.xls,第3年广告投放(格式二),H18,18
historical_600_unknown_rule,unknown,3,ZY08,P1,亚洲,0.0,src_cc9db7bea8ff,origin data/VPD-OE_Agent_20260709/VPD-OE_Agent/data/raw/ZY/3.xls,第3年广告投放(格式二),I18,18
historical_600_unknown_rule,unknown,3,ZY09,P1,亚洲,0.0,src_cc9db7bea8ff,origin data/VPD-OE_Agent_20260709/VPD-OE_Agent/data/raw/ZY/3.xls,第3年广告投放(格式二),J18,18
historical_600_unknown_rule,unknown,3,ZY10,P1,亚洲,0.0,src_cc9db7bea8ff,origin data/VPD-OE_Agent_20260709/VPD-OE_Agent/data/raw/ZY/3.xls,第3年广告投放(格式二),K18,18
historical_600_unknown_rule,unknown,3,ZY11,P1,亚洲,0.0,src_cc9db7bea8ff,origin data/VPD-OE_Agent_20260709/VPD-OE_Agent/data/raw/ZY/3.xls,第3年广告投放(格式二),L18,18
historical_600_unknown_rule,unknown,3,ZY12,P1,亚洲,0.0,src_cc9db7bea8ff,origin data/VPD-OE_Agent_20260709/VPD-OE_Agent/data/raw/ZY/3.xls,第3年广告投放(格式二),M18,18
historical_600_unknown_rule,unknown,3,ZY13,P1,亚洲,0.0,src_cc9db7bea8ff,origin data/VPD-OE_Agent_20260709/VPD-OE_Agent/data/raw/ZY/3.xls,第3年广告投放(格式二),N18,18
historical_600_unknown_rule,unknown,3,ZY14,P1,亚洲,0.0,src_cc9db7bea8ff,origin data/VPD-OE_Agent_20260709/VPD-OE_Agent/data/raw/ZY/3.xls,第3年广告投放(格式二),O18,18
historical_600_unknown_rule,unknown,3,ZY15,P1,亚洲,0.0,src_cc9db7bea8ff,origin data/VPD-OE_Agent_20260709/VPD-OE_Agent/data/raw/ZY/3.xls,第3年广告投放(格式二),P18,18
historical_600_unknown_rule,unknown,3,ZY16,P1,亚洲,0.0,src_cc9db7bea8ff,origin data/VPD-OE_Agent_20260709/VPD-OE_Agent/data/raw/ZY/3.xls,第3年广告投放(格式二),Q18,18
historical_600_unknown_rule,unknown,3,ZY17,P1,亚洲,0.0,src_cc9db7bea8ff,origin data/VPD-OE_Agent_20260709/VPD-OE_Agent/data/raw/ZY/3.xls,第3年广告投放(格式二),R18,18
historical_600_unknown_rule,unknown,3,ZY18,P1,亚洲,0.0,src_cc9db7bea8ff,origin data/VPD-OE_Agent_20260709/VPD-OE_Agent/data/raw/ZY/3.xls,第3年广告投放(格式二),S18,18
historical_600_unknown_rule,unknown,3,ZY01,P2,亚洲,0.0,src_cc9db7bea8ff,origin data/VPD-OE_Agent_20260709/VPD-OE_Agent/data/raw/ZY/3.xls,第3年广告投放(格式二),B19,19
historical_600_unknown_rule,unknown,3,ZY02,P2,亚洲,0.0,src_cc9db7bea8ff,origin data/VPD-OE_Agent_20260709/VPD-OE_Agent/data/raw/ZY/3.xls,第3年广告投放(格式二),C19,19
historical_600_unknown_rule,unknown,3,ZY03,P2,亚洲,0.0,src_cc9db7bea8ff,origin data/VPD-OE_Agent_20260709/VPD-OE_Agent/data/raw/ZY/3.xls,第3年广告投放(格式二),D19,19
historical_600_unknown_rule,unknown,3,ZY04,P2,亚洲,0.0,src_cc9db7bea8ff,origin data/VPD-OE_Agent_20260709/VPD-OE_Agent/data/raw/ZY/3.xls,第3年广告投放(格式二),E19,19
historical_600_unknown_rule,unknown,3,ZY05,P2,亚洲,0.0,src_cc9db7bea8ff,origin data/VPD-OE_Agent_20260709/VPD-OE_Agent/data/raw/ZY/3.xls,第3年广告投放(格式二),F19,19
historical_600_unknown_rule,unknown,3,ZY06,P2,亚洲,0.0,src_cc9db7bea8ff,origin data/VPD-OE_Agent_20260709/VPD-OE_Agent/data/raw/ZY/3.xls,第3年广告投放(格式二),G19,19
historical_600_unknown_rule,unknown,3,ZY07,P2,亚洲,0.0,src_cc9db7bea8ff,origin data/VPD-OE_Agent_20260709/VPD-OE_Agent/data/raw/ZY/3.xls,第3年广告投放(格式二),H19,19
historical_600_unknown_rule,unknown,3,ZY08,P2,亚洲,0.0,src_cc9db7bea8ff,origin data/VPD-OE_Agent_20260709/VPD-OE_Agent/data/raw/ZY/3.xls,第3年广告投放(格式二),I19,19
historical_600_unknown_rule,unknown,3,ZY09,P2,亚洲,0.0,src_cc9db7bea8ff,origin data/VPD-OE_Agent_20260709/VPD-OE_Agent/data/raw/ZY/3.xls,第3年广告投放(格式二),J19,19
historical_600_unknown_rule,unknown,3,ZY10,P2,亚洲,0.0,src_cc9db7bea8ff,origin data/VPD-OE_Agent_20260709/VPD-OE_Agent/data/raw/ZY/3.xls,第3年广告投放(格式二),K19,19
historical_600_unknown_rule,unknown,3,ZY11,P2,亚洲,0.0,src_cc9db7bea8ff,origin data/VPD-OE_Agent_20260709/VPD-OE_Agent/data/raw/ZY/3.xls,第3年广告投放(格式二),L19,19
historical_600_unknown_rule,unknown,3,ZY12,P2,亚洲,0.0,src_cc9db7bea8ff,origin data/VPD-OE_Agent_20260709/VPD-OE_Agent/data/raw/ZY/3.xls,第3年广告投放(格式二),M19,19
historical_600_unknown_rule,unknown,3,ZY13,P2,亚洲,0.0,src_cc9db7bea8ff,origin data/VPD-OE_Agent_20260709/VPD-OE_Agent/data/raw/ZY/3.xls,第3年广告投放(格式二),N19,19
historical_600_unknown_rule,unknown,3,ZY14,P2,亚洲,0.0,src_cc9db7bea8ff,origin data/VPD-OE_Agent_20260709/VPD-OE_Agent/data/raw/ZY/3.xls,第3年广告投放(格式二),O19,19
historical_600_unknown_rule,unknown,3,ZY15,P2,亚洲,0.0,src_cc9db7bea8ff,origin data/VPD-OE_Agent_20260709/VPD-OE_Agent/data/raw/ZY/3.xls,第3年广告投放(格式二),P19,19
historical_600_unknown_rule,unknown,3,ZY16,P2,亚洲,0.0,src_cc9db7bea8ff,origin data/VPD-OE_Agent_20260709/VPD-OE_Agent/data/raw/ZY/3.xls,第3年广告投放(格式二),Q19,19
historical_600_unknown_rule,unknown,3,ZY17,P2,亚洲,0.0,src_cc9db7bea8ff,origin data/VPD-OE_Agent_20260709/VPD-OE_Agent/data/raw/ZY/3.xls,第3年广告投放(格式二),R19,19
historical_600_unknown_rule,unknown,3,ZY18,P2,亚洲,0.0,src_cc9db7bea8ff,origin data/VPD-OE_Agent_20260709/VPD-OE_Agent/data/raw/ZY/3.xls,第3年广告投放(格式二),S19,19
historical_600_unknown_rule,unknown,3,ZY01,P3,亚洲,0.0,src_cc9db7bea8ff,origin data/VPD-OE_Agent_20260709/VPD-OE_Agent/data/raw/ZY/3.xls,第3年广告投放(格式二),B20,20
historical_600_unknown_rule,unknown,3,ZY02,P3,亚洲,0.0,src_cc9db7bea8ff,origin data/VPD-OE_Agent_20260709/VPD-OE_Agent/data/raw/ZY/3.xls,第3年广告投放(格式二),C20,20
historical_600_unknown_rule,unknown,3,ZY03,P3,亚洲,0.0,src_cc9db7bea8ff,origin data/VPD-OE_Agent_20260709/VPD-OE_Agent/data/raw/ZY/3.xls,第3年广告投放(格式二),D20,20
historical_600_unknown_rule,unknown,3,ZY04,P3,亚洲,0.0,src_cc9db7bea8ff,origin data/VPD-OE_Agent_20260709/VPD-OE_Agent/data/raw/ZY/3.xls,第3年广告投放(格式二),E20,20
historical_600_unknown_rule,unknown,3,ZY05,P3,亚洲,0.0,src_cc9db7bea8ff,origin data/VPD-OE_Agent_20260709/VPD-OE_Agent/data/raw/ZY/3.xls,第3年广告投放(格式二),F20,20
historical_600_unknown_rule,unknown,3,ZY06,P3,亚洲,0.0,src_cc9db7bea8ff,origin data/VPD-OE_Agent_20260709/VPD-OE_Agent/data/raw/ZY/3.xls,第3年广告投放(格式二),G20,20
historical_600_unknown_rule,unknown,3,ZY07,P3,亚洲,0.0,src_cc9db7bea8ff,origin data/VPD-OE_Agent_20260709/VPD-OE_Agent/data/raw/ZY/3.xls,第3年广告投放(格式二),H20,20
historical_600_unknown_rule,unknown,3,ZY08,P3,亚洲,0.0,src_cc9db7bea8ff,origin data/VPD-OE_Agent_20260709/VPD-OE_Agent/data/raw/ZY/3.xls,第3年广告投放(格式二),I20,20
historical_600_unknown_rule,unknown,3,ZY09,P3,亚洲,0.0,src_cc9db7bea8ff,origin data/VPD-OE_Agent_20260709/VPD-OE_Agent/data/raw/ZY/3.xls,第3年广告投放(格式二),J20,20
historical_600_unknown_rule,unknown,3,ZY10,P3,亚洲,0.0,src_cc9db7bea8ff,origin data/VPD-OE_Agent_20260709/VPD-OE_Agent/data/raw/ZY/3.xls,第3年广告投放(格式二),K20,20
historical_600_unknown_rule,unknown,3,ZY11,P3,亚洲,0.0,src_cc9db7bea8ff,origin data/VPD-OE_Agent_20260709/VPD-OE_Agent/data/raw/ZY/3.xls,第3年广告投放(格式二),L20,20
historical_600_unknown_rule,unknown,3,ZY12,P3,亚洲,0.0,src_cc9db7bea8ff,origin data/VPD-OE_Agent_20260709/VPD-OE_Agent/data/raw/ZY/3.xls,第3年广告投放(格式二),M20,20
historical_600_unknown_rule,unknown,3,ZY13,P3,亚洲,0.0,src_cc9db7bea8ff,origin data/VPD-OE_Agent_20260709/VPD-OE_Agent/data/raw/ZY/3.xls,第3年广告投放(格式二),N20,20
historical_600_unknown_rule,unknown,3,ZY14,P3,亚洲,0.0,src_cc9db7bea8ff,origin data/VPD-OE_Agent_20260709/VPD-OE_Agent/data/raw/ZY/3.xls,第3年广告投放(格式二),O20,20
historical_600_unknown_rule,unknown,3,ZY15,P3,亚洲,0.0,src_cc9db7bea8ff,origin data/VPD-OE_Agent_20260709/VPD-OE_Agent/data/raw/ZY/3.xls,第3年广告投放(格式二),P20,20
historical_600_unknown_rule,unknown,3,ZY16,P3,亚洲,0.0,src_cc9db7bea8ff,origin data/VPD-OE_Agent_20260709/VPD-OE_Agent/data/raw/ZY/3.xls,第3年广告投放(格式二),Q20,20
historical_600_unknown_rule,unknown,3,ZY17,P3,亚洲,0.0,src_cc9db7bea8ff,origin data/VPD-OE_Agent_20260709/VPD-OE_Agent/data/raw/ZY/3.xls,第3年广告投放(格式二),R20,20
historical_600_unknown_rule,unknown,3,ZY18,P3,亚洲,0.0,src_cc9db7bea8ff,origin data/VPD-OE_Agent_20260709/VPD-OE_Agent/data/raw/ZY/3.xls,第3年广告投放(格式二),S20,20
historical_600_unknown_rule,unknown,3,ZY01,P4,亚洲,0.0,src_cc9db7bea8ff,origin data/VPD-OE_Agent_20260709/VPD-OE_Agent/data/raw/ZY/3.xls,第3年广告投放(格式二),B21,21
historical_600_unknown_rule,unknown,3,ZY02,P4,亚洲,0.0,src_cc9db7bea8ff,origin data/VPD-OE_Agent_20260709/VPD-OE_Agent/data/raw/ZY/3.xls,第3年广告投放(格式二),C21,21
historical_600_unknown_rule,unknown,3,ZY03,P4,亚洲,0.0,src_cc9db7bea8ff,origin data/VPD-OE_Agent_20260709/VPD-OE_Agent/data/raw/ZY/3.xls,第3年广告投放(格式二),D21,21
historical_600_unknown_rule,unknown,3,ZY04,P4,亚洲,0.0,src_cc9db7bea8ff,origin data/VPD-OE_Agent_20260709/VPD-OE_Agent/data/raw/ZY/3.xls,第3年广告投放(格式二),E21,21
historical_600_unknown_rule,unknown,3,ZY05,P4,亚洲,0.0,src_cc9db7bea8ff,origin data/VPD-OE_Agent_20260709/VPD-OE_Agent/data/raw/ZY/3.xls,第3年广告投放(格式二),F21,21
historical_600_unknown_rule,unknown,3,ZY06,P4,亚洲,0.0,src_cc9db7bea8ff,origin data/VPD-OE_Agent_20260709/VPD-OE_Agent/data/raw/ZY/3.xls,第3年广告投放(格式二),G21,21
historical_600_unknown_rule,unknown,3,ZY07,P4,亚洲,0.0,src_cc9db7bea8ff,origin data/VPD-OE_Agent_20260709/VPD-OE_Agent/data/raw/ZY/3.xls,第3年广告投放(格式二),H21,21
historical_600_unknown_rule,unknown,3,ZY08,P4,亚洲,0.0,src_cc9db7bea8ff,origin data/VPD-OE_Agent_20260709/VPD-OE_Agent/data/raw/ZY/3.xls,第3年广告投放(格式二),I21,21
historical_600_unknown_rule,unknown,3,ZY09,P4,亚洲,0.0,src_cc9db7bea8ff,origin data/VPD-OE_Agent_20260709/VPD-OE_Agent/data/raw/ZY/3.xls,第3年广告投放(格式二),J21,21
historical_600_unknown_rule,unknown,3,ZY10,P4,亚洲,0.0,src_cc9db7bea8ff,origin data/VPD-OE_Agent_20260709/VPD-OE_Agent/data/raw/ZY/3.xls,第3年广告投放(格式二),K21,21
historical_600_unknown_rule,unknown,3,ZY11,P4,亚洲,0.0,src_cc9db7bea8ff,origin data/VPD-OE_Agent_20260709/VPD-OE_Agent/data/raw/ZY/3.xls,第3年广告投放(格式二),L21,21
historical_600_unknown_rule,unknown,3,ZY12,P4,亚洲,0.0,src_cc9db7bea8ff,origin data/VPD-OE_Agent_20260709/VPD-OE_Agent/data/raw/ZY/3.xls,第3年广告投放(格式二),M21,21
historical_600_unknown_rule,unknown,3,ZY13,P4,亚洲,0.0,src_cc9db7bea8ff,origin data/VPD-OE_Agent_20260709/VPD-OE_Agent/data/raw/ZY/3.xls,第3年广告投放(格式二),N21,21
historical_600_unknown_rule,unknown,3,ZY14,P4,亚洲,0.0,src_cc9db7bea8ff,origin data/VPD-OE_Agent_20260709/VPD-OE_Agent/data/raw/ZY/3.xls,第3年广告投放(格式二),O21,21
historical_600_unknown_rule,unknown,3,ZY15,P4,亚洲,0.0,src_cc9db7bea8ff,origin data/VPD-OE_Agent_20260709/VPD-OE_Agent/data/raw/ZY/3.xls,第3年广告投放(格式二),P21,21
historical_600_unknown_rule,unknown,3,ZY16,P4,亚洲,0.0,src_cc9db7bea8ff,origin data/VPD-OE_Agent_20260709/VPD-OE_Agent/data/raw/ZY/3.xls,第3年广告投放(格式二),Q21,21
historical_600_unknown_rule,unknown,3,ZY17,P4,亚洲,0.0,src_cc9db7bea8ff,origin data/VPD-OE_Agent_20260709/VPD-OE_Agent/data/raw/ZY/3.xls,第3年广告投放(格式二),R21,21
historical_600_unknown_rule,unknown,3,ZY18,P4,亚洲,0.0,src_cc9db7bea8ff,origin data/VPD-OE_Agent_20260709/VPD-OE_Agent/data/raw/ZY/3.xls,第3年广告投放(格式二),S21,21
historical_600_unknown_rule,unknown,3,ZY01,P1,国际,0.0,src_cc9db7bea8ff,origin data/VPD-OE_Agent_20260709/VPD-OE_Agent/data/raw/ZY/3.xls,第3年广告投放(格式二),B23,23
historical_600_unknown_rule,unknown,3,ZY02,P1,国际,0.0,src_cc9db7bea8ff,origin data/VPD-OE_Agent_20260709/VPD-OE_Agent/data/raw/ZY/3.xls,第3年广告投放(格式二),C23,23
historical_600_unknown_rule,unknown,3,ZY03,P1,国际,0.0,src_cc9db7bea8ff,origin data/VPD-OE_Agent_20260709/VPD-OE_Agent/data/raw/ZY/3.xls,第3年广告投放(格式二),D23,23
historical_600_unknown_rule,unknown,3,ZY04,P1,国际,0.0,src_cc9db7bea8ff,origin data/VPD-OE_Agent_20260709/VPD-OE_Agent/data/raw/ZY/3.xls,第3年广告投放(格式二),E23,23
historical_600_unknown_rule,unknown,3,ZY05,P1,国际,0.0,src_cc9db7bea8ff,origin data/VPD-OE_Agent_20260709/VPD-OE_Agent/data/raw/ZY/3.xls,第3年广告投放(格式二),F23,23
historical_600_unknown_rule,unknown,3,ZY06,P1,国际,0.0,src_cc9db7bea8ff,origin data/VPD-OE_Agent_20260709/VPD-OE_Agent/data/raw/ZY/3.xls,第3年广告投放(格式二),G23,23
historical_600_unknown_rule,unknown,3,ZY07,P1,国际,0.0,src_cc9db7bea8ff,origin data/VPD-OE_Agent_20260709/VPD-OE_Agent/data/raw/ZY/3.xls,第3年广告投放(格式二),H23,23
historical_600_unknown_rule,unknown,3,ZY08,P1,国际,0.0,src_cc9db7bea8ff,origin data/VPD-OE_Agent_20260709/VPD-OE_Agent/data/raw/ZY/3.xls,第3年广告投放(格式二),I23,23
historical_600_unknown_rule,unknown,3,ZY09,P1,国际,0.0,src_cc9db7bea8ff,origin data/VPD-OE_Agent_20260709/VPD-OE_Agent/data/raw/ZY/3.xls,第3年广告投放(格式二),J23,23
historical_600_unknown_rule,unknown,3,ZY10,P1,国际,0.0,src_cc9db7bea8ff,origin data/VPD-OE_Agent_20260709/VPD-OE_Agent/data/raw/ZY/3.xls,第3年广告投放(格式二),K23,23
historical_600_unknown_rule,unknown,3,ZY11,P1,国际,0.0,src_cc9db7bea8ff,origin data/VPD-OE_Agent_20260709/VPD-OE_Agent/data/raw/ZY/3.xls,第3年广告投放(格式二),L23,23
historical_600_unknown_rule,unknown,3,ZY12,P1,国际,0.0,src_cc9db7bea8ff,origin data/VPD-OE_Agent_20260709/VPD-OE_Agent/data/raw/ZY/3.xls,第3年广告投放(格式二),M23,23
historical_600_unknown_rule,unknown,3,ZY13,P1,国际,0.0,src_cc9db7bea8ff,origin data/VPD-OE_Agent_20260709/VPD-OE_Agent/data/raw/ZY/3.xls,第3年广告投放(格式二),N23,23
historical_600_unknown_rule,unknown,3,ZY14,P1,国际,0.0,src_cc9db7bea8ff,origin data/VPD-OE_Agent_20260709/VPD-OE_Agent/data/raw/ZY/3.xls,第3年广告投放(格式二),O23,23
historical_600_unknown_rule,unknown,3,ZY15,P1,国际,0.0,src_cc9db7bea8ff,origin data/VPD-OE_Agent_20260709/VPD-OE_Agent/data/raw/ZY/3.xls,第3年广告投放(格式二),P23,23
historical_600_unknown_rule,unknown,3,ZY16,P1,国际,0.0,src_cc9db7bea8ff,origin data/VPD-OE_Agent_20260709/VPD-OE_Agent/data/raw/ZY/3.xls,第3年广告投放(格式二),Q23,23
historical_600_unknown_rule,unknown,3,ZY17,P1,国际,0.0,src_cc9db7bea8ff,origin data/VPD-OE_Agent_20260709/VPD-OE_Agent/data/raw/ZY/3.xls,第3年广告投放(格式二),R23,23
historical_600_unknown_rule,unknown,3,ZY18,P1,国际,0.0,src_cc9db7bea8ff,origin data/VPD-OE_Agent_20260709/VPD-OE_Agent/data/raw/ZY/3.xls,第3年广告投放(格式二),S23,23
historical_600_unknown_rule,unknown,3,ZY01,P2,国际,0.0,src_cc9db7bea8ff,origin data/VPD-OE_Agent_20260709/VPD-OE_Agent/data/raw/ZY/3.xls,第3年广告投放(格式二),B24,24
historical_600_unknown_rule,unknown,3,ZY02,P2,国际,0.0,src_cc9db7bea8ff,origin data/VPD-OE_Agent_20260709/VPD-OE_Agent/data/raw/ZY/3.xls,第3年广告投放(格式二),C24,24
historical_600_unknown_rule,unknown,3,ZY03,P2,国际,0.0,src_cc9db7bea8ff,origin data/VPD-OE_Agent_20260709/VPD-OE_Agent/data/raw/ZY/3.xls,第3年广告投放(格式二),D24,24
historical_600_unknown_rule,unknown,3,ZY04,P2,国际,0.0,src_cc9db7bea8ff,origin data/VPD-OE_Agent_20260709/VPD-OE_Agent/data/raw/ZY/3.xls,第3年广告投放(格式二),E24,24
historical_600_unknown_rule,unknown,3,ZY05,P2,国际,0.0,src_cc9db7bea8ff,origin data/VPD-OE_Agent_20260709/VPD-OE_Agent/data/raw/ZY/3.xls,第3年广告投放(格式二),F24,24
historical_600_unknown_rule,unknown,3,ZY06,P2,国际,0.0,src_cc9db7bea8ff,origin data/VPD-OE_Agent_20260709/VPD-OE_Agent/data/raw/ZY/3.xls,第3年广告投放(格式二),G24,24
historical_600_unknown_rule,unknown,3,ZY07,P2,国际,0.0,src_cc9db7bea8ff,origin data/VPD-OE_Agent_20260709/VPD-OE_Agent/data/raw/ZY/3.xls,第3年广告投放(格式二),H24,24
historical_600_unknown_rule,unknown,3,ZY08,P2,国际,0.0,src_cc9db7bea8ff,origin data/VPD-OE_Agent_20260709/VPD-OE_Agent/data/raw/ZY/3.xls,第3年广告投放(格式二),I24,24
historical_600_unknown_rule,unknown,3,ZY09,P2,国际,0.0,src_cc9db7bea8ff,origin data/VPD-OE_Agent_20260709/VPD-OE_Agent/data/raw/ZY/3.xls,第3年广告投放(格式二),J24,24
historical_600_unknown_rule,unknown,3,ZY10,P2,国际,0.0,src_cc9db7bea8ff,origin data/VPD-OE_Agent_20260709/VPD-OE_Agent/data/raw/ZY/3.xls,第3年广告投放(格式二),K24,24
historical_600_unknown_rule,unknown,3,ZY11,P2,国际,0.0,src_cc9db7bea8ff,origin data/VPD-OE_Agent_20260709/VPD-OE_Agent/data/raw/ZY/3.xls,第3年广告投放(格式二),L24,24
historical_600_unknown_rule,unknown,3,ZY12,P2,国际,0.0,src_cc9db7bea8ff,origin data/VPD-OE_Agent_20260709/VPD-OE_Agent/data/raw/ZY/3.xls,第3年广告投放(格式二),M24,24
historical_600_unknown_rule,unknown,3,ZY13,P2,国际,0.0,src_cc9db7bea8ff,origin data/VPD-OE_Agent_20260709/VPD-OE_Agent/data/raw/ZY/3.xls,第3年广告投放(格式二),N24,24
historical_600_unknown_rule,unknown,3,ZY14,P2,国际,0.0,src_cc9db7bea8ff,origin data/VPD-OE_Agent_20260709/VPD-OE_Agent/data/raw/ZY/3.xls,第3年广告投放(格式二),O24,24
historical_600_unknown_rule,unknown,3,ZY15,P2,国际,0.0,src_cc9db7bea8ff,origin data/VPD-OE_Agent_20260709/VPD-OE_Agent/data/raw/ZY/3.xls,第3年广告投放(格式二),P24,24
historical_600_unknown_rule,unknown,3,ZY16,P2,国际,0.0,src_cc9db7bea8ff,origin data/VPD-OE_Agent_20260709/VPD-OE_Agent/data/raw/ZY/3.xls,第3年广告投放(格式二),Q24,24
historical_600_unknown_rule,unknown,3,ZY17,P2,国际,0.0,src_cc9db7bea8ff,origin data/VPD-OE_Agent_20260709/VPD-OE_Agent/data/raw/ZY/3.xls,第3年广告投放(格式二),R24,24
historical_600_unknown_rule,unknown,3,ZY18,P2,国际,0.0,src_cc9db7bea8ff,origin data/VPD-OE_Agent_20260709/VPD-OE_Agent/data/raw/ZY/3.xls,第3年广告投放(格式二),S24,24
historical_600_unknown_rule,unknown,3,ZY01,P3,国际,0.0,src_cc9db7bea8ff,origin data/VPD-OE_Agent_20260709/VPD-OE_Agent/data/raw/ZY/3.xls,第3年广告投放(格式二),B25,25
historical_600_unknown_rule,unknown,3,ZY02,P3,国际,0.0,src_cc9db7bea8ff,origin data/VPD-OE_Agent_20260709/VPD-OE_Agent/data/raw/ZY/3.xls,第3年广告投放(格式二),C25,25
historical_600_unknown_rule,unknown,3,ZY03,P3,国际,0.0,src_cc9db7bea8ff,origin data/VPD-OE_Agent_20260709/VPD-OE_Agent/data/raw/ZY/3.xls,第3年广告投放(格式二),D25,25
historical_600_unknown_rule,unknown,3,ZY04,P3,国际,0.0,src_cc9db7bea8ff,origin data/VPD-OE_Agent_20260709/VPD-OE_Agent/data/raw/ZY/3.xls,第3年广告投放(格式二),E25,25
historical_600_unknown_rule,unknown,3,ZY05,P3,国际,0.0,src_cc9db7bea8ff,origin data/VPD-OE_Agent_20260709/VPD-OE_Agent/data/raw/ZY/3.xls,第3年广告投放(格式二),F25,25
historical_600_unknown_rule,unknown,3,ZY06,P3,国际,0.0,src_cc9db7bea8ff,origin data/VPD-OE_Agent_20260709/VPD-OE_Agent/data/raw/ZY/3.xls,第3年广告投放(格式二),G25,25
historical_600_unknown_rule,unknown,3,ZY07,P3,国际,0.0,src_cc9db7bea8ff,origin data/VPD-OE_Agent_20260709/VPD-OE_Agent/data/raw/ZY/3.xls,第3年广告投放(格式二),H25,25
historical_600_unknown_rule,unknown,3,ZY08,P3,国际,0.0,src_cc9db7bea8ff,origin data/VPD-OE_Agent_20260709/VPD-OE_Agent/data/raw/ZY/3.xls,第3年广告投放(格式二),I25,25
historical_600_unknown_rule,unknown,3,ZY09,P3,国际,0.0,src_cc9db7bea8ff,origin data/VPD-OE_Agent_20260709/VPD-OE_Agent/data/raw/ZY/3.xls,第3年广告投放(格式二),J25,25
historical_600_unknown_rule,unknown,3,ZY10,P3,国际,0.0,src_cc9db7bea8ff,origin data/VPD-OE_Agent_20260709/VPD-OE_Agent/data/raw/ZY/3.xls,第3年广告投放(格式二),K25,25
historical_600_unknown_rule,unknown,3,ZY11,P3,国际,0.0,src_cc9db7bea8ff,origin data/VPD-OE_Agent_20260709/VPD-OE_Agent/data/raw/ZY/3.xls,第3年广告投放(格式二),L25,25
historical_600_unknown_rule,unknown,3,ZY12,P3,国际,0.0,src_cc9db7bea8ff,origin data/VPD-OE_Agent_20260709/VPD-OE_Agent/data/raw/ZY/3.xls,第3年广告投放(格式二),M25,25
historical_600_unknown_rule,unknown,3,ZY13,P3,国际,0.0,src_cc9db7bea8ff,origin data/VPD-OE_Agent_20260709/VPD-OE_Agent/data/raw/ZY/3.xls,第3年广告投放(格式二),N25,25
historical_600_unknown_rule,unknown,3,ZY14,P3,国际,0.0,src_cc9db7bea8ff,origin data/VPD-OE_Agent_20260709/VPD-OE_Agent/data/raw/ZY/3.xls,第3年广告投放(格式二),O25,25
historical_600_unknown_rule,unknown,3,ZY15,P3,国际,0.0,src_cc9db7bea8ff,origin data/VPD-OE_Agent_20260709/VPD-OE_Agent/data/raw/ZY/3.xls,第3年广告投放(格式二),P25,25
historical_600_unknown_rule,unknown,3,ZY16,P3,国际,0.0,src_cc9db7bea8ff,origin data/VPD-OE_Agent_20260709/VPD-OE_Agent/data/raw/ZY/3.xls,第3年广告投放(格式二),Q25,25
historical_600_unknown_rule,unknown,3,ZY17,P3,国际,0.0,src_cc9db7bea8ff,origin data/VPD-OE_Agent_20260709/VPD-OE_Agent/data/raw/ZY/3.xls,第3年广告投放(格式二),R25,25
historical_600_unknown_rule,unknown,3,ZY18,P3,国际,0.0,src_cc9db7bea8ff,origin data/VPD-OE_Agent_20260709/VPD-OE_Agent/data/raw/ZY/3.xls,第3年广告投放(格式二),S25,25
historical_600_unknown_rule,unknown,3,ZY01,P4,国际,0.0,src_cc9db7bea8ff,origin data/VPD-OE_Agent_20260709/VPD-OE_Agent/data/raw/ZY/3.xls,第3年广告投放(格式二),B26,26
historical_600_unknown_rule,unknown,3,ZY02,P4,国际,0.0,src_cc9db7bea8ff,origin data/VPD-OE_Agent_20260709/VPD-OE_Agent/data/raw/ZY/3.xls,第3年广告投放(格式二),C26,26
historical_600_unknown_rule,unknown,3,ZY03,P4,国际,0.0,src_cc9db7bea8ff,origin data/VPD-OE_Agent_20260709/VPD-OE_Agent/data/raw/ZY/3.xls,第3年广告投放(格式二),D26,26
historical_600_unknown_rule,unknown,3,ZY04,P4,国际,0.0,src_cc9db7bea8ff,origin data/VPD-OE_Agent_20260709/VPD-OE_Agent/data/raw/ZY/3.xls,第3年广告投放(格式二),E26,26
historical_600_unknown_rule,unknown,3,ZY05,P4,国际,0.0,src_cc9db7bea8ff,origin data/VPD-OE_Agent_20260709/VPD-OE_Agent/data/raw/ZY/3.xls,第3年广告投放(格式二),F26,26
historical_600_unknown_rule,unknown,3,ZY06,P4,国际,0.0,src_cc9db7bea8ff,origin data/VPD-OE_Agent_20260709/VPD-OE_Agent/data/raw/ZY/3.xls,第3年广告投放(格式二),G26,26
historical_600_unknown_rule,unknown,3,ZY07,P4,国际,0.0,src_cc9db7bea8ff,origin data/VPD-OE_Agent_20260709/VPD-OE_Agent/data/raw/ZY/3.xls,第3年广告投放(格式二),H26,26
historical_600_unknown_rule,unknown,3,ZY08,P4,国际,0.0,src_cc9db7bea8ff,origin data/VPD-OE_Agent_20260709/VPD-OE_Agent/data/raw/ZY/3.xls,第3年广告投放(格式二),I26,26
historical_600_unknown_rule,unknown,3,ZY09,P4,国际,0.0,src_cc9db7bea8ff,origin data/VPD-OE_Agent_20260709/VPD-OE_Agent/data/raw/ZY/3.xls,第3年广告投放(格式二),J26,26
historical_600_unknown_rule,unknown,3,ZY10,P4,国际,0.0,src_cc9db7bea8ff,origin data/VPD-OE_Agent_20260709/VPD-OE_Agent/data/raw/ZY/3.xls,第3年广告投放(格式二),K26,26
historical_600_unknown_rule,unknown,3,ZY11,P4,国际,0.0,src_cc9db7bea8ff,origin data/VPD-OE_Agent_20260709/VPD-OE_Agent/data/raw/ZY/3.xls,第3年广告投放(格式二),L26,26
historical_600_unknown_rule,unknown,3,ZY12,P4,国际,0.0,src_cc9db7bea8ff,origin data/VPD-OE_Agent_20260709/VPD-OE_Agent/data/raw/ZY/3.xls,第3年广告投放(格式二),M26,26
historical_600_unknown_rule,unknown,3,ZY13,P4,国际,0.0,src_cc9db7bea8ff,origin data/VPD-OE_Agent_20260709/VPD-OE_Agent/data/raw/ZY/3.xls,第3年广告投放(格式二),N26,26
historical_600_unknown_rule,unknown,3,ZY14,P4,国际,0.0,src_cc9db7bea8ff,origin data/VPD-OE_Agent_20260709/VPD-OE_Agent/data/raw/ZY/3.xls,第3年广告投放(格式二),O26,26
historical_600_unknown_rule,unknown,3,ZY15,P4,国际,0.0,src_cc9db7bea8ff,origin data/VPD-OE_Agent_20260709/VPD-OE_Agent/data/raw/ZY/3.xls,第3年广告投放(格式二),P26,26
historical_600_unknown_rule,unknown,3,ZY16,P4,国际,0.0,src_cc9db7bea8ff,origin data/VPD-OE_Agent_20260709/VPD-OE_Agent/data/raw/ZY/3.xls,第3年广告投放(格式二),Q26,26
historical_600_unknown_rule,unknown,3,ZY17,P4,国际,0.0,src_cc9db7bea8ff,origin data/VPD-OE_Agent_20260709/VPD-OE_Agent/data/raw/ZY/3.xls,第3年广告投放(格式二),R26,26
historical_600_unknown_rule,unknown,3,ZY18,P4,国际,0.0,src_cc9db7bea8ff,origin data/VPD-OE_Agent_20260709/VPD-OE_Agent/data/raw/ZY/3.xls,第3年广告投放(格式二),S26,26
historical_600_unknown_rule,unknown,4,ZY01,P1,本地,0.0,src_db39b8a79217,origin data/VPD-OE_Agent_20260709/VPD-OE_Agent/data/raw/ZY/4.xls,第4年广告投放(格式二),B3,3
historical_600_unknown_rule,unknown,4,ZY02,P1,本地,0.0,src_db39b8a79217,origin data/VPD-OE_Agent_20260709/VPD-OE_Agent/data/raw/ZY/4.xls,第4年广告投放(格式二),C3,3
historical_600_unknown_rule,unknown,4,ZY03,P1,本地,0.0,src_db39b8a79217,origin data/VPD-OE_Agent_20260709/VPD-OE_Agent/data/raw/ZY/4.xls,第4年广告投放(格式二),D3,3
historical_600_unknown_rule,unknown,4,ZY04,P1,本地,0.0,src_db39b8a79217,origin data/VPD-OE_Agent_20260709/VPD-OE_Agent/data/raw/ZY/4.xls,第4年广告投放(格式二),E3,3
historical_600_unknown_rule,unknown,4,ZY05,P1,本地,0.0,src_db39b8a79217,origin data/VPD-OE_Agent_20260709/VPD-OE_Agent/data/raw/ZY/4.xls,第4年广告投放(格式二),F3,3
historical_600_unknown_rule,unknown,4,ZY06,P1,本地,0.0,src_db39b8a79217,origin data/VPD-OE_Agent_20260709/VPD-OE_Agent/data/raw/ZY/4.xls,第4年广告投放(格式二),G3,3
historical_600_unknown_rule,unknown,4,ZY07,P1,本地,0.0,src_db39b8a79217,origin data/VPD-OE_Agent_20260709/VPD-OE_Agent/data/raw/ZY/4.xls,第4年广告投放(格式二),H3,3
historical_600_unknown_rule,unknown,4,ZY08,P1,本地,10.0,src_db39b8a79217,origin data/VPD-OE_Agent_20260709/VPD-OE_Agent/data/raw/ZY/4.xls,第4年广告投放(格式二),I3,3
historical_600_unknown_rule,unknown,4,ZY09,P1,本地,0.0,src_db39b8a79217,origin data/VPD-OE_Agent_20260709/VPD-OE_Agent/data/raw/ZY/4.xls,第4年广告投放(格式二),J3,3
historical_600_unknown_rule,unknown,4,ZY10,P1,本地,0.0,src_db39b8a79217,origin data/VPD-OE_Agent_20260709/VPD-OE_Agent/data/raw/ZY/4.xls,第4年广告投放(格式二),K3,3
historical_600_unknown_rule,unknown,4,ZY11,P1,本地,0.0,src_db39b8a79217,origin data/VPD-OE_Agent_20260709/VPD-OE_Agent/data/raw/ZY/4.xls,第4年广告投放(格式二),L3,3
historical_600_unknown_rule,unknown,4,ZY12,P1,本地,0.0,src_db39b8a79217,origin data/VPD-OE_Agent_20260709/VPD-OE_Agent/data/raw/ZY/4.xls,第4年广告投放(格式二),M3,3
historical_600_unknown_rule,unknown,4,ZY13,P1,本地,0.0,src_db39b8a79217,origin data/VPD-OE_Agent_20260709/VPD-OE_Agent/data/raw/ZY/4.xls,第4年广告投放(格式二),N3,3
historical_600_unknown_rule,unknown,4,ZY14,P1,本地,0.0,src_db39b8a79217,origin data/VPD-OE_Agent_20260709/VPD-OE_Agent/data/raw/ZY/4.xls,第4年广告投放(格式二),O3,3
historical_600_unknown_rule,unknown,4,ZY15,P1,本地,0.0,src_db39b8a79217,origin data/VPD-OE_Agent_20260709/VPD-OE_Agent/data/raw/ZY/4.xls,第4年广告投放(格式二),P3,3
historical_600_unknown_rule,unknown,4,ZY16,P1,本地,0.0,src_db39b8a79217,origin data/VPD-OE_Agent_20260709/VPD-OE_Agent/data/raw/ZY/4.xls,第4年广告投放(格式二),Q3,3
historical_600_unknown_rule,unknown,4,ZY17,P1,本地,0.0,src_db39b8a79217,origin data/VPD-OE_Agent_20260709/VPD-OE_Agent/data/raw/ZY/4.xls,第4年广告投放(格式二),R3,3
historical_600_unknown_rule,unknown,4,ZY18,P1,本地,0.0,src_db39b8a79217,origin data/VPD-OE_Agent_20260709/VPD-OE_Agent/data/raw/ZY/4.xls,第4年广告投放(格式二),S3,3
historical_600_unknown_rule,unknown,4,ZY01,P2,本地,0.0,src_db39b8a79217,origin data/VPD-OE_Agent_20260709/VPD-OE_Agent/data/raw/ZY/4.xls,第4年广告投放(格式二),B4,4
historical_600_unknown_rule,unknown,4,ZY02,P2,本地,0.0,src_db39b8a79217,origin data/VPD-OE_Agent_20260709/VPD-OE_Agent/data/raw/ZY/4.xls,第4年广告投放(格式二),C4,4
historical_600_unknown_rule,unknown,4,ZY03,P2,本地,10.0,src_db39b8a79217,origin data/VPD-OE_Agent_20260709/VPD-OE_Agent/data/raw/ZY/4.xls,第4年广告投放(格式二),D4,4
historical_600_unknown_rule,unknown,4,ZY04,P2,本地,13.0,src_db39b8a79217,origin data/VPD-OE_Agent_20260709/VPD-OE_Agent/data/raw/ZY/4.xls,第4年广告投放(格式二),E4,4
historical_600_unknown_rule,unknown,4,ZY05,P2,本地,0.0,src_db39b8a79217,origin data/VPD-OE_Agent_20260709/VPD-OE_Agent/data/raw/ZY/4.xls,第4年广告投放(格式二),F4,4
historical_600_unknown_rule,unknown,4,ZY06,P2,本地,0.0,src_db39b8a79217,origin data/VPD-OE_Agent_20260709/VPD-OE_Agent/data/raw/ZY/4.xls,第4年广告投放(格式二),G4,4
historical_600_unknown_rule,unknown,4,ZY07,P2,本地,0.0,src_db39b8a79217,origin data/VPD-OE_Agent_20260709/VPD-OE_Agent/data/raw/ZY/4.xls,第4年广告投放(格式二),H4,4
historical_600_unknown_rule,unknown,4,ZY08,P2,本地,0.0,src_db39b8a79217,origin data/VPD-OE_Agent_20260709/VPD-OE_Agent/data/raw/ZY/4.xls,第4年广告投放(格式二),I4,4
historical_600_unknown_rule,unknown,4,ZY09,P2,本地,0.0,src_db39b8a79217,origin data/VPD-OE_Agent_20260709/VPD-OE_Agent/data/raw/ZY/4.xls,第4年广告投放(格式二),J4,4
historical_600_unknown_rule,unknown,4,ZY10,P2,本地,0.0,src_db39b8a79217,origin data/VPD-OE_Agent_20260709/VPD-OE_Agent/data/raw/ZY/4.xls,第4年广告投放(格式二),K4,4
historical_600_unknown_rule,unknown,4,ZY11,P2,本地,30.0,src_db39b8a79217,origin data/VPD-OE_Agent_20260709/VPD-OE_Agent/data/raw/ZY/4.xls,第4年广告投放(格式二),L4,4
historical_600_unknown_rule,unknown,4,ZY12,P2,本地,0.0,src_db39b8a79217,origin data/VPD-OE_Agent_20260709/VPD-OE_Agent/data/raw/ZY/4.xls,第4年广告投放(格式二),M4,4
historical_600_unknown_rule,unknown,4,ZY13,P2,本地,0.0,src_db39b8a79217,origin data/VPD-OE_Agent_20260709/VPD-OE_Agent/data/raw/ZY/4.xls,第4年广告投放(格式二),N4,4
historical_600_unknown_rule,unknown,4,ZY14,P2,本地,25.0,src_db39b8a79217,origin data/VPD-OE_Agent_20260709/VPD-OE_Agent/data/raw/ZY/4.xls,第4年广告投放(格式二),O4,4
historical_600_unknown_rule,unknown,4,ZY15,P2,本地,0.0,src_db39b8a79217,origin data/VPD-OE_Agent_20260709/VPD-OE_Agent/data/raw/ZY/4.xls,第4年广告投放(格式二),P4,4
historical_600_unknown_rule,unknown,4,ZY16,P2,本地,18.0,src_db39b8a79217,origin data/VPD-OE_Agent_20260709/VPD-OE_Agent/data/raw/ZY/4.xls,第4年广告投放(格式二),Q4,4
historical_600_unknown_rule,unknown,4,ZY17,P2,本地,0.0,src_db39b8a79217,origin data/VPD-OE_Agent_20260709/VPD-OE_Agent/data/raw/ZY/4.xls,第4年广告投放(格式二),R4,4
historical_600_unknown_rule,unknown,4,ZY18,P2,本地,0.0,src_db39b8a79217,origin data/VPD-OE_Agent_20260709/VPD-OE_Agent/data/raw/ZY/4.xls,第4年广告投放(格式二),S4,4
historical_600_unknown_rule,unknown,4,ZY01,P3,本地,0.0,src_db39b8a79217,origin data/VPD-OE_Agent_20260709/VPD-OE_Agent/data/raw/ZY/4.xls,第4年广告投放(格式二),B5,5
historical_600_unknown_rule,unknown,4,ZY02,P3,本地,25.0,src_db39b8a79217,origin data/VPD-OE_Agent_20260709/VPD-OE_Agent/data/raw/ZY/4.xls,第4年广告投放(格式二),C5,5
historical_600_unknown_rule,unknown,4,ZY03,P3,本地,10.0,src_db39b8a79217,origin data/VPD-OE_Agent_20260709/VPD-OE_Agent/data/raw/ZY/4.xls,第4年广告投放(格式二),D5,5
historical_600_unknown_rule,unknown,4,ZY04,P3,本地,45.0,src_db39b8a79217,origin data/VPD-OE_Agent_20260709/VPD-OE_Agent/data/raw/ZY/4.xls,第4年广告投放(格式二),E5,5
historical_600_unknown_rule,unknown,4,ZY05,P3,本地,20.0,src_db39b8a79217,origin data/VPD-OE_Agent_20260709/VPD-OE_Agent/data/raw/ZY/4.xls,第4年广告投放(格式二),F5,5
historical_600_unknown_rule,unknown,4,ZY06,P3,本地,0.0,src_db39b8a79217,origin data/VPD-OE_Agent_20260709/VPD-OE_Agent/data/raw/ZY/4.xls,第4年广告投放(格式二),G5,5
historical_600_unknown_rule,unknown,4,ZY07,P3,本地,26.0,src_db39b8a79217,origin data/VPD-OE_Agent_20260709/VPD-OE_Agent/data/raw/ZY/4.xls,第4年广告投放(格式二),H5,5
historical_600_unknown_rule,unknown,4,ZY08,P3,本地,0.0,src_db39b8a79217,origin data/VPD-OE_Agent_20260709/VPD-OE_Agent/data/raw/ZY/4.xls,第4年广告投放(格式二),I5,5
historical_600_unknown_rule,unknown,4,ZY09,P3,本地,42.0,src_db39b8a79217,origin data/VPD-OE_Agent_20260709/VPD-OE_Agent/data/raw/ZY/4.xls,第4年广告投放(格式二),J5,5
historical_600_unknown_rule,unknown,4,ZY10,P3,本地,14.0,src_db39b8a79217,origin data/VPD-OE_Agent_20260709/VPD-OE_Agent/data/raw/ZY/4.xls,第4年广告投放(格式二),K5,5
historical_600_unknown_rule,unknown,4,ZY11,P3,本地,0.0,src_db39b8a79217,origin data/VPD-OE_Agent_20260709/VPD-OE_Agent/data/raw/ZY/4.xls,第4年广告投放(格式二),L5,5
historical_600_unknown_rule,unknown,4,ZY12,P3,本地,0.0,src_db39b8a79217,origin data/VPD-OE_Agent_20260709/VPD-OE_Agent/data/raw/ZY/4.xls,第4年广告投放(格式二),M5,5
historical_600_unknown_rule,unknown,4,ZY13,P3,本地,35.0,src_db39b8a79217,origin data/VPD-OE_Agent_20260709/VPD-OE_Agent/data/raw/ZY/4.xls,第4年广告投放(格式二),N5,5
historical_600_unknown_rule,unknown,4,ZY14,P3,本地,0.0,src_db39b8a79217,origin data/VPD-OE_Agent_20260709/VPD-OE_Agent/data/raw/ZY/4.xls,第4年广告投放(格式二),O5,5
historical_600_unknown_rule,unknown,4,ZY15,P3,本地,0.0,src_db39b8a79217,origin data/VPD-OE_Agent_20260709/VPD-OE_Agent/data/raw/ZY/4.xls,第4年广告投放(格式二),P5,5
historical_600_unknown_rule,unknown,4,ZY16,P3,本地,0.0,src_db39b8a79217,origin data/VPD-OE_Agent_20260709/VPD-OE_Agent/data/raw/ZY/4.xls,第4年广告投放(格式二),Q5,5
historical_600_unknown_rule,unknown,4,ZY17,P3,本地,0.0,src_db39b8a79217,origin data/VPD-OE_Agent_20260709/VPD-OE_Agent/data/raw/ZY/4.xls,第4年广告投放(格式二),R5,5
historical_600_unknown_rule,unknown,4,ZY18,P3,本地,0.0,src_db39b8a79217,origin data/VPD-OE_Agent_20260709/VPD-OE_Agent/data/raw/ZY/4.xls,第4年广告投放(格式二),S5,5
historical_600_unknown_rule,unknown,4,ZY01,P4,本地,0.0,src_db39b8a79217,origin data/VPD-OE_Agent_20260709/VPD-OE_Agent/data/raw/ZY/4.xls,第4年广告投放(格式二),B6,6
historical_600_unknown_rule,unknown,4,ZY02,P4,本地,0.0,src_db39b8a79217,origin data/VPD-OE_Agent_20260709/VPD-OE_Agent/data/raw/ZY/4.xls,第4年广告投放(格式二),C6,6
historical_600_unknown_rule,unknown,4,ZY03,P4,本地,0.0,src_db39b8a79217,origin data/VPD-OE_Agent_20260709/VPD-OE_Agent/data/raw/ZY/4.xls,第4年广告投放(格式二),D6,6
historical_600_unknown_rule,unknown,4,ZY04,P4,本地,0.0,src_db39b8a79217,origin data/VPD-OE_Agent_20260709/VPD-OE_Agent/data/raw/ZY/4.xls,第4年广告投放(格式二),E6,6
historical_600_unknown_rule,unknown,4,ZY05,P4,本地,0.0,src_db39b8a79217,origin data/VPD-OE_Agent_20260709/VPD-OE_Agent/data/raw/ZY/4.xls,第4年广告投放(格式二),F6,6
historical_600_unknown_rule,unknown,4,ZY06,P4,本地,0.0,src_db39b8a79217,origin data/VPD-OE_Agent_20260709/VPD-OE_Agent/data/raw/ZY/4.xls,第4年广告投放(格式二),G6,6
historical_600_unknown_rule,unknown,4,ZY07,P4,本地,0.0,src_db39b8a79217,origin data/VPD-OE_Agent_20260709/VPD-OE_Agent/data/raw/ZY/4.xls,第4年广告投放(格式二),H6,6
historical_600_unknown_rule,unknown,4,ZY08,P4,本地,12.0,src_db39b8a79217,origin data/VPD-OE_Agent_20260709/VPD-OE_Agent/data/raw/ZY/4.xls,第4年广告投放(格式二),I6,6
historical_600_unknown_rule,unknown,4,ZY09,P4,本地,0.0,src_db39b8a79217,origin data/VPD-OE_Agent_20260709/VPD-OE_Agent/data/raw/ZY/4.xls,第4年广告投放(格式二),J6,6
historical_600_unknown_rule,unknown,4,ZY10,P4,本地,35.0,src_db39b8a79217,origin data/VPD-OE_Agent_20260709/VPD-OE_Agent/data/raw/ZY/4.xls,第4年广告投放(格式二),K6,6
historical_600_unknown_rule,unknown,4,ZY11,P4,本地,0.0,src_db39b8a79217,origin data/VPD-OE_Agent_20260709/VPD-OE_Agent/data/raw/ZY/4.xls,第4年广告投放(格式二),L6,6
historical_600_unknown_rule,unknown,4,ZY12,P4,本地,0.0,src_db39b8a79217,origin data/VPD-OE_Agent_20260709/VPD-OE_Agent/data/raw/ZY/4.xls,第4年广告投放(格式二),M6,6
historical_600_unknown_rule,unknown,4,ZY13,P4,本地,34.0,src_db39b8a79217,origin data/VPD-OE_Agent_20260709/VPD-OE_Agent/data/raw/ZY/4.xls,第4年广告投放(格式二),N6,6
historical_600_unknown_rule,unknown,4,ZY14,P4,本地,0.0,src_db39b8a79217,origin data/VPD-OE_Agent_20260709/VPD-OE_Agent/data/raw/ZY/4.xls,第4年广告投放(格式二),O6,6
historical_600_unknown_rule,unknown,4,ZY15,P4,本地,0.0,src_db39b8a79217,origin data/VPD-OE_Agent_20260709/VPD-OE_Agent/data/raw/ZY/4.xls,第4年广告投放(格式二),P6,6
historical_600_unknown_rule,unknown,4,ZY16,P4,本地,0.0,src_db39b8a79217,origin data/VPD-OE_Agent_20260709/VPD-OE_Agent/data/raw/ZY/4.xls,第4年广告投放(格式二),Q6,6
historical_600_unknown_rule,unknown,4,ZY17,P4,本地,12.0,src_db39b8a79217,origin data/VPD-OE_Agent_20260709/VPD-OE_Agent/data/raw/ZY/4.xls,第4年广告投放(格式二),R6,6
historical_600_unknown_rule,unknown,4,ZY18,P4,本地,0.0,src_db39b8a79217,origin data/VPD-OE_Agent_20260709/VPD-OE_Agent/data/raw/ZY/4.xls,第4年广告投放(格式二),S6,6
historical_600_unknown_rule,unknown,4,ZY01,P1,区域,0.0,src_db39b8a79217,origin data/VPD-OE_Agent_20260709/VPD-OE_Agent/data/raw/ZY/4.xls,第4年广告投放(格式二),B8,8
historical_600_unknown_rule,unknown,4,ZY02,P1,区域,0.0,src_db39b8a79217,origin data/VPD-OE_Agent_20260709/VPD-OE_Agent/data/raw/ZY/4.xls,第4年广告投放(格式二),C8,8
historical_600_unknown_rule,unknown,4,ZY03,P1,区域,0.0,src_db39b8a79217,origin data/VPD-OE_Agent_20260709/VPD-OE_Agent/data/raw/ZY/4.xls,第4年广告投放(格式二),D8,8
historical_600_unknown_rule,unknown,4,ZY04,P1,区域,0.0,src_db39b8a79217,origin data/VPD-OE_Agent_20260709/VPD-OE_Agent/data/raw/ZY/4.xls,第4年广告投放(格式二),E8,8
historical_600_unknown_rule,unknown,4,ZY05,P1,区域,0.0,src_db39b8a79217,origin data/VPD-OE_Agent_20260709/VPD-OE_Agent/data/raw/ZY/4.xls,第4年广告投放(格式二),F8,8
historical_600_unknown_rule,unknown,4,ZY06,P1,区域,0.0,src_db39b8a79217,origin data/VPD-OE_Agent_20260709/VPD-OE_Agent/data/raw/ZY/4.xls,第4年广告投放(格式二),G8,8
historical_600_unknown_rule,unknown,4,ZY07,P1,区域,0.0,src_db39b8a79217,origin data/VPD-OE_Agent_20260709/VPD-OE_Agent/data/raw/ZY/4.xls,第4年广告投放(格式二),H8,8
historical_600_unknown_rule,unknown,4,ZY08,P1,区域,0.0,src_db39b8a79217,origin data/VPD-OE_Agent_20260709/VPD-OE_Agent/data/raw/ZY/4.xls,第4年广告投放(格式二),I8,8
historical_600_unknown_rule,unknown,4,ZY09,P1,区域,0.0,src_db39b8a79217,origin data/VPD-OE_Agent_20260709/VPD-OE_Agent/data/raw/ZY/4.xls,第4年广告投放(格式二),J8,8
historical_600_unknown_rule,unknown,4,ZY10,P1,区域,0.0,src_db39b8a79217,origin data/VPD-OE_Agent_20260709/VPD-OE_Agent/data/raw/ZY/4.xls,第4年广告投放(格式二),K8,8
historical_600_unknown_rule,unknown,4,ZY11,P1,区域,0.0,src_db39b8a79217,origin data/VPD-OE_Agent_20260709/VPD-OE_Agent/data/raw/ZY/4.xls,第4年广告投放(格式二),L8,8
historical_600_unknown_rule,unknown,4,ZY12,P1,区域,0.0,src_db39b8a79217,origin data/VPD-OE_Agent_20260709/VPD-OE_Agent/data/raw/ZY/4.xls,第4年广告投放(格式二),M8,8
historical_600_unknown_rule,unknown,4,ZY13,P1,区域,0.0,src_db39b8a79217,origin data/VPD-OE_Agent_20260709/VPD-OE_Agent/data/raw/ZY/4.xls,第4年广告投放(格式二),N8,8
historical_600_unknown_rule,unknown,4,ZY14,P1,区域,0.0,src_db39b8a79217,origin data/VPD-OE_Agent_20260709/VPD-OE_Agent/data/raw/ZY/4.xls,第4年广告投放(格式二),O8,8
historical_600_unknown_rule,unknown,4,ZY15,P1,区域,0.0,src_db39b8a79217,origin data/VPD-OE_Agent_20260709/VPD-OE_Agent/data/raw/ZY/4.xls,第4年广告投放(格式二),P8,8
historical_600_unknown_rule,unknown,4,ZY16,P1,区域,0.0,src_db39b8a79217,origin data/VPD-OE_Agent_20260709/VPD-OE_Agent/data/raw/ZY/4.xls,第4年广告投放(格式二),Q8,8
historical_600_unknown_rule,unknown,4,ZY17,P1,区域,0.0,src_db39b8a79217,origin data/VPD-OE_Agent_20260709/VPD-OE_Agent/data/raw/ZY/4.xls,第4年广告投放(格式二),R8,8
historical_600_unknown_rule,unknown,4,ZY18,P1,区域,0.0,src_db39b8a79217,origin data/VPD-OE_Agent_20260709/VPD-OE_Agent/data/raw/ZY/4.xls,第4年广告投放(格式二),S8,8
historical_600_unknown_rule,unknown,4,ZY01,P2,区域,0.0,src_db39b8a79217,origin data/VPD-OE_Agent_20260709/VPD-OE_Agent/data/raw/ZY/4.xls,第4年广告投放(格式二),B9,9
historical_600_unknown_rule,unknown,4,ZY02,P2,区域,0.0,src_db39b8a79217,origin data/VPD-OE_Agent_20260709/VPD-OE_Agent/data/raw/ZY/4.xls,第4年广告投放(格式二),C9,9
historical_600_unknown_rule,unknown,4,ZY03,P2,区域,10.0,src_db39b8a79217,origin data/VPD-OE_Agent_20260709/VPD-OE_Agent/data/raw/ZY/4.xls,第4年广告投放(格式二),D9,9
historical_600_unknown_rule,unknown,4,ZY04,P2,区域,45.0,src_db39b8a79217,origin data/VPD-OE_Agent_20260709/VPD-OE_Agent/data/raw/ZY/4.xls,第4年广告投放(格式二),E9,9
historical_600_unknown_rule,unknown,4,ZY05,P2,区域,40.0,src_db39b8a79217,origin data/VPD-OE_Agent_20260709/VPD-OE_Agent/data/raw/ZY/4.xls,第4年广告投放(格式二),F9,9
historical_600_unknown_rule,unknown,4,ZY06,P2,区域,0.0,src_db39b8a79217,origin data/VPD-OE_Agent_20260709/VPD-OE_Agent/data/raw/ZY/4.xls,第4年广告投放(格式二),G9,9
historical_600_unknown_rule,unknown,4,ZY07,P2,区域,26.0,src_db39b8a79217,origin data/VPD-OE_Agent_20260709/VPD-OE_Agent/data/raw/ZY/4.xls,第4年广告投放(格式二),H9,9
historical_600_unknown_rule,unknown,4,ZY08,P2,区域,0.0,src_db39b8a79217,origin data/VPD-OE_Agent_20260709/VPD-OE_Agent/data/raw/ZY/4.xls,第4年广告投放(格式二),I9,9
historical_600_unknown_rule,unknown,4,ZY09,P2,区域,0.0,src_db39b8a79217,origin data/VPD-OE_Agent_20260709/VPD-OE_Agent/data/raw/ZY/4.xls,第4年广告投放(格式二),J9,9
historical_600_unknown_rule,unknown,4,ZY10,P2,区域,0.0,src_db39b8a79217,origin data/VPD-OE_Agent_20260709/VPD-OE_Agent/data/raw/ZY/4.xls,第4年广告投放(格式二),K9,9
historical_600_unknown_rule,unknown,4,ZY11,P2,区域,30.0,src_db39b8a79217,origin data/VPD-OE_Agent_20260709/VPD-OE_Agent/data/raw/ZY/4.xls,第4年广告投放(格式二),L9,9
historical_600_unknown_rule,unknown,4,ZY12,P2,区域,0.0,src_db39b8a79217,origin data/VPD-OE_Agent_20260709/VPD-OE_Agent/data/raw/ZY/4.xls,第4年广告投放(格式二),M9,9
historical_600_unknown_rule,unknown,4,ZY13,P2,区域,0.0,src_db39b8a79217,origin data/VPD-OE_Agent_20260709/VPD-OE_Agent/data/raw/ZY/4.xls,第4年广告投放(格式二),N9,9
historical_600_unknown_rule,unknown,4,ZY14,P2,区域,45.0,src_db39b8a79217,origin data/VPD-OE_Agent_20260709/VPD-OE_Agent/data/raw/ZY/4.xls,第4年广告投放(格式二),O9,9
historical_600_unknown_rule,unknown,4,ZY15,P2,区域,0.0,src_db39b8a79217,origin data/VPD-OE_Agent_20260709/VPD-OE_Agent/data/raw/ZY/4.xls,第4年广告投放(格式二),P9,9
historical_600_unknown_rule,unknown,4,ZY16,P2,区域,38.0,src_db39b8a79217,origin data/VPD-OE_Agent_20260709/VPD-OE_Agent/data/raw/ZY/4.xls,第4年广告投放(格式二),Q9,9
historical_600_unknown_rule,unknown,4,ZY17,P2,区域,0.0,src_db39b8a79217,origin data/VPD-OE_Agent_20260709/VPD-OE_Agent/data/raw/ZY/4.xls,第4年广告投放(格式二),R9,9
historical_600_unknown_rule,unknown,4,ZY18,P2,区域,0.0,src_db39b8a79217,origin data/VPD-OE_Agent_20260709/VPD-OE_Agent/data/raw/ZY/4.xls,第4年广告投放(格式二),S9,9
historical_600_unknown_rule,unknown,4,ZY01,P3,区域,0.0,src_db39b8a79217,origin data/VPD-OE_Agent_20260709/VPD-OE_Agent/data/raw/ZY/4.xls,第4年广告投放(格式二),B10,10
historical_600_unknown_rule,unknown,4,ZY02,P3,区域,0.0,src_db39b8a79217,origin data/VPD-OE_Agent_20260709/VPD-OE_Agent/data/raw/ZY/4.xls,第4年广告投放(格式二),C10,10
historical_600_unknown_rule,unknown,4,ZY03,P3,区域,0.0,src_db39b8a79217,origin data/VPD-OE_Agent_20260709/VPD-OE_Agent/data/raw/ZY/4.xls,第4年广告投放(格式二),D10,10
historical_600_unknown_rule,unknown,4,ZY04,P3,区域,0.0,src_db39b8a79217,origin data/VPD-OE_Agent_20260709/VPD-OE_Agent/data/raw/ZY/4.xls,第4年广告投放(格式二),E10,10
historical_600_unknown_rule,unknown,4,ZY05,P3,区域,31.0,src_db39b8a79217,origin data/VPD-OE_Agent_20260709/VPD-OE_Agent/data/raw/ZY/4.xls,第4年广告投放(格式二),F10,10
historical_600_unknown_rule,unknown,4,ZY06,P3,区域,0.0,src_db39b8a79217,origin data/VPD-OE_Agent_20260709/VPD-OE_Agent/data/raw/ZY/4.xls,第4年广告投放(格式二),G10,10
historical_600_unknown_rule,unknown,4,ZY07,P3,区域,0.0,src_db39b8a79217,origin data/VPD-OE_Agent_20260709/VPD-OE_Agent/data/raw/ZY/4.xls,第4年广告投放(格式二),H10,10
historical_600_unknown_rule,unknown,4,ZY08,P3,区域,0.0,src_db39b8a79217,origin data/VPD-OE_Agent_20260709/VPD-OE_Agent/data/raw/ZY/4.xls,第4年广告投放(格式二),I10,10
historical_600_unknown_rule,unknown,4,ZY09,P3,区域,13.0,src_db39b8a79217,origin data/VPD-OE_Agent_20260709/VPD-OE_Agent/data/raw/ZY/4.xls,第4年广告投放(格式二),J10,10
historical_600_unknown_rule,unknown,4,ZY10,P3,区域,0.0,src_db39b8a79217,origin data/VPD-OE_Agent_20260709/VPD-OE_Agent/data/raw/ZY/4.xls,第4年广告投放(格式二),K10,10
historical_600_unknown_rule,unknown,4,ZY11,P3,区域,0.0,src_db39b8a79217,origin data/VPD-OE_Agent_20260709/VPD-OE_Agent/data/raw/ZY/4.xls,第4年广告投放(格式二),L10,10
historical_600_unknown_rule,unknown,4,ZY12,P3,区域,0.0,src_db39b8a79217,origin data/VPD-OE_Agent_20260709/VPD-OE_Agent/data/raw/ZY/4.xls,第4年广告投放(格式二),M10,10
historical_600_unknown_rule,unknown,4,ZY13,P3,区域,0.0,src_db39b8a79217,origin data/VPD-OE_Agent_20260709/VPD-OE_Agent/data/raw/ZY/4.xls,第4年广告投放(格式二),N10,10
historical_600_unknown_rule,unknown,4,ZY14,P3,区域,25.0,src_db39b8a79217,origin data/VPD-OE_Agent_20260709/VPD-OE_Agent/data/raw/ZY/4.xls,第4年广告投放(格式二),O10,10
historical_600_unknown_rule,unknown,4,ZY15,P3,区域,0.0,src_db39b8a79217,origin data/VPD-OE_Agent_20260709/VPD-OE_Agent/data/raw/ZY/4.xls,第4年广告投放(格式二),P10,10
historical_600_unknown_rule,unknown,4,ZY16,P3,区域,0.0,src_db39b8a79217,origin data/VPD-OE_Agent_20260709/VPD-OE_Agent/data/raw/ZY/4.xls,第4年广告投放(格式二),Q10,10
historical_600_unknown_rule,unknown,4,ZY17,P3,区域,0.0,src_db39b8a79217,origin data/VPD-OE_Agent_20260709/VPD-OE_Agent/data/raw/ZY/4.xls,第4年广告投放(格式二),R10,10
historical_600_unknown_rule,unknown,4,ZY18,P3,区域,0.0,src_db39b8a79217,origin data/VPD-OE_Agent_20260709/VPD-OE_Agent/data/raw/ZY/4.xls,第4年广告投放(格式二),S10,10
historical_600_unknown_rule,unknown,4,ZY01,P4,区域,0.0,src_db39b8a79217,origin data/VPD-OE_Agent_20260709/VPD-OE_Agent/data/raw/ZY/4.xls,第4年广告投放(格式二),B11,11
historical_600_unknown_rule,unknown,4,ZY02,P4,区域,0.0,src_db39b8a79217,origin data/VPD-OE_Agent_20260709/VPD-OE_Agent/data/raw/ZY/4.xls,第4年广告投放(格式二),C11,11
historical_600_unknown_rule,unknown,4,ZY03,P4,区域,0.0,src_db39b8a79217,origin data/VPD-OE_Agent_20260709/VPD-OE_Agent/data/raw/ZY/4.xls,第4年广告投放(格式二),D11,11
historical_600_unknown_rule,unknown,4,ZY04,P4,区域,0.0,src_db39b8a79217,origin data/VPD-OE_Agent_20260709/VPD-OE_Agent/data/raw/ZY/4.xls,第4年广告投放(格式二),E11,11
historical_600_unknown_rule,unknown,4,ZY05,P4,区域,0.0,src_db39b8a79217,origin data/VPD-OE_Agent_20260709/VPD-OE_Agent/data/raw/ZY/4.xls,第4年广告投放(格式二),F11,11
historical_600_unknown_rule,unknown,4,ZY06,P4,区域,0.0,src_db39b8a79217,origin data/VPD-OE_Agent_20260709/VPD-OE_Agent/data/raw/ZY/4.xls,第4年广告投放(格式二),G11,11
historical_600_unknown_rule,unknown,4,ZY07,P4,区域,0.0,src_db39b8a79217,origin data/VPD-OE_Agent_20260709/VPD-OE_Agent/data/raw/ZY/4.xls,第4年广告投放(格式二),H11,11
historical_600_unknown_rule,unknown,4,ZY08,P4,区域,10.0,src_db39b8a79217,origin data/VPD-OE_Agent_20260709/VPD-OE_Agent/data/raw/ZY/4.xls,第4年广告投放(格式二),I11,11
historical_600_unknown_rule,unknown,4,ZY09,P4,区域,0.0,src_db39b8a79217,origin data/VPD-OE_Agent_20260709/VPD-OE_Agent/data/raw/ZY/4.xls,第4年广告投放(格式二),J11,11
historical_600_unknown_rule,unknown,4,ZY10,P4,区域,0.0,src_db39b8a79217,origin data/VPD-OE_Agent_20260709/VPD-OE_Agent/data/raw/ZY/4.xls,第4年广告投放(格式二),K11,11
historical_600_unknown_rule,unknown,4,ZY11,P4,区域,0.0,src_db39b8a79217,origin data/VPD-OE_Agent_20260709/VPD-OE_Agent/data/raw/ZY/4.xls,第4年广告投放(格式二),L11,11
historical_600_unknown_rule,unknown,4,ZY12,P4,区域,0.0,src_db39b8a79217,origin data/VPD-OE_Agent_20260709/VPD-OE_Agent/data/raw/ZY/4.xls,第4年广告投放(格式二),M11,11
historical_600_unknown_rule,unknown,4,ZY13,P4,区域,31.0,src_db39b8a79217,origin data/VPD-OE_Agent_20260709/VPD-OE_Agent/data/raw/ZY/4.xls,第4年广告投放(格式二),N11,11
historical_600_unknown_rule,unknown,4,ZY14,P4,区域,0.0,src_db39b8a79217,origin data/VPD-OE_Agent_20260709/VPD-OE_Agent/data/raw/ZY/4.xls,第4年广告投放(格式二),O11,11
historical_600_unknown_rule,unknown,4,ZY15,P4,区域,0.0,src_db39b8a79217,origin data/VPD-OE_Agent_20260709/VPD-OE_Agent/data/raw/ZY/4.xls,第4年广告投放(格式二),P11,11
historical_600_unknown_rule,unknown,4,ZY16,P4,区域,0.0,src_db39b8a79217,origin data/VPD-OE_Agent_20260709/VPD-OE_Agent/data/raw/ZY/4.xls,第4年广告投放(格式二),Q11,11
historical_600_unknown_rule,unknown,4,ZY17,P4,区域,12.0,src_db39b8a79217,origin data/VPD-OE_Agent_20260709/VPD-OE_Agent/data/raw/ZY/4.xls,第4年广告投放(格式二),R11,11
historical_600_unknown_rule,unknown,4,ZY18,P4,区域,0.0,src_db39b8a79217,origin data/VPD-OE_Agent_20260709/VPD-OE_Agent/data/raw/ZY/4.xls,第4年广告投放(格式二),S11,11
historical_600_unknown_rule,unknown,4,ZY01,P1,国内,0.0,src_db39b8a79217,origin data/VPD-OE_Agent_20260709/VPD-OE_Agent/data/raw/ZY/4.xls,第4年广告投放(格式二),B13,13
historical_600_unknown_rule,unknown,4,ZY02,P1,国内,0.0,src_db39b8a79217,origin data/VPD-OE_Agent_20260709/VPD-OE_Agent/data/raw/ZY/4.xls,第4年广告投放(格式二),C13,13
historical_600_unknown_rule,unknown,4,ZY03,P1,国内,0.0,src_db39b8a79217,origin data/VPD-OE_Agent_20260709/VPD-OE_Agent/data/raw/ZY/4.xls,第4年广告投放(格式二),D13,13
historical_600_unknown_rule,unknown,4,ZY04,P1,国内,0.0,src_db39b8a79217,origin data/VPD-OE_Agent_20260709/VPD-OE_Agent/data/raw/ZY/4.xls,第4年广告投放(格式二),E13,13
historical_600_unknown_rule,unknown,4,ZY05,P1,国内,0.0,src_db39b8a79217,origin data/VPD-OE_Agent_20260709/VPD-OE_Agent/data/raw/ZY/4.xls,第4年广告投放(格式二),F13,13
historical_600_unknown_rule,unknown,4,ZY06,P1,国内,0.0,src_db39b8a79217,origin data/VPD-OE_Agent_20260709/VPD-OE_Agent/data/raw/ZY/4.xls,第4年广告投放(格式二),G13,13
historical_600_unknown_rule,unknown,4,ZY07,P1,国内,0.0,src_db39b8a79217,origin data/VPD-OE_Agent_20260709/VPD-OE_Agent/data/raw/ZY/4.xls,第4年广告投放(格式二),H13,13
historical_600_unknown_rule,unknown,4,ZY08,P1,国内,0.0,src_db39b8a79217,origin data/VPD-OE_Agent_20260709/VPD-OE_Agent/data/raw/ZY/4.xls,第4年广告投放(格式二),I13,13
historical_600_unknown_rule,unknown,4,ZY09,P1,国内,0.0,src_db39b8a79217,origin data/VPD-OE_Agent_20260709/VPD-OE_Agent/data/raw/ZY/4.xls,第4年广告投放(格式二),J13,13
historical_600_unknown_rule,unknown,4,ZY10,P1,国内,0.0,src_db39b8a79217,origin data/VPD-OE_Agent_20260709/VPD-OE_Agent/data/raw/ZY/4.xls,第4年广告投放(格式二),K13,13
historical_600_unknown_rule,unknown,4,ZY11,P1,国内,0.0,src_db39b8a79217,origin data/VPD-OE_Agent_20260709/VPD-OE_Agent/data/raw/ZY/4.xls,第4年广告投放(格式二),L13,13
historical_600_unknown_rule,unknown,4,ZY12,P1,国内,0.0,src_db39b8a79217,origin data/VPD-OE_Agent_20260709/VPD-OE_Agent/data/raw/ZY/4.xls,第4年广告投放(格式二),M13,13
historical_600_unknown_rule,unknown,4,ZY13,P1,国内,0.0,src_db39b8a79217,origin data/VPD-OE_Agent_20260709/VPD-OE_Agent/data/raw/ZY/4.xls,第4年广告投放(格式二),N13,13
historical_600_unknown_rule,unknown,4,ZY14,P1,国内,0.0,src_db39b8a79217,origin data/VPD-OE_Agent_20260709/VPD-OE_Agent/data/raw/ZY/4.xls,第4年广告投放(格式二),O13,13
historical_600_unknown_rule,unknown,4,ZY15,P1,国内,0.0,src_db39b8a79217,origin data/VPD-OE_Agent_20260709/VPD-OE_Agent/data/raw/ZY/4.xls,第4年广告投放(格式二),P13,13
historical_600_unknown_rule,unknown,4,ZY16,P1,国内,0.0,src_db39b8a79217,origin data/VPD-OE_Agent_20260709/VPD-OE_Agent/data/raw/ZY/4.xls,第4年广告投放(格式二),Q13,13
historical_600_unknown_rule,unknown,4,ZY17,P1,国内,0.0,src_db39b8a79217,origin data/VPD-OE_Agent_20260709/VPD-OE_Agent/data/raw/ZY/4.xls,第4年广告投放(格式二),R13,13
historical_600_unknown_rule,unknown,4,ZY18,P1,国内,0.0,src_db39b8a79217,origin data/VPD-OE_Agent_20260709/VPD-OE_Agent/data/raw/ZY/4.xls,第4年广告投放(格式二),S13,13
historical_600_unknown_rule,unknown,4,ZY01,P2,国内,0.0,src_db39b8a79217,origin data/VPD-OE_Agent_20260709/VPD-OE_Agent/data/raw/ZY/4.xls,第4年广告投放(格式二),B14,14
historical_600_unknown_rule,unknown,4,ZY02,P2,国内,0.0,src_db39b8a79217,origin data/VPD-OE_Agent_20260709/VPD-OE_Agent/data/raw/ZY/4.xls,第4年广告投放(格式二),C14,14
historical_600_unknown_rule,unknown,4,ZY03,P2,国内,0.0,src_db39b8a79217,origin data/VPD-OE_Agent_20260709/VPD-OE_Agent/data/raw/ZY/4.xls,第4年广告投放(格式二),D14,14
historical_600_unknown_rule,unknown,4,ZY04,P2,国内,0.0,src_db39b8a79217,origin data/VPD-OE_Agent_20260709/VPD-OE_Agent/data/raw/ZY/4.xls,第4年广告投放(格式二),E14,14
historical_600_unknown_rule,unknown,4,ZY05,P2,国内,0.0,src_db39b8a79217,origin data/VPD-OE_Agent_20260709/VPD-OE_Agent/data/raw/ZY/4.xls,第4年广告投放(格式二),F14,14
historical_600_unknown_rule,unknown,4,ZY06,P2,国内,0.0,src_db39b8a79217,origin data/VPD-OE_Agent_20260709/VPD-OE_Agent/data/raw/ZY/4.xls,第4年广告投放(格式二),G14,14
historical_600_unknown_rule,unknown,4,ZY07,P2,国内,0.0,src_db39b8a79217,origin data/VPD-OE_Agent_20260709/VPD-OE_Agent/data/raw/ZY/4.xls,第4年广告投放(格式二),H14,14
historical_600_unknown_rule,unknown,4,ZY08,P2,国内,0.0,src_db39b8a79217,origin data/VPD-OE_Agent_20260709/VPD-OE_Agent/data/raw/ZY/4.xls,第4年广告投放(格式二),I14,14
historical_600_unknown_rule,unknown,4,ZY09,P2,国内,0.0,src_db39b8a79217,origin data/VPD-OE_Agent_20260709/VPD-OE_Agent/data/raw/ZY/4.xls,第4年广告投放(格式二),J14,14
historical_600_unknown_rule,unknown,4,ZY10,P2,国内,0.0,src_db39b8a79217,origin data/VPD-OE_Agent_20260709/VPD-OE_Agent/data/raw/ZY/4.xls,第4年广告投放(格式二),K14,14
historical_600_unknown_rule,unknown,4,ZY11,P2,国内,0.0,src_db39b8a79217,origin data/VPD-OE_Agent_20260709/VPD-OE_Agent/data/raw/ZY/4.xls,第4年广告投放(格式二),L14,14
historical_600_unknown_rule,unknown,4,ZY12,P2,国内,0.0,src_db39b8a79217,origin data/VPD-OE_Agent_20260709/VPD-OE_Agent/data/raw/ZY/4.xls,第4年广告投放(格式二),M14,14
historical_600_unknown_rule,unknown,4,ZY13,P2,国内,0.0,src_db39b8a79217,origin data/VPD-OE_Agent_20260709/VPD-OE_Agent/data/raw/ZY/4.xls,第4年广告投放(格式二),N14,14
historical_600_unknown_rule,unknown,4,ZY14,P2,国内,0.0,src_db39b8a79217,origin data/VPD-OE_Agent_20260709/VPD-OE_Agent/data/raw/ZY/4.xls,第4年广告投放(格式二),O14,14
historical_600_unknown_rule,unknown,4,ZY15,P2,国内,0.0,src_db39b8a79217,origin data/VPD-OE_Agent_20260709/VPD-OE_Agent/data/raw/ZY/4.xls,第4年广告投放(格式二),P14,14
historical_600_unknown_rule,unknown,4,ZY16,P2,国内,13.0,src_db39b8a79217,origin data/VPD-OE_Agent_20260709/VPD-OE_Agent/data/raw/ZY/4.xls,第4年广告投放(格式二),Q14,14
historical_600_unknown_rule,unknown,4,ZY17,P2,国内,0.0,src_db39b8a79217,origin data/VPD-OE_Agent_20260709/VPD-OE_Agent/data/raw/ZY/4.xls,第4年广告投放(格式二),R14,14
historical_600_unknown_rule,unknown,4,ZY18,P2,国内,0.0,src_db39b8a79217,origin data/VPD-OE_Agent_20260709/VPD-OE_Agent/data/raw/ZY/4.xls,第4年广告投放(格式二),S14,14
historical_600_unknown_rule,unknown,4,ZY01,P3,国内,0.0,src_db39b8a79217,origin data/VPD-OE_Agent_20260709/VPD-OE_Agent/data/raw/ZY/4.xls,第4年广告投放(格式二),B15,15
historical_600_unknown_rule,unknown,4,ZY02,P3,国内,13.0,src_db39b8a79217,origin data/VPD-OE_Agent_20260709/VPD-OE_Agent/data/raw/ZY/4.xls,第4年广告投放(格式二),C15,15
historical_600_unknown_rule,unknown,4,ZY03,P3,国内,10.0,src_db39b8a79217,origin data/VPD-OE_Agent_20260709/VPD-OE_Agent/data/raw/ZY/4.xls,第4年广告投放(格式二),D15,15
historical_600_unknown_rule,unknown,4,ZY04,P3,国内,0.0,src_db39b8a79217,origin data/VPD-OE_Agent_20260709/VPD-OE_Agent/data/raw/ZY/4.xls,第4年广告投放(格式二),E15,15
historical_600_unknown_rule,unknown,4,ZY05,P3,国内,0.0,src_db39b8a79217,origin data/VPD-OE_Agent_20260709/VPD-OE_Agent/data/raw/ZY/4.xls,第4年广告投放(格式二),F15,15
historical_600_unknown_rule,unknown,4,ZY06,P3,国内,0.0,src_db39b8a79217,origin data/VPD-OE_Agent_20260709/VPD-OE_Agent/data/raw/ZY/4.xls,第4年广告投放(格式二),G15,15
historical_600_unknown_rule,unknown,4,ZY07,P3,国内,0.0,src_db39b8a79217,origin data/VPD-OE_Agent_20260709/VPD-OE_Agent/data/raw/ZY/4.xls,第4年广告投放(格式二),H15,15
historical_600_unknown_rule,unknown,4,ZY08,P3,国内,0.0,src_db39b8a79217,origin data/VPD-OE_Agent_20260709/VPD-OE_Agent/data/raw/ZY/4.xls,第4年广告投放(格式二),I15,15
historical_600_unknown_rule,unknown,4,ZY09,P3,国内,0.0,src_db39b8a79217,origin data/VPD-OE_Agent_20260709/VPD-OE_Agent/data/raw/ZY/4.xls,第4年广告投放(格式二),J15,15
historical_600_unknown_rule,unknown,4,ZY10,P3,国内,0.0,src_db39b8a79217,origin data/VPD-OE_Agent_20260709/VPD-OE_Agent/data/raw/ZY/4.xls,第4年广告投放(格式二),K15,15
historical_600_unknown_rule,unknown,4,ZY11,P3,国内,0.0,src_db39b8a79217,origin data/VPD-OE_Agent_20260709/VPD-OE_Agent/data/raw/ZY/4.xls,第4年广告投放(格式二),L15,15
historical_600_unknown_rule,unknown,4,ZY12,P3,国内,0.0,src_db39b8a79217,origin data/VPD-OE_Agent_20260709/VPD-OE_Agent/data/raw/ZY/4.xls,第4年广告投放(格式二),M15,15
historical_600_unknown_rule,unknown,4,ZY13,P3,国内,0.0,src_db39b8a79217,origin data/VPD-OE_Agent_20260709/VPD-OE_Agent/data/raw/ZY/4.xls,第4年广告投放(格式二),N15,15
historical_600_unknown_rule,unknown,4,ZY14,P3,国内,0.0,src_db39b8a79217,origin data/VPD-OE_Agent_20260709/VPD-OE_Agent/data/raw/ZY/4.xls,第4年广告投放(格式二),O15,15
historical_600_unknown_rule,unknown,4,ZY15,P3,国内,0.0,src_db39b8a79217,origin data/VPD-OE_Agent_20260709/VPD-OE_Agent/data/raw/ZY/4.xls,第4年广告投放(格式二),P15,15
historical_600_unknown_rule,unknown,4,ZY16,P3,国内,0.0,src_db39b8a79217,origin data/VPD-OE_Agent_20260709/VPD-OE_Agent/data/raw/ZY/4.xls,第4年广告投放(格式二),Q15,15
historical_600_unknown_rule,unknown,4,ZY17,P3,国内,0.0,src_db39b8a79217,origin data/VPD-OE_Agent_20260709/VPD-OE_Agent/data/raw/ZY/4.xls,第4年广告投放(格式二),R15,15
historical_600_unknown_rule,unknown,4,ZY18,P3,国内,0.0,src_db39b8a79217,origin data/VPD-OE_Agent_20260709/VPD-OE_Agent/data/raw/ZY/4.xls,第4年广告投放(格式二),S15,15
historical_600_unknown_rule,unknown,4,ZY01,P4,国内,0.0,src_db39b8a79217,origin data/VPD-OE_Agent_20260709/VPD-OE_Agent/data/raw/ZY/4.xls,第4年广告投放(格式二),B16,16
historical_600_unknown_rule,unknown,4,ZY02,P4,国内,0.0,src_db39b8a79217,origin data/VPD-OE_Agent_20260709/VPD-OE_Agent/data/raw/ZY/4.xls,第4年广告投放(格式二),C16,16
historical_600_unknown_rule,unknown,4,ZY03,P4,国内,0.0,src_db39b8a79217,origin data/VPD-OE_Agent_20260709/VPD-OE_Agent/data/raw/ZY/4.xls,第4年广告投放(格式二),D16,16
historical_600_unknown_rule,unknown,4,ZY04,P4,国内,0.0,src_db39b8a79217,origin data/VPD-OE_Agent_20260709/VPD-OE_Agent/data/raw/ZY/4.xls,第4年广告投放(格式二),E16,16
historical_600_unknown_rule,unknown,4,ZY05,P4,国内,0.0,src_db39b8a79217,origin data/VPD-OE_Agent_20260709/VPD-OE_Agent/data/raw/ZY/4.xls,第4年广告投放(格式二),F16,16
historical_600_unknown_rule,unknown,4,ZY06,P4,国内,10.0,src_db39b8a79217,origin data/VPD-OE_Agent_20260709/VPD-OE_Agent/data/raw/ZY/4.xls,第4年广告投放(格式二),G16,16
historical_600_unknown_rule,unknown,4,ZY07,P4,国内,0.0,src_db39b8a79217,origin data/VPD-OE_Agent_20260709/VPD-OE_Agent/data/raw/ZY/4.xls,第4年广告投放(格式二),H16,16
historical_600_unknown_rule,unknown,4,ZY08,P4,国内,0.0,src_db39b8a79217,origin data/VPD-OE_Agent_20260709/VPD-OE_Agent/data/raw/ZY/4.xls,第4年广告投放(格式二),I16,16
historical_600_unknown_rule,unknown,4,ZY09,P4,国内,0.0,src_db39b8a79217,origin data/VPD-OE_Agent_20260709/VPD-OE_Agent/data/raw/ZY/4.xls,第4年广告投放(格式二),J16,16
historical_600_unknown_rule,unknown,4,ZY10,P4,国内,13.0,src_db39b8a79217,origin data/VPD-OE_Agent_20260709/VPD-OE_Agent/data/raw/ZY/4.xls,第4年广告投放(格式二),K16,16
historical_600_unknown_rule,unknown,4,ZY11,P4,国内,0.0,src_db39b8a79217,origin data/VPD-OE_Agent_20260709/VPD-OE_Agent/data/raw/ZY/4.xls,第4年广告投放(格式二),L16,16
historical_600_unknown_rule,unknown,4,ZY12,P4,国内,0.0,src_db39b8a79217,origin data/VPD-OE_Agent_20260709/VPD-OE_Agent/data/raw/ZY/4.xls,第4年广告投放(格式二),M16,16
historical_600_unknown_rule,unknown,4,ZY13,P4,国内,31.0,src_db39b8a79217,origin data/VPD-OE_Agent_20260709/VPD-OE_Agent/data/raw/ZY/4.xls,第4年广告投放(格式二),N16,16
historical_600_unknown_rule,unknown,4,ZY14,P4,国内,0.0,src_db39b8a79217,origin data/VPD-OE_Agent_20260709/VPD-OE_Agent/data/raw/ZY/4.xls,第4年广告投放(格式二),O16,16
historical_600_unknown_rule,unknown,4,ZY15,P4,国内,72.0,src_db39b8a79217,origin data/VPD-OE_Agent_20260709/VPD-OE_Agent/data/raw/ZY/4.xls,第4年广告投放(格式二),P16,16
historical_600_unknown_rule,unknown,4,ZY16,P4,国内,0.0,src_db39b8a79217,origin data/VPD-OE_Agent_20260709/VPD-OE_Agent/data/raw/ZY/4.xls,第4年广告投放(格式二),Q16,16
historical_600_unknown_rule,unknown,4,ZY17,P4,国内,12.0,src_db39b8a79217,origin data/VPD-OE_Agent_20260709/VPD-OE_Agent/data/raw/ZY/4.xls,第4年广告投放(格式二),R16,16
historical_600_unknown_rule,unknown,4,ZY18,P4,国内,0.0,src_db39b8a79217,origin data/VPD-OE_Agent_20260709/VPD-OE_Agent/data/raw/ZY/4.xls,第4年广告投放(格式二),S16,16
historical_600_unknown_rule,unknown,4,ZY01,P1,亚洲,0.0,src_db39b8a79217,origin data/VPD-OE_Agent_20260709/VPD-OE_Agent/data/raw/ZY/4.xls,第4年广告投放(格式二),B18,18
historical_600_unknown_rule,unknown,4,ZY02,P1,亚洲,0.0,src_db39b8a79217,origin data/VPD-OE_Agent_20260709/VPD-OE_Agent/data/raw/ZY/4.xls,第4年广告投放(格式二),C18,18
historical_600_unknown_rule,unknown,4,ZY03,P1,亚洲,0.0,src_db39b8a79217,origin data/VPD-OE_Agent_20260709/VPD-OE_Agent/data/raw/ZY/4.xls,第4年广告投放(格式二),D18,18
historical_600_unknown_rule,unknown,4,ZY04,P1,亚洲,0.0,src_db39b8a79217,origin data/VPD-OE_Agent_20260709/VPD-OE_Agent/data/raw/ZY/4.xls,第4年广告投放(格式二),E18,18
historical_600_unknown_rule,unknown,4,ZY05,P1,亚洲,0.0,src_db39b8a79217,origin data/VPD-OE_Agent_20260709/VPD-OE_Agent/data/raw/ZY/4.xls,第4年广告投放(格式二),F18,18
historical_600_unknown_rule,unknown,4,ZY06,P1,亚洲,0.0,src_db39b8a79217,origin data/VPD-OE_Agent_20260709/VPD-OE_Agent/data/raw/ZY/4.xls,第4年广告投放(格式二),G18,18
historical_600_unknown_rule,unknown,4,ZY07,P1,亚洲,0.0,src_db39b8a79217,origin data/VPD-OE_Agent_20260709/VPD-OE_Agent/data/raw/ZY/4.xls,第4年广告投放(格式二),H18,18
historical_600_unknown_rule,unknown,4,ZY08,P1,亚洲,10.0,src_db39b8a79217,origin data/VPD-OE_Agent_20260709/VPD-OE_Agent/data/raw/ZY/4.xls,第4年广告投放(格式二),I18,18
historical_600_unknown_rule,unknown,4,ZY09,P1,亚洲,0.0,src_db39b8a79217,origin data/VPD-OE_Agent_20260709/VPD-OE_Agent/data/raw/ZY/4.xls,第4年广告投放(格式二),J18,18
historical_600_unknown_rule,unknown,4,ZY10,P1,亚洲,0.0,src_db39b8a79217,origin data/VPD-OE_Agent_20260709/VPD-OE_Agent/data/raw/ZY/4.xls,第4年广告投放(格式二),K18,18
historical_600_unknown_rule,unknown,4,ZY11,P1,亚洲,0.0,src_db39b8a79217,origin data/VPD-OE_Agent_20260709/VPD-OE_Agent/data/raw/ZY/4.xls,第4年广告投放(格式二),L18,18
historical_600_unknown_rule,unknown,4,ZY12,P1,亚洲,0.0,src_db39b8a79217,origin data/VPD-OE_Agent_20260709/VPD-OE_Agent/data/raw/ZY/4.xls,第4年广告投放(格式二),M18,18
historical_600_unknown_rule,unknown,4,ZY13,P1,亚洲,0.0,src_db39b8a79217,origin data/VPD-OE_Agent_20260709/VPD-OE_Agent/data/raw/ZY/4.xls,第4年广告投放(格式二),N18,18
historical_600_unknown_rule,unknown,4,ZY14,P1,亚洲,0.0,src_db39b8a79217,origin data/VPD-OE_Agent_20260709/VPD-OE_Agent/data/raw/ZY/4.xls,第4年广告投放(格式二),O18,18
historical_600_unknown_rule,unknown,4,ZY15,P1,亚洲,0.0,src_db39b8a79217,origin data/VPD-OE_Agent_20260709/VPD-OE_Agent/data/raw/ZY/4.xls,第4年广告投放(格式二),P18,18
historical_600_unknown_rule,unknown,4,ZY16,P1,亚洲,0.0,src_db39b8a79217,origin data/VPD-OE_Agent_20260709/VPD-OE_Agent/data/raw/ZY/4.xls,第4年广告投放(格式二),Q18,18
historical_600_unknown_rule,unknown,4,ZY17,P1,亚洲,0.0,src_db39b8a79217,origin data/VPD-OE_Agent_20260709/VPD-OE_Agent/data/raw/ZY/4.xls,第4年广告投放(格式二),R18,18
historical_600_unknown_rule,unknown,4,ZY18,P1,亚洲,0.0,src_db39b8a79217,origin data/VPD-OE_Agent_20260709/VPD-OE_Agent/data/raw/ZY/4.xls,第4年广告投放(格式二),S18,18
historical_600_unknown_rule,unknown,4,ZY01,P2,亚洲,0.0,src_db39b8a79217,origin data/VPD-OE_Agent_20260709/VPD-OE_Agent/data/raw/ZY/4.xls,第4年广告投放(格式二),B19,19
historical_600_unknown_rule,unknown,4,ZY02,P2,亚洲,0.0,src_db39b8a79217,origin data/VPD-OE_Agent_20260709/VPD-OE_Agent/data/raw/ZY/4.xls,第4年广告投放(格式二),C19,19
historical_600_unknown_rule,unknown,4,ZY03,P2,亚洲,23.0,src_db39b8a79217,origin data/VPD-OE_Agent_20260709/VPD-OE_Agent/data/raw/ZY/4.xls,第4年广告投放(格式二),D19,19
historical_600_unknown_rule,unknown,4,ZY04,P2,亚洲,0.0,src_db39b8a79217,origin data/VPD-OE_Agent_20260709/VPD-OE_Agent/data/raw/ZY/4.xls,第4年广告投放(格式二),E19,19
historical_600_unknown_rule,unknown,4,ZY05,P2,亚洲,0.0,src_db39b8a79217,origin data/VPD-OE_Agent_20260709/VPD-OE_Agent/data/raw/ZY/4.xls,第4年广告投放(格式二),F19,19
historical_600_unknown_rule,unknown,4,ZY06,P2,亚洲,0.0,src_db39b8a79217,origin data/VPD-OE_Agent_20260709/VPD-OE_Agent/data/raw/ZY/4.xls,第4年广告投放(格式二),G19,19
historical_600_unknown_rule,unknown,4,ZY07,P2,亚洲,26.0,src_db39b8a79217,origin data/VPD-OE_Agent_20260709/VPD-OE_Agent/data/raw/ZY/4.xls,第4年广告投放(格式二),H19,19
historical_600_unknown_rule,unknown,4,ZY08,P2,亚洲,0.0,src_db39b8a79217,origin data/VPD-OE_Agent_20260709/VPD-OE_Agent/data/raw/ZY/4.xls,第4年广告投放(格式二),I19,19
historical_600_unknown_rule,unknown,4,ZY09,P2,亚洲,0.0,src_db39b8a79217,origin data/VPD-OE_Agent_20260709/VPD-OE_Agent/data/raw/ZY/4.xls,第4年广告投放(格式二),J19,19
historical_600_unknown_rule,unknown,4,ZY10,P2,亚洲,0.0,src_db39b8a79217,origin data/VPD-OE_Agent_20260709/VPD-OE_Agent/data/raw/ZY/4.xls,第4年广告投放(格式二),K19,19
historical_600_unknown_rule,unknown,4,ZY11,P2,亚洲,0.0,src_db39b8a79217,origin data/VPD-OE_Agent_20260709/VPD-OE_Agent/data/raw/ZY/4.xls,第4年广告投放(格式二),L19,19
historical_600_unknown_rule,unknown,4,ZY12,P2,亚洲,0.0,src_db39b8a79217,origin data/VPD-OE_Agent_20260709/VPD-OE_Agent/data/raw/ZY/4.xls,第4年广告投放(格式二),M19,19
historical_600_unknown_rule,unknown,4,ZY13,P2,亚洲,0.0,src_db39b8a79217,origin data/VPD-OE_Agent_20260709/VPD-OE_Agent/data/raw/ZY/4.xls,第4年广告投放(格式二),N19,19
historical_600_unknown_rule,unknown,4,ZY14,P2,亚洲,0.0,src_db39b8a79217,origin data/VPD-OE_Agent_20260709/VPD-OE_Agent/data/raw/ZY/4.xls,第4年广告投放(格式二),O19,19
historical_600_unknown_rule,unknown,4,ZY15,P2,亚洲,0.0,src_db39b8a79217,origin data/VPD-OE_Agent_20260709/VPD-OE_Agent/data/raw/ZY/4.xls,第4年广告投放(格式二),P19,19
historical_600_unknown_rule,unknown,4,ZY16,P2,亚洲,23.0,src_db39b8a79217,origin data/VPD-OE_Agent_20260709/VPD-OE_Agent/data/raw/ZY/4.xls,第4年广告投放(格式二),Q19,19
historical_600_unknown_rule,unknown,4,ZY17,P2,亚洲,0.0,src_db39b8a79217,origin data/VPD-OE_Agent_20260709/VPD-OE_Agent/data/raw/ZY/4.xls,第4年广告投放(格式二),R19,19
historical_600_unknown_rule,unknown,4,ZY18,P2,亚洲,0.0,src_db39b8a79217,origin data/VPD-OE_Agent_20260709/VPD-OE_Agent/data/raw/ZY/4.xls,第4年广告投放(格式二),S19,19
historical_600_unknown_rule,unknown,4,ZY01,P3,亚洲,0.0,src_db39b8a79217,origin data/VPD-OE_Agent_20260709/VPD-OE_Agent/data/raw/ZY/4.xls,第4年广告投放(格式二),B20,20
historical_600_unknown_rule,unknown,4,ZY02,P3,亚洲,0.0,src_db39b8a79217,origin data/VPD-OE_Agent_20260709/VPD-OE_Agent/data/raw/ZY/4.xls,第4年广告投放(格式二),C20,20
historical_600_unknown_rule,unknown,4,ZY03,P3,亚洲,23.0,src_db39b8a79217,origin data/VPD-OE_Agent_20260709/VPD-OE_Agent/data/raw/ZY/4.xls,第4年广告投放(格式二),D20,20
historical_600_unknown_rule,unknown,4,ZY04,P3,亚洲,45.0,src_db39b8a79217,origin data/VPD-OE_Agent_20260709/VPD-OE_Agent/data/raw/ZY/4.xls,第4年广告投放(格式二),E20,20
historical_600_unknown_rule,unknown,4,ZY05,P3,亚洲,20.0,src_db39b8a79217,origin data/VPD-OE_Agent_20260709/VPD-OE_Agent/data/raw/ZY/4.xls,第4年广告投放(格式二),F20,20
historical_600_unknown_rule,unknown,4,ZY06,P3,亚洲,0.0,src_db39b8a79217,origin data/VPD-OE_Agent_20260709/VPD-OE_Agent/data/raw/ZY/4.xls,第4年广告投放(格式二),G20,20
historical_600_unknown_rule,unknown,4,ZY07,P3,亚洲,26.0,src_db39b8a79217,origin data/VPD-OE_Agent_20260709/VPD-OE_Agent/data/raw/ZY/4.xls,第4年广告投放(格式二),H20,20
historical_600_unknown_rule,unknown,4,ZY08,P3,亚洲,0.0,src_db39b8a79217,origin data/VPD-OE_Agent_20260709/VPD-OE_Agent/data/raw/ZY/4.xls,第4年广告投放(格式二),I20,20
historical_600_unknown_rule,unknown,4,ZY09,P3,亚洲,0.0,src_db39b8a79217,origin data/VPD-OE_Agent_20260709/VPD-OE_Agent/data/raw/ZY/4.xls,第4年广告投放(格式二),J20,20
historical_600_unknown_rule,unknown,4,ZY10,P3,亚洲,14.0,src_db39b8a79217,origin data/VPD-OE_Agent_20260709/VPD-OE_Agent/data/raw/ZY/4.xls,第4年广告投放(格式二),K20,20
historical_600_unknown_rule,unknown,4,ZY11,P3,亚洲,0.0,src_db39b8a79217,origin data/VPD-OE_Agent_20260709/VPD-OE_Agent/data/raw/ZY/4.xls,第4年广告投放(格式二),L20,20
historical_600_unknown_rule,unknown,4,ZY12,P3,亚洲,0.0,src_db39b8a79217,origin data/VPD-OE_Agent_20260709/VPD-OE_Agent/data/raw/ZY/4.xls,第4年广告投放(格式二),M20,20
historical_600_unknown_rule,unknown,4,ZY13,P3,亚洲,15.0,src_db39b8a79217,origin data/VPD-OE_Agent_20260709/VPD-OE_Agent/data/raw/ZY/4.xls,第4年广告投放(格式二),N20,20
historical_600_unknown_rule,unknown,4,ZY14,P3,亚洲,45.0,src_db39b8a79217,origin data/VPD-OE_Agent_20260709/VPD-OE_Agent/data/raw/ZY/4.xls,第4年广告投放(格式二),O20,20
historical_600_unknown_rule,unknown,4,ZY15,P3,亚洲,0.0,src_db39b8a79217,origin data/VPD-OE_Agent_20260709/VPD-OE_Agent/data/raw/ZY/4.xls,第4年广告投放(格式二),P20,20
historical_600_unknown_rule,unknown,4,ZY16,P3,亚洲,0.0,src_db39b8a79217,origin data/VPD-OE_Agent_20260709/VPD-OE_Agent/data/raw/ZY/4.xls,第4年广告投放(格式二),Q20,20
historical_600_unknown_rule,unknown,4,ZY17,P3,亚洲,0.0,src_db39b8a79217,origin data/VPD-OE_Agent_20260709/VPD-OE_Agent/data/raw/ZY/4.xls,第4年广告投放(格式二),R20,20
historical_600_unknown_rule,unknown,4,ZY18,P3,亚洲,0.0,src_db39b8a79217,origin data/VPD-OE_Agent_20260709/VPD-OE_Agent/data/raw/ZY/4.xls,第4年广告投放(格式二),S20,20
historical_600_unknown_rule,unknown,4,ZY01,P4,亚洲,0.0,src_db39b8a79217,origin data/VPD-OE_Agent_20260709/VPD-OE_Agent/data/raw/ZY/4.xls,第4年广告投放(格式二),B21,21
historical_600_unknown_rule,unknown,4,ZY02,P4,亚洲,0.0,src_db39b8a79217,origin data/VPD-OE_Agent_20260709/VPD-OE_Agent/data/raw/ZY/4.xls,第4年广告投放(格式二),C21,21
historical_600_unknown_rule,unknown,4,ZY03,P4,亚洲,0.0,src_db39b8a79217,origin data/VPD-OE_Agent_20260709/VPD-OE_Agent/data/raw/ZY/4.xls,第4年广告投放(格式二),D21,21
historical_600_unknown_rule,unknown,4,ZY04,P4,亚洲,0.0,src_db39b8a79217,origin data/VPD-OE_Agent_20260709/VPD-OE_Agent/data/raw/ZY/4.xls,第4年广告投放(格式二),E21,21
historical_600_unknown_rule,unknown,4,ZY05,P4,亚洲,0.0,src_db39b8a79217,origin data/VPD-OE_Agent_20260709/VPD-OE_Agent/data/raw/ZY/4.xls,第4年广告投放(格式二),F21,21
historical_600_unknown_rule,unknown,4,ZY06,P4,亚洲,35.0,src_db39b8a79217,origin data/VPD-OE_Agent_20260709/VPD-OE_Agent/data/raw/ZY/4.xls,第4年广告投放(格式二),G21,21
historical_600_unknown_rule,unknown,4,ZY07,P4,亚洲,0.0,src_db39b8a79217,origin data/VPD-OE_Agent_20260709/VPD-OE_Agent/data/raw/ZY/4.xls,第4年广告投放(格式二),H21,21
historical_600_unknown_rule,unknown,4,ZY08,P4,亚洲,0.0,src_db39b8a79217,origin data/VPD-OE_Agent_20260709/VPD-OE_Agent/data/raw/ZY/4.xls,第4年广告投放(格式二),I21,21
historical_600_unknown_rule,unknown,4,ZY09,P4,亚洲,0.0,src_db39b8a79217,origin data/VPD-OE_Agent_20260709/VPD-OE_Agent/data/raw/ZY/4.xls,第4年广告投放(格式二),J21,21
historical_600_unknown_rule,unknown,4,ZY10,P4,亚洲,35.0,src_db39b8a79217,origin data/VPD-OE_Agent_20260709/VPD-OE_Agent/data/raw/ZY/4.xls,第4年广告投放(格式二),K21,21
historical_600_unknown_rule,unknown,4,ZY11,P4,亚洲,0.0,src_db39b8a79217,origin data/VPD-OE_Agent_20260709/VPD-OE_Agent/data/raw/ZY/4.xls,第4年广告投放(格式二),L21,21
historical_600_unknown_rule,unknown,4,ZY12,P4,亚洲,0.0,src_db39b8a79217,origin data/VPD-OE_Agent_20260709/VPD-OE_Agent/data/raw/ZY/4.xls,第4年广告投放(格式二),M21,21
historical_600_unknown_rule,unknown,4,ZY13,P4,亚洲,34.0,src_db39b8a79217,origin data/VPD-OE_Agent_20260709/VPD-OE_Agent/data/raw/ZY/4.xls,第4年广告投放(格式二),N21,21
historical_600_unknown_rule,unknown,4,ZY14,P4,亚洲,0.0,src_db39b8a79217,origin data/VPD-OE_Agent_20260709/VPD-OE_Agent/data/raw/ZY/4.xls,第4年广告投放(格式二),O21,21
historical_600_unknown_rule,unknown,4,ZY15,P4,亚洲,72.0,src_db39b8a79217,origin data/VPD-OE_Agent_20260709/VPD-OE_Agent/data/raw/ZY/4.xls,第4年广告投放(格式二),P21,21
historical_600_unknown_rule,unknown,4,ZY16,P4,亚洲,0.0,src_db39b8a79217,origin data/VPD-OE_Agent_20260709/VPD-OE_Agent/data/raw/ZY/4.xls,第4年广告投放(格式二),Q21,21
historical_600_unknown_rule,unknown,4,ZY17,P4,亚洲,12.0,src_db39b8a79217,origin data/VPD-OE_Agent_20260709/VPD-OE_Agent/data/raw/ZY/4.xls,第4年广告投放(格式二),R21,21
historical_600_unknown_rule,unknown,4,ZY18,P4,亚洲,0.0,src_db39b8a79217,origin data/VPD-OE_Agent_20260709/VPD-OE_Agent/data/raw/ZY/4.xls,第4年广告投放(格式二),S21,21
historical_600_unknown_rule,unknown,4,ZY01,P1,国际,0.0,src_db39b8a79217,origin data/VPD-OE_Agent_20260709/VPD-OE_Agent/data/raw/ZY/4.xls,第4年广告投放(格式二),B23,23
historical_600_unknown_rule,unknown,4,ZY02,P1,国际,0.0,src_db39b8a79217,origin data/VPD-OE_Agent_20260709/VPD-OE_Agent/data/raw/ZY/4.xls,第4年广告投放(格式二),C23,23
historical_600_unknown_rule,unknown,4,ZY03,P1,国际,0.0,src_db39b8a79217,origin data/VPD-OE_Agent_20260709/VPD-OE_Agent/data/raw/ZY/4.xls,第4年广告投放(格式二),D23,23
historical_600_unknown_rule,unknown,4,ZY04,P1,国际,0.0,src_db39b8a79217,origin data/VPD-OE_Agent_20260709/VPD-OE_Agent/data/raw/ZY/4.xls,第4年广告投放(格式二),E23,23
historical_600_unknown_rule,unknown,4,ZY05,P1,国际,0.0,src_db39b8a79217,origin data/VPD-OE_Agent_20260709/VPD-OE_Agent/data/raw/ZY/4.xls,第4年广告投放(格式二),F23,23
historical_600_unknown_rule,unknown,4,ZY06,P1,国际,0.0,src_db39b8a79217,origin data/VPD-OE_Agent_20260709/VPD-OE_Agent/data/raw/ZY/4.xls,第4年广告投放(格式二),G23,23
historical_600_unknown_rule,unknown,4,ZY07,P1,国际,0.0,src_db39b8a79217,origin data/VPD-OE_Agent_20260709/VPD-OE_Agent/data/raw/ZY/4.xls,第4年广告投放(格式二),H23,23
historical_600_unknown_rule,unknown,4,ZY08,P1,国际,0.0,src_db39b8a79217,origin data/VPD-OE_Agent_20260709/VPD-OE_Agent/data/raw/ZY/4.xls,第4年广告投放(格式二),I23,23
historical_600_unknown_rule,unknown,4,ZY09,P1,国际,0.0,src_db39b8a79217,origin data/VPD-OE_Agent_20260709/VPD-OE_Agent/data/raw/ZY/4.xls,第4年广告投放(格式二),J23,23
historical_600_unknown_rule,unknown,4,ZY10,P1,国际,0.0,src_db39b8a79217,origin data/VPD-OE_Agent_20260709/VPD-OE_Agent/data/raw/ZY/4.xls,第4年广告投放(格式二),K23,23
historical_600_unknown_rule,unknown,4,ZY11,P1,国际,0.0,src_db39b8a79217,origin data/VPD-OE_Agent_20260709/VPD-OE_Agent/data/raw/ZY/4.xls,第4年广告投放(格式二),L23,23
historical_600_unknown_rule,unknown,4,ZY12,P1,国际,0.0,src_db39b8a79217,origin data/VPD-OE_Agent_20260709/VPD-OE_Agent/data/raw/ZY/4.xls,第4年广告投放(格式二),M23,23
historical_600_unknown_rule,unknown,4,ZY13,P1,国际,0.0,src_db39b8a79217,origin data/VPD-OE_Agent_20260709/VPD-OE_Agent/data/raw/ZY/4.xls,第4年广告投放(格式二),N23,23
historical_600_unknown_rule,unknown,4,ZY14,P1,国际,0.0,src_db39b8a79217,origin data/VPD-OE_Agent_20260709/VPD-OE_Agent/data/raw/ZY/4.xls,第4年广告投放(格式二),O23,23
historical_600_unknown_rule,unknown,4,ZY15,P1,国际,0.0,src_db39b8a79217,origin data/VPD-OE_Agent_20260709/VPD-OE_Agent/data/raw/ZY/4.xls,第4年广告投放(格式二),P23,23
historical_600_unknown_rule,unknown,4,ZY16,P1,国际,0.0,src_db39b8a79217,origin data/VPD-OE_Agent_20260709/VPD-OE_Agent/data/raw/ZY/4.xls,第4年广告投放(格式二),Q23,23
historical_600_unknown_rule,unknown,4,ZY17,P1,国际,0.0,src_db39b8a79217,origin data/VPD-OE_Agent_20260709/VPD-OE_Agent/data/raw/ZY/4.xls,第4年广告投放(格式二),R23,23
historical_600_unknown_rule,unknown,4,ZY18,P1,国际,0.0,src_db39b8a79217,origin data/VPD-OE_Agent_20260709/VPD-OE_Agent/data/raw/ZY/4.xls,第4年广告投放(格式二),S23,23
historical_600_unknown_rule,unknown,4,ZY01,P2,国际,0.0,src_db39b8a79217,origin data/VPD-OE_Agent_20260709/VPD-OE_Agent/data/raw/ZY/4.xls,第4年广告投放(格式二),B24,24
historical_600_unknown_rule,unknown,4,ZY02,P2,国际,0.0,src_db39b8a79217,origin data/VPD-OE_Agent_20260709/VPD-OE_Agent/data/raw/ZY/4.xls,第4年广告投放(格式二),C24,24
historical_600_unknown_rule,unknown,4,ZY03,P2,国际,0.0,src_db39b8a79217,origin data/VPD-OE_Agent_20260709/VPD-OE_Agent/data/raw/ZY/4.xls,第4年广告投放(格式二),D24,24
historical_600_unknown_rule,unknown,4,ZY04,P2,国际,0.0,src_db39b8a79217,origin data/VPD-OE_Agent_20260709/VPD-OE_Agent/data/raw/ZY/4.xls,第4年广告投放(格式二),E24,24
historical_600_unknown_rule,unknown,4,ZY05,P2,国际,0.0,src_db39b8a79217,origin data/VPD-OE_Agent_20260709/VPD-OE_Agent/data/raw/ZY/4.xls,第4年广告投放(格式二),F24,24
historical_600_unknown_rule,unknown,4,ZY06,P2,国际,0.0,src_db39b8a79217,origin data/VPD-OE_Agent_20260709/VPD-OE_Agent/data/raw/ZY/4.xls,第4年广告投放(格式二),G24,24
historical_600_unknown_rule,unknown,4,ZY07,P2,国际,0.0,src_db39b8a79217,origin data/VPD-OE_Agent_20260709/VPD-OE_Agent/data/raw/ZY/4.xls,第4年广告投放(格式二),H24,24
historical_600_unknown_rule,unknown,4,ZY08,P2,国际,0.0,src_db39b8a79217,origin data/VPD-OE_Agent_20260709/VPD-OE_Agent/data/raw/ZY/4.xls,第4年广告投放(格式二),I24,24
historical_600_unknown_rule,unknown,4,ZY09,P2,国际,0.0,src_db39b8a79217,origin data/VPD-OE_Agent_20260709/VPD-OE_Agent/data/raw/ZY/4.xls,第4年广告投放(格式二),J24,24
historical_600_unknown_rule,unknown,4,ZY10,P2,国际,0.0,src_db39b8a79217,origin data/VPD-OE_Agent_20260709/VPD-OE_Agent/data/raw/ZY/4.xls,第4年广告投放(格式二),K24,24
historical_600_unknown_rule,unknown,4,ZY11,P2,国际,0.0,src_db39b8a79217,origin data/VPD-OE_Agent_20260709/VPD-OE_Agent/data/raw/ZY/4.xls,第4年广告投放(格式二),L24,24
historical_600_unknown_rule,unknown,4,ZY12,P2,国际,0.0,src_db39b8a79217,origin data/VPD-OE_Agent_20260709/VPD-OE_Agent/data/raw/ZY/4.xls,第4年广告投放(格式二),M24,24
historical_600_unknown_rule,unknown,4,ZY13,P2,国际,0.0,src_db39b8a79217,origin data/VPD-OE_Agent_20260709/VPD-OE_Agent/data/raw/ZY/4.xls,第4年广告投放(格式二),N24,24
historical_600_unknown_rule,unknown,4,ZY14,P2,国际,0.0,src_db39b8a79217,origin data/VPD-OE_Agent_20260709/VPD-OE_Agent/data/raw/ZY/4.xls,第4年广告投放(格式二),O24,24
historical_600_unknown_rule,unknown,4,ZY15,P2,国际,0.0,src_db39b8a79217,origin data/VPD-OE_Agent_20260709/VPD-OE_Agent/data/raw/ZY/4.xls,第4年广告投放(格式二),P24,24
historical_600_unknown_rule,unknown,4,ZY16,P2,国际,0.0,src_db39b8a79217,origin data/VPD-OE_Agent_20260709/VPD-OE_Agent/data/raw/ZY/4.xls,第4年广告投放(格式二),Q24,24
historical_600_unknown_rule,unknown,4,ZY17,P2,国际,0.0,src_db39b8a79217,origin data/VPD-OE_Agent_20260709/VPD-OE_Agent/data/raw/ZY/4.xls,第4年广告投放(格式二),R24,24
historical_600_unknown_rule,unknown,4,ZY18,P2,国际,0.0,src_db39b8a79217,origin data/VPD-OE_Agent_20260709/VPD-OE_Agent/data/raw/ZY/4.xls,第4年广告投放(格式二),S24,24
historical_600_unknown_rule,unknown,4,ZY01,P3,国际,0.0,src_db39b8a79217,origin data/VPD-OE_Agent_20260709/VPD-OE_Agent/data/raw/ZY/4.xls,第4年广告投放(格式二),B25,25
historical_600_unknown_rule,unknown,4,ZY02,P3,国际,0.0,src_db39b8a79217,origin data/VPD-OE_Agent_20260709/VPD-OE_Agent/data/raw/ZY/4.xls,第4年广告投放(格式二),C25,25
historical_600_unknown_rule,unknown,4,ZY03,P3,国际,0.0,src_db39b8a79217,origin data/VPD-OE_Agent_20260709/VPD-OE_Agent/data/raw/ZY/4.xls,第4年广告投放(格式二),D25,25
historical_600_unknown_rule,unknown,4,ZY04,P3,国际,0.0,src_db39b8a79217,origin data/VPD-OE_Agent_20260709/VPD-OE_Agent/data/raw/ZY/4.xls,第4年广告投放(格式二),E25,25
historical_600_unknown_rule,unknown,4,ZY05,P3,国际,0.0,src_db39b8a79217,origin data/VPD-OE_Agent_20260709/VPD-OE_Agent/data/raw/ZY/4.xls,第4年广告投放(格式二),F25,25
historical_600_unknown_rule,unknown,4,ZY06,P3,国际,0.0,src_db39b8a79217,origin data/VPD-OE_Agent_20260709/VPD-OE_Agent/data/raw/ZY/4.xls,第4年广告投放(格式二),G25,25
historical_600_unknown_rule,unknown,4,ZY07,P3,国际,0.0,src_db39b8a79217,origin data/VPD-OE_Agent_20260709/VPD-OE_Agent/data/raw/ZY/4.xls,第4年广告投放(格式二),H25,25
historical_600_unknown_rule,unknown,4,ZY08,P3,国际,0.0,src_db39b8a79217,origin data/VPD-OE_Agent_20260709/VPD-OE_Agent/data/raw/ZY/4.xls,第4年广告投放(格式二),I25,25
historical_600_unknown_rule,unknown,4,ZY09,P3,国际,0.0,src_db39b8a79217,origin data/VPD-OE_Agent_20260709/VPD-OE_Agent/data/raw/ZY/4.xls,第4年广告投放(格式二),J25,25
historical_600_unknown_rule,unknown,4,ZY10,P3,国际,0.0,src_db39b8a79217,origin data/VPD-OE_Agent_20260709/VPD-OE_Agent/data/raw/ZY/4.xls,第4年广告投放(格式二),K25,25
historical_600_unknown_rule,unknown,4,ZY11,P3,国际,0.0,src_db39b8a79217,origin data/VPD-OE_Agent_20260709/VPD-OE_Agent/data/raw/ZY/4.xls,第4年广告投放(格式二),L25,25
historical_600_unknown_rule,unknown,4,ZY12,P3,国际,0.0,src_db39b8a79217,origin data/VPD-OE_Agent_20260709/VPD-OE_Agent/data/raw/ZY/4.xls,第4年广告投放(格式二),M25,25
historical_600_unknown_rule,unknown,4,ZY13,P3,国际,0.0,src_db39b8a79217,origin data/VPD-OE_Agent_20260709/VPD-OE_Agent/data/raw/ZY/4.xls,第4年广告投放(格式二),N25,25
historical_600_unknown_rule,unknown,4,ZY14,P3,国际,0.0,src_db39b8a79217,origin data/VPD-OE_Agent_20260709/VPD-OE_Agent/data/raw/ZY/4.xls,第4年广告投放(格式二),O25,25
historical_600_unknown_rule,unknown,4,ZY15,P3,国际,0.0,src_db39b8a79217,origin data/VPD-OE_Agent_20260709/VPD-OE_Agent/data/raw/ZY/4.xls,第4年广告投放(格式二),P25,25
historical_600_unknown_rule,unknown,4,ZY16,P3,国际,0.0,src_db39b8a79217,origin data/VPD-OE_Agent_20260709/VPD-OE_Agent/data/raw/ZY/4.xls,第4年广告投放(格式二),Q25,25
historical_600_unknown_rule,unknown,4,ZY17,P3,国际,0.0,src_db39b8a79217,origin data/VPD-OE_Agent_20260709/VPD-OE_Agent/data/raw/ZY/4.xls,第4年广告投放(格式二),R25,25
historical_600_unknown_rule,unknown,4,ZY18,P3,国际,0.0,src_db39b8a79217,origin data/VPD-OE_Agent_20260709/VPD-OE_Agent/data/raw/ZY/4.xls,第4年广告投放(格式二),S25,25
historical_600_unknown_rule,unknown,4,ZY01,P4,国际,0.0,src_db39b8a79217,origin data/VPD-OE_Agent_20260709/VPD-OE_Agent/data/raw/ZY/4.xls,第4年广告投放(格式二),B26,26
historical_600_unknown_rule,unknown,4,ZY02,P4,国际,0.0,src_db39b8a79217,origin data/VPD-OE_Agent_20260709/VPD-OE_Agent/data/raw/ZY/4.xls,第4年广告投放(格式二),C26,26
historical_600_unknown_rule,unknown,4,ZY03,P4,国际,0.0,src_db39b8a79217,origin data/VPD-OE_Agent_20260709/VPD-OE_Agent/data/raw/ZY/4.xls,第4年广告投放(格式二),D26,26
historical_600_unknown_rule,unknown,4,ZY04,P4,国际,0.0,src_db39b8a79217,origin data/VPD-OE_Agent_20260709/VPD-OE_Agent/data/raw/ZY/4.xls,第4年广告投放(格式二),E26,26
historical_600_unknown_rule,unknown,4,ZY05,P4,国际,0.0,src_db39b8a79217,origin data/VPD-OE_Agent_20260709/VPD-OE_Agent/data/raw/ZY/4.xls,第4年广告投放(格式二),F26,26
historical_600_unknown_rule,unknown,4,ZY06,P4,国际,0.0,src_db39b8a79217,origin data/VPD-OE_Agent_20260709/VPD-OE_Agent/data/raw/ZY/4.xls,第4年广告投放(格式二),G26,26
historical_600_unknown_rule,unknown,4,ZY07,P4,国际,0.0,src_db39b8a79217,origin data/VPD-OE_Agent_20260709/VPD-OE_Agent/data/raw/ZY/4.xls,第4年广告投放(格式二),H26,26
historical_600_unknown_rule,unknown,4,ZY08,P4,国际,0.0,src_db39b8a79217,origin data/VPD-OE_Agent_20260709/VPD-OE_Agent/data/raw/ZY/4.xls,第4年广告投放(格式二),I26,26
historical_600_unknown_rule,unknown,4,ZY09,P4,国际,0.0,src_db39b8a79217,origin data/VPD-OE_Agent_20260709/VPD-OE_Agent/data/raw/ZY/4.xls,第4年广告投放(格式二),J26,26
historical_600_unknown_rule,unknown,4,ZY10,P4,国际,0.0,src_db39b8a79217,origin data/VPD-OE_Agent_20260709/VPD-OE_Agent/data/raw/ZY/4.xls,第4年广告投放(格式二),K26,26
historical_600_unknown_rule,unknown,4,ZY11,P4,国际,0.0,src_db39b8a79217,origin data/VPD-OE_Agent_20260709/VPD-OE_Agent/data/raw/ZY/4.xls,第4年广告投放(格式二),L26,26
historical_600_unknown_rule,unknown,4,ZY12,P4,国际,0.0,src_db39b8a79217,origin data/VPD-OE_Agent_20260709/VPD-OE_Agent/data/raw/ZY/4.xls,第4年广告投放(格式二),M26,26
historical_600_unknown_rule,unknown,4,ZY13,P4,国际,0.0,src_db39b8a79217,origin data/VPD-OE_Agent_20260709/VPD-OE_Agent/data/raw/ZY/4.xls,第4年广告投放(格式二),N26,26
historical_600_unknown_rule,unknown,4,ZY14,P4,国际,0.0,src_db39b8a79217,origin data/VPD-OE_Agent_20260709/VPD-OE_Agent/data/raw/ZY/4.xls,第4年广告投放(格式二),O26,26
historical_600_unknown_rule,unknown,4,ZY15,P4,国际,0.0,src_db39b8a79217,origin data/VPD-OE_Agent_20260709/VPD-OE_Agent/data/raw/ZY/4.xls,第4年广告投放(格式二),P26,26
historical_600_unknown_rule,unknown,4,ZY16,P4,国际,0.0,src_db39b8a79217,origin data/VPD-OE_Agent_20260709/VPD-OE_Agent/data/raw/ZY/4.xls,第4年广告投放(格式二),Q26,26
historical_600_unknown_rule,unknown,4,ZY17,P4,国际,0.0,src_db39b8a79217,origin data/VPD-OE_Agent_20260709/VPD-OE_Agent/data/raw/ZY/4.xls,第4年广告投放(格式二),R26,26
historical_600_unknown_rule,unknown,4,ZY18,P4,国际,0.0,src_db39b8a79217,origin data/VPD-OE_Agent_20260709/VPD-OE_Agent/data/raw/ZY/4.xls,第4年广告投放(格式二),S26,26
historical_600_unknown_rule,unknown,5,ZY01,P1,本地,0.0,src_0ceadd6ef97c,origin data/VPD-OE_Agent_20260709/VPD-OE_Agent/data/raw/ZY/5.xls,第5年广告投放(格式二),B3,3
historical_600_unknown_rule,unknown,5,ZY02,P1,本地,0.0,src_0ceadd6ef97c,origin data/VPD-OE_Agent_20260709/VPD-OE_Agent/data/raw/ZY/5.xls,第5年广告投放(格式二),C3,3
historical_600_unknown_rule,unknown,5,ZY03,P1,本地,0.0,src_0ceadd6ef97c,origin data/VPD-OE_Agent_20260709/VPD-OE_Agent/data/raw/ZY/5.xls,第5年广告投放(格式二),D3,3
historical_600_unknown_rule,unknown,5,ZY04,P1,本地,0.0,src_0ceadd6ef97c,origin data/VPD-OE_Agent_20260709/VPD-OE_Agent/data/raw/ZY/5.xls,第5年广告投放(格式二),E3,3
historical_600_unknown_rule,unknown,5,ZY05,P1,本地,0.0,src_0ceadd6ef97c,origin data/VPD-OE_Agent_20260709/VPD-OE_Agent/data/raw/ZY/5.xls,第5年广告投放(格式二),F3,3
historical_600_unknown_rule,unknown,5,ZY06,P1,本地,0.0,src_0ceadd6ef97c,origin data/VPD-OE_Agent_20260709/VPD-OE_Agent/data/raw/ZY/5.xls,第5年广告投放(格式二),G3,3
historical_600_unknown_rule,unknown,5,ZY07,P1,本地,0.0,src_0ceadd6ef97c,origin data/VPD-OE_Agent_20260709/VPD-OE_Agent/data/raw/ZY/5.xls,第5年广告投放(格式二),H3,3
historical_600_unknown_rule,unknown,5,ZY08,P1,本地,12.0,src_0ceadd6ef97c,origin data/VPD-OE_Agent_20260709/VPD-OE_Agent/data/raw/ZY/5.xls,第5年广告投放(格式二),I3,3
historical_600_unknown_rule,unknown,5,ZY09,P1,本地,0.0,src_0ceadd6ef97c,origin data/VPD-OE_Agent_20260709/VPD-OE_Agent/data/raw/ZY/5.xls,第5年广告投放(格式二),J3,3
historical_600_unknown_rule,unknown,5,ZY10,P1,本地,0.0,src_0ceadd6ef97c,origin data/VPD-OE_Agent_20260709/VPD-OE_Agent/data/raw/ZY/5.xls,第5年广告投放(格式二),K3,3
historical_600_unknown_rule,unknown,5,ZY11,P1,本地,0.0,src_0ceadd6ef97c,origin data/VPD-OE_Agent_20260709/VPD-OE_Agent/data/raw/ZY/5.xls,第5年广告投放(格式二),L3,3
historical_600_unknown_rule,unknown,5,ZY12,P1,本地,0.0,src_0ceadd6ef97c,origin data/VPD-OE_Agent_20260709/VPD-OE_Agent/data/raw/ZY/5.xls,第5年广告投放(格式二),M3,3
historical_600_unknown_rule,unknown,5,ZY13,P1,本地,0.0,src_0ceadd6ef97c,origin data/VPD-OE_Agent_20260709/VPD-OE_Agent/data/raw/ZY/5.xls,第5年广告投放(格式二),N3,3
historical_600_unknown_rule,unknown,5,ZY14,P1,本地,0.0,src_0ceadd6ef97c,origin data/VPD-OE_Agent_20260709/VPD-OE_Agent/data/raw/ZY/5.xls,第5年广告投放(格式二),O3,3
historical_600_unknown_rule,unknown,5,ZY15,P1,本地,0.0,src_0ceadd6ef97c,origin data/VPD-OE_Agent_20260709/VPD-OE_Agent/data/raw/ZY/5.xls,第5年广告投放(格式二),P3,3
historical_600_unknown_rule,unknown,5,ZY16,P1,本地,0.0,src_0ceadd6ef97c,origin data/VPD-OE_Agent_20260709/VPD-OE_Agent/data/raw/ZY/5.xls,第5年广告投放(格式二),Q3,3
historical_600_unknown_rule,unknown,5,ZY17,P1,本地,0.0,src_0ceadd6ef97c,origin data/VPD-OE_Agent_20260709/VPD-OE_Agent/data/raw/ZY/5.xls,第5年广告投放(格式二),R3,3
historical_600_unknown_rule,unknown,5,ZY18,P1,本地,0.0,src_0ceadd6ef97c,origin data/VPD-OE_Agent_20260709/VPD-OE_Agent/data/raw/ZY/5.xls,第5年广告投放(格式二),S3,3
historical_600_unknown_rule,unknown,5,ZY01,P2,本地,0.0,src_0ceadd6ef97c,origin data/VPD-OE_Agent_20260709/VPD-OE_Agent/data/raw/ZY/5.xls,第5年广告投放(格式二),B4,4
historical_600_unknown_rule,unknown,5,ZY02,P2,本地,0.0,src_0ceadd6ef97c,origin data/VPD-OE_Agent_20260709/VPD-OE_Agent/data/raw/ZY/5.xls,第5年广告投放(格式二),C4,4
historical_600_unknown_rule,unknown,5,ZY03,P2,本地,0.0,src_0ceadd6ef97c,origin data/VPD-OE_Agent_20260709/VPD-OE_Agent/data/raw/ZY/5.xls,第5年广告投放(格式二),D4,4
historical_600_unknown_rule,unknown,5,ZY04,P2,本地,0.0,src_0ceadd6ef97c,origin data/VPD-OE_Agent_20260709/VPD-OE_Agent/data/raw/ZY/5.xls,第5年广告投放(格式二),E4,4
historical_600_unknown_rule,unknown,5,ZY05,P2,本地,20.0,src_0ceadd6ef97c,origin data/VPD-OE_Agent_20260709/VPD-OE_Agent/data/raw/ZY/5.xls,第5年广告投放(格式二),F4,4
historical_600_unknown_rule,unknown,5,ZY06,P2,本地,0.0,src_0ceadd6ef97c,origin data/VPD-OE_Agent_20260709/VPD-OE_Agent/data/raw/ZY/5.xls,第5年广告投放(格式二),G4,4
historical_600_unknown_rule,unknown,5,ZY07,P2,本地,0.0,src_0ceadd6ef97c,origin data/VPD-OE_Agent_20260709/VPD-OE_Agent/data/raw/ZY/5.xls,第5年广告投放(格式二),H4,4
historical_600_unknown_rule,unknown,5,ZY08,P2,本地,0.0,src_0ceadd6ef97c,origin data/VPD-OE_Agent_20260709/VPD-OE_Agent/data/raw/ZY/5.xls,第5年广告投放(格式二),I4,4
historical_600_unknown_rule,unknown,5,ZY09,P2,本地,0.0,src_0ceadd6ef97c,origin data/VPD-OE_Agent_20260709/VPD-OE_Agent/data/raw/ZY/5.xls,第5年广告投放(格式二),J4,4
historical_600_unknown_rule,unknown,5,ZY10,P2,本地,0.0,src_0ceadd6ef97c,origin data/VPD-OE_Agent_20260709/VPD-OE_Agent/data/raw/ZY/5.xls,第5年广告投放(格式二),K4,4
historical_600_unknown_rule,unknown,5,ZY11,P2,本地,30.0,src_0ceadd6ef97c,origin data/VPD-OE_Agent_20260709/VPD-OE_Agent/data/raw/ZY/5.xls,第5年广告投放(格式二),L4,4
historical_600_unknown_rule,unknown,5,ZY12,P2,本地,0.0,src_0ceadd6ef97c,origin data/VPD-OE_Agent_20260709/VPD-OE_Agent/data/raw/ZY/5.xls,第5年广告投放(格式二),M4,4
historical_600_unknown_rule,unknown,5,ZY13,P2,本地,0.0,src_0ceadd6ef97c,origin data/VPD-OE_Agent_20260709/VPD-OE_Agent/data/raw/ZY/5.xls,第5年广告投放(格式二),N4,4
historical_600_unknown_rule,unknown,5,ZY14,P2,本地,0.0,src_0ceadd6ef97c,origin data/VPD-OE_Agent_20260709/VPD-OE_Agent/data/raw/ZY/5.xls,第5年广告投放(格式二),O4,4
historical_600_unknown_rule,unknown,5,ZY15,P2,本地,0.0,src_0ceadd6ef97c,origin data/VPD-OE_Agent_20260709/VPD-OE_Agent/data/raw/ZY/5.xls,第5年广告投放(格式二),P4,4
historical_600_unknown_rule,unknown,5,ZY16,P2,本地,0.0,src_0ceadd6ef97c,origin data/VPD-OE_Agent_20260709/VPD-OE_Agent/data/raw/ZY/5.xls,第5年广告投放(格式二),Q4,4
historical_600_unknown_rule,unknown,5,ZY17,P2,本地,0.0,src_0ceadd6ef97c,origin data/VPD-OE_Agent_20260709/VPD-OE_Agent/data/raw/ZY/5.xls,第5年广告投放(格式二),R4,4
historical_600_unknown_rule,unknown,5,ZY18,P2,本地,0.0,src_0ceadd6ef97c,origin data/VPD-OE_Agent_20260709/VPD-OE_Agent/data/raw/ZY/5.xls,第5年广告投放(格式二),S4,4
historical_600_unknown_rule,unknown,5,ZY01,P3,本地,0.0,src_0ceadd6ef97c,origin data/VPD-OE_Agent_20260709/VPD-OE_Agent/data/raw/ZY/5.xls,第5年广告投放(格式二),B5,5
historical_600_unknown_rule,unknown,5,ZY02,P3,本地,0.0,src_0ceadd6ef97c,origin data/VPD-OE_Agent_20260709/VPD-OE_Agent/data/raw/ZY/5.xls,第5年广告投放(格式二),C5,5
historical_600_unknown_rule,unknown,5,ZY03,P3,本地,0.0,src_0ceadd6ef97c,origin data/VPD-OE_Agent_20260709/VPD-OE_Agent/data/raw/ZY/5.xls,第5年广告投放(格式二),D5,5
historical_600_unknown_rule,unknown,5,ZY04,P3,本地,50.0,src_0ceadd6ef97c,origin data/VPD-OE_Agent_20260709/VPD-OE_Agent/data/raw/ZY/5.xls,第5年广告投放(格式二),E5,5
historical_600_unknown_rule,unknown,5,ZY05,P3,本地,20.0,src_0ceadd6ef97c,origin data/VPD-OE_Agent_20260709/VPD-OE_Agent/data/raw/ZY/5.xls,第5年广告投放(格式二),F5,5
historical_600_unknown_rule,unknown,5,ZY06,P3,本地,0.0,src_0ceadd6ef97c,origin data/VPD-OE_Agent_20260709/VPD-OE_Agent/data/raw/ZY/5.xls,第5年广告投放(格式二),G5,5
historical_600_unknown_rule,unknown,5,ZY07,P3,本地,0.0,src_0ceadd6ef97c,origin data/VPD-OE_Agent_20260709/VPD-OE_Agent/data/raw/ZY/5.xls,第5年广告投放(格式二),H5,5
historical_600_unknown_rule,unknown,5,ZY08,P3,本地,0.0,src_0ceadd6ef97c,origin data/VPD-OE_Agent_20260709/VPD-OE_Agent/data/raw/ZY/5.xls,第5年广告投放(格式二),I5,5
historical_600_unknown_rule,unknown,5,ZY09,P3,本地,13.0,src_0ceadd6ef97c,origin data/VPD-OE_Agent_20260709/VPD-OE_Agent/data/raw/ZY/5.xls,第5年广告投放(格式二),J5,5
historical_600_unknown_rule,unknown,5,ZY10,P3,本地,0.0,src_0ceadd6ef97c,origin data/VPD-OE_Agent_20260709/VPD-OE_Agent/data/raw/ZY/5.xls,第5年广告投放(格式二),K5,5
historical_600_unknown_rule,unknown,5,ZY11,P3,本地,0.0,src_0ceadd6ef97c,origin data/VPD-OE_Agent_20260709/VPD-OE_Agent/data/raw/ZY/5.xls,第5年广告投放(格式二),L5,5
historical_600_unknown_rule,unknown,5,ZY12,P3,本地,0.0,src_0ceadd6ef97c,origin data/VPD-OE_Agent_20260709/VPD-OE_Agent/data/raw/ZY/5.xls,第5年广告投放(格式二),M5,5
historical_600_unknown_rule,unknown,5,ZY13,P3,本地,0.0,src_0ceadd6ef97c,origin data/VPD-OE_Agent_20260709/VPD-OE_Agent/data/raw/ZY/5.xls,第5年广告投放(格式二),N5,5
historical_600_unknown_rule,unknown,5,ZY14,P3,本地,0.0,src_0ceadd6ef97c,origin data/VPD-OE_Agent_20260709/VPD-OE_Agent/data/raw/ZY/5.xls,第5年广告投放(格式二),O5,5
historical_600_unknown_rule,unknown,5,ZY15,P3,本地,0.0,src_0ceadd6ef97c,origin data/VPD-OE_Agent_20260709/VPD-OE_Agent/data/raw/ZY/5.xls,第5年广告投放(格式二),P5,5
historical_600_unknown_rule,unknown,5,ZY16,P3,本地,0.0,src_0ceadd6ef97c,origin data/VPD-OE_Agent_20260709/VPD-OE_Agent/data/raw/ZY/5.xls,第5年广告投放(格式二),Q5,5
historical_600_unknown_rule,unknown,5,ZY17,P3,本地,0.0,src_0ceadd6ef97c,origin data/VPD-OE_Agent_20260709/VPD-OE_Agent/data/raw/ZY/5.xls,第5年广告投放(格式二),R5,5
historical_600_unknown_rule,unknown,5,ZY18,P3,本地,0.0,src_0ceadd6ef97c,origin data/VPD-OE_Agent_20260709/VPD-OE_Agent/data/raw/ZY/5.xls,第5年广告投放(格式二),S5,5
historical_600_unknown_rule,unknown,5,ZY01,P4,本地,0.0,src_0ceadd6ef97c,origin data/VPD-OE_Agent_20260709/VPD-OE_Agent/data/raw/ZY/5.xls,第5年广告投放(格式二),B6,6
historical_600_unknown_rule,unknown,5,ZY02,P4,本地,0.0,src_0ceadd6ef97c,origin data/VPD-OE_Agent_20260709/VPD-OE_Agent/data/raw/ZY/5.xls,第5年广告投放(格式二),C6,6
historical_600_unknown_rule,unknown,5,ZY03,P4,本地,0.0,src_0ceadd6ef97c,origin data/VPD-OE_Agent_20260709/VPD-OE_Agent/data/raw/ZY/5.xls,第5年广告投放(格式二),D6,6
historical_600_unknown_rule,unknown,5,ZY04,P4,本地,0.0,src_0ceadd6ef97c,origin data/VPD-OE_Agent_20260709/VPD-OE_Agent/data/raw/ZY/5.xls,第5年广告投放(格式二),E6,6
historical_600_unknown_rule,unknown,5,ZY05,P4,本地,0.0,src_0ceadd6ef97c,origin data/VPD-OE_Agent_20260709/VPD-OE_Agent/data/raw/ZY/5.xls,第5年广告投放(格式二),F6,6
historical_600_unknown_rule,unknown,5,ZY06,P4,本地,58.0,src_0ceadd6ef97c,origin data/VPD-OE_Agent_20260709/VPD-OE_Agent/data/raw/ZY/5.xls,第5年广告投放(格式二),G6,6
historical_600_unknown_rule,unknown,5,ZY07,P4,本地,0.0,src_0ceadd6ef97c,origin data/VPD-OE_Agent_20260709/VPD-OE_Agent/data/raw/ZY/5.xls,第5年广告投放(格式二),H6,6
historical_600_unknown_rule,unknown,5,ZY08,P4,本地,36.0,src_0ceadd6ef97c,origin data/VPD-OE_Agent_20260709/VPD-OE_Agent/data/raw/ZY/5.xls,第5年广告投放(格式二),I6,6
historical_600_unknown_rule,unknown,5,ZY09,P4,本地,0.0,src_0ceadd6ef97c,origin data/VPD-OE_Agent_20260709/VPD-OE_Agent/data/raw/ZY/5.xls,第5年广告投放(格式二),J6,6
historical_600_unknown_rule,unknown,5,ZY10,P4,本地,35.0,src_0ceadd6ef97c,origin data/VPD-OE_Agent_20260709/VPD-OE_Agent/data/raw/ZY/5.xls,第5年广告投放(格式二),K6,6
historical_600_unknown_rule,unknown,5,ZY11,P4,本地,0.0,src_0ceadd6ef97c,origin data/VPD-OE_Agent_20260709/VPD-OE_Agent/data/raw/ZY/5.xls,第5年广告投放(格式二),L6,6
historical_600_unknown_rule,unknown,5,ZY12,P4,本地,0.0,src_0ceadd6ef97c,origin data/VPD-OE_Agent_20260709/VPD-OE_Agent/data/raw/ZY/5.xls,第5年广告投放(格式二),M6,6
historical_600_unknown_rule,unknown,5,ZY13,P4,本地,32.0,src_0ceadd6ef97c,origin data/VPD-OE_Agent_20260709/VPD-OE_Agent/data/raw/ZY/5.xls,第5年广告投放(格式二),N6,6
historical_600_unknown_rule,unknown,5,ZY14,P4,本地,0.0,src_0ceadd6ef97c,origin data/VPD-OE_Agent_20260709/VPD-OE_Agent/data/raw/ZY/5.xls,第5年广告投放(格式二),O6,6
historical_600_unknown_rule,unknown,5,ZY15,P4,本地,0.0,src_0ceadd6ef97c,origin data/VPD-OE_Agent_20260709/VPD-OE_Agent/data/raw/ZY/5.xls,第5年广告投放(格式二),P6,6
historical_600_unknown_rule,unknown,5,ZY16,P4,本地,0.0,src_0ceadd6ef97c,origin data/VPD-OE_Agent_20260709/VPD-OE_Agent/data/raw/ZY/5.xls,第5年广告投放(格式二),Q6,6
historical_600_unknown_rule,unknown,5,ZY17,P4,本地,20.0,src_0ceadd6ef97c,origin data/VPD-OE_Agent_20260709/VPD-OE_Agent/data/raw/ZY/5.xls,第5年广告投放(格式二),R6,6
historical_600_unknown_rule,unknown,5,ZY18,P4,本地,0.0,src_0ceadd6ef97c,origin data/VPD-OE_Agent_20260709/VPD-OE_Agent/data/raw/ZY/5.xls,第5年广告投放(格式二),S6,6
historical_600_unknown_rule,unknown,5,ZY01,P1,区域,0.0,src_0ceadd6ef97c,origin data/VPD-OE_Agent_20260709/VPD-OE_Agent/data/raw/ZY/5.xls,第5年广告投放(格式二),B8,8
historical_600_unknown_rule,unknown,5,ZY02,P1,区域,0.0,src_0ceadd6ef97c,origin data/VPD-OE_Agent_20260709/VPD-OE_Agent/data/raw/ZY/5.xls,第5年广告投放(格式二),C8,8
historical_600_unknown_rule,unknown,5,ZY03,P1,区域,0.0,src_0ceadd6ef97c,origin data/VPD-OE_Agent_20260709/VPD-OE_Agent/data/raw/ZY/5.xls,第5年广告投放(格式二),D8,8
historical_600_unknown_rule,unknown,5,ZY04,P1,区域,0.0,src_0ceadd6ef97c,origin data/VPD-OE_Agent_20260709/VPD-OE_Agent/data/raw/ZY/5.xls,第5年广告投放(格式二),E8,8
historical_600_unknown_rule,unknown,5,ZY05,P1,区域,0.0,src_0ceadd6ef97c,origin data/VPD-OE_Agent_20260709/VPD-OE_Agent/data/raw/ZY/5.xls,第5年广告投放(格式二),F8,8
historical_600_unknown_rule,unknown,5,ZY06,P1,区域,0.0,src_0ceadd6ef97c,origin data/VPD-OE_Agent_20260709/VPD-OE_Agent/data/raw/ZY/5.xls,第5年广告投放(格式二),G8,8
historical_600_unknown_rule,unknown,5,ZY07,P1,区域,0.0,src_0ceadd6ef97c,origin data/VPD-OE_Agent_20260709/VPD-OE_Agent/data/raw/ZY/5.xls,第5年广告投放(格式二),H8,8
historical_600_unknown_rule,unknown,5,ZY08,P1,区域,0.0,src_0ceadd6ef97c,origin data/VPD-OE_Agent_20260709/VPD-OE_Agent/data/raw/ZY/5.xls,第5年广告投放(格式二),I8,8
historical_600_unknown_rule,unknown,5,ZY09,P1,区域,0.0,src_0ceadd6ef97c,origin data/VPD-OE_Agent_20260709/VPD-OE_Agent/data/raw/ZY/5.xls,第5年广告投放(格式二),J8,8
historical_600_unknown_rule,unknown,5,ZY10,P1,区域,0.0,src_0ceadd6ef97c,origin data/VPD-OE_Agent_20260709/VPD-OE_Agent/data/raw/ZY/5.xls,第5年广告投放(格式二),K8,8
historical_600_unknown_rule,unknown,5,ZY11,P1,区域,0.0,src_0ceadd6ef97c,origin data/VPD-OE_Agent_20260709/VPD-OE_Agent/data/raw/ZY/5.xls,第5年广告投放(格式二),L8,8
historical_600_unknown_rule,unknown,5,ZY12,P1,区域,0.0,src_0ceadd6ef97c,origin data/VPD-OE_Agent_20260709/VPD-OE_Agent/data/raw/ZY/5.xls,第5年广告投放(格式二),M8,8
historical_600_unknown_rule,unknown,5,ZY13,P1,区域,0.0,src_0ceadd6ef97c,origin data/VPD-OE_Agent_20260709/VPD-OE_Agent/data/raw/ZY/5.xls,第5年广告投放(格式二),N8,8
historical_600_unknown_rule,unknown,5,ZY14,P1,区域,0.0,src_0ceadd6ef97c,origin data/VPD-OE_Agent_20260709/VPD-OE_Agent/data/raw/ZY/5.xls,第5年广告投放(格式二),O8,8
historical_600_unknown_rule,unknown,5,ZY15,P1,区域,0.0,src_0ceadd6ef97c,origin data/VPD-OE_Agent_20260709/VPD-OE_Agent/data/raw/ZY/5.xls,第5年广告投放(格式二),P8,8
historical_600_unknown_rule,unknown,5,ZY16,P1,区域,0.0,src_0ceadd6ef97c,origin data/VPD-OE_Agent_20260709/VPD-OE_Agent/data/raw/ZY/5.xls,第5年广告投放(格式二),Q8,8
historical_600_unknown_rule,unknown,5,ZY17,P1,区域,0.0,src_0ceadd6ef97c,origin data/VPD-OE_Agent_20260709/VPD-OE_Agent/data/raw/ZY/5.xls,第5年广告投放(格式二),R8,8
historical_600_unknown_rule,unknown,5,ZY18,P1,区域,0.0,src_0ceadd6ef97c,origin data/VPD-OE_Agent_20260709/VPD-OE_Agent/data/raw/ZY/5.xls,第5年广告投放(格式二),S8,8
historical_600_unknown_rule,unknown,5,ZY01,P2,区域,0.0,src_0ceadd6ef97c,origin data/VPD-OE_Agent_20260709/VPD-OE_Agent/data/raw/ZY/5.xls,第5年广告投放(格式二),B9,9
historical_600_unknown_rule,unknown,5,ZY02,P2,区域,0.0,src_0ceadd6ef97c,origin data/VPD-OE_Agent_20260709/VPD-OE_Agent/data/raw/ZY/5.xls,第5年广告投放(格式二),C9,9
historical_600_unknown_rule,unknown,5,ZY03,P2,区域,0.0,src_0ceadd6ef97c,origin data/VPD-OE_Agent_20260709/VPD-OE_Agent/data/raw/ZY/5.xls,第5年广告投放(格式二),D9,9
historical_600_unknown_rule,unknown,5,ZY04,P2,区域,0.0,src_0ceadd6ef97c,origin data/VPD-OE_Agent_20260709/VPD-OE_Agent/data/raw/ZY/5.xls,第5年广告投放(格式二),E9,9
historical_600_unknown_rule,unknown,5,ZY05,P2,区域,0.0,src_0ceadd6ef97c,origin data/VPD-OE_Agent_20260709/VPD-OE_Agent/data/raw/ZY/5.xls,第5年广告投放(格式二),F9,9
historical_600_unknown_rule,unknown,5,ZY06,P2,区域,0.0,src_0ceadd6ef97c,origin data/VPD-OE_Agent_20260709/VPD-OE_Agent/data/raw/ZY/5.xls,第5年广告投放(格式二),G9,9
historical_600_unknown_rule,unknown,5,ZY07,P2,区域,0.0,src_0ceadd6ef97c,origin data/VPD-OE_Agent_20260709/VPD-OE_Agent/data/raw/ZY/5.xls,第5年广告投放(格式二),H9,9
historical_600_unknown_rule,unknown,5,ZY08,P2,区域,0.0,src_0ceadd6ef97c,origin data/VPD-OE_Agent_20260709/VPD-OE_Agent/data/raw/ZY/5.xls,第5年广告投放(格式二),I9,9
historical_600_unknown_rule,unknown,5,ZY09,P2,区域,0.0,src_0ceadd6ef97c,origin data/VPD-OE_Agent_20260709/VPD-OE_Agent/data/raw/ZY/5.xls,第5年广告投放(格式二),J9,9
historical_600_unknown_rule,unknown,5,ZY10,P2,区域,0.0,src_0ceadd6ef97c,origin data/VPD-OE_Agent_20260709/VPD-OE_Agent/data/raw/ZY/5.xls,第5年广告投放(格式二),K9,9
historical_600_unknown_rule,unknown,5,ZY11,P2,区域,30.0,src_0ceadd6ef97c,origin data/VPD-OE_Agent_20260709/VPD-OE_Agent/data/raw/ZY/5.xls,第5年广告投放(格式二),L9,9
historical_600_unknown_rule,unknown,5,ZY12,P2,区域,0.0,src_0ceadd6ef97c,origin data/VPD-OE_Agent_20260709/VPD-OE_Agent/data/raw/ZY/5.xls,第5年广告投放(格式二),M9,9
historical_600_unknown_rule,unknown,5,ZY13,P2,区域,0.0,src_0ceadd6ef97c,origin data/VPD-OE_Agent_20260709/VPD-OE_Agent/data/raw/ZY/5.xls,第5年广告投放(格式二),N9,9
historical_600_unknown_rule,unknown,5,ZY14,P2,区域,0.0,src_0ceadd6ef97c,origin data/VPD-OE_Agent_20260709/VPD-OE_Agent/data/raw/ZY/5.xls,第5年广告投放(格式二),O9,9
historical_600_unknown_rule,unknown,5,ZY15,P2,区域,0.0,src_0ceadd6ef97c,origin data/VPD-OE_Agent_20260709/VPD-OE_Agent/data/raw/ZY/5.xls,第5年广告投放(格式二),P9,9
historical_600_unknown_rule,unknown,5,ZY16,P2,区域,0.0,src_0ceadd6ef97c,origin data/VPD-OE_Agent_20260709/VPD-OE_Agent/data/raw/ZY/5.xls,第5年广告投放(格式二),Q9,9
historical_600_unknown_rule,unknown,5,ZY17,P2,区域,0.0,src_0ceadd6ef97c,origin data/VPD-OE_Agent_20260709/VPD-OE_Agent/data/raw/ZY/5.xls,第5年广告投放(格式二),R9,9
historical_600_unknown_rule,unknown,5,ZY18,P2,区域,0.0,src_0ceadd6ef97c,origin data/VPD-OE_Agent_20260709/VPD-OE_Agent/data/raw/ZY/5.xls,第5年广告投放(格式二),S9,9
historical_600_unknown_rule,unknown,5,ZY01,P3,区域,0.0,src_0ceadd6ef97c,origin data/VPD-OE_Agent_20260709/VPD-OE_Agent/data/raw/ZY/5.xls,第5年广告投放(格式二),B10,10
historical_600_unknown_rule,unknown,5,ZY02,P3,区域,31.0,src_0ceadd6ef97c,origin data/VPD-OE_Agent_20260709/VPD-OE_Agent/data/raw/ZY/5.xls,第5年广告投放(格式二),C10,10
historical_600_unknown_rule,unknown,5,ZY03,P3,区域,0.0,src_0ceadd6ef97c,origin data/VPD-OE_Agent_20260709/VPD-OE_Agent/data/raw/ZY/5.xls,第5年广告投放(格式二),D10,10
historical_600_unknown_rule,unknown,5,ZY04,P3,区域,0.0,src_0ceadd6ef97c,origin data/VPD-OE_Agent_20260709/VPD-OE_Agent/data/raw/ZY/5.xls,第5年广告投放(格式二),E10,10
historical_600_unknown_rule,unknown,5,ZY05,P3,区域,0.0,src_0ceadd6ef97c,origin data/VPD-OE_Agent_20260709/VPD-OE_Agent/data/raw/ZY/5.xls,第5年广告投放(格式二),F10,10
historical_600_unknown_rule,unknown,5,ZY06,P3,区域,0.0,src_0ceadd6ef97c,origin data/VPD-OE_Agent_20260709/VPD-OE_Agent/data/raw/ZY/5.xls,第5年广告投放(格式二),G10,10
historical_600_unknown_rule,unknown,5,ZY07,P3,区域,10.0,src_0ceadd6ef97c,origin data/VPD-OE_Agent_20260709/VPD-OE_Agent/data/raw/ZY/5.xls,第5年广告投放(格式二),H10,10
historical_600_unknown_rule,unknown,5,ZY08,P3,区域,0.0,src_0ceadd6ef97c,origin data/VPD-OE_Agent_20260709/VPD-OE_Agent/data/raw/ZY/5.xls,第5年广告投放(格式二),I10,10
historical_600_unknown_rule,unknown,5,ZY09,P3,区域,42.0,src_0ceadd6ef97c,origin data/VPD-OE_Agent_20260709/VPD-OE_Agent/data/raw/ZY/5.xls,第5年广告投放(格式二),J10,10
historical_600_unknown_rule,unknown,5,ZY10,P3,区域,14.0,src_0ceadd6ef97c,origin data/VPD-OE_Agent_20260709/VPD-OE_Agent/data/raw/ZY/5.xls,第5年广告投放(格式二),K10,10
historical_600_unknown_rule,unknown,5,ZY11,P3,区域,0.0,src_0ceadd6ef97c,origin data/VPD-OE_Agent_20260709/VPD-OE_Agent/data/raw/ZY/5.xls,第5年广告投放(格式二),L10,10
historical_600_unknown_rule,unknown,5,ZY12,P3,区域,0.0,src_0ceadd6ef97c,origin data/VPD-OE_Agent_20260709/VPD-OE_Agent/data/raw/ZY/5.xls,第5年广告投放(格式二),M10,10
historical_600_unknown_rule,unknown,5,ZY13,P3,区域,33.0,src_0ceadd6ef97c,origin data/VPD-OE_Agent_20260709/VPD-OE_Agent/data/raw/ZY/5.xls,第5年广告投放(格式二),N10,10
historical_600_unknown_rule,unknown,5,ZY14,P3,区域,40.0,src_0ceadd6ef97c,origin data/VPD-OE_Agent_20260709/VPD-OE_Agent/data/raw/ZY/5.xls,第5年广告投放(格式二),O10,10
historical_600_unknown_rule,unknown,5,ZY15,P3,区域,0.0,src_0ceadd6ef97c,origin data/VPD-OE_Agent_20260709/VPD-OE_Agent/data/raw/ZY/5.xls,第5年广告投放(格式二),P10,10
historical_600_unknown_rule,unknown,5,ZY16,P3,区域,0.0,src_0ceadd6ef97c,origin data/VPD-OE_Agent_20260709/VPD-OE_Agent/data/raw/ZY/5.xls,第5年广告投放(格式二),Q10,10
historical_600_unknown_rule,unknown,5,ZY17,P3,区域,0.0,src_0ceadd6ef97c,origin data/VPD-OE_Agent_20260709/VPD-OE_Agent/data/raw/ZY/5.xls,第5年广告投放(格式二),R10,10
historical_600_unknown_rule,unknown,5,ZY18,P3,区域,0.0,src_0ceadd6ef97c,origin data/VPD-OE_Agent_20260709/VPD-OE_Agent/data/raw/ZY/5.xls,第5年广告投放(格式二),S10,10
historical_600_unknown_rule,unknown,5,ZY01,P4,区域,0.0,src_0ceadd6ef97c,origin data/VPD-OE_Agent_20260709/VPD-OE_Agent/data/raw/ZY/5.xls,第5年广告投放(格式二),B11,11
historical_600_unknown_rule,unknown,5,ZY02,P4,区域,0.0,src_0ceadd6ef97c,origin data/VPD-OE_Agent_20260709/VPD-OE_Agent/data/raw/ZY/5.xls,第5年广告投放(格式二),C11,11
historical_600_unknown_rule,unknown,5,ZY03,P4,区域,0.0,src_0ceadd6ef97c,origin data/VPD-OE_Agent_20260709/VPD-OE_Agent/data/raw/ZY/5.xls,第5年广告投放(格式二),D11,11
historical_600_unknown_rule,unknown,5,ZY04,P4,区域,0.0,src_0ceadd6ef97c,origin data/VPD-OE_Agent_20260709/VPD-OE_Agent/data/raw/ZY/5.xls,第5年广告投放(格式二),E11,11
historical_600_unknown_rule,unknown,5,ZY05,P4,区域,0.0,src_0ceadd6ef97c,origin data/VPD-OE_Agent_20260709/VPD-OE_Agent/data/raw/ZY/5.xls,第5年广告投放(格式二),F11,11
historical_600_unknown_rule,unknown,5,ZY06,P4,区域,16.0,src_0ceadd6ef97c,origin data/VPD-OE_Agent_20260709/VPD-OE_Agent/data/raw/ZY/5.xls,第5年广告投放(格式二),G11,11
historical_600_unknown_rule,unknown,5,ZY07,P4,区域,0.0,src_0ceadd6ef97c,origin data/VPD-OE_Agent_20260709/VPD-OE_Agent/data/raw/ZY/5.xls,第5年广告投放(格式二),H11,11
historical_600_unknown_rule,unknown,5,ZY08,P4,区域,0.0,src_0ceadd6ef97c,origin data/VPD-OE_Agent_20260709/VPD-OE_Agent/data/raw/ZY/5.xls,第5年广告投放(格式二),I11,11
historical_600_unknown_rule,unknown,5,ZY09,P4,区域,0.0,src_0ceadd6ef97c,origin data/VPD-OE_Agent_20260709/VPD-OE_Agent/data/raw/ZY/5.xls,第5年广告投放(格式二),J11,11
historical_600_unknown_rule,unknown,5,ZY10,P4,区域,0.0,src_0ceadd6ef97c,origin data/VPD-OE_Agent_20260709/VPD-OE_Agent/data/raw/ZY/5.xls,第5年广告投放(格式二),K11,11
historical_600_unknown_rule,unknown,5,ZY11,P4,区域,0.0,src_0ceadd6ef97c,origin data/VPD-OE_Agent_20260709/VPD-OE_Agent/data/raw/ZY/5.xls,第5年广告投放(格式二),L11,11
historical_600_unknown_rule,unknown,5,ZY12,P4,区域,0.0,src_0ceadd6ef97c,origin data/VPD-OE_Agent_20260709/VPD-OE_Agent/data/raw/ZY/5.xls,第5年广告投放(格式二),M11,11
historical_600_unknown_rule,unknown,5,ZY13,P4,区域,17.0,src_0ceadd6ef97c,origin data/VPD-OE_Agent_20260709/VPD-OE_Agent/data/raw/ZY/5.xls,第5年广告投放(格式二),N11,11
historical_600_unknown_rule,unknown,5,ZY14,P4,区域,0.0,src_0ceadd6ef97c,origin data/VPD-OE_Agent_20260709/VPD-OE_Agent/data/raw/ZY/5.xls,第5年广告投放(格式二),O11,11
historical_600_unknown_rule,unknown,5,ZY15,P4,区域,65.0,src_0ceadd6ef97c,origin data/VPD-OE_Agent_20260709/VPD-OE_Agent/data/raw/ZY/5.xls,第5年广告投放(格式二),P11,11
historical_600_unknown_rule,unknown,5,ZY16,P4,区域,0.0,src_0ceadd6ef97c,origin data/VPD-OE_Agent_20260709/VPD-OE_Agent/data/raw/ZY/5.xls,第5年广告投放(格式二),Q11,11
historical_600_unknown_rule,unknown,5,ZY17,P4,区域,20.0,src_0ceadd6ef97c,origin data/VPD-OE_Agent_20260709/VPD-OE_Agent/data/raw/ZY/5.xls,第5年广告投放(格式二),R11,11
historical_600_unknown_rule,unknown,5,ZY18,P4,区域,0.0,src_0ceadd6ef97c,origin data/VPD-OE_Agent_20260709/VPD-OE_Agent/data/raw/ZY/5.xls,第5年广告投放(格式二),S11,11
historical_600_unknown_rule,unknown,5,ZY01,P1,国内,0.0,src_0ceadd6ef97c,origin data/VPD-OE_Agent_20260709/VPD-OE_Agent/data/raw/ZY/5.xls,第5年广告投放(格式二),B13,13
historical_600_unknown_rule,unknown,5,ZY02,P1,国内,0.0,src_0ceadd6ef97c,origin data/VPD-OE_Agent_20260709/VPD-OE_Agent/data/raw/ZY/5.xls,第5年广告投放(格式二),C13,13
historical_600_unknown_rule,unknown,5,ZY03,P1,国内,0.0,src_0ceadd6ef97c,origin data/VPD-OE_Agent_20260709/VPD-OE_Agent/data/raw/ZY/5.xls,第5年广告投放(格式二),D13,13
historical_600_unknown_rule,unknown,5,ZY04,P1,国内,0.0,src_0ceadd6ef97c,origin data/VPD-OE_Agent_20260709/VPD-OE_Agent/data/raw/ZY/5.xls,第5年广告投放(格式二),E13,13
historical_600_unknown_rule,unknown,5,ZY05,P1,国内,0.0,src_0ceadd6ef97c,origin data/VPD-OE_Agent_20260709/VPD-OE_Agent/data/raw/ZY/5.xls,第5年广告投放(格式二),F13,13
historical_600_unknown_rule,unknown,5,ZY06,P1,国内,0.0,src_0ceadd6ef97c,origin data/VPD-OE_Agent_20260709/VPD-OE_Agent/data/raw/ZY/5.xls,第5年广告投放(格式二),G13,13
historical_600_unknown_rule,unknown,5,ZY07,P1,国内,0.0,src_0ceadd6ef97c,origin data/VPD-OE_Agent_20260709/VPD-OE_Agent/data/raw/ZY/5.xls,第5年广告投放(格式二),H13,13
historical_600_unknown_rule,unknown,5,ZY08,P1,国内,0.0,src_0ceadd6ef97c,origin data/VPD-OE_Agent_20260709/VPD-OE_Agent/data/raw/ZY/5.xls,第5年广告投放(格式二),I13,13
historical_600_unknown_rule,unknown,5,ZY09,P1,国内,0.0,src_0ceadd6ef97c,origin data/VPD-OE_Agent_20260709/VPD-OE_Agent/data/raw/ZY/5.xls,第5年广告投放(格式二),J13,13
historical_600_unknown_rule,unknown,5,ZY10,P1,国内,0.0,src_0ceadd6ef97c,origin data/VPD-OE_Agent_20260709/VPD-OE_Agent/data/raw/ZY/5.xls,第5年广告投放(格式二),K13,13
historical_600_unknown_rule,unknown,5,ZY11,P1,国内,0.0,src_0ceadd6ef97c,origin data/VPD-OE_Agent_20260709/VPD-OE_Agent/data/raw/ZY/5.xls,第5年广告投放(格式二),L13,13
historical_600_unknown_rule,unknown,5,ZY12,P1,国内,0.0,src_0ceadd6ef97c,origin data/VPD-OE_Agent_20260709/VPD-OE_Agent/data/raw/ZY/5.xls,第5年广告投放(格式二),M13,13
historical_600_unknown_rule,unknown,5,ZY13,P1,国内,0.0,src_0ceadd6ef97c,origin data/VPD-OE_Agent_20260709/VPD-OE_Agent/data/raw/ZY/5.xls,第5年广告投放(格式二),N13,13
historical_600_unknown_rule,unknown,5,ZY14,P1,国内,0.0,src_0ceadd6ef97c,origin data/VPD-OE_Agent_20260709/VPD-OE_Agent/data/raw/ZY/5.xls,第5年广告投放(格式二),O13,13
historical_600_unknown_rule,unknown,5,ZY15,P1,国内,0.0,src_0ceadd6ef97c,origin data/VPD-OE_Agent_20260709/VPD-OE_Agent/data/raw/ZY/5.xls,第5年广告投放(格式二),P13,13
historical_600_unknown_rule,unknown,5,ZY16,P1,国内,0.0,src_0ceadd6ef97c,origin data/VPD-OE_Agent_20260709/VPD-OE_Agent/data/raw/ZY/5.xls,第5年广告投放(格式二),Q13,13
historical_600_unknown_rule,unknown,5,ZY17,P1,国内,0.0,src_0ceadd6ef97c,origin data/VPD-OE_Agent_20260709/VPD-OE_Agent/data/raw/ZY/5.xls,第5年广告投放(格式二),R13,13
historical_600_unknown_rule,unknown,5,ZY18,P1,国内,0.0,src_0ceadd6ef97c,origin data/VPD-OE_Agent_20260709/VPD-OE_Agent/data/raw/ZY/5.xls,第5年广告投放(格式二),S13,13
historical_600_unknown_rule,unknown,5,ZY01,P2,国内,0.0,src_0ceadd6ef97c,origin data/VPD-OE_Agent_20260709/VPD-OE_Agent/data/raw/ZY/5.xls,第5年广告投放(格式二),B14,14
historical_600_unknown_rule,unknown,5,ZY02,P2,国内,16.0,src_0ceadd6ef97c,origin data/VPD-OE_Agent_20260709/VPD-OE_Agent/data/raw/ZY/5.xls,第5年广告投放(格式二),C14,14
historical_600_unknown_rule,unknown,5,ZY03,P2,国内,0.0,src_0ceadd6ef97c,origin data/VPD-OE_Agent_20260709/VPD-OE_Agent/data/raw/ZY/5.xls,第5年广告投放(格式二),D14,14
historical_600_unknown_rule,unknown,5,ZY04,P2,国内,50.0,src_0ceadd6ef97c,origin data/VPD-OE_Agent_20260709/VPD-OE_Agent/data/raw/ZY/5.xls,第5年广告投放(格式二),E14,14
historical_600_unknown_rule,unknown,5,ZY05,P2,国内,0.0,src_0ceadd6ef97c,origin data/VPD-OE_Agent_20260709/VPD-OE_Agent/data/raw/ZY/5.xls,第5年广告投放(格式二),F14,14
historical_600_unknown_rule,unknown,5,ZY06,P2,国内,0.0,src_0ceadd6ef97c,origin data/VPD-OE_Agent_20260709/VPD-OE_Agent/data/raw/ZY/5.xls,第5年广告投放(格式二),G14,14
historical_600_unknown_rule,unknown,5,ZY07,P2,国内,0.0,src_0ceadd6ef97c,origin data/VPD-OE_Agent_20260709/VPD-OE_Agent/data/raw/ZY/5.xls,第5年广告投放(格式二),H14,14
historical_600_unknown_rule,unknown,5,ZY08,P2,国内,0.0,src_0ceadd6ef97c,origin data/VPD-OE_Agent_20260709/VPD-OE_Agent/data/raw/ZY/5.xls,第5年广告投放(格式二),I14,14
historical_600_unknown_rule,unknown,5,ZY09,P2,国内,0.0,src_0ceadd6ef97c,origin data/VPD-OE_Agent_20260709/VPD-OE_Agent/data/raw/ZY/5.xls,第5年广告投放(格式二),J14,14
historical_600_unknown_rule,unknown,5,ZY10,P2,国内,0.0,src_0ceadd6ef97c,origin data/VPD-OE_Agent_20260709/VPD-OE_Agent/data/raw/ZY/5.xls,第5年广告投放(格式二),K14,14
historical_600_unknown_rule,unknown,5,ZY11,P2,国内,0.0,src_0ceadd6ef97c,origin data/VPD-OE_Agent_20260709/VPD-OE_Agent/data/raw/ZY/5.xls,第5年广告投放(格式二),L14,14
historical_600_unknown_rule,unknown,5,ZY12,P2,国内,0.0,src_0ceadd6ef97c,origin data/VPD-OE_Agent_20260709/VPD-OE_Agent/data/raw/ZY/5.xls,第5年广告投放(格式二),M14,14
historical_600_unknown_rule,unknown,5,ZY13,P2,国内,0.0,src_0ceadd6ef97c,origin data/VPD-OE_Agent_20260709/VPD-OE_Agent/data/raw/ZY/5.xls,第5年广告投放(格式二),N14,14
historical_600_unknown_rule,unknown,5,ZY14,P2,国内,40.0,src_0ceadd6ef97c,origin data/VPD-OE_Agent_20260709/VPD-OE_Agent/data/raw/ZY/5.xls,第5年广告投放(格式二),O14,14
historical_600_unknown_rule,unknown,5,ZY15,P2,国内,0.0,src_0ceadd6ef97c,origin data/VPD-OE_Agent_20260709/VPD-OE_Agent/data/raw/ZY/5.xls,第5年广告投放(格式二),P14,14
historical_600_unknown_rule,unknown,5,ZY16,P2,国内,30.0,src_0ceadd6ef97c,origin data/VPD-OE_Agent_20260709/VPD-OE_Agent/data/raw/ZY/5.xls,第5年广告投放(格式二),Q14,14
historical_600_unknown_rule,unknown,5,ZY17,P2,国内,0.0,src_0ceadd6ef97c,origin data/VPD-OE_Agent_20260709/VPD-OE_Agent/data/raw/ZY/5.xls,第5年广告投放(格式二),R14,14
historical_600_unknown_rule,unknown,5,ZY18,P2,国内,0.0,src_0ceadd6ef97c,origin data/VPD-OE_Agent_20260709/VPD-OE_Agent/data/raw/ZY/5.xls,第5年广告投放(格式二),S14,14
historical_600_unknown_rule,unknown,5,ZY01,P3,国内,0.0,src_0ceadd6ef97c,origin data/VPD-OE_Agent_20260709/VPD-OE_Agent/data/raw/ZY/5.xls,第5年广告投放(格式二),B15,15
historical_600_unknown_rule,unknown,5,ZY02,P3,国内,21.0,src_0ceadd6ef97c,origin data/VPD-OE_Agent_20260709/VPD-OE_Agent/data/raw/ZY/5.xls,第5年广告投放(格式二),C15,15
historical_600_unknown_rule,unknown,5,ZY03,P3,国内,0.0,src_0ceadd6ef97c,origin data/VPD-OE_Agent_20260709/VPD-OE_Agent/data/raw/ZY/5.xls,第5年广告投放(格式二),D15,15
historical_600_unknown_rule,unknown,5,ZY04,P3,国内,33.0,src_0ceadd6ef97c,origin data/VPD-OE_Agent_20260709/VPD-OE_Agent/data/raw/ZY/5.xls,第5年广告投放(格式二),E15,15
historical_600_unknown_rule,unknown,5,ZY05,P3,国内,0.0,src_0ceadd6ef97c,origin data/VPD-OE_Agent_20260709/VPD-OE_Agent/data/raw/ZY/5.xls,第5年广告投放(格式二),F15,15
historical_600_unknown_rule,unknown,5,ZY06,P3,国内,0.0,src_0ceadd6ef97c,origin data/VPD-OE_Agent_20260709/VPD-OE_Agent/data/raw/ZY/5.xls,第5年广告投放(格式二),G15,15
historical_600_unknown_rule,unknown,5,ZY07,P3,国内,0.0,src_0ceadd6ef97c,origin data/VPD-OE_Agent_20260709/VPD-OE_Agent/data/raw/ZY/5.xls,第5年广告投放(格式二),H15,15
historical_600_unknown_rule,unknown,5,ZY08,P3,国内,0.0,src_0ceadd6ef97c,origin data/VPD-OE_Agent_20260709/VPD-OE_Agent/data/raw/ZY/5.xls,第5年广告投放(格式二),I15,15
historical_600_unknown_rule,unknown,5,ZY09,P3,国内,0.0,src_0ceadd6ef97c,origin data/VPD-OE_Agent_20260709/VPD-OE_Agent/data/raw/ZY/5.xls,第5年广告投放(格式二),J15,15
historical_600_unknown_rule,unknown,5,ZY10,P3,国内,0.0,src_0ceadd6ef97c,origin data/VPD-OE_Agent_20260709/VPD-OE_Agent/data/raw/ZY/5.xls,第5年广告投放(格式二),K15,15
historical_600_unknown_rule,unknown,5,ZY11,P3,国内,0.0,src_0ceadd6ef97c,origin data/VPD-OE_Agent_20260709/VPD-OE_Agent/data/raw/ZY/5.xls,第5年广告投放(格式二),L15,15
historical_600_unknown_rule,unknown,5,ZY12,P3,国内,0.0,src_0ceadd6ef97c,origin data/VPD-OE_Agent_20260709/VPD-OE_Agent/data/raw/ZY/5.xls,第5年广告投放(格式二),M15,15
historical_600_unknown_rule,unknown,5,ZY13,P3,国内,0.0,src_0ceadd6ef97c,origin data/VPD-OE_Agent_20260709/VPD-OE_Agent/data/raw/ZY/5.xls,第5年广告投放(格式二),N15,15
historical_600_unknown_rule,unknown,5,ZY14,P3,国内,0.0,src_0ceadd6ef97c,origin data/VPD-OE_Agent_20260709/VPD-OE_Agent/data/raw/ZY/5.xls,第5年广告投放(格式二),O15,15
historical_600_unknown_rule,unknown,5,ZY15,P3,国内,0.0,src_0ceadd6ef97c,origin data/VPD-OE_Agent_20260709/VPD-OE_Agent/data/raw/ZY/5.xls,第5年广告投放(格式二),P15,15
historical_600_unknown_rule,unknown,5,ZY16,P3,国内,0.0,src_0ceadd6ef97c,origin data/VPD-OE_Agent_20260709/VPD-OE_Agent/data/raw/ZY/5.xls,第5年广告投放(格式二),Q15,15
historical_600_unknown_rule,unknown,5,ZY17,P3,国内,0.0,src_0ceadd6ef97c,origin data/VPD-OE_Agent_20260709/VPD-OE_Agent/data/raw/ZY/5.xls,第5年广告投放(格式二),R15,15
historical_600_unknown_rule,unknown,5,ZY18,P3,国内,0.0,src_0ceadd6ef97c,origin data/VPD-OE_Agent_20260709/VPD-OE_Agent/data/raw/ZY/5.xls,第5年广告投放(格式二),S15,15
historical_600_unknown_rule,unknown,5,ZY01,P4,国内,0.0,src_0ceadd6ef97c,origin data/VPD-OE_Agent_20260709/VPD-OE_Agent/data/raw/ZY/5.xls,第5年广告投放(格式二),B16,16
historical_600_unknown_rule,unknown,5,ZY02,P4,国内,0.0,src_0ceadd6ef97c,origin data/VPD-OE_Agent_20260709/VPD-OE_Agent/data/raw/ZY/5.xls,第5年广告投放(格式二),C16,16
historical_600_unknown_rule,unknown,5,ZY03,P4,国内,0.0,src_0ceadd6ef97c,origin data/VPD-OE_Agent_20260709/VPD-OE_Agent/data/raw/ZY/5.xls,第5年广告投放(格式二),D16,16
historical_600_unknown_rule,unknown,5,ZY04,P4,国内,0.0,src_0ceadd6ef97c,origin data/VPD-OE_Agent_20260709/VPD-OE_Agent/data/raw/ZY/5.xls,第5年广告投放(格式二),E16,16
historical_600_unknown_rule,unknown,5,ZY05,P4,国内,0.0,src_0ceadd6ef97c,origin data/VPD-OE_Agent_20260709/VPD-OE_Agent/data/raw/ZY/5.xls,第5年广告投放(格式二),F16,16
historical_600_unknown_rule,unknown,5,ZY06,P4,国内,32.0,src_0ceadd6ef97c,origin data/VPD-OE_Agent_20260709/VPD-OE_Agent/data/raw/ZY/5.xls,第5年广告投放(格式二),G16,16
historical_600_unknown_rule,unknown,5,ZY07,P4,国内,0.0,src_0ceadd6ef97c,origin data/VPD-OE_Agent_20260709/VPD-OE_Agent/data/raw/ZY/5.xls,第5年广告投放(格式二),H16,16
historical_600_unknown_rule,unknown,5,ZY08,P4,国内,0.0,src_0ceadd6ef97c,origin data/VPD-OE_Agent_20260709/VPD-OE_Agent/data/raw/ZY/5.xls,第5年广告投放(格式二),I16,16
historical_600_unknown_rule,unknown,5,ZY09,P4,国内,0.0,src_0ceadd6ef97c,origin data/VPD-OE_Agent_20260709/VPD-OE_Agent/data/raw/ZY/5.xls,第5年广告投放(格式二),J16,16
historical_600_unknown_rule,unknown,5,ZY10,P4,国内,0.0,src_0ceadd6ef97c,origin data/VPD-OE_Agent_20260709/VPD-OE_Agent/data/raw/ZY/5.xls,第5年广告投放(格式二),K16,16
historical_600_unknown_rule,unknown,5,ZY11,P4,国内,0.0,src_0ceadd6ef97c,origin data/VPD-OE_Agent_20260709/VPD-OE_Agent/data/raw/ZY/5.xls,第5年广告投放(格式二),L16,16
historical_600_unknown_rule,unknown,5,ZY12,P4,国内,0.0,src_0ceadd6ef97c,origin data/VPD-OE_Agent_20260709/VPD-OE_Agent/data/raw/ZY/5.xls,第5年广告投放(格式二),M16,16
historical_600_unknown_rule,unknown,5,ZY13,P4,国内,31.0,src_0ceadd6ef97c,origin data/VPD-OE_Agent_20260709/VPD-OE_Agent/data/raw/ZY/5.xls,第5年广告投放(格式二),N16,16
historical_600_unknown_rule,unknown,5,ZY14,P4,国内,0.0,src_0ceadd6ef97c,origin data/VPD-OE_Agent_20260709/VPD-OE_Agent/data/raw/ZY/5.xls,第5年广告投放(格式二),O16,16
historical_600_unknown_rule,unknown,5,ZY15,P4,国内,0.0,src_0ceadd6ef97c,origin data/VPD-OE_Agent_20260709/VPD-OE_Agent/data/raw/ZY/5.xls,第5年广告投放(格式二),P16,16
historical_600_unknown_rule,unknown,5,ZY16,P4,国内,0.0,src_0ceadd6ef97c,origin data/VPD-OE_Agent_20260709/VPD-OE_Agent/data/raw/ZY/5.xls,第5年广告投放(格式二),Q16,16
historical_600_unknown_rule,unknown,5,ZY17,P4,国内,30.0,src_0ceadd6ef97c,origin data/VPD-OE_Agent_20260709/VPD-OE_Agent/data/raw/ZY/5.xls,第5年广告投放(格式二),R16,16
historical_600_unknown_rule,unknown,5,ZY18,P4,国内,0.0,src_0ceadd6ef97c,origin data/VPD-OE_Agent_20260709/VPD-OE_Agent/data/raw/ZY/5.xls,第5年广告投放(格式二),S16,16
historical_600_unknown_rule,unknown,5,ZY01,P1,亚洲,0.0,src_0ceadd6ef97c,origin data/VPD-OE_Agent_20260709/VPD-OE_Agent/data/raw/ZY/5.xls,第5年广告投放(格式二),B18,18
historical_600_unknown_rule,unknown,5,ZY02,P1,亚洲,0.0,src_0ceadd6ef97c,origin data/VPD-OE_Agent_20260709/VPD-OE_Agent/data/raw/ZY/5.xls,第5年广告投放(格式二),C18,18
historical_600_unknown_rule,unknown,5,ZY03,P1,亚洲,0.0,src_0ceadd6ef97c,origin data/VPD-OE_Agent_20260709/VPD-OE_Agent/data/raw/ZY/5.xls,第5年广告投放(格式二),D18,18
historical_600_unknown_rule,unknown,5,ZY04,P1,亚洲,0.0,src_0ceadd6ef97c,origin data/VPD-OE_Agent_20260709/VPD-OE_Agent/data/raw/ZY/5.xls,第5年广告投放(格式二),E18,18
historical_600_unknown_rule,unknown,5,ZY05,P1,亚洲,0.0,src_0ceadd6ef97c,origin data/VPD-OE_Agent_20260709/VPD-OE_Agent/data/raw/ZY/5.xls,第5年广告投放(格式二),F18,18
historical_600_unknown_rule,unknown,5,ZY06,P1,亚洲,0.0,src_0ceadd6ef97c,origin data/VPD-OE_Agent_20260709/VPD-OE_Agent/data/raw/ZY/5.xls,第5年广告投放(格式二),G18,18
historical_600_unknown_rule,unknown,5,ZY07,P1,亚洲,0.0,src_0ceadd6ef97c,origin data/VPD-OE_Agent_20260709/VPD-OE_Agent/data/raw/ZY/5.xls,第5年广告投放(格式二),H18,18
historical_600_unknown_rule,unknown,5,ZY08,P1,亚洲,0.0,src_0ceadd6ef97c,origin data/VPD-OE_Agent_20260709/VPD-OE_Agent/data/raw/ZY/5.xls,第5年广告投放(格式二),I18,18
historical_600_unknown_rule,unknown,5,ZY09,P1,亚洲,0.0,src_0ceadd6ef97c,origin data/VPD-OE_Agent_20260709/VPD-OE_Agent/data/raw/ZY/5.xls,第5年广告投放(格式二),J18,18
historical_600_unknown_rule,unknown,5,ZY10,P1,亚洲,0.0,src_0ceadd6ef97c,origin data/VPD-OE_Agent_20260709/VPD-OE_Agent/data/raw/ZY/5.xls,第5年广告投放(格式二),K18,18
historical_600_unknown_rule,unknown,5,ZY11,P1,亚洲,0.0,src_0ceadd6ef97c,origin data/VPD-OE_Agent_20260709/VPD-OE_Agent/data/raw/ZY/5.xls,第5年广告投放(格式二),L18,18
historical_600_unknown_rule,unknown,5,ZY12,P1,亚洲,0.0,src_0ceadd6ef97c,origin data/VPD-OE_Agent_20260709/VPD-OE_Agent/data/raw/ZY/5.xls,第5年广告投放(格式二),M18,18
historical_600_unknown_rule,unknown,5,ZY13,P1,亚洲,0.0,src_0ceadd6ef97c,origin data/VPD-OE_Agent_20260709/VPD-OE_Agent/data/raw/ZY/5.xls,第5年广告投放(格式二),N18,18
historical_600_unknown_rule,unknown,5,ZY14,P1,亚洲,0.0,src_0ceadd6ef97c,origin data/VPD-OE_Agent_20260709/VPD-OE_Agent/data/raw/ZY/5.xls,第5年广告投放(格式二),O18,18
historical_600_unknown_rule,unknown,5,ZY15,P1,亚洲,0.0,src_0ceadd6ef97c,origin data/VPD-OE_Agent_20260709/VPD-OE_Agent/data/raw/ZY/5.xls,第5年广告投放(格式二),P18,18
historical_600_unknown_rule,unknown,5,ZY16,P1,亚洲,0.0,src_0ceadd6ef97c,origin data/VPD-OE_Agent_20260709/VPD-OE_Agent/data/raw/ZY/5.xls,第5年广告投放(格式二),Q18,18
historical_600_unknown_rule,unknown,5,ZY17,P1,亚洲,0.0,src_0ceadd6ef97c,origin data/VPD-OE_Agent_20260709/VPD-OE_Agent/data/raw/ZY/5.xls,第5年广告投放(格式二),R18,18
historical_600_unknown_rule,unknown,5,ZY18,P1,亚洲,0.0,src_0ceadd6ef97c,origin data/VPD-OE_Agent_20260709/VPD-OE_Agent/data/raw/ZY/5.xls,第5年广告投放(格式二),S18,18
historical_600_unknown_rule,unknown,5,ZY01,P2,亚洲,0.0,src_0ceadd6ef97c,origin data/VPD-OE_Agent_20260709/VPD-OE_Agent/data/raw/ZY/5.xls,第5年广告投放(格式二),B19,19
historical_600_unknown_rule,unknown,5,ZY02,P2,亚洲,0.0,src_0ceadd6ef97c,origin data/VPD-OE_Agent_20260709/VPD-OE_Agent/data/raw/ZY/5.xls,第5年广告投放(格式二),C19,19
historical_600_unknown_rule,unknown,5,ZY03,P2,亚洲,0.0,src_0ceadd6ef97c,origin data/VPD-OE_Agent_20260709/VPD-OE_Agent/data/raw/ZY/5.xls,第5年广告投放(格式二),D19,19
historical_600_unknown_rule,unknown,5,ZY04,P2,亚洲,13.0,src_0ceadd6ef97c,origin data/VPD-OE_Agent_20260709/VPD-OE_Agent/data/raw/ZY/5.xls,第5年广告投放(格式二),E19,19
historical_600_unknown_rule,unknown,5,ZY05,P2,亚洲,0.0,src_0ceadd6ef97c,origin data/VPD-OE_Agent_20260709/VPD-OE_Agent/data/raw/ZY/5.xls,第5年广告投放(格式二),F19,19
historical_600_unknown_rule,unknown,5,ZY06,P2,亚洲,0.0,src_0ceadd6ef97c,origin data/VPD-OE_Agent_20260709/VPD-OE_Agent/data/raw/ZY/5.xls,第5年广告投放(格式二),G19,19
historical_600_unknown_rule,unknown,5,ZY07,P2,亚洲,0.0,src_0ceadd6ef97c,origin data/VPD-OE_Agent_20260709/VPD-OE_Agent/data/raw/ZY/5.xls,第5年广告投放(格式二),H19,19
historical_600_unknown_rule,unknown,5,ZY08,P2,亚洲,0.0,src_0ceadd6ef97c,origin data/VPD-OE_Agent_20260709/VPD-OE_Agent/data/raw/ZY/5.xls,第5年广告投放(格式二),I19,19
historical_600_unknown_rule,unknown,5,ZY09,P2,亚洲,0.0,src_0ceadd6ef97c,origin data/VPD-OE_Agent_20260709/VPD-OE_Agent/data/raw/ZY/5.xls,第5年广告投放(格式二),J19,19
historical_600_unknown_rule,unknown,5,ZY10,P2,亚洲,0.0,src_0ceadd6ef97c,origin data/VPD-OE_Agent_20260709/VPD-OE_Agent/data/raw/ZY/5.xls,第5年广告投放(格式二),K19,19
historical_600_unknown_rule,unknown,5,ZY11,P2,亚洲,0.0,src_0ceadd6ef97c,origin data/VPD-OE_Agent_20260709/VPD-OE_Agent/data/raw/ZY/5.xls,第5年广告投放(格式二),L19,19
historical_600_unknown_rule,unknown,5,ZY12,P2,亚洲,0.0,src_0ceadd6ef97c,origin data/VPD-OE_Agent_20260709/VPD-OE_Agent/data/raw/ZY/5.xls,第5年广告投放(格式二),M19,19
historical_600_unknown_rule,unknown,5,ZY13,P2,亚洲,0.0,src_0ceadd6ef97c,origin data/VPD-OE_Agent_20260709/VPD-OE_Agent/data/raw/ZY/5.xls,第5年广告投放(格式二),N19,19
historical_600_unknown_rule,unknown,5,ZY14,P2,亚洲,0.0,src_0ceadd6ef97c,origin data/VPD-OE_Agent_20260709/VPD-OE_Agent/data/raw/ZY/5.xls,第5年广告投放(格式二),O19,19
historical_600_unknown_rule,unknown,5,ZY15,P2,亚洲,0.0,src_0ceadd6ef97c,origin data/VPD-OE_Agent_20260709/VPD-OE_Agent/data/raw/ZY/5.xls,第5年广告投放(格式二),P19,19
historical_600_unknown_rule,unknown,5,ZY16,P2,亚洲,0.0,src_0ceadd6ef97c,origin data/VPD-OE_Agent_20260709/VPD-OE_Agent/data/raw/ZY/5.xls,第5年广告投放(格式二),Q19,19
historical_600_unknown_rule,unknown,5,ZY17,P2,亚洲,0.0,src_0ceadd6ef97c,origin data/VPD-OE_Agent_20260709/VPD-OE_Agent/data/raw/ZY/5.xls,第5年广告投放(格式二),R19,19
historical_600_unknown_rule,unknown,5,ZY18,P2,亚洲,0.0,src_0ceadd6ef97c,origin data/VPD-OE_Agent_20260709/VPD-OE_Agent/data/raw/ZY/5.xls,第5年广告投放(格式二),S19,19
historical_600_unknown_rule,unknown,5,ZY01,P3,亚洲,0.0,src_0ceadd6ef97c,origin data/VPD-OE_Agent_20260709/VPD-OE_Agent/data/raw/ZY/5.xls,第5年广告投放(格式二),B20,20
historical_600_unknown_rule,unknown,5,ZY02,P3,亚洲,0.0,src_0ceadd6ef97c,origin data/VPD-OE_Agent_20260709/VPD-OE_Agent/data/raw/ZY/5.xls,第5年广告投放(格式二),C20,20
historical_600_unknown_rule,unknown,5,ZY03,P3,亚洲,0.0,src_0ceadd6ef97c,origin data/VPD-OE_Agent_20260709/VPD-OE_Agent/data/raw/ZY/5.xls,第5年广告投放(格式二),D20,20
historical_600_unknown_rule,unknown,5,ZY04,P3,亚洲,0.0,src_0ceadd6ef97c,origin data/VPD-OE_Agent_20260709/VPD-OE_Agent/data/raw/ZY/5.xls,第5年广告投放(格式二),E20,20
historical_600_unknown_rule,unknown,5,ZY05,P3,亚洲,0.0,src_0ceadd6ef97c,origin data/VPD-OE_Agent_20260709/VPD-OE_Agent/data/raw/ZY/5.xls,第5年广告投放(格式二),F20,20
historical_600_unknown_rule,unknown,5,ZY06,P3,亚洲,0.0,src_0ceadd6ef97c,origin data/VPD-OE_Agent_20260709/VPD-OE_Agent/data/raw/ZY/5.xls,第5年广告投放(格式二),G20,20
historical_600_unknown_rule,unknown,5,ZY07,P3,亚洲,0.0,src_0ceadd6ef97c,origin data/VPD-OE_Agent_20260709/VPD-OE_Agent/data/raw/ZY/5.xls,第5年广告投放(格式二),H20,20
historical_600_unknown_rule,unknown,5,ZY08,P3,亚洲,0.0,src_0ceadd6ef97c,origin data/VPD-OE_Agent_20260709/VPD-OE_Agent/data/raw/ZY/5.xls,第5年广告投放(格式二),I20,20
historical_600_unknown_rule,unknown,5,ZY09,P3,亚洲,0.0,src_0ceadd6ef97c,origin data/VPD-OE_Agent_20260709/VPD-OE_Agent/data/raw/ZY/5.xls,第5年广告投放(格式二),J20,20
historical_600_unknown_rule,unknown,5,ZY10,P3,亚洲,0.0,src_0ceadd6ef97c,origin data/VPD-OE_Agent_20260709/VPD-OE_Agent/data/raw/ZY/5.xls,第5年广告投放(格式二),K20,20
historical_600_unknown_rule,unknown,5,ZY11,P3,亚洲,0.0,src_0ceadd6ef97c,origin data/VPD-OE_Agent_20260709/VPD-OE_Agent/data/raw/ZY/5.xls,第5年广告投放(格式二),L20,20
historical_600_unknown_rule,unknown,5,ZY12,P3,亚洲,0.0,src_0ceadd6ef97c,origin data/VPD-OE_Agent_20260709/VPD-OE_Agent/data/raw/ZY/5.xls,第5年广告投放(格式二),M20,20
historical_600_unknown_rule,unknown,5,ZY13,P3,亚洲,13.0,src_0ceadd6ef97c,origin data/VPD-OE_Agent_20260709/VPD-OE_Agent/data/raw/ZY/5.xls,第5年广告投放(格式二),N20,20
historical_600_unknown_rule,unknown,5,ZY14,P3,亚洲,20.0,src_0ceadd6ef97c,origin data/VPD-OE_Agent_20260709/VPD-OE_Agent/data/raw/ZY/5.xls,第5年广告投放(格式二),O20,20
historical_600_unknown_rule,unknown,5,ZY15,P3,亚洲,0.0,src_0ceadd6ef97c,origin data/VPD-OE_Agent_20260709/VPD-OE_Agent/data/raw/ZY/5.xls,第5年广告投放(格式二),P20,20
historical_600_unknown_rule,unknown,5,ZY16,P3,亚洲,0.0,src_0ceadd6ef97c,origin data/VPD-OE_Agent_20260709/VPD-OE_Agent/data/raw/ZY/5.xls,第5年广告投放(格式二),Q20,20
historical_600_unknown_rule,unknown,5,ZY17,P3,亚洲,0.0,src_0ceadd6ef97c,origin data/VPD-OE_Agent_20260709/VPD-OE_Agent/data/raw/ZY/5.xls,第5年广告投放(格式二),R20,20
historical_600_unknown_rule,unknown,5,ZY18,P3,亚洲,0.0,src_0ceadd6ef97c,origin data/VPD-OE_Agent_20260709/VPD-OE_Agent/data/raw/ZY/5.xls,第5年广告投放(格式二),S20,20
historical_600_unknown_rule,unknown,5,ZY01,P4,亚洲,0.0,src_0ceadd6ef97c,origin data/VPD-OE_Agent_20260709/VPD-OE_Agent/data/raw/ZY/5.xls,第5年广告投放(格式二),B21,21
historical_600_unknown_rule,unknown,5,ZY02,P4,亚洲,0.0,src_0ceadd6ef97c,origin data/VPD-OE_Agent_20260709/VPD-OE_Agent/data/raw/ZY/5.xls,第5年广告投放(格式二),C21,21
historical_600_unknown_rule,unknown,5,ZY03,P4,亚洲,0.0,src_0ceadd6ef97c,origin data/VPD-OE_Agent_20260709/VPD-OE_Agent/data/raw/ZY/5.xls,第5年广告投放(格式二),D21,21
historical_600_unknown_rule,unknown,5,ZY04,P4,亚洲,0.0,src_0ceadd6ef97c,origin data/VPD-OE_Agent_20260709/VPD-OE_Agent/data/raw/ZY/5.xls,第5年广告投放(格式二),E21,21
historical_600_unknown_rule,unknown,5,ZY05,P4,亚洲,0.0,src_0ceadd6ef97c,origin data/VPD-OE_Agent_20260709/VPD-OE_Agent/data/raw/ZY/5.xls,第5年广告投放(格式二),F21,21
historical_600_unknown_rule,unknown,5,ZY06,P4,亚洲,32.0,src_0ceadd6ef97c,origin data/VPD-OE_Agent_20260709/VPD-OE_Agent/data/raw/ZY/5.xls,第5年广告投放(格式二),G21,21
historical_600_unknown_rule,unknown,5,ZY07,P4,亚洲,0.0,src_0ceadd6ef97c,origin data/VPD-OE_Agent_20260709/VPD-OE_Agent/data/raw/ZY/5.xls,第5年广告投放(格式二),H21,21
historical_600_unknown_rule,unknown,5,ZY08,P4,亚洲,31.0,src_0ceadd6ef97c,origin data/VPD-OE_Agent_20260709/VPD-OE_Agent/data/raw/ZY/5.xls,第5年广告投放(格式二),I21,21
historical_600_unknown_rule,unknown,5,ZY09,P4,亚洲,0.0,src_0ceadd6ef97c,origin data/VPD-OE_Agent_20260709/VPD-OE_Agent/data/raw/ZY/5.xls,第5年广告投放(格式二),J21,21
historical_600_unknown_rule,unknown,5,ZY10,P4,亚洲,35.0,src_0ceadd6ef97c,origin data/VPD-OE_Agent_20260709/VPD-OE_Agent/data/raw/ZY/5.xls,第5年广告投放(格式二),K21,21
historical_600_unknown_rule,unknown,5,ZY11,P4,亚洲,0.0,src_0ceadd6ef97c,origin data/VPD-OE_Agent_20260709/VPD-OE_Agent/data/raw/ZY/5.xls,第5年广告投放(格式二),L21,21
historical_600_unknown_rule,unknown,5,ZY12,P4,亚洲,0.0,src_0ceadd6ef97c,origin data/VPD-OE_Agent_20260709/VPD-OE_Agent/data/raw/ZY/5.xls,第5年广告投放(格式二),M21,21
historical_600_unknown_rule,unknown,5,ZY13,P4,亚洲,47.0,src_0ceadd6ef97c,origin data/VPD-OE_Agent_20260709/VPD-OE_Agent/data/raw/ZY/5.xls,第5年广告投放(格式二),N21,21
historical_600_unknown_rule,unknown,5,ZY14,P4,亚洲,0.0,src_0ceadd6ef97c,origin data/VPD-OE_Agent_20260709/VPD-OE_Agent/data/raw/ZY/5.xls,第5年广告投放(格式二),O21,21
historical_600_unknown_rule,unknown,5,ZY15,P4,亚洲,65.0,src_0ceadd6ef97c,origin data/VPD-OE_Agent_20260709/VPD-OE_Agent/data/raw/ZY/5.xls,第5年广告投放(格式二),P21,21
historical_600_unknown_rule,unknown,5,ZY16,P4,亚洲,0.0,src_0ceadd6ef97c,origin data/VPD-OE_Agent_20260709/VPD-OE_Agent/data/raw/ZY/5.xls,第5年广告投放(格式二),Q21,21
historical_600_unknown_rule,unknown,5,ZY17,P4,亚洲,30.0,src_0ceadd6ef97c,origin data/VPD-OE_Agent_20260709/VPD-OE_Agent/data/raw/ZY/5.xls,第5年广告投放(格式二),R21,21
historical_600_unknown_rule,unknown,5,ZY18,P4,亚洲,0.0,src_0ceadd6ef97c,origin data/VPD-OE_Agent_20260709/VPD-OE_Agent/data/raw/ZY/5.xls,第5年广告投放(格式二),S21,21
historical_600_unknown_rule,unknown,5,ZY01,P1,国际,0.0,src_0ceadd6ef97c,origin data/VPD-OE_Agent_20260709/VPD-OE_Agent/data/raw/ZY/5.xls,第5年广告投放(格式二),B23,23
historical_600_unknown_rule,unknown,5,ZY02,P1,国际,0.0,src_0ceadd6ef97c,origin data/VPD-OE_Agent_20260709/VPD-OE_Agent/data/raw/ZY/5.xls,第5年广告投放(格式二),C23,23
historical_600_unknown_rule,unknown,5,ZY03,P1,国际,0.0,src_0ceadd6ef97c,origin data/VPD-OE_Agent_20260709/VPD-OE_Agent/data/raw/ZY/5.xls,第5年广告投放(格式二),D23,23
historical_600_unknown_rule,unknown,5,ZY04,P1,国际,0.0,src_0ceadd6ef97c,origin data/VPD-OE_Agent_20260709/VPD-OE_Agent/data/raw/ZY/5.xls,第5年广告投放(格式二),E23,23
historical_600_unknown_rule,unknown,5,ZY05,P1,国际,12.0,src_0ceadd6ef97c,origin data/VPD-OE_Agent_20260709/VPD-OE_Agent/data/raw/ZY/5.xls,第5年广告投放(格式二),F23,23
historical_600_unknown_rule,unknown,5,ZY06,P1,国际,0.0,src_0ceadd6ef97c,origin data/VPD-OE_Agent_20260709/VPD-OE_Agent/data/raw/ZY/5.xls,第5年广告投放(格式二),G23,23
historical_600_unknown_rule,unknown,5,ZY07,P1,国际,0.0,src_0ceadd6ef97c,origin data/VPD-OE_Agent_20260709/VPD-OE_Agent/data/raw/ZY/5.xls,第5年广告投放(格式二),H23,23
historical_600_unknown_rule,unknown,5,ZY08,P1,国际,0.0,src_0ceadd6ef97c,origin data/VPD-OE_Agent_20260709/VPD-OE_Agent/data/raw/ZY/5.xls,第5年广告投放(格式二),I23,23
historical_600_unknown_rule,unknown,5,ZY09,P1,国际,0.0,src_0ceadd6ef97c,origin data/VPD-OE_Agent_20260709/VPD-OE_Agent/data/raw/ZY/5.xls,第5年广告投放(格式二),J23,23
historical_600_unknown_rule,unknown,5,ZY10,P1,国际,35.0,src_0ceadd6ef97c,origin data/VPD-OE_Agent_20260709/VPD-OE_Agent/data/raw/ZY/5.xls,第5年广告投放(格式二),K23,23
historical_600_unknown_rule,unknown,5,ZY11,P1,国际,0.0,src_0ceadd6ef97c,origin data/VPD-OE_Agent_20260709/VPD-OE_Agent/data/raw/ZY/5.xls,第5年广告投放(格式二),L23,23
historical_600_unknown_rule,unknown,5,ZY12,P1,国际,0.0,src_0ceadd6ef97c,origin data/VPD-OE_Agent_20260709/VPD-OE_Agent/data/raw/ZY/5.xls,第5年广告投放(格式二),M23,23
historical_600_unknown_rule,unknown,5,ZY13,P1,国际,0.0,src_0ceadd6ef97c,origin data/VPD-OE_Agent_20260709/VPD-OE_Agent/data/raw/ZY/5.xls,第5年广告投放(格式二),N23,23
historical_600_unknown_rule,unknown,5,ZY14,P1,国际,0.0,src_0ceadd6ef97c,origin data/VPD-OE_Agent_20260709/VPD-OE_Agent/data/raw/ZY/5.xls,第5年广告投放(格式二),O23,23
historical_600_unknown_rule,unknown,5,ZY15,P1,国际,0.0,src_0ceadd6ef97c,origin data/VPD-OE_Agent_20260709/VPD-OE_Agent/data/raw/ZY/5.xls,第5年广告投放(格式二),P23,23
historical_600_unknown_rule,unknown,5,ZY16,P1,国际,0.0,src_0ceadd6ef97c,origin data/VPD-OE_Agent_20260709/VPD-OE_Agent/data/raw/ZY/5.xls,第5年广告投放(格式二),Q23,23
historical_600_unknown_rule,unknown,5,ZY17,P1,国际,10.0,src_0ceadd6ef97c,origin data/VPD-OE_Agent_20260709/VPD-OE_Agent/data/raw/ZY/5.xls,第5年广告投放(格式二),R23,23
historical_600_unknown_rule,unknown,5,ZY18,P1,国际,0.0,src_0ceadd6ef97c,origin data/VPD-OE_Agent_20260709/VPD-OE_Agent/data/raw/ZY/5.xls,第5年广告投放(格式二),S23,23
historical_600_unknown_rule,unknown,5,ZY01,P2,国际,0.0,src_0ceadd6ef97c,origin data/VPD-OE_Agent_20260709/VPD-OE_Agent/data/raw/ZY/5.xls,第5年广告投放(格式二),B24,24
historical_600_unknown_rule,unknown,5,ZY02,P2,国际,0.0,src_0ceadd6ef97c,origin data/VPD-OE_Agent_20260709/VPD-OE_Agent/data/raw/ZY/5.xls,第5年广告投放(格式二),C24,24
historical_600_unknown_rule,unknown,5,ZY03,P2,国际,11.0,src_0ceadd6ef97c,origin data/VPD-OE_Agent_20260709/VPD-OE_Agent/data/raw/ZY/5.xls,第5年广告投放(格式二),D24,24
historical_600_unknown_rule,unknown,5,ZY04,P2,国际,0.0,src_0ceadd6ef97c,origin data/VPD-OE_Agent_20260709/VPD-OE_Agent/data/raw/ZY/5.xls,第5年广告投放(格式二),E24,24
historical_600_unknown_rule,unknown,5,ZY05,P2,国际,20.0,src_0ceadd6ef97c,origin data/VPD-OE_Agent_20260709/VPD-OE_Agent/data/raw/ZY/5.xls,第5年广告投放(格式二),F24,24
historical_600_unknown_rule,unknown,5,ZY06,P2,国际,0.0,src_0ceadd6ef97c,origin data/VPD-OE_Agent_20260709/VPD-OE_Agent/data/raw/ZY/5.xls,第5年广告投放(格式二),G24,24
historical_600_unknown_rule,unknown,5,ZY07,P2,国际,10.0,src_0ceadd6ef97c,origin data/VPD-OE_Agent_20260709/VPD-OE_Agent/data/raw/ZY/5.xls,第5年广告投放(格式二),H24,24
historical_600_unknown_rule,unknown,5,ZY08,P2,国际,0.0,src_0ceadd6ef97c,origin data/VPD-OE_Agent_20260709/VPD-OE_Agent/data/raw/ZY/5.xls,第5年广告投放(格式二),I24,24
historical_600_unknown_rule,unknown,5,ZY09,P2,国际,0.0,src_0ceadd6ef97c,origin data/VPD-OE_Agent_20260709/VPD-OE_Agent/data/raw/ZY/5.xls,第5年广告投放(格式二),J24,24
historical_600_unknown_rule,unknown,5,ZY10,P2,国际,0.0,src_0ceadd6ef97c,origin data/VPD-OE_Agent_20260709/VPD-OE_Agent/data/raw/ZY/5.xls,第5年广告投放(格式二),K24,24
historical_600_unknown_rule,unknown,5,ZY11,P2,国际,0.0,src_0ceadd6ef97c,origin data/VPD-OE_Agent_20260709/VPD-OE_Agent/data/raw/ZY/5.xls,第5年广告投放(格式二),L24,24
historical_600_unknown_rule,unknown,5,ZY12,P2,国际,0.0,src_0ceadd6ef97c,origin data/VPD-OE_Agent_20260709/VPD-OE_Agent/data/raw/ZY/5.xls,第5年广告投放(格式二),M24,24
historical_600_unknown_rule,unknown,5,ZY13,P2,国际,0.0,src_0ceadd6ef97c,origin data/VPD-OE_Agent_20260709/VPD-OE_Agent/data/raw/ZY/5.xls,第5年广告投放(格式二),N24,24
historical_600_unknown_rule,unknown,5,ZY14,P2,国际,30.0,src_0ceadd6ef97c,origin data/VPD-OE_Agent_20260709/VPD-OE_Agent/data/raw/ZY/5.xls,第5年广告投放(格式二),O24,24
historical_600_unknown_rule,unknown,5,ZY15,P2,国际,0.0,src_0ceadd6ef97c,origin data/VPD-OE_Agent_20260709/VPD-OE_Agent/data/raw/ZY/5.xls,第5年广告投放(格式二),P24,24
historical_600_unknown_rule,unknown,5,ZY16,P2,国际,13.0,src_0ceadd6ef97c,origin data/VPD-OE_Agent_20260709/VPD-OE_Agent/data/raw/ZY/5.xls,第5年广告投放(格式二),Q24,24
historical_600_unknown_rule,unknown,5,ZY17,P2,国际,0.0,src_0ceadd6ef97c,origin data/VPD-OE_Agent_20260709/VPD-OE_Agent/data/raw/ZY/5.xls,第5年广告投放(格式二),R24,24
historical_600_unknown_rule,unknown,5,ZY18,P2,国际,0.0,src_0ceadd6ef97c,origin data/VPD-OE_Agent_20260709/VPD-OE_Agent/data/raw/ZY/5.xls,第5年广告投放(格式二),S24,24
historical_600_unknown_rule,unknown,5,ZY01,P3,国际,0.0,src_0ceadd6ef97c,origin data/VPD-OE_Agent_20260709/VPD-OE_Agent/data/raw/ZY/5.xls,第5年广告投放(格式二),B25,25
historical_600_unknown_rule,unknown,5,ZY02,P3,国际,0.0,src_0ceadd6ef97c,origin data/VPD-OE_Agent_20260709/VPD-OE_Agent/data/raw/ZY/5.xls,第5年广告投放(格式二),C25,25
historical_600_unknown_rule,unknown,5,ZY03,P3,国际,11.0,src_0ceadd6ef97c,origin data/VPD-OE_Agent_20260709/VPD-OE_Agent/data/raw/ZY/5.xls,第5年广告投放(格式二),D25,25
historical_600_unknown_rule,unknown,5,ZY04,P3,国际,0.0,src_0ceadd6ef97c,origin data/VPD-OE_Agent_20260709/VPD-OE_Agent/data/raw/ZY/5.xls,第5年广告投放(格式二),E25,25
historical_600_unknown_rule,unknown,5,ZY05,P3,国际,15.0,src_0ceadd6ef97c,origin data/VPD-OE_Agent_20260709/VPD-OE_Agent/data/raw/ZY/5.xls,第5年广告投放(格式二),F25,25
historical_600_unknown_rule,unknown,5,ZY06,P3,国际,0.0,src_0ceadd6ef97c,origin data/VPD-OE_Agent_20260709/VPD-OE_Agent/data/raw/ZY/5.xls,第5年广告投放(格式二),G25,25
historical_600_unknown_rule,unknown,5,ZY07,P3,国际,10.0,src_0ceadd6ef97c,origin data/VPD-OE_Agent_20260709/VPD-OE_Agent/data/raw/ZY/5.xls,第5年广告投放(格式二),H25,25
historical_600_unknown_rule,unknown,5,ZY08,P3,国际,0.0,src_0ceadd6ef97c,origin data/VPD-OE_Agent_20260709/VPD-OE_Agent/data/raw/ZY/5.xls,第5年广告投放(格式二),I25,25
historical_600_unknown_rule,unknown,5,ZY09,P3,国际,0.0,src_0ceadd6ef97c,origin data/VPD-OE_Agent_20260709/VPD-OE_Agent/data/raw/ZY/5.xls,第5年广告投放(格式二),J25,25
historical_600_unknown_rule,unknown,5,ZY10,P3,国际,14.0,src_0ceadd6ef97c,origin data/VPD-OE_Agent_20260709/VPD-OE_Agent/data/raw/ZY/5.xls,第5年广告投放(格式二),K25,25
historical_600_unknown_rule,unknown,5,ZY11,P3,国际,0.0,src_0ceadd6ef97c,origin data/VPD-OE_Agent_20260709/VPD-OE_Agent/data/raw/ZY/5.xls,第5年广告投放(格式二),L25,25
historical_600_unknown_rule,unknown,5,ZY12,P3,国际,0.0,src_0ceadd6ef97c,origin data/VPD-OE_Agent_20260709/VPD-OE_Agent/data/raw/ZY/5.xls,第5年广告投放(格式二),M25,25
historical_600_unknown_rule,unknown,5,ZY13,P3,国际,14.0,src_0ceadd6ef97c,origin data/VPD-OE_Agent_20260709/VPD-OE_Agent/data/raw/ZY/5.xls,第5年广告投放(格式二),N25,25
historical_600_unknown_rule,unknown,5,ZY14,P3,国际,20.0,src_0ceadd6ef97c,origin data/VPD-OE_Agent_20260709/VPD-OE_Agent/data/raw/ZY/5.xls,第5年广告投放(格式二),O25,25
historical_600_unknown_rule,unknown,5,ZY15,P3,国际,0.0,src_0ceadd6ef97c,origin data/VPD-OE_Agent_20260709/VPD-OE_Agent/data/raw/ZY/5.xls,第5年广告投放(格式二),P25,25
historical_600_unknown_rule,unknown,5,ZY16,P3,国际,0.0,src_0ceadd6ef97c,origin data/VPD-OE_Agent_20260709/VPD-OE_Agent/data/raw/ZY/5.xls,第5年广告投放(格式二),Q25,25
historical_600_unknown_rule,unknown,5,ZY17,P3,国际,0.0,src_0ceadd6ef97c,origin data/VPD-OE_Agent_20260709/VPD-OE_Agent/data/raw/ZY/5.xls,第5年广告投放(格式二),R25,25
historical_600_unknown_rule,unknown,5,ZY18,P3,国际,0.0,src_0ceadd6ef97c,origin data/VPD-OE_Agent_20260709/VPD-OE_Agent/data/raw/ZY/5.xls,第5年广告投放(格式二),S25,25
historical_600_unknown_rule,unknown,5,ZY01,P4,国际,0.0,src_0ceadd6ef97c,origin data/VPD-OE_Agent_20260709/VPD-OE_Agent/data/raw/ZY/5.xls,第5年广告投放(格式二),B26,26
historical_600_unknown_rule,unknown,5,ZY02,P4,国际,0.0,src_0ceadd6ef97c,origin data/VPD-OE_Agent_20260709/VPD-OE_Agent/data/raw/ZY/5.xls,第5年广告投放(格式二),C26,26
historical_600_unknown_rule,unknown,5,ZY03,P4,国际,0.0,src_0ceadd6ef97c,origin data/VPD-OE_Agent_20260709/VPD-OE_Agent/data/raw/ZY/5.xls,第5年广告投放(格式二),D26,26
historical_600_unknown_rule,unknown,5,ZY04,P4,国际,0.0,src_0ceadd6ef97c,origin data/VPD-OE_Agent_20260709/VPD-OE_Agent/data/raw/ZY/5.xls,第5年广告投放(格式二),E26,26
historical_600_unknown_rule,unknown,5,ZY05,P4,国际,0.0,src_0ceadd6ef97c,origin data/VPD-OE_Agent_20260709/VPD-OE_Agent/data/raw/ZY/5.xls,第5年广告投放(格式二),F26,26
historical_600_unknown_rule,unknown,5,ZY06,P4,国际,0.0,src_0ceadd6ef97c,origin data/VPD-OE_Agent_20260709/VPD-OE_Agent/data/raw/ZY/5.xls,第5年广告投放(格式二),G26,26
historical_600_unknown_rule,unknown,5,ZY07,P4,国际,0.0,src_0ceadd6ef97c,origin data/VPD-OE_Agent_20260709/VPD-OE_Agent/data/raw/ZY/5.xls,第5年广告投放(格式二),H26,26
historical_600_unknown_rule,unknown,5,ZY08,P4,国际,0.0,src_0ceadd6ef97c,origin data/VPD-OE_Agent_20260709/VPD-OE_Agent/data/raw/ZY/5.xls,第5年广告投放(格式二),I26,26
historical_600_unknown_rule,unknown,5,ZY09,P4,国际,0.0,src_0ceadd6ef97c,origin data/VPD-OE_Agent_20260709/VPD-OE_Agent/data/raw/ZY/5.xls,第5年广告投放(格式二),J26,26
historical_600_unknown_rule,unknown,5,ZY10,P4,国际,0.0,src_0ceadd6ef97c,origin data/VPD-OE_Agent_20260709/VPD-OE_Agent/data/raw/ZY/5.xls,第5年广告投放(格式二),K26,26
historical_600_unknown_rule,unknown,5,ZY11,P4,国际,0.0,src_0ceadd6ef97c,origin data/VPD-OE_Agent_20260709/VPD-OE_Agent/data/raw/ZY/5.xls,第5年广告投放(格式二),L26,26
historical_600_unknown_rule,unknown,5,ZY12,P4,国际,0.0,src_0ceadd6ef97c,origin data/VPD-OE_Agent_20260709/VPD-OE_Agent/data/raw/ZY/5.xls,第5年广告投放(格式二),M26,26
historical_600_unknown_rule,unknown,5,ZY13,P4,国际,0.0,src_0ceadd6ef97c,origin data/VPD-OE_Agent_20260709/VPD-OE_Agent/data/raw/ZY/5.xls,第5年广告投放(格式二),N26,26
historical_600_unknown_rule,unknown,5,ZY14,P4,国际,0.0,src_0ceadd6ef97c,origin data/VPD-OE_Agent_20260709/VPD-OE_Agent/data/raw/ZY/5.xls,第5年广告投放(格式二),O26,26
historical_600_unknown_rule,unknown,5,ZY15,P4,国际,0.0,src_0ceadd6ef97c,origin data/VPD-OE_Agent_20260709/VPD-OE_Agent/data/raw/ZY/5.xls,第5年广告投放(格式二),P26,26
historical_600_unknown_rule,unknown,5,ZY16,P4,国际,0.0,src_0ceadd6ef97c,origin data/VPD-OE_Agent_20260709/VPD-OE_Agent/data/raw/ZY/5.xls,第5年广告投放(格式二),Q26,26
historical_600_unknown_rule,unknown,5,ZY17,P4,国际,0.0,src_0ceadd6ef97c,origin data/VPD-OE_Agent_20260709/VPD-OE_Agent/data/raw/ZY/5.xls,第5年广告投放(格式二),R26,26
historical_600_unknown_rule,unknown,5,ZY18,P4,国际,0.0,src_0ceadd6ef97c,origin data/VPD-OE_Agent_20260709/VPD-OE_Agent/data/raw/ZY/5.xls,第5年广告投放(格式二),S26,26
historical_600_unknown_rule,unknown,6,ZY01,P1,本地,0.0,src_8723000306a0,origin data/VPD-OE_Agent_20260709/VPD-OE_Agent/data/raw/ZY/6.xls,第6年广告投放(格式二),B3,3
historical_600_unknown_rule,unknown,6,ZY02,P1,本地,0.0,src_8723000306a0,origin data/VPD-OE_Agent_20260709/VPD-OE_Agent/data/raw/ZY/6.xls,第6年广告投放(格式二),C3,3
historical_600_unknown_rule,unknown,6,ZY03,P1,本地,0.0,src_8723000306a0,origin data/VPD-OE_Agent_20260709/VPD-OE_Agent/data/raw/ZY/6.xls,第6年广告投放(格式二),D3,3
historical_600_unknown_rule,unknown,6,ZY04,P1,本地,0.0,src_8723000306a0,origin data/VPD-OE_Agent_20260709/VPD-OE_Agent/data/raw/ZY/6.xls,第6年广告投放(格式二),E3,3
historical_600_unknown_rule,unknown,6,ZY05,P1,本地,0.0,src_8723000306a0,origin data/VPD-OE_Agent_20260709/VPD-OE_Agent/data/raw/ZY/6.xls,第6年广告投放(格式二),F3,3
historical_600_unknown_rule,unknown,6,ZY06,P1,本地,0.0,src_8723000306a0,origin data/VPD-OE_Agent_20260709/VPD-OE_Agent/data/raw/ZY/6.xls,第6年广告投放(格式二),G3,3
historical_600_unknown_rule,unknown,6,ZY07,P1,本地,0.0,src_8723000306a0,origin data/VPD-OE_Agent_20260709/VPD-OE_Agent/data/raw/ZY/6.xls,第6年广告投放(格式二),H3,3
historical_600_unknown_rule,unknown,6,ZY08,P1,本地,0.0,src_8723000306a0,origin data/VPD-OE_Agent_20260709/VPD-OE_Agent/data/raw/ZY/6.xls,第6年广告投放(格式二),I3,3
historical_600_unknown_rule,unknown,6,ZY09,P1,本地,0.0,src_8723000306a0,origin data/VPD-OE_Agent_20260709/VPD-OE_Agent/data/raw/ZY/6.xls,第6年广告投放(格式二),J3,3
historical_600_unknown_rule,unknown,6,ZY10,P1,本地,0.0,src_8723000306a0,origin data/VPD-OE_Agent_20260709/VPD-OE_Agent/data/raw/ZY/6.xls,第6年广告投放(格式二),K3,3
historical_600_unknown_rule,unknown,6,ZY11,P1,本地,0.0,src_8723000306a0,origin data/VPD-OE_Agent_20260709/VPD-OE_Agent/data/raw/ZY/6.xls,第6年广告投放(格式二),L3,3
historical_600_unknown_rule,unknown,6,ZY12,P1,本地,0.0,src_8723000306a0,origin data/VPD-OE_Agent_20260709/VPD-OE_Agent/data/raw/ZY/6.xls,第6年广告投放(格式二),M3,3
historical_600_unknown_rule,unknown,6,ZY13,P1,本地,0.0,src_8723000306a0,origin data/VPD-OE_Agent_20260709/VPD-OE_Agent/data/raw/ZY/6.xls,第6年广告投放(格式二),N3,3
historical_600_unknown_rule,unknown,6,ZY14,P1,本地,0.0,src_8723000306a0,origin data/VPD-OE_Agent_20260709/VPD-OE_Agent/data/raw/ZY/6.xls,第6年广告投放(格式二),O3,3
historical_600_unknown_rule,unknown,6,ZY15,P1,本地,0.0,src_8723000306a0,origin data/VPD-OE_Agent_20260709/VPD-OE_Agent/data/raw/ZY/6.xls,第6年广告投放(格式二),P3,3
historical_600_unknown_rule,unknown,6,ZY16,P1,本地,0.0,src_8723000306a0,origin data/VPD-OE_Agent_20260709/VPD-OE_Agent/data/raw/ZY/6.xls,第6年广告投放(格式二),Q3,3
historical_600_unknown_rule,unknown,6,ZY17,P1,本地,0.0,src_8723000306a0,origin data/VPD-OE_Agent_20260709/VPD-OE_Agent/data/raw/ZY/6.xls,第6年广告投放(格式二),R3,3
historical_600_unknown_rule,unknown,6,ZY18,P1,本地,0.0,src_8723000306a0,origin data/VPD-OE_Agent_20260709/VPD-OE_Agent/data/raw/ZY/6.xls,第6年广告投放(格式二),S3,3
historical_600_unknown_rule,unknown,6,ZY01,P2,本地,0.0,src_8723000306a0,origin data/VPD-OE_Agent_20260709/VPD-OE_Agent/data/raw/ZY/6.xls,第6年广告投放(格式二),B4,4
historical_600_unknown_rule,unknown,6,ZY02,P2,本地,0.0,src_8723000306a0,origin data/VPD-OE_Agent_20260709/VPD-OE_Agent/data/raw/ZY/6.xls,第6年广告投放(格式二),C4,4
historical_600_unknown_rule,unknown,6,ZY03,P2,本地,0.0,src_8723000306a0,origin data/VPD-OE_Agent_20260709/VPD-OE_Agent/data/raw/ZY/6.xls,第6年广告投放(格式二),D4,4
historical_600_unknown_rule,unknown,6,ZY04,P2,本地,0.0,src_8723000306a0,origin data/VPD-OE_Agent_20260709/VPD-OE_Agent/data/raw/ZY/6.xls,第6年广告投放(格式二),E4,4
historical_600_unknown_rule,unknown,6,ZY05,P2,本地,0.0,src_8723000306a0,origin data/VPD-OE_Agent_20260709/VPD-OE_Agent/data/raw/ZY/6.xls,第6年广告投放(格式二),F4,4
historical_600_unknown_rule,unknown,6,ZY06,P2,本地,0.0,src_8723000306a0,origin data/VPD-OE_Agent_20260709/VPD-OE_Agent/data/raw/ZY/6.xls,第6年广告投放(格式二),G4,4
historical_600_unknown_rule,unknown,6,ZY07,P2,本地,0.0,src_8723000306a0,origin data/VPD-OE_Agent_20260709/VPD-OE_Agent/data/raw/ZY/6.xls,第6年广告投放(格式二),H4,4
historical_600_unknown_rule,unknown,6,ZY08,P2,本地,0.0,src_8723000306a0,origin data/VPD-OE_Agent_20260709/VPD-OE_Agent/data/raw/ZY/6.xls,第6年广告投放(格式二),I4,4
historical_600_unknown_rule,unknown,6,ZY09,P2,本地,0.0,src_8723000306a0,origin data/VPD-OE_Agent_20260709/VPD-OE_Agent/data/raw/ZY/6.xls,第6年广告投放(格式二),J4,4
historical_600_unknown_rule,unknown,6,ZY10,P2,本地,0.0,src_8723000306a0,origin data/VPD-OE_Agent_20260709/VPD-OE_Agent/data/raw/ZY/6.xls,第6年广告投放(格式二),K4,4
historical_600_unknown_rule,unknown,6,ZY11,P2,本地,0.0,src_8723000306a0,origin data/VPD-OE_Agent_20260709/VPD-OE_Agent/data/raw/ZY/6.xls,第6年广告投放(格式二),L4,4
historical_600_unknown_rule,unknown,6,ZY12,P2,本地,0.0,src_8723000306a0,origin data/VPD-OE_Agent_20260709/VPD-OE_Agent/data/raw/ZY/6.xls,第6年广告投放(格式二),M4,4
historical_600_unknown_rule,unknown,6,ZY13,P2,本地,0.0,src_8723000306a0,origin data/VPD-OE_Agent_20260709/VPD-OE_Agent/data/raw/ZY/6.xls,第6年广告投放(格式二),N4,4
historical_600_unknown_rule,unknown,6,ZY14,P2,本地,0.0,src_8723000306a0,origin data/VPD-OE_Agent_20260709/VPD-OE_Agent/data/raw/ZY/6.xls,第6年广告投放(格式二),O4,4
historical_600_unknown_rule,unknown,6,ZY15,P2,本地,0.0,src_8723000306a0,origin data/VPD-OE_Agent_20260709/VPD-OE_Agent/data/raw/ZY/6.xls,第6年广告投放(格式二),P4,4
historical_600_unknown_rule,unknown,6,ZY16,P2,本地,0.0,src_8723000306a0,origin data/VPD-OE_Agent_20260709/VPD-OE_Agent/data/raw/ZY/6.xls,第6年广告投放(格式二),Q4,4
historical_600_unknown_rule,unknown,6,ZY17,P2,本地,0.0,src_8723000306a0,origin data/VPD-OE_Agent_20260709/VPD-OE_Agent/data/raw/ZY/6.xls,第6年广告投放(格式二),R4,4
historical_600_unknown_rule,unknown,6,ZY18,P2,本地,0.0,src_8723000306a0,origin data/VPD-OE_Agent_20260709/VPD-OE_Agent/data/raw/ZY/6.xls,第6年广告投放(格式二),S4,4
historical_600_unknown_rule,unknown,6,ZY01,P3,本地,0.0,src_8723000306a0,origin data/VPD-OE_Agent_20260709/VPD-OE_Agent/data/raw/ZY/6.xls,第6年广告投放(格式二),B5,5
historical_600_unknown_rule,unknown,6,ZY02,P3,本地,0.0,src_8723000306a0,origin data/VPD-OE_Agent_20260709/VPD-OE_Agent/data/raw/ZY/6.xls,第6年广告投放(格式二),C5,5
historical_600_unknown_rule,unknown,6,ZY03,P3,本地,0.0,src_8723000306a0,origin data/VPD-OE_Agent_20260709/VPD-OE_Agent/data/raw/ZY/6.xls,第6年广告投放(格式二),D5,5
historical_600_unknown_rule,unknown,6,ZY04,P3,本地,0.0,src_8723000306a0,origin data/VPD-OE_Agent_20260709/VPD-OE_Agent/data/raw/ZY/6.xls,第6年广告投放(格式二),E5,5
historical_600_unknown_rule,unknown,6,ZY05,P3,本地,0.0,src_8723000306a0,origin data/VPD-OE_Agent_20260709/VPD-OE_Agent/data/raw/ZY/6.xls,第6年广告投放(格式二),F5,5
historical_600_unknown_rule,unknown,6,ZY06,P3,本地,0.0,src_8723000306a0,origin data/VPD-OE_Agent_20260709/VPD-OE_Agent/data/raw/ZY/6.xls,第6年广告投放(格式二),G5,5
historical_600_unknown_rule,unknown,6,ZY07,P3,本地,0.0,src_8723000306a0,origin data/VPD-OE_Agent_20260709/VPD-OE_Agent/data/raw/ZY/6.xls,第6年广告投放(格式二),H5,5
historical_600_unknown_rule,unknown,6,ZY08,P3,本地,0.0,src_8723000306a0,origin data/VPD-OE_Agent_20260709/VPD-OE_Agent/data/raw/ZY/6.xls,第6年广告投放(格式二),I5,5
historical_600_unknown_rule,unknown,6,ZY09,P3,本地,0.0,src_8723000306a0,origin data/VPD-OE_Agent_20260709/VPD-OE_Agent/data/raw/ZY/6.xls,第6年广告投放(格式二),J5,5
historical_600_unknown_rule,unknown,6,ZY10,P3,本地,0.0,src_8723000306a0,origin data/VPD-OE_Agent_20260709/VPD-OE_Agent/data/raw/ZY/6.xls,第6年广告投放(格式二),K5,5
historical_600_unknown_rule,unknown,6,ZY11,P3,本地,0.0,src_8723000306a0,origin data/VPD-OE_Agent_20260709/VPD-OE_Agent/data/raw/ZY/6.xls,第6年广告投放(格式二),L5,5
historical_600_unknown_rule,unknown,6,ZY12,P3,本地,0.0,src_8723000306a0,origin data/VPD-OE_Agent_20260709/VPD-OE_Agent/data/raw/ZY/6.xls,第6年广告投放(格式二),M5,5
historical_600_unknown_rule,unknown,6,ZY13,P3,本地,0.0,src_8723000306a0,origin data/VPD-OE_Agent_20260709/VPD-OE_Agent/data/raw/ZY/6.xls,第6年广告投放(格式二),N5,5
historical_600_unknown_rule,unknown,6,ZY14,P3,本地,0.0,src_8723000306a0,origin data/VPD-OE_Agent_20260709/VPD-OE_Agent/data/raw/ZY/6.xls,第6年广告投放(格式二),O5,5
historical_600_unknown_rule,unknown,6,ZY15,P3,本地,0.0,src_8723000306a0,origin data/VPD-OE_Agent_20260709/VPD-OE_Agent/data/raw/ZY/6.xls,第6年广告投放(格式二),P5,5
historical_600_unknown_rule,unknown,6,ZY16,P3,本地,0.0,src_8723000306a0,origin data/VPD-OE_Agent_20260709/VPD-OE_Agent/data/raw/ZY/6.xls,第6年广告投放(格式二),Q5,5
historical_600_unknown_rule,unknown,6,ZY17,P3,本地,0.0,src_8723000306a0,origin data/VPD-OE_Agent_20260709/VPD-OE_Agent/data/raw/ZY/6.xls,第6年广告投放(格式二),R5,5
historical_600_unknown_rule,unknown,6,ZY18,P3,本地,0.0,src_8723000306a0,origin data/VPD-OE_Agent_20260709/VPD-OE_Agent/data/raw/ZY/6.xls,第6年广告投放(格式二),S5,5
historical_600_unknown_rule,unknown,6,ZY01,P4,本地,0.0,src_8723000306a0,origin data/VPD-OE_Agent_20260709/VPD-OE_Agent/data/raw/ZY/6.xls,第6年广告投放(格式二),B6,6
historical_600_unknown_rule,unknown,6,ZY02,P4,本地,0.0,src_8723000306a0,origin data/VPD-OE_Agent_20260709/VPD-OE_Agent/data/raw/ZY/6.xls,第6年广告投放(格式二),C6,6
historical_600_unknown_rule,unknown,6,ZY03,P4,本地,0.0,src_8723000306a0,origin data/VPD-OE_Agent_20260709/VPD-OE_Agent/data/raw/ZY/6.xls,第6年广告投放(格式二),D6,6
historical_600_unknown_rule,unknown,6,ZY04,P4,本地,0.0,src_8723000306a0,origin data/VPD-OE_Agent_20260709/VPD-OE_Agent/data/raw/ZY/6.xls,第6年广告投放(格式二),E6,6
historical_600_unknown_rule,unknown,6,ZY05,P4,本地,0.0,src_8723000306a0,origin data/VPD-OE_Agent_20260709/VPD-OE_Agent/data/raw/ZY/6.xls,第6年广告投放(格式二),F6,6
historical_600_unknown_rule,unknown,6,ZY06,P4,本地,0.0,src_8723000306a0,origin data/VPD-OE_Agent_20260709/VPD-OE_Agent/data/raw/ZY/6.xls,第6年广告投放(格式二),G6,6
historical_600_unknown_rule,unknown,6,ZY07,P4,本地,0.0,src_8723000306a0,origin data/VPD-OE_Agent_20260709/VPD-OE_Agent/data/raw/ZY/6.xls,第6年广告投放(格式二),H6,6
historical_600_unknown_rule,unknown,6,ZY08,P4,本地,0.0,src_8723000306a0,origin data/VPD-OE_Agent_20260709/VPD-OE_Agent/data/raw/ZY/6.xls,第6年广告投放(格式二),I6,6
historical_600_unknown_rule,unknown,6,ZY09,P4,本地,0.0,src_8723000306a0,origin data/VPD-OE_Agent_20260709/VPD-OE_Agent/data/raw/ZY/6.xls,第6年广告投放(格式二),J6,6
historical_600_unknown_rule,unknown,6,ZY10,P4,本地,0.0,src_8723000306a0,origin data/VPD-OE_Agent_20260709/VPD-OE_Agent/data/raw/ZY/6.xls,第6年广告投放(格式二),K6,6
historical_600_unknown_rule,unknown,6,ZY11,P4,本地,0.0,src_8723000306a0,origin data/VPD-OE_Agent_20260709/VPD-OE_Agent/data/raw/ZY/6.xls,第6年广告投放(格式二),L6,6
historical_600_unknown_rule,unknown,6,ZY12,P4,本地,0.0,src_8723000306a0,origin data/VPD-OE_Agent_20260709/VPD-OE_Agent/data/raw/ZY/6.xls,第6年广告投放(格式二),M6,6
historical_600_unknown_rule,unknown,6,ZY13,P4,本地,0.0,src_8723000306a0,origin data/VPD-OE_Agent_20260709/VPD-OE_Agent/data/raw/ZY/6.xls,第6年广告投放(格式二),N6,6
historical_600_unknown_rule,unknown,6,ZY14,P4,本地,0.0,src_8723000306a0,origin data/VPD-OE_Agent_20260709/VPD-OE_Agent/data/raw/ZY/6.xls,第6年广告投放(格式二),O6,6
historical_600_unknown_rule,unknown,6,ZY15,P4,本地,0.0,src_8723000306a0,origin data/VPD-OE_Agent_20260709/VPD-OE_Agent/data/raw/ZY/6.xls,第6年广告投放(格式二),P6,6
historical_600_unknown_rule,unknown,6,ZY16,P4,本地,0.0,src_8723000306a0,origin data/VPD-OE_Agent_20260709/VPD-OE_Agent/data/raw/ZY/6.xls,第6年广告投放(格式二),Q6,6
historical_600_unknown_rule,unknown,6,ZY17,P4,本地,0.0,src_8723000306a0,origin data/VPD-OE_Agent_20260709/VPD-OE_Agent/data/raw/ZY/6.xls,第6年广告投放(格式二),R6,6
historical_600_unknown_rule,unknown,6,ZY18,P4,本地,0.0,src_8723000306a0,origin data/VPD-OE_Agent_20260709/VPD-OE_Agent/data/raw/ZY/6.xls,第6年广告投放(格式二),S6,6
historical_600_unknown_rule,unknown,6,ZY01,P1,区域,0.0,src_8723000306a0,origin data/VPD-OE_Agent_20260709/VPD-OE_Agent/data/raw/ZY/6.xls,第6年广告投放(格式二),B8,8
historical_600_unknown_rule,unknown,6,ZY02,P1,区域,0.0,src_8723000306a0,origin data/VPD-OE_Agent_20260709/VPD-OE_Agent/data/raw/ZY/6.xls,第6年广告投放(格式二),C8,8
historical_600_unknown_rule,unknown,6,ZY03,P1,区域,0.0,src_8723000306a0,origin data/VPD-OE_Agent_20260709/VPD-OE_Agent/data/raw/ZY/6.xls,第6年广告投放(格式二),D8,8
historical_600_unknown_rule,unknown,6,ZY04,P1,区域,0.0,src_8723000306a0,origin data/VPD-OE_Agent_20260709/VPD-OE_Agent/data/raw/ZY/6.xls,第6年广告投放(格式二),E8,8
historical_600_unknown_rule,unknown,6,ZY05,P1,区域,0.0,src_8723000306a0,origin data/VPD-OE_Agent_20260709/VPD-OE_Agent/data/raw/ZY/6.xls,第6年广告投放(格式二),F8,8
historical_600_unknown_rule,unknown,6,ZY06,P1,区域,0.0,src_8723000306a0,origin data/VPD-OE_Agent_20260709/VPD-OE_Agent/data/raw/ZY/6.xls,第6年广告投放(格式二),G8,8
historical_600_unknown_rule,unknown,6,ZY07,P1,区域,0.0,src_8723000306a0,origin data/VPD-OE_Agent_20260709/VPD-OE_Agent/data/raw/ZY/6.xls,第6年广告投放(格式二),H8,8
historical_600_unknown_rule,unknown,6,ZY08,P1,区域,0.0,src_8723000306a0,origin data/VPD-OE_Agent_20260709/VPD-OE_Agent/data/raw/ZY/6.xls,第6年广告投放(格式二),I8,8
historical_600_unknown_rule,unknown,6,ZY09,P1,区域,0.0,src_8723000306a0,origin data/VPD-OE_Agent_20260709/VPD-OE_Agent/data/raw/ZY/6.xls,第6年广告投放(格式二),J8,8
historical_600_unknown_rule,unknown,6,ZY10,P1,区域,0.0,src_8723000306a0,origin data/VPD-OE_Agent_20260709/VPD-OE_Agent/data/raw/ZY/6.xls,第6年广告投放(格式二),K8,8
historical_600_unknown_rule,unknown,6,ZY11,P1,区域,0.0,src_8723000306a0,origin data/VPD-OE_Agent_20260709/VPD-OE_Agent/data/raw/ZY/6.xls,第6年广告投放(格式二),L8,8
historical_600_unknown_rule,unknown,6,ZY12,P1,区域,0.0,src_8723000306a0,origin data/VPD-OE_Agent_20260709/VPD-OE_Agent/data/raw/ZY/6.xls,第6年广告投放(格式二),M8,8
historical_600_unknown_rule,unknown,6,ZY13,P1,区域,0.0,src_8723000306a0,origin data/VPD-OE_Agent_20260709/VPD-OE_Agent/data/raw/ZY/6.xls,第6年广告投放(格式二),N8,8
historical_600_unknown_rule,unknown,6,ZY14,P1,区域,0.0,src_8723000306a0,origin data/VPD-OE_Agent_20260709/VPD-OE_Agent/data/raw/ZY/6.xls,第6年广告投放(格式二),O8,8
historical_600_unknown_rule,unknown,6,ZY15,P1,区域,0.0,src_8723000306a0,origin data/VPD-OE_Agent_20260709/VPD-OE_Agent/data/raw/ZY/6.xls,第6年广告投放(格式二),P8,8
historical_600_unknown_rule,unknown,6,ZY16,P1,区域,0.0,src_8723000306a0,origin data/VPD-OE_Agent_20260709/VPD-OE_Agent/data/raw/ZY/6.xls,第6年广告投放(格式二),Q8,8
historical_600_unknown_rule,unknown,6,ZY17,P1,区域,0.0,src_8723000306a0,origin data/VPD-OE_Agent_20260709/VPD-OE_Agent/data/raw/ZY/6.xls,第6年广告投放(格式二),R8,8
historical_600_unknown_rule,unknown,6,ZY18,P1,区域,0.0,src_8723000306a0,origin data/VPD-OE_Agent_20260709/VPD-OE_Agent/data/raw/ZY/6.xls,第6年广告投放(格式二),S8,8
historical_600_unknown_rule,unknown,6,ZY01,P2,区域,0.0,src_8723000306a0,origin data/VPD-OE_Agent_20260709/VPD-OE_Agent/data/raw/ZY/6.xls,第6年广告投放(格式二),B9,9
historical_600_unknown_rule,unknown,6,ZY02,P2,区域,0.0,src_8723000306a0,origin data/VPD-OE_Agent_20260709/VPD-OE_Agent/data/raw/ZY/6.xls,第6年广告投放(格式二),C9,9
historical_600_unknown_rule,unknown,6,ZY03,P2,区域,0.0,src_8723000306a0,origin data/VPD-OE_Agent_20260709/VPD-OE_Agent/data/raw/ZY/6.xls,第6年广告投放(格式二),D9,9
historical_600_unknown_rule,unknown,6,ZY04,P2,区域,0.0,src_8723000306a0,origin data/VPD-OE_Agent_20260709/VPD-OE_Agent/data/raw/ZY/6.xls,第6年广告投放(格式二),E9,9
historical_600_unknown_rule,unknown,6,ZY05,P2,区域,0.0,src_8723000306a0,origin data/VPD-OE_Agent_20260709/VPD-OE_Agent/data/raw/ZY/6.xls,第6年广告投放(格式二),F9,9
historical_600_unknown_rule,unknown,6,ZY06,P2,区域,0.0,src_8723000306a0,origin data/VPD-OE_Agent_20260709/VPD-OE_Agent/data/raw/ZY/6.xls,第6年广告投放(格式二),G9,9
historical_600_unknown_rule,unknown,6,ZY07,P2,区域,0.0,src_8723000306a0,origin data/VPD-OE_Agent_20260709/VPD-OE_Agent/data/raw/ZY/6.xls,第6年广告投放(格式二),H9,9
historical_600_unknown_rule,unknown,6,ZY08,P2,区域,0.0,src_8723000306a0,origin data/VPD-OE_Agent_20260709/VPD-OE_Agent/data/raw/ZY/6.xls,第6年广告投放(格式二),I9,9
historical_600_unknown_rule,unknown,6,ZY09,P2,区域,0.0,src_8723000306a0,origin data/VPD-OE_Agent_20260709/VPD-OE_Agent/data/raw/ZY/6.xls,第6年广告投放(格式二),J9,9
historical_600_unknown_rule,unknown,6,ZY10,P2,区域,0.0,src_8723000306a0,origin data/VPD-OE_Agent_20260709/VPD-OE_Agent/data/raw/ZY/6.xls,第6年广告投放(格式二),K9,9
historical_600_unknown_rule,unknown,6,ZY11,P2,区域,0.0,src_8723000306a0,origin data/VPD-OE_Agent_20260709/VPD-OE_Agent/data/raw/ZY/6.xls,第6年广告投放(格式二),L9,9
historical_600_unknown_rule,unknown,6,ZY12,P2,区域,0.0,src_8723000306a0,origin data/VPD-OE_Agent_20260709/VPD-OE_Agent/data/raw/ZY/6.xls,第6年广告投放(格式二),M9,9
historical_600_unknown_rule,unknown,6,ZY13,P2,区域,0.0,src_8723000306a0,origin data/VPD-OE_Agent_20260709/VPD-OE_Agent/data/raw/ZY/6.xls,第6年广告投放(格式二),N9,9
historical_600_unknown_rule,unknown,6,ZY14,P2,区域,0.0,src_8723000306a0,origin data/VPD-OE_Agent_20260709/VPD-OE_Agent/data/raw/ZY/6.xls,第6年广告投放(格式二),O9,9
historical_600_unknown_rule,unknown,6,ZY15,P2,区域,0.0,src_8723000306a0,origin data/VPD-OE_Agent_20260709/VPD-OE_Agent/data/raw/ZY/6.xls,第6年广告投放(格式二),P9,9
historical_600_unknown_rule,unknown,6,ZY16,P2,区域,0.0,src_8723000306a0,origin data/VPD-OE_Agent_20260709/VPD-OE_Agent/data/raw/ZY/6.xls,第6年广告投放(格式二),Q9,9
historical_600_unknown_rule,unknown,6,ZY17,P2,区域,0.0,src_8723000306a0,origin data/VPD-OE_Agent_20260709/VPD-OE_Agent/data/raw/ZY/6.xls,第6年广告投放(格式二),R9,9
historical_600_unknown_rule,unknown,6,ZY18,P2,区域,0.0,src_8723000306a0,origin data/VPD-OE_Agent_20260709/VPD-OE_Agent/data/raw/ZY/6.xls,第6年广告投放(格式二),S9,9
historical_600_unknown_rule,unknown,6,ZY01,P3,区域,0.0,src_8723000306a0,origin data/VPD-OE_Agent_20260709/VPD-OE_Agent/data/raw/ZY/6.xls,第6年广告投放(格式二),B10,10
historical_600_unknown_rule,unknown,6,ZY02,P3,区域,0.0,src_8723000306a0,origin data/VPD-OE_Agent_20260709/VPD-OE_Agent/data/raw/ZY/6.xls,第6年广告投放(格式二),C10,10
historical_600_unknown_rule,unknown,6,ZY03,P3,区域,0.0,src_8723000306a0,origin data/VPD-OE_Agent_20260709/VPD-OE_Agent/data/raw/ZY/6.xls,第6年广告投放(格式二),D10,10
historical_600_unknown_rule,unknown,6,ZY04,P3,区域,0.0,src_8723000306a0,origin data/VPD-OE_Agent_20260709/VPD-OE_Agent/data/raw/ZY/6.xls,第6年广告投放(格式二),E10,10
historical_600_unknown_rule,unknown,6,ZY05,P3,区域,0.0,src_8723000306a0,origin data/VPD-OE_Agent_20260709/VPD-OE_Agent/data/raw/ZY/6.xls,第6年广告投放(格式二),F10,10
historical_600_unknown_rule,unknown,6,ZY06,P3,区域,0.0,src_8723000306a0,origin data/VPD-OE_Agent_20260709/VPD-OE_Agent/data/raw/ZY/6.xls,第6年广告投放(格式二),G10,10
historical_600_unknown_rule,unknown,6,ZY07,P3,区域,0.0,src_8723000306a0,origin data/VPD-OE_Agent_20260709/VPD-OE_Agent/data/raw/ZY/6.xls,第6年广告投放(格式二),H10,10
historical_600_unknown_rule,unknown,6,ZY08,P3,区域,0.0,src_8723000306a0,origin data/VPD-OE_Agent_20260709/VPD-OE_Agent/data/raw/ZY/6.xls,第6年广告投放(格式二),I10,10
historical_600_unknown_rule,unknown,6,ZY09,P3,区域,0.0,src_8723000306a0,origin data/VPD-OE_Agent_20260709/VPD-OE_Agent/data/raw/ZY/6.xls,第6年广告投放(格式二),J10,10
historical_600_unknown_rule,unknown,6,ZY10,P3,区域,0.0,src_8723000306a0,origin data/VPD-OE_Agent_20260709/VPD-OE_Agent/data/raw/ZY/6.xls,第6年广告投放(格式二),K10,10
historical_600_unknown_rule,unknown,6,ZY11,P3,区域,0.0,src_8723000306a0,origin data/VPD-OE_Agent_20260709/VPD-OE_Agent/data/raw/ZY/6.xls,第6年广告投放(格式二),L10,10
historical_600_unknown_rule,unknown,6,ZY12,P3,区域,0.0,src_8723000306a0,origin data/VPD-OE_Agent_20260709/VPD-OE_Agent/data/raw/ZY/6.xls,第6年广告投放(格式二),M10,10
historical_600_unknown_rule,unknown,6,ZY13,P3,区域,0.0,src_8723000306a0,origin data/VPD-OE_Agent_20260709/VPD-OE_Agent/data/raw/ZY/6.xls,第6年广告投放(格式二),N10,10
historical_600_unknown_rule,unknown,6,ZY14,P3,区域,0.0,src_8723000306a0,origin data/VPD-OE_Agent_20260709/VPD-OE_Agent/data/raw/ZY/6.xls,第6年广告投放(格式二),O10,10
historical_600_unknown_rule,unknown,6,ZY15,P3,区域,0.0,src_8723000306a0,origin data/VPD-OE_Agent_20260709/VPD-OE_Agent/data/raw/ZY/6.xls,第6年广告投放(格式二),P10,10
historical_600_unknown_rule,unknown,6,ZY16,P3,区域,0.0,src_8723000306a0,origin data/VPD-OE_Agent_20260709/VPD-OE_Agent/data/raw/ZY/6.xls,第6年广告投放(格式二),Q10,10
historical_600_unknown_rule,unknown,6,ZY17,P3,区域,0.0,src_8723000306a0,origin data/VPD-OE_Agent_20260709/VPD-OE_Agent/data/raw/ZY/6.xls,第6年广告投放(格式二),R10,10
historical_600_unknown_rule,unknown,6,ZY18,P3,区域,0.0,src_8723000306a0,origin data/VPD-OE_Agent_20260709/VPD-OE_Agent/data/raw/ZY/6.xls,第6年广告投放(格式二),S10,10
historical_600_unknown_rule,unknown,6,ZY01,P4,区域,0.0,src_8723000306a0,origin data/VPD-OE_Agent_20260709/VPD-OE_Agent/data/raw/ZY/6.xls,第6年广告投放(格式二),B11,11
historical_600_unknown_rule,unknown,6,ZY02,P4,区域,0.0,src_8723000306a0,origin data/VPD-OE_Agent_20260709/VPD-OE_Agent/data/raw/ZY/6.xls,第6年广告投放(格式二),C11,11
historical_600_unknown_rule,unknown,6,ZY03,P4,区域,0.0,src_8723000306a0,origin data/VPD-OE_Agent_20260709/VPD-OE_Agent/data/raw/ZY/6.xls,第6年广告投放(格式二),D11,11
historical_600_unknown_rule,unknown,6,ZY04,P4,区域,0.0,src_8723000306a0,origin data/VPD-OE_Agent_20260709/VPD-OE_Agent/data/raw/ZY/6.xls,第6年广告投放(格式二),E11,11
historical_600_unknown_rule,unknown,6,ZY05,P4,区域,0.0,src_8723000306a0,origin data/VPD-OE_Agent_20260709/VPD-OE_Agent/data/raw/ZY/6.xls,第6年广告投放(格式二),F11,11
historical_600_unknown_rule,unknown,6,ZY06,P4,区域,0.0,src_8723000306a0,origin data/VPD-OE_Agent_20260709/VPD-OE_Agent/data/raw/ZY/6.xls,第6年广告投放(格式二),G11,11
historical_600_unknown_rule,unknown,6,ZY07,P4,区域,0.0,src_8723000306a0,origin data/VPD-OE_Agent_20260709/VPD-OE_Agent/data/raw/ZY/6.xls,第6年广告投放(格式二),H11,11
historical_600_unknown_rule,unknown,6,ZY08,P4,区域,0.0,src_8723000306a0,origin data/VPD-OE_Agent_20260709/VPD-OE_Agent/data/raw/ZY/6.xls,第6年广告投放(格式二),I11,11
historical_600_unknown_rule,unknown,6,ZY09,P4,区域,0.0,src_8723000306a0,origin data/VPD-OE_Agent_20260709/VPD-OE_Agent/data/raw/ZY/6.xls,第6年广告投放(格式二),J11,11
historical_600_unknown_rule,unknown,6,ZY10,P4,区域,0.0,src_8723000306a0,origin data/VPD-OE_Agent_20260709/VPD-OE_Agent/data/raw/ZY/6.xls,第6年广告投放(格式二),K11,11
historical_600_unknown_rule,unknown,6,ZY11,P4,区域,0.0,src_8723000306a0,origin data/VPD-OE_Agent_20260709/VPD-OE_Agent/data/raw/ZY/6.xls,第6年广告投放(格式二),L11,11
historical_600_unknown_rule,unknown,6,ZY12,P4,区域,0.0,src_8723000306a0,origin data/VPD-OE_Agent_20260709/VPD-OE_Agent/data/raw/ZY/6.xls,第6年广告投放(格式二),M11,11
historical_600_unknown_rule,unknown,6,ZY13,P4,区域,0.0,src_8723000306a0,origin data/VPD-OE_Agent_20260709/VPD-OE_Agent/data/raw/ZY/6.xls,第6年广告投放(格式二),N11,11
historical_600_unknown_rule,unknown,6,ZY14,P4,区域,0.0,src_8723000306a0,origin data/VPD-OE_Agent_20260709/VPD-OE_Agent/data/raw/ZY/6.xls,第6年广告投放(格式二),O11,11
historical_600_unknown_rule,unknown,6,ZY15,P4,区域,0.0,src_8723000306a0,origin data/VPD-OE_Agent_20260709/VPD-OE_Agent/data/raw/ZY/6.xls,第6年广告投放(格式二),P11,11
historical_600_unknown_rule,unknown,6,ZY16,P4,区域,0.0,src_8723000306a0,origin data/VPD-OE_Agent_20260709/VPD-OE_Agent/data/raw/ZY/6.xls,第6年广告投放(格式二),Q11,11
historical_600_unknown_rule,unknown,6,ZY17,P4,区域,0.0,src_8723000306a0,origin data/VPD-OE_Agent_20260709/VPD-OE_Agent/data/raw/ZY/6.xls,第6年广告投放(格式二),R11,11
historical_600_unknown_rule,unknown,6,ZY18,P4,区域,0.0,src_8723000306a0,origin data/VPD-OE_Agent_20260709/VPD-OE_Agent/data/raw/ZY/6.xls,第6年广告投放(格式二),S11,11
historical_600_unknown_rule,unknown,6,ZY01,P1,国内,0.0,src_8723000306a0,origin data/VPD-OE_Agent_20260709/VPD-OE_Agent/data/raw/ZY/6.xls,第6年广告投放(格式二),B13,13
historical_600_unknown_rule,unknown,6,ZY02,P1,国内,0.0,src_8723000306a0,origin data/VPD-OE_Agent_20260709/VPD-OE_Agent/data/raw/ZY/6.xls,第6年广告投放(格式二),C13,13
historical_600_unknown_rule,unknown,6,ZY03,P1,国内,0.0,src_8723000306a0,origin data/VPD-OE_Agent_20260709/VPD-OE_Agent/data/raw/ZY/6.xls,第6年广告投放(格式二),D13,13
historical_600_unknown_rule,unknown,6,ZY04,P1,国内,0.0,src_8723000306a0,origin data/VPD-OE_Agent_20260709/VPD-OE_Agent/data/raw/ZY/6.xls,第6年广告投放(格式二),E13,13
historical_600_unknown_rule,unknown,6,ZY05,P1,国内,0.0,src_8723000306a0,origin data/VPD-OE_Agent_20260709/VPD-OE_Agent/data/raw/ZY/6.xls,第6年广告投放(格式二),F13,13
historical_600_unknown_rule,unknown,6,ZY06,P1,国内,0.0,src_8723000306a0,origin data/VPD-OE_Agent_20260709/VPD-OE_Agent/data/raw/ZY/6.xls,第6年广告投放(格式二),G13,13
historical_600_unknown_rule,unknown,6,ZY07,P1,国内,0.0,src_8723000306a0,origin data/VPD-OE_Agent_20260709/VPD-OE_Agent/data/raw/ZY/6.xls,第6年广告投放(格式二),H13,13
historical_600_unknown_rule,unknown,6,ZY08,P1,国内,0.0,src_8723000306a0,origin data/VPD-OE_Agent_20260709/VPD-OE_Agent/data/raw/ZY/6.xls,第6年广告投放(格式二),I13,13
historical_600_unknown_rule,unknown,6,ZY09,P1,国内,0.0,src_8723000306a0,origin data/VPD-OE_Agent_20260709/VPD-OE_Agent/data/raw/ZY/6.xls,第6年广告投放(格式二),J13,13
historical_600_unknown_rule,unknown,6,ZY10,P1,国内,0.0,src_8723000306a0,origin data/VPD-OE_Agent_20260709/VPD-OE_Agent/data/raw/ZY/6.xls,第6年广告投放(格式二),K13,13
historical_600_unknown_rule,unknown,6,ZY11,P1,国内,0.0,src_8723000306a0,origin data/VPD-OE_Agent_20260709/VPD-OE_Agent/data/raw/ZY/6.xls,第6年广告投放(格式二),L13,13
historical_600_unknown_rule,unknown,6,ZY12,P1,国内,0.0,src_8723000306a0,origin data/VPD-OE_Agent_20260709/VPD-OE_Agent/data/raw/ZY/6.xls,第6年广告投放(格式二),M13,13
historical_600_unknown_rule,unknown,6,ZY13,P1,国内,0.0,src_8723000306a0,origin data/VPD-OE_Agent_20260709/VPD-OE_Agent/data/raw/ZY/6.xls,第6年广告投放(格式二),N13,13
historical_600_unknown_rule,unknown,6,ZY14,P1,国内,0.0,src_8723000306a0,origin data/VPD-OE_Agent_20260709/VPD-OE_Agent/data/raw/ZY/6.xls,第6年广告投放(格式二),O13,13
historical_600_unknown_rule,unknown,6,ZY15,P1,国内,0.0,src_8723000306a0,origin data/VPD-OE_Agent_20260709/VPD-OE_Agent/data/raw/ZY/6.xls,第6年广告投放(格式二),P13,13
historical_600_unknown_rule,unknown,6,ZY16,P1,国内,0.0,src_8723000306a0,origin data/VPD-OE_Agent_20260709/VPD-OE_Agent/data/raw/ZY/6.xls,第6年广告投放(格式二),Q13,13
historical_600_unknown_rule,unknown,6,ZY17,P1,国内,0.0,src_8723000306a0,origin data/VPD-OE_Agent_20260709/VPD-OE_Agent/data/raw/ZY/6.xls,第6年广告投放(格式二),R13,13
historical_600_unknown_rule,unknown,6,ZY18,P1,国内,0.0,src_8723000306a0,origin data/VPD-OE_Agent_20260709/VPD-OE_Agent/data/raw/ZY/6.xls,第6年广告投放(格式二),S13,13
historical_600_unknown_rule,unknown,6,ZY01,P2,国内,0.0,src_8723000306a0,origin data/VPD-OE_Agent_20260709/VPD-OE_Agent/data/raw/ZY/6.xls,第6年广告投放(格式二),B14,14
historical_600_unknown_rule,unknown,6,ZY02,P2,国内,0.0,src_8723000306a0,origin data/VPD-OE_Agent_20260709/VPD-OE_Agent/data/raw/ZY/6.xls,第6年广告投放(格式二),C14,14
historical_600_unknown_rule,unknown,6,ZY03,P2,国内,0.0,src_8723000306a0,origin data/VPD-OE_Agent_20260709/VPD-OE_Agent/data/raw/ZY/6.xls,第6年广告投放(格式二),D14,14
historical_600_unknown_rule,unknown,6,ZY04,P2,国内,0.0,src_8723000306a0,origin data/VPD-OE_Agent_20260709/VPD-OE_Agent/data/raw/ZY/6.xls,第6年广告投放(格式二),E14,14
historical_600_unknown_rule,unknown,6,ZY05,P2,国内,0.0,src_8723000306a0,origin data/VPD-OE_Agent_20260709/VPD-OE_Agent/data/raw/ZY/6.xls,第6年广告投放(格式二),F14,14
historical_600_unknown_rule,unknown,6,ZY06,P2,国内,0.0,src_8723000306a0,origin data/VPD-OE_Agent_20260709/VPD-OE_Agent/data/raw/ZY/6.xls,第6年广告投放(格式二),G14,14
historical_600_unknown_rule,unknown,6,ZY07,P2,国内,0.0,src_8723000306a0,origin data/VPD-OE_Agent_20260709/VPD-OE_Agent/data/raw/ZY/6.xls,第6年广告投放(格式二),H14,14
historical_600_unknown_rule,unknown,6,ZY08,P2,国内,0.0,src_8723000306a0,origin data/VPD-OE_Agent_20260709/VPD-OE_Agent/data/raw/ZY/6.xls,第6年广告投放(格式二),I14,14
historical_600_unknown_rule,unknown,6,ZY09,P2,国内,0.0,src_8723000306a0,origin data/VPD-OE_Agent_20260709/VPD-OE_Agent/data/raw/ZY/6.xls,第6年广告投放(格式二),J14,14
historical_600_unknown_rule,unknown,6,ZY10,P2,国内,0.0,src_8723000306a0,origin data/VPD-OE_Agent_20260709/VPD-OE_Agent/data/raw/ZY/6.xls,第6年广告投放(格式二),K14,14
historical_600_unknown_rule,unknown,6,ZY11,P2,国内,0.0,src_8723000306a0,origin data/VPD-OE_Agent_20260709/VPD-OE_Agent/data/raw/ZY/6.xls,第6年广告投放(格式二),L14,14
historical_600_unknown_rule,unknown,6,ZY12,P2,国内,0.0,src_8723000306a0,origin data/VPD-OE_Agent_20260709/VPD-OE_Agent/data/raw/ZY/6.xls,第6年广告投放(格式二),M14,14
historical_600_unknown_rule,unknown,6,ZY13,P2,国内,0.0,src_8723000306a0,origin data/VPD-OE_Agent_20260709/VPD-OE_Agent/data/raw/ZY/6.xls,第6年广告投放(格式二),N14,14
historical_600_unknown_rule,unknown,6,ZY14,P2,国内,0.0,src_8723000306a0,origin data/VPD-OE_Agent_20260709/VPD-OE_Agent/data/raw/ZY/6.xls,第6年广告投放(格式二),O14,14
historical_600_unknown_rule,unknown,6,ZY15,P2,国内,0.0,src_8723000306a0,origin data/VPD-OE_Agent_20260709/VPD-OE_Agent/data/raw/ZY/6.xls,第6年广告投放(格式二),P14,14
historical_600_unknown_rule,unknown,6,ZY16,P2,国内,0.0,src_8723000306a0,origin data/VPD-OE_Agent_20260709/VPD-OE_Agent/data/raw/ZY/6.xls,第6年广告投放(格式二),Q14,14
historical_600_unknown_rule,unknown,6,ZY17,P2,国内,0.0,src_8723000306a0,origin data/VPD-OE_Agent_20260709/VPD-OE_Agent/data/raw/ZY/6.xls,第6年广告投放(格式二),R14,14
historical_600_unknown_rule,unknown,6,ZY18,P2,国内,0.0,src_8723000306a0,origin data/VPD-OE_Agent_20260709/VPD-OE_Agent/data/raw/ZY/6.xls,第6年广告投放(格式二),S14,14
historical_600_unknown_rule,unknown,6,ZY01,P3,国内,0.0,src_8723000306a0,origin data/VPD-OE_Agent_20260709/VPD-OE_Agent/data/raw/ZY/6.xls,第6年广告投放(格式二),B15,15
historical_600_unknown_rule,unknown,6,ZY02,P3,国内,0.0,src_8723000306a0,origin data/VPD-OE_Agent_20260709/VPD-OE_Agent/data/raw/ZY/6.xls,第6年广告投放(格式二),C15,15
historical_600_unknown_rule,unknown,6,ZY03,P3,国内,0.0,src_8723000306a0,origin data/VPD-OE_Agent_20260709/VPD-OE_Agent/data/raw/ZY/6.xls,第6年广告投放(格式二),D15,15
historical_600_unknown_rule,unknown,6,ZY04,P3,国内,0.0,src_8723000306a0,origin data/VPD-OE_Agent_20260709/VPD-OE_Agent/data/raw/ZY/6.xls,第6年广告投放(格式二),E15,15
historical_600_unknown_rule,unknown,6,ZY05,P3,国内,0.0,src_8723000306a0,origin data/VPD-OE_Agent_20260709/VPD-OE_Agent/data/raw/ZY/6.xls,第6年广告投放(格式二),F15,15
historical_600_unknown_rule,unknown,6,ZY06,P3,国内,0.0,src_8723000306a0,origin data/VPD-OE_Agent_20260709/VPD-OE_Agent/data/raw/ZY/6.xls,第6年广告投放(格式二),G15,15
historical_600_unknown_rule,unknown,6,ZY07,P3,国内,0.0,src_8723000306a0,origin data/VPD-OE_Agent_20260709/VPD-OE_Agent/data/raw/ZY/6.xls,第6年广告投放(格式二),H15,15
historical_600_unknown_rule,unknown,6,ZY08,P3,国内,0.0,src_8723000306a0,origin data/VPD-OE_Agent_20260709/VPD-OE_Agent/data/raw/ZY/6.xls,第6年广告投放(格式二),I15,15
historical_600_unknown_rule,unknown,6,ZY09,P3,国内,0.0,src_8723000306a0,origin data/VPD-OE_Agent_20260709/VPD-OE_Agent/data/raw/ZY/6.xls,第6年广告投放(格式二),J15,15
historical_600_unknown_rule,unknown,6,ZY10,P3,国内,0.0,src_8723000306a0,origin data/VPD-OE_Agent_20260709/VPD-OE_Agent/data/raw/ZY/6.xls,第6年广告投放(格式二),K15,15
historical_600_unknown_rule,unknown,6,ZY11,P3,国内,0.0,src_8723000306a0,origin data/VPD-OE_Agent_20260709/VPD-OE_Agent/data/raw/ZY/6.xls,第6年广告投放(格式二),L15,15
historical_600_unknown_rule,unknown,6,ZY12,P3,国内,0.0,src_8723000306a0,origin data/VPD-OE_Agent_20260709/VPD-OE_Agent/data/raw/ZY/6.xls,第6年广告投放(格式二),M15,15
historical_600_unknown_rule,unknown,6,ZY13,P3,国内,0.0,src_8723000306a0,origin data/VPD-OE_Agent_20260709/VPD-OE_Agent/data/raw/ZY/6.xls,第6年广告投放(格式二),N15,15
historical_600_unknown_rule,unknown,6,ZY14,P3,国内,0.0,src_8723000306a0,origin data/VPD-OE_Agent_20260709/VPD-OE_Agent/data/raw/ZY/6.xls,第6年广告投放(格式二),O15,15
historical_600_unknown_rule,unknown,6,ZY15,P3,国内,0.0,src_8723000306a0,origin data/VPD-OE_Agent_20260709/VPD-OE_Agent/data/raw/ZY/6.xls,第6年广告投放(格式二),P15,15
historical_600_unknown_rule,unknown,6,ZY16,P3,国内,0.0,src_8723000306a0,origin data/VPD-OE_Agent_20260709/VPD-OE_Agent/data/raw/ZY/6.xls,第6年广告投放(格式二),Q15,15
historical_600_unknown_rule,unknown,6,ZY17,P3,国内,0.0,src_8723000306a0,origin data/VPD-OE_Agent_20260709/VPD-OE_Agent/data/raw/ZY/6.xls,第6年广告投放(格式二),R15,15
historical_600_unknown_rule,unknown,6,ZY18,P3,国内,0.0,src_8723000306a0,origin data/VPD-OE_Agent_20260709/VPD-OE_Agent/data/raw/ZY/6.xls,第6年广告投放(格式二),S15,15
historical_600_unknown_rule,unknown,6,ZY01,P4,国内,0.0,src_8723000306a0,origin data/VPD-OE_Agent_20260709/VPD-OE_Agent/data/raw/ZY/6.xls,第6年广告投放(格式二),B16,16
historical_600_unknown_rule,unknown,6,ZY02,P4,国内,0.0,src_8723000306a0,origin data/VPD-OE_Agent_20260709/VPD-OE_Agent/data/raw/ZY/6.xls,第6年广告投放(格式二),C16,16
historical_600_unknown_rule,unknown,6,ZY03,P4,国内,0.0,src_8723000306a0,origin data/VPD-OE_Agent_20260709/VPD-OE_Agent/data/raw/ZY/6.xls,第6年广告投放(格式二),D16,16
historical_600_unknown_rule,unknown,6,ZY04,P4,国内,0.0,src_8723000306a0,origin data/VPD-OE_Agent_20260709/VPD-OE_Agent/data/raw/ZY/6.xls,第6年广告投放(格式二),E16,16
historical_600_unknown_rule,unknown,6,ZY05,P4,国内,0.0,src_8723000306a0,origin data/VPD-OE_Agent_20260709/VPD-OE_Agent/data/raw/ZY/6.xls,第6年广告投放(格式二),F16,16
historical_600_unknown_rule,unknown,6,ZY06,P4,国内,0.0,src_8723000306a0,origin data/VPD-OE_Agent_20260709/VPD-OE_Agent/data/raw/ZY/6.xls,第6年广告投放(格式二),G16,16
historical_600_unknown_rule,unknown,6,ZY07,P4,国内,0.0,src_8723000306a0,origin data/VPD-OE_Agent_20260709/VPD-OE_Agent/data/raw/ZY/6.xls,第6年广告投放(格式二),H16,16
historical_600_unknown_rule,unknown,6,ZY08,P4,国内,0.0,src_8723000306a0,origin data/VPD-OE_Agent_20260709/VPD-OE_Agent/data/raw/ZY/6.xls,第6年广告投放(格式二),I16,16
historical_600_unknown_rule,unknown,6,ZY09,P4,国内,0.0,src_8723000306a0,origin data/VPD-OE_Agent_20260709/VPD-OE_Agent/data/raw/ZY/6.xls,第6年广告投放(格式二),J16,16
historical_600_unknown_rule,unknown,6,ZY10,P4,国内,0.0,src_8723000306a0,origin data/VPD-OE_Agent_20260709/VPD-OE_Agent/data/raw/ZY/6.xls,第6年广告投放(格式二),K16,16
historical_600_unknown_rule,unknown,6,ZY11,P4,国内,0.0,src_8723000306a0,origin data/VPD-OE_Agent_20260709/VPD-OE_Agent/data/raw/ZY/6.xls,第6年广告投放(格式二),L16,16
historical_600_unknown_rule,unknown,6,ZY12,P4,国内,0.0,src_8723000306a0,origin data/VPD-OE_Agent_20260709/VPD-OE_Agent/data/raw/ZY/6.xls,第6年广告投放(格式二),M16,16
historical_600_unknown_rule,unknown,6,ZY13,P4,国内,0.0,src_8723000306a0,origin data/VPD-OE_Agent_20260709/VPD-OE_Agent/data/raw/ZY/6.xls,第6年广告投放(格式二),N16,16
historical_600_unknown_rule,unknown,6,ZY14,P4,国内,0.0,src_8723000306a0,origin data/VPD-OE_Agent_20260709/VPD-OE_Agent/data/raw/ZY/6.xls,第6年广告投放(格式二),O16,16
historical_600_unknown_rule,unknown,6,ZY15,P4,国内,0.0,src_8723000306a0,origin data/VPD-OE_Agent_20260709/VPD-OE_Agent/data/raw/ZY/6.xls,第6年广告投放(格式二),P16,16
historical_600_unknown_rule,unknown,6,ZY16,P4,国内,0.0,src_8723000306a0,origin data/VPD-OE_Agent_20260709/VPD-OE_Agent/data/raw/ZY/6.xls,第6年广告投放(格式二),Q16,16
historical_600_unknown_rule,unknown,6,ZY17,P4,国内,0.0,src_8723000306a0,origin data/VPD-OE_Agent_20260709/VPD-OE_Agent/data/raw/ZY/6.xls,第6年广告投放(格式二),R16,16
historical_600_unknown_rule,unknown,6,ZY18,P4,国内,0.0,src_8723000306a0,origin data/VPD-OE_Agent_20260709/VPD-OE_Agent/data/raw/ZY/6.xls,第6年广告投放(格式二),S16,16
historical_600_unknown_rule,unknown,6,ZY01,P1,亚洲,0.0,src_8723000306a0,origin data/VPD-OE_Agent_20260709/VPD-OE_Agent/data/raw/ZY/6.xls,第6年广告投放(格式二),B18,18
historical_600_unknown_rule,unknown,6,ZY02,P1,亚洲,0.0,src_8723000306a0,origin data/VPD-OE_Agent_20260709/VPD-OE_Agent/data/raw/ZY/6.xls,第6年广告投放(格式二),C18,18
historical_600_unknown_rule,unknown,6,ZY03,P1,亚洲,0.0,src_8723000306a0,origin data/VPD-OE_Agent_20260709/VPD-OE_Agent/data/raw/ZY/6.xls,第6年广告投放(格式二),D18,18
historical_600_unknown_rule,unknown,6,ZY04,P1,亚洲,0.0,src_8723000306a0,origin data/VPD-OE_Agent_20260709/VPD-OE_Agent/data/raw/ZY/6.xls,第6年广告投放(格式二),E18,18
historical_600_unknown_rule,unknown,6,ZY05,P1,亚洲,0.0,src_8723000306a0,origin data/VPD-OE_Agent_20260709/VPD-OE_Agent/data/raw/ZY/6.xls,第6年广告投放(格式二),F18,18
historical_600_unknown_rule,unknown,6,ZY06,P1,亚洲,0.0,src_8723000306a0,origin data/VPD-OE_Agent_20260709/VPD-OE_Agent/data/raw/ZY/6.xls,第6年广告投放(格式二),G18,18
historical_600_unknown_rule,unknown,6,ZY07,P1,亚洲,0.0,src_8723000306a0,origin data/VPD-OE_Agent_20260709/VPD-OE_Agent/data/raw/ZY/6.xls,第6年广告投放(格式二),H18,18
historical_600_unknown_rule,unknown,6,ZY08,P1,亚洲,0.0,src_8723000306a0,origin data/VPD-OE_Agent_20260709/VPD-OE_Agent/data/raw/ZY/6.xls,第6年广告投放(格式二),I18,18
historical_600_unknown_rule,unknown,6,ZY09,P1,亚洲,0.0,src_8723000306a0,origin data/VPD-OE_Agent_20260709/VPD-OE_Agent/data/raw/ZY/6.xls,第6年广告投放(格式二),J18,18
historical_600_unknown_rule,unknown,6,ZY10,P1,亚洲,0.0,src_8723000306a0,origin data/VPD-OE_Agent_20260709/VPD-OE_Agent/data/raw/ZY/6.xls,第6年广告投放(格式二),K18,18
historical_600_unknown_rule,unknown,6,ZY11,P1,亚洲,0.0,src_8723000306a0,origin data/VPD-OE_Agent_20260709/VPD-OE_Agent/data/raw/ZY/6.xls,第6年广告投放(格式二),L18,18
historical_600_unknown_rule,unknown,6,ZY12,P1,亚洲,0.0,src_8723000306a0,origin data/VPD-OE_Agent_20260709/VPD-OE_Agent/data/raw/ZY/6.xls,第6年广告投放(格式二),M18,18
historical_600_unknown_rule,unknown,6,ZY13,P1,亚洲,0.0,src_8723000306a0,origin data/VPD-OE_Agent_20260709/VPD-OE_Agent/data/raw/ZY/6.xls,第6年广告投放(格式二),N18,18
historical_600_unknown_rule,unknown,6,ZY14,P1,亚洲,0.0,src_8723000306a0,origin data/VPD-OE_Agent_20260709/VPD-OE_Agent/data/raw/ZY/6.xls,第6年广告投放(格式二),O18,18
historical_600_unknown_rule,unknown,6,ZY15,P1,亚洲,0.0,src_8723000306a0,origin data/VPD-OE_Agent_20260709/VPD-OE_Agent/data/raw/ZY/6.xls,第6年广告投放(格式二),P18,18
historical_600_unknown_rule,unknown,6,ZY16,P1,亚洲,0.0,src_8723000306a0,origin data/VPD-OE_Agent_20260709/VPD-OE_Agent/data/raw/ZY/6.xls,第6年广告投放(格式二),Q18,18
historical_600_unknown_rule,unknown,6,ZY17,P1,亚洲,0.0,src_8723000306a0,origin data/VPD-OE_Agent_20260709/VPD-OE_Agent/data/raw/ZY/6.xls,第6年广告投放(格式二),R18,18
historical_600_unknown_rule,unknown,6,ZY18,P1,亚洲,0.0,src_8723000306a0,origin data/VPD-OE_Agent_20260709/VPD-OE_Agent/data/raw/ZY/6.xls,第6年广告投放(格式二),S18,18
historical_600_unknown_rule,unknown,6,ZY01,P2,亚洲,0.0,src_8723000306a0,origin data/VPD-OE_Agent_20260709/VPD-OE_Agent/data/raw/ZY/6.xls,第6年广告投放(格式二),B19,19
historical_600_unknown_rule,unknown,6,ZY02,P2,亚洲,0.0,src_8723000306a0,origin data/VPD-OE_Agent_20260709/VPD-OE_Agent/data/raw/ZY/6.xls,第6年广告投放(格式二),C19,19
historical_600_unknown_rule,unknown,6,ZY03,P2,亚洲,0.0,src_8723000306a0,origin data/VPD-OE_Agent_20260709/VPD-OE_Agent/data/raw/ZY/6.xls,第6年广告投放(格式二),D19,19
historical_600_unknown_rule,unknown,6,ZY04,P2,亚洲,0.0,src_8723000306a0,origin data/VPD-OE_Agent_20260709/VPD-OE_Agent/data/raw/ZY/6.xls,第6年广告投放(格式二),E19,19
historical_600_unknown_rule,unknown,6,ZY05,P2,亚洲,0.0,src_8723000306a0,origin data/VPD-OE_Agent_20260709/VPD-OE_Agent/data/raw/ZY/6.xls,第6年广告投放(格式二),F19,19
historical_600_unknown_rule,unknown,6,ZY06,P2,亚洲,0.0,src_8723000306a0,origin data/VPD-OE_Agent_20260709/VPD-OE_Agent/data/raw/ZY/6.xls,第6年广告投放(格式二),G19,19
historical_600_unknown_rule,unknown,6,ZY07,P2,亚洲,0.0,src_8723000306a0,origin data/VPD-OE_Agent_20260709/VPD-OE_Agent/data/raw/ZY/6.xls,第6年广告投放(格式二),H19,19
historical_600_unknown_rule,unknown,6,ZY08,P2,亚洲,0.0,src_8723000306a0,origin data/VPD-OE_Agent_20260709/VPD-OE_Agent/data/raw/ZY/6.xls,第6年广告投放(格式二),I19,19
historical_600_unknown_rule,unknown,6,ZY09,P2,亚洲,0.0,src_8723000306a0,origin data/VPD-OE_Agent_20260709/VPD-OE_Agent/data/raw/ZY/6.xls,第6年广告投放(格式二),J19,19
historical_600_unknown_rule,unknown,6,ZY10,P2,亚洲,0.0,src_8723000306a0,origin data/VPD-OE_Agent_20260709/VPD-OE_Agent/data/raw/ZY/6.xls,第6年广告投放(格式二),K19,19
historical_600_unknown_rule,unknown,6,ZY11,P2,亚洲,0.0,src_8723000306a0,origin data/VPD-OE_Agent_20260709/VPD-OE_Agent/data/raw/ZY/6.xls,第6年广告投放(格式二),L19,19
historical_600_unknown_rule,unknown,6,ZY12,P2,亚洲,0.0,src_8723000306a0,origin data/VPD-OE_Agent_20260709/VPD-OE_Agent/data/raw/ZY/6.xls,第6年广告投放(格式二),M19,19
historical_600_unknown_rule,unknown,6,ZY13,P2,亚洲,0.0,src_8723000306a0,origin data/VPD-OE_Agent_20260709/VPD-OE_Agent/data/raw/ZY/6.xls,第6年广告投放(格式二),N19,19
historical_600_unknown_rule,unknown,6,ZY14,P2,亚洲,0.0,src_8723000306a0,origin data/VPD-OE_Agent_20260709/VPD-OE_Agent/data/raw/ZY/6.xls,第6年广告投放(格式二),O19,19
historical_600_unknown_rule,unknown,6,ZY15,P2,亚洲,0.0,src_8723000306a0,origin data/VPD-OE_Agent_20260709/VPD-OE_Agent/data/raw/ZY/6.xls,第6年广告投放(格式二),P19,19
historical_600_unknown_rule,unknown,6,ZY16,P2,亚洲,0.0,src_8723000306a0,origin data/VPD-OE_Agent_20260709/VPD-OE_Agent/data/raw/ZY/6.xls,第6年广告投放(格式二),Q19,19
historical_600_unknown_rule,unknown,6,ZY17,P2,亚洲,0.0,src_8723000306a0,origin data/VPD-OE_Agent_20260709/VPD-OE_Agent/data/raw/ZY/6.xls,第6年广告投放(格式二),R19,19
historical_600_unknown_rule,unknown,6,ZY18,P2,亚洲,0.0,src_8723000306a0,origin data/VPD-OE_Agent_20260709/VPD-OE_Agent/data/raw/ZY/6.xls,第6年广告投放(格式二),S19,19
historical_600_unknown_rule,unknown,6,ZY01,P3,亚洲,0.0,src_8723000306a0,origin data/VPD-OE_Agent_20260709/VPD-OE_Agent/data/raw/ZY/6.xls,第6年广告投放(格式二),B20,20
historical_600_unknown_rule,unknown,6,ZY02,P3,亚洲,0.0,src_8723000306a0,origin data/VPD-OE_Agent_20260709/VPD-OE_Agent/data/raw/ZY/6.xls,第6年广告投放(格式二),C20,20
historical_600_unknown_rule,unknown,6,ZY03,P3,亚洲,0.0,src_8723000306a0,origin data/VPD-OE_Agent_20260709/VPD-OE_Agent/data/raw/ZY/6.xls,第6年广告投放(格式二),D20,20
historical_600_unknown_rule,unknown,6,ZY04,P3,亚洲,0.0,src_8723000306a0,origin data/VPD-OE_Agent_20260709/VPD-OE_Agent/data/raw/ZY/6.xls,第6年广告投放(格式二),E20,20
historical_600_unknown_rule,unknown,6,ZY05,P3,亚洲,0.0,src_8723000306a0,origin data/VPD-OE_Agent_20260709/VPD-OE_Agent/data/raw/ZY/6.xls,第6年广告投放(格式二),F20,20
historical_600_unknown_rule,unknown,6,ZY06,P3,亚洲,0.0,src_8723000306a0,origin data/VPD-OE_Agent_20260709/VPD-OE_Agent/data/raw/ZY/6.xls,第6年广告投放(格式二),G20,20
historical_600_unknown_rule,unknown,6,ZY07,P3,亚洲,0.0,src_8723000306a0,origin data/VPD-OE_Agent_20260709/VPD-OE_Agent/data/raw/ZY/6.xls,第6年广告投放(格式二),H20,20
historical_600_unknown_rule,unknown,6,ZY08,P3,亚洲,0.0,src_8723000306a0,origin data/VPD-OE_Agent_20260709/VPD-OE_Agent/data/raw/ZY/6.xls,第6年广告投放(格式二),I20,20
historical_600_unknown_rule,unknown,6,ZY09,P3,亚洲,0.0,src_8723000306a0,origin data/VPD-OE_Agent_20260709/VPD-OE_Agent/data/raw/ZY/6.xls,第6年广告投放(格式二),J20,20
historical_600_unknown_rule,unknown,6,ZY10,P3,亚洲,0.0,src_8723000306a0,origin data/VPD-OE_Agent_20260709/VPD-OE_Agent/data/raw/ZY/6.xls,第6年广告投放(格式二),K20,20
historical_600_unknown_rule,unknown,6,ZY11,P3,亚洲,0.0,src_8723000306a0,origin data/VPD-OE_Agent_20260709/VPD-OE_Agent/data/raw/ZY/6.xls,第6年广告投放(格式二),L20,20
historical_600_unknown_rule,unknown,6,ZY12,P3,亚洲,0.0,src_8723000306a0,origin data/VPD-OE_Agent_20260709/VPD-OE_Agent/data/raw/ZY/6.xls,第6年广告投放(格式二),M20,20
historical_600_unknown_rule,unknown,6,ZY13,P3,亚洲,0.0,src_8723000306a0,origin data/VPD-OE_Agent_20260709/VPD-OE_Agent/data/raw/ZY/6.xls,第6年广告投放(格式二),N20,20
historical_600_unknown_rule,unknown,6,ZY14,P3,亚洲,0.0,src_8723000306a0,origin data/VPD-OE_Agent_20260709/VPD-OE_Agent/data/raw/ZY/6.xls,第6年广告投放(格式二),O20,20
historical_600_unknown_rule,unknown,6,ZY15,P3,亚洲,0.0,src_8723000306a0,origin data/VPD-OE_Agent_20260709/VPD-OE_Agent/data/raw/ZY/6.xls,第6年广告投放(格式二),P20,20
historical_600_unknown_rule,unknown,6,ZY16,P3,亚洲,0.0,src_8723000306a0,origin data/VPD-OE_Agent_20260709/VPD-OE_Agent/data/raw/ZY/6.xls,第6年广告投放(格式二),Q20,20
historical_600_unknown_rule,unknown,6,ZY17,P3,亚洲,0.0,src_8723000306a0,origin data/VPD-OE_Agent_20260709/VPD-OE_Agent/data/raw/ZY/6.xls,第6年广告投放(格式二),R20,20
historical_600_unknown_rule,unknown,6,ZY18,P3,亚洲,0.0,src_8723000306a0,origin data/VPD-OE_Agent_20260709/VPD-OE_Agent/data/raw/ZY/6.xls,第6年广告投放(格式二),S20,20
historical_600_unknown_rule,unknown,6,ZY01,P4,亚洲,0.0,src_8723000306a0,origin data/VPD-OE_Agent_20260709/VPD-OE_Agent/data/raw/ZY/6.xls,第6年广告投放(格式二),B21,21
historical_600_unknown_rule,unknown,6,ZY02,P4,亚洲,0.0,src_8723000306a0,origin data/VPD-OE_Agent_20260709/VPD-OE_Agent/data/raw/ZY/6.xls,第6年广告投放(格式二),C21,21
historical_600_unknown_rule,unknown,6,ZY03,P4,亚洲,0.0,src_8723000306a0,origin data/VPD-OE_Agent_20260709/VPD-OE_Agent/data/raw/ZY/6.xls,第6年广告投放(格式二),D21,21
historical_600_unknown_rule,unknown,6,ZY04,P4,亚洲,0.0,src_8723000306a0,origin data/VPD-OE_Agent_20260709/VPD-OE_Agent/data/raw/ZY/6.xls,第6年广告投放(格式二),E21,21
historical_600_unknown_rule,unknown,6,ZY05,P4,亚洲,0.0,src_8723000306a0,origin data/VPD-OE_Agent_20260709/VPD-OE_Agent/data/raw/ZY/6.xls,第6年广告投放(格式二),F21,21
historical_600_unknown_rule,unknown,6,ZY06,P4,亚洲,0.0,src_8723000306a0,origin data/VPD-OE_Agent_20260709/VPD-OE_Agent/data/raw/ZY/6.xls,第6年广告投放(格式二),G21,21
historical_600_unknown_rule,unknown,6,ZY07,P4,亚洲,0.0,src_8723000306a0,origin data/VPD-OE_Agent_20260709/VPD-OE_Agent/data/raw/ZY/6.xls,第6年广告投放(格式二),H21,21
historical_600_unknown_rule,unknown,6,ZY08,P4,亚洲,0.0,src_8723000306a0,origin data/VPD-OE_Agent_20260709/VPD-OE_Agent/data/raw/ZY/6.xls,第6年广告投放(格式二),I21,21
historical_600_unknown_rule,unknown,6,ZY09,P4,亚洲,0.0,src_8723000306a0,origin data/VPD-OE_Agent_20260709/VPD-OE_Agent/data/raw/ZY/6.xls,第6年广告投放(格式二),J21,21
historical_600_unknown_rule,unknown,6,ZY10,P4,亚洲,0.0,src_8723000306a0,origin data/VPD-OE_Agent_20260709/VPD-OE_Agent/data/raw/ZY/6.xls,第6年广告投放(格式二),K21,21
historical_600_unknown_rule,unknown,6,ZY11,P4,亚洲,0.0,src_8723000306a0,origin data/VPD-OE_Agent_20260709/VPD-OE_Agent/data/raw/ZY/6.xls,第6年广告投放(格式二),L21,21
historical_600_unknown_rule,unknown,6,ZY12,P4,亚洲,0.0,src_8723000306a0,origin data/VPD-OE_Agent_20260709/VPD-OE_Agent/data/raw/ZY/6.xls,第6年广告投放(格式二),M21,21
historical_600_unknown_rule,unknown,6,ZY13,P4,亚洲,0.0,src_8723000306a0,origin data/VPD-OE_Agent_20260709/VPD-OE_Agent/data/raw/ZY/6.xls,第6年广告投放(格式二),N21,21
historical_600_unknown_rule,unknown,6,ZY14,P4,亚洲,0.0,src_8723000306a0,origin data/VPD-OE_Agent_20260709/VPD-OE_Agent/data/raw/ZY/6.xls,第6年广告投放(格式二),O21,21
historical_600_unknown_rule,unknown,6,ZY15,P4,亚洲,0.0,src_8723000306a0,origin data/VPD-OE_Agent_20260709/VPD-OE_Agent/data/raw/ZY/6.xls,第6年广告投放(格式二),P21,21
historical_600_unknown_rule,unknown,6,ZY16,P4,亚洲,0.0,src_8723000306a0,origin data/VPD-OE_Agent_20260709/VPD-OE_Agent/data/raw/ZY/6.xls,第6年广告投放(格式二),Q21,21
historical_600_unknown_rule,unknown,6,ZY17,P4,亚洲,0.0,src_8723000306a0,origin data/VPD-OE_Agent_20260709/VPD-OE_Agent/data/raw/ZY/6.xls,第6年广告投放(格式二),R21,21
historical_600_unknown_rule,unknown,6,ZY18,P4,亚洲,0.0,src_8723000306a0,origin data/VPD-OE_Agent_20260709/VPD-OE_Agent/data/raw/ZY/6.xls,第6年广告投放(格式二),S21,21
historical_600_unknown_rule,unknown,6,ZY01,P1,国际,0.0,src_8723000306a0,origin data/VPD-OE_Agent_20260709/VPD-OE_Agent/data/raw/ZY/6.xls,第6年广告投放(格式二),B23,23
historical_600_unknown_rule,unknown,6,ZY02,P1,国际,0.0,src_8723000306a0,origin data/VPD-OE_Agent_20260709/VPD-OE_Agent/data/raw/ZY/6.xls,第6年广告投放(格式二),C23,23
historical_600_unknown_rule,unknown,6,ZY03,P1,国际,0.0,src_8723000306a0,origin data/VPD-OE_Agent_20260709/VPD-OE_Agent/data/raw/ZY/6.xls,第6年广告投放(格式二),D23,23
historical_600_unknown_rule,unknown,6,ZY04,P1,国际,0.0,src_8723000306a0,origin data/VPD-OE_Agent_20260709/VPD-OE_Agent/data/raw/ZY/6.xls,第6年广告投放(格式二),E23,23
historical_600_unknown_rule,unknown,6,ZY05,P1,国际,0.0,src_8723000306a0,origin data/VPD-OE_Agent_20260709/VPD-OE_Agent/data/raw/ZY/6.xls,第6年广告投放(格式二),F23,23
historical_600_unknown_rule,unknown,6,ZY06,P1,国际,0.0,src_8723000306a0,origin data/VPD-OE_Agent_20260709/VPD-OE_Agent/data/raw/ZY/6.xls,第6年广告投放(格式二),G23,23
historical_600_unknown_rule,unknown,6,ZY07,P1,国际,0.0,src_8723000306a0,origin data/VPD-OE_Agent_20260709/VPD-OE_Agent/data/raw/ZY/6.xls,第6年广告投放(格式二),H23,23
historical_600_unknown_rule,unknown,6,ZY08,P1,国际,0.0,src_8723000306a0,origin data/VPD-OE_Agent_20260709/VPD-OE_Agent/data/raw/ZY/6.xls,第6年广告投放(格式二),I23,23
historical_600_unknown_rule,unknown,6,ZY09,P1,国际,0.0,src_8723000306a0,origin data/VPD-OE_Agent_20260709/VPD-OE_Agent/data/raw/ZY/6.xls,第6年广告投放(格式二),J23,23
historical_600_unknown_rule,unknown,6,ZY10,P1,国际,0.0,src_8723000306a0,origin data/VPD-OE_Agent_20260709/VPD-OE_Agent/data/raw/ZY/6.xls,第6年广告投放(格式二),K23,23
historical_600_unknown_rule,unknown,6,ZY11,P1,国际,0.0,src_8723000306a0,origin data/VPD-OE_Agent_20260709/VPD-OE_Agent/data/raw/ZY/6.xls,第6年广告投放(格式二),L23,23
historical_600_unknown_rule,unknown,6,ZY12,P1,国际,0.0,src_8723000306a0,origin data/VPD-OE_Agent_20260709/VPD-OE_Agent/data/raw/ZY/6.xls,第6年广告投放(格式二),M23,23
historical_600_unknown_rule,unknown,6,ZY13,P1,国际,0.0,src_8723000306a0,origin data/VPD-OE_Agent_20260709/VPD-OE_Agent/data/raw/ZY/6.xls,第6年广告投放(格式二),N23,23
historical_600_unknown_rule,unknown,6,ZY14,P1,国际,0.0,src_8723000306a0,origin data/VPD-OE_Agent_20260709/VPD-OE_Agent/data/raw/ZY/6.xls,第6年广告投放(格式二),O23,23
historical_600_unknown_rule,unknown,6,ZY15,P1,国际,0.0,src_8723000306a0,origin data/VPD-OE_Agent_20260709/VPD-OE_Agent/data/raw/ZY/6.xls,第6年广告投放(格式二),P23,23
historical_600_unknown_rule,unknown,6,ZY16,P1,国际,0.0,src_8723000306a0,origin data/VPD-OE_Agent_20260709/VPD-OE_Agent/data/raw/ZY/6.xls,第6年广告投放(格式二),Q23,23
historical_600_unknown_rule,unknown,6,ZY17,P1,国际,0.0,src_8723000306a0,origin data/VPD-OE_Agent_20260709/VPD-OE_Agent/data/raw/ZY/6.xls,第6年广告投放(格式二),R23,23
historical_600_unknown_rule,unknown,6,ZY18,P1,国际,0.0,src_8723000306a0,origin data/VPD-OE_Agent_20260709/VPD-OE_Agent/data/raw/ZY/6.xls,第6年广告投放(格式二),S23,23
historical_600_unknown_rule,unknown,6,ZY01,P2,国际,0.0,src_8723000306a0,origin data/VPD-OE_Agent_20260709/VPD-OE_Agent/data/raw/ZY/6.xls,第6年广告投放(格式二),B24,24
historical_600_unknown_rule,unknown,6,ZY02,P2,国际,0.0,src_8723000306a0,origin data/VPD-OE_Agent_20260709/VPD-OE_Agent/data/raw/ZY/6.xls,第6年广告投放(格式二),C24,24
historical_600_unknown_rule,unknown,6,ZY03,P2,国际,0.0,src_8723000306a0,origin data/VPD-OE_Agent_20260709/VPD-OE_Agent/data/raw/ZY/6.xls,第6年广告投放(格式二),D24,24
historical_600_unknown_rule,unknown,6,ZY04,P2,国际,0.0,src_8723000306a0,origin data/VPD-OE_Agent_20260709/VPD-OE_Agent/data/raw/ZY/6.xls,第6年广告投放(格式二),E24,24
historical_600_unknown_rule,unknown,6,ZY05,P2,国际,0.0,src_8723000306a0,origin data/VPD-OE_Agent_20260709/VPD-OE_Agent/data/raw/ZY/6.xls,第6年广告投放(格式二),F24,24
historical_600_unknown_rule,unknown,6,ZY06,P2,国际,0.0,src_8723000306a0,origin data/VPD-OE_Agent_20260709/VPD-OE_Agent/data/raw/ZY/6.xls,第6年广告投放(格式二),G24,24
historical_600_unknown_rule,unknown,6,ZY07,P2,国际,0.0,src_8723000306a0,origin data/VPD-OE_Agent_20260709/VPD-OE_Agent/data/raw/ZY/6.xls,第6年广告投放(格式二),H24,24
historical_600_unknown_rule,unknown,6,ZY08,P2,国际,0.0,src_8723000306a0,origin data/VPD-OE_Agent_20260709/VPD-OE_Agent/data/raw/ZY/6.xls,第6年广告投放(格式二),I24,24
historical_600_unknown_rule,unknown,6,ZY09,P2,国际,0.0,src_8723000306a0,origin data/VPD-OE_Agent_20260709/VPD-OE_Agent/data/raw/ZY/6.xls,第6年广告投放(格式二),J24,24
historical_600_unknown_rule,unknown,6,ZY10,P2,国际,0.0,src_8723000306a0,origin data/VPD-OE_Agent_20260709/VPD-OE_Agent/data/raw/ZY/6.xls,第6年广告投放(格式二),K24,24
historical_600_unknown_rule,unknown,6,ZY11,P2,国际,0.0,src_8723000306a0,origin data/VPD-OE_Agent_20260709/VPD-OE_Agent/data/raw/ZY/6.xls,第6年广告投放(格式二),L24,24
historical_600_unknown_rule,unknown,6,ZY12,P2,国际,0.0,src_8723000306a0,origin data/VPD-OE_Agent_20260709/VPD-OE_Agent/data/raw/ZY/6.xls,第6年广告投放(格式二),M24,24
historical_600_unknown_rule,unknown,6,ZY13,P2,国际,0.0,src_8723000306a0,origin data/VPD-OE_Agent_20260709/VPD-OE_Agent/data/raw/ZY/6.xls,第6年广告投放(格式二),N24,24
historical_600_unknown_rule,unknown,6,ZY14,P2,国际,0.0,src_8723000306a0,origin data/VPD-OE_Agent_20260709/VPD-OE_Agent/data/raw/ZY/6.xls,第6年广告投放(格式二),O24,24
historical_600_unknown_rule,unknown,6,ZY15,P2,国际,0.0,src_8723000306a0,origin data/VPD-OE_Agent_20260709/VPD-OE_Agent/data/raw/ZY/6.xls,第6年广告投放(格式二),P24,24
historical_600_unknown_rule,unknown,6,ZY16,P2,国际,0.0,src_8723000306a0,origin data/VPD-OE_Agent_20260709/VPD-OE_Agent/data/raw/ZY/6.xls,第6年广告投放(格式二),Q24,24
historical_600_unknown_rule,unknown,6,ZY17,P2,国际,0.0,src_8723000306a0,origin data/VPD-OE_Agent_20260709/VPD-OE_Agent/data/raw/ZY/6.xls,第6年广告投放(格式二),R24,24
historical_600_unknown_rule,unknown,6,ZY18,P2,国际,0.0,src_8723000306a0,origin data/VPD-OE_Agent_20260709/VPD-OE_Agent/data/raw/ZY/6.xls,第6年广告投放(格式二),S24,24
historical_600_unknown_rule,unknown,6,ZY01,P3,国际,0.0,src_8723000306a0,origin data/VPD-OE_Agent_20260709/VPD-OE_Agent/data/raw/ZY/6.xls,第6年广告投放(格式二),B25,25
historical_600_unknown_rule,unknown,6,ZY02,P3,国际,0.0,src_8723000306a0,origin data/VPD-OE_Agent_20260709/VPD-OE_Agent/data/raw/ZY/6.xls,第6年广告投放(格式二),C25,25
historical_600_unknown_rule,unknown,6,ZY03,P3,国际,0.0,src_8723000306a0,origin data/VPD-OE_Agent_20260709/VPD-OE_Agent/data/raw/ZY/6.xls,第6年广告投放(格式二),D25,25
historical_600_unknown_rule,unknown,6,ZY04,P3,国际,0.0,src_8723000306a0,origin data/VPD-OE_Agent_20260709/VPD-OE_Agent/data/raw/ZY/6.xls,第6年广告投放(格式二),E25,25
historical_600_unknown_rule,unknown,6,ZY05,P3,国际,0.0,src_8723000306a0,origin data/VPD-OE_Agent_20260709/VPD-OE_Agent/data/raw/ZY/6.xls,第6年广告投放(格式二),F25,25
historical_600_unknown_rule,unknown,6,ZY06,P3,国际,0.0,src_8723000306a0,origin data/VPD-OE_Agent_20260709/VPD-OE_Agent/data/raw/ZY/6.xls,第6年广告投放(格式二),G25,25
historical_600_unknown_rule,unknown,6,ZY07,P3,国际,0.0,src_8723000306a0,origin data/VPD-OE_Agent_20260709/VPD-OE_Agent/data/raw/ZY/6.xls,第6年广告投放(格式二),H25,25
historical_600_unknown_rule,unknown,6,ZY08,P3,国际,0.0,src_8723000306a0,origin data/VPD-OE_Agent_20260709/VPD-OE_Agent/data/raw/ZY/6.xls,第6年广告投放(格式二),I25,25
historical_600_unknown_rule,unknown,6,ZY09,P3,国际,0.0,src_8723000306a0,origin data/VPD-OE_Agent_20260709/VPD-OE_Agent/data/raw/ZY/6.xls,第6年广告投放(格式二),J25,25
historical_600_unknown_rule,unknown,6,ZY10,P3,国际,0.0,src_8723000306a0,origin data/VPD-OE_Agent_20260709/VPD-OE_Agent/data/raw/ZY/6.xls,第6年广告投放(格式二),K25,25
historical_600_unknown_rule,unknown,6,ZY11,P3,国际,0.0,src_8723000306a0,origin data/VPD-OE_Agent_20260709/VPD-OE_Agent/data/raw/ZY/6.xls,第6年广告投放(格式二),L25,25
historical_600_unknown_rule,unknown,6,ZY12,P3,国际,0.0,src_8723000306a0,origin data/VPD-OE_Agent_20260709/VPD-OE_Agent/data/raw/ZY/6.xls,第6年广告投放(格式二),M25,25
historical_600_unknown_rule,unknown,6,ZY13,P3,国际,0.0,src_8723000306a0,origin data/VPD-OE_Agent_20260709/VPD-OE_Agent/data/raw/ZY/6.xls,第6年广告投放(格式二),N25,25
historical_600_unknown_rule,unknown,6,ZY14,P3,国际,0.0,src_8723000306a0,origin data/VPD-OE_Agent_20260709/VPD-OE_Agent/data/raw/ZY/6.xls,第6年广告投放(格式二),O25,25
historical_600_unknown_rule,unknown,6,ZY15,P3,国际,0.0,src_8723000306a0,origin data/VPD-OE_Agent_20260709/VPD-OE_Agent/data/raw/ZY/6.xls,第6年广告投放(格式二),P25,25
historical_600_unknown_rule,unknown,6,ZY16,P3,国际,0.0,src_8723000306a0,origin data/VPD-OE_Agent_20260709/VPD-OE_Agent/data/raw/ZY/6.xls,第6年广告投放(格式二),Q25,25
historical_600_unknown_rule,unknown,6,ZY17,P3,国际,0.0,src_8723000306a0,origin data/VPD-OE_Agent_20260709/VPD-OE_Agent/data/raw/ZY/6.xls,第6年广告投放(格式二),R25,25
historical_600_unknown_rule,unknown,6,ZY18,P3,国际,0.0,src_8723000306a0,origin data/VPD-OE_Agent_20260709/VPD-OE_Agent/data/raw/ZY/6.xls,第6年广告投放(格式二),S25,25
historical_600_unknown_rule,unknown,6,ZY01,P4,国际,0.0,src_8723000306a0,origin data/VPD-OE_Agent_20260709/VPD-OE_Agent/data/raw/ZY/6.xls,第6年广告投放(格式二),B26,26
historical_600_unknown_rule,unknown,6,ZY02,P4,国际,0.0,src_8723000306a0,origin data/VPD-OE_Agent_20260709/VPD-OE_Agent/data/raw/ZY/6.xls,第6年广告投放(格式二),C26,26
historical_600_unknown_rule,unknown,6,ZY03,P4,国际,0.0,src_8723000306a0,origin data/VPD-OE_Agent_20260709/VPD-OE_Agent/data/raw/ZY/6.xls,第6年广告投放(格式二),D26,26
historical_600_unknown_rule,unknown,6,ZY04,P4,国际,0.0,src_8723000306a0,origin data/VPD-OE_Agent_20260709/VPD-OE_Agent/data/raw/ZY/6.xls,第6年广告投放(格式二),E26,26
historical_600_unknown_rule,unknown,6,ZY05,P4,国际,0.0,src_8723000306a0,origin data/VPD-OE_Agent_20260709/VPD-OE_Agent/data/raw/ZY/6.xls,第6年广告投放(格式二),F26,26
historical_600_unknown_rule,unknown,6,ZY06,P4,国际,0.0,src_8723000306a0,origin data/VPD-OE_Agent_20260709/VPD-OE_Agent/data/raw/ZY/6.xls,第6年广告投放(格式二),G26,26
historical_600_unknown_rule,unknown,6,ZY07,P4,国际,0.0,src_8723000306a0,origin data/VPD-OE_Agent_20260709/VPD-OE_Agent/data/raw/ZY/6.xls,第6年广告投放(格式二),H26,26
historical_600_unknown_rule,unknown,6,ZY08,P4,国际,0.0,src_8723000306a0,origin data/VPD-OE_Agent_20260709/VPD-OE_Agent/data/raw/ZY/6.xls,第6年广告投放(格式二),I26,26
historical_600_unknown_rule,unknown,6,ZY09,P4,国际,0.0,src_8723000306a0,origin data/VPD-OE_Agent_20260709/VPD-OE_Agent/data/raw/ZY/6.xls,第6年广告投放(格式二),J26,26
historical_600_unknown_rule,unknown,6,ZY10,P4,国际,0.0,src_8723000306a0,origin data/VPD-OE_Agent_20260709/VPD-OE_Agent/data/raw/ZY/6.xls,第6年广告投放(格式二),K26,26
historical_600_unknown_rule,unknown,6,ZY11,P4,国际,0.0,src_8723000306a0,origin data/VPD-OE_Agent_20260709/VPD-OE_Agent/data/raw/ZY/6.xls,第6年广告投放(格式二),L26,26
historical_600_unknown_rule,unknown,6,ZY12,P4,国际,0.0,src_8723000306a0,origin data/VPD-OE_Agent_20260709/VPD-OE_Agent/data/raw/ZY/6.xls,第6年广告投放(格式二),M26,26
historical_600_unknown_rule,unknown,6,ZY13,P4,国际,0.0,src_8723000306a0,origin data/VPD-OE_Agent_20260709/VPD-OE_Agent/data/raw/ZY/6.xls,第6年广告投放(格式二),N26,26
historical_600_unknown_rule,unknown,6,ZY14,P4,国际,0.0,src_8723000306a0,origin data/VPD-OE_Agent_20260709/VPD-OE_Agent/data/raw/ZY/6.xls,第6年广告投放(格式二),O26,26
historical_600_unknown_rule,unknown,6,ZY15,P4,国际,0.0,src_8723000306a0,origin data/VPD-OE_Agent_20260709/VPD-OE_Agent/data/raw/ZY/6.xls,第6年广告投放(格式二),P26,26
historical_600_unknown_rule,unknown,6,ZY16,P4,国际,0.0,src_8723000306a0,origin data/VPD-OE_Agent_20260709/VPD-OE_Agent/data/raw/ZY/6.xls,第6年广告投放(格式二),Q26,26
historical_600_unknown_rule,unknown,6,ZY17,P4,国际,0.0,src_8723000306a0,origin data/VPD-OE_Agent_20260709/VPD-OE_Agent/data/raw/ZY/6.xls,第6年广告投放(格式二),R26,26
historical_600_unknown_rule,unknown,6,ZY18,P4,国际,0.0,src_8723000306a0,origin data/VPD-OE_Agent_20260709/VPD-OE_Agent/data/raw/ZY/6.xls,第6年广告投放(格式二),S26,26
