competition_id,team_id,year,period_label,statement,metric_name,amount_wan,source_id,source_path,source_sheet,source_cell,source_row
historical_600_unknown_rule,ZY02,0,初始元年,comprehensive_expense,管理费,0.0,src_bef4b86b4c71,origin data/VPD-OE_Agent_20260709/VPD-OE_Agent/data/raw/ZY/ZY02.xls,三张报表,C3,3
historical_600_unknown_rule,ZY02,1,第1年,comprehensive_expense,管理费,40.0,src_bef4b86b4c71,origin data/VPD-OE_Agent_20260709/VPD-OE_Agent/data/raw/ZY/ZY02.xls,三张报表,D3,3
historical_600_unknown_rule,ZY02,2,第2年,comprehensive_expense,管理费,40.0,src_bef4b86b4c71,origin data/VPD-OE_Agent_20260709/VPD-OE_Agent/data/raw/ZY/ZY02.xls,三张报表,E3,3
historical_600_unknown_rule,ZY02,3,第3年,comprehensive_expense,管理费,40.0,src_bef4b86b4c71,origin data/VPD-OE_Agent_20260709/VPD-OE_Agent/data/raw/ZY/ZY02.xls,三张报表,F3,3
historical_600_unknown_rule,ZY02,4,第4年,comprehensive_expense,管理费,40.0,src_bef4b86b4c71,origin data/VPD-OE_Agent_20260709/VPD-OE_Agent/data/raw/ZY/ZY02.xls,三张报表,G3,3
historical_600_unknown_rule,ZY02,5,第5年,comprehensive_expense,管理费,40.0,src_bef4b86b4c71,origin data/VPD-OE_Agent_20260709/VPD-OE_Agent/data/raw/ZY/ZY02.xls,三张报表,H3,3
historical_600_unknown_rule,ZY02,0,初始元年,comprehensive_expense,广告费,0.0,src_bef4b86b4c71,origin data/VPD-OE_Agent_20260709/VPD-OE_Agent/data/raw/ZY/ZY02.xls,三张报表,C4,4
historical_600_unknown_rule,ZY02,1,第1年,comprehensive_expense,广告费,0.0,src_bef4b86b4c71,origin data/VPD-OE_Agent_20260709/VPD-OE_Agent/data/raw/ZY/ZY02.xls,三张报表,D4,4
historical_600_unknown_rule,ZY02,2,第2年,comprehensive_expense,广告费,32.0,src_bef4b86b4c71,origin data/VPD-OE_Agent_20260709/VPD-OE_Agent/data/raw/ZY/ZY02.xls,三张报表,E4,4
historical_600_unknown_rule,ZY02,3,第3年,comprehensive_expense,广告费,76.0,src_bef4b86b4c71,origin data/VPD-OE_Agent_20260709/VPD-OE_Agent/data/raw/ZY/ZY02.xls,三张报表,F4,4
historical_600_unknown_rule,ZY02,4,第4年,comprehensive_expense,广告费,38.0,src_bef4b86b4c71,origin data/VPD-OE_Agent_20260709/VPD-OE_Agent/data/raw/ZY/ZY02.xls,三张报表,G4,4
historical_600_unknown_rule,ZY02,5,第5年,comprehensive_expense,广告费,68.0,src_bef4b86b4c71,origin data/VPD-OE_Agent_20260709/VPD-OE_Agent/data/raw/ZY/ZY02.xls,三张报表,H4,4
historical_600_unknown_rule,ZY02,0,初始元年,comprehensive_expense,维护费,0.0,src_bef4b86b4c71,origin data/VPD-OE_Agent_20260709/VPD-OE_Agent/data/raw/ZY/ZY02.xls,三张报表,C5,5
historical_600_unknown_rule,ZY02,1,第1年,comprehensive_expense,维护费,20.0,src_bef4b86b4c71,origin data/VPD-OE_Agent_20260709/VPD-OE_Agent/data/raw/ZY/ZY02.xls,三张报表,D5,5
historical_600_unknown_rule,ZY02,2,第2年,comprehensive_expense,维护费,30.0,src_bef4b86b4c71,origin data/VPD-OE_Agent_20260709/VPD-OE_Agent/data/raw/ZY/ZY02.xls,三张报表,E5,5
historical_600_unknown_rule,ZY02,3,第3年,comprehensive_expense,维护费,30.0,src_bef4b86b4c71,origin data/VPD-OE_Agent_20260709/VPD-OE_Agent/data/raw/ZY/ZY02.xls,三张报表,F5,5
historical_600_unknown_rule,ZY02,4,第4年,comprehensive_expense,维护费,30.0,src_bef4b86b4c71,origin data/VPD-OE_Agent_20260709/VPD-OE_Agent/data/raw/ZY/ZY02.xls,三张报表,G5,5
historical_600_unknown_rule,ZY02,5,第5年,comprehensive_expense,维护费,30.0,src_bef4b86b4c71,origin data/VPD-OE_Agent_20260709/VPD-OE_Agent/data/raw/ZY/ZY02.xls,三张报表,H5,5
historical_600_unknown_rule,ZY02,0,初始元年,comprehensive_expense,损失,0.0,src_bef4b86b4c71,origin data/VPD-OE_Agent_20260709/VPD-OE_Agent/data/raw/ZY/ZY02.xls,三张报表,C6,6
historical_600_unknown_rule,ZY02,1,第1年,comprehensive_expense,损失,0.0,src_bef4b86b4c71,origin data/VPD-OE_Agent_20260709/VPD-OE_Agent/data/raw/ZY/ZY02.xls,三张报表,D6,6
historical_600_unknown_rule,ZY02,2,第2年,comprehensive_expense,损失,70.0,src_bef4b86b4c71,origin data/VPD-OE_Agent_20260709/VPD-OE_Agent/data/raw/ZY/ZY02.xls,三张报表,E6,6
historical_600_unknown_rule,ZY02,3,第3年,comprehensive_expense,损失,30.0,src_bef4b86b4c71,origin data/VPD-OE_Agent_20260709/VPD-OE_Agent/data/raw/ZY/ZY02.xls,三张报表,F6,6
historical_600_unknown_rule,ZY02,4,第4年,comprehensive_expense,损失,0.0,src_bef4b86b4c71,origin data/VPD-OE_Agent_20260709/VPD-OE_Agent/data/raw/ZY/ZY02.xls,三张报表,G6,6
historical_600_unknown_rule,ZY02,5,第5年,comprehensive_expense,损失,0.0,src_bef4b86b4c71,origin data/VPD-OE_Agent_20260709/VPD-OE_Agent/data/raw/ZY/ZY02.xls,三张报表,H6,6
historical_600_unknown_rule,ZY02,0,初始元年,comprehensive_expense,转产费,0.0,src_bef4b86b4c71,origin data/VPD-OE_Agent_20260709/VPD-OE_Agent/data/raw/ZY/ZY02.xls,三张报表,C7,7
historical_600_unknown_rule,ZY02,1,第1年,comprehensive_expense,转产费,0.0,src_bef4b86b4c71,origin data/VPD-OE_Agent_20260709/VPD-OE_Agent/data/raw/ZY/ZY02.xls,三张报表,D7,7
historical_600_unknown_rule,ZY02,2,第2年,comprehensive_expense,转产费,0.0,src_bef4b86b4c71,origin data/VPD-OE_Agent_20260709/VPD-OE_Agent/data/raw/ZY/ZY02.xls,三张报表,E7,7
historical_600_unknown_rule,ZY02,3,第3年,comprehensive_expense,转产费,0.0,src_bef4b86b4c71,origin data/VPD-OE_Agent_20260709/VPD-OE_Agent/data/raw/ZY/ZY02.xls,三张报表,F7,7
historical_600_unknown_rule,ZY02,4,第4年,comprehensive_expense,转产费,0.0,src_bef4b86b4c71,origin data/VPD-OE_Agent_20260709/VPD-OE_Agent/data/raw/ZY/ZY02.xls,三张报表,G7,7
historical_600_unknown_rule,ZY02,5,第5年,comprehensive_expense,转产费,0.0,src_bef4b86b4c71,origin data/VPD-OE_Agent_20260709/VPD-OE_Agent/data/raw/ZY/ZY02.xls,三张报表,H7,7
historical_600_unknown_rule,ZY02,0,初始元年,comprehensive_expense,租金,0.0,src_bef4b86b4c71,origin data/VPD-OE_Agent_20260709/VPD-OE_Agent/data/raw/ZY/ZY02.xls,三张报表,C8,8
historical_600_unknown_rule,ZY02,1,第1年,comprehensive_expense,租金,40.0,src_bef4b86b4c71,origin data/VPD-OE_Agent_20260709/VPD-OE_Agent/data/raw/ZY/ZY02.xls,三张报表,D8,8
historical_600_unknown_rule,ZY02,2,第2年,comprehensive_expense,租金,40.0,src_bef4b86b4c71,origin data/VPD-OE_Agent_20260709/VPD-OE_Agent/data/raw/ZY/ZY02.xls,三张报表,E8,8
historical_600_unknown_rule,ZY02,3,第3年,comprehensive_expense,租金,40.0,src_bef4b86b4c71,origin data/VPD-OE_Agent_20260709/VPD-OE_Agent/data/raw/ZY/ZY02.xls,三张报表,F8,8
historical_600_unknown_rule,ZY02,4,第4年,comprehensive_expense,租金,40.0,src_bef4b86b4c71,origin data/VPD-OE_Agent_20260709/VPD-OE_Agent/data/raw/ZY/ZY02.xls,三张报表,G8,8
historical_600_unknown_rule,ZY02,5,第5年,comprehensive_expense,租金,40.0,src_bef4b86b4c71,origin data/VPD-OE_Agent_20260709/VPD-OE_Agent/data/raw/ZY/ZY02.xls,三张报表,H8,8
historical_600_unknown_rule,ZY02,0,初始元年,comprehensive_expense,市场开拓费,0.0,src_bef4b86b4c71,origin data/VPD-OE_Agent_20260709/VPD-OE_Agent/data/raw/ZY/ZY02.xls,三张报表,C9,9
historical_600_unknown_rule,ZY02,1,第1年,comprehensive_expense,市场开拓费,30.0,src_bef4b86b4c71,origin data/VPD-OE_Agent_20260709/VPD-OE_Agent/data/raw/ZY/ZY02.xls,三张报表,D9,9
historical_600_unknown_rule,ZY02,2,第2年,comprehensive_expense,市场开拓费,10.0,src_bef4b86b4c71,origin data/VPD-OE_Agent_20260709/VPD-OE_Agent/data/raw/ZY/ZY02.xls,三张报表,E9,9
historical_600_unknown_rule,ZY02,3,第3年,comprehensive_expense,市场开拓费,0.0,src_bef4b86b4c71,origin data/VPD-OE_Agent_20260709/VPD-OE_Agent/data/raw/ZY/ZY02.xls,三张报表,F9,9
historical_600_unknown_rule,ZY02,4,第4年,comprehensive_expense,市场开拓费,0.0,src_bef4b86b4c71,origin data/VPD-OE_Agent_20260709/VPD-OE_Agent/data/raw/ZY/ZY02.xls,三张报表,G9,9
historical_600_unknown_rule,ZY02,5,第5年,comprehensive_expense,市场开拓费,0.0,src_bef4b86b4c71,origin data/VPD-OE_Agent_20260709/VPD-OE_Agent/data/raw/ZY/ZY02.xls,三张报表,H9,9
historical_600_unknown_rule,ZY02,0,初始元年,comprehensive_expense,产品研发费,0.0,src_bef4b86b4c71,origin data/VPD-OE_Agent_20260709/VPD-OE_Agent/data/raw/ZY/ZY02.xls,三张报表,C10,10
historical_600_unknown_rule,ZY02,1,第1年,comprehensive_expense,产品研发费,70.0,src_bef4b86b4c71,origin data/VPD-OE_Agent_20260709/VPD-OE_Agent/data/raw/ZY/ZY02.xls,三张报表,D10,10
historical_600_unknown_rule,ZY02,2,第2年,comprehensive_expense,产品研发费,0.0,src_bef4b86b4c71,origin data/VPD-OE_Agent_20260709/VPD-OE_Agent/data/raw/ZY/ZY02.xls,三张报表,E10,10
historical_600_unknown_rule,ZY02,3,第3年,comprehensive_expense,产品研发费,0.0,src_bef4b86b4c71,origin data/VPD-OE_Agent_20260709/VPD-OE_Agent/data/raw/ZY/ZY02.xls,三张报表,F10,10
historical_600_unknown_rule,ZY02,4,第4年,comprehensive_expense,产品研发费,0.0,src_bef4b86b4c71,origin data/VPD-OE_Agent_20260709/VPD-OE_Agent/data/raw/ZY/ZY02.xls,三张报表,G10,10
historical_600_unknown_rule,ZY02,5,第5年,comprehensive_expense,产品研发费,0.0,src_bef4b86b4c71,origin data/VPD-OE_Agent_20260709/VPD-OE_Agent/data/raw/ZY/ZY02.xls,三张报表,H10,10
historical_600_unknown_rule,ZY02,0,初始元年,comprehensive_expense,ISO认证费,0.0,src_bef4b86b4c71,origin data/VPD-OE_Agent_20260709/VPD-OE_Agent/data/raw/ZY/ZY02.xls,三张报表,C11,11
historical_600_unknown_rule,ZY02,1,第1年,comprehensive_expense,ISO认证费,10.0,src_bef4b86b4c71,origin data/VPD-OE_Agent_20260709/VPD-OE_Agent/data/raw/ZY/ZY02.xls,三张报表,D11,11
historical_600_unknown_rule,ZY02,2,第2年,comprehensive_expense,ISO认证费,10.0,src_bef4b86b4c71,origin data/VPD-OE_Agent_20260709/VPD-OE_Agent/data/raw/ZY/ZY02.xls,三张报表,E11,11
historical_600_unknown_rule,ZY02,3,第3年,comprehensive_expense,ISO认证费,0.0,src_bef4b86b4c71,origin data/VPD-OE_Agent_20260709/VPD-OE_Agent/data/raw/ZY/ZY02.xls,三张报表,F11,11
historical_600_unknown_rule,ZY02,4,第4年,comprehensive_expense,ISO认证费,0.0,src_bef4b86b4c71,origin data/VPD-OE_Agent_20260709/VPD-OE_Agent/data/raw/ZY/ZY02.xls,三张报表,G11,11
historical_600_unknown_rule,ZY02,5,第5年,comprehensive_expense,ISO认证费,0.0,src_bef4b86b4c71,origin data/VPD-OE_Agent_20260709/VPD-OE_Agent/data/raw/ZY/ZY02.xls,三张报表,H11,11
historical_600_unknown_rule,ZY02,0,初始元年,comprehensive_expense,信息费,0.0,src_bef4b86b4c71,origin data/VPD-OE_Agent_20260709/VPD-OE_Agent/data/raw/ZY/ZY02.xls,三张报表,C12,12
historical_600_unknown_rule,ZY02,1,第1年,comprehensive_expense,信息费,0.0,src_bef4b86b4c71,origin data/VPD-OE_Agent_20260709/VPD-OE_Agent/data/raw/ZY/ZY02.xls,三张报表,D12,12
historical_600_unknown_rule,ZY02,2,第2年,comprehensive_expense,信息费,0.0,src_bef4b86b4c71,origin data/VPD-OE_Agent_20260709/VPD-OE_Agent/data/raw/ZY/ZY02.xls,三张报表,E12,12
historical_600_unknown_rule,ZY02,3,第3年,comprehensive_expense,信息费,0.0,src_bef4b86b4c71,origin data/VPD-OE_Agent_20260709/VPD-OE_Agent/data/raw/ZY/ZY02.xls,三张报表,F12,12
historical_600_unknown_rule,ZY02,4,第4年,comprehensive_expense,信息费,0.0,src_bef4b86b4c71,origin data/VPD-OE_Agent_20260709/VPD-OE_Agent/data/raw/ZY/ZY02.xls,三张报表,G12,12
historical_600_unknown_rule,ZY02,5,第5年,comprehensive_expense,信息费,0.0,src_bef4b86b4c71,origin data/VPD-OE_Agent_20260709/VPD-OE_Agent/data/raw/ZY/ZY02.xls,三张报表,H12,12
historical_600_unknown_rule,ZY02,0,初始元年,comprehensive_expense,合计,0.0,src_bef4b86b4c71,origin data/VPD-OE_Agent_20260709/VPD-OE_Agent/data/raw/ZY/ZY02.xls,三张报表,C13,13
historical_600_unknown_rule,ZY02,1,第1年,comprehensive_expense,合计,210.0,src_bef4b86b4c71,origin data/VPD-OE_Agent_20260709/VPD-OE_Agent/data/raw/ZY/ZY02.xls,三张报表,D13,13
historical_600_unknown_rule,ZY02,2,第2年,comprehensive_expense,合计,232.0,src_bef4b86b4c71,origin data/VPD-OE_Agent_20260709/VPD-OE_Agent/data/raw/ZY/ZY02.xls,三张报表,E13,13
historical_600_unknown_rule,ZY02,3,第3年,comprehensive_expense,合计,216.0,src_bef4b86b4c71,origin data/VPD-OE_Agent_20260709/VPD-OE_Agent/data/raw/ZY/ZY02.xls,三张报表,F13,13
historical_600_unknown_rule,ZY02,4,第4年,comprehensive_expense,合计,148.0,src_bef4b86b4c71,origin data/VPD-OE_Agent_20260709/VPD-OE_Agent/data/raw/ZY/ZY02.xls,三张报表,G13,13
historical_600_unknown_rule,ZY02,5,第5年,comprehensive_expense,合计,178.0,src_bef4b86b4c71,origin data/VPD-OE_Agent_20260709/VPD-OE_Agent/data/raw/ZY/ZY02.xls,三张报表,H13,13
historical_600_unknown_rule,ZY02,0,初始元年,income_statement,销售收入,0.0,src_bef4b86b4c71,origin data/VPD-OE_Agent_20260709/VPD-OE_Agent/data/raw/ZY/ZY02.xls,三张报表,C16,16
historical_600_unknown_rule,ZY02,1,第1年,income_statement,销售收入,0.0,src_bef4b86b4c71,origin data/VPD-OE_Agent_20260709/VPD-OE_Agent/data/raw/ZY/ZY02.xls,三张报表,D16,16
historical_600_unknown_rule,ZY02,2,第2年,income_statement,销售收入,404.0,src_bef4b86b4c71,origin data/VPD-OE_Agent_20260709/VPD-OE_Agent/data/raw/ZY/ZY02.xls,三张报表,E16,16
historical_600_unknown_rule,ZY02,3,第3年,income_statement,销售收入,935.0,src_bef4b86b4c71,origin data/VPD-OE_Agent_20260709/VPD-OE_Agent/data/raw/ZY/ZY02.xls,三张报表,F16,16
historical_600_unknown_rule,ZY02,4,第4年,income_statement,销售收入,502.0,src_bef4b86b4c71,origin data/VPD-OE_Agent_20260709/VPD-OE_Agent/data/raw/ZY/ZY02.xls,三张报表,G16,16
historical_600_unknown_rule,ZY02,5,第5年,income_statement,销售收入,754.0,src_bef4b86b4c71,origin data/VPD-OE_Agent_20260709/VPD-OE_Agent/data/raw/ZY/ZY02.xls,三张报表,H16,16
historical_600_unknown_rule,ZY02,0,初始元年,income_statement,直接成本,0.0,src_bef4b86b4c71,origin data/VPD-OE_Agent_20260709/VPD-OE_Agent/data/raw/ZY/ZY02.xls,三张报表,C17,17
historical_600_unknown_rule,ZY02,1,第1年,income_statement,直接成本,0.0,src_bef4b86b4c71,origin data/VPD-OE_Agent_20260709/VPD-OE_Agent/data/raw/ZY/ZY02.xls,三张报表,D17,17
historical_600_unknown_rule,ZY02,2,第2年,income_statement,直接成本,190.0,src_bef4b86b4c71,origin data/VPD-OE_Agent_20260709/VPD-OE_Agent/data/raw/ZY/ZY02.xls,三张报表,E17,17
historical_600_unknown_rule,ZY02,3,第3年,income_statement,直接成本,450.0,src_bef4b86b4c71,origin data/VPD-OE_Agent_20260709/VPD-OE_Agent/data/raw/ZY/ZY02.xls,三张报表,F17,17
historical_600_unknown_rule,ZY02,4,第4年,income_statement,直接成本,240.0,src_bef4b86b4c71,origin data/VPD-OE_Agent_20260709/VPD-OE_Agent/data/raw/ZY/ZY02.xls,三张报表,G17,17
historical_600_unknown_rule,ZY02,5,第5年,income_statement,直接成本,370.0,src_bef4b86b4c71,origin data/VPD-OE_Agent_20260709/VPD-OE_Agent/data/raw/ZY/ZY02.xls,三张报表,H17,17
historical_600_unknown_rule,ZY02,0,初始元年,income_statement,毛利,0.0,src_bef4b86b4c71,origin data/VPD-OE_Agent_20260709/VPD-OE_Agent/data/raw/ZY/ZY02.xls,三张报表,C18,18
historical_600_unknown_rule,ZY02,1,第1年,income_statement,毛利,0.0,src_bef4b86b4c71,origin data/VPD-OE_Agent_20260709/VPD-OE_Agent/data/raw/ZY/ZY02.xls,三张报表,D18,18
historical_600_unknown_rule,ZY02,2,第2年,income_statement,毛利,214.0,src_bef4b86b4c71,origin data/VPD-OE_Agent_20260709/VPD-OE_Agent/data/raw/ZY/ZY02.xls,三张报表,E18,18
historical_600_unknown_rule,ZY02,3,第3年,income_statement,毛利,485.0,src_bef4b86b4c71,origin data/VPD-OE_Agent_20260709/VPD-OE_Agent/data/raw/ZY/ZY02.xls,三张报表,F18,18
historical_600_unknown_rule,ZY02,4,第4年,income_statement,毛利,262.0,src_bef4b86b4c71,origin data/VPD-OE_Agent_20260709/VPD-OE_Agent/data/raw/ZY/ZY02.xls,三张报表,G18,18
historical_600_unknown_rule,ZY02,5,第5年,income_statement,毛利,384.0,src_bef4b86b4c71,origin data/VPD-OE_Agent_20260709/VPD-OE_Agent/data/raw/ZY/ZY02.xls,三张报表,H18,18
historical_600_unknown_rule,ZY02,0,初始元年,income_statement,综合费用,0.0,src_bef4b86b4c71,origin data/VPD-OE_Agent_20260709/VPD-OE_Agent/data/raw/ZY/ZY02.xls,三张报表,C19,19
historical_600_unknown_rule,ZY02,1,第1年,income_statement,综合费用,210.0,src_bef4b86b4c71,origin data/VPD-OE_Agent_20260709/VPD-OE_Agent/data/raw/ZY/ZY02.xls,三张报表,D19,19
historical_600_unknown_rule,ZY02,2,第2年,income_statement,综合费用,232.0,src_bef4b86b4c71,origin data/VPD-OE_Agent_20260709/VPD-OE_Agent/data/raw/ZY/ZY02.xls,三张报表,E19,19
historical_600_unknown_rule,ZY02,3,第3年,income_statement,综合费用,216.0,src_bef4b86b4c71,origin data/VPD-OE_Agent_20260709/VPD-OE_Agent/data/raw/ZY/ZY02.xls,三张报表,F19,19
historical_600_unknown_rule,ZY02,4,第4年,income_statement,综合费用,148.0,src_bef4b86b4c71,origin data/VPD-OE_Agent_20260709/VPD-OE_Agent/data/raw/ZY/ZY02.xls,三张报表,G19,19
historical_600_unknown_rule,ZY02,5,第5年,income_statement,综合费用,178.0,src_bef4b86b4c71,origin data/VPD-OE_Agent_20260709/VPD-OE_Agent/data/raw/ZY/ZY02.xls,三张报表,H19,19
historical_600_unknown_rule,ZY02,0,初始元年,income_statement,折旧前利润,0.0,src_bef4b86b4c71,origin data/VPD-OE_Agent_20260709/VPD-OE_Agent/data/raw/ZY/ZY02.xls,三张报表,C20,20
historical_600_unknown_rule,ZY02,1,第1年,income_statement,折旧前利润,-210.0,src_bef4b86b4c71,origin data/VPD-OE_Agent_20260709/VPD-OE_Agent/data/raw/ZY/ZY02.xls,三张报表,D20,20
historical_600_unknown_rule,ZY02,2,第2年,income_statement,折旧前利润,-18.0,src_bef4b86b4c71,origin data/VPD-OE_Agent_20260709/VPD-OE_Agent/data/raw/ZY/ZY02.xls,三张报表,E20,20
historical_600_unknown_rule,ZY02,3,第3年,income_statement,折旧前利润,269.0,src_bef4b86b4c71,origin data/VPD-OE_Agent_20260709/VPD-OE_Agent/data/raw/ZY/ZY02.xls,三张报表,F20,20
historical_600_unknown_rule,ZY02,4,第4年,income_statement,折旧前利润,114.0,src_bef4b86b4c71,origin data/VPD-OE_Agent_20260709/VPD-OE_Agent/data/raw/ZY/ZY02.xls,三张报表,G20,20
historical_600_unknown_rule,ZY02,5,第5年,income_statement,折旧前利润,206.0,src_bef4b86b4c71,origin data/VPD-OE_Agent_20260709/VPD-OE_Agent/data/raw/ZY/ZY02.xls,三张报表,H20,20
historical_600_unknown_rule,ZY02,0,初始元年,income_statement,折旧,0.0,src_bef4b86b4c71,origin data/VPD-OE_Agent_20260709/VPD-OE_Agent/data/raw/ZY/ZY02.xls,三张报表,C21,21
historical_600_unknown_rule,ZY02,1,第1年,income_statement,折旧,0.0,src_bef4b86b4c71,origin data/VPD-OE_Agent_20260709/VPD-OE_Agent/data/raw/ZY/ZY02.xls,三张报表,D21,21
historical_600_unknown_rule,ZY02,2,第2年,income_statement,折旧,60.0,src_bef4b86b4c71,origin data/VPD-OE_Agent_20260709/VPD-OE_Agent/data/raw/ZY/ZY02.xls,三张报表,E21,21
historical_600_unknown_rule,ZY02,3,第3年,income_statement,折旧,90.0,src_bef4b86b4c71,origin data/VPD-OE_Agent_20260709/VPD-OE_Agent/data/raw/ZY/ZY02.xls,三张报表,F21,21
historical_600_unknown_rule,ZY02,4,第4年,income_statement,折旧,90.0,src_bef4b86b4c71,origin data/VPD-OE_Agent_20260709/VPD-OE_Agent/data/raw/ZY/ZY02.xls,三张报表,G21,21
historical_600_unknown_rule,ZY02,5,第5年,income_statement,折旧,90.0,src_bef4b86b4c71,origin data/VPD-OE_Agent_20260709/VPD-OE_Agent/data/raw/ZY/ZY02.xls,三张报表,H21,21
historical_600_unknown_rule,ZY02,0,初始元年,income_statement,支付利息前利润,0.0,src_bef4b86b4c71,origin data/VPD-OE_Agent_20260709/VPD-OE_Agent/data/raw/ZY/ZY02.xls,三张报表,C22,22
historical_600_unknown_rule,ZY02,1,第1年,income_statement,支付利息前利润,-210.0,src_bef4b86b4c71,origin data/VPD-OE_Agent_20260709/VPD-OE_Agent/data/raw/ZY/ZY02.xls,三张报表,D22,22
historical_600_unknown_rule,ZY02,2,第2年,income_statement,支付利息前利润,-78.0,src_bef4b86b4c71,origin data/VPD-OE_Agent_20260709/VPD-OE_Agent/data/raw/ZY/ZY02.xls,三张报表,E22,22
historical_600_unknown_rule,ZY02,3,第3年,income_statement,支付利息前利润,179.0,src_bef4b86b4c71,origin data/VPD-OE_Agent_20260709/VPD-OE_Agent/data/raw/ZY/ZY02.xls,三张报表,F22,22
historical_600_unknown_rule,ZY02,4,第4年,income_statement,支付利息前利润,24.0,src_bef4b86b4c71,origin data/VPD-OE_Agent_20260709/VPD-OE_Agent/data/raw/ZY/ZY02.xls,三张报表,G22,22
historical_600_unknown_rule,ZY02,5,第5年,income_statement,支付利息前利润,116.0,src_bef4b86b4c71,origin data/VPD-OE_Agent_20260709/VPD-OE_Agent/data/raw/ZY/ZY02.xls,三张报表,H22,22
historical_600_unknown_rule,ZY02,0,初始元年,income_statement,财务费用,0.0,src_bef4b86b4c71,origin data/VPD-OE_Agent_20260709/VPD-OE_Agent/data/raw/ZY/ZY02.xls,三张报表,C23,23
historical_600_unknown_rule,ZY02,1,第1年,income_statement,财务费用,0.0,src_bef4b86b4c71,origin data/VPD-OE_Agent_20260709/VPD-OE_Agent/data/raw/ZY/ZY02.xls,三张报表,D23,23
historical_600_unknown_rule,ZY02,2,第2年,income_statement,财务费用,10.0,src_bef4b86b4c71,origin data/VPD-OE_Agent_20260709/VPD-OE_Agent/data/raw/ZY/ZY02.xls,三张报表,E23,23
historical_600_unknown_rule,ZY02,3,第3年,income_statement,财务费用,105.0,src_bef4b86b4c71,origin data/VPD-OE_Agent_20260709/VPD-OE_Agent/data/raw/ZY/ZY02.xls,三张报表,F23,23
historical_600_unknown_rule,ZY02,4,第4年,income_statement,财务费用,85.0,src_bef4b86b4c71,origin data/VPD-OE_Agent_20260709/VPD-OE_Agent/data/raw/ZY/ZY02.xls,三张报表,G23,23
historical_600_unknown_rule,ZY02,5,第5年,income_statement,财务费用,60.0,src_bef4b86b4c71,origin data/VPD-OE_Agent_20260709/VPD-OE_Agent/data/raw/ZY/ZY02.xls,三张报表,H23,23
historical_600_unknown_rule,ZY02,0,初始元年,income_statement,税前利润,0.0,src_bef4b86b4c71,origin data/VPD-OE_Agent_20260709/VPD-OE_Agent/data/raw/ZY/ZY02.xls,三张报表,C24,24
historical_600_unknown_rule,ZY02,1,第1年,income_statement,税前利润,-210.0,src_bef4b86b4c71,origin data/VPD-OE_Agent_20260709/VPD-OE_Agent/data/raw/ZY/ZY02.xls,三张报表,D24,24
historical_600_unknown_rule,ZY02,2,第2年,income_statement,税前利润,-88.0,src_bef4b86b4c71,origin data/VPD-OE_Agent_20260709/VPD-OE_Agent/data/raw/ZY/ZY02.xls,三张报表,E24,24
historical_600_unknown_rule,ZY02,3,第3年,income_statement,税前利润,74.0,src_bef4b86b4c71,origin data/VPD-OE_Agent_20260709/VPD-OE_Agent/data/raw/ZY/ZY02.xls,三张报表,F24,24
historical_600_unknown_rule,ZY02,4,第4年,income_statement,税前利润,-61.0,src_bef4b86b4c71,origin data/VPD-OE_Agent_20260709/VPD-OE_Agent/data/raw/ZY/ZY02.xls,三张报表,G24,24
historical_600_unknown_rule,ZY02,5,第5年,income_statement,税前利润,56.0,src_bef4b86b4c71,origin data/VPD-OE_Agent_20260709/VPD-OE_Agent/data/raw/ZY/ZY02.xls,三张报表,H24,24
historical_600_unknown_rule,ZY02,0,初始元年,income_statement,所得税,0.0,src_bef4b86b4c71,origin data/VPD-OE_Agent_20260709/VPD-OE_Agent/data/raw/ZY/ZY02.xls,三张报表,C25,25
historical_600_unknown_rule,ZY02,1,第1年,income_statement,所得税,0.0,src_bef4b86b4c71,origin data/VPD-OE_Agent_20260709/VPD-OE_Agent/data/raw/ZY/ZY02.xls,三张报表,D25,25
historical_600_unknown_rule,ZY02,2,第2年,income_statement,所得税,0.0,src_bef4b86b4c71,origin data/VPD-OE_Agent_20260709/VPD-OE_Agent/data/raw/ZY/ZY02.xls,三张报表,E25,25
historical_600_unknown_rule,ZY02,3,第3年,income_statement,所得税,0.0,src_bef4b86b4c71,origin data/VPD-OE_Agent_20260709/VPD-OE_Agent/data/raw/ZY/ZY02.xls,三张报表,F25,25
historical_600_unknown_rule,ZY02,4,第4年,income_statement,所得税,0.0,src_bef4b86b4c71,origin data/VPD-OE_Agent_20260709/VPD-OE_Agent/data/raw/ZY/ZY02.xls,三张报表,G25,25
historical_600_unknown_rule,ZY02,5,第5年,income_statement,所得税,0.0,src_bef4b86b4c71,origin data/VPD-OE_Agent_20260709/VPD-OE_Agent/data/raw/ZY/ZY02.xls,三张报表,H25,25
historical_600_unknown_rule,ZY02,0,初始元年,income_statement,年度净利润,0.0,src_bef4b86b4c71,origin data/VPD-OE_Agent_20260709/VPD-OE_Agent/data/raw/ZY/ZY02.xls,三张报表,C26,26
historical_600_unknown_rule,ZY02,1,第1年,income_statement,年度净利润,-210.0,src_bef4b86b4c71,origin data/VPD-OE_Agent_20260709/VPD-OE_Agent/data/raw/ZY/ZY02.xls,三张报表,D26,26
historical_600_unknown_rule,ZY02,2,第2年,income_statement,年度净利润,-88.0,src_bef4b86b4c71,origin data/VPD-OE_Agent_20260709/VPD-OE_Agent/data/raw/ZY/ZY02.xls,三张报表,E26,26
historical_600_unknown_rule,ZY02,3,第3年,income_statement,年度净利润,74.0,src_bef4b86b4c71,origin data/VPD-OE_Agent_20260709/VPD-OE_Agent/data/raw/ZY/ZY02.xls,三张报表,F26,26
historical_600_unknown_rule,ZY02,4,第4年,income_statement,年度净利润,-61.0,src_bef4b86b4c71,origin data/VPD-OE_Agent_20260709/VPD-OE_Agent/data/raw/ZY/ZY02.xls,三张报表,G26,26
historical_600_unknown_rule,ZY02,5,第5年,income_statement,年度净利润,56.0,src_bef4b86b4c71,origin data/VPD-OE_Agent_20260709/VPD-OE_Agent/data/raw/ZY/ZY02.xls,三张报表,H26,26
historical_600_unknown_rule,ZY02,0,初始元年,balance_sheet,现金,600.0,src_bef4b86b4c71,origin data/VPD-OE_Agent_20260709/VPD-OE_Agent/data/raw/ZY/ZY02.xls,三张报表,C30,30
historical_600_unknown_rule,ZY02,1,第1年,balance_sheet,现金,200.0,src_bef4b86b4c71,origin data/VPD-OE_Agent_20260709/VPD-OE_Agent/data/raw/ZY/ZY02.xls,三张报表,D30,30
historical_600_unknown_rule,ZY02,2,第2年,balance_sheet,现金,240.0,src_bef4b86b4c71,origin data/VPD-OE_Agent_20260709/VPD-OE_Agent/data/raw/ZY/ZY02.xls,三张报表,E30,30
historical_600_unknown_rule,ZY02,3,第3年,balance_sheet,现金,102.0,src_bef4b86b4c71,origin data/VPD-OE_Agent_20260709/VPD-OE_Agent/data/raw/ZY/ZY02.xls,三张报表,F30,30
historical_600_unknown_rule,ZY02,4,第4年,balance_sheet,现金,515.0,src_bef4b86b4c71,origin data/VPD-OE_Agent_20260709/VPD-OE_Agent/data/raw/ZY/ZY02.xls,三张报表,G30,30
historical_600_unknown_rule,ZY02,5,第5年,balance_sheet,现金,70.0,src_bef4b86b4c71,origin data/VPD-OE_Agent_20260709/VPD-OE_Agent/data/raw/ZY/ZY02.xls,三张报表,H30,30
historical_600_unknown_rule,ZY02,0,初始元年,balance_sheet,应收款,0.0,src_bef4b86b4c71,origin data/VPD-OE_Agent_20260709/VPD-OE_Agent/data/raw/ZY/ZY02.xls,三张报表,C31,31
historical_600_unknown_rule,ZY02,1,第1年,balance_sheet,应收款,0.0,src_bef4b86b4c71,origin data/VPD-OE_Agent_20260709/VPD-OE_Agent/data/raw/ZY/ZY02.xls,三张报表,D31,31
historical_600_unknown_rule,ZY02,2,第2年,balance_sheet,应收款,232.0,src_bef4b86b4c71,origin data/VPD-OE_Agent_20260709/VPD-OE_Agent/data/raw/ZY/ZY02.xls,三张报表,E31,31
historical_600_unknown_rule,ZY02,3,第3年,balance_sheet,应收款,584.0,src_bef4b86b4c71,origin data/VPD-OE_Agent_20260709/VPD-OE_Agent/data/raw/ZY/ZY02.xls,三张报表,F31,31
historical_600_unknown_rule,ZY02,4,第4年,balance_sheet,应收款,0.0,src_bef4b86b4c71,origin data/VPD-OE_Agent_20260709/VPD-OE_Agent/data/raw/ZY/ZY02.xls,三张报表,G31,31
historical_600_unknown_rule,ZY02,5,第5年,balance_sheet,应收款,521.0,src_bef4b86b4c71,origin data/VPD-OE_Agent_20260709/VPD-OE_Agent/data/raw/ZY/ZY02.xls,三张报表,H31,31
historical_600_unknown_rule,ZY02,0,初始元年,balance_sheet,在制品,0.0,src_bef4b86b4c71,origin data/VPD-OE_Agent_20260709/VPD-OE_Agent/data/raw/ZY/ZY02.xls,三张报表,C32,32
historical_600_unknown_rule,ZY02,1,第1年,balance_sheet,在制品,30.0,src_bef4b86b4c71,origin data/VPD-OE_Agent_20260709/VPD-OE_Agent/data/raw/ZY/ZY02.xls,三张报表,D32,32
historical_600_unknown_rule,ZY02,2,第2年,balance_sheet,在制品,40.0,src_bef4b86b4c71,origin data/VPD-OE_Agent_20260709/VPD-OE_Agent/data/raw/ZY/ZY02.xls,三张报表,E32,32
historical_600_unknown_rule,ZY02,3,第3年,balance_sheet,在制品,80.0,src_bef4b86b4c71,origin data/VPD-OE_Agent_20260709/VPD-OE_Agent/data/raw/ZY/ZY02.xls,三张报表,F32,32
historical_600_unknown_rule,ZY02,4,第4年,balance_sheet,在制品,110.0,src_bef4b86b4c71,origin data/VPD-OE_Agent_20260709/VPD-OE_Agent/data/raw/ZY/ZY02.xls,三张报表,G32,32
historical_600_unknown_rule,ZY02,5,第5年,balance_sheet,在制品,110.0,src_bef4b86b4c71,origin data/VPD-OE_Agent_20260709/VPD-OE_Agent/data/raw/ZY/ZY02.xls,三张报表,H32,32
historical_600_unknown_rule,ZY02,0,初始元年,balance_sheet,产成品,0.0,src_bef4b86b4c71,origin data/VPD-OE_Agent_20260709/VPD-OE_Agent/data/raw/ZY/ZY02.xls,三张报表,C33,33
historical_600_unknown_rule,ZY02,1,第1年,balance_sheet,产成品,0.0,src_bef4b86b4c71,origin data/VPD-OE_Agent_20260709/VPD-OE_Agent/data/raw/ZY/ZY02.xls,三张报表,D33,33
historical_600_unknown_rule,ZY02,2,第2年,balance_sheet,产成品,80.0,src_bef4b86b4c71,origin data/VPD-OE_Agent_20260709/VPD-OE_Agent/data/raw/ZY/ZY02.xls,三张报表,E33,33
historical_600_unknown_rule,ZY02,3,第3年,balance_sheet,产成品,0.0,src_bef4b86b4c71,origin data/VPD-OE_Agent_20260709/VPD-OE_Agent/data/raw/ZY/ZY02.xls,三张报表,F33,33
historical_600_unknown_rule,ZY02,4,第4年,balance_sheet,产成品,80.0,src_bef4b86b4c71,origin data/VPD-OE_Agent_20260709/VPD-OE_Agent/data/raw/ZY/ZY02.xls,三张报表,G33,33
historical_600_unknown_rule,ZY02,5,第5年,balance_sheet,产成品,150.0,src_bef4b86b4c71,origin data/VPD-OE_Agent_20260709/VPD-OE_Agent/data/raw/ZY/ZY02.xls,三张报表,H33,33
historical_600_unknown_rule,ZY02,0,初始元年,balance_sheet,原料,0.0,src_bef4b86b4c71,origin data/VPD-OE_Agent_20260709/VPD-OE_Agent/data/raw/ZY/ZY02.xls,三张报表,C34,34
historical_600_unknown_rule,ZY02,1,第1年,balance_sheet,原料,60.0,src_bef4b86b4c71,origin data/VPD-OE_Agent_20260709/VPD-OE_Agent/data/raw/ZY/ZY02.xls,三张报表,D34,34
historical_600_unknown_rule,ZY02,2,第2年,balance_sheet,原料,20.0,src_bef4b86b4c71,origin data/VPD-OE_Agent_20260709/VPD-OE_Agent/data/raw/ZY/ZY02.xls,三张报表,E34,34
historical_600_unknown_rule,ZY02,3,第3年,balance_sheet,原料,10.0,src_bef4b86b4c71,origin data/VPD-OE_Agent_20260709/VPD-OE_Agent/data/raw/ZY/ZY02.xls,三张报表,F34,34
historical_600_unknown_rule,ZY02,4,第4年,balance_sheet,原料,0.0,src_bef4b86b4c71,origin data/VPD-OE_Agent_20260709/VPD-OE_Agent/data/raw/ZY/ZY02.xls,三张报表,G34,34
historical_600_unknown_rule,ZY02,5,第5年,balance_sheet,原料,0.0,src_bef4b86b4c71,origin data/VPD-OE_Agent_20260709/VPD-OE_Agent/data/raw/ZY/ZY02.xls,三张报表,H34,34
historical_600_unknown_rule,ZY02,0,初始元年,balance_sheet,流动资产合计,600.0,src_bef4b86b4c71,origin data/VPD-OE_Agent_20260709/VPD-OE_Agent/data/raw/ZY/ZY02.xls,三张报表,C35,35
historical_600_unknown_rule,ZY02,1,第1年,balance_sheet,流动资产合计,290.0,src_bef4b86b4c71,origin data/VPD-OE_Agent_20260709/VPD-OE_Agent/data/raw/ZY/ZY02.xls,三张报表,D35,35
historical_600_unknown_rule,ZY02,2,第2年,balance_sheet,流动资产合计,612.0,src_bef4b86b4c71,origin data/VPD-OE_Agent_20260709/VPD-OE_Agent/data/raw/ZY/ZY02.xls,三张报表,E35,35
historical_600_unknown_rule,ZY02,3,第3年,balance_sheet,流动资产合计,776.0,src_bef4b86b4c71,origin data/VPD-OE_Agent_20260709/VPD-OE_Agent/data/raw/ZY/ZY02.xls,三张报表,F35,35
historical_600_unknown_rule,ZY02,4,第4年,balance_sheet,流动资产合计,705.0,src_bef4b86b4c71,origin data/VPD-OE_Agent_20260709/VPD-OE_Agent/data/raw/ZY/ZY02.xls,三张报表,G35,35
historical_600_unknown_rule,ZY02,5,第5年,balance_sheet,流动资产合计,851.0,src_bef4b86b4c71,origin data/VPD-OE_Agent_20260709/VPD-OE_Agent/data/raw/ZY/ZY02.xls,三张报表,H35,35
historical_600_unknown_rule,ZY02,0,初始元年,balance_sheet,厂房,0.0,src_bef4b86b4c71,origin data/VPD-OE_Agent_20260709/VPD-OE_Agent/data/raw/ZY/ZY02.xls,三张报表,C36,36
historical_600_unknown_rule,ZY02,1,第1年,balance_sheet,厂房,0.0,src_bef4b86b4c71,origin data/VPD-OE_Agent_20260709/VPD-OE_Agent/data/raw/ZY/ZY02.xls,三张报表,D36,36
historical_600_unknown_rule,ZY02,2,第2年,balance_sheet,厂房,0.0,src_bef4b86b4c71,origin data/VPD-OE_Agent_20260709/VPD-OE_Agent/data/raw/ZY/ZY02.xls,三张报表,E36,36
historical_600_unknown_rule,ZY02,3,第3年,balance_sheet,厂房,0.0,src_bef4b86b4c71,origin data/VPD-OE_Agent_20260709/VPD-OE_Agent/data/raw/ZY/ZY02.xls,三张报表,F36,36
historical_600_unknown_rule,ZY02,4,第4年,balance_sheet,厂房,0.0,src_bef4b86b4c71,origin data/VPD-OE_Agent_20260709/VPD-OE_Agent/data/raw/ZY/ZY02.xls,三张报表,G36,36
historical_600_unknown_rule,ZY02,5,第5年,balance_sheet,厂房,0.0,src_bef4b86b4c71,origin data/VPD-OE_Agent_20260709/VPD-OE_Agent/data/raw/ZY/ZY02.xls,三张报表,H36,36
historical_600_unknown_rule,ZY02,0,初始元年,balance_sheet,机器设备,0.0,src_bef4b86b4c71,origin data/VPD-OE_Agent_20260709/VPD-OE_Agent/data/raw/ZY/ZY02.xls,三张报表,C37,37
historical_600_unknown_rule,ZY02,1,第1年,balance_sheet,机器设备,300.0,src_bef4b86b4c71,origin data/VPD-OE_Agent_20260709/VPD-OE_Agent/data/raw/ZY/ZY02.xls,三张报表,D37,37
historical_600_unknown_rule,ZY02,2,第2年,balance_sheet,机器设备,390.0,src_bef4b86b4c71,origin data/VPD-OE_Agent_20260709/VPD-OE_Agent/data/raw/ZY/ZY02.xls,三张报表,E37,37
historical_600_unknown_rule,ZY02,3,第3年,balance_sheet,机器设备,300.0,src_bef4b86b4c71,origin data/VPD-OE_Agent_20260709/VPD-OE_Agent/data/raw/ZY/ZY02.xls,三张报表,F37,37
historical_600_unknown_rule,ZY02,4,第4年,balance_sheet,机器设备,210.0,src_bef4b86b4c71,origin data/VPD-OE_Agent_20260709/VPD-OE_Agent/data/raw/ZY/ZY02.xls,三张报表,G37,37
historical_600_unknown_rule,ZY02,5,第5年,balance_sheet,机器设备,120.0,src_bef4b86b4c71,origin data/VPD-OE_Agent_20260709/VPD-OE_Agent/data/raw/ZY/ZY02.xls,三张报表,H37,37
historical_600_unknown_rule,ZY02,0,初始元年,balance_sheet,在建工程,0.0,src_bef4b86b4c71,origin data/VPD-OE_Agent_20260709/VPD-OE_Agent/data/raw/ZY/ZY02.xls,三张报表,C38,38
historical_600_unknown_rule,ZY02,1,第1年,balance_sheet,在建工程,0.0,src_bef4b86b4c71,origin data/VPD-OE_Agent_20260709/VPD-OE_Agent/data/raw/ZY/ZY02.xls,三张报表,D38,38
historical_600_unknown_rule,ZY02,2,第2年,balance_sheet,在建工程,0.0,src_bef4b86b4c71,origin data/VPD-OE_Agent_20260709/VPD-OE_Agent/data/raw/ZY/ZY02.xls,三张报表,E38,38
historical_600_unknown_rule,ZY02,3,第3年,balance_sheet,在建工程,0.0,src_bef4b86b4c71,origin data/VPD-OE_Agent_20260709/VPD-OE_Agent/data/raw/ZY/ZY02.xls,三张报表,F38,38
historical_600_unknown_rule,ZY02,4,第4年,balance_sheet,在建工程,0.0,src_bef4b86b4c71,origin data/VPD-OE_Agent_20260709/VPD-OE_Agent/data/raw/ZY/ZY02.xls,三张报表,G38,38
historical_600_unknown_rule,ZY02,5,第5年,balance_sheet,在建工程,0.0,src_bef4b86b4c71,origin data/VPD-OE_Agent_20260709/VPD-OE_Agent/data/raw/ZY/ZY02.xls,三张报表,H38,38
historical_600_unknown_rule,ZY02,0,初始元年,balance_sheet,固定资产合计,0.0,src_bef4b86b4c71,origin data/VPD-OE_Agent_20260709/VPD-OE_Agent/data/raw/ZY/ZY02.xls,三张报表,C39,39
historical_600_unknown_rule,ZY02,1,第1年,balance_sheet,固定资产合计,300.0,src_bef4b86b4c71,origin data/VPD-OE_Agent_20260709/VPD-OE_Agent/data/raw/ZY/ZY02.xls,三张报表,D39,39
historical_600_unknown_rule,ZY02,2,第2年,balance_sheet,固定资产合计,390.0,src_bef4b86b4c71,origin data/VPD-OE_Agent_20260709/VPD-OE_Agent/data/raw/ZY/ZY02.xls,三张报表,E39,39
historical_600_unknown_rule,ZY02,3,第3年,balance_sheet,固定资产合计,300.0,src_bef4b86b4c71,origin data/VPD-OE_Agent_20260709/VPD-OE_Agent/data/raw/ZY/ZY02.xls,三张报表,F39,39
historical_600_unknown_rule,ZY02,4,第4年,balance_sheet,固定资产合计,210.0,src_bef4b86b4c71,origin data/VPD-OE_Agent_20260709/VPD-OE_Agent/data/raw/ZY/ZY02.xls,三张报表,G39,39
historical_600_unknown_rule,ZY02,5,第5年,balance_sheet,固定资产合计,120.0,src_bef4b86b4c71,origin data/VPD-OE_Agent_20260709/VPD-OE_Agent/data/raw/ZY/ZY02.xls,三张报表,H39,39
historical_600_unknown_rule,ZY02,0,初始元年,balance_sheet,资产总计,600.0,src_bef4b86b4c71,origin data/VPD-OE_Agent_20260709/VPD-OE_Agent/data/raw/ZY/ZY02.xls,三张报表,C40,40
historical_600_unknown_rule,ZY02,1,第1年,balance_sheet,资产总计,590.0,src_bef4b86b4c71,origin data/VPD-OE_Agent_20260709/VPD-OE_Agent/data/raw/ZY/ZY02.xls,三张报表,D40,40
historical_600_unknown_rule,ZY02,2,第2年,balance_sheet,资产总计,1002.0,src_bef4b86b4c71,origin data/VPD-OE_Agent_20260709/VPD-OE_Agent/data/raw/ZY/ZY02.xls,三张报表,E40,40
historical_600_unknown_rule,ZY02,3,第3年,balance_sheet,资产总计,1076.0,src_bef4b86b4c71,origin data/VPD-OE_Agent_20260709/VPD-OE_Agent/data/raw/ZY/ZY02.xls,三张报表,F40,40
historical_600_unknown_rule,ZY02,4,第4年,balance_sheet,资产总计,915.0,src_bef4b86b4c71,origin data/VPD-OE_Agent_20260709/VPD-OE_Agent/data/raw/ZY/ZY02.xls,三张报表,G40,40
historical_600_unknown_rule,ZY02,5,第5年,balance_sheet,资产总计,971.0,src_bef4b86b4c71,origin data/VPD-OE_Agent_20260709/VPD-OE_Agent/data/raw/ZY/ZY02.xls,三张报表,H40,40
historical_600_unknown_rule,ZY02,0,初始元年,balance_sheet,长期贷款,0.0,src_bef4b86b4c71,origin data/VPD-OE_Agent_20260709/VPD-OE_Agent/data/raw/ZY/ZY02.xls,三张报表,C41,41
historical_600_unknown_rule,ZY02,1,第1年,balance_sheet,长期贷款,0.0,src_bef4b86b4c71,origin data/VPD-OE_Agent_20260709/VPD-OE_Agent/data/raw/ZY/ZY02.xls,三张报表,D41,41
historical_600_unknown_rule,ZY02,2,第2年,balance_sheet,长期贷款,400.0,src_bef4b86b4c71,origin data/VPD-OE_Agent_20260709/VPD-OE_Agent/data/raw/ZY/ZY02.xls,三张报表,E41,41
historical_600_unknown_rule,ZY02,3,第3年,balance_sheet,长期贷款,600.0,src_bef4b86b4c71,origin data/VPD-OE_Agent_20260709/VPD-OE_Agent/data/raw/ZY/ZY02.xls,三张报表,F41,41
historical_600_unknown_rule,ZY02,4,第4年,balance_sheet,长期贷款,600.0,src_bef4b86b4c71,origin data/VPD-OE_Agent_20260709/VPD-OE_Agent/data/raw/ZY/ZY02.xls,三张报表,G41,41
historical_600_unknown_rule,ZY02,5,第5年,balance_sheet,长期贷款,600.0,src_bef4b86b4c71,origin data/VPD-OE_Agent_20260709/VPD-OE_Agent/data/raw/ZY/ZY02.xls,三张报表,H41,41
historical_600_unknown_rule,ZY02,0,初始元年,balance_sheet,短期贷款,0.0,src_bef4b86b4c71,origin data/VPD-OE_Agent_20260709/VPD-OE_Agent/data/raw/ZY/ZY02.xls,三张报表,C42,42
historical_600_unknown_rule,ZY02,1,第1年,balance_sheet,短期贷款,200.0,src_bef4b86b4c71,origin data/VPD-OE_Agent_20260709/VPD-OE_Agent/data/raw/ZY/ZY02.xls,三张报表,D42,42
historical_600_unknown_rule,ZY02,2,第2年,balance_sheet,短期贷款,300.0,src_bef4b86b4c71,origin data/VPD-OE_Agent_20260709/VPD-OE_Agent/data/raw/ZY/ZY02.xls,三张报表,E42,42
historical_600_unknown_rule,ZY02,3,第3年,balance_sheet,短期贷款,100.0,src_bef4b86b4c71,origin data/VPD-OE_Agent_20260709/VPD-OE_Agent/data/raw/ZY/ZY02.xls,三张报表,F42,42
historical_600_unknown_rule,ZY02,4,第4年,balance_sheet,短期贷款,0.0,src_bef4b86b4c71,origin data/VPD-OE_Agent_20260709/VPD-OE_Agent/data/raw/ZY/ZY02.xls,三张报表,G42,42
historical_600_unknown_rule,ZY02,5,第5年,balance_sheet,短期贷款,0.0,src_bef4b86b4c71,origin data/VPD-OE_Agent_20260709/VPD-OE_Agent/data/raw/ZY/ZY02.xls,三张报表,H42,42
historical_600_unknown_rule,ZY02,0,初始元年,balance_sheet,特别贷款,0.0,src_bef4b86b4c71,origin data/VPD-OE_Agent_20260709/VPD-OE_Agent/data/raw/ZY/ZY02.xls,三张报表,C43,43
historical_600_unknown_rule,ZY02,1,第1年,balance_sheet,特别贷款,0.0,src_bef4b86b4c71,origin data/VPD-OE_Agent_20260709/VPD-OE_Agent/data/raw/ZY/ZY02.xls,三张报表,D43,43
historical_600_unknown_rule,ZY02,2,第2年,balance_sheet,特别贷款,0.0,src_bef4b86b4c71,origin data/VPD-OE_Agent_20260709/VPD-OE_Agent/data/raw/ZY/ZY02.xls,三张报表,E43,43
historical_600_unknown_rule,ZY02,3,第3年,balance_sheet,特别贷款,0.0,src_bef4b86b4c71,origin data/VPD-OE_Agent_20260709/VPD-OE_Agent/data/raw/ZY/ZY02.xls,三张报表,F43,43
historical_600_unknown_rule,ZY02,4,第4年,balance_sheet,特别贷款,0.0,src_bef4b86b4c71,origin data/VPD-OE_Agent_20260709/VPD-OE_Agent/data/raw/ZY/ZY02.xls,三张报表,G43,43
historical_600_unknown_rule,ZY02,5,第5年,balance_sheet,特别贷款,0.0,src_bef4b86b4c71,origin data/VPD-OE_Agent_20260709/VPD-OE_Agent/data/raw/ZY/ZY02.xls,三张报表,H43,43
historical_600_unknown_rule,ZY02,0,初始元年,balance_sheet,所得税,0.0,src_bef4b86b4c71,origin data/VPD-OE_Agent_20260709/VPD-OE_Agent/data/raw/ZY/ZY02.xls,三张报表,C44,44
historical_600_unknown_rule,ZY02,1,第1年,balance_sheet,所得税,0.0,src_bef4b86b4c71,origin data/VPD-OE_Agent_20260709/VPD-OE_Agent/data/raw/ZY/ZY02.xls,三张报表,D44,44
historical_600_unknown_rule,ZY02,2,第2年,balance_sheet,所得税,0.0,src_bef4b86b4c71,origin data/VPD-OE_Agent_20260709/VPD-OE_Agent/data/raw/ZY/ZY02.xls,三张报表,E44,44
historical_600_unknown_rule,ZY02,3,第3年,balance_sheet,所得税,0.0,src_bef4b86b4c71,origin data/VPD-OE_Agent_20260709/VPD-OE_Agent/data/raw/ZY/ZY02.xls,三张报表,F44,44
historical_600_unknown_rule,ZY02,4,第4年,balance_sheet,所得税,0.0,src_bef4b86b4c71,origin data/VPD-OE_Agent_20260709/VPD-OE_Agent/data/raw/ZY/ZY02.xls,三张报表,G44,44
historical_600_unknown_rule,ZY02,5,第5年,balance_sheet,所得税,0.0,src_bef4b86b4c71,origin data/VPD-OE_Agent_20260709/VPD-OE_Agent/data/raw/ZY/ZY02.xls,三张报表,H44,44
historical_600_unknown_rule,ZY02,0,初始元年,balance_sheet,负债合计,0.0,src_bef4b86b4c71,origin data/VPD-OE_Agent_20260709/VPD-OE_Agent/data/raw/ZY/ZY02.xls,三张报表,C45,45
historical_600_unknown_rule,ZY02,1,第1年,balance_sheet,负债合计,200.0,src_bef4b86b4c71,origin data/VPD-OE_Agent_20260709/VPD-OE_Agent/data/raw/ZY/ZY02.xls,三张报表,D45,45
historical_600_unknown_rule,ZY02,2,第2年,balance_sheet,负债合计,700.0,src_bef4b86b4c71,origin data/VPD-OE_Agent_20260709/VPD-OE_Agent/data/raw/ZY/ZY02.xls,三张报表,E45,45
historical_600_unknown_rule,ZY02,3,第3年,balance_sheet,负债合计,700.0,src_bef4b86b4c71,origin data/VPD-OE_Agent_20260709/VPD-OE_Agent/data/raw/ZY/ZY02.xls,三张报表,F45,45
historical_600_unknown_rule,ZY02,4,第4年,balance_sheet,负债合计,600.0,src_bef4b86b4c71,origin data/VPD-OE_Agent_20260709/VPD-OE_Agent/data/raw/ZY/ZY02.xls,三张报表,G45,45
historical_600_unknown_rule,ZY02,5,第5年,balance_sheet,负债合计,600.0,src_bef4b86b4c71,origin data/VPD-OE_Agent_20260709/VPD-OE_Agent/data/raw/ZY/ZY02.xls,三张报表,H45,45
historical_600_unknown_rule,ZY02,0,初始元年,balance_sheet,股东资本,600.0,src_bef4b86b4c71,origin data/VPD-OE_Agent_20260709/VPD-OE_Agent/data/raw/ZY/ZY02.xls,三张报表,C46,46
historical_600_unknown_rule,ZY02,1,第1年,balance_sheet,股东资本,600.0,src_bef4b86b4c71,origin data/VPD-OE_Agent_20260709/VPD-OE_Agent/data/raw/ZY/ZY02.xls,三张报表,D46,46
historical_600_unknown_rule,ZY02,2,第2年,balance_sheet,股东资本,600.0,src_bef4b86b4c71,origin data/VPD-OE_Agent_20260709/VPD-OE_Agent/data/raw/ZY/ZY02.xls,三张报表,E46,46
historical_600_unknown_rule,ZY02,3,第3年,balance_sheet,股东资本,600.0,src_bef4b86b4c71,origin data/VPD-OE_Agent_20260709/VPD-OE_Agent/data/raw/ZY/ZY02.xls,三张报表,F46,46
historical_600_unknown_rule,ZY02,4,第4年,balance_sheet,股东资本,600.0,src_bef4b86b4c71,origin data/VPD-OE_Agent_20260709/VPD-OE_Agent/data/raw/ZY/ZY02.xls,三张报表,G46,46
historical_600_unknown_rule,ZY02,5,第5年,balance_sheet,股东资本,600.0,src_bef4b86b4c71,origin data/VPD-OE_Agent_20260709/VPD-OE_Agent/data/raw/ZY/ZY02.xls,三张报表,H46,46
historical_600_unknown_rule,ZY02,0,初始元年,balance_sheet,利润留存,0.0,src_bef4b86b4c71,origin data/VPD-OE_Agent_20260709/VPD-OE_Agent/data/raw/ZY/ZY02.xls,三张报表,C47,47
historical_600_unknown_rule,ZY02,1,第1年,balance_sheet,利润留存,0.0,src_bef4b86b4c71,origin data/VPD-OE_Agent_20260709/VPD-OE_Agent/data/raw/ZY/ZY02.xls,三张报表,D47,47
historical_600_unknown_rule,ZY02,2,第2年,balance_sheet,利润留存,-210.0,src_bef4b86b4c71,origin data/VPD-OE_Agent_20260709/VPD-OE_Agent/data/raw/ZY/ZY02.xls,三张报表,E47,47
historical_600_unknown_rule,ZY02,3,第3年,balance_sheet,利润留存,-298.0,src_bef4b86b4c71,origin data/VPD-OE_Agent_20260709/VPD-OE_Agent/data/raw/ZY/ZY02.xls,三张报表,F47,47
historical_600_unknown_rule,ZY02,4,第4年,balance_sheet,利润留存,-224.0,src_bef4b86b4c71,origin data/VPD-OE_Agent_20260709/VPD-OE_Agent/data/raw/ZY/ZY02.xls,三张报表,G47,47
historical_600_unknown_rule,ZY02,5,第5年,balance_sheet,利润留存,-285.0,src_bef4b86b4c71,origin data/VPD-OE_Agent_20260709/VPD-OE_Agent/data/raw/ZY/ZY02.xls,三张报表,H47,47
historical_600_unknown_rule,ZY02,0,初始元年,balance_sheet,年度净利,0.0,src_bef4b86b4c71,origin data/VPD-OE_Agent_20260709/VPD-OE_Agent/data/raw/ZY/ZY02.xls,三张报表,C48,48
historical_600_unknown_rule,ZY02,1,第1年,balance_sheet,年度净利,-210.0,src_bef4b86b4c71,origin data/VPD-OE_Agent_20260709/VPD-OE_Agent/data/raw/ZY/ZY02.xls,三张报表,D48,48
historical_600_unknown_rule,ZY02,2,第2年,balance_sheet,年度净利,-88.0,src_bef4b86b4c71,origin data/VPD-OE_Agent_20260709/VPD-OE_Agent/data/raw/ZY/ZY02.xls,三张报表,E48,48
historical_600_unknown_rule,ZY02,3,第3年,balance_sheet,年度净利,74.0,src_bef4b86b4c71,origin data/VPD-OE_Agent_20260709/VPD-OE_Agent/data/raw/ZY/ZY02.xls,三张报表,F48,48
historical_600_unknown_rule,ZY02,4,第4年,balance_sheet,年度净利,-61.0,src_bef4b86b4c71,origin data/VPD-OE_Agent_20260709/VPD-OE_Agent/data/raw/ZY/ZY02.xls,三张报表,G48,48
historical_600_unknown_rule,ZY02,5,第5年,balance_sheet,年度净利,56.0,src_bef4b86b4c71,origin data/VPD-OE_Agent_20260709/VPD-OE_Agent/data/raw/ZY/ZY02.xls,三张报表,H48,48
historical_600_unknown_rule,ZY02,0,初始元年,balance_sheet,所有者权益合计,600.0,src_bef4b86b4c71,origin data/VPD-OE_Agent_20260709/VPD-OE_Agent/data/raw/ZY/ZY02.xls,三张报表,C49,49
historical_600_unknown_rule,ZY02,1,第1年,balance_sheet,所有者权益合计,390.0,src_bef4b86b4c71,origin data/VPD-OE_Agent_20260709/VPD-OE_Agent/data/raw/ZY/ZY02.xls,三张报表,D49,49
historical_600_unknown_rule,ZY02,2,第2年,balance_sheet,所有者权益合计,302.0,src_bef4b86b4c71,origin data/VPD-OE_Agent_20260709/VPD-OE_Agent/data/raw/ZY/ZY02.xls,三张报表,E49,49
historical_600_unknown_rule,ZY02,3,第3年,balance_sheet,所有者权益合计,376.0,src_bef4b86b4c71,origin data/VPD-OE_Agent_20260709/VPD-OE_Agent/data/raw/ZY/ZY02.xls,三张报表,F49,49
historical_600_unknown_rule,ZY02,4,第4年,balance_sheet,所有者权益合计,315.0,src_bef4b86b4c71,origin data/VPD-OE_Agent_20260709/VPD-OE_Agent/data/raw/ZY/ZY02.xls,三张报表,G49,49
historical_600_unknown_rule,ZY02,5,第5年,balance_sheet,所有者权益合计,371.0,src_bef4b86b4c71,origin data/VPD-OE_Agent_20260709/VPD-OE_Agent/data/raw/ZY/ZY02.xls,三张报表,H49,49
historical_600_unknown_rule,ZY02,0,初始元年,balance_sheet,负债和所有者权益总计,600.0,src_bef4b86b4c71,origin data/VPD-OE_Agent_20260709/VPD-OE_Agent/data/raw/ZY/ZY02.xls,三张报表,C50,50
historical_600_unknown_rule,ZY02,1,第1年,balance_sheet,负债和所有者权益总计,590.0,src_bef4b86b4c71,origin data/VPD-OE_Agent_20260709/VPD-OE_Agent/data/raw/ZY/ZY02.xls,三张报表,D50,50
historical_600_unknown_rule,ZY02,2,第2年,balance_sheet,负债和所有者权益总计,1002.0,src_bef4b86b4c71,origin data/VPD-OE_Agent_20260709/VPD-OE_Agent/data/raw/ZY/ZY02.xls,三张报表,E50,50
historical_600_unknown_rule,ZY02,3,第3年,balance_sheet,负债和所有者权益总计,1076.0,src_bef4b86b4c71,origin data/VPD-OE_Agent_20260709/VPD-OE_Agent/data/raw/ZY/ZY02.xls,三张报表,F50,50
historical_600_unknown_rule,ZY02,4,第4年,balance_sheet,负债和所有者权益总计,915.0,src_bef4b86b4c71,origin data/VPD-OE_Agent_20260709/VPD-OE_Agent/data/raw/ZY/ZY02.xls,三张报表,G50,50
historical_600_unknown_rule,ZY02,5,第5年,balance_sheet,负债和所有者权益总计,971.0,src_bef4b86b4c71,origin data/VPD-OE_Agent_20260709/VPD-OE_Agent/data/raw/ZY/ZY02.xls,三张报表,H50,50
historical_600_unknown_rule,ZY03,0,初始元年,comprehensive_expense,管理费,0.0,src_e3cd51a93aa1,origin data/VPD-OE_Agent_20260709/VPD-OE_Agent/data/raw/ZY/ZY03.xls,三张报表,C3,3
historical_600_unknown_rule,ZY03,1,第1年,comprehensive_expense,管理费,40.0,src_e3cd51a93aa1,origin data/VPD-OE_Agent_20260709/VPD-OE_Agent/data/raw/ZY/ZY03.xls,三张报表,D3,3
historical_600_unknown_rule,ZY03,2,第2年,comprehensive_expense,管理费,40.0,src_e3cd51a93aa1,origin data/VPD-OE_Agent_20260709/VPD-OE_Agent/data/raw/ZY/ZY03.xls,三张报表,E3,3
historical_600_unknown_rule,ZY03,3,第3年,comprehensive_expense,管理费,40.0,src_e3cd51a93aa1,origin data/VPD-OE_Agent_20260709/VPD-OE_Agent/data/raw/ZY/ZY03.xls,三张报表,F3,3
historical_600_unknown_rule,ZY03,4,第4年,comprehensive_expense,管理费,40.0,src_e3cd51a93aa1,origin data/VPD-OE_Agent_20260709/VPD-OE_Agent/data/raw/ZY/ZY03.xls,三张报表,G3,3
historical_600_unknown_rule,ZY03,5,第5年,comprehensive_expense,管理费,40.0,src_e3cd51a93aa1,origin data/VPD-OE_Agent_20260709/VPD-OE_Agent/data/raw/ZY/ZY03.xls,三张报表,H3,3
historical_600_unknown_rule,ZY03,0,初始元年,comprehensive_expense,广告费,0.0,src_e3cd51a93aa1,origin data/VPD-OE_Agent_20260709/VPD-OE_Agent/data/raw/ZY/ZY03.xls,三张报表,C4,4
historical_600_unknown_rule,ZY03,1,第1年,comprehensive_expense,广告费,0.0,src_e3cd51a93aa1,origin data/VPD-OE_Agent_20260709/VPD-OE_Agent/data/raw/ZY/ZY03.xls,三张报表,D4,4
historical_600_unknown_rule,ZY03,2,第2年,comprehensive_expense,广告费,62.0,src_e3cd51a93aa1,origin data/VPD-OE_Agent_20260709/VPD-OE_Agent/data/raw/ZY/ZY03.xls,三张报表,E4,4
historical_600_unknown_rule,ZY03,3,第3年,comprehensive_expense,广告费,64.0,src_e3cd51a93aa1,origin data/VPD-OE_Agent_20260709/VPD-OE_Agent/data/raw/ZY/ZY03.xls,三张报表,F4,4
historical_600_unknown_rule,ZY03,4,第4年,comprehensive_expense,广告费,86.0,src_e3cd51a93aa1,origin data/VPD-OE_Agent_20260709/VPD-OE_Agent/data/raw/ZY/ZY03.xls,三张报表,G4,4
historical_600_unknown_rule,ZY03,5,第5年,comprehensive_expense,广告费,72.0,src_e3cd51a93aa1,origin data/VPD-OE_Agent_20260709/VPD-OE_Agent/data/raw/ZY/ZY03.xls,三张报表,H4,4
historical_600_unknown_rule,ZY03,0,初始元年,comprehensive_expense,维护费,0.0,src_e3cd51a93aa1,origin data/VPD-OE_Agent_20260709/VPD-OE_Agent/data/raw/ZY/ZY03.xls,三张报表,C5,5
historical_600_unknown_rule,ZY03,1,第1年,comprehensive_expense,维护费,0.0,src_e3cd51a93aa1,origin data/VPD-OE_Agent_20260709/VPD-OE_Agent/data/raw/ZY/ZY03.xls,三张报表,D5,5
historical_600_unknown_rule,ZY03,2,第2年,comprehensive_expense,维护费,40.0,src_e3cd51a93aa1,origin data/VPD-OE_Agent_20260709/VPD-OE_Agent/data/raw/ZY/ZY03.xls,三张报表,E5,5
historical_600_unknown_rule,ZY03,3,第3年,comprehensive_expense,维护费,40.0,src_e3cd51a93aa1,origin data/VPD-OE_Agent_20260709/VPD-OE_Agent/data/raw/ZY/ZY03.xls,三张报表,F5,5
historical_600_unknown_rule,ZY03,4,第4年,comprehensive_expense,维护费,40.0,src_e3cd51a93aa1,origin data/VPD-OE_Agent_20260709/VPD-OE_Agent/data/raw/ZY/ZY03.xls,三张报表,G5,5
historical_600_unknown_rule,ZY03,5,第5年,comprehensive_expense,维护费,120.0,src_e3cd51a93aa1,origin data/VPD-OE_Agent_20260709/VPD-OE_Agent/data/raw/ZY/ZY03.xls,三张报表,H5,5
historical_600_unknown_rule,ZY03,0,初始元年,comprehensive_expense,损失,0.0,src_e3cd51a93aa1,origin data/VPD-OE_Agent_20260709/VPD-OE_Agent/data/raw/ZY/ZY03.xls,三张报表,C6,6
historical_600_unknown_rule,ZY03,1,第1年,comprehensive_expense,损失,0.0,src_e3cd51a93aa1,origin data/VPD-OE_Agent_20260709/VPD-OE_Agent/data/raw/ZY/ZY03.xls,三张报表,D6,6
historical_600_unknown_rule,ZY03,2,第2年,comprehensive_expense,损失,0.0,src_e3cd51a93aa1,origin data/VPD-OE_Agent_20260709/VPD-OE_Agent/data/raw/ZY/ZY03.xls,三张报表,E6,6
historical_600_unknown_rule,ZY03,3,第3年,comprehensive_expense,损失,80.0,src_e3cd51a93aa1,origin data/VPD-OE_Agent_20260709/VPD-OE_Agent/data/raw/ZY/ZY03.xls,三张报表,F6,6
historical_600_unknown_rule,ZY03,4,第4年,comprehensive_expense,损失,0.0,src_e3cd51a93aa1,origin data/VPD-OE_Agent_20260709/VPD-OE_Agent/data/raw/ZY/ZY03.xls,三张报表,G6,6
historical_600_unknown_rule,ZY03,5,第5年,comprehensive_expense,损失,0.0,src_e3cd51a93aa1,origin data/VPD-OE_Agent_20260709/VPD-OE_Agent/data/raw/ZY/ZY03.xls,三张报表,H6,6
historical_600_unknown_rule,ZY03,0,初始元年,comprehensive_expense,转产费,0.0,src_e3cd51a93aa1,origin data/VPD-OE_Agent_20260709/VPD-OE_Agent/data/raw/ZY/ZY03.xls,三张报表,C7,7
historical_600_unknown_rule,ZY03,1,第1年,comprehensive_expense,转产费,0.0,src_e3cd51a93aa1,origin data/VPD-OE_Agent_20260709/VPD-OE_Agent/data/raw/ZY/ZY03.xls,三张报表,D7,7
historical_600_unknown_rule,ZY03,2,第2年,comprehensive_expense,转产费,0.0,src_e3cd51a93aa1,origin data/VPD-OE_Agent_20260709/VPD-OE_Agent/data/raw/ZY/ZY03.xls,三张报表,E7,7
historical_600_unknown_rule,ZY03,3,第3年,comprehensive_expense,转产费,0.0,src_e3cd51a93aa1,origin data/VPD-OE_Agent_20260709/VPD-OE_Agent/data/raw/ZY/ZY03.xls,三张报表,F7,7
historical_600_unknown_rule,ZY03,4,第4年,comprehensive_expense,转产费,0.0,src_e3cd51a93aa1,origin data/VPD-OE_Agent_20260709/VPD-OE_Agent/data/raw/ZY/ZY03.xls,三张报表,G7,7
historical_600_unknown_rule,ZY03,5,第5年,comprehensive_expense,转产费,0.0,src_e3cd51a93aa1,origin data/VPD-OE_Agent_20260709/VPD-OE_Agent/data/raw/ZY/ZY03.xls,三张报表,H7,7
historical_600_unknown_rule,ZY03,0,初始元年,comprehensive_expense,租金,0.0,src_e3cd51a93aa1,origin data/VPD-OE_Agent_20260709/VPD-OE_Agent/data/raw/ZY/ZY03.xls,三张报表,C8,8
historical_600_unknown_rule,ZY03,1,第1年,comprehensive_expense,租金,40.0,src_e3cd51a93aa1,origin data/VPD-OE_Agent_20260709/VPD-OE_Agent/data/raw/ZY/ZY03.xls,三张报表,D8,8
historical_600_unknown_rule,ZY03,2,第2年,comprehensive_expense,租金,40.0,src_e3cd51a93aa1,origin data/VPD-OE_Agent_20260709/VPD-OE_Agent/data/raw/ZY/ZY03.xls,三张报表,E8,8
historical_600_unknown_rule,ZY03,3,第3年,comprehensive_expense,租金,40.0,src_e3cd51a93aa1,origin data/VPD-OE_Agent_20260709/VPD-OE_Agent/data/raw/ZY/ZY03.xls,三张报表,F8,8
historical_600_unknown_rule,ZY03,4,第4年,comprehensive_expense,租金,80.0,src_e3cd51a93aa1,origin data/VPD-OE_Agent_20260709/VPD-OE_Agent/data/raw/ZY/ZY03.xls,三张报表,G8,8
historical_600_unknown_rule,ZY03,5,第5年,comprehensive_expense,租金,80.0,src_e3cd51a93aa1,origin data/VPD-OE_Agent_20260709/VPD-OE_Agent/data/raw/ZY/ZY03.xls,三张报表,H8,8
historical_600_unknown_rule,ZY03,0,初始元年,comprehensive_expense,市场开拓费,0.0,src_e3cd51a93aa1,origin data/VPD-OE_Agent_20260709/VPD-OE_Agent/data/raw/ZY/ZY03.xls,三张报表,C9,9
historical_600_unknown_rule,ZY03,1,第1年,comprehensive_expense,市场开拓费,50.0,src_e3cd51a93aa1,origin data/VPD-OE_Agent_20260709/VPD-OE_Agent/data/raw/ZY/ZY03.xls,三张报表,D9,9
historical_600_unknown_rule,ZY03,2,第2年,comprehensive_expense,市场开拓费,30.0,src_e3cd51a93aa1,origin data/VPD-OE_Agent_20260709/VPD-OE_Agent/data/raw/ZY/ZY03.xls,三张报表,E9,9
historical_600_unknown_rule,ZY03,3,第3年,comprehensive_expense,市场开拓费,20.0,src_e3cd51a93aa1,origin data/VPD-OE_Agent_20260709/VPD-OE_Agent/data/raw/ZY/ZY03.xls,三张报表,F9,9
historical_600_unknown_rule,ZY03,4,第4年,comprehensive_expense,市场开拓费,10.0,src_e3cd51a93aa1,origin data/VPD-OE_Agent_20260709/VPD-OE_Agent/data/raw/ZY/ZY03.xls,三张报表,G9,9
historical_600_unknown_rule,ZY03,5,第5年,comprehensive_expense,市场开拓费,0.0,src_e3cd51a93aa1,origin data/VPD-OE_Agent_20260709/VPD-OE_Agent/data/raw/ZY/ZY03.xls,三张报表,H9,9
historical_600_unknown_rule,ZY03,0,初始元年,comprehensive_expense,产品研发费,0.0,src_e3cd51a93aa1,origin data/VPD-OE_Agent_20260709/VPD-OE_Agent/data/raw/ZY/ZY03.xls,三张报表,C10,10
historical_600_unknown_rule,ZY03,1,第1年,comprehensive_expense,产品研发费,70.0,src_e3cd51a93aa1,origin data/VPD-OE_Agent_20260709/VPD-OE_Agent/data/raw/ZY/ZY03.xls,三张报表,D10,10
historical_600_unknown_rule,ZY03,2,第2年,comprehensive_expense,产品研发费,0.0,src_e3cd51a93aa1,origin data/VPD-OE_Agent_20260709/VPD-OE_Agent/data/raw/ZY/ZY03.xls,三张报表,E10,10
historical_600_unknown_rule,ZY03,3,第3年,comprehensive_expense,产品研发费,0.0,src_e3cd51a93aa1,origin data/VPD-OE_Agent_20260709/VPD-OE_Agent/data/raw/ZY/ZY03.xls,三张报表,F10,10
historical_600_unknown_rule,ZY03,4,第4年,comprehensive_expense,产品研发费,60.0,src_e3cd51a93aa1,origin data/VPD-OE_Agent_20260709/VPD-OE_Agent/data/raw/ZY/ZY03.xls,三张报表,G10,10
historical_600_unknown_rule,ZY03,5,第5年,comprehensive_expense,产品研发费,10.0,src_e3cd51a93aa1,origin data/VPD-OE_Agent_20260709/VPD-OE_Agent/data/raw/ZY/ZY03.xls,三张报表,H10,10
historical_600_unknown_rule,ZY03,0,初始元年,comprehensive_expense,ISO认证费,0.0,src_e3cd51a93aa1,origin data/VPD-OE_Agent_20260709/VPD-OE_Agent/data/raw/ZY/ZY03.xls,三张报表,C11,11
historical_600_unknown_rule,ZY03,1,第1年,comprehensive_expense,ISO认证费,30.0,src_e3cd51a93aa1,origin data/VPD-OE_Agent_20260709/VPD-OE_Agent/data/raw/ZY/ZY03.xls,三张报表,D11,11
historical_600_unknown_rule,ZY03,2,第2年,comprehensive_expense,ISO认证费,30.0,src_e3cd51a93aa1,origin data/VPD-OE_Agent_20260709/VPD-OE_Agent/data/raw/ZY/ZY03.xls,三张报表,E11,11
historical_600_unknown_rule,ZY03,3,第3年,comprehensive_expense,ISO认证费,0.0,src_e3cd51a93aa1,origin data/VPD-OE_Agent_20260709/VPD-OE_Agent/data/raw/ZY/ZY03.xls,三张报表,F11,11
historical_600_unknown_rule,ZY03,4,第4年,comprehensive_expense,ISO认证费,0.0,src_e3cd51a93aa1,origin data/VPD-OE_Agent_20260709/VPD-OE_Agent/data/raw/ZY/ZY03.xls,三张报表,G11,11
historical_600_unknown_rule,ZY03,5,第5年,comprehensive_expense,ISO认证费,0.0,src_e3cd51a93aa1,origin data/VPD-OE_Agent_20260709/VPD-OE_Agent/data/raw/ZY/ZY03.xls,三张报表,H11,11
historical_600_unknown_rule,ZY03,0,初始元年,comprehensive_expense,信息费,0.0,src_e3cd51a93aa1,origin data/VPD-OE_Agent_20260709/VPD-OE_Agent/data/raw/ZY/ZY03.xls,三张报表,C12,12
historical_600_unknown_rule,ZY03,1,第1年,comprehensive_expense,信息费,0.0,src_e3cd51a93aa1,origin data/VPD-OE_Agent_20260709/VPD-OE_Agent/data/raw/ZY/ZY03.xls,三张报表,D12,12
historical_600_unknown_rule,ZY03,2,第2年,comprehensive_expense,信息费,0.0,src_e3cd51a93aa1,origin data/VPD-OE_Agent_20260709/VPD-OE_Agent/data/raw/ZY/ZY03.xls,三张报表,E12,12
historical_600_unknown_rule,ZY03,3,第3年,comprehensive_expense,信息费,0.0,src_e3cd51a93aa1,origin data/VPD-OE_Agent_20260709/VPD-OE_Agent/data/raw/ZY/ZY03.xls,三张报表,F12,12
historical_600_unknown_rule,ZY03,4,第4年,comprehensive_expense,信息费,0.0,src_e3cd51a93aa1,origin data/VPD-OE_Agent_20260709/VPD-OE_Agent/data/raw/ZY/ZY03.xls,三张报表,G12,12
historical_600_unknown_rule,ZY03,5,第5年,comprehensive_expense,信息费,0.0,src_e3cd51a93aa1,origin data/VPD-OE_Agent_20260709/VPD-OE_Agent/data/raw/ZY/ZY03.xls,三张报表,H12,12
historical_600_unknown_rule,ZY03,0,初始元年,comprehensive_expense,合计,0.0,src_e3cd51a93aa1,origin data/VPD-OE_Agent_20260709/VPD-OE_Agent/data/raw/ZY/ZY03.xls,三张报表,C13,13
historical_600_unknown_rule,ZY03,1,第1年,comprehensive_expense,合计,230.0,src_e3cd51a93aa1,origin data/VPD-OE_Agent_20260709/VPD-OE_Agent/data/raw/ZY/ZY03.xls,三张报表,D13,13
historical_600_unknown_rule,ZY03,2,第2年,comprehensive_expense,合计,242.0,src_e3cd51a93aa1,origin data/VPD-OE_Agent_20260709/VPD-OE_Agent/data/raw/ZY/ZY03.xls,三张报表,E13,13
historical_600_unknown_rule,ZY03,3,第3年,comprehensive_expense,合计,284.0,src_e3cd51a93aa1,origin data/VPD-OE_Agent_20260709/VPD-OE_Agent/data/raw/ZY/ZY03.xls,三张报表,F13,13
historical_600_unknown_rule,ZY03,4,第4年,comprehensive_expense,合计,316.0,src_e3cd51a93aa1,origin data/VPD-OE_Agent_20260709/VPD-OE_Agent/data/raw/ZY/ZY03.xls,三张报表,G13,13
historical_600_unknown_rule,ZY03,5,第5年,comprehensive_expense,合计,322.0,src_e3cd51a93aa1,origin data/VPD-OE_Agent_20260709/VPD-OE_Agent/data/raw/ZY/ZY03.xls,三张报表,H13,13
historical_600_unknown_rule,ZY03,0,初始元年,income_statement,销售收入,0.0,src_e3cd51a93aa1,origin data/VPD-OE_Agent_20260709/VPD-OE_Agent/data/raw/ZY/ZY03.xls,三张报表,C16,16
historical_600_unknown_rule,ZY03,1,第1年,income_statement,销售收入,0.0,src_e3cd51a93aa1,origin data/VPD-OE_Agent_20260709/VPD-OE_Agent/data/raw/ZY/ZY03.xls,三张报表,D16,16
historical_600_unknown_rule,ZY03,2,第2年,income_statement,销售收入,802.0,src_e3cd51a93aa1,origin data/VPD-OE_Agent_20260709/VPD-OE_Agent/data/raw/ZY/ZY03.xls,三张报表,E16,16
historical_600_unknown_rule,ZY03,3,第3年,income_statement,销售收入,1347.0,src_e3cd51a93aa1,origin data/VPD-OE_Agent_20260709/VPD-OE_Agent/data/raw/ZY/ZY03.xls,三张报表,F16,16
historical_600_unknown_rule,ZY03,4,第4年,income_statement,销售收入,1084.0,src_e3cd51a93aa1,origin data/VPD-OE_Agent_20260709/VPD-OE_Agent/data/raw/ZY/ZY03.xls,三张报表,G16,16
historical_600_unknown_rule,ZY03,5,第5年,income_statement,销售收入,2409.0,src_e3cd51a93aa1,origin data/VPD-OE_Agent_20260709/VPD-OE_Agent/data/raw/ZY/ZY03.xls,三张报表,H16,16
historical_600_unknown_rule,ZY03,0,初始元年,income_statement,直接成本,0.0,src_e3cd51a93aa1,origin data/VPD-OE_Agent_20260709/VPD-OE_Agent/data/raw/ZY/ZY03.xls,三张报表,C17,17
historical_600_unknown_rule,ZY03,1,第1年,income_statement,直接成本,0.0,src_e3cd51a93aa1,origin data/VPD-OE_Agent_20260709/VPD-OE_Agent/data/raw/ZY/ZY03.xls,三张报表,D17,17
historical_600_unknown_rule,ZY03,2,第2年,income_statement,直接成本,360.0,src_e3cd51a93aa1,origin data/VPD-OE_Agent_20260709/VPD-OE_Agent/data/raw/ZY/ZY03.xls,三张报表,E17,17
historical_600_unknown_rule,ZY03,3,第3年,income_statement,直接成本,600.0,src_e3cd51a93aa1,origin data/VPD-OE_Agent_20260709/VPD-OE_Agent/data/raw/ZY/ZY03.xls,三张报表,F17,17
historical_600_unknown_rule,ZY03,4,第4年,income_statement,直接成本,520.0,src_e3cd51a93aa1,origin data/VPD-OE_Agent_20260709/VPD-OE_Agent/data/raw/ZY/ZY03.xls,三张报表,G17,17
historical_600_unknown_rule,ZY03,5,第5年,income_statement,直接成本,930.0,src_e3cd51a93aa1,origin data/VPD-OE_Agent_20260709/VPD-OE_Agent/data/raw/ZY/ZY03.xls,三张报表,H17,17
historical_600_unknown_rule,ZY03,0,初始元年,income_statement,毛利,0.0,src_e3cd51a93aa1,origin data/VPD-OE_Agent_20260709/VPD-OE_Agent/data/raw/ZY/ZY03.xls,三张报表,C18,18
historical_600_unknown_rule,ZY03,1,第1年,income_statement,毛利,0.0,src_e3cd51a93aa1,origin data/VPD-OE_Agent_20260709/VPD-OE_Agent/data/raw/ZY/ZY03.xls,三张报表,D18,18
historical_600_unknown_rule,ZY03,2,第2年,income_statement,毛利,442.0,src_e3cd51a93aa1,origin data/VPD-OE_Agent_20260709/VPD-OE_Agent/data/raw/ZY/ZY03.xls,三张报表,E18,18
historical_600_unknown_rule,ZY03,3,第3年,income_statement,毛利,747.0,src_e3cd51a93aa1,origin data/VPD-OE_Agent_20260709/VPD-OE_Agent/data/raw/ZY/ZY03.xls,三张报表,F18,18
historical_600_unknown_rule,ZY03,4,第4年,income_statement,毛利,564.0,src_e3cd51a93aa1,origin data/VPD-OE_Agent_20260709/VPD-OE_Agent/data/raw/ZY/ZY03.xls,三张报表,G18,18
historical_600_unknown_rule,ZY03,5,第5年,income_statement,毛利,1479.0,src_e3cd51a93aa1,origin data/VPD-OE_Agent_20260709/VPD-OE_Agent/data/raw/ZY/ZY03.xls,三张报表,H18,18
historical_600_unknown_rule,ZY03,0,初始元年,income_statement,综合费用,0.0,src_e3cd51a93aa1,origin data/VPD-OE_Agent_20260709/VPD-OE_Agent/data/raw/ZY/ZY03.xls,三张报表,C19,19
historical_600_unknown_rule,ZY03,1,第1年,income_statement,综合费用,230.0,src_e3cd51a93aa1,origin data/VPD-OE_Agent_20260709/VPD-OE_Agent/data/raw/ZY/ZY03.xls,三张报表,D19,19
historical_600_unknown_rule,ZY03,2,第2年,income_statement,综合费用,242.0,src_e3cd51a93aa1,origin data/VPD-OE_Agent_20260709/VPD-OE_Agent/data/raw/ZY/ZY03.xls,三张报表,E19,19
historical_600_unknown_rule,ZY03,3,第3年,income_statement,综合费用,284.0,src_e3cd51a93aa1,origin data/VPD-OE_Agent_20260709/VPD-OE_Agent/data/raw/ZY/ZY03.xls,三张报表,F19,19
historical_600_unknown_rule,ZY03,4,第4年,income_statement,综合费用,316.0,src_e3cd51a93aa1,origin data/VPD-OE_Agent_20260709/VPD-OE_Agent/data/raw/ZY/ZY03.xls,三张报表,G19,19
historical_600_unknown_rule,ZY03,5,第5年,income_statement,综合费用,322.0,src_e3cd51a93aa1,origin data/VPD-OE_Agent_20260709/VPD-OE_Agent/data/raw/ZY/ZY03.xls,三张报表,H19,19
historical_600_unknown_rule,ZY03,0,初始元年,income_statement,折旧前利润,0.0,src_e3cd51a93aa1,origin data/VPD-OE_Agent_20260709/VPD-OE_Agent/data/raw/ZY/ZY03.xls,三张报表,C20,20
historical_600_unknown_rule,ZY03,1,第1年,income_statement,折旧前利润,-230.0,src_e3cd51a93aa1,origin data/VPD-OE_Agent_20260709/VPD-OE_Agent/data/raw/ZY/ZY03.xls,三张报表,D20,20
historical_600_unknown_rule,ZY03,2,第2年,income_statement,折旧前利润,200.0,src_e3cd51a93aa1,origin data/VPD-OE_Agent_20260709/VPD-OE_Agent/data/raw/ZY/ZY03.xls,三张报表,E20,20
historical_600_unknown_rule,ZY03,3,第3年,income_statement,折旧前利润,463.0,src_e3cd51a93aa1,origin data/VPD-OE_Agent_20260709/VPD-OE_Agent/data/raw/ZY/ZY03.xls,三张报表,F20,20
historical_600_unknown_rule,ZY03,4,第4年,income_statement,折旧前利润,248.0,src_e3cd51a93aa1,origin data/VPD-OE_Agent_20260709/VPD-OE_Agent/data/raw/ZY/ZY03.xls,三张报表,G20,20
historical_600_unknown_rule,ZY03,5,第5年,income_statement,折旧前利润,1157.0,src_e3cd51a93aa1,origin data/VPD-OE_Agent_20260709/VPD-OE_Agent/data/raw/ZY/ZY03.xls,三张报表,H20,20
historical_600_unknown_rule,ZY03,0,初始元年,income_statement,折旧,0.0,src_e3cd51a93aa1,origin data/VPD-OE_Agent_20260709/VPD-OE_Agent/data/raw/ZY/ZY03.xls,三张报表,C21,21
historical_600_unknown_rule,ZY03,1,第1年,income_statement,折旧,0.0,src_e3cd51a93aa1,origin data/VPD-OE_Agent_20260709/VPD-OE_Agent/data/raw/ZY/ZY03.xls,三张报表,D21,21
historical_600_unknown_rule,ZY03,2,第2年,income_statement,折旧,0.0,src_e3cd51a93aa1,origin data/VPD-OE_Agent_20260709/VPD-OE_Agent/data/raw/ZY/ZY03.xls,三张报表,E21,21
historical_600_unknown_rule,ZY03,3,第3年,income_statement,折旧,120.0,src_e3cd51a93aa1,origin data/VPD-OE_Agent_20260709/VPD-OE_Agent/data/raw/ZY/ZY03.xls,三张报表,F21,21
historical_600_unknown_rule,ZY03,4,第4年,income_statement,折旧,120.0,src_e3cd51a93aa1,origin data/VPD-OE_Agent_20260709/VPD-OE_Agent/data/raw/ZY/ZY03.xls,三张报表,G21,21
historical_600_unknown_rule,ZY03,5,第5年,income_statement,折旧,120.0,src_e3cd51a93aa1,origin data/VPD-OE_Agent_20260709/VPD-OE_Agent/data/raw/ZY/ZY03.xls,三张报表,H21,21
historical_600_unknown_rule,ZY03,0,初始元年,income_statement,支付利息前利润,0.0,src_e3cd51a93aa1,origin data/VPD-OE_Agent_20260709/VPD-OE_Agent/data/raw/ZY/ZY03.xls,三张报表,C22,22
historical_600_unknown_rule,ZY03,1,第1年,income_statement,支付利息前利润,-230.0,src_e3cd51a93aa1,origin data/VPD-OE_Agent_20260709/VPD-OE_Agent/data/raw/ZY/ZY03.xls,三张报表,D22,22
historical_600_unknown_rule,ZY03,2,第2年,income_statement,支付利息前利润,200.0,src_e3cd51a93aa1,origin data/VPD-OE_Agent_20260709/VPD-OE_Agent/data/raw/ZY/ZY03.xls,三张报表,E22,22
historical_600_unknown_rule,ZY03,3,第3年,income_statement,支付利息前利润,343.0,src_e3cd51a93aa1,origin data/VPD-OE_Agent_20260709/VPD-OE_Agent/data/raw/ZY/ZY03.xls,三张报表,F22,22
historical_600_unknown_rule,ZY03,4,第4年,income_statement,支付利息前利润,128.0,src_e3cd51a93aa1,origin data/VPD-OE_Agent_20260709/VPD-OE_Agent/data/raw/ZY/ZY03.xls,三张报表,G22,22
historical_600_unknown_rule,ZY03,5,第5年,income_statement,支付利息前利润,1037.0,src_e3cd51a93aa1,origin data/VPD-OE_Agent_20260709/VPD-OE_Agent/data/raw/ZY/ZY03.xls,三张报表,H22,22
historical_600_unknown_rule,ZY03,0,初始元年,income_statement,财务费用,0.0,src_e3cd51a93aa1,origin data/VPD-OE_Agent_20260709/VPD-OE_Agent/data/raw/ZY/ZY03.xls,三张报表,C23,23
historical_600_unknown_rule,ZY03,1,第1年,income_statement,财务费用,0.0,src_e3cd51a93aa1,origin data/VPD-OE_Agent_20260709/VPD-OE_Agent/data/raw/ZY/ZY03.xls,三张报表,D23,23
historical_600_unknown_rule,ZY03,2,第2年,income_statement,财务费用,32.0,src_e3cd51a93aa1,origin data/VPD-OE_Agent_20260709/VPD-OE_Agent/data/raw/ZY/ZY03.xls,三张报表,E23,23
historical_600_unknown_rule,ZY03,3,第3年,income_statement,财务费用,79.0,src_e3cd51a93aa1,origin data/VPD-OE_Agent_20260709/VPD-OE_Agent/data/raw/ZY/ZY03.xls,三张报表,F23,23
historical_600_unknown_rule,ZY03,4,第4年,income_statement,财务费用,130.0,src_e3cd51a93aa1,origin data/VPD-OE_Agent_20260709/VPD-OE_Agent/data/raw/ZY/ZY03.xls,三张报表,G23,23
historical_600_unknown_rule,ZY03,5,第5年,income_statement,财务费用,180.0,src_e3cd51a93aa1,origin data/VPD-OE_Agent_20260709/VPD-OE_Agent/data/raw/ZY/ZY03.xls,三张报表,H23,23
historical_600_unknown_rule,ZY03,0,初始元年,income_statement,税前利润,0.0,src_e3cd51a93aa1,origin data/VPD-OE_Agent_20260709/VPD-OE_Agent/data/raw/ZY/ZY03.xls,三张报表,C24,24
historical_600_unknown_rule,ZY03,1,第1年,income_statement,税前利润,-230.0,src_e3cd51a93aa1,origin data/VPD-OE_Agent_20260709/VPD-OE_Agent/data/raw/ZY/ZY03.xls,三张报表,D24,24
historical_600_unknown_rule,ZY03,2,第2年,income_statement,税前利润,168.0,src_e3cd51a93aa1,origin data/VPD-OE_Agent_20260709/VPD-OE_Agent/data/raw/ZY/ZY03.xls,三张报表,E24,24
historical_600_unknown_rule,ZY03,3,第3年,income_statement,税前利润,264.0,src_e3cd51a93aa1,origin data/VPD-OE_Agent_20260709/VPD-OE_Agent/data/raw/ZY/ZY03.xls,三张报表,F24,24
historical_600_unknown_rule,ZY03,4,第4年,income_statement,税前利润,-2.0,src_e3cd51a93aa1,origin data/VPD-OE_Agent_20260709/VPD-OE_Agent/data/raw/ZY/ZY03.xls,三张报表,G24,24
historical_600_unknown_rule,ZY03,5,第5年,income_statement,税前利润,857.0,src_e3cd51a93aa1,origin data/VPD-OE_Agent_20260709/VPD-OE_Agent/data/raw/ZY/ZY03.xls,三张报表,H24,24
historical_600_unknown_rule,ZY03,0,初始元年,income_statement,所得税,0.0,src_e3cd51a93aa1,origin data/VPD-OE_Agent_20260709/VPD-OE_Agent/data/raw/ZY/ZY03.xls,三张报表,C25,25
historical_600_unknown_rule,ZY03,1,第1年,income_statement,所得税,0.0,src_e3cd51a93aa1,origin data/VPD-OE_Agent_20260709/VPD-OE_Agent/data/raw/ZY/ZY03.xls,三张报表,D25,25
historical_600_unknown_rule,ZY03,2,第2年,income_statement,所得税,0.0,src_e3cd51a93aa1,origin data/VPD-OE_Agent_20260709/VPD-OE_Agent/data/raw/ZY/ZY03.xls,三张报表,E25,25
historical_600_unknown_rule,ZY03,3,第3年,income_statement,所得税,51.0,src_e3cd51a93aa1,origin data/VPD-OE_Agent_20260709/VPD-OE_Agent/data/raw/ZY/ZY03.xls,三张报表,F25,25
historical_600_unknown_rule,ZY03,4,第4年,income_statement,所得税,0.0,src_e3cd51a93aa1,origin data/VPD-OE_Agent_20260709/VPD-OE_Agent/data/raw/ZY/ZY03.xls,三张报表,G25,25
historical_600_unknown_rule,ZY03,5,第5年,income_statement,所得税,214.0,src_e3cd51a93aa1,origin data/VPD-OE_Agent_20260709/VPD-OE_Agent/data/raw/ZY/ZY03.xls,三张报表,H25,25
historical_600_unknown_rule,ZY03,0,初始元年,income_statement,年度净利润,0.0,src_e3cd51a93aa1,origin data/VPD-OE_Agent_20260709/VPD-OE_Agent/data/raw/ZY/ZY03.xls,三张报表,C26,26
historical_600_unknown_rule,ZY03,1,第1年,income_statement,年度净利润,-230.0,src_e3cd51a93aa1,origin data/VPD-OE_Agent_20260709/VPD-OE_Agent/data/raw/ZY/ZY03.xls,三张报表,D26,26
historical_600_unknown_rule,ZY03,2,第2年,income_statement,年度净利润,168.0,src_e3cd51a93aa1,origin data/VPD-OE_Agent_20260709/VPD-OE_Agent/data/raw/ZY/ZY03.xls,三张报表,E26,26
historical_600_unknown_rule,ZY03,3,第3年,income_statement,年度净利润,213.0,src_e3cd51a93aa1,origin data/VPD-OE_Agent_20260709/VPD-OE_Agent/data/raw/ZY/ZY03.xls,三张报表,F26,26
historical_600_unknown_rule,ZY03,4,第4年,income_statement,年度净利润,-2.0,src_e3cd51a93aa1,origin data/VPD-OE_Agent_20260709/VPD-OE_Agent/data/raw/ZY/ZY03.xls,三张报表,G26,26
historical_600_unknown_rule,ZY03,5,第5年,income_statement,年度净利润,643.0,src_e3cd51a93aa1,origin data/VPD-OE_Agent_20260709/VPD-OE_Agent/data/raw/ZY/ZY03.xls,三张报表,H26,26
historical_600_unknown_rule,ZY03,0,初始元年,balance_sheet,现金,600.0,src_e3cd51a93aa1,origin data/VPD-OE_Agent_20260709/VPD-OE_Agent/data/raw/ZY/ZY03.xls,三张报表,C30,30
historical_600_unknown_rule,ZY03,1,第1年,balance_sheet,现金,388.0,src_e3cd51a93aa1,origin data/VPD-OE_Agent_20260709/VPD-OE_Agent/data/raw/ZY/ZY03.xls,三张报表,D30,30
historical_600_unknown_rule,ZY03,2,第2年,balance_sheet,现金,256.0,src_e3cd51a93aa1,origin data/VPD-OE_Agent_20260709/VPD-OE_Agent/data/raw/ZY/ZY03.xls,三张报表,E30,30
historical_600_unknown_rule,ZY03,3,第3年,balance_sheet,现金,1241.0,src_e3cd51a93aa1,origin data/VPD-OE_Agent_20260709/VPD-OE_Agent/data/raw/ZY/ZY03.xls,三张报表,F30,30
historical_600_unknown_rule,ZY03,4,第4年,balance_sheet,现金,673.0,src_e3cd51a93aa1,origin data/VPD-OE_Agent_20260709/VPD-OE_Agent/data/raw/ZY/ZY03.xls,三张报表,G30,30
historical_600_unknown_rule,ZY03,5,第5年,balance_sheet,现金,43.0,src_e3cd51a93aa1,origin data/VPD-OE_Agent_20260709/VPD-OE_Agent/data/raw/ZY/ZY03.xls,三张报表,H30,30
historical_600_unknown_rule,ZY03,0,初始元年,balance_sheet,应收款,0.0,src_e3cd51a93aa1,origin data/VPD-OE_Agent_20260709/VPD-OE_Agent/data/raw/ZY/ZY03.xls,三张报表,C31,31
historical_600_unknown_rule,ZY03,1,第1年,balance_sheet,应收款,0.0,src_e3cd51a93aa1,origin data/VPD-OE_Agent_20260709/VPD-OE_Agent/data/raw/ZY/ZY03.xls,三张报表,D31,31
historical_600_unknown_rule,ZY03,2,第2年,balance_sheet,应收款,592.0,src_e3cd51a93aa1,origin data/VPD-OE_Agent_20260709/VPD-OE_Agent/data/raw/ZY/ZY03.xls,三张报表,E31,31
historical_600_unknown_rule,ZY03,3,第3年,balance_sheet,应收款,495.0,src_e3cd51a93aa1,origin data/VPD-OE_Agent_20260709/VPD-OE_Agent/data/raw/ZY/ZY03.xls,三张报表,F31,31
historical_600_unknown_rule,ZY03,4,第4年,balance_sheet,应收款,490.0,src_e3cd51a93aa1,origin data/VPD-OE_Agent_20260709/VPD-OE_Agent/data/raw/ZY/ZY03.xls,三张报表,G31,31
historical_600_unknown_rule,ZY03,5,第5年,balance_sheet,应收款,1100.0,src_e3cd51a93aa1,origin data/VPD-OE_Agent_20260709/VPD-OE_Agent/data/raw/ZY/ZY03.xls,三张报表,H31,31
historical_600_unknown_rule,ZY03,0,初始元年,balance_sheet,在制品,0.0,src_e3cd51a93aa1,origin data/VPD-OE_Agent_20260709/VPD-OE_Agent/data/raw/ZY/ZY03.xls,三张报表,C32,32
historical_600_unknown_rule,ZY03,1,第1年,balance_sheet,在制品,0.0,src_e3cd51a93aa1,origin data/VPD-OE_Agent_20260709/VPD-OE_Agent/data/raw/ZY/ZY03.xls,三张报表,D32,32
historical_600_unknown_rule,ZY03,2,第2年,balance_sheet,在制品,140.0,src_e3cd51a93aa1,origin data/VPD-OE_Agent_20260709/VPD-OE_Agent/data/raw/ZY/ZY03.xls,三张报表,E32,32
historical_600_unknown_rule,ZY03,3,第3年,balance_sheet,在制品,140.0,src_e3cd51a93aa1,origin data/VPD-OE_Agent_20260709/VPD-OE_Agent/data/raw/ZY/ZY03.xls,三张报表,F32,32
historical_600_unknown_rule,ZY03,4,第4年,balance_sheet,在制品,140.0,src_e3cd51a93aa1,origin data/VPD-OE_Agent_20260709/VPD-OE_Agent/data/raw/ZY/ZY03.xls,三张报表,G32,32
historical_600_unknown_rule,ZY03,5,第5年,balance_sheet,在制品,0.0,src_e3cd51a93aa1,origin data/VPD-OE_Agent_20260709/VPD-OE_Agent/data/raw/ZY/ZY03.xls,三张报表,H32,32
historical_600_unknown_rule,ZY03,0,初始元年,balance_sheet,产成品,0.0,src_e3cd51a93aa1,origin data/VPD-OE_Agent_20260709/VPD-OE_Agent/data/raw/ZY/ZY03.xls,三张报表,C33,33
historical_600_unknown_rule,ZY03,1,第1年,balance_sheet,产成品,0.0,src_e3cd51a93aa1,origin data/VPD-OE_Agent_20260709/VPD-OE_Agent/data/raw/ZY/ZY03.xls,三张报表,D33,33
historical_600_unknown_rule,ZY03,2,第2年,balance_sheet,产成品,60.0,src_e3cd51a93aa1,origin data/VPD-OE_Agent_20260709/VPD-OE_Agent/data/raw/ZY/ZY03.xls,三张报表,E33,33
historical_600_unknown_rule,ZY03,3,第3年,balance_sheet,产成品,60.0,src_e3cd51a93aa1,origin data/VPD-OE_Agent_20260709/VPD-OE_Agent/data/raw/ZY/ZY03.xls,三张报表,F33,33
historical_600_unknown_rule,ZY03,4,第4年,balance_sheet,产成品,100.0,src_e3cd51a93aa1,origin data/VPD-OE_Agent_20260709/VPD-OE_Agent/data/raw/ZY/ZY03.xls,三张报表,G33,33
historical_600_unknown_rule,ZY03,5,第5年,balance_sheet,产成品,30.0,src_e3cd51a93aa1,origin data/VPD-OE_Agent_20260709/VPD-OE_Agent/data/raw/ZY/ZY03.xls,三张报表,H33,33
historical_600_unknown_rule,ZY03,0,初始元年,balance_sheet,原料,0.0,src_e3cd51a93aa1,origin data/VPD-OE_Agent_20260709/VPD-OE_Agent/data/raw/ZY/ZY03.xls,三张报表,C34,34
historical_600_unknown_rule,ZY03,1,第1年,balance_sheet,原料,0.0,src_e3cd51a93aa1,origin data/VPD-OE_Agent_20260709/VPD-OE_Agent/data/raw/ZY/ZY03.xls,三张报表,D34,34
historical_600_unknown_rule,ZY03,2,第2年,balance_sheet,原料,0.0,src_e3cd51a93aa1,origin data/VPD-OE_Agent_20260709/VPD-OE_Agent/data/raw/ZY/ZY03.xls,三张报表,E34,34
historical_600_unknown_rule,ZY03,3,第3年,balance_sheet,原料,0.0,src_e3cd51a93aa1,origin data/VPD-OE_Agent_20260709/VPD-OE_Agent/data/raw/ZY/ZY03.xls,三张报表,F34,34
historical_600_unknown_rule,ZY03,4,第4年,balance_sheet,原料,0.0,src_e3cd51a93aa1,origin data/VPD-OE_Agent_20260709/VPD-OE_Agent/data/raw/ZY/ZY03.xls,三张报表,G34,34
historical_600_unknown_rule,ZY03,5,第5年,balance_sheet,原料,40.0,src_e3cd51a93aa1,origin data/VPD-OE_Agent_20260709/VPD-OE_Agent/data/raw/ZY/ZY03.xls,三张报表,H34,34
historical_600_unknown_rule,ZY03,0,初始元年,balance_sheet,流动资产合计,600.0,src_e3cd51a93aa1,origin data/VPD-OE_Agent_20260709/VPD-OE_Agent/data/raw/ZY/ZY03.xls,三张报表,C35,35
historical_600_unknown_rule,ZY03,1,第1年,balance_sheet,流动资产合计,388.0,src_e3cd51a93aa1,origin data/VPD-OE_Agent_20260709/VPD-OE_Agent/data/raw/ZY/ZY03.xls,三张报表,D35,35
historical_600_unknown_rule,ZY03,2,第2年,balance_sheet,流动资产合计,1048.0,src_e3cd51a93aa1,origin data/VPD-OE_Agent_20260709/VPD-OE_Agent/data/raw/ZY/ZY03.xls,三张报表,E35,35
historical_600_unknown_rule,ZY03,3,第3年,balance_sheet,流动资产合计,1936.0,src_e3cd51a93aa1,origin data/VPD-OE_Agent_20260709/VPD-OE_Agent/data/raw/ZY/ZY03.xls,三张报表,F35,35
historical_600_unknown_rule,ZY03,4,第4年,balance_sheet,流动资产合计,1403.0,src_e3cd51a93aa1,origin data/VPD-OE_Agent_20260709/VPD-OE_Agent/data/raw/ZY/ZY03.xls,三张报表,G35,35
historical_600_unknown_rule,ZY03,5,第5年,balance_sheet,流动资产合计,1213.0,src_e3cd51a93aa1,origin data/VPD-OE_Agent_20260709/VPD-OE_Agent/data/raw/ZY/ZY03.xls,三张报表,H35,35
historical_600_unknown_rule,ZY03,0,初始元年,balance_sheet,厂房,0.0,src_e3cd51a93aa1,origin data/VPD-OE_Agent_20260709/VPD-OE_Agent/data/raw/ZY/ZY03.xls,三张报表,C36,36
historical_600_unknown_rule,ZY03,1,第1年,balance_sheet,厂房,0.0,src_e3cd51a93aa1,origin data/VPD-OE_Agent_20260709/VPD-OE_Agent/data/raw/ZY/ZY03.xls,三张报表,D36,36
historical_600_unknown_rule,ZY03,2,第2年,balance_sheet,厂房,0.0,src_e3cd51a93aa1,origin data/VPD-OE_Agent_20260709/VPD-OE_Agent/data/raw/ZY/ZY03.xls,三张报表,E36,36
historical_600_unknown_rule,ZY03,3,第3年,balance_sheet,厂房,0.0,src_e3cd51a93aa1,origin data/VPD-OE_Agent_20260709/VPD-OE_Agent/data/raw/ZY/ZY03.xls,三张报表,F36,36
historical_600_unknown_rule,ZY03,4,第4年,balance_sheet,厂房,0.0,src_e3cd51a93aa1,origin data/VPD-OE_Agent_20260709/VPD-OE_Agent/data/raw/ZY/ZY03.xls,三张报表,G36,36
historical_600_unknown_rule,ZY03,5,第5年,balance_sheet,厂房,1200.0,src_e3cd51a93aa1,origin data/VPD-OE_Agent_20260709/VPD-OE_Agent/data/raw/ZY/ZY03.xls,三张报表,H36,36
historical_600_unknown_rule,ZY03,0,初始元年,balance_sheet,机器设备,0.0,src_e3cd51a93aa1,origin data/VPD-OE_Agent_20260709/VPD-OE_Agent/data/raw/ZY/ZY03.xls,三张报表,C37,37
historical_600_unknown_rule,ZY03,1,第1年,balance_sheet,机器设备,0.0,src_e3cd51a93aa1,origin data/VPD-OE_Agent_20260709/VPD-OE_Agent/data/raw/ZY/ZY03.xls,三张报表,D37,37
historical_600_unknown_rule,ZY03,2,第2年,balance_sheet,机器设备,600.0,src_e3cd51a93aa1,origin data/VPD-OE_Agent_20260709/VPD-OE_Agent/data/raw/ZY/ZY03.xls,三张报表,E37,37
historical_600_unknown_rule,ZY03,3,第3年,balance_sheet,机器设备,480.0,src_e3cd51a93aa1,origin data/VPD-OE_Agent_20260709/VPD-OE_Agent/data/raw/ZY/ZY03.xls,三张报表,F37,37
historical_600_unknown_rule,ZY03,4,第4年,balance_sheet,机器设备,360.0,src_e3cd51a93aa1,origin data/VPD-OE_Agent_20260709/VPD-OE_Agent/data/raw/ZY/ZY03.xls,三张报表,G37,37
historical_600_unknown_rule,ZY03,5,第5年,balance_sheet,机器设备,1440.0,src_e3cd51a93aa1,origin data/VPD-OE_Agent_20260709/VPD-OE_Agent/data/raw/ZY/ZY03.xls,三张报表,H37,37
historical_600_unknown_rule,ZY03,0,初始元年,balance_sheet,在建工程,0.0,src_e3cd51a93aa1,origin data/VPD-OE_Agent_20260709/VPD-OE_Agent/data/raw/ZY/ZY03.xls,三张报表,C38,38
historical_600_unknown_rule,ZY03,1,第1年,balance_sheet,在建工程,600.0,src_e3cd51a93aa1,origin data/VPD-OE_Agent_20260709/VPD-OE_Agent/data/raw/ZY/ZY03.xls,三张报表,D38,38
historical_600_unknown_rule,ZY03,2,第2年,balance_sheet,在建工程,0.0,src_e3cd51a93aa1,origin data/VPD-OE_Agent_20260709/VPD-OE_Agent/data/raw/ZY/ZY03.xls,三张报表,E38,38
historical_600_unknown_rule,ZY03,3,第3年,balance_sheet,在建工程,0.0,src_e3cd51a93aa1,origin data/VPD-OE_Agent_20260709/VPD-OE_Agent/data/raw/ZY/ZY03.xls,三张报表,F38,38
historical_600_unknown_rule,ZY03,4,第4年,balance_sheet,在建工程,600.0,src_e3cd51a93aa1,origin data/VPD-OE_Agent_20260709/VPD-OE_Agent/data/raw/ZY/ZY03.xls,三张报表,G38,38
historical_600_unknown_rule,ZY03,5,第5年,balance_sheet,在建工程,0.0,src_e3cd51a93aa1,origin data/VPD-OE_Agent_20260709/VPD-OE_Agent/data/raw/ZY/ZY03.xls,三张报表,H38,38
historical_600_unknown_rule,ZY03,0,初始元年,balance_sheet,固定资产合计,0.0,src_e3cd51a93aa1,origin data/VPD-OE_Agent_20260709/VPD-OE_Agent/data/raw/ZY/ZY03.xls,三张报表,C39,39
historical_600_unknown_rule,ZY03,1,第1年,balance_sheet,固定资产合计,600.0,src_e3cd51a93aa1,origin data/VPD-OE_Agent_20260709/VPD-OE_Agent/data/raw/ZY/ZY03.xls,三张报表,D39,39
historical_600_unknown_rule,ZY03,2,第2年,balance_sheet,固定资产合计,600.0,src_e3cd51a93aa1,origin data/VPD-OE_Agent_20260709/VPD-OE_Agent/data/raw/ZY/ZY03.xls,三张报表,E39,39
historical_600_unknown_rule,ZY03,3,第3年,balance_sheet,固定资产合计,480.0,src_e3cd51a93aa1,origin data/VPD-OE_Agent_20260709/VPD-OE_Agent/data/raw/ZY/ZY03.xls,三张报表,F39,39
historical_600_unknown_rule,ZY03,4,第4年,balance_sheet,固定资产合计,960.0,src_e3cd51a93aa1,origin data/VPD-OE_Agent_20260709/VPD-OE_Agent/data/raw/ZY/ZY03.xls,三张报表,G39,39
historical_600_unknown_rule,ZY03,5,第5年,balance_sheet,固定资产合计,2640.0,src_e3cd51a93aa1,origin data/VPD-OE_Agent_20260709/VPD-OE_Agent/data/raw/ZY/ZY03.xls,三张报表,H39,39
historical_600_unknown_rule,ZY03,0,初始元年,balance_sheet,资产总计,600.0,src_e3cd51a93aa1,origin data/VPD-OE_Agent_20260709/VPD-OE_Agent/data/raw/ZY/ZY03.xls,三张报表,C40,40
historical_600_unknown_rule,ZY03,1,第1年,balance_sheet,资产总计,988.0,src_e3cd51a93aa1,origin data/VPD-OE_Agent_20260709/VPD-OE_Agent/data/raw/ZY/ZY03.xls,三张报表,D40,40
historical_600_unknown_rule,ZY03,2,第2年,balance_sheet,资产总计,1648.0,src_e3cd51a93aa1,origin data/VPD-OE_Agent_20260709/VPD-OE_Agent/data/raw/ZY/ZY03.xls,三张报表,E40,40
historical_600_unknown_rule,ZY03,3,第3年,balance_sheet,资产总计,2416.0,src_e3cd51a93aa1,origin data/VPD-OE_Agent_20260709/VPD-OE_Agent/data/raw/ZY/ZY03.xls,三张报表,F40,40
historical_600_unknown_rule,ZY03,4,第4年,balance_sheet,资产总计,2363.0,src_e3cd51a93aa1,origin data/VPD-OE_Agent_20260709/VPD-OE_Agent/data/raw/ZY/ZY03.xls,三张报表,G40,40
historical_600_unknown_rule,ZY03,5,第5年,balance_sheet,资产总计,3853.0,src_e3cd51a93aa1,origin data/VPD-OE_Agent_20260709/VPD-OE_Agent/data/raw/ZY/ZY03.xls,三张报表,H40,40
historical_600_unknown_rule,ZY03,0,初始元年,balance_sheet,长期贷款,0.0,src_e3cd51a93aa1,origin data/VPD-OE_Agent_20260709/VPD-OE_Agent/data/raw/ZY/ZY03.xls,三张报表,C41,41
historical_600_unknown_rule,ZY03,1,第1年,balance_sheet,长期贷款,0.0,src_e3cd51a93aa1,origin data/VPD-OE_Agent_20260709/VPD-OE_Agent/data/raw/ZY/ZY03.xls,三张报表,D41,41
historical_600_unknown_rule,ZY03,2,第2年,balance_sheet,长期贷款,492.0,src_e3cd51a93aa1,origin data/VPD-OE_Agent_20260709/VPD-OE_Agent/data/raw/ZY/ZY03.xls,三张报表,E41,41
historical_600_unknown_rule,ZY03,3,第3年,balance_sheet,长期贷款,996.0,src_e3cd51a93aa1,origin data/VPD-OE_Agent_20260709/VPD-OE_Agent/data/raw/ZY/ZY03.xls,三张报表,F41,41
historical_600_unknown_rule,ZY03,4,第4年,balance_sheet,长期贷款,996.0,src_e3cd51a93aa1,origin data/VPD-OE_Agent_20260709/VPD-OE_Agent/data/raw/ZY/ZY03.xls,三张报表,G41,41
historical_600_unknown_rule,ZY03,5,第5年,balance_sheet,长期贷款,1629.0,src_e3cd51a93aa1,origin data/VPD-OE_Agent_20260709/VPD-OE_Agent/data/raw/ZY/ZY03.xls,三张报表,H41,41
historical_600_unknown_rule,ZY03,0,初始元年,balance_sheet,短期贷款,0.0,src_e3cd51a93aa1,origin data/VPD-OE_Agent_20260709/VPD-OE_Agent/data/raw/ZY/ZY03.xls,三张报表,C42,42
historical_600_unknown_rule,ZY03,1,第1年,balance_sheet,短期贷款,618.0,src_e3cd51a93aa1,origin data/VPD-OE_Agent_20260709/VPD-OE_Agent/data/raw/ZY/ZY03.xls,三张报表,D42,42
historical_600_unknown_rule,ZY03,2,第2年,balance_sheet,短期贷款,618.0,src_e3cd51a93aa1,origin data/VPD-OE_Agent_20260709/VPD-OE_Agent/data/raw/ZY/ZY03.xls,三张报表,E42,42
historical_600_unknown_rule,ZY03,3,第3年,balance_sheet,短期贷款,618.0,src_e3cd51a93aa1,origin data/VPD-OE_Agent_20260709/VPD-OE_Agent/data/raw/ZY/ZY03.xls,三张报表,F42,42
historical_600_unknown_rule,ZY03,4,第4年,balance_sheet,短期贷款,618.0,src_e3cd51a93aa1,origin data/VPD-OE_Agent_20260709/VPD-OE_Agent/data/raw/ZY/ZY03.xls,三张报表,G42,42
historical_600_unknown_rule,ZY03,5,第5年,balance_sheet,短期贷款,618.0,src_e3cd51a93aa1,origin data/VPD-OE_Agent_20260709/VPD-OE_Agent/data/raw/ZY/ZY03.xls,三张报表,H42,42
historical_600_unknown_rule,ZY03,0,初始元年,balance_sheet,特别贷款,0.0,src_e3cd51a93aa1,origin data/VPD-OE_Agent_20260709/VPD-OE_Agent/data/raw/ZY/ZY03.xls,三张报表,C43,43
historical_600_unknown_rule,ZY03,1,第1年,balance_sheet,特别贷款,0.0,src_e3cd51a93aa1,origin data/VPD-OE_Agent_20260709/VPD-OE_Agent/data/raw/ZY/ZY03.xls,三张报表,D43,43
historical_600_unknown_rule,ZY03,2,第2年,balance_sheet,特别贷款,0.0,src_e3cd51a93aa1,origin data/VPD-OE_Agent_20260709/VPD-OE_Agent/data/raw/ZY/ZY03.xls,三张报表,E43,43
historical_600_unknown_rule,ZY03,3,第3年,balance_sheet,特别贷款,0.0,src_e3cd51a93aa1,origin data/VPD-OE_Agent_20260709/VPD-OE_Agent/data/raw/ZY/ZY03.xls,三张报表,F43,43
historical_600_unknown_rule,ZY03,4,第4年,balance_sheet,特别贷款,0.0,src_e3cd51a93aa1,origin data/VPD-OE_Agent_20260709/VPD-OE_Agent/data/raw/ZY/ZY03.xls,三张报表,G43,43
historical_600_unknown_rule,ZY03,5,第5年,balance_sheet,特别贷款,0.0,src_e3cd51a93aa1,origin data/VPD-OE_Agent_20260709/VPD-OE_Agent/data/raw/ZY/ZY03.xls,三张报表,H43,43
historical_600_unknown_rule,ZY03,0,初始元年,balance_sheet,所得税,0.0,src_e3cd51a93aa1,origin data/VPD-OE_Agent_20260709/VPD-OE_Agent/data/raw/ZY/ZY03.xls,三张报表,C44,44
historical_600_unknown_rule,ZY03,1,第1年,balance_sheet,所得税,0.0,src_e3cd51a93aa1,origin data/VPD-OE_Agent_20260709/VPD-OE_Agent/data/raw/ZY/ZY03.xls,三张报表,D44,44
historical_600_unknown_rule,ZY03,2,第2年,balance_sheet,所得税,0.0,src_e3cd51a93aa1,origin data/VPD-OE_Agent_20260709/VPD-OE_Agent/data/raw/ZY/ZY03.xls,三张报表,E44,44
historical_600_unknown_rule,ZY03,3,第3年,balance_sheet,所得税,51.0,src_e3cd51a93aa1,origin data/VPD-OE_Agent_20260709/VPD-OE_Agent/data/raw/ZY/ZY03.xls,三张报表,F44,44
historical_600_unknown_rule,ZY03,4,第4年,balance_sheet,所得税,0.0,src_e3cd51a93aa1,origin data/VPD-OE_Agent_20260709/VPD-OE_Agent/data/raw/ZY/ZY03.xls,三张报表,G44,44
historical_600_unknown_rule,ZY03,5,第5年,balance_sheet,所得税,214.0,src_e3cd51a93aa1,origin data/VPD-OE_Agent_20260709/VPD-OE_Agent/data/raw/ZY/ZY03.xls,三张报表,H44,44
historical_600_unknown_rule,ZY03,0,初始元年,balance_sheet,负债合计,0.0,src_e3cd51a93aa1,origin data/VPD-OE_Agent_20260709/VPD-OE_Agent/data/raw/ZY/ZY03.xls,三张报表,C45,45
historical_600_unknown_rule,ZY03,1,第1年,balance_sheet,负债合计,618.0,src_e3cd51a93aa1,origin data/VPD-OE_Agent_20260709/VPD-OE_Agent/data/raw/ZY/ZY03.xls,三张报表,D45,45
historical_600_unknown_rule,ZY03,2,第2年,balance_sheet,负债合计,1110.0,src_e3cd51a93aa1,origin data/VPD-OE_Agent_20260709/VPD-OE_Agent/data/raw/ZY/ZY03.xls,三张报表,E45,45
historical_600_unknown_rule,ZY03,3,第3年,balance_sheet,负债合计,1665.0,src_e3cd51a93aa1,origin data/VPD-OE_Agent_20260709/VPD-OE_Agent/data/raw/ZY/ZY03.xls,三张报表,F45,45
historical_600_unknown_rule,ZY03,4,第4年,balance_sheet,负债合计,1614.0,src_e3cd51a93aa1,origin data/VPD-OE_Agent_20260709/VPD-OE_Agent/data/raw/ZY/ZY03.xls,三张报表,G45,45
historical_600_unknown_rule,ZY03,5,第5年,balance_sheet,负债合计,2461.0,src_e3cd51a93aa1,origin data/VPD-OE_Agent_20260709/VPD-OE_Agent/data/raw/ZY/ZY03.xls,三张报表,H45,45
historical_600_unknown_rule,ZY03,0,初始元年,balance_sheet,股东资本,600.0,src_e3cd51a93aa1,origin data/VPD-OE_Agent_20260709/VPD-OE_Agent/data/raw/ZY/ZY03.xls,三张报表,C46,46
historical_600_unknown_rule,ZY03,1,第1年,balance_sheet,股东资本,600.0,src_e3cd51a93aa1,origin data/VPD-OE_Agent_20260709/VPD-OE_Agent/data/raw/ZY/ZY03.xls,三张报表,D46,46
historical_600_unknown_rule,ZY03,2,第2年,balance_sheet,股东资本,600.0,src_e3cd51a93aa1,origin data/VPD-OE_Agent_20260709/VPD-OE_Agent/data/raw/ZY/ZY03.xls,三张报表,E46,46
historical_600_unknown_rule,ZY03,3,第3年,balance_sheet,股东资本,600.0,src_e3cd51a93aa1,origin data/VPD-OE_Agent_20260709/VPD-OE_Agent/data/raw/ZY/ZY03.xls,三张报表,F46,46
historical_600_unknown_rule,ZY03,4,第4年,balance_sheet,股东资本,600.0,src_e3cd51a93aa1,origin data/VPD-OE_Agent_20260709/VPD-OE_Agent/data/raw/ZY/ZY03.xls,三张报表,G46,46
historical_600_unknown_rule,ZY03,5,第5年,balance_sheet,股东资本,600.0,src_e3cd51a93aa1,origin data/VPD-OE_Agent_20260709/VPD-OE_Agent/data/raw/ZY/ZY03.xls,三张报表,H46,46
historical_600_unknown_rule,ZY03,0,初始元年,balance_sheet,利润留存,0.0,src_e3cd51a93aa1,origin data/VPD-OE_Agent_20260709/VPD-OE_Agent/data/raw/ZY/ZY03.xls,三张报表,C47,47
historical_600_unknown_rule,ZY03,1,第1年,balance_sheet,利润留存,0.0,src_e3cd51a93aa1,origin data/VPD-OE_Agent_20260709/VPD-OE_Agent/data/raw/ZY/ZY03.xls,三张报表,D47,47
historical_600_unknown_rule,ZY03,2,第2年,balance_sheet,利润留存,-230.0,src_e3cd51a93aa1,origin data/VPD-OE_Agent_20260709/VPD-OE_Agent/data/raw/ZY/ZY03.xls,三张报表,E47,47
historical_600_unknown_rule,ZY03,3,第3年,balance_sheet,利润留存,-62.0,src_e3cd51a93aa1,origin data/VPD-OE_Agent_20260709/VPD-OE_Agent/data/raw/ZY/ZY03.xls,三张报表,F47,47
historical_600_unknown_rule,ZY03,4,第4年,balance_sheet,利润留存,151.0,src_e3cd51a93aa1,origin data/VPD-OE_Agent_20260709/VPD-OE_Agent/data/raw/ZY/ZY03.xls,三张报表,G47,47
historical_600_unknown_rule,ZY03,5,第5年,balance_sheet,利润留存,149.0,src_e3cd51a93aa1,origin data/VPD-OE_Agent_20260709/VPD-OE_Agent/data/raw/ZY/ZY03.xls,三张报表,H47,47
historical_600_unknown_rule,ZY03,0,初始元年,balance_sheet,年度净利,0.0,src_e3cd51a93aa1,origin data/VPD-OE_Agent_20260709/VPD-OE_Agent/data/raw/ZY/ZY03.xls,三张报表,C48,48
historical_600_unknown_rule,ZY03,1,第1年,balance_sheet,年度净利,-230.0,src_e3cd51a93aa1,origin data/VPD-OE_Agent_20260709/VPD-OE_Agent/data/raw/ZY/ZY03.xls,三张报表,D48,48
historical_600_unknown_rule,ZY03,2,第2年,balance_sheet,年度净利,168.0,src_e3cd51a93aa1,origin data/VPD-OE_Agent_20260709/VPD-OE_Agent/data/raw/ZY/ZY03.xls,三张报表,E48,48
historical_600_unknown_rule,ZY03,3,第3年,balance_sheet,年度净利,213.0,src_e3cd51a93aa1,origin data/VPD-OE_Agent_20260709/VPD-OE_Agent/data/raw/ZY/ZY03.xls,三张报表,F48,48
historical_600_unknown_rule,ZY03,4,第4年,balance_sheet,年度净利,-2.0,src_e3cd51a93aa1,origin data/VPD-OE_Agent_20260709/VPD-OE_Agent/data/raw/ZY/ZY03.xls,三张报表,G48,48
historical_600_unknown_rule,ZY03,5,第5年,balance_sheet,年度净利,643.0,src_e3cd51a93aa1,origin data/VPD-OE_Agent_20260709/VPD-OE_Agent/data/raw/ZY/ZY03.xls,三张报表,H48,48
historical_600_unknown_rule,ZY03,0,初始元年,balance_sheet,所有者权益合计,600.0,src_e3cd51a93aa1,origin data/VPD-OE_Agent_20260709/VPD-OE_Agent/data/raw/ZY/ZY03.xls,三张报表,C49,49
historical_600_unknown_rule,ZY03,1,第1年,balance_sheet,所有者权益合计,370.0,src_e3cd51a93aa1,origin data/VPD-OE_Agent_20260709/VPD-OE_Agent/data/raw/ZY/ZY03.xls,三张报表,D49,49
historical_600_unknown_rule,ZY03,2,第2年,balance_sheet,所有者权益合计,538.0,src_e3cd51a93aa1,origin data/VPD-OE_Agent_20260709/VPD-OE_Agent/data/raw/ZY/ZY03.xls,三张报表,E49,49
historical_600_unknown_rule,ZY03,3,第3年,balance_sheet,所有者权益合计,751.0,src_e3cd51a93aa1,origin data/VPD-OE_Agent_20260709/VPD-OE_Agent/data/raw/ZY/ZY03.xls,三张报表,F49,49
historical_600_unknown_rule,ZY03,4,第4年,balance_sheet,所有者权益合计,749.0,src_e3cd51a93aa1,origin data/VPD-OE_Agent_20260709/VPD-OE_Agent/data/raw/ZY/ZY03.xls,三张报表,G49,49
historical_600_unknown_rule,ZY03,5,第5年,balance_sheet,所有者权益合计,1392.0,src_e3cd51a93aa1,origin data/VPD-OE_Agent_20260709/VPD-OE_Agent/data/raw/ZY/ZY03.xls,三张报表,H49,49
historical_600_unknown_rule,ZY03,0,初始元年,balance_sheet,负债和所有者权益总计,600.0,src_e3cd51a93aa1,origin data/VPD-OE_Agent_20260709/VPD-OE_Agent/data/raw/ZY/ZY03.xls,三张报表,C50,50
historical_600_unknown_rule,ZY03,1,第1年,balance_sheet,负债和所有者权益总计,988.0,src_e3cd51a93aa1,origin data/VPD-OE_Agent_20260709/VPD-OE_Agent/data/raw/ZY/ZY03.xls,三张报表,D50,50
historical_600_unknown_rule,ZY03,2,第2年,balance_sheet,负债和所有者权益总计,1648.0,src_e3cd51a93aa1,origin data/VPD-OE_Agent_20260709/VPD-OE_Agent/data/raw/ZY/ZY03.xls,三张报表,E50,50
historical_600_unknown_rule,ZY03,3,第3年,balance_sheet,负债和所有者权益总计,2416.0,src_e3cd51a93aa1,origin data/VPD-OE_Agent_20260709/VPD-OE_Agent/data/raw/ZY/ZY03.xls,三张报表,F50,50
historical_600_unknown_rule,ZY03,4,第4年,balance_sheet,负债和所有者权益总计,2363.0,src_e3cd51a93aa1,origin data/VPD-OE_Agent_20260709/VPD-OE_Agent/data/raw/ZY/ZY03.xls,三张报表,G50,50
historical_600_unknown_rule,ZY03,5,第5年,balance_sheet,负债和所有者权益总计,3853.0,src_e3cd51a93aa1,origin data/VPD-OE_Agent_20260709/VPD-OE_Agent/data/raw/ZY/ZY03.xls,三张报表,H50,50
historical_600_unknown_rule,ZY04,0,初始元年,comprehensive_expense,管理费,0.0,src_158092ee4fdb,origin data/VPD-OE_Agent_20260709/VPD-OE_Agent/data/raw/ZY/ZY04.xls,三张报表,C3,3
historical_600_unknown_rule,ZY04,1,第1年,comprehensive_expense,管理费,40.0,src_158092ee4fdb,origin data/VPD-OE_Agent_20260709/VPD-OE_Agent/data/raw/ZY/ZY04.xls,三张报表,D3,3
historical_600_unknown_rule,ZY04,2,第2年,comprehensive_expense,管理费,40.0,src_158092ee4fdb,origin data/VPD-OE_Agent_20260709/VPD-OE_Agent/data/raw/ZY/ZY04.xls,三张报表,E3,3
historical_600_unknown_rule,ZY04,3,第3年,comprehensive_expense,管理费,40.0,src_158092ee4fdb,origin data/VPD-OE_Agent_20260709/VPD-OE_Agent/data/raw/ZY/ZY04.xls,三张报表,F3,3
historical_600_unknown_rule,ZY04,4,第4年,comprehensive_expense,管理费,40.0,src_158092ee4fdb,origin data/VPD-OE_Agent_20260709/VPD-OE_Agent/data/raw/ZY/ZY04.xls,三张报表,G3,3
historical_600_unknown_rule,ZY04,5,第5年,comprehensive_expense,管理费,40.0,src_158092ee4fdb,origin data/VPD-OE_Agent_20260709/VPD-OE_Agent/data/raw/ZY/ZY04.xls,三张报表,H3,3
historical_600_unknown_rule,ZY04,0,初始元年,comprehensive_expense,广告费,0.0,src_158092ee4fdb,origin data/VPD-OE_Agent_20260709/VPD-OE_Agent/data/raw/ZY/ZY04.xls,三张报表,C4,4
historical_600_unknown_rule,ZY04,1,第1年,comprehensive_expense,广告费,0.0,src_158092ee4fdb,origin data/VPD-OE_Agent_20260709/VPD-OE_Agent/data/raw/ZY/ZY04.xls,三张报表,D4,4
historical_600_unknown_rule,ZY04,2,第2年,comprehensive_expense,广告费,68.0,src_158092ee4fdb,origin data/VPD-OE_Agent_20260709/VPD-OE_Agent/data/raw/ZY/ZY04.xls,三张报表,E4,4
historical_600_unknown_rule,ZY04,3,第3年,comprehensive_expense,广告费,164.0,src_158092ee4fdb,origin data/VPD-OE_Agent_20260709/VPD-OE_Agent/data/raw/ZY/ZY04.xls,三张报表,F4,4
historical_600_unknown_rule,ZY04,4,第4年,comprehensive_expense,广告费,148.0,src_158092ee4fdb,origin data/VPD-OE_Agent_20260709/VPD-OE_Agent/data/raw/ZY/ZY04.xls,三张报表,G4,4
historical_600_unknown_rule,ZY04,5,第5年,comprehensive_expense,广告费,146.0,src_158092ee4fdb,origin data/VPD-OE_Agent_20260709/VPD-OE_Agent/data/raw/ZY/ZY04.xls,三张报表,H4,4
historical_600_unknown_rule,ZY04,0,初始元年,comprehensive_expense,维护费,0.0,src_158092ee4fdb,origin data/VPD-OE_Agent_20260709/VPD-OE_Agent/data/raw/ZY/ZY04.xls,三张报表,C5,5
historical_600_unknown_rule,ZY04,1,第1年,comprehensive_expense,维护费,0.0,src_158092ee4fdb,origin data/VPD-OE_Agent_20260709/VPD-OE_Agent/data/raw/ZY/ZY04.xls,三张报表,D5,5
historical_600_unknown_rule,ZY04,2,第2年,comprehensive_expense,维护费,40.0,src_158092ee4fdb,origin data/VPD-OE_Agent_20260709/VPD-OE_Agent/data/raw/ZY/ZY04.xls,三张报表,E5,5
historical_600_unknown_rule,ZY04,3,第3年,comprehensive_expense,维护费,40.0,src_158092ee4fdb,origin data/VPD-OE_Agent_20260709/VPD-OE_Agent/data/raw/ZY/ZY04.xls,三张报表,F5,5
historical_600_unknown_rule,ZY04,4,第4年,comprehensive_expense,维护费,40.0,src_158092ee4fdb,origin data/VPD-OE_Agent_20260709/VPD-OE_Agent/data/raw/ZY/ZY04.xls,三张报表,G5,5
historical_600_unknown_rule,ZY04,5,第5年,comprehensive_expense,维护费,80.0,src_158092ee4fdb,origin data/VPD-OE_Agent_20260709/VPD-OE_Agent/data/raw/ZY/ZY04.xls,三张报表,H5,5
historical_600_unknown_rule,ZY04,0,初始元年,comprehensive_expense,损失,0.0,src_158092ee4fdb,origin data/VPD-OE_Agent_20260709/VPD-OE_Agent/data/raw/ZY/ZY04.xls,三张报表,C6,6
historical_600_unknown_rule,ZY04,1,第1年,comprehensive_expense,损失,0.0,src_158092ee4fdb,origin data/VPD-OE_Agent_20260709/VPD-OE_Agent/data/raw/ZY/ZY04.xls,三张报表,D6,6
historical_600_unknown_rule,ZY04,2,第2年,comprehensive_expense,损失,0.0,src_158092ee4fdb,origin data/VPD-OE_Agent_20260709/VPD-OE_Agent/data/raw/ZY/ZY04.xls,三张报表,E6,6
historical_600_unknown_rule,ZY04,3,第3年,comprehensive_expense,损失,0.0,src_158092ee4fdb,origin data/VPD-OE_Agent_20260709/VPD-OE_Agent/data/raw/ZY/ZY04.xls,三张报表,F6,6
historical_600_unknown_rule,ZY04,4,第4年,comprehensive_expense,损失,0.0,src_158092ee4fdb,origin data/VPD-OE_Agent_20260709/VPD-OE_Agent/data/raw/ZY/ZY04.xls,三张报表,G6,6
historical_600_unknown_rule,ZY04,5,第5年,comprehensive_expense,损失,0.0,src_158092ee4fdb,origin data/VPD-OE_Agent_20260709/VPD-OE_Agent/data/raw/ZY/ZY04.xls,三张报表,H6,6
historical_600_unknown_rule,ZY04,0,初始元年,comprehensive_expense,转产费,0.0,src_158092ee4fdb,origin data/VPD-OE_Agent_20260709/VPD-OE_Agent/data/raw/ZY/ZY04.xls,三张报表,C7,7
historical_600_unknown_rule,ZY04,1,第1年,comprehensive_expense,转产费,0.0,src_158092ee4fdb,origin data/VPD-OE_Agent_20260709/VPD-OE_Agent/data/raw/ZY/ZY04.xls,三张报表,D7,7
historical_600_unknown_rule,ZY04,2,第2年,comprehensive_expense,转产费,0.0,src_158092ee4fdb,origin data/VPD-OE_Agent_20260709/VPD-OE_Agent/data/raw/ZY/ZY04.xls,三张报表,E7,7
historical_600_unknown_rule,ZY04,3,第3年,comprehensive_expense,转产费,0.0,src_158092ee4fdb,origin data/VPD-OE_Agent_20260709/VPD-OE_Agent/data/raw/ZY/ZY04.xls,三张报表,F7,7
historical_600_unknown_rule,ZY04,4,第4年,comprehensive_expense,转产费,0.0,src_158092ee4fdb,origin data/VPD-OE_Agent_20260709/VPD-OE_Agent/data/raw/ZY/ZY04.xls,三张报表,G7,7
historical_600_unknown_rule,ZY04,5,第5年,comprehensive_expense,转产费,0.0,src_158092ee4fdb,origin data/VPD-OE_Agent_20260709/VPD-OE_Agent/data/raw/ZY/ZY04.xls,三张报表,H7,7
historical_600_unknown_rule,ZY04,0,初始元年,comprehensive_expense,租金,0.0,src_158092ee4fdb,origin data/VPD-OE_Agent_20260709/VPD-OE_Agent/data/raw/ZY/ZY04.xls,三张报表,C8,8
historical_600_unknown_rule,ZY04,1,第1年,comprehensive_expense,租金,40.0,src_158092ee4fdb,origin data/VPD-OE_Agent_20260709/VPD-OE_Agent/data/raw/ZY/ZY04.xls,三张报表,D8,8
historical_600_unknown_rule,ZY04,2,第2年,comprehensive_expense,租金,40.0,src_158092ee4fdb,origin data/VPD-OE_Agent_20260709/VPD-OE_Agent/data/raw/ZY/ZY04.xls,三张报表,E8,8
historical_600_unknown_rule,ZY04,3,第3年,comprehensive_expense,租金,40.0,src_158092ee4fdb,origin data/VPD-OE_Agent_20260709/VPD-OE_Agent/data/raw/ZY/ZY04.xls,三张报表,F8,8
historical_600_unknown_rule,ZY04,4,第4年,comprehensive_expense,租金,40.0,src_158092ee4fdb,origin data/VPD-OE_Agent_20260709/VPD-OE_Agent/data/raw/ZY/ZY04.xls,三张报表,G8,8
historical_600_unknown_rule,ZY04,5,第5年,comprehensive_expense,租金,0.0,src_158092ee4fdb,origin data/VPD-OE_Agent_20260709/VPD-OE_Agent/data/raw/ZY/ZY04.xls,三张报表,H8,8
historical_600_unknown_rule,ZY04,0,初始元年,comprehensive_expense,市场开拓费,0.0,src_158092ee4fdb,origin data/VPD-OE_Agent_20260709/VPD-OE_Agent/data/raw/ZY/ZY04.xls,三张报表,C9,9
historical_600_unknown_rule,ZY04,1,第1年,comprehensive_expense,市场开拓费,40.0,src_158092ee4fdb,origin data/VPD-OE_Agent_20260709/VPD-OE_Agent/data/raw/ZY/ZY04.xls,三张报表,D9,9
historical_600_unknown_rule,ZY04,2,第2年,comprehensive_expense,市场开拓费,20.0,src_158092ee4fdb,origin data/VPD-OE_Agent_20260709/VPD-OE_Agent/data/raw/ZY/ZY04.xls,三张报表,E9,9
historical_600_unknown_rule,ZY04,3,第3年,comprehensive_expense,市场开拓费,20.0,src_158092ee4fdb,origin data/VPD-OE_Agent_20260709/VPD-OE_Agent/data/raw/ZY/ZY04.xls,三张报表,F9,9
historical_600_unknown_rule,ZY04,4,第4年,comprehensive_expense,市场开拓费,0.0,src_158092ee4fdb,origin data/VPD-OE_Agent_20260709/VPD-OE_Agent/data/raw/ZY/ZY04.xls,三张报表,G9,9
historical_600_unknown_rule,ZY04,5,第5年,comprehensive_expense,市场开拓费,0.0,src_158092ee4fdb,origin data/VPD-OE_Agent_20260709/VPD-OE_Agent/data/raw/ZY/ZY04.xls,三张报表,H9,9
historical_600_unknown_rule,ZY04,0,初始元年,comprehensive_expense,产品研发费,0.0,src_158092ee4fdb,origin data/VPD-OE_Agent_20260709/VPD-OE_Agent/data/raw/ZY/ZY04.xls,三张报表,C10,10
historical_600_unknown_rule,ZY04,1,第1年,comprehensive_expense,产品研发费,70.0,src_158092ee4fdb,origin data/VPD-OE_Agent_20260709/VPD-OE_Agent/data/raw/ZY/ZY04.xls,三张报表,D10,10
historical_600_unknown_rule,ZY04,2,第2年,comprehensive_expense,产品研发费,0.0,src_158092ee4fdb,origin data/VPD-OE_Agent_20260709/VPD-OE_Agent/data/raw/ZY/ZY04.xls,三张报表,E10,10
historical_600_unknown_rule,ZY04,3,第3年,comprehensive_expense,产品研发费,0.0,src_158092ee4fdb,origin data/VPD-OE_Agent_20260709/VPD-OE_Agent/data/raw/ZY/ZY04.xls,三张报表,F10,10
historical_600_unknown_rule,ZY04,4,第4年,comprehensive_expense,产品研发费,0.0,src_158092ee4fdb,origin data/VPD-OE_Agent_20260709/VPD-OE_Agent/data/raw/ZY/ZY04.xls,三张报表,G10,10
historical_600_unknown_rule,ZY04,5,第5年,comprehensive_expense,产品研发费,20.0,src_158092ee4fdb,origin data/VPD-OE_Agent_20260709/VPD-OE_Agent/data/raw/ZY/ZY04.xls,三张报表,H10,10
historical_600_unknown_rule,ZY04,0,初始元年,comprehensive_expense,ISO认证费,0.0,src_158092ee4fdb,origin data/VPD-OE_Agent_20260709/VPD-OE_Agent/data/raw/ZY/ZY04.xls,三张报表,C11,11
historical_600_unknown_rule,ZY04,1,第1年,comprehensive_expense,ISO认证费,0.0,src_158092ee4fdb,origin data/VPD-OE_Agent_20260709/VPD-OE_Agent/data/raw/ZY/ZY04.xls,三张报表,D11,11
historical_600_unknown_rule,ZY04,2,第2年,comprehensive_expense,ISO认证费,30.0,src_158092ee4fdb,origin data/VPD-OE_Agent_20260709/VPD-OE_Agent/data/raw/ZY/ZY04.xls,三张报表,E11,11
historical_600_unknown_rule,ZY04,3,第3年,comprehensive_expense,ISO认证费,30.0,src_158092ee4fdb,origin data/VPD-OE_Agent_20260709/VPD-OE_Agent/data/raw/ZY/ZY04.xls,三张报表,F11,11
historical_600_unknown_rule,ZY04,4,第4年,comprehensive_expense,ISO认证费,0.0,src_158092ee4fdb,origin data/VPD-OE_Agent_20260709/VPD-OE_Agent/data/raw/ZY/ZY04.xls,三张报表,G11,11
historical_600_unknown_rule,ZY04,5,第5年,comprehensive_expense,ISO认证费,0.0,src_158092ee4fdb,origin data/VPD-OE_Agent_20260709/VPD-OE_Agent/data/raw/ZY/ZY04.xls,三张报表,H11,11
historical_600_unknown_rule,ZY04,0,初始元年,comprehensive_expense,信息费,0.0,src_158092ee4fdb,origin data/VPD-OE_Agent_20260709/VPD-OE_Agent/data/raw/ZY/ZY04.xls,三张报表,C12,12
historical_600_unknown_rule,ZY04,1,第1年,comprehensive_expense,信息费,0.0,src_158092ee4fdb,origin data/VPD-OE_Agent_20260709/VPD-OE_Agent/data/raw/ZY/ZY04.xls,三张报表,D12,12
historical_600_unknown_rule,ZY04,2,第2年,comprehensive_expense,信息费,0.0,src_158092ee4fdb,origin data/VPD-OE_Agent_20260709/VPD-OE_Agent/data/raw/ZY/ZY04.xls,三张报表,E12,12
historical_600_unknown_rule,ZY04,3,第3年,comprehensive_expense,信息费,0.0,src_158092ee4fdb,origin data/VPD-OE_Agent_20260709/VPD-OE_Agent/data/raw/ZY/ZY04.xls,三张报表,F12,12
historical_600_unknown_rule,ZY04,4,第4年,comprehensive_expense,信息费,0.0,src_158092ee4fdb,origin data/VPD-OE_Agent_20260709/VPD-OE_Agent/data/raw/ZY/ZY04.xls,三张报表,G12,12
historical_600_unknown_rule,ZY04,5,第5年,comprehensive_expense,信息费,0.0,src_158092ee4fdb,origin data/VPD-OE_Agent_20260709/VPD-OE_Agent/data/raw/ZY/ZY04.xls,三张报表,H12,12
historical_600_unknown_rule,ZY04,0,初始元年,comprehensive_expense,合计,0.0,src_158092ee4fdb,origin data/VPD-OE_Agent_20260709/VPD-OE_Agent/data/raw/ZY/ZY04.xls,三张报表,C13,13
historical_600_unknown_rule,ZY04,1,第1年,comprehensive_expense,合计,190.0,src_158092ee4fdb,origin data/VPD-OE_Agent_20260709/VPD-OE_Agent/data/raw/ZY/ZY04.xls,三张报表,D13,13
historical_600_unknown_rule,ZY04,2,第2年,comprehensive_expense,合计,238.0,src_158092ee4fdb,origin data/VPD-OE_Agent_20260709/VPD-OE_Agent/data/raw/ZY/ZY04.xls,三张报表,E13,13
historical_600_unknown_rule,ZY04,3,第3年,comprehensive_expense,合计,334.0,src_158092ee4fdb,origin data/VPD-OE_Agent_20260709/VPD-OE_Agent/data/raw/ZY/ZY04.xls,三张报表,F13,13
historical_600_unknown_rule,ZY04,4,第4年,comprehensive_expense,合计,268.0,src_158092ee4fdb,origin data/VPD-OE_Agent_20260709/VPD-OE_Agent/data/raw/ZY/ZY04.xls,三张报表,G13,13
historical_600_unknown_rule,ZY04,5,第5年,comprehensive_expense,合计,286.0,src_158092ee4fdb,origin data/VPD-OE_Agent_20260709/VPD-OE_Agent/data/raw/ZY/ZY04.xls,三张报表,H13,13
historical_600_unknown_rule,ZY04,0,初始元年,income_statement,销售收入,0.0,src_158092ee4fdb,origin data/VPD-OE_Agent_20260709/VPD-OE_Agent/data/raw/ZY/ZY04.xls,三张报表,C16,16
historical_600_unknown_rule,ZY04,1,第1年,income_statement,销售收入,0.0,src_158092ee4fdb,origin data/VPD-OE_Agent_20260709/VPD-OE_Agent/data/raw/ZY/ZY04.xls,三张报表,D16,16
historical_600_unknown_rule,ZY04,2,第2年,income_statement,销售收入,553.0,src_158092ee4fdb,origin data/VPD-OE_Agent_20260709/VPD-OE_Agent/data/raw/ZY/ZY04.xls,三张报表,E16,16
historical_600_unknown_rule,ZY04,3,第3年,income_statement,销售收入,1460.0,src_158092ee4fdb,origin data/VPD-OE_Agent_20260709/VPD-OE_Agent/data/raw/ZY/ZY04.xls,三张报表,F16,16
historical_600_unknown_rule,ZY04,4,第4年,income_statement,销售收入,1105.0,src_158092ee4fdb,origin data/VPD-OE_Agent_20260709/VPD-OE_Agent/data/raw/ZY/ZY04.xls,三张报表,G16,16
historical_600_unknown_rule,ZY04,5,第5年,income_statement,销售收入,1355.0,src_158092ee4fdb,origin data/VPD-OE_Agent_20260709/VPD-OE_Agent/data/raw/ZY/ZY04.xls,三张报表,H16,16
historical_600_unknown_rule,ZY04,0,初始元年,income_statement,直接成本,0.0,src_158092ee4fdb,origin data/VPD-OE_Agent_20260709/VPD-OE_Agent/data/raw/ZY/ZY04.xls,三张报表,C17,17
historical_600_unknown_rule,ZY04,1,第1年,income_statement,直接成本,0.0,src_158092ee4fdb,origin data/VPD-OE_Agent_20260709/VPD-OE_Agent/data/raw/ZY/ZY04.xls,三张报表,D17,17
historical_600_unknown_rule,ZY04,2,第2年,income_statement,直接成本,240.0,src_158092ee4fdb,origin data/VPD-OE_Agent_20260709/VPD-OE_Agent/data/raw/ZY/ZY04.xls,三张报表,E17,17
historical_600_unknown_rule,ZY04,3,第3年,income_statement,直接成本,700.0,src_158092ee4fdb,origin data/VPD-OE_Agent_20260709/VPD-OE_Agent/data/raw/ZY/ZY04.xls,三张报表,F17,17
historical_600_unknown_rule,ZY04,4,第4年,income_statement,直接成本,530.0,src_158092ee4fdb,origin data/VPD-OE_Agent_20260709/VPD-OE_Agent/data/raw/ZY/ZY04.xls,三张报表,G17,17
historical_600_unknown_rule,ZY04,5,第5年,income_statement,直接成本,630.0,src_158092ee4fdb,origin data/VPD-OE_Agent_20260709/VPD-OE_Agent/data/raw/ZY/ZY04.xls,三张报表,H17,17
historical_600_unknown_rule,ZY04,0,初始元年,income_statement,毛利,0.0,src_158092ee4fdb,origin data/VPD-OE_Agent_20260709/VPD-OE_Agent/data/raw/ZY/ZY04.xls,三张报表,C18,18
historical_600_unknown_rule,ZY04,1,第1年,income_statement,毛利,0.0,src_158092ee4fdb,origin data/VPD-OE_Agent_20260709/VPD-OE_Agent/data/raw/ZY/ZY04.xls,三张报表,D18,18
historical_600_unknown_rule,ZY04,2,第2年,income_statement,毛利,313.0,src_158092ee4fdb,origin data/VPD-OE_Agent_20260709/VPD-OE_Agent/data/raw/ZY/ZY04.xls,三张报表,E18,18
historical_600_unknown_rule,ZY04,3,第3年,income_statement,毛利,760.0,src_158092ee4fdb,origin data/VPD-OE_Agent_20260709/VPD-OE_Agent/data/raw/ZY/ZY04.xls,三张报表,F18,18
historical_600_unknown_rule,ZY04,4,第4年,income_statement,毛利,575.0,src_158092ee4fdb,origin data/VPD-OE_Agent_20260709/VPD-OE_Agent/data/raw/ZY/ZY04.xls,三张报表,G18,18
historical_600_unknown_rule,ZY04,5,第5年,income_statement,毛利,725.0,src_158092ee4fdb,origin data/VPD-OE_Agent_20260709/VPD-OE_Agent/data/raw/ZY/ZY04.xls,三张报表,H18,18
historical_600_unknown_rule,ZY04,0,初始元年,income_statement,综合费用,0.0,src_158092ee4fdb,origin data/VPD-OE_Agent_20260709/VPD-OE_Agent/data/raw/ZY/ZY04.xls,三张报表,C19,19
historical_600_unknown_rule,ZY04,1,第1年,income_statement,综合费用,190.0,src_158092ee4fdb,origin data/VPD-OE_Agent_20260709/VPD-OE_Agent/data/raw/ZY/ZY04.xls,三张报表,D19,19
historical_600_unknown_rule,ZY04,2,第2年,income_statement,综合费用,238.0,src_158092ee4fdb,origin data/VPD-OE_Agent_20260709/VPD-OE_Agent/data/raw/ZY/ZY04.xls,三张报表,E19,19
historical_600_unknown_rule,ZY04,3,第3年,income_statement,综合费用,334.0,src_158092ee4fdb,origin data/VPD-OE_Agent_20260709/VPD-OE_Agent/data/raw/ZY/ZY04.xls,三张报表,F19,19
historical_600_unknown_rule,ZY04,4,第4年,income_statement,综合费用,268.0,src_158092ee4fdb,origin data/VPD-OE_Agent_20260709/VPD-OE_Agent/data/raw/ZY/ZY04.xls,三张报表,G19,19
historical_600_unknown_rule,ZY04,5,第5年,income_statement,综合费用,286.0,src_158092ee4fdb,origin data/VPD-OE_Agent_20260709/VPD-OE_Agent/data/raw/ZY/ZY04.xls,三张报表,H19,19
historical_600_unknown_rule,ZY04,0,初始元年,income_statement,折旧前利润,0.0,src_158092ee4fdb,origin data/VPD-OE_Agent_20260709/VPD-OE_Agent/data/raw/ZY/ZY04.xls,三张报表,C20,20
historical_600_unknown_rule,ZY04,1,第1年,income_statement,折旧前利润,-190.0,src_158092ee4fdb,origin data/VPD-OE_Agent_20260709/VPD-OE_Agent/data/raw/ZY/ZY04.xls,三张报表,D20,20
historical_600_unknown_rule,ZY04,2,第2年,income_statement,折旧前利润,75.0,src_158092ee4fdb,origin data/VPD-OE_Agent_20260709/VPD-OE_Agent/data/raw/ZY/ZY04.xls,三张报表,E20,20
historical_600_unknown_rule,ZY04,3,第3年,income_statement,折旧前利润,426.0,src_158092ee4fdb,origin data/VPD-OE_Agent_20260709/VPD-OE_Agent/data/raw/ZY/ZY04.xls,三张报表,F20,20
historical_600_unknown_rule,ZY04,4,第4年,income_statement,折旧前利润,307.0,src_158092ee4fdb,origin data/VPD-OE_Agent_20260709/VPD-OE_Agent/data/raw/ZY/ZY04.xls,三张报表,G20,20
historical_600_unknown_rule,ZY04,5,第5年,income_statement,折旧前利润,439.0,src_158092ee4fdb,origin data/VPD-OE_Agent_20260709/VPD-OE_Agent/data/raw/ZY/ZY04.xls,三张报表,H20,20
historical_600_unknown_rule,ZY04,0,初始元年,income_statement,折旧,0.0,src_158092ee4fdb,origin data/VPD-OE_Agent_20260709/VPD-OE_Agent/data/raw/ZY/ZY04.xls,三张报表,C21,21
historical_600_unknown_rule,ZY04,1,第1年,income_statement,折旧,0.0,src_158092ee4fdb,origin data/VPD-OE_Agent_20260709/VPD-OE_Agent/data/raw/ZY/ZY04.xls,三张报表,D21,21
historical_600_unknown_rule,ZY04,2,第2年,income_statement,折旧,0.0,src_158092ee4fdb,origin data/VPD-OE_Agent_20260709/VPD-OE_Agent/data/raw/ZY/ZY04.xls,三张报表,E21,21
historical_600_unknown_rule,ZY04,3,第3年,income_statement,折旧,120.0,src_158092ee4fdb,origin data/VPD-OE_Agent_20260709/VPD-OE_Agent/data/raw/ZY/ZY04.xls,三张报表,F21,21
historical_600_unknown_rule,ZY04,4,第4年,income_statement,折旧,120.0,src_158092ee4fdb,origin data/VPD-OE_Agent_20260709/VPD-OE_Agent/data/raw/ZY/ZY04.xls,三张报表,G21,21
historical_600_unknown_rule,ZY04,5,第5年,income_statement,折旧,120.0,src_158092ee4fdb,origin data/VPD-OE_Agent_20260709/VPD-OE_Agent/data/raw/ZY/ZY04.xls,三张报表,H21,21
historical_600_unknown_rule,ZY04,0,初始元年,income_statement,支付利息前利润,0.0,src_158092ee4fdb,origin data/VPD-OE_Agent_20260709/VPD-OE_Agent/data/raw/ZY/ZY04.xls,三张报表,C22,22
historical_600_unknown_rule,ZY04,1,第1年,income_statement,支付利息前利润,-190.0,src_158092ee4fdb,origin data/VPD-OE_Agent_20260709/VPD-OE_Agent/data/raw/ZY/ZY04.xls,三张报表,D22,22
historical_600_unknown_rule,ZY04,2,第2年,income_statement,支付利息前利润,75.0,src_158092ee4fdb,origin data/VPD-OE_Agent_20260709/VPD-OE_Agent/data/raw/ZY/ZY04.xls,三张报表,E22,22
historical_600_unknown_rule,ZY04,3,第3年,income_statement,支付利息前利润,306.0,src_158092ee4fdb,origin data/VPD-OE_Agent_20260709/VPD-OE_Agent/data/raw/ZY/ZY04.xls,三张报表,F22,22
historical_600_unknown_rule,ZY04,4,第4年,income_statement,支付利息前利润,187.0,src_158092ee4fdb,origin data/VPD-OE_Agent_20260709/VPD-OE_Agent/data/raw/ZY/ZY04.xls,三张报表,G22,22
historical_600_unknown_rule,ZY04,5,第5年,income_statement,支付利息前利润,319.0,src_158092ee4fdb,origin data/VPD-OE_Agent_20260709/VPD-OE_Agent/data/raw/ZY/ZY04.xls,三张报表,H22,22
historical_600_unknown_rule,ZY04,0,初始元年,income_statement,财务费用,0.0,src_158092ee4fdb,origin data/VPD-OE_Agent_20260709/VPD-OE_Agent/data/raw/ZY/ZY04.xls,三张报表,C23,23
historical_600_unknown_rule,ZY04,1,第1年,income_statement,财务费用,0.0,src_158092ee4fdb,origin data/VPD-OE_Agent_20260709/VPD-OE_Agent/data/raw/ZY/ZY04.xls,三张报表,D23,23
historical_600_unknown_rule,ZY04,2,第2年,income_statement,财务费用,115.0,src_158092ee4fdb,origin data/VPD-OE_Agent_20260709/VPD-OE_Agent/data/raw/ZY/ZY04.xls,三张报表,E23,23
historical_600_unknown_rule,ZY04,3,第3年,income_statement,财务费用,186.0,src_158092ee4fdb,origin data/VPD-OE_Agent_20260709/VPD-OE_Agent/data/raw/ZY/ZY04.xls,三张报表,F23,23
historical_600_unknown_rule,ZY04,4,第4年,income_statement,财务费用,165.0,src_158092ee4fdb,origin data/VPD-OE_Agent_20260709/VPD-OE_Agent/data/raw/ZY/ZY04.xls,三张报表,G23,23
historical_600_unknown_rule,ZY04,5,第5年,income_statement,财务费用,111.0,src_158092ee4fdb,origin data/VPD-OE_Agent_20260709/VPD-OE_Agent/data/raw/ZY/ZY04.xls,三张报表,H23,23
historical_600_unknown_rule,ZY04,0,初始元年,income_statement,税前利润,0.0,src_158092ee4fdb,origin data/VPD-OE_Agent_20260709/VPD-OE_Agent/data/raw/ZY/ZY04.xls,三张报表,C24,24
historical_600_unknown_rule,ZY04,1,第1年,income_statement,税前利润,-190.0,src_158092ee4fdb,origin data/VPD-OE_Agent_20260709/VPD-OE_Agent/data/raw/ZY/ZY04.xls,三张报表,D24,24
historical_600_unknown_rule,ZY04,2,第2年,income_statement,税前利润,-40.0,src_158092ee4fdb,origin data/VPD-OE_Agent_20260709/VPD-OE_Agent/data/raw/ZY/ZY04.xls,三张报表,E24,24
historical_600_unknown_rule,ZY04,3,第3年,income_statement,税前利润,120.0,src_158092ee4fdb,origin data/VPD-OE_Agent_20260709/VPD-OE_Agent/data/raw/ZY/ZY04.xls,三张报表,F24,24
historical_600_unknown_rule,ZY04,4,第4年,income_statement,税前利润,22.0,src_158092ee4fdb,origin data/VPD-OE_Agent_20260709/VPD-OE_Agent/data/raw/ZY/ZY04.xls,三张报表,G24,24
historical_600_unknown_rule,ZY04,5,第5年,income_statement,税前利润,208.0,src_158092ee4fdb,origin data/VPD-OE_Agent_20260709/VPD-OE_Agent/data/raw/ZY/ZY04.xls,三张报表,H24,24
historical_600_unknown_rule,ZY04,0,初始元年,income_statement,所得税,0.0,src_158092ee4fdb,origin data/VPD-OE_Agent_20260709/VPD-OE_Agent/data/raw/ZY/ZY04.xls,三张报表,C25,25
historical_600_unknown_rule,ZY04,1,第1年,income_statement,所得税,0.0,src_158092ee4fdb,origin data/VPD-OE_Agent_20260709/VPD-OE_Agent/data/raw/ZY/ZY04.xls,三张报表,D25,25
historical_600_unknown_rule,ZY04,2,第2年,income_statement,所得税,0.0,src_158092ee4fdb,origin data/VPD-OE_Agent_20260709/VPD-OE_Agent/data/raw/ZY/ZY04.xls,三张报表,E25,25
historical_600_unknown_rule,ZY04,3,第3年,income_statement,所得税,0.0,src_158092ee4fdb,origin data/VPD-OE_Agent_20260709/VPD-OE_Agent/data/raw/ZY/ZY04.xls,三张报表,F25,25
historical_600_unknown_rule,ZY04,4,第4年,income_statement,所得税,0.0,src_158092ee4fdb,origin data/VPD-OE_Agent_20260709/VPD-OE_Agent/data/raw/ZY/ZY04.xls,三张报表,G25,25
historical_600_unknown_rule,ZY04,5,第5年,income_statement,所得税,30.0,src_158092ee4fdb,origin data/VPD-OE_Agent_20260709/VPD-OE_Agent/data/raw/ZY/ZY04.xls,三张报表,H25,25
historical_600_unknown_rule,ZY04,0,初始元年,income_statement,年度净利润,0.0,src_158092ee4fdb,origin data/VPD-OE_Agent_20260709/VPD-OE_Agent/data/raw/ZY/ZY04.xls,三张报表,C26,26
historical_600_unknown_rule,ZY04,1,第1年,income_statement,年度净利润,-190.0,src_158092ee4fdb,origin data/VPD-OE_Agent_20260709/VPD-OE_Agent/data/raw/ZY/ZY04.xls,三张报表,D26,26
historical_600_unknown_rule,ZY04,2,第2年,income_statement,年度净利润,-40.0,src_158092ee4fdb,origin data/VPD-OE_Agent_20260709/VPD-OE_Agent/data/raw/ZY/ZY04.xls,三张报表,E26,26
historical_600_unknown_rule,ZY04,3,第3年,income_statement,年度净利润,120.0,src_158092ee4fdb,origin data/VPD-OE_Agent_20260709/VPD-OE_Agent/data/raw/ZY/ZY04.xls,三张报表,F26,26
historical_600_unknown_rule,ZY04,4,第4年,income_statement,年度净利润,22.0,src_158092ee4fdb,origin data/VPD-OE_Agent_20260709/VPD-OE_Agent/data/raw/ZY/ZY04.xls,三张报表,G26,26
historical_600_unknown_rule,ZY04,5,第5年,income_statement,年度净利润,178.0,src_158092ee4fdb,origin data/VPD-OE_Agent_20260709/VPD-OE_Agent/data/raw/ZY/ZY04.xls,三张报表,H26,26
historical_600_unknown_rule,ZY04,0,初始元年,balance_sheet,现金,600.0,src_158092ee4fdb,origin data/VPD-OE_Agent_20260709/VPD-OE_Agent/data/raw/ZY/ZY04.xls,三张报表,C30,30
historical_600_unknown_rule,ZY04,1,第1年,balance_sheet,现金,1110.0,src_158092ee4fdb,origin data/VPD-OE_Agent_20260709/VPD-OE_Agent/data/raw/ZY/ZY04.xls,三张报表,D30,30
historical_600_unknown_rule,ZY04,2,第2年,balance_sheet,现金,125.0,src_158092ee4fdb,origin data/VPD-OE_Agent_20260709/VPD-OE_Agent/data/raw/ZY/ZY04.xls,三张报表,E30,30
historical_600_unknown_rule,ZY04,3,第3年,balance_sheet,现金,80.0,src_158092ee4fdb,origin data/VPD-OE_Agent_20260709/VPD-OE_Agent/data/raw/ZY/ZY04.xls,三张报表,F30,30
historical_600_unknown_rule,ZY04,4,第4年,balance_sheet,现金,378.0,src_158092ee4fdb,origin data/VPD-OE_Agent_20260709/VPD-OE_Agent/data/raw/ZY/ZY04.xls,三张报表,G30,30
historical_600_unknown_rule,ZY04,5,第5年,balance_sheet,现金,414.0,src_158092ee4fdb,origin data/VPD-OE_Agent_20260709/VPD-OE_Agent/data/raw/ZY/ZY04.xls,三张报表,H30,30
historical_600_unknown_rule,ZY04,0,初始元年,balance_sheet,应收款,0.0,src_158092ee4fdb,origin data/VPD-OE_Agent_20260709/VPD-OE_Agent/data/raw/ZY/ZY04.xls,三张报表,C31,31
historical_600_unknown_rule,ZY04,1,第1年,balance_sheet,应收款,0.0,src_158092ee4fdb,origin data/VPD-OE_Agent_20260709/VPD-OE_Agent/data/raw/ZY/ZY04.xls,三张报表,D31,31
historical_600_unknown_rule,ZY04,2,第2年,balance_sheet,应收款,553.0,src_158092ee4fdb,origin data/VPD-OE_Agent_20260709/VPD-OE_Agent/data/raw/ZY/ZY04.xls,三张报表,E31,31
historical_600_unknown_rule,ZY04,3,第3年,balance_sheet,应收款,858.0,src_158092ee4fdb,origin data/VPD-OE_Agent_20260709/VPD-OE_Agent/data/raw/ZY/ZY04.xls,三张报表,F31,31
historical_600_unknown_rule,ZY04,4,第4年,balance_sheet,应收款,764.0,src_158092ee4fdb,origin data/VPD-OE_Agent_20260709/VPD-OE_Agent/data/raw/ZY/ZY04.xls,三张报表,G31,31
historical_600_unknown_rule,ZY04,5,第5年,balance_sheet,应收款,802.0,src_158092ee4fdb,origin data/VPD-OE_Agent_20260709/VPD-OE_Agent/data/raw/ZY/ZY04.xls,三张报表,H31,31
historical_600_unknown_rule,ZY04,0,初始元年,balance_sheet,在制品,0.0,src_158092ee4fdb,origin data/VPD-OE_Agent_20260709/VPD-OE_Agent/data/raw/ZY/ZY04.xls,三张报表,C32,32
historical_600_unknown_rule,ZY04,1,第1年,balance_sheet,在制品,0.0,src_158092ee4fdb,origin data/VPD-OE_Agent_20260709/VPD-OE_Agent/data/raw/ZY/ZY04.xls,三张报表,D32,32
historical_600_unknown_rule,ZY04,2,第2年,balance_sheet,在制品,140.0,src_158092ee4fdb,origin data/VPD-OE_Agent_20260709/VPD-OE_Agent/data/raw/ZY/ZY04.xls,三张报表,E32,32
historical_600_unknown_rule,ZY04,3,第3年,balance_sheet,在制品,140.0,src_158092ee4fdb,origin data/VPD-OE_Agent_20260709/VPD-OE_Agent/data/raw/ZY/ZY04.xls,三张报表,F32,32
historical_600_unknown_rule,ZY04,4,第4年,balance_sheet,在制品,140.0,src_158092ee4fdb,origin data/VPD-OE_Agent_20260709/VPD-OE_Agent/data/raw/ZY/ZY04.xls,三张报表,G32,32
historical_600_unknown_rule,ZY04,5,第5年,balance_sheet,在制品,0.0,src_158092ee4fdb,origin data/VPD-OE_Agent_20260709/VPD-OE_Agent/data/raw/ZY/ZY04.xls,三张报表,H32,32
historical_600_unknown_rule,ZY04,0,初始元年,balance_sheet,产成品,0.0,src_158092ee4fdb,origin data/VPD-OE_Agent_20260709/VPD-OE_Agent/data/raw/ZY/ZY04.xls,三张报表,C33,33
historical_600_unknown_rule,ZY04,1,第1年,balance_sheet,产成品,0.0,src_158092ee4fdb,origin data/VPD-OE_Agent_20260709/VPD-OE_Agent/data/raw/ZY/ZY04.xls,三张报表,D33,33
historical_600_unknown_rule,ZY04,2,第2年,balance_sheet,产成品,180.0,src_158092ee4fdb,origin data/VPD-OE_Agent_20260709/VPD-OE_Agent/data/raw/ZY/ZY04.xls,三张报表,E33,33
historical_600_unknown_rule,ZY04,3,第3年,balance_sheet,产成品,40.0,src_158092ee4fdb,origin data/VPD-OE_Agent_20260709/VPD-OE_Agent/data/raw/ZY/ZY04.xls,三张报表,F33,33
historical_600_unknown_rule,ZY04,4,第4年,balance_sheet,产成品,70.0,src_158092ee4fdb,origin data/VPD-OE_Agent_20260709/VPD-OE_Agent/data/raw/ZY/ZY04.xls,三张报表,G33,33
historical_600_unknown_rule,ZY04,5,第5年,balance_sheet,产成品,0.0,src_158092ee4fdb,origin data/VPD-OE_Agent_20260709/VPD-OE_Agent/data/raw/ZY/ZY04.xls,三张报表,H33,33
historical_600_unknown_rule,ZY04,0,初始元年,balance_sheet,原料,0.0,src_158092ee4fdb,origin data/VPD-OE_Agent_20260709/VPD-OE_Agent/data/raw/ZY/ZY04.xls,三张报表,C34,34
historical_600_unknown_rule,ZY04,1,第1年,balance_sheet,原料,0.0,src_158092ee4fdb,origin data/VPD-OE_Agent_20260709/VPD-OE_Agent/data/raw/ZY/ZY04.xls,三张报表,D34,34
historical_600_unknown_rule,ZY04,2,第2年,balance_sheet,原料,0.0,src_158092ee4fdb,origin data/VPD-OE_Agent_20260709/VPD-OE_Agent/data/raw/ZY/ZY04.xls,三张报表,E34,34
historical_600_unknown_rule,ZY04,3,第3年,balance_sheet,原料,0.0,src_158092ee4fdb,origin data/VPD-OE_Agent_20260709/VPD-OE_Agent/data/raw/ZY/ZY04.xls,三张报表,F34,34
historical_600_unknown_rule,ZY04,4,第4年,balance_sheet,原料,0.0,src_158092ee4fdb,origin data/VPD-OE_Agent_20260709/VPD-OE_Agent/data/raw/ZY/ZY04.xls,三张报表,G34,34
historical_600_unknown_rule,ZY04,5,第5年,balance_sheet,原料,0.0,src_158092ee4fdb,origin data/VPD-OE_Agent_20260709/VPD-OE_Agent/data/raw/ZY/ZY04.xls,三张报表,H34,34
historical_600_unknown_rule,ZY04,0,初始元年,balance_sheet,流动资产合计,600.0,src_158092ee4fdb,origin data/VPD-OE_Agent_20260709/VPD-OE_Agent/data/raw/ZY/ZY04.xls,三张报表,C35,35
historical_600_unknown_rule,ZY04,1,第1年,balance_sheet,流动资产合计,1110.0,src_158092ee4fdb,origin data/VPD-OE_Agent_20260709/VPD-OE_Agent/data/raw/ZY/ZY04.xls,三张报表,D35,35
historical_600_unknown_rule,ZY04,2,第2年,balance_sheet,流动资产合计,998.0,src_158092ee4fdb,origin data/VPD-OE_Agent_20260709/VPD-OE_Agent/data/raw/ZY/ZY04.xls,三张报表,E35,35
historical_600_unknown_rule,ZY04,3,第3年,balance_sheet,流动资产合计,1118.0,src_158092ee4fdb,origin data/VPD-OE_Agent_20260709/VPD-OE_Agent/data/raw/ZY/ZY04.xls,三张报表,F35,35
historical_600_unknown_rule,ZY04,4,第4年,balance_sheet,流动资产合计,1352.0,src_158092ee4fdb,origin data/VPD-OE_Agent_20260709/VPD-OE_Agent/data/raw/ZY/ZY04.xls,三张报表,G35,35
historical_600_unknown_rule,ZY04,5,第5年,balance_sheet,流动资产合计,1216.0,src_158092ee4fdb,origin data/VPD-OE_Agent_20260709/VPD-OE_Agent/data/raw/ZY/ZY04.xls,三张报表,H35,35
historical_600_unknown_rule,ZY04,0,初始元年,balance_sheet,厂房,0.0,src_158092ee4fdb,origin data/VPD-OE_Agent_20260709/VPD-OE_Agent/data/raw/ZY/ZY04.xls,三张报表,C36,36
historical_600_unknown_rule,ZY04,1,第1年,balance_sheet,厂房,0.0,src_158092ee4fdb,origin data/VPD-OE_Agent_20260709/VPD-OE_Agent/data/raw/ZY/ZY04.xls,三张报表,D36,36
historical_600_unknown_rule,ZY04,2,第2年,balance_sheet,厂房,0.0,src_158092ee4fdb,origin data/VPD-OE_Agent_20260709/VPD-OE_Agent/data/raw/ZY/ZY04.xls,三张报表,E36,36
historical_600_unknown_rule,ZY04,3,第3年,balance_sheet,厂房,0.0,src_158092ee4fdb,origin data/VPD-OE_Agent_20260709/VPD-OE_Agent/data/raw/ZY/ZY04.xls,三张报表,F36,36
historical_600_unknown_rule,ZY04,4,第4年,balance_sheet,厂房,0.0,src_158092ee4fdb,origin data/VPD-OE_Agent_20260709/VPD-OE_Agent/data/raw/ZY/ZY04.xls,三张报表,G36,36
historical_600_unknown_rule,ZY04,5,第5年,balance_sheet,厂房,600.0,src_158092ee4fdb,origin data/VPD-OE_Agent_20260709/VPD-OE_Agent/data/raw/ZY/ZY04.xls,三张报表,H36,36
historical_600_unknown_rule,ZY04,0,初始元年,balance_sheet,机器设备,0.0,src_158092ee4fdb,origin data/VPD-OE_Agent_20260709/VPD-OE_Agent/data/raw/ZY/ZY04.xls,三张报表,C37,37
historical_600_unknown_rule,ZY04,1,第1年,balance_sheet,机器设备,0.0,src_158092ee4fdb,origin data/VPD-OE_Agent_20260709/VPD-OE_Agent/data/raw/ZY/ZY04.xls,三张报表,D37,37
historical_600_unknown_rule,ZY04,2,第2年,balance_sheet,机器设备,600.0,src_158092ee4fdb,origin data/VPD-OE_Agent_20260709/VPD-OE_Agent/data/raw/ZY/ZY04.xls,三张报表,E37,37
historical_600_unknown_rule,ZY04,3,第3年,balance_sheet,机器设备,480.0,src_158092ee4fdb,origin data/VPD-OE_Agent_20260709/VPD-OE_Agent/data/raw/ZY/ZY04.xls,三张报表,F37,37
historical_600_unknown_rule,ZY04,4,第4年,balance_sheet,机器设备,360.0,src_158092ee4fdb,origin data/VPD-OE_Agent_20260709/VPD-OE_Agent/data/raw/ZY/ZY04.xls,三张报表,G37,37
historical_600_unknown_rule,ZY04,5,第5年,balance_sheet,机器设备,440.0,src_158092ee4fdb,origin data/VPD-OE_Agent_20260709/VPD-OE_Agent/data/raw/ZY/ZY04.xls,三张报表,H37,37
historical_600_unknown_rule,ZY04,0,初始元年,balance_sheet,在建工程,0.0,src_158092ee4fdb,origin data/VPD-OE_Agent_20260709/VPD-OE_Agent/data/raw/ZY/ZY04.xls,三张报表,C38,38
historical_600_unknown_rule,ZY04,1,第1年,balance_sheet,在建工程,600.0,src_158092ee4fdb,origin data/VPD-OE_Agent_20260709/VPD-OE_Agent/data/raw/ZY/ZY04.xls,三张报表,D38,38
historical_600_unknown_rule,ZY04,2,第2年,balance_sheet,在建工程,0.0,src_158092ee4fdb,origin data/VPD-OE_Agent_20260709/VPD-OE_Agent/data/raw/ZY/ZY04.xls,三张报表,E38,38
historical_600_unknown_rule,ZY04,3,第3年,balance_sheet,在建工程,0.0,src_158092ee4fdb,origin data/VPD-OE_Agent_20260709/VPD-OE_Agent/data/raw/ZY/ZY04.xls,三张报表,F38,38
historical_600_unknown_rule,ZY04,4,第4年,balance_sheet,在建工程,0.0,src_158092ee4fdb,origin data/VPD-OE_Agent_20260709/VPD-OE_Agent/data/raw/ZY/ZY04.xls,三张报表,G38,38
historical_600_unknown_rule,ZY04,5,第5年,balance_sheet,在建工程,0.0,src_158092ee4fdb,origin data/VPD-OE_Agent_20260709/VPD-OE_Agent/data/raw/ZY/ZY04.xls,三张报表,H38,38
historical_600_unknown_rule,ZY04,0,初始元年,balance_sheet,固定资产合计,0.0,src_158092ee4fdb,origin data/VPD-OE_Agent_20260709/VPD-OE_Agent/data/raw/ZY/ZY04.xls,三张报表,C39,39
historical_600_unknown_rule,ZY04,1,第1年,balance_sheet,固定资产合计,600.0,src_158092ee4fdb,origin data/VPD-OE_Agent_20260709/VPD-OE_Agent/data/raw/ZY/ZY04.xls,三张报表,D39,39
historical_600_unknown_rule,ZY04,2,第2年,balance_sheet,固定资产合计,600.0,src_158092ee4fdb,origin data/VPD-OE_Agent_20260709/VPD-OE_Agent/data/raw/ZY/ZY04.xls,三张报表,E39,39
historical_600_unknown_rule,ZY04,3,第3年,balance_sheet,固定资产合计,480.0,src_158092ee4fdb,origin data/VPD-OE_Agent_20260709/VPD-OE_Agent/data/raw/ZY/ZY04.xls,三张报表,F39,39
historical_600_unknown_rule,ZY04,4,第4年,balance_sheet,固定资产合计,360.0,src_158092ee4fdb,origin data/VPD-OE_Agent_20260709/VPD-OE_Agent/data/raw/ZY/ZY04.xls,三张报表,G39,39
historical_600_unknown_rule,ZY04,5,第5年,balance_sheet,固定资产合计,1040.0,src_158092ee4fdb,origin data/VPD-OE_Agent_20260709/VPD-OE_Agent/data/raw/ZY/ZY04.xls,三张报表,H39,39
historical_600_unknown_rule,ZY04,0,初始元年,balance_sheet,资产总计,600.0,src_158092ee4fdb,origin data/VPD-OE_Agent_20260709/VPD-OE_Agent/data/raw/ZY/ZY04.xls,三张报表,C40,40
historical_600_unknown_rule,ZY04,1,第1年,balance_sheet,资产总计,1710.0,src_158092ee4fdb,origin data/VPD-OE_Agent_20260709/VPD-OE_Agent/data/raw/ZY/ZY04.xls,三张报表,D40,40
historical_600_unknown_rule,ZY04,2,第2年,balance_sheet,资产总计,1598.0,src_158092ee4fdb,origin data/VPD-OE_Agent_20260709/VPD-OE_Agent/data/raw/ZY/ZY04.xls,三张报表,E40,40
historical_600_unknown_rule,ZY04,3,第3年,balance_sheet,资产总计,1598.0,src_158092ee4fdb,origin data/VPD-OE_Agent_20260709/VPD-OE_Agent/data/raw/ZY/ZY04.xls,三张报表,F40,40
historical_600_unknown_rule,ZY04,4,第4年,balance_sheet,资产总计,1712.0,src_158092ee4fdb,origin data/VPD-OE_Agent_20260709/VPD-OE_Agent/data/raw/ZY/ZY04.xls,三张报表,G40,40
historical_600_unknown_rule,ZY04,5,第5年,balance_sheet,资产总计,2256.0,src_158092ee4fdb,origin data/VPD-OE_Agent_20260709/VPD-OE_Agent/data/raw/ZY/ZY04.xls,三张报表,H40,40
historical_600_unknown_rule,ZY04,0,初始元年,balance_sheet,长期贷款,0.0,src_158092ee4fdb,origin data/VPD-OE_Agent_20260709/VPD-OE_Agent/data/raw/ZY/ZY04.xls,三张报表,C41,41
historical_600_unknown_rule,ZY04,1,第1年,balance_sheet,长期贷款,1000.0,src_158092ee4fdb,origin data/VPD-OE_Agent_20260709/VPD-OE_Agent/data/raw/ZY/ZY04.xls,三张报表,D41,41
historical_600_unknown_rule,ZY04,2,第2年,balance_sheet,长期贷款,1000.0,src_158092ee4fdb,origin data/VPD-OE_Agent_20260709/VPD-OE_Agent/data/raw/ZY/ZY04.xls,三张报表,E41,41
historical_600_unknown_rule,ZY04,3,第3年,balance_sheet,长期贷款,1000.0,src_158092ee4fdb,origin data/VPD-OE_Agent_20260709/VPD-OE_Agent/data/raw/ZY/ZY04.xls,三张报表,F41,41
historical_600_unknown_rule,ZY04,4,第4年,balance_sheet,长期贷款,1000.0,src_158092ee4fdb,origin data/VPD-OE_Agent_20260709/VPD-OE_Agent/data/raw/ZY/ZY04.xls,三张报表,G41,41
historical_600_unknown_rule,ZY04,5,第5年,balance_sheet,长期贷款,1000.0,src_158092ee4fdb,origin data/VPD-OE_Agent_20260709/VPD-OE_Agent/data/raw/ZY/ZY04.xls,三张报表,H41,41
historical_600_unknown_rule,ZY04,0,初始元年,balance_sheet,短期贷款,0.0,src_158092ee4fdb,origin data/VPD-OE_Agent_20260709/VPD-OE_Agent/data/raw/ZY/ZY04.xls,三张报表,C42,42
historical_600_unknown_rule,ZY04,1,第1年,balance_sheet,短期贷款,300.0,src_158092ee4fdb,origin data/VPD-OE_Agent_20260709/VPD-OE_Agent/data/raw/ZY/ZY04.xls,三张报表,D42,42
historical_600_unknown_rule,ZY04,2,第2年,balance_sheet,短期贷款,228.0,src_158092ee4fdb,origin data/VPD-OE_Agent_20260709/VPD-OE_Agent/data/raw/ZY/ZY04.xls,三张报表,E42,42
historical_600_unknown_rule,ZY04,3,第3年,balance_sheet,短期贷款,108.0,src_158092ee4fdb,origin data/VPD-OE_Agent_20260709/VPD-OE_Agent/data/raw/ZY/ZY04.xls,三张报表,F42,42
historical_600_unknown_rule,ZY04,4,第4年,balance_sheet,短期贷款,200.0,src_158092ee4fdb,origin data/VPD-OE_Agent_20260709/VPD-OE_Agent/data/raw/ZY/ZY04.xls,三张报表,G42,42
historical_600_unknown_rule,ZY04,5,第5年,balance_sheet,短期贷款,536.0,src_158092ee4fdb,origin data/VPD-OE_Agent_20260709/VPD-OE_Agent/data/raw/ZY/ZY04.xls,三张报表,H42,42
historical_600_unknown_rule,ZY04,0,初始元年,balance_sheet,特别贷款,0.0,src_158092ee4fdb,origin data/VPD-OE_Agent_20260709/VPD-OE_Agent/data/raw/ZY/ZY04.xls,三张报表,C43,43
historical_600_unknown_rule,ZY04,1,第1年,balance_sheet,特别贷款,0.0,src_158092ee4fdb,origin data/VPD-OE_Agent_20260709/VPD-OE_Agent/data/raw/ZY/ZY04.xls,三张报表,D43,43
historical_600_unknown_rule,ZY04,2,第2年,balance_sheet,特别贷款,0.0,src_158092ee4fdb,origin data/VPD-OE_Agent_20260709/VPD-OE_Agent/data/raw/ZY/ZY04.xls,三张报表,E43,43
historical_600_unknown_rule,ZY04,3,第3年,balance_sheet,特别贷款,0.0,src_158092ee4fdb,origin data/VPD-OE_Agent_20260709/VPD-OE_Agent/data/raw/ZY/ZY04.xls,三张报表,F43,43
historical_600_unknown_rule,ZY04,4,第4年,balance_sheet,特别贷款,0.0,src_158092ee4fdb,origin data/VPD-OE_Agent_20260709/VPD-OE_Agent/data/raw/ZY/ZY04.xls,三张报表,G43,43
historical_600_unknown_rule,ZY04,5,第5年,balance_sheet,特别贷款,0.0,src_158092ee4fdb,origin data/VPD-OE_Agent_20260709/VPD-OE_Agent/data/raw/ZY/ZY04.xls,三张报表,H43,43
historical_600_unknown_rule,ZY04,0,初始元年,balance_sheet,所得税,0.0,src_158092ee4fdb,origin data/VPD-OE_Agent_20260709/VPD-OE_Agent/data/raw/ZY/ZY04.xls,三张报表,C44,44
historical_600_unknown_rule,ZY04,1,第1年,balance_sheet,所得税,0.0,src_158092ee4fdb,origin data/VPD-OE_Agent_20260709/VPD-OE_Agent/data/raw/ZY/ZY04.xls,三张报表,D44,44
historical_600_unknown_rule,ZY04,2,第2年,balance_sheet,所得税,0.0,src_158092ee4fdb,origin data/VPD-OE_Agent_20260709/VPD-OE_Agent/data/raw/ZY/ZY04.xls,三张报表,E44,44
historical_600_unknown_rule,ZY04,3,第3年,balance_sheet,所得税,0.0,src_158092ee4fdb,origin data/VPD-OE_Agent_20260709/VPD-OE_Agent/data/raw/ZY/ZY04.xls,三张报表,F44,44
historical_600_unknown_rule,ZY04,4,第4年,balance_sheet,所得税,0.0,src_158092ee4fdb,origin data/VPD-OE_Agent_20260709/VPD-OE_Agent/data/raw/ZY/ZY04.xls,三张报表,G44,44
historical_600_unknown_rule,ZY04,5,第5年,balance_sheet,所得税,30.0,src_158092ee4fdb,origin data/VPD-OE_Agent_20260709/VPD-OE_Agent/data/raw/ZY/ZY04.xls,三张报表,H44,44
historical_600_unknown_rule,ZY04,0,初始元年,balance_sheet,负债合计,0.0,src_158092ee4fdb,origin data/VPD-OE_Agent_20260709/VPD-OE_Agent/data/raw/ZY/ZY04.xls,三张报表,C45,45
historical_600_unknown_rule,ZY04,1,第1年,balance_sheet,负债合计,1300.0,src_158092ee4fdb,origin data/VPD-OE_Agent_20260709/VPD-OE_Agent/data/raw/ZY/ZY04.xls,三张报表,D45,45
historical_600_unknown_rule,ZY04,2,第2年,balance_sheet,负债合计,1228.0,src_158092ee4fdb,origin data/VPD-OE_Agent_20260709/VPD-OE_Agent/data/raw/ZY/ZY04.xls,三张报表,E45,45
historical_600_unknown_rule,ZY04,3,第3年,balance_sheet,负债合计,1108.0,src_158092ee4fdb,origin data/VPD-OE_Agent_20260709/VPD-OE_Agent/data/raw/ZY/ZY04.xls,三张报表,F45,45
historical_600_unknown_rule,ZY04,4,第4年,balance_sheet,负债合计,1200.0,src_158092ee4fdb,origin data/VPD-OE_Agent_20260709/VPD-OE_Agent/data/raw/ZY/ZY04.xls,三张报表,G45,45
historical_600_unknown_rule,ZY04,5,第5年,balance_sheet,负债合计,1566.0,src_158092ee4fdb,origin data/VPD-OE_Agent_20260709/VPD-OE_Agent/data/raw/ZY/ZY04.xls,三张报表,H45,45
historical_600_unknown_rule,ZY04,0,初始元年,balance_sheet,股东资本,600.0,src_158092ee4fdb,origin data/VPD-OE_Agent_20260709/VPD-OE_Agent/data/raw/ZY/ZY04.xls,三张报表,C46,46
historical_600_unknown_rule,ZY04,1,第1年,balance_sheet,股东资本,600.0,src_158092ee4fdb,origin data/VPD-OE_Agent_20260709/VPD-OE_Agent/data/raw/ZY/ZY04.xls,三张报表,D46,46
historical_600_unknown_rule,ZY04,2,第2年,balance_sheet,股东资本,600.0,src_158092ee4fdb,origin data/VPD-OE_Agent_20260709/VPD-OE_Agent/data/raw/ZY/ZY04.xls,三张报表,E46,46
historical_600_unknown_rule,ZY04,3,第3年,balance_sheet,股东资本,600.0,src_158092ee4fdb,origin data/VPD-OE_Agent_20260709/VPD-OE_Agent/data/raw/ZY/ZY04.xls,三张报表,F46,46
historical_600_unknown_rule,ZY04,4,第4年,balance_sheet,股东资本,600.0,src_158092ee4fdb,origin data/VPD-OE_Agent_20260709/VPD-OE_Agent/data/raw/ZY/ZY04.xls,三张报表,G46,46
historical_600_unknown_rule,ZY04,5,第5年,balance_sheet,股东资本,600.0,src_158092ee4fdb,origin data/VPD-OE_Agent_20260709/VPD-OE_Agent/data/raw/ZY/ZY04.xls,三张报表,H46,46
historical_600_unknown_rule,ZY04,0,初始元年,balance_sheet,利润留存,0.0,src_158092ee4fdb,origin data/VPD-OE_Agent_20260709/VPD-OE_Agent/data/raw/ZY/ZY04.xls,三张报表,C47,47
historical_600_unknown_rule,ZY04,1,第1年,balance_sheet,利润留存,0.0,src_158092ee4fdb,origin data/VPD-OE_Agent_20260709/VPD-OE_Agent/data/raw/ZY/ZY04.xls,三张报表,D47,47
historical_600_unknown_rule,ZY04,2,第2年,balance_sheet,利润留存,-190.0,src_158092ee4fdb,origin data/VPD-OE_Agent_20260709/VPD-OE_Agent/data/raw/ZY/ZY04.xls,三张报表,E47,47
historical_600_unknown_rule,ZY04,3,第3年,balance_sheet,利润留存,-230.0,src_158092ee4fdb,origin data/VPD-OE_Agent_20260709/VPD-OE_Agent/data/raw/ZY/ZY04.xls,三张报表,F47,47
historical_600_unknown_rule,ZY04,4,第4年,balance_sheet,利润留存,-110.0,src_158092ee4fdb,origin data/VPD-OE_Agent_20260709/VPD-OE_Agent/data/raw/ZY/ZY04.xls,三张报表,G47,47
historical_600_unknown_rule,ZY04,5,第5年,balance_sheet,利润留存,-88.0,src_158092ee4fdb,origin data/VPD-OE_Agent_20260709/VPD-OE_Agent/data/raw/ZY/ZY04.xls,三张报表,H47,47
historical_600_unknown_rule,ZY04,0,初始元年,balance_sheet,年度净利,0.0,src_158092ee4fdb,origin data/VPD-OE_Agent_20260709/VPD-OE_Agent/data/raw/ZY/ZY04.xls,三张报表,C48,48
historical_600_unknown_rule,ZY04,1,第1年,balance_sheet,年度净利,-190.0,src_158092ee4fdb,origin data/VPD-OE_Agent_20260709/VPD-OE_Agent/data/raw/ZY/ZY04.xls,三张报表,D48,48
historical_600_unknown_rule,ZY04,2,第2年,balance_sheet,年度净利,-40.0,src_158092ee4fdb,origin data/VPD-OE_Agent_20260709/VPD-OE_Agent/data/raw/ZY/ZY04.xls,三张报表,E48,48
historical_600_unknown_rule,ZY04,3,第3年,balance_sheet,年度净利,120.0,src_158092ee4fdb,origin data/VPD-OE_Agent_20260709/VPD-OE_Agent/data/raw/ZY/ZY04.xls,三张报表,F48,48
historical_600_unknown_rule,ZY04,4,第4年,balance_sheet,年度净利,22.0,src_158092ee4fdb,origin data/VPD-OE_Agent_20260709/VPD-OE_Agent/data/raw/ZY/ZY04.xls,三张报表,G48,48
historical_600_unknown_rule,ZY04,5,第5年,balance_sheet,年度净利,178.0,src_158092ee4fdb,origin data/VPD-OE_Agent_20260709/VPD-OE_Agent/data/raw/ZY/ZY04.xls,三张报表,H48,48
historical_600_unknown_rule,ZY04,0,初始元年,balance_sheet,所有者权益合计,600.0,src_158092ee4fdb,origin data/VPD-OE_Agent_20260709/VPD-OE_Agent/data/raw/ZY/ZY04.xls,三张报表,C49,49
historical_600_unknown_rule,ZY04,1,第1年,balance_sheet,所有者权益合计,410.0,src_158092ee4fdb,origin data/VPD-OE_Agent_20260709/VPD-OE_Agent/data/raw/ZY/ZY04.xls,三张报表,D49,49
historical_600_unknown_rule,ZY04,2,第2年,balance_sheet,所有者权益合计,370.0,src_158092ee4fdb,origin data/VPD-OE_Agent_20260709/VPD-OE_Agent/data/raw/ZY/ZY04.xls,三张报表,E49,49
historical_600_unknown_rule,ZY04,3,第3年,balance_sheet,所有者权益合计,490.0,src_158092ee4fdb,origin data/VPD-OE_Agent_20260709/VPD-OE_Agent/data/raw/ZY/ZY04.xls,三张报表,F49,49
historical_600_unknown_rule,ZY04,4,第4年,balance_sheet,所有者权益合计,512.0,src_158092ee4fdb,origin data/VPD-OE_Agent_20260709/VPD-OE_Agent/data/raw/ZY/ZY04.xls,三张报表,G49,49
historical_600_unknown_rule,ZY04,5,第5年,balance_sheet,所有者权益合计,690.0,src_158092ee4fdb,origin data/VPD-OE_Agent_20260709/VPD-OE_Agent/data/raw/ZY/ZY04.xls,三张报表,H49,49
historical_600_unknown_rule,ZY04,0,初始元年,balance_sheet,负债和所有者权益总计,600.0,src_158092ee4fdb,origin data/VPD-OE_Agent_20260709/VPD-OE_Agent/data/raw/ZY/ZY04.xls,三张报表,C50,50
historical_600_unknown_rule,ZY04,1,第1年,balance_sheet,负债和所有者权益总计,1710.0,src_158092ee4fdb,origin data/VPD-OE_Agent_20260709/VPD-OE_Agent/data/raw/ZY/ZY04.xls,三张报表,D50,50
historical_600_unknown_rule,ZY04,2,第2年,balance_sheet,负债和所有者权益总计,1598.0,src_158092ee4fdb,origin data/VPD-OE_Agent_20260709/VPD-OE_Agent/data/raw/ZY/ZY04.xls,三张报表,E50,50
historical_600_unknown_rule,ZY04,3,第3年,balance_sheet,负债和所有者权益总计,1598.0,src_158092ee4fdb,origin data/VPD-OE_Agent_20260709/VPD-OE_Agent/data/raw/ZY/ZY04.xls,三张报表,F50,50
historical_600_unknown_rule,ZY04,4,第4年,balance_sheet,负债和所有者权益总计,1712.0,src_158092ee4fdb,origin data/VPD-OE_Agent_20260709/VPD-OE_Agent/data/raw/ZY/ZY04.xls,三张报表,G50,50
historical_600_unknown_rule,ZY04,5,第5年,balance_sheet,负债和所有者权益总计,2256.0,src_158092ee4fdb,origin data/VPD-OE_Agent_20260709/VPD-OE_Agent/data/raw/ZY/ZY04.xls,三张报表,H50,50
historical_600_unknown_rule,ZY05,0,初始元年,comprehensive_expense,管理费,0.0,src_33c96cbd4d19,origin data/VPD-OE_Agent_20260709/VPD-OE_Agent/data/raw/ZY/ZY05.xls,三张报表,C3,3
historical_600_unknown_rule,ZY05,1,第1年,comprehensive_expense,管理费,40.0,src_33c96cbd4d19,origin data/VPD-OE_Agent_20260709/VPD-OE_Agent/data/raw/ZY/ZY05.xls,三张报表,D3,3
historical_600_unknown_rule,ZY05,2,第2年,comprehensive_expense,管理费,40.0,src_33c96cbd4d19,origin data/VPD-OE_Agent_20260709/VPD-OE_Agent/data/raw/ZY/ZY05.xls,三张报表,E3,3
historical_600_unknown_rule,ZY05,3,第3年,comprehensive_expense,管理费,40.0,src_33c96cbd4d19,origin data/VPD-OE_Agent_20260709/VPD-OE_Agent/data/raw/ZY/ZY05.xls,三张报表,F3,3
historical_600_unknown_rule,ZY05,4,第4年,comprehensive_expense,管理费,40.0,src_33c96cbd4d19,origin data/VPD-OE_Agent_20260709/VPD-OE_Agent/data/raw/ZY/ZY05.xls,三张报表,G3,3
historical_600_unknown_rule,ZY05,5,第5年,comprehensive_expense,管理费,40.0,src_33c96cbd4d19,origin data/VPD-OE_Agent_20260709/VPD-OE_Agent/data/raw/ZY/ZY05.xls,三张报表,H3,3
historical_600_unknown_rule,ZY05,0,初始元年,comprehensive_expense,广告费,0.0,src_33c96cbd4d19,origin data/VPD-OE_Agent_20260709/VPD-OE_Agent/data/raw/ZY/ZY05.xls,三张报表,C4,4
historical_600_unknown_rule,ZY05,1,第1年,comprehensive_expense,广告费,0.0,src_33c96cbd4d19,origin data/VPD-OE_Agent_20260709/VPD-OE_Agent/data/raw/ZY/ZY05.xls,三张报表,D4,4
historical_600_unknown_rule,ZY05,2,第2年,comprehensive_expense,广告费,77.0,src_33c96cbd4d19,origin data/VPD-OE_Agent_20260709/VPD-OE_Agent/data/raw/ZY/ZY05.xls,三张报表,E4,4
historical_600_unknown_rule,ZY05,3,第3年,comprehensive_expense,广告费,90.0,src_33c96cbd4d19,origin data/VPD-OE_Agent_20260709/VPD-OE_Agent/data/raw/ZY/ZY05.xls,三张报表,F4,4
historical_600_unknown_rule,ZY05,4,第4年,comprehensive_expense,广告费,111.0,src_33c96cbd4d19,origin data/VPD-OE_Agent_20260709/VPD-OE_Agent/data/raw/ZY/ZY05.xls,三张报表,G4,4
historical_600_unknown_rule,ZY05,5,第5年,comprehensive_expense,广告费,97.0,src_33c96cbd4d19,origin data/VPD-OE_Agent_20260709/VPD-OE_Agent/data/raw/ZY/ZY05.xls,三张报表,H4,4
historical_600_unknown_rule,ZY05,0,初始元年,comprehensive_expense,维护费,0.0,src_33c96cbd4d19,origin data/VPD-OE_Agent_20260709/VPD-OE_Agent/data/raw/ZY/ZY05.xls,三张报表,C5,5
historical_600_unknown_rule,ZY05,1,第1年,comprehensive_expense,维护费,0.0,src_33c96cbd4d19,origin data/VPD-OE_Agent_20260709/VPD-OE_Agent/data/raw/ZY/ZY05.xls,三张报表,D5,5
historical_600_unknown_rule,ZY05,2,第2年,comprehensive_expense,维护费,40.0,src_33c96cbd4d19,origin data/VPD-OE_Agent_20260709/VPD-OE_Agent/data/raw/ZY/ZY05.xls,三张报表,E5,5
historical_600_unknown_rule,ZY05,3,第3年,comprehensive_expense,维护费,40.0,src_33c96cbd4d19,origin data/VPD-OE_Agent_20260709/VPD-OE_Agent/data/raw/ZY/ZY05.xls,三张报表,F5,5
historical_600_unknown_rule,ZY05,4,第4年,comprehensive_expense,维护费,40.0,src_33c96cbd4d19,origin data/VPD-OE_Agent_20260709/VPD-OE_Agent/data/raw/ZY/ZY05.xls,三张报表,G5,5
historical_600_unknown_rule,ZY05,5,第5年,comprehensive_expense,维护费,160.0,src_33c96cbd4d19,origin data/VPD-OE_Agent_20260709/VPD-OE_Agent/data/raw/ZY/ZY05.xls,三张报表,H5,5
historical_600_unknown_rule,ZY05,0,初始元年,comprehensive_expense,损失,0.0,src_33c96cbd4d19,origin data/VPD-OE_Agent_20260709/VPD-OE_Agent/data/raw/ZY/ZY05.xls,三张报表,C6,6
historical_600_unknown_rule,ZY05,1,第1年,comprehensive_expense,损失,0.0,src_33c96cbd4d19,origin data/VPD-OE_Agent_20260709/VPD-OE_Agent/data/raw/ZY/ZY05.xls,三张报表,D6,6
historical_600_unknown_rule,ZY05,2,第2年,comprehensive_expense,损失,0.0,src_33c96cbd4d19,origin data/VPD-OE_Agent_20260709/VPD-OE_Agent/data/raw/ZY/ZY05.xls,三张报表,E6,6
historical_600_unknown_rule,ZY05,3,第3年,comprehensive_expense,损失,160.0,src_33c96cbd4d19,origin data/VPD-OE_Agent_20260709/VPD-OE_Agent/data/raw/ZY/ZY05.xls,三张报表,F6,6
historical_600_unknown_rule,ZY05,4,第4年,comprehensive_expense,损失,0.0,src_33c96cbd4d19,origin data/VPD-OE_Agent_20260709/VPD-OE_Agent/data/raw/ZY/ZY05.xls,三张报表,G6,6
historical_600_unknown_rule,ZY05,5,第5年,comprehensive_expense,损失,0.0,src_33c96cbd4d19,origin data/VPD-OE_Agent_20260709/VPD-OE_Agent/data/raw/ZY/ZY05.xls,三张报表,H6,6
historical_600_unknown_rule,ZY05,0,初始元年,comprehensive_expense,转产费,0.0,src_33c96cbd4d19,origin data/VPD-OE_Agent_20260709/VPD-OE_Agent/data/raw/ZY/ZY05.xls,三张报表,C7,7
historical_600_unknown_rule,ZY05,1,第1年,comprehensive_expense,转产费,0.0,src_33c96cbd4d19,origin data/VPD-OE_Agent_20260709/VPD-OE_Agent/data/raw/ZY/ZY05.xls,三张报表,D7,7
historical_600_unknown_rule,ZY05,2,第2年,comprehensive_expense,转产费,0.0,src_33c96cbd4d19,origin data/VPD-OE_Agent_20260709/VPD-OE_Agent/data/raw/ZY/ZY05.xls,三张报表,E7,7
historical_600_unknown_rule,ZY05,3,第3年,comprehensive_expense,转产费,0.0,src_33c96cbd4d19,origin data/VPD-OE_Agent_20260709/VPD-OE_Agent/data/raw/ZY/ZY05.xls,三张报表,F7,7
historical_600_unknown_rule,ZY05,4,第4年,comprehensive_expense,转产费,0.0,src_33c96cbd4d19,origin data/VPD-OE_Agent_20260709/VPD-OE_Agent/data/raw/ZY/ZY05.xls,三张报表,G7,7
historical_600_unknown_rule,ZY05,5,第5年,comprehensive_expense,转产费,0.0,src_33c96cbd4d19,origin data/VPD-OE_Agent_20260709/VPD-OE_Agent/data/raw/ZY/ZY05.xls,三张报表,H7,7
historical_600_unknown_rule,ZY05,0,初始元年,comprehensive_expense,租金,0.0,src_33c96cbd4d19,origin data/VPD-OE_Agent_20260709/VPD-OE_Agent/data/raw/ZY/ZY05.xls,三张报表,C8,8
historical_600_unknown_rule,ZY05,1,第1年,comprehensive_expense,租金,40.0,src_33c96cbd4d19,origin data/VPD-OE_Agent_20260709/VPD-OE_Agent/data/raw/ZY/ZY05.xls,三张报表,D8,8
historical_600_unknown_rule,ZY05,2,第2年,comprehensive_expense,租金,40.0,src_33c96cbd4d19,origin data/VPD-OE_Agent_20260709/VPD-OE_Agent/data/raw/ZY/ZY05.xls,三张报表,E8,8
historical_600_unknown_rule,ZY05,3,第3年,comprehensive_expense,租金,40.0,src_33c96cbd4d19,origin data/VPD-OE_Agent_20260709/VPD-OE_Agent/data/raw/ZY/ZY05.xls,三张报表,F8,8
historical_600_unknown_rule,ZY05,4,第4年,comprehensive_expense,租金,80.0,src_33c96cbd4d19,origin data/VPD-OE_Agent_20260709/VPD-OE_Agent/data/raw/ZY/ZY05.xls,三张报表,G8,8
historical_600_unknown_rule,ZY05,5,第5年,comprehensive_expense,租金,80.0,src_33c96cbd4d19,origin data/VPD-OE_Agent_20260709/VPD-OE_Agent/data/raw/ZY/ZY05.xls,三张报表,H8,8
historical_600_unknown_rule,ZY05,0,初始元年,comprehensive_expense,市场开拓费,0.0,src_33c96cbd4d19,origin data/VPD-OE_Agent_20260709/VPD-OE_Agent/data/raw/ZY/ZY05.xls,三张报表,C9,9
historical_600_unknown_rule,ZY05,1,第1年,comprehensive_expense,市场开拓费,50.0,src_33c96cbd4d19,origin data/VPD-OE_Agent_20260709/VPD-OE_Agent/data/raw/ZY/ZY05.xls,三张报表,D9,9
historical_600_unknown_rule,ZY05,2,第2年,comprehensive_expense,市场开拓费,30.0,src_33c96cbd4d19,origin data/VPD-OE_Agent_20260709/VPD-OE_Agent/data/raw/ZY/ZY05.xls,三张报表,E9,9
historical_600_unknown_rule,ZY05,3,第3年,comprehensive_expense,市场开拓费,20.0,src_33c96cbd4d19,origin data/VPD-OE_Agent_20260709/VPD-OE_Agent/data/raw/ZY/ZY05.xls,三张报表,F9,9
historical_600_unknown_rule,ZY05,4,第4年,comprehensive_expense,市场开拓费,10.0,src_33c96cbd4d19,origin data/VPD-OE_Agent_20260709/VPD-OE_Agent/data/raw/ZY/ZY05.xls,三张报表,G9,9
historical_600_unknown_rule,ZY05,5,第5年,comprehensive_expense,市场开拓费,0.0,src_33c96cbd4d19,origin data/VPD-OE_Agent_20260709/VPD-OE_Agent/data/raw/ZY/ZY05.xls,三张报表,H9,9
historical_600_unknown_rule,ZY05,0,初始元年,comprehensive_expense,产品研发费,0.0,src_33c96cbd4d19,origin data/VPD-OE_Agent_20260709/VPD-OE_Agent/data/raw/ZY/ZY05.xls,三张报表,C10,10
historical_600_unknown_rule,ZY05,1,第1年,comprehensive_expense,产品研发费,70.0,src_33c96cbd4d19,origin data/VPD-OE_Agent_20260709/VPD-OE_Agent/data/raw/ZY/ZY05.xls,三张报表,D10,10
historical_600_unknown_rule,ZY05,2,第2年,comprehensive_expense,产品研发费,20.0,src_33c96cbd4d19,origin data/VPD-OE_Agent_20260709/VPD-OE_Agent/data/raw/ZY/ZY05.xls,三张报表,E10,10
historical_600_unknown_rule,ZY05,3,第3年,comprehensive_expense,产品研发费,0.0,src_33c96cbd4d19,origin data/VPD-OE_Agent_20260709/VPD-OE_Agent/data/raw/ZY/ZY05.xls,三张报表,F10,10
historical_600_unknown_rule,ZY05,4,第4年,comprehensive_expense,产品研发费,40.0,src_33c96cbd4d19,origin data/VPD-OE_Agent_20260709/VPD-OE_Agent/data/raw/ZY/ZY05.xls,三张报表,G10,10
historical_600_unknown_rule,ZY05,5,第5年,comprehensive_expense,产品研发费,10.0,src_33c96cbd4d19,origin data/VPD-OE_Agent_20260709/VPD-OE_Agent/data/raw/ZY/ZY05.xls,三张报表,H10,10
historical_600_unknown_rule,ZY05,0,初始元年,comprehensive_expense,ISO认证费,0.0,src_33c96cbd4d19,origin data/VPD-OE_Agent_20260709/VPD-OE_Agent/data/raw/ZY/ZY05.xls,三张报表,C11,11
historical_600_unknown_rule,ZY05,1,第1年,comprehensive_expense,ISO认证费,30.0,src_33c96cbd4d19,origin data/VPD-OE_Agent_20260709/VPD-OE_Agent/data/raw/ZY/ZY05.xls,三张报表,D11,11
historical_600_unknown_rule,ZY05,2,第2年,comprehensive_expense,ISO认证费,30.0,src_33c96cbd4d19,origin data/VPD-OE_Agent_20260709/VPD-OE_Agent/data/raw/ZY/ZY05.xls,三张报表,E11,11
historical_600_unknown_rule,ZY05,3,第3年,comprehensive_expense,ISO认证费,0.0,src_33c96cbd4d19,origin data/VPD-OE_Agent_20260709/VPD-OE_Agent/data/raw/ZY/ZY05.xls,三张报表,F11,11
historical_600_unknown_rule,ZY05,4,第4年,comprehensive_expense,ISO认证费,0.0,src_33c96cbd4d19,origin data/VPD-OE_Agent_20260709/VPD-OE_Agent/data/raw/ZY/ZY05.xls,三张报表,G11,11
historical_600_unknown_rule,ZY05,5,第5年,comprehensive_expense,ISO认证费,0.0,src_33c96cbd4d19,origin data/VPD-OE_Agent_20260709/VPD-OE_Agent/data/raw/ZY/ZY05.xls,三张报表,H11,11
historical_600_unknown_rule,ZY05,0,初始元年,comprehensive_expense,信息费,0.0,src_33c96cbd4d19,origin data/VPD-OE_Agent_20260709/VPD-OE_Agent/data/raw/ZY/ZY05.xls,三张报表,C12,12
historical_600_unknown_rule,ZY05,1,第1年,comprehensive_expense,信息费,0.0,src_33c96cbd4d19,origin data/VPD-OE_Agent_20260709/VPD-OE_Agent/data/raw/ZY/ZY05.xls,三张报表,D12,12
historical_600_unknown_rule,ZY05,2,第2年,comprehensive_expense,信息费,0.0,src_33c96cbd4d19,origin data/VPD-OE_Agent_20260709/VPD-OE_Agent/data/raw/ZY/ZY05.xls,三张报表,E12,12
historical_600_unknown_rule,ZY05,3,第3年,comprehensive_expense,信息费,0.0,src_33c96cbd4d19,origin data/VPD-OE_Agent_20260709/VPD-OE_Agent/data/raw/ZY/ZY05.xls,三张报表,F12,12
historical_600_unknown_rule,ZY05,4,第4年,comprehensive_expense,信息费,0.0,src_33c96cbd4d19,origin data/VPD-OE_Agent_20260709/VPD-OE_Agent/data/raw/ZY/ZY05.xls,三张报表,G12,12
historical_600_unknown_rule,ZY05,5,第5年,comprehensive_expense,信息费,0.0,src_33c96cbd4d19,origin data/VPD-OE_Agent_20260709/VPD-OE_Agent/data/raw/ZY/ZY05.xls,三张报表,H12,12
historical_600_unknown_rule,ZY05,0,初始元年,comprehensive_expense,合计,0.0,src_33c96cbd4d19,origin data/VPD-OE_Agent_20260709/VPD-OE_Agent/data/raw/ZY/ZY05.xls,三张报表,C13,13
historical_600_unknown_rule,ZY05,1,第1年,comprehensive_expense,合计,230.0,src_33c96cbd4d19,origin data/VPD-OE_Agent_20260709/VPD-OE_Agent/data/raw/ZY/ZY05.xls,三张报表,D13,13
historical_600_unknown_rule,ZY05,2,第2年,comprehensive_expense,合计,277.0,src_33c96cbd4d19,origin data/VPD-OE_Agent_20260709/VPD-OE_Agent/data/raw/ZY/ZY05.xls,三张报表,E13,13
historical_600_unknown_rule,ZY05,3,第3年,comprehensive_expense,合计,390.0,src_33c96cbd4d19,origin data/VPD-OE_Agent_20260709/VPD-OE_Agent/data/raw/ZY/ZY05.xls,三张报表,F13,13
historical_600_unknown_rule,ZY05,4,第4年,comprehensive_expense,合计,321.0,src_33c96cbd4d19,origin data/VPD-OE_Agent_20260709/VPD-OE_Agent/data/raw/ZY/ZY05.xls,三张报表,G13,13
historical_600_unknown_rule,ZY05,5,第5年,comprehensive_expense,合计,387.0,src_33c96cbd4d19,origin data/VPD-OE_Agent_20260709/VPD-OE_Agent/data/raw/ZY/ZY05.xls,三张报表,H13,13
historical_600_unknown_rule,ZY05,0,初始元年,income_statement,销售收入,0.0,src_33c96cbd4d19,origin data/VPD-OE_Agent_20260709/VPD-OE_Agent/data/raw/ZY/ZY05.xls,三张报表,C16,16
historical_600_unknown_rule,ZY05,1,第1年,income_statement,销售收入,0.0,src_33c96cbd4d19,origin data/VPD-OE_Agent_20260709/VPD-OE_Agent/data/raw/ZY/ZY05.xls,三张报表,D16,16
historical_600_unknown_rule,ZY05,2,第2年,income_statement,销售收入,706.0,src_33c96cbd4d19,origin data/VPD-OE_Agent_20260709/VPD-OE_Agent/data/raw/ZY/ZY05.xls,三张报表,E16,16
historical_600_unknown_rule,ZY05,3,第3年,income_statement,销售收入,2016.0,src_33c96cbd4d19,origin data/VPD-OE_Agent_20260709/VPD-OE_Agent/data/raw/ZY/ZY05.xls,三张报表,F16,16
historical_600_unknown_rule,ZY05,4,第4年,income_statement,销售收入,905.0,src_33c96cbd4d19,origin data/VPD-OE_Agent_20260709/VPD-OE_Agent/data/raw/ZY/ZY05.xls,三张报表,G16,16
historical_600_unknown_rule,ZY05,5,第5年,income_statement,销售收入,1963.0,src_33c96cbd4d19,origin data/VPD-OE_Agent_20260709/VPD-OE_Agent/data/raw/ZY/ZY05.xls,三张报表,H16,16
historical_600_unknown_rule,ZY05,0,初始元年,income_statement,直接成本,0.0,src_33c96cbd4d19,origin data/VPD-OE_Agent_20260709/VPD-OE_Agent/data/raw/ZY/ZY05.xls,三张报表,C17,17
historical_600_unknown_rule,ZY05,1,第1年,income_statement,直接成本,0.0,src_33c96cbd4d19,origin data/VPD-OE_Agent_20260709/VPD-OE_Agent/data/raw/ZY/ZY05.xls,三张报表,D17,17
historical_600_unknown_rule,ZY05,2,第2年,income_statement,直接成本,310.0,src_33c96cbd4d19,origin data/VPD-OE_Agent_20260709/VPD-OE_Agent/data/raw/ZY/ZY05.xls,三张报表,E17,17
historical_600_unknown_rule,ZY05,3,第3年,income_statement,直接成本,750.0,src_33c96cbd4d19,origin data/VPD-OE_Agent_20260709/VPD-OE_Agent/data/raw/ZY/ZY05.xls,三张报表,F17,17
historical_600_unknown_rule,ZY05,4,第4年,income_statement,直接成本,420.0,src_33c96cbd4d19,origin data/VPD-OE_Agent_20260709/VPD-OE_Agent/data/raw/ZY/ZY05.xls,三张报表,G17,17
historical_600_unknown_rule,ZY05,5,第5年,income_statement,直接成本,800.0,src_33c96cbd4d19,origin data/VPD-OE_Agent_20260709/VPD-OE_Agent/data/raw/ZY/ZY05.xls,三张报表,H17,17
historical_600_unknown_rule,ZY05,0,初始元年,income_statement,毛利,0.0,src_33c96cbd4d19,origin data/VPD-OE_Agent_20260709/VPD-OE_Agent/data/raw/ZY/ZY05.xls,三张报表,C18,18
historical_600_unknown_rule,ZY05,1,第1年,income_statement,毛利,0.0,src_33c96cbd4d19,origin data/VPD-OE_Agent_20260709/VPD-OE_Agent/data/raw/ZY/ZY05.xls,三张报表,D18,18
historical_600_unknown_rule,ZY05,2,第2年,income_statement,毛利,396.0,src_33c96cbd4d19,origin data/VPD-OE_Agent_20260709/VPD-OE_Agent/data/raw/ZY/ZY05.xls,三张报表,E18,18
historical_600_unknown_rule,ZY05,3,第3年,income_statement,毛利,1266.0,src_33c96cbd4d19,origin data/VPD-OE_Agent_20260709/VPD-OE_Agent/data/raw/ZY/ZY05.xls,三张报表,F18,18
historical_600_unknown_rule,ZY05,4,第4年,income_statement,毛利,485.0,src_33c96cbd4d19,origin data/VPD-OE_Agent_20260709/VPD-OE_Agent/data/raw/ZY/ZY05.xls,三张报表,G18,18
historical_600_unknown_rule,ZY05,5,第5年,income_statement,毛利,1163.0,src_33c96cbd4d19,origin data/VPD-OE_Agent_20260709/VPD-OE_Agent/data/raw/ZY/ZY05.xls,三张报表,H18,18
historical_600_unknown_rule,ZY05,0,初始元年,income_statement,综合费用,0.0,src_33c96cbd4d19,origin data/VPD-OE_Agent_20260709/VPD-OE_Agent/data/raw/ZY/ZY05.xls,三张报表,C19,19
historical_600_unknown_rule,ZY05,1,第1年,income_statement,综合费用,230.0,src_33c96cbd4d19,origin data/VPD-OE_Agent_20260709/VPD-OE_Agent/data/raw/ZY/ZY05.xls,三张报表,D19,19
historical_600_unknown_rule,ZY05,2,第2年,income_statement,综合费用,277.0,src_33c96cbd4d19,origin data/VPD-OE_Agent_20260709/VPD-OE_Agent/data/raw/ZY/ZY05.xls,三张报表,E19,19
historical_600_unknown_rule,ZY05,3,第3年,income_statement,综合费用,390.0,src_33c96cbd4d19,origin data/VPD-OE_Agent_20260709/VPD-OE_Agent/data/raw/ZY/ZY05.xls,三张报表,F19,19
historical_600_unknown_rule,ZY05,4,第4年,income_statement,综合费用,321.0,src_33c96cbd4d19,origin data/VPD-OE_Agent_20260709/VPD-OE_Agent/data/raw/ZY/ZY05.xls,三张报表,G19,19
historical_600_unknown_rule,ZY05,5,第5年,income_statement,综合费用,387.0,src_33c96cbd4d19,origin data/VPD-OE_Agent_20260709/VPD-OE_Agent/data/raw/ZY/ZY05.xls,三张报表,H19,19
historical_600_unknown_rule,ZY05,0,初始元年,income_statement,折旧前利润,0.0,src_33c96cbd4d19,origin data/VPD-OE_Agent_20260709/VPD-OE_Agent/data/raw/ZY/ZY05.xls,三张报表,C20,20
historical_600_unknown_rule,ZY05,1,第1年,income_statement,折旧前利润,-230.0,src_33c96cbd4d19,origin data/VPD-OE_Agent_20260709/VPD-OE_Agent/data/raw/ZY/ZY05.xls,三张报表,D20,20
historical_600_unknown_rule,ZY05,2,第2年,income_statement,折旧前利润,119.0,src_33c96cbd4d19,origin data/VPD-OE_Agent_20260709/VPD-OE_Agent/data/raw/ZY/ZY05.xls,三张报表,E20,20
historical_600_unknown_rule,ZY05,3,第3年,income_statement,折旧前利润,876.0,src_33c96cbd4d19,origin data/VPD-OE_Agent_20260709/VPD-OE_Agent/data/raw/ZY/ZY05.xls,三张报表,F20,20
historical_600_unknown_rule,ZY05,4,第4年,income_statement,折旧前利润,164.0,src_33c96cbd4d19,origin data/VPD-OE_Agent_20260709/VPD-OE_Agent/data/raw/ZY/ZY05.xls,三张报表,G20,20
historical_600_unknown_rule,ZY05,5,第5年,income_statement,折旧前利润,776.0,src_33c96cbd4d19,origin data/VPD-OE_Agent_20260709/VPD-OE_Agent/data/raw/ZY/ZY05.xls,三张报表,H20,20
historical_600_unknown_rule,ZY05,0,初始元年,income_statement,折旧,0.0,src_33c96cbd4d19,origin data/VPD-OE_Agent_20260709/VPD-OE_Agent/data/raw/ZY/ZY05.xls,三张报表,C21,21
historical_600_unknown_rule,ZY05,1,第1年,income_statement,折旧,0.0,src_33c96cbd4d19,origin data/VPD-OE_Agent_20260709/VPD-OE_Agent/data/raw/ZY/ZY05.xls,三张报表,D21,21
historical_600_unknown_rule,ZY05,2,第2年,income_statement,折旧,0.0,src_33c96cbd4d19,origin data/VPD-OE_Agent_20260709/VPD-OE_Agent/data/raw/ZY/ZY05.xls,三张报表,E21,21
historical_600_unknown_rule,ZY05,3,第3年,income_statement,折旧,120.0,src_33c96cbd4d19,origin data/VPD-OE_Agent_20260709/VPD-OE_Agent/data/raw/ZY/ZY05.xls,三张报表,F21,21
historical_600_unknown_rule,ZY05,4,第4年,income_statement,折旧,120.0,src_33c96cbd4d19,origin data/VPD-OE_Agent_20260709/VPD-OE_Agent/data/raw/ZY/ZY05.xls,三张报表,G21,21
historical_600_unknown_rule,ZY05,5,第5年,income_statement,折旧,120.0,src_33c96cbd4d19,origin data/VPD-OE_Agent_20260709/VPD-OE_Agent/data/raw/ZY/ZY05.xls,三张报表,H21,21
historical_600_unknown_rule,ZY05,0,初始元年,income_statement,支付利息前利润,0.0,src_33c96cbd4d19,origin data/VPD-OE_Agent_20260709/VPD-OE_Agent/data/raw/ZY/ZY05.xls,三张报表,C22,22
historical_600_unknown_rule,ZY05,1,第1年,income_statement,支付利息前利润,-230.0,src_33c96cbd4d19,origin data/VPD-OE_Agent_20260709/VPD-OE_Agent/data/raw/ZY/ZY05.xls,三张报表,D22,22
historical_600_unknown_rule,ZY05,2,第2年,income_statement,支付利息前利润,119.0,src_33c96cbd4d19,origin data/VPD-OE_Agent_20260709/VPD-OE_Agent/data/raw/ZY/ZY05.xls,三张报表,E22,22
historical_600_unknown_rule,ZY05,3,第3年,income_statement,支付利息前利润,756.0,src_33c96cbd4d19,origin data/VPD-OE_Agent_20260709/VPD-OE_Agent/data/raw/ZY/ZY05.xls,三张报表,F22,22
historical_600_unknown_rule,ZY05,4,第4年,income_statement,支付利息前利润,44.0,src_33c96cbd4d19,origin data/VPD-OE_Agent_20260709/VPD-OE_Agent/data/raw/ZY/ZY05.xls,三张报表,G22,22
historical_600_unknown_rule,ZY05,5,第5年,income_statement,支付利息前利润,656.0,src_33c96cbd4d19,origin data/VPD-OE_Agent_20260709/VPD-OE_Agent/data/raw/ZY/ZY05.xls,三张报表,H22,22
historical_600_unknown_rule,ZY05,0,初始元年,income_statement,财务费用,0.0,src_33c96cbd4d19,origin data/VPD-OE_Agent_20260709/VPD-OE_Agent/data/raw/ZY/ZY05.xls,三张报表,C23,23
historical_600_unknown_rule,ZY05,1,第1年,income_statement,财务费用,0.0,src_33c96cbd4d19,origin data/VPD-OE_Agent_20260709/VPD-OE_Agent/data/raw/ZY/ZY05.xls,三张报表,D23,23
historical_600_unknown_rule,ZY05,2,第2年,income_statement,财务费用,45.0,src_33c96cbd4d19,origin data/VPD-OE_Agent_20260709/VPD-OE_Agent/data/raw/ZY/ZY05.xls,三张报表,E23,23
historical_600_unknown_rule,ZY05,3,第3年,income_statement,财务费用,139.0,src_33c96cbd4d19,origin data/VPD-OE_Agent_20260709/VPD-OE_Agent/data/raw/ZY/ZY05.xls,三张报表,F23,23
historical_600_unknown_rule,ZY05,4,第4年,income_statement,财务费用,116.0,src_33c96cbd4d19,origin data/VPD-OE_Agent_20260709/VPD-OE_Agent/data/raw/ZY/ZY05.xls,三张报表,G23,23
historical_600_unknown_rule,ZY05,5,第5年,income_statement,财务费用,158.0,src_33c96cbd4d19,origin data/VPD-OE_Agent_20260709/VPD-OE_Agent/data/raw/ZY/ZY05.xls,三张报表,H23,23
historical_600_unknown_rule,ZY05,0,初始元年,income_statement,税前利润,0.0,src_33c96cbd4d19,origin data/VPD-OE_Agent_20260709/VPD-OE_Agent/data/raw/ZY/ZY05.xls,三张报表,C24,24
historical_600_unknown_rule,ZY05,1,第1年,income_statement,税前利润,-230.0,src_33c96cbd4d19,origin data/VPD-OE_Agent_20260709/VPD-OE_Agent/data/raw/ZY/ZY05.xls,三张报表,D24,24
historical_600_unknown_rule,ZY05,2,第2年,income_statement,税前利润,74.0,src_33c96cbd4d19,origin data/VPD-OE_Agent_20260709/VPD-OE_Agent/data/raw/ZY/ZY05.xls,三张报表,E24,24
historical_600_unknown_rule,ZY05,3,第3年,income_statement,税前利润,617.0,src_33c96cbd4d19,origin data/VPD-OE_Agent_20260709/VPD-OE_Agent/data/raw/ZY/ZY05.xls,三张报表,F24,24
historical_600_unknown_rule,ZY05,4,第4年,income_statement,税前利润,-72.0,src_33c96cbd4d19,origin data/VPD-OE_Agent_20260709/VPD-OE_Agent/data/raw/ZY/ZY05.xls,三张报表,G24,24
historical_600_unknown_rule,ZY05,5,第5年,income_statement,税前利润,498.0,src_33c96cbd4d19,origin data/VPD-OE_Agent_20260709/VPD-OE_Agent/data/raw/ZY/ZY05.xls,三张报表,H24,24
historical_600_unknown_rule,ZY05,0,初始元年,income_statement,所得税,0.0,src_33c96cbd4d19,origin data/VPD-OE_Agent_20260709/VPD-OE_Agent/data/raw/ZY/ZY05.xls,三张报表,C25,25
historical_600_unknown_rule,ZY05,1,第1年,income_statement,所得税,0.0,src_33c96cbd4d19,origin data/VPD-OE_Agent_20260709/VPD-OE_Agent/data/raw/ZY/ZY05.xls,三张报表,D25,25
historical_600_unknown_rule,ZY05,2,第2年,income_statement,所得税,0.0,src_33c96cbd4d19,origin data/VPD-OE_Agent_20260709/VPD-OE_Agent/data/raw/ZY/ZY05.xls,三张报表,E25,25
historical_600_unknown_rule,ZY05,3,第3年,income_statement,所得税,115.0,src_33c96cbd4d19,origin data/VPD-OE_Agent_20260709/VPD-OE_Agent/data/raw/ZY/ZY05.xls,三张报表,F25,25
historical_600_unknown_rule,ZY05,4,第4年,income_statement,所得税,0.0,src_33c96cbd4d19,origin data/VPD-OE_Agent_20260709/VPD-OE_Agent/data/raw/ZY/ZY05.xls,三张报表,G25,25
historical_600_unknown_rule,ZY05,5,第5年,income_statement,所得税,107.0,src_33c96cbd4d19,origin data/VPD-OE_Agent_20260709/VPD-OE_Agent/data/raw/ZY/ZY05.xls,三张报表,H25,25
historical_600_unknown_rule,ZY05,0,初始元年,income_statement,年度净利润,0.0,src_33c96cbd4d19,origin data/VPD-OE_Agent_20260709/VPD-OE_Agent/data/raw/ZY/ZY05.xls,三张报表,C26,26
historical_600_unknown_rule,ZY05,1,第1年,income_statement,年度净利润,-230.0,src_33c96cbd4d19,origin data/VPD-OE_Agent_20260709/VPD-OE_Agent/data/raw/ZY/ZY05.xls,三张报表,D26,26
historical_600_unknown_rule,ZY05,2,第2年,income_statement,年度净利润,74.0,src_33c96cbd4d19,origin data/VPD-OE_Agent_20260709/VPD-OE_Agent/data/raw/ZY/ZY05.xls,三张报表,E26,26
historical_600_unknown_rule,ZY05,3,第3年,income_statement,年度净利润,502.0,src_33c96cbd4d19,origin data/VPD-OE_Agent_20260709/VPD-OE_Agent/data/raw/ZY/ZY05.xls,三张报表,F26,26
historical_600_unknown_rule,ZY05,4,第4年,income_statement,年度净利润,-72.0,src_33c96cbd4d19,origin data/VPD-OE_Agent_20260709/VPD-OE_Agent/data/raw/ZY/ZY05.xls,三张报表,G26,26
historical_600_unknown_rule,ZY05,5,第5年,income_statement,年度净利润,391.0,src_33c96cbd4d19,origin data/VPD-OE_Agent_20260709/VPD-OE_Agent/data/raw/ZY/ZY05.xls,三张报表,H26,26
historical_600_unknown_rule,ZY05,0,初始元年,balance_sheet,现金,600.0,src_33c96cbd4d19,origin data/VPD-OE_Agent_20260709/VPD-OE_Agent/data/raw/ZY/ZY05.xls,三张报表,C30,30
historical_600_unknown_rule,ZY05,1,第1年,balance_sheet,现金,224.0,src_33c96cbd4d19,origin data/VPD-OE_Agent_20260709/VPD-OE_Agent/data/raw/ZY/ZY05.xls,三张报表,D30,30
historical_600_unknown_rule,ZY05,2,第2年,balance_sheet,现金,17.0,src_33c96cbd4d19,origin data/VPD-OE_Agent_20260709/VPD-OE_Agent/data/raw/ZY/ZY05.xls,三张报表,E30,30
historical_600_unknown_rule,ZY05,3,第3年,balance_sheet,现金,622.0,src_33c96cbd4d19,origin data/VPD-OE_Agent_20260709/VPD-OE_Agent/data/raw/ZY/ZY05.xls,三张报表,F30,30
historical_600_unknown_rule,ZY05,4,第4年,balance_sheet,现金,1098.0,src_33c96cbd4d19,origin data/VPD-OE_Agent_20260709/VPD-OE_Agent/data/raw/ZY/ZY05.xls,三张报表,G30,30
historical_600_unknown_rule,ZY05,5,第5年,balance_sheet,现金,31.0,src_33c96cbd4d19,origin data/VPD-OE_Agent_20260709/VPD-OE_Agent/data/raw/ZY/ZY05.xls,三张报表,H30,30
historical_600_unknown_rule,ZY05,0,初始元年,balance_sheet,应收款,0.0,src_33c96cbd4d19,origin data/VPD-OE_Agent_20260709/VPD-OE_Agent/data/raw/ZY/ZY05.xls,三张报表,C31,31
historical_600_unknown_rule,ZY05,1,第1年,balance_sheet,应收款,0.0,src_33c96cbd4d19,origin data/VPD-OE_Agent_20260709/VPD-OE_Agent/data/raw/ZY/ZY05.xls,三张报表,D31,31
historical_600_unknown_rule,ZY05,2,第2年,balance_sheet,应收款,535.0,src_33c96cbd4d19,origin data/VPD-OE_Agent_20260709/VPD-OE_Agent/data/raw/ZY/ZY05.xls,三张报表,E31,31
historical_600_unknown_rule,ZY05,3,第3年,balance_sheet,应收款,983.0,src_33c96cbd4d19,origin data/VPD-OE_Agent_20260709/VPD-OE_Agent/data/raw/ZY/ZY05.xls,三张报表,F31,31
historical_600_unknown_rule,ZY05,4,第4年,balance_sheet,应收款,0.0,src_33c96cbd4d19,origin data/VPD-OE_Agent_20260709/VPD-OE_Agent/data/raw/ZY/ZY05.xls,三张报表,G31,31
historical_600_unknown_rule,ZY05,5,第5年,balance_sheet,应收款,1023.0,src_33c96cbd4d19,origin data/VPD-OE_Agent_20260709/VPD-OE_Agent/data/raw/ZY/ZY05.xls,三张报表,H31,31
historical_600_unknown_rule,ZY05,0,初始元年,balance_sheet,在制品,0.0,src_33c96cbd4d19,origin data/VPD-OE_Agent_20260709/VPD-OE_Agent/data/raw/ZY/ZY05.xls,三张报表,C32,32
historical_600_unknown_rule,ZY05,1,第1年,balance_sheet,在制品,0.0,src_33c96cbd4d19,origin data/VPD-OE_Agent_20260709/VPD-OE_Agent/data/raw/ZY/ZY05.xls,三张报表,D32,32
historical_600_unknown_rule,ZY05,2,第2年,balance_sheet,在制品,140.0,src_33c96cbd4d19,origin data/VPD-OE_Agent_20260709/VPD-OE_Agent/data/raw/ZY/ZY05.xls,三张报表,E32,32
historical_600_unknown_rule,ZY05,3,第3年,balance_sheet,在制品,140.0,src_33c96cbd4d19,origin data/VPD-OE_Agent_20260709/VPD-OE_Agent/data/raw/ZY/ZY05.xls,三张报表,F32,32
historical_600_unknown_rule,ZY05,4,第4年,balance_sheet,在制品,140.0,src_33c96cbd4d19,origin data/VPD-OE_Agent_20260709/VPD-OE_Agent/data/raw/ZY/ZY05.xls,三张报表,G32,32
historical_600_unknown_rule,ZY05,5,第5年,balance_sheet,在制品,0.0,src_33c96cbd4d19,origin data/VPD-OE_Agent_20260709/VPD-OE_Agent/data/raw/ZY/ZY05.xls,三张报表,H32,32
historical_600_unknown_rule,ZY05,0,初始元年,balance_sheet,产成品,0.0,src_33c96cbd4d19,origin data/VPD-OE_Agent_20260709/VPD-OE_Agent/data/raw/ZY/ZY05.xls,三张报表,C33,33
historical_600_unknown_rule,ZY05,1,第1年,balance_sheet,产成品,0.0,src_33c96cbd4d19,origin data/VPD-OE_Agent_20260709/VPD-OE_Agent/data/raw/ZY/ZY05.xls,三张报表,D33,33
historical_600_unknown_rule,ZY05,2,第2年,balance_sheet,产成品,110.0,src_33c96cbd4d19,origin data/VPD-OE_Agent_20260709/VPD-OE_Agent/data/raw/ZY/ZY05.xls,三张报表,E33,33
historical_600_unknown_rule,ZY05,3,第3年,balance_sheet,产成品,0.0,src_33c96cbd4d19,origin data/VPD-OE_Agent_20260709/VPD-OE_Agent/data/raw/ZY/ZY05.xls,三张报表,F33,33
historical_600_unknown_rule,ZY05,4,第4年,balance_sheet,产成品,140.0,src_33c96cbd4d19,origin data/VPD-OE_Agent_20260709/VPD-OE_Agent/data/raw/ZY/ZY05.xls,三张报表,G33,33
historical_600_unknown_rule,ZY05,5,第5年,balance_sheet,产成品,0.0,src_33c96cbd4d19,origin data/VPD-OE_Agent_20260709/VPD-OE_Agent/data/raw/ZY/ZY05.xls,三张报表,H33,33
historical_600_unknown_rule,ZY05,0,初始元年,balance_sheet,原料,0.0,src_33c96cbd4d19,origin data/VPD-OE_Agent_20260709/VPD-OE_Agent/data/raw/ZY/ZY05.xls,三张报表,C34,34
historical_600_unknown_rule,ZY05,1,第1年,balance_sheet,原料,0.0,src_33c96cbd4d19,origin data/VPD-OE_Agent_20260709/VPD-OE_Agent/data/raw/ZY/ZY05.xls,三张报表,D34,34
historical_600_unknown_rule,ZY05,2,第2年,balance_sheet,原料,0.0,src_33c96cbd4d19,origin data/VPD-OE_Agent_20260709/VPD-OE_Agent/data/raw/ZY/ZY05.xls,三张报表,E34,34
historical_600_unknown_rule,ZY05,3,第3年,balance_sheet,原料,0.0,src_33c96cbd4d19,origin data/VPD-OE_Agent_20260709/VPD-OE_Agent/data/raw/ZY/ZY05.xls,三张报表,F34,34
historical_600_unknown_rule,ZY05,4,第4年,balance_sheet,原料,0.0,src_33c96cbd4d19,origin data/VPD-OE_Agent_20260709/VPD-OE_Agent/data/raw/ZY/ZY05.xls,三张报表,G34,34
historical_600_unknown_rule,ZY05,5,第5年,balance_sheet,原料,100.0,src_33c96cbd4d19,origin data/VPD-OE_Agent_20260709/VPD-OE_Agent/data/raw/ZY/ZY05.xls,三张报表,H34,34
historical_600_unknown_rule,ZY05,0,初始元年,balance_sheet,流动资产合计,600.0,src_33c96cbd4d19,origin data/VPD-OE_Agent_20260709/VPD-OE_Agent/data/raw/ZY/ZY05.xls,三张报表,C35,35
historical_600_unknown_rule,ZY05,1,第1年,balance_sheet,流动资产合计,224.0,src_33c96cbd4d19,origin data/VPD-OE_Agent_20260709/VPD-OE_Agent/data/raw/ZY/ZY05.xls,三张报表,D35,35
historical_600_unknown_rule,ZY05,2,第2年,balance_sheet,流动资产合计,802.0,src_33c96cbd4d19,origin data/VPD-OE_Agent_20260709/VPD-OE_Agent/data/raw/ZY/ZY05.xls,三张报表,E35,35
historical_600_unknown_rule,ZY05,3,第3年,balance_sheet,流动资产合计,1745.0,src_33c96cbd4d19,origin data/VPD-OE_Agent_20260709/VPD-OE_Agent/data/raw/ZY/ZY05.xls,三张报表,F35,35
historical_600_unknown_rule,ZY05,4,第4年,balance_sheet,流动资产合计,1378.0,src_33c96cbd4d19,origin data/VPD-OE_Agent_20260709/VPD-OE_Agent/data/raw/ZY/ZY05.xls,三张报表,G35,35
historical_600_unknown_rule,ZY05,5,第5年,balance_sheet,流动资产合计,1154.0,src_33c96cbd4d19,origin data/VPD-OE_Agent_20260709/VPD-OE_Agent/data/raw/ZY/ZY05.xls,三张报表,H35,35
historical_600_unknown_rule,ZY05,0,初始元年,balance_sheet,厂房,0.0,src_33c96cbd4d19,origin data/VPD-OE_Agent_20260709/VPD-OE_Agent/data/raw/ZY/ZY05.xls,三张报表,C36,36
historical_600_unknown_rule,ZY05,1,第1年,balance_sheet,厂房,0.0,src_33c96cbd4d19,origin data/VPD-OE_Agent_20260709/VPD-OE_Agent/data/raw/ZY/ZY05.xls,三张报表,D36,36
historical_600_unknown_rule,ZY05,2,第2年,balance_sheet,厂房,0.0,src_33c96cbd4d19,origin data/VPD-OE_Agent_20260709/VPD-OE_Agent/data/raw/ZY/ZY05.xls,三张报表,E36,36
historical_600_unknown_rule,ZY05,3,第3年,balance_sheet,厂房,0.0,src_33c96cbd4d19,origin data/VPD-OE_Agent_20260709/VPD-OE_Agent/data/raw/ZY/ZY05.xls,三张报表,F36,36
historical_600_unknown_rule,ZY05,4,第4年,balance_sheet,厂房,0.0,src_33c96cbd4d19,origin data/VPD-OE_Agent_20260709/VPD-OE_Agent/data/raw/ZY/ZY05.xls,三张报表,G36,36
historical_600_unknown_rule,ZY05,5,第5年,balance_sheet,厂房,1200.0,src_33c96cbd4d19,origin data/VPD-OE_Agent_20260709/VPD-OE_Agent/data/raw/ZY/ZY05.xls,三张报表,H36,36
historical_600_unknown_rule,ZY05,0,初始元年,balance_sheet,机器设备,0.0,src_33c96cbd4d19,origin data/VPD-OE_Agent_20260709/VPD-OE_Agent/data/raw/ZY/ZY05.xls,三张报表,C37,37
historical_600_unknown_rule,ZY05,1,第1年,balance_sheet,机器设备,0.0,src_33c96cbd4d19,origin data/VPD-OE_Agent_20260709/VPD-OE_Agent/data/raw/ZY/ZY05.xls,三张报表,D37,37
historical_600_unknown_rule,ZY05,2,第2年,balance_sheet,机器设备,600.0,src_33c96cbd4d19,origin data/VPD-OE_Agent_20260709/VPD-OE_Agent/data/raw/ZY/ZY05.xls,三张报表,E37,37
historical_600_unknown_rule,ZY05,3,第3年,balance_sheet,机器设备,480.0,src_33c96cbd4d19,origin data/VPD-OE_Agent_20260709/VPD-OE_Agent/data/raw/ZY/ZY05.xls,三张报表,F37,37
historical_600_unknown_rule,ZY05,4,第4年,balance_sheet,机器设备,360.0,src_33c96cbd4d19,origin data/VPD-OE_Agent_20260709/VPD-OE_Agent/data/raw/ZY/ZY05.xls,三张报表,G37,37
historical_600_unknown_rule,ZY05,5,第5年,balance_sheet,机器设备,1640.0,src_33c96cbd4d19,origin data/VPD-OE_Agent_20260709/VPD-OE_Agent/data/raw/ZY/ZY05.xls,三张报表,H37,37
historical_600_unknown_rule,ZY05,0,初始元年,balance_sheet,在建工程,0.0,src_33c96cbd4d19,origin data/VPD-OE_Agent_20260709/VPD-OE_Agent/data/raw/ZY/ZY05.xls,三张报表,C38,38
historical_600_unknown_rule,ZY05,1,第1年,balance_sheet,在建工程,600.0,src_33c96cbd4d19,origin data/VPD-OE_Agent_20260709/VPD-OE_Agent/data/raw/ZY/ZY05.xls,三张报表,D38,38
historical_600_unknown_rule,ZY05,2,第2年,balance_sheet,在建工程,0.0,src_33c96cbd4d19,origin data/VPD-OE_Agent_20260709/VPD-OE_Agent/data/raw/ZY/ZY05.xls,三张报表,E38,38
historical_600_unknown_rule,ZY05,3,第3年,balance_sheet,在建工程,0.0,src_33c96cbd4d19,origin data/VPD-OE_Agent_20260709/VPD-OE_Agent/data/raw/ZY/ZY05.xls,三张报表,F38,38
historical_600_unknown_rule,ZY05,4,第4年,balance_sheet,在建工程,300.0,src_33c96cbd4d19,origin data/VPD-OE_Agent_20260709/VPD-OE_Agent/data/raw/ZY/ZY05.xls,三张报表,G38,38
historical_600_unknown_rule,ZY05,5,第5年,balance_sheet,在建工程,0.0,src_33c96cbd4d19,origin data/VPD-OE_Agent_20260709/VPD-OE_Agent/data/raw/ZY/ZY05.xls,三张报表,H38,38
historical_600_unknown_rule,ZY05,0,初始元年,balance_sheet,固定资产合计,0.0,src_33c96cbd4d19,origin data/VPD-OE_Agent_20260709/VPD-OE_Agent/data/raw/ZY/ZY05.xls,三张报表,C39,39
historical_600_unknown_rule,ZY05,1,第1年,balance_sheet,固定资产合计,600.0,src_33c96cbd4d19,origin data/VPD-OE_Agent_20260709/VPD-OE_Agent/data/raw/ZY/ZY05.xls,三张报表,D39,39
historical_600_unknown_rule,ZY05,2,第2年,balance_sheet,固定资产合计,600.0,src_33c96cbd4d19,origin data/VPD-OE_Agent_20260709/VPD-OE_Agent/data/raw/ZY/ZY05.xls,三张报表,E39,39
historical_600_unknown_rule,ZY05,3,第3年,balance_sheet,固定资产合计,480.0,src_33c96cbd4d19,origin data/VPD-OE_Agent_20260709/VPD-OE_Agent/data/raw/ZY/ZY05.xls,三张报表,F39,39
historical_600_unknown_rule,ZY05,4,第4年,balance_sheet,固定资产合计,660.0,src_33c96cbd4d19,origin data/VPD-OE_Agent_20260709/VPD-OE_Agent/data/raw/ZY/ZY05.xls,三张报表,G39,39
historical_600_unknown_rule,ZY05,5,第5年,balance_sheet,固定资产合计,2840.0,src_33c96cbd4d19,origin data/VPD-OE_Agent_20260709/VPD-OE_Agent/data/raw/ZY/ZY05.xls,三张报表,H39,39
historical_600_unknown_rule,ZY05,0,初始元年,balance_sheet,资产总计,600.0,src_33c96cbd4d19,origin data/VPD-OE_Agent_20260709/VPD-OE_Agent/data/raw/ZY/ZY05.xls,三张报表,C40,40
historical_600_unknown_rule,ZY05,1,第1年,balance_sheet,资产总计,824.0,src_33c96cbd4d19,origin data/VPD-OE_Agent_20260709/VPD-OE_Agent/data/raw/ZY/ZY05.xls,三张报表,D40,40
historical_600_unknown_rule,ZY05,2,第2年,balance_sheet,资产总计,1402.0,src_33c96cbd4d19,origin data/VPD-OE_Agent_20260709/VPD-OE_Agent/data/raw/ZY/ZY05.xls,三张报表,E40,40
historical_600_unknown_rule,ZY05,3,第3年,balance_sheet,资产总计,2225.0,src_33c96cbd4d19,origin data/VPD-OE_Agent_20260709/VPD-OE_Agent/data/raw/ZY/ZY05.xls,三张报表,F40,40
historical_600_unknown_rule,ZY05,4,第4年,balance_sheet,资产总计,2038.0,src_33c96cbd4d19,origin data/VPD-OE_Agent_20260709/VPD-OE_Agent/data/raw/ZY/ZY05.xls,三张报表,G40,40
historical_600_unknown_rule,ZY05,5,第5年,balance_sheet,资产总计,3994.0,src_33c96cbd4d19,origin data/VPD-OE_Agent_20260709/VPD-OE_Agent/data/raw/ZY/ZY05.xls,三张报表,H40,40
historical_600_unknown_rule,ZY05,0,初始元年,balance_sheet,长期贷款,0.0,src_33c96cbd4d19,origin data/VPD-OE_Agent_20260709/VPD-OE_Agent/data/raw/ZY/ZY05.xls,三张报表,C41,41
historical_600_unknown_rule,ZY05,1,第1年,balance_sheet,长期贷款,454.0,src_33c96cbd4d19,origin data/VPD-OE_Agent_20260709/VPD-OE_Agent/data/raw/ZY/ZY05.xls,三张报表,D41,41
historical_600_unknown_rule,ZY05,2,第2年,balance_sheet,长期贷款,958.0,src_33c96cbd4d19,origin data/VPD-OE_Agent_20260709/VPD-OE_Agent/data/raw/ZY/ZY05.xls,三张报表,E41,41
historical_600_unknown_rule,ZY05,3,第3年,balance_sheet,长期贷款,1164.0,src_33c96cbd4d19,origin data/VPD-OE_Agent_20260709/VPD-OE_Agent/data/raw/ZY/ZY05.xls,三张报表,F41,41
historical_600_unknown_rule,ZY05,4,第4年,balance_sheet,长期贷款,1164.0,src_33c96cbd4d19,origin data/VPD-OE_Agent_20260709/VPD-OE_Agent/data/raw/ZY/ZY05.xls,三张报表,G41,41
historical_600_unknown_rule,ZY05,5,第5年,balance_sheet,长期贷款,2622.0,src_33c96cbd4d19,origin data/VPD-OE_Agent_20260709/VPD-OE_Agent/data/raw/ZY/ZY05.xls,三张报表,H41,41
historical_600_unknown_rule,ZY05,0,初始元年,balance_sheet,短期贷款,0.0,src_33c96cbd4d19,origin data/VPD-OE_Agent_20260709/VPD-OE_Agent/data/raw/ZY/ZY05.xls,三张报表,C42,42
historical_600_unknown_rule,ZY05,1,第1年,balance_sheet,短期贷款,0.0,src_33c96cbd4d19,origin data/VPD-OE_Agent_20260709/VPD-OE_Agent/data/raw/ZY/ZY05.xls,三张报表,D42,42
historical_600_unknown_rule,ZY05,2,第2年,balance_sheet,短期贷款,0.0,src_33c96cbd4d19,origin data/VPD-OE_Agent_20260709/VPD-OE_Agent/data/raw/ZY/ZY05.xls,三张报表,E42,42
historical_600_unknown_rule,ZY05,3,第3年,balance_sheet,短期贷款,0.0,src_33c96cbd4d19,origin data/VPD-OE_Agent_20260709/VPD-OE_Agent/data/raw/ZY/ZY05.xls,三张报表,F42,42
historical_600_unknown_rule,ZY05,4,第4年,balance_sheet,短期贷款,0.0,src_33c96cbd4d19,origin data/VPD-OE_Agent_20260709/VPD-OE_Agent/data/raw/ZY/ZY05.xls,三张报表,G42,42
historical_600_unknown_rule,ZY05,5,第5年,balance_sheet,短期贷款,0.0,src_33c96cbd4d19,origin data/VPD-OE_Agent_20260709/VPD-OE_Agent/data/raw/ZY/ZY05.xls,三张报表,H42,42
historical_600_unknown_rule,ZY05,0,初始元年,balance_sheet,特别贷款,0.0,src_33c96cbd4d19,origin data/VPD-OE_Agent_20260709/VPD-OE_Agent/data/raw/ZY/ZY05.xls,三张报表,C43,43
historical_600_unknown_rule,ZY05,1,第1年,balance_sheet,特别贷款,0.0,src_33c96cbd4d19,origin data/VPD-OE_Agent_20260709/VPD-OE_Agent/data/raw/ZY/ZY05.xls,三张报表,D43,43
historical_600_unknown_rule,ZY05,2,第2年,balance_sheet,特别贷款,0.0,src_33c96cbd4d19,origin data/VPD-OE_Agent_20260709/VPD-OE_Agent/data/raw/ZY/ZY05.xls,三张报表,E43,43
historical_600_unknown_rule,ZY05,3,第3年,balance_sheet,特别贷款,0.0,src_33c96cbd4d19,origin data/VPD-OE_Agent_20260709/VPD-OE_Agent/data/raw/ZY/ZY05.xls,三张报表,F43,43
historical_600_unknown_rule,ZY05,4,第4年,balance_sheet,特别贷款,0.0,src_33c96cbd4d19,origin data/VPD-OE_Agent_20260709/VPD-OE_Agent/data/raw/ZY/ZY05.xls,三张报表,G43,43
historical_600_unknown_rule,ZY05,5,第5年,balance_sheet,特别贷款,0.0,src_33c96cbd4d19,origin data/VPD-OE_Agent_20260709/VPD-OE_Agent/data/raw/ZY/ZY05.xls,三张报表,H43,43
historical_600_unknown_rule,ZY05,0,初始元年,balance_sheet,所得税,0.0,src_33c96cbd4d19,origin data/VPD-OE_Agent_20260709/VPD-OE_Agent/data/raw/ZY/ZY05.xls,三张报表,C44,44
historical_600_unknown_rule,ZY05,1,第1年,balance_sheet,所得税,0.0,src_33c96cbd4d19,origin data/VPD-OE_Agent_20260709/VPD-OE_Agent/data/raw/ZY/ZY05.xls,三张报表,D44,44
historical_600_unknown_rule,ZY05,2,第2年,balance_sheet,所得税,0.0,src_33c96cbd4d19,origin data/VPD-OE_Agent_20260709/VPD-OE_Agent/data/raw/ZY/ZY05.xls,三张报表,E44,44
historical_600_unknown_rule,ZY05,3,第3年,balance_sheet,所得税,115.0,src_33c96cbd4d19,origin data/VPD-OE_Agent_20260709/VPD-OE_Agent/data/raw/ZY/ZY05.xls,三张报表,F44,44
historical_600_unknown_rule,ZY05,4,第4年,balance_sheet,所得税,0.0,src_33c96cbd4d19,origin data/VPD-OE_Agent_20260709/VPD-OE_Agent/data/raw/ZY/ZY05.xls,三张报表,G44,44
historical_600_unknown_rule,ZY05,5,第5年,balance_sheet,所得税,107.0,src_33c96cbd4d19,origin data/VPD-OE_Agent_20260709/VPD-OE_Agent/data/raw/ZY/ZY05.xls,三张报表,H44,44
historical_600_unknown_rule,ZY05,0,初始元年,balance_sheet,负债合计,0.0,src_33c96cbd4d19,origin data/VPD-OE_Agent_20260709/VPD-OE_Agent/data/raw/ZY/ZY05.xls,三张报表,C45,45
historical_600_unknown_rule,ZY05,1,第1年,balance_sheet,负债合计,454.0,src_33c96cbd4d19,origin data/VPD-OE_Agent_20260709/VPD-OE_Agent/data/raw/ZY/ZY05.xls,三张报表,D45,45
historical_600_unknown_rule,ZY05,2,第2年,balance_sheet,负债合计,958.0,src_33c96cbd4d19,origin data/VPD-OE_Agent_20260709/VPD-OE_Agent/data/raw/ZY/ZY05.xls,三张报表,E45,45
historical_600_unknown_rule,ZY05,3,第3年,balance_sheet,负债合计,1279.0,src_33c96cbd4d19,origin data/VPD-OE_Agent_20260709/VPD-OE_Agent/data/raw/ZY/ZY05.xls,三张报表,F45,45
historical_600_unknown_rule,ZY05,4,第4年,balance_sheet,负债合计,1164.0,src_33c96cbd4d19,origin data/VPD-OE_Agent_20260709/VPD-OE_Agent/data/raw/ZY/ZY05.xls,三张报表,G45,45
historical_600_unknown_rule,ZY05,5,第5年,balance_sheet,负债合计,2729.0,src_33c96cbd4d19,origin data/VPD-OE_Agent_20260709/VPD-OE_Agent/data/raw/ZY/ZY05.xls,三张报表,H45,45
historical_600_unknown_rule,ZY05,0,初始元年,balance_sheet,股东资本,600.0,src_33c96cbd4d19,origin data/VPD-OE_Agent_20260709/VPD-OE_Agent/data/raw/ZY/ZY05.xls,三张报表,C46,46
historical_600_unknown_rule,ZY05,1,第1年,balance_sheet,股东资本,600.0,src_33c96cbd4d19,origin data/VPD-OE_Agent_20260709/VPD-OE_Agent/data/raw/ZY/ZY05.xls,三张报表,D46,46
historical_600_unknown_rule,ZY05,2,第2年,balance_sheet,股东资本,600.0,src_33c96cbd4d19,origin data/VPD-OE_Agent_20260709/VPD-OE_Agent/data/raw/ZY/ZY05.xls,三张报表,E46,46
historical_600_unknown_rule,ZY05,3,第3年,balance_sheet,股东资本,600.0,src_33c96cbd4d19,origin data/VPD-OE_Agent_20260709/VPD-OE_Agent/data/raw/ZY/ZY05.xls,三张报表,F46,46
historical_600_unknown_rule,ZY05,4,第4年,balance_sheet,股东资本,600.0,src_33c96cbd4d19,origin data/VPD-OE_Agent_20260709/VPD-OE_Agent/data/raw/ZY/ZY05.xls,三张报表,G46,46
historical_600_unknown_rule,ZY05,5,第5年,balance_sheet,股东资本,600.0,src_33c96cbd4d19,origin data/VPD-OE_Agent_20260709/VPD-OE_Agent/data/raw/ZY/ZY05.xls,三张报表,H46,46
historical_600_unknown_rule,ZY05,0,初始元年,balance_sheet,利润留存,0.0,src_33c96cbd4d19,origin data/VPD-OE_Agent_20260709/VPD-OE_Agent/data/raw/ZY/ZY05.xls,三张报表,C47,47
historical_600_unknown_rule,ZY05,1,第1年,balance_sheet,利润留存,0.0,src_33c96cbd4d19,origin data/VPD-OE_Agent_20260709/VPD-OE_Agent/data/raw/ZY/ZY05.xls,三张报表,D47,47
historical_600_unknown_rule,ZY05,2,第2年,balance_sheet,利润留存,-230.0,src_33c96cbd4d19,origin data/VPD-OE_Agent_20260709/VPD-OE_Agent/data/raw/ZY/ZY05.xls,三张报表,E47,47
historical_600_unknown_rule,ZY05,3,第3年,balance_sheet,利润留存,-156.0,src_33c96cbd4d19,origin data/VPD-OE_Agent_20260709/VPD-OE_Agent/data/raw/ZY/ZY05.xls,三张报表,F47,47
historical_600_unknown_rule,ZY05,4,第4年,balance_sheet,利润留存,346.0,src_33c96cbd4d19,origin data/VPD-OE_Agent_20260709/VPD-OE_Agent/data/raw/ZY/ZY05.xls,三张报表,G47,47
historical_600_unknown_rule,ZY05,5,第5年,balance_sheet,利润留存,274.0,src_33c96cbd4d19,origin data/VPD-OE_Agent_20260709/VPD-OE_Agent/data/raw/ZY/ZY05.xls,三张报表,H47,47
historical_600_unknown_rule,ZY05,0,初始元年,balance_sheet,年度净利,0.0,src_33c96cbd4d19,origin data/VPD-OE_Agent_20260709/VPD-OE_Agent/data/raw/ZY/ZY05.xls,三张报表,C48,48
historical_600_unknown_rule,ZY05,1,第1年,balance_sheet,年度净利,-230.0,src_33c96cbd4d19,origin data/VPD-OE_Agent_20260709/VPD-OE_Agent/data/raw/ZY/ZY05.xls,三张报表,D48,48
historical_600_unknown_rule,ZY05,2,第2年,balance_sheet,年度净利,74.0,src_33c96cbd4d19,origin data/VPD-OE_Agent_20260709/VPD-OE_Agent/data/raw/ZY/ZY05.xls,三张报表,E48,48
historical_600_unknown_rule,ZY05,3,第3年,balance_sheet,年度净利,502.0,src_33c96cbd4d19,origin data/VPD-OE_Agent_20260709/VPD-OE_Agent/data/raw/ZY/ZY05.xls,三张报表,F48,48
historical_600_unknown_rule,ZY05,4,第4年,balance_sheet,年度净利,-72.0,src_33c96cbd4d19,origin data/VPD-OE_Agent_20260709/VPD-OE_Agent/data/raw/ZY/ZY05.xls,三张报表,G48,48
historical_600_unknown_rule,ZY05,5,第5年,balance_sheet,年度净利,391.0,src_33c96cbd4d19,origin data/VPD-OE_Agent_20260709/VPD-OE_Agent/data/raw/ZY/ZY05.xls,三张报表,H48,48
historical_600_unknown_rule,ZY05,0,初始元年,balance_sheet,所有者权益合计,600.0,src_33c96cbd4d19,origin data/VPD-OE_Agent_20260709/VPD-OE_Agent/data/raw/ZY/ZY05.xls,三张报表,C49,49
historical_600_unknown_rule,ZY05,1,第1年,balance_sheet,所有者权益合计,370.0,src_33c96cbd4d19,origin data/VPD-OE_Agent_20260709/VPD-OE_Agent/data/raw/ZY/ZY05.xls,三张报表,D49,49
historical_600_unknown_rule,ZY05,2,第2年,balance_sheet,所有者权益合计,444.0,src_33c96cbd4d19,origin data/VPD-OE_Agent_20260709/VPD-OE_Agent/data/raw/ZY/ZY05.xls,三张报表,E49,49
historical_600_unknown_rule,ZY05,3,第3年,balance_sheet,所有者权益合计,946.0,src_33c96cbd4d19,origin data/VPD-OE_Agent_20260709/VPD-OE_Agent/data/raw/ZY/ZY05.xls,三张报表,F49,49
historical_600_unknown_rule,ZY05,4,第4年,balance_sheet,所有者权益合计,874.0,src_33c96cbd4d19,origin data/VPD-OE_Agent_20260709/VPD-OE_Agent/data/raw/ZY/ZY05.xls,三张报表,G49,49
historical_600_unknown_rule,ZY05,5,第5年,balance_sheet,所有者权益合计,1265.0,src_33c96cbd4d19,origin data/VPD-OE_Agent_20260709/VPD-OE_Agent/data/raw/ZY/ZY05.xls,三张报表,H49,49
historical_600_unknown_rule,ZY05,0,初始元年,balance_sheet,负债和所有者权益总计,600.0,src_33c96cbd4d19,origin data/VPD-OE_Agent_20260709/VPD-OE_Agent/data/raw/ZY/ZY05.xls,三张报表,C50,50
historical_600_unknown_rule,ZY05,1,第1年,balance_sheet,负债和所有者权益总计,824.0,src_33c96cbd4d19,origin data/VPD-OE_Agent_20260709/VPD-OE_Agent/data/raw/ZY/ZY05.xls,三张报表,D50,50
historical_600_unknown_rule,ZY05,2,第2年,balance_sheet,负债和所有者权益总计,1402.0,src_33c96cbd4d19,origin data/VPD-OE_Agent_20260709/VPD-OE_Agent/data/raw/ZY/ZY05.xls,三张报表,E50,50
historical_600_unknown_rule,ZY05,3,第3年,balance_sheet,负债和所有者权益总计,2225.0,src_33c96cbd4d19,origin data/VPD-OE_Agent_20260709/VPD-OE_Agent/data/raw/ZY/ZY05.xls,三张报表,F50,50
historical_600_unknown_rule,ZY05,4,第4年,balance_sheet,负债和所有者权益总计,2038.0,src_33c96cbd4d19,origin data/VPD-OE_Agent_20260709/VPD-OE_Agent/data/raw/ZY/ZY05.xls,三张报表,G50,50
historical_600_unknown_rule,ZY05,5,第5年,balance_sheet,负债和所有者权益总计,3994.0,src_33c96cbd4d19,origin data/VPD-OE_Agent_20260709/VPD-OE_Agent/data/raw/ZY/ZY05.xls,三张报表,H50,50
historical_600_unknown_rule,ZY06,0,初始元年,comprehensive_expense,管理费,0.0,src_aa724dd3736a,origin data/VPD-OE_Agent_20260709/VPD-OE_Agent/data/raw/ZY/ZY06.xls,三张报表,C3,3
historical_600_unknown_rule,ZY06,1,第1年,comprehensive_expense,管理费,40.0,src_aa724dd3736a,origin data/VPD-OE_Agent_20260709/VPD-OE_Agent/data/raw/ZY/ZY06.xls,三张报表,D3,3
historical_600_unknown_rule,ZY06,2,第2年,comprehensive_expense,管理费,40.0,src_aa724dd3736a,origin data/VPD-OE_Agent_20260709/VPD-OE_Agent/data/raw/ZY/ZY06.xls,三张报表,E3,3
historical_600_unknown_rule,ZY06,3,第3年,comprehensive_expense,管理费,40.0,src_aa724dd3736a,origin data/VPD-OE_Agent_20260709/VPD-OE_Agent/data/raw/ZY/ZY06.xls,三张报表,F3,3
historical_600_unknown_rule,ZY06,4,第4年,comprehensive_expense,管理费,40.0,src_aa724dd3736a,origin data/VPD-OE_Agent_20260709/VPD-OE_Agent/data/raw/ZY/ZY06.xls,三张报表,G3,3
historical_600_unknown_rule,ZY06,5,第5年,comprehensive_expense,管理费,40.0,src_aa724dd3736a,origin data/VPD-OE_Agent_20260709/VPD-OE_Agent/data/raw/ZY/ZY06.xls,三张报表,H3,3
historical_600_unknown_rule,ZY06,0,初始元年,comprehensive_expense,广告费,0.0,src_aa724dd3736a,origin data/VPD-OE_Agent_20260709/VPD-OE_Agent/data/raw/ZY/ZY06.xls,三张报表,C4,4
historical_600_unknown_rule,ZY06,1,第1年,comprehensive_expense,广告费,0.0,src_aa724dd3736a,origin data/VPD-OE_Agent_20260709/VPD-OE_Agent/data/raw/ZY/ZY06.xls,三张报表,D4,4
historical_600_unknown_rule,ZY06,2,第2年,comprehensive_expense,广告费,22.0,src_aa724dd3736a,origin data/VPD-OE_Agent_20260709/VPD-OE_Agent/data/raw/ZY/ZY06.xls,三张报表,E4,4
historical_600_unknown_rule,ZY06,3,第3年,comprehensive_expense,广告费,30.0,src_aa724dd3736a,origin data/VPD-OE_Agent_20260709/VPD-OE_Agent/data/raw/ZY/ZY06.xls,三张报表,F4,4
historical_600_unknown_rule,ZY06,4,第4年,comprehensive_expense,广告费,45.0,src_aa724dd3736a,origin data/VPD-OE_Agent_20260709/VPD-OE_Agent/data/raw/ZY/ZY06.xls,三张报表,G4,4
historical_600_unknown_rule,ZY06,5,第5年,comprehensive_expense,广告费,138.0,src_aa724dd3736a,origin data/VPD-OE_Agent_20260709/VPD-OE_Agent/data/raw/ZY/ZY06.xls,三张报表,H4,4
historical_600_unknown_rule,ZY06,0,初始元年,comprehensive_expense,维护费,0.0,src_aa724dd3736a,origin data/VPD-OE_Agent_20260709/VPD-OE_Agent/data/raw/ZY/ZY06.xls,三张报表,C5,5
historical_600_unknown_rule,ZY06,1,第1年,comprehensive_expense,维护费,0.0,src_aa724dd3736a,origin data/VPD-OE_Agent_20260709/VPD-OE_Agent/data/raw/ZY/ZY06.xls,三张报表,D5,5
historical_600_unknown_rule,ZY06,2,第2年,comprehensive_expense,维护费,40.0,src_aa724dd3736a,origin data/VPD-OE_Agent_20260709/VPD-OE_Agent/data/raw/ZY/ZY06.xls,三张报表,E5,5
historical_600_unknown_rule,ZY06,3,第3年,comprehensive_expense,维护费,40.0,src_aa724dd3736a,origin data/VPD-OE_Agent_20260709/VPD-OE_Agent/data/raw/ZY/ZY06.xls,三张报表,F5,5
historical_600_unknown_rule,ZY06,4,第4年,comprehensive_expense,维护费,40.0,src_aa724dd3736a,origin data/VPD-OE_Agent_20260709/VPD-OE_Agent/data/raw/ZY/ZY06.xls,三张报表,G5,5
historical_600_unknown_rule,ZY06,5,第5年,comprehensive_expense,维护费,80.0,src_aa724dd3736a,origin data/VPD-OE_Agent_20260709/VPD-OE_Agent/data/raw/ZY/ZY06.xls,三张报表,H5,5
historical_600_unknown_rule,ZY06,0,初始元年,comprehensive_expense,损失,0.0,src_aa724dd3736a,origin data/VPD-OE_Agent_20260709/VPD-OE_Agent/data/raw/ZY/ZY06.xls,三张报表,C6,6
historical_600_unknown_rule,ZY06,1,第1年,comprehensive_expense,损失,0.0,src_aa724dd3736a,origin data/VPD-OE_Agent_20260709/VPD-OE_Agent/data/raw/ZY/ZY06.xls,三张报表,D6,6
historical_600_unknown_rule,ZY06,2,第2年,comprehensive_expense,损失,0.0,src_aa724dd3736a,origin data/VPD-OE_Agent_20260709/VPD-OE_Agent/data/raw/ZY/ZY06.xls,三张报表,E6,6
historical_600_unknown_rule,ZY06,3,第3年,comprehensive_expense,损失,0.0,src_aa724dd3736a,origin data/VPD-OE_Agent_20260709/VPD-OE_Agent/data/raw/ZY/ZY06.xls,三张报表,F6,6
historical_600_unknown_rule,ZY06,4,第4年,comprehensive_expense,损失,0.0,src_aa724dd3736a,origin data/VPD-OE_Agent_20260709/VPD-OE_Agent/data/raw/ZY/ZY06.xls,三张报表,G6,6
historical_600_unknown_rule,ZY06,5,第5年,comprehensive_expense,损失,0.0,src_aa724dd3736a,origin data/VPD-OE_Agent_20260709/VPD-OE_Agent/data/raw/ZY/ZY06.xls,三张报表,H6,6
historical_600_unknown_rule,ZY06,0,初始元年,comprehensive_expense,转产费,0.0,src_aa724dd3736a,origin data/VPD-OE_Agent_20260709/VPD-OE_Agent/data/raw/ZY/ZY06.xls,三张报表,C7,7
historical_600_unknown_rule,ZY06,1,第1年,comprehensive_expense,转产费,0.0,src_aa724dd3736a,origin data/VPD-OE_Agent_20260709/VPD-OE_Agent/data/raw/ZY/ZY06.xls,三张报表,D7,7
historical_600_unknown_rule,ZY06,2,第2年,comprehensive_expense,转产费,0.0,src_aa724dd3736a,origin data/VPD-OE_Agent_20260709/VPD-OE_Agent/data/raw/ZY/ZY06.xls,三张报表,E7,7
historical_600_unknown_rule,ZY06,3,第3年,comprehensive_expense,转产费,0.0,src_aa724dd3736a,origin data/VPD-OE_Agent_20260709/VPD-OE_Agent/data/raw/ZY/ZY06.xls,三张报表,F7,7
historical_600_unknown_rule,ZY06,4,第4年,comprehensive_expense,转产费,0.0,src_aa724dd3736a,origin data/VPD-OE_Agent_20260709/VPD-OE_Agent/data/raw/ZY/ZY06.xls,三张报表,G7,7
historical_600_unknown_rule,ZY06,5,第5年,comprehensive_expense,转产费,0.0,src_aa724dd3736a,origin data/VPD-OE_Agent_20260709/VPD-OE_Agent/data/raw/ZY/ZY06.xls,三张报表,H7,7
historical_600_unknown_rule,ZY06,0,初始元年,comprehensive_expense,租金,0.0,src_aa724dd3736a,origin data/VPD-OE_Agent_20260709/VPD-OE_Agent/data/raw/ZY/ZY06.xls,三张报表,C8,8
historical_600_unknown_rule,ZY06,1,第1年,comprehensive_expense,租金,40.0,src_aa724dd3736a,origin data/VPD-OE_Agent_20260709/VPD-OE_Agent/data/raw/ZY/ZY06.xls,三张报表,D8,8
historical_600_unknown_rule,ZY06,2,第2年,comprehensive_expense,租金,40.0,src_aa724dd3736a,origin data/VPD-OE_Agent_20260709/VPD-OE_Agent/data/raw/ZY/ZY06.xls,三张报表,E8,8
historical_600_unknown_rule,ZY06,3,第3年,comprehensive_expense,租金,40.0,src_aa724dd3736a,origin data/VPD-OE_Agent_20260709/VPD-OE_Agent/data/raw/ZY/ZY06.xls,三张报表,F8,8
historical_600_unknown_rule,ZY06,4,第4年,comprehensive_expense,租金,40.0,src_aa724dd3736a,origin data/VPD-OE_Agent_20260709/VPD-OE_Agent/data/raw/ZY/ZY06.xls,三张报表,G8,8
historical_600_unknown_rule,ZY06,5,第5年,comprehensive_expense,租金,40.0,src_aa724dd3736a,origin data/VPD-OE_Agent_20260709/VPD-OE_Agent/data/raw/ZY/ZY06.xls,三张报表,H8,8
historical_600_unknown_rule,ZY06,0,初始元年,comprehensive_expense,市场开拓费,0.0,src_aa724dd3736a,origin data/VPD-OE_Agent_20260709/VPD-OE_Agent/data/raw/ZY/ZY06.xls,三张报表,C9,9
historical_600_unknown_rule,ZY06,1,第1年,comprehensive_expense,市场开拓费,40.0,src_aa724dd3736a,origin data/VPD-OE_Agent_20260709/VPD-OE_Agent/data/raw/ZY/ZY06.xls,三张报表,D9,9
historical_600_unknown_rule,ZY06,2,第2年,comprehensive_expense,市场开拓费,20.0,src_aa724dd3736a,origin data/VPD-OE_Agent_20260709/VPD-OE_Agent/data/raw/ZY/ZY06.xls,三张报表,E9,9
historical_600_unknown_rule,ZY06,3,第3年,comprehensive_expense,市场开拓费,10.0,src_aa724dd3736a,origin data/VPD-OE_Agent_20260709/VPD-OE_Agent/data/raw/ZY/ZY06.xls,三张报表,F9,9
historical_600_unknown_rule,ZY06,4,第4年,comprehensive_expense,市场开拓费,0.0,src_aa724dd3736a,origin data/VPD-OE_Agent_20260709/VPD-OE_Agent/data/raw/ZY/ZY06.xls,三张报表,G9,9
historical_600_unknown_rule,ZY06,5,第5年,comprehensive_expense,市场开拓费,0.0,src_aa724dd3736a,origin data/VPD-OE_Agent_20260709/VPD-OE_Agent/data/raw/ZY/ZY06.xls,三张报表,H9,9
historical_600_unknown_rule,ZY06,0,初始元年,comprehensive_expense,产品研发费,0.0,src_aa724dd3736a,origin data/VPD-OE_Agent_20260709/VPD-OE_Agent/data/raw/ZY/ZY06.xls,三张报表,C10,10
historical_600_unknown_rule,ZY06,1,第1年,comprehensive_expense,产品研发费,40.0,src_aa724dd3736a,origin data/VPD-OE_Agent_20260709/VPD-OE_Agent/data/raw/ZY/ZY06.xls,三张报表,D10,10
historical_600_unknown_rule,ZY06,2,第2年,comprehensive_expense,产品研发费,10.0,src_aa724dd3736a,origin data/VPD-OE_Agent_20260709/VPD-OE_Agent/data/raw/ZY/ZY06.xls,三张报表,E10,10
historical_600_unknown_rule,ZY06,3,第3年,comprehensive_expense,产品研发费,0.0,src_aa724dd3736a,origin data/VPD-OE_Agent_20260709/VPD-OE_Agent/data/raw/ZY/ZY06.xls,三张报表,F10,10
historical_600_unknown_rule,ZY06,4,第4年,comprehensive_expense,产品研发费,0.0,src_aa724dd3736a,origin data/VPD-OE_Agent_20260709/VPD-OE_Agent/data/raw/ZY/ZY06.xls,三张报表,G10,10
historical_600_unknown_rule,ZY06,5,第5年,comprehensive_expense,产品研发费,0.0,src_aa724dd3736a,origin data/VPD-OE_Agent_20260709/VPD-OE_Agent/data/raw/ZY/ZY06.xls,三张报表,H10,10
historical_600_unknown_rule,ZY06,0,初始元年,comprehensive_expense,ISO认证费,0.0,src_aa724dd3736a,origin data/VPD-OE_Agent_20260709/VPD-OE_Agent/data/raw/ZY/ZY06.xls,三张报表,C11,11
historical_600_unknown_rule,ZY06,1,第1年,comprehensive_expense,ISO认证费,10.0,src_aa724dd3736a,origin data/VPD-OE_Agent_20260709/VPD-OE_Agent/data/raw/ZY/ZY06.xls,三张报表,D11,11
historical_600_unknown_rule,ZY06,2,第2年,comprehensive_expense,ISO认证费,10.0,src_aa724dd3736a,origin data/VPD-OE_Agent_20260709/VPD-OE_Agent/data/raw/ZY/ZY06.xls,三张报表,E11,11
historical_600_unknown_rule,ZY06,3,第3年,comprehensive_expense,ISO认证费,0.0,src_aa724dd3736a,origin data/VPD-OE_Agent_20260709/VPD-OE_Agent/data/raw/ZY/ZY06.xls,三张报表,F11,11
historical_600_unknown_rule,ZY06,4,第4年,comprehensive_expense,ISO认证费,0.0,src_aa724dd3736a,origin data/VPD-OE_Agent_20260709/VPD-OE_Agent/data/raw/ZY/ZY06.xls,三张报表,G11,11
historical_600_unknown_rule,ZY06,5,第5年,comprehensive_expense,ISO认证费,0.0,src_aa724dd3736a,origin data/VPD-OE_Agent_20260709/VPD-OE_Agent/data/raw/ZY/ZY06.xls,三张报表,H11,11
historical_600_unknown_rule,ZY06,0,初始元年,comprehensive_expense,信息费,0.0,src_aa724dd3736a,origin data/VPD-OE_Agent_20260709/VPD-OE_Agent/data/raw/ZY/ZY06.xls,三张报表,C12,12
historical_600_unknown_rule,ZY06,1,第1年,comprehensive_expense,信息费,0.0,src_aa724dd3736a,origin data/VPD-OE_Agent_20260709/VPD-OE_Agent/data/raw/ZY/ZY06.xls,三张报表,D12,12
historical_600_unknown_rule,ZY06,2,第2年,comprehensive_expense,信息费,0.0,src_aa724dd3736a,origin data/VPD-OE_Agent_20260709/VPD-OE_Agent/data/raw/ZY/ZY06.xls,三张报表,E12,12
historical_600_unknown_rule,ZY06,3,第3年,comprehensive_expense,信息费,0.0,src_aa724dd3736a,origin data/VPD-OE_Agent_20260709/VPD-OE_Agent/data/raw/ZY/ZY06.xls,三张报表,F12,12
historical_600_unknown_rule,ZY06,4,第4年,comprehensive_expense,信息费,0.0,src_aa724dd3736a,origin data/VPD-OE_Agent_20260709/VPD-OE_Agent/data/raw/ZY/ZY06.xls,三张报表,G12,12
historical_600_unknown_rule,ZY06,5,第5年,comprehensive_expense,信息费,0.0,src_aa724dd3736a,origin data/VPD-OE_Agent_20260709/VPD-OE_Agent/data/raw/ZY/ZY06.xls,三张报表,H12,12
historical_600_unknown_rule,ZY06,0,初始元年,comprehensive_expense,合计,0.0,src_aa724dd3736a,origin data/VPD-OE_Agent_20260709/VPD-OE_Agent/data/raw/ZY/ZY06.xls,三张报表,C13,13
historical_600_unknown_rule,ZY06,1,第1年,comprehensive_expense,合计,170.0,src_aa724dd3736a,origin data/VPD-OE_Agent_20260709/VPD-OE_Agent/data/raw/ZY/ZY06.xls,三张报表,D13,13
historical_600_unknown_rule,ZY06,2,第2年,comprehensive_expense,合计,182.0,src_aa724dd3736a,origin data/VPD-OE_Agent_20260709/VPD-OE_Agent/data/raw/ZY/ZY06.xls,三张报表,E13,13
historical_600_unknown_rule,ZY06,3,第3年,comprehensive_expense,合计,160.0,src_aa724dd3736a,origin data/VPD-OE_Agent_20260709/VPD-OE_Agent/data/raw/ZY/ZY06.xls,三张报表,F13,13
historical_600_unknown_rule,ZY06,4,第4年,comprehensive_expense,合计,165.0,src_aa724dd3736a,origin data/VPD-OE_Agent_20260709/VPD-OE_Agent/data/raw/ZY/ZY06.xls,三张报表,G13,13
historical_600_unknown_rule,ZY06,5,第5年,comprehensive_expense,合计,298.0,src_aa724dd3736a,origin data/VPD-OE_Agent_20260709/VPD-OE_Agent/data/raw/ZY/ZY06.xls,三张报表,H13,13
historical_600_unknown_rule,ZY06,0,初始元年,income_statement,销售收入,0.0,src_aa724dd3736a,origin data/VPD-OE_Agent_20260709/VPD-OE_Agent/data/raw/ZY/ZY06.xls,三张报表,C16,16
historical_600_unknown_rule,ZY06,1,第1年,income_statement,销售收入,0.0,src_aa724dd3736a,origin data/VPD-OE_Agent_20260709/VPD-OE_Agent/data/raw/ZY/ZY06.xls,三张报表,D16,16
historical_600_unknown_rule,ZY06,2,第2年,income_statement,销售收入,873.0,src_aa724dd3736a,origin data/VPD-OE_Agent_20260709/VPD-OE_Agent/data/raw/ZY/ZY06.xls,三张报表,E16,16
historical_600_unknown_rule,ZY06,3,第3年,income_statement,销售收入,1624.0,src_aa724dd3736a,origin data/VPD-OE_Agent_20260709/VPD-OE_Agent/data/raw/ZY/ZY06.xls,三张报表,F16,16
historical_600_unknown_rule,ZY06,4,第4年,income_statement,销售收入,595.0,src_aa724dd3736a,origin data/VPD-OE_Agent_20260709/VPD-OE_Agent/data/raw/ZY/ZY06.xls,三张报表,G16,16
historical_600_unknown_rule,ZY06,5,第5年,income_statement,销售收入,1710.0,src_aa724dd3736a,origin data/VPD-OE_Agent_20260709/VPD-OE_Agent/data/raw/ZY/ZY06.xls,三张报表,H16,16
historical_600_unknown_rule,ZY06,0,初始元年,income_statement,直接成本,0.0,src_aa724dd3736a,origin data/VPD-OE_Agent_20260709/VPD-OE_Agent/data/raw/ZY/ZY06.xls,三张报表,C17,17
historical_600_unknown_rule,ZY06,1,第1年,income_statement,直接成本,0.0,src_aa724dd3736a,origin data/VPD-OE_Agent_20260709/VPD-OE_Agent/data/raw/ZY/ZY06.xls,三张报表,D17,17
historical_600_unknown_rule,ZY06,2,第2年,income_statement,直接成本,400.0,src_aa724dd3736a,origin data/VPD-OE_Agent_20260709/VPD-OE_Agent/data/raw/ZY/ZY06.xls,三张报表,E17,17
historical_600_unknown_rule,ZY06,3,第3年,income_statement,直接成本,800.0,src_aa724dd3736a,origin data/VPD-OE_Agent_20260709/VPD-OE_Agent/data/raw/ZY/ZY06.xls,三张报表,F17,17
historical_600_unknown_rule,ZY06,4,第4年,income_statement,直接成本,300.0,src_aa724dd3736a,origin data/VPD-OE_Agent_20260709/VPD-OE_Agent/data/raw/ZY/ZY06.xls,三张报表,G17,17
historical_600_unknown_rule,ZY06,5,第5年,income_statement,直接成本,900.0,src_aa724dd3736a,origin data/VPD-OE_Agent_20260709/VPD-OE_Agent/data/raw/ZY/ZY06.xls,三张报表,H17,17
historical_600_unknown_rule,ZY06,0,初始元年,income_statement,毛利,0.0,src_aa724dd3736a,origin data/VPD-OE_Agent_20260709/VPD-OE_Agent/data/raw/ZY/ZY06.xls,三张报表,C18,18
historical_600_unknown_rule,ZY06,1,第1年,income_statement,毛利,0.0,src_aa724dd3736a,origin data/VPD-OE_Agent_20260709/VPD-OE_Agent/data/raw/ZY/ZY06.xls,三张报表,D18,18
historical_600_unknown_rule,ZY06,2,第2年,income_statement,毛利,473.0,src_aa724dd3736a,origin data/VPD-OE_Agent_20260709/VPD-OE_Agent/data/raw/ZY/ZY06.xls,三张报表,E18,18
historical_600_unknown_rule,ZY06,3,第3年,income_statement,毛利,824.0,src_aa724dd3736a,origin data/VPD-OE_Agent_20260709/VPD-OE_Agent/data/raw/ZY/ZY06.xls,三张报表,F18,18
historical_600_unknown_rule,ZY06,4,第4年,income_statement,毛利,295.0,src_aa724dd3736a,origin data/VPD-OE_Agent_20260709/VPD-OE_Agent/data/raw/ZY/ZY06.xls,三张报表,G18,18
historical_600_unknown_rule,ZY06,5,第5年,income_statement,毛利,810.0,src_aa724dd3736a,origin data/VPD-OE_Agent_20260709/VPD-OE_Agent/data/raw/ZY/ZY06.xls,三张报表,H18,18
historical_600_unknown_rule,ZY06,0,初始元年,income_statement,综合费用,0.0,src_aa724dd3736a,origin data/VPD-OE_Agent_20260709/VPD-OE_Agent/data/raw/ZY/ZY06.xls,三张报表,C19,19
historical_600_unknown_rule,ZY06,1,第1年,income_statement,综合费用,170.0,src_aa724dd3736a,origin data/VPD-OE_Agent_20260709/VPD-OE_Agent/data/raw/ZY/ZY06.xls,三张报表,D19,19
historical_600_unknown_rule,ZY06,2,第2年,income_statement,综合费用,182.0,src_aa724dd3736a,origin data/VPD-OE_Agent_20260709/VPD-OE_Agent/data/raw/ZY/ZY06.xls,三张报表,E19,19
historical_600_unknown_rule,ZY06,3,第3年,income_statement,综合费用,160.0,src_aa724dd3736a,origin data/VPD-OE_Agent_20260709/VPD-OE_Agent/data/raw/ZY/ZY06.xls,三张报表,F19,19
historical_600_unknown_rule,ZY06,4,第4年,income_statement,综合费用,165.0,src_aa724dd3736a,origin data/VPD-OE_Agent_20260709/VPD-OE_Agent/data/raw/ZY/ZY06.xls,三张报表,G19,19
historical_600_unknown_rule,ZY06,5,第5年,income_statement,综合费用,298.0,src_aa724dd3736a,origin data/VPD-OE_Agent_20260709/VPD-OE_Agent/data/raw/ZY/ZY06.xls,三张报表,H19,19
historical_600_unknown_rule,ZY06,0,初始元年,income_statement,折旧前利润,0.0,src_aa724dd3736a,origin data/VPD-OE_Agent_20260709/VPD-OE_Agent/data/raw/ZY/ZY06.xls,三张报表,C20,20
historical_600_unknown_rule,ZY06,1,第1年,income_statement,折旧前利润,-170.0,src_aa724dd3736a,origin data/VPD-OE_Agent_20260709/VPD-OE_Agent/data/raw/ZY/ZY06.xls,三张报表,D20,20
historical_600_unknown_rule,ZY06,2,第2年,income_statement,折旧前利润,291.0,src_aa724dd3736a,origin data/VPD-OE_Agent_20260709/VPD-OE_Agent/data/raw/ZY/ZY06.xls,三张报表,E20,20
historical_600_unknown_rule,ZY06,3,第3年,income_statement,折旧前利润,664.0,src_aa724dd3736a,origin data/VPD-OE_Agent_20260709/VPD-OE_Agent/data/raw/ZY/ZY06.xls,三张报表,F20,20
historical_600_unknown_rule,ZY06,4,第4年,income_statement,折旧前利润,130.0,src_aa724dd3736a,origin data/VPD-OE_Agent_20260709/VPD-OE_Agent/data/raw/ZY/ZY06.xls,三张报表,G20,20
historical_600_unknown_rule,ZY06,5,第5年,income_statement,折旧前利润,512.0,src_aa724dd3736a,origin data/VPD-OE_Agent_20260709/VPD-OE_Agent/data/raw/ZY/ZY06.xls,三张报表,H20,20
historical_600_unknown_rule,ZY06,0,初始元年,income_statement,折旧,0.0,src_aa724dd3736a,origin data/VPD-OE_Agent_20260709/VPD-OE_Agent/data/raw/ZY/ZY06.xls,三张报表,C21,21
historical_600_unknown_rule,ZY06,1,第1年,income_statement,折旧,0.0,src_aa724dd3736a,origin data/VPD-OE_Agent_20260709/VPD-OE_Agent/data/raw/ZY/ZY06.xls,三张报表,D21,21
historical_600_unknown_rule,ZY06,2,第2年,income_statement,折旧,0.0,src_aa724dd3736a,origin data/VPD-OE_Agent_20260709/VPD-OE_Agent/data/raw/ZY/ZY06.xls,三张报表,E21,21
historical_600_unknown_rule,ZY06,3,第3年,income_statement,折旧,120.0,src_aa724dd3736a,origin data/VPD-OE_Agent_20260709/VPD-OE_Agent/data/raw/ZY/ZY06.xls,三张报表,F21,21
historical_600_unknown_rule,ZY06,4,第4年,income_statement,折旧,120.0,src_aa724dd3736a,origin data/VPD-OE_Agent_20260709/VPD-OE_Agent/data/raw/ZY/ZY06.xls,三张报表,G21,21
historical_600_unknown_rule,ZY06,5,第5年,income_statement,折旧,120.0,src_aa724dd3736a,origin data/VPD-OE_Agent_20260709/VPD-OE_Agent/data/raw/ZY/ZY06.xls,三张报表,H21,21
historical_600_unknown_rule,ZY06,0,初始元年,income_statement,支付利息前利润,0.0,src_aa724dd3736a,origin data/VPD-OE_Agent_20260709/VPD-OE_Agent/data/raw/ZY/ZY06.xls,三张报表,C22,22
historical_600_unknown_rule,ZY06,1,第1年,income_statement,支付利息前利润,-170.0,src_aa724dd3736a,origin data/VPD-OE_Agent_20260709/VPD-OE_Agent/data/raw/ZY/ZY06.xls,三张报表,D22,22
historical_600_unknown_rule,ZY06,2,第2年,income_statement,支付利息前利润,291.0,src_aa724dd3736a,origin data/VPD-OE_Agent_20260709/VPD-OE_Agent/data/raw/ZY/ZY06.xls,三张报表,E22,22
historical_600_unknown_rule,ZY06,3,第3年,income_statement,支付利息前利润,544.0,src_aa724dd3736a,origin data/VPD-OE_Agent_20260709/VPD-OE_Agent/data/raw/ZY/ZY06.xls,三张报表,F22,22
historical_600_unknown_rule,ZY06,4,第4年,income_statement,支付利息前利润,10.0,src_aa724dd3736a,origin data/VPD-OE_Agent_20260709/VPD-OE_Agent/data/raw/ZY/ZY06.xls,三张报表,G22,22
historical_600_unknown_rule,ZY06,5,第5年,income_statement,支付利息前利润,392.0,src_aa724dd3736a,origin data/VPD-OE_Agent_20260709/VPD-OE_Agent/data/raw/ZY/ZY06.xls,三张报表,H22,22
historical_600_unknown_rule,ZY06,0,初始元年,income_statement,财务费用,0.0,src_aa724dd3736a,origin data/VPD-OE_Agent_20260709/VPD-OE_Agent/data/raw/ZY/ZY06.xls,三张报表,C23,23
historical_600_unknown_rule,ZY06,1,第1年,income_statement,财务费用,0.0,src_aa724dd3736a,origin data/VPD-OE_Agent_20260709/VPD-OE_Agent/data/raw/ZY/ZY06.xls,三张报表,D23,23
historical_600_unknown_rule,ZY06,2,第2年,income_statement,财务费用,30.0,src_aa724dd3736a,origin data/VPD-OE_Agent_20260709/VPD-OE_Agent/data/raw/ZY/ZY06.xls,三张报表,E23,23
historical_600_unknown_rule,ZY06,3,第3年,income_statement,财务费用,112.0,src_aa724dd3736a,origin data/VPD-OE_Agent_20260709/VPD-OE_Agent/data/raw/ZY/ZY06.xls,三张报表,F23,23
historical_600_unknown_rule,ZY06,4,第4年,income_statement,财务费用,95.0,src_aa724dd3736a,origin data/VPD-OE_Agent_20260709/VPD-OE_Agent/data/raw/ZY/ZY06.xls,三张报表,G23,23
historical_600_unknown_rule,ZY06,5,第5年,income_statement,财务费用,99.0,src_aa724dd3736a,origin data/VPD-OE_Agent_20260709/VPD-OE_Agent/data/raw/ZY/ZY06.xls,三张报表,H23,23
historical_600_unknown_rule,ZY06,0,初始元年,income_statement,税前利润,0.0,src_aa724dd3736a,origin data/VPD-OE_Agent_20260709/VPD-OE_Agent/data/raw/ZY/ZY06.xls,三张报表,C24,24
historical_600_unknown_rule,ZY06,1,第1年,income_statement,税前利润,-170.0,src_aa724dd3736a,origin data/VPD-OE_Agent_20260709/VPD-OE_Agent/data/raw/ZY/ZY06.xls,三张报表,D24,24
historical_600_unknown_rule,ZY06,2,第2年,income_statement,税前利润,261.0,src_aa724dd3736a,origin data/VPD-OE_Agent_20260709/VPD-OE_Agent/data/raw/ZY/ZY06.xls,三张报表,E24,24
historical_600_unknown_rule,ZY06,3,第3年,income_statement,税前利润,432.0,src_aa724dd3736a,origin data/VPD-OE_Agent_20260709/VPD-OE_Agent/data/raw/ZY/ZY06.xls,三张报表,F24,24
historical_600_unknown_rule,ZY06,4,第4年,income_statement,税前利润,-85.0,src_aa724dd3736a,origin data/VPD-OE_Agent_20260709/VPD-OE_Agent/data/raw/ZY/ZY06.xls,三张报表,G24,24
historical_600_unknown_rule,ZY06,5,第5年,income_statement,税前利润,293.0,src_aa724dd3736a,origin data/VPD-OE_Agent_20260709/VPD-OE_Agent/data/raw/ZY/ZY06.xls,三张报表,H24,24
historical_600_unknown_rule,ZY06,0,初始元年,income_statement,所得税,0.0,src_aa724dd3736a,origin data/VPD-OE_Agent_20260709/VPD-OE_Agent/data/raw/ZY/ZY06.xls,三张报表,C25,25
historical_600_unknown_rule,ZY06,1,第1年,income_statement,所得税,0.0,src_aa724dd3736a,origin data/VPD-OE_Agent_20260709/VPD-OE_Agent/data/raw/ZY/ZY06.xls,三张报表,D25,25
historical_600_unknown_rule,ZY06,2,第2年,income_statement,所得税,23.0,src_aa724dd3736a,origin data/VPD-OE_Agent_20260709/VPD-OE_Agent/data/raw/ZY/ZY06.xls,三张报表,E25,25
historical_600_unknown_rule,ZY06,3,第3年,income_statement,所得税,108.0,src_aa724dd3736a,origin data/VPD-OE_Agent_20260709/VPD-OE_Agent/data/raw/ZY/ZY06.xls,三张报表,F25,25
historical_600_unknown_rule,ZY06,4,第4年,income_statement,所得税,0.0,src_aa724dd3736a,origin data/VPD-OE_Agent_20260709/VPD-OE_Agent/data/raw/ZY/ZY06.xls,三张报表,G25,25
historical_600_unknown_rule,ZY06,5,第5年,income_statement,所得税,52.0,src_aa724dd3736a,origin data/VPD-OE_Agent_20260709/VPD-OE_Agent/data/raw/ZY/ZY06.xls,三张报表,H25,25
historical_600_unknown_rule,ZY06,0,初始元年,income_statement,年度净利润,0.0,src_aa724dd3736a,origin data/VPD-OE_Agent_20260709/VPD-OE_Agent/data/raw/ZY/ZY06.xls,三张报表,C26,26
historical_600_unknown_rule,ZY06,1,第1年,income_statement,年度净利润,-170.0,src_aa724dd3736a,origin data/VPD-OE_Agent_20260709/VPD-OE_Agent/data/raw/ZY/ZY06.xls,三张报表,D26,26
historical_600_unknown_rule,ZY06,2,第2年,income_statement,年度净利润,238.0,src_aa724dd3736a,origin data/VPD-OE_Agent_20260709/VPD-OE_Agent/data/raw/ZY/ZY06.xls,三张报表,E26,26
historical_600_unknown_rule,ZY06,3,第3年,income_statement,年度净利润,324.0,src_aa724dd3736a,origin data/VPD-OE_Agent_20260709/VPD-OE_Agent/data/raw/ZY/ZY06.xls,三张报表,F26,26
historical_600_unknown_rule,ZY06,4,第4年,income_statement,年度净利润,-85.0,src_aa724dd3736a,origin data/VPD-OE_Agent_20260709/VPD-OE_Agent/data/raw/ZY/ZY06.xls,三张报表,G26,26
historical_600_unknown_rule,ZY06,5,第5年,income_statement,年度净利润,241.0,src_aa724dd3736a,origin data/VPD-OE_Agent_20260709/VPD-OE_Agent/data/raw/ZY/ZY06.xls,三张报表,H26,26
historical_600_unknown_rule,ZY06,0,初始元年,balance_sheet,现金,600.0,src_aa724dd3736a,origin data/VPD-OE_Agent_20260709/VPD-OE_Agent/data/raw/ZY/ZY06.xls,三张报表,C30,30
historical_600_unknown_rule,ZY06,1,第1年,balance_sheet,现金,334.0,src_aa724dd3736a,origin data/VPD-OE_Agent_20260709/VPD-OE_Agent/data/raw/ZY/ZY06.xls,三张报表,D30,30
historical_600_unknown_rule,ZY06,2,第2年,balance_sheet,现金,72.0,src_aa724dd3736a,origin data/VPD-OE_Agent_20260709/VPD-OE_Agent/data/raw/ZY/ZY06.xls,三张报表,E30,30
historical_600_unknown_rule,ZY06,3,第3年,balance_sheet,现金,709.0,src_aa724dd3736a,origin data/VPD-OE_Agent_20260709/VPD-OE_Agent/data/raw/ZY/ZY06.xls,三张报表,F30,30
historical_600_unknown_rule,ZY06,4,第4年,balance_sheet,现金,575.0,src_aa724dd3736a,origin data/VPD-OE_Agent_20260709/VPD-OE_Agent/data/raw/ZY/ZY06.xls,三张报表,G30,30
historical_600_unknown_rule,ZY06,5,第5年,balance_sheet,现金,6.0,src_aa724dd3736a,origin data/VPD-OE_Agent_20260709/VPD-OE_Agent/data/raw/ZY/ZY06.xls,三张报表,H30,30
historical_600_unknown_rule,ZY06,0,初始元年,balance_sheet,应收款,0.0,src_aa724dd3736a,origin data/VPD-OE_Agent_20260709/VPD-OE_Agent/data/raw/ZY/ZY06.xls,三张报表,C31,31
historical_600_unknown_rule,ZY06,1,第1年,balance_sheet,应收款,0.0,src_aa724dd3736a,origin data/VPD-OE_Agent_20260709/VPD-OE_Agent/data/raw/ZY/ZY06.xls,三张报表,D31,31
historical_600_unknown_rule,ZY06,2,第2年,balance_sheet,应收款,873.0,src_aa724dd3736a,origin data/VPD-OE_Agent_20260709/VPD-OE_Agent/data/raw/ZY/ZY06.xls,三张报表,E31,31
historical_600_unknown_rule,ZY06,3,第3年,balance_sheet,应收款,1011.0,src_aa724dd3736a,origin data/VPD-OE_Agent_20260709/VPD-OE_Agent/data/raw/ZY/ZY06.xls,三张报表,F31,31
historical_600_unknown_rule,ZY06,4,第4年,balance_sheet,应收款,0.0,src_aa724dd3736a,origin data/VPD-OE_Agent_20260709/VPD-OE_Agent/data/raw/ZY/ZY06.xls,三张报表,G31,31
historical_600_unknown_rule,ZY06,5,第5年,balance_sheet,应收款,491.0,src_aa724dd3736a,origin data/VPD-OE_Agent_20260709/VPD-OE_Agent/data/raw/ZY/ZY06.xls,三张报表,H31,31
historical_600_unknown_rule,ZY06,0,初始元年,balance_sheet,在制品,0.0,src_aa724dd3736a,origin data/VPD-OE_Agent_20260709/VPD-OE_Agent/data/raw/ZY/ZY06.xls,三张报表,C32,32
historical_600_unknown_rule,ZY06,1,第1年,balance_sheet,在制品,0.0,src_aa724dd3736a,origin data/VPD-OE_Agent_20260709/VPD-OE_Agent/data/raw/ZY/ZY06.xls,三张报表,D32,32
historical_600_unknown_rule,ZY06,2,第2年,balance_sheet,在制品,200.0,src_aa724dd3736a,origin data/VPD-OE_Agent_20260709/VPD-OE_Agent/data/raw/ZY/ZY06.xls,三张报表,E32,32
historical_600_unknown_rule,ZY06,3,第3年,balance_sheet,在制品,200.0,src_aa724dd3736a,origin data/VPD-OE_Agent_20260709/VPD-OE_Agent/data/raw/ZY/ZY06.xls,三张报表,F32,32
historical_600_unknown_rule,ZY06,4,第4年,balance_sheet,在制品,0.0,src_aa724dd3736a,origin data/VPD-OE_Agent_20260709/VPD-OE_Agent/data/raw/ZY/ZY06.xls,三张报表,G32,32
historical_600_unknown_rule,ZY06,5,第5年,balance_sheet,在制品,0.0,src_aa724dd3736a,origin data/VPD-OE_Agent_20260709/VPD-OE_Agent/data/raw/ZY/ZY06.xls,三张报表,H32,32
historical_600_unknown_rule,ZY06,0,初始元年,balance_sheet,产成品,0.0,src_aa724dd3736a,origin data/VPD-OE_Agent_20260709/VPD-OE_Agent/data/raw/ZY/ZY06.xls,三张报表,C33,33
historical_600_unknown_rule,ZY06,1,第1年,balance_sheet,产成品,0.0,src_aa724dd3736a,origin data/VPD-OE_Agent_20260709/VPD-OE_Agent/data/raw/ZY/ZY06.xls,三张报表,D33,33
historical_600_unknown_rule,ZY06,2,第2年,balance_sheet,产成品,0.0,src_aa724dd3736a,origin data/VPD-OE_Agent_20260709/VPD-OE_Agent/data/raw/ZY/ZY06.xls,三张报表,E33,33
historical_600_unknown_rule,ZY06,3,第3年,balance_sheet,产成品,0.0,src_aa724dd3736a,origin data/VPD-OE_Agent_20260709/VPD-OE_Agent/data/raw/ZY/ZY06.xls,三张报表,F33,33
historical_600_unknown_rule,ZY06,4,第4年,balance_sheet,产成品,500.0,src_aa724dd3736a,origin data/VPD-OE_Agent_20260709/VPD-OE_Agent/data/raw/ZY/ZY06.xls,三张报表,G33,33
historical_600_unknown_rule,ZY06,5,第5年,balance_sheet,产成品,0.0,src_aa724dd3736a,origin data/VPD-OE_Agent_20260709/VPD-OE_Agent/data/raw/ZY/ZY06.xls,三张报表,H33,33
historical_600_unknown_rule,ZY06,0,初始元年,balance_sheet,原料,0.0,src_aa724dd3736a,origin data/VPD-OE_Agent_20260709/VPD-OE_Agent/data/raw/ZY/ZY06.xls,三张报表,C34,34
historical_600_unknown_rule,ZY06,1,第1年,balance_sheet,原料,0.0,src_aa724dd3736a,origin data/VPD-OE_Agent_20260709/VPD-OE_Agent/data/raw/ZY/ZY06.xls,三张报表,D34,34
historical_600_unknown_rule,ZY06,2,第2年,balance_sheet,原料,0.0,src_aa724dd3736a,origin data/VPD-OE_Agent_20260709/VPD-OE_Agent/data/raw/ZY/ZY06.xls,三张报表,E34,34
historical_600_unknown_rule,ZY06,3,第3年,balance_sheet,原料,0.0,src_aa724dd3736a,origin data/VPD-OE_Agent_20260709/VPD-OE_Agent/data/raw/ZY/ZY06.xls,三张报表,F34,34
historical_600_unknown_rule,ZY06,4,第4年,balance_sheet,原料,80.0,src_aa724dd3736a,origin data/VPD-OE_Agent_20260709/VPD-OE_Agent/data/raw/ZY/ZY06.xls,三张报表,G34,34
historical_600_unknown_rule,ZY06,5,第5年,balance_sheet,原料,0.0,src_aa724dd3736a,origin data/VPD-OE_Agent_20260709/VPD-OE_Agent/data/raw/ZY/ZY06.xls,三张报表,H34,34
historical_600_unknown_rule,ZY06,0,初始元年,balance_sheet,流动资产合计,600.0,src_aa724dd3736a,origin data/VPD-OE_Agent_20260709/VPD-OE_Agent/data/raw/ZY/ZY06.xls,三张报表,C35,35
historical_600_unknown_rule,ZY06,1,第1年,balance_sheet,流动资产合计,334.0,src_aa724dd3736a,origin data/VPD-OE_Agent_20260709/VPD-OE_Agent/data/raw/ZY/ZY06.xls,三张报表,D35,35
historical_600_unknown_rule,ZY06,2,第2年,balance_sheet,流动资产合计,1145.0,src_aa724dd3736a,origin data/VPD-OE_Agent_20260709/VPD-OE_Agent/data/raw/ZY/ZY06.xls,三张报表,E35,35
historical_600_unknown_rule,ZY06,3,第3年,balance_sheet,流动资产合计,1920.0,src_aa724dd3736a,origin data/VPD-OE_Agent_20260709/VPD-OE_Agent/data/raw/ZY/ZY06.xls,三张报表,F35,35
historical_600_unknown_rule,ZY06,4,第4年,balance_sheet,流动资产合计,1155.0,src_aa724dd3736a,origin data/VPD-OE_Agent_20260709/VPD-OE_Agent/data/raw/ZY/ZY06.xls,三张报表,G35,35
historical_600_unknown_rule,ZY06,5,第5年,balance_sheet,流动资产合计,497.0,src_aa724dd3736a,origin data/VPD-OE_Agent_20260709/VPD-OE_Agent/data/raw/ZY/ZY06.xls,三张报表,H35,35
historical_600_unknown_rule,ZY06,0,初始元年,balance_sheet,厂房,0.0,src_aa724dd3736a,origin data/VPD-OE_Agent_20260709/VPD-OE_Agent/data/raw/ZY/ZY06.xls,三张报表,C36,36
historical_600_unknown_rule,ZY06,1,第1年,balance_sheet,厂房,0.0,src_aa724dd3736a,origin data/VPD-OE_Agent_20260709/VPD-OE_Agent/data/raw/ZY/ZY06.xls,三张报表,D36,36
historical_600_unknown_rule,ZY06,2,第2年,balance_sheet,厂房,0.0,src_aa724dd3736a,origin data/VPD-OE_Agent_20260709/VPD-OE_Agent/data/raw/ZY/ZY06.xls,三张报表,E36,36
historical_600_unknown_rule,ZY06,3,第3年,balance_sheet,厂房,0.0,src_aa724dd3736a,origin data/VPD-OE_Agent_20260709/VPD-OE_Agent/data/raw/ZY/ZY06.xls,三张报表,F36,36
historical_600_unknown_rule,ZY06,4,第4年,balance_sheet,厂房,0.0,src_aa724dd3736a,origin data/VPD-OE_Agent_20260709/VPD-OE_Agent/data/raw/ZY/ZY06.xls,三张报表,G36,36
historical_600_unknown_rule,ZY06,5,第5年,balance_sheet,厂房,900.0,src_aa724dd3736a,origin data/VPD-OE_Agent_20260709/VPD-OE_Agent/data/raw/ZY/ZY06.xls,三张报表,H36,36
historical_600_unknown_rule,ZY06,0,初始元年,balance_sheet,机器设备,0.0,src_aa724dd3736a,origin data/VPD-OE_Agent_20260709/VPD-OE_Agent/data/raw/ZY/ZY06.xls,三张报表,C37,37
historical_600_unknown_rule,ZY06,1,第1年,balance_sheet,机器设备,0.0,src_aa724dd3736a,origin data/VPD-OE_Agent_20260709/VPD-OE_Agent/data/raw/ZY/ZY06.xls,三张报表,D37,37
historical_600_unknown_rule,ZY06,2,第2年,balance_sheet,机器设备,600.0,src_aa724dd3736a,origin data/VPD-OE_Agent_20260709/VPD-OE_Agent/data/raw/ZY/ZY06.xls,三张报表,E37,37
historical_600_unknown_rule,ZY06,3,第3年,balance_sheet,机器设备,480.0,src_aa724dd3736a,origin data/VPD-OE_Agent_20260709/VPD-OE_Agent/data/raw/ZY/ZY06.xls,三张报表,F37,37
historical_600_unknown_rule,ZY06,4,第4年,balance_sheet,机器设备,360.0,src_aa724dd3736a,origin data/VPD-OE_Agent_20260709/VPD-OE_Agent/data/raw/ZY/ZY06.xls,三张报表,G37,37
historical_600_unknown_rule,ZY06,5,第5年,balance_sheet,机器设备,440.0,src_aa724dd3736a,origin data/VPD-OE_Agent_20260709/VPD-OE_Agent/data/raw/ZY/ZY06.xls,三张报表,H37,37
historical_600_unknown_rule,ZY06,0,初始元年,balance_sheet,在建工程,0.0,src_aa724dd3736a,origin data/VPD-OE_Agent_20260709/VPD-OE_Agent/data/raw/ZY/ZY06.xls,三张报表,C38,38
historical_600_unknown_rule,ZY06,1,第1年,balance_sheet,在建工程,400.0,src_aa724dd3736a,origin data/VPD-OE_Agent_20260709/VPD-OE_Agent/data/raw/ZY/ZY06.xls,三张报表,D38,38
historical_600_unknown_rule,ZY06,2,第2年,balance_sheet,在建工程,0.0,src_aa724dd3736a,origin data/VPD-OE_Agent_20260709/VPD-OE_Agent/data/raw/ZY/ZY06.xls,三张报表,E38,38
historical_600_unknown_rule,ZY06,3,第3年,balance_sheet,在建工程,0.0,src_aa724dd3736a,origin data/VPD-OE_Agent_20260709/VPD-OE_Agent/data/raw/ZY/ZY06.xls,三张报表,F38,38
historical_600_unknown_rule,ZY06,4,第4年,balance_sheet,在建工程,0.0,src_aa724dd3736a,origin data/VPD-OE_Agent_20260709/VPD-OE_Agent/data/raw/ZY/ZY06.xls,三张报表,G38,38
historical_600_unknown_rule,ZY06,5,第5年,balance_sheet,在建工程,0.0,src_aa724dd3736a,origin data/VPD-OE_Agent_20260709/VPD-OE_Agent/data/raw/ZY/ZY06.xls,三张报表,H38,38
historical_600_unknown_rule,ZY06,0,初始元年,balance_sheet,固定资产合计,0.0,src_aa724dd3736a,origin data/VPD-OE_Agent_20260709/VPD-OE_Agent/data/raw/ZY/ZY06.xls,三张报表,C39,39
historical_600_unknown_rule,ZY06,1,第1年,balance_sheet,固定资产合计,400.0,src_aa724dd3736a,origin data/VPD-OE_Agent_20260709/VPD-OE_Agent/data/raw/ZY/ZY06.xls,三张报表,D39,39
historical_600_unknown_rule,ZY06,2,第2年,balance_sheet,固定资产合计,600.0,src_aa724dd3736a,origin data/VPD-OE_Agent_20260709/VPD-OE_Agent/data/raw/ZY/ZY06.xls,三张报表,E39,39
historical_600_unknown_rule,ZY06,3,第3年,balance_sheet,固定资产合计,480.0,src_aa724dd3736a,origin data/VPD-OE_Agent_20260709/VPD-OE_Agent/data/raw/ZY/ZY06.xls,三张报表,F39,39
historical_600_unknown_rule,ZY06,4,第4年,balance_sheet,固定资产合计,360.0,src_aa724dd3736a,origin data/VPD-OE_Agent_20260709/VPD-OE_Agent/data/raw/ZY/ZY06.xls,三张报表,G39,39
historical_600_unknown_rule,ZY06,5,第5年,balance_sheet,固定资产合计,1340.0,src_aa724dd3736a,origin data/VPD-OE_Agent_20260709/VPD-OE_Agent/data/raw/ZY/ZY06.xls,三张报表,H39,39
historical_600_unknown_rule,ZY06,0,初始元年,balance_sheet,资产总计,600.0,src_aa724dd3736a,origin data/VPD-OE_Agent_20260709/VPD-OE_Agent/data/raw/ZY/ZY06.xls,三张报表,C40,40
historical_600_unknown_rule,ZY06,1,第1年,balance_sheet,资产总计,734.0,src_aa724dd3736a,origin data/VPD-OE_Agent_20260709/VPD-OE_Agent/data/raw/ZY/ZY06.xls,三张报表,D40,40
historical_600_unknown_rule,ZY06,2,第2年,balance_sheet,资产总计,1745.0,src_aa724dd3736a,origin data/VPD-OE_Agent_20260709/VPD-OE_Agent/data/raw/ZY/ZY06.xls,三张报表,E40,40
historical_600_unknown_rule,ZY06,3,第3年,balance_sheet,资产总计,2400.0,src_aa724dd3736a,origin data/VPD-OE_Agent_20260709/VPD-OE_Agent/data/raw/ZY/ZY06.xls,三张报表,F40,40
historical_600_unknown_rule,ZY06,4,第4年,balance_sheet,资产总计,1515.0,src_aa724dd3736a,origin data/VPD-OE_Agent_20260709/VPD-OE_Agent/data/raw/ZY/ZY06.xls,三张报表,G40,40
historical_600_unknown_rule,ZY06,5,第5年,balance_sheet,资产总计,1837.0,src_aa724dd3736a,origin data/VPD-OE_Agent_20260709/VPD-OE_Agent/data/raw/ZY/ZY06.xls,三张报表,H40,40
historical_600_unknown_rule,ZY06,0,初始元年,balance_sheet,长期贷款,0.0,src_aa724dd3736a,origin data/VPD-OE_Agent_20260709/VPD-OE_Agent/data/raw/ZY/ZY06.xls,三张报表,C41,41
historical_600_unknown_rule,ZY06,1,第1年,balance_sheet,长期贷款,304.0,src_aa724dd3736a,origin data/VPD-OE_Agent_20260709/VPD-OE_Agent/data/raw/ZY/ZY06.xls,三张报表,D41,41
historical_600_unknown_rule,ZY06,2,第2年,balance_sheet,长期贷款,608.0,src_aa724dd3736a,origin data/VPD-OE_Agent_20260709/VPD-OE_Agent/data/raw/ZY/ZY06.xls,三张报表,E41,41
historical_600_unknown_rule,ZY06,3,第3年,balance_sheet,长期贷款,608.0,src_aa724dd3736a,origin data/VPD-OE_Agent_20260709/VPD-OE_Agent/data/raw/ZY/ZY06.xls,三张报表,F41,41
historical_600_unknown_rule,ZY06,4,第4年,balance_sheet,长期贷款,608.0,src_aa724dd3736a,origin data/VPD-OE_Agent_20260709/VPD-OE_Agent/data/raw/ZY/ZY06.xls,三张报表,G41,41
historical_600_unknown_rule,ZY06,5,第5年,balance_sheet,长期贷款,608.0,src_aa724dd3736a,origin data/VPD-OE_Agent_20260709/VPD-OE_Agent/data/raw/ZY/ZY06.xls,三张报表,H41,41
historical_600_unknown_rule,ZY06,0,初始元年,balance_sheet,短期贷款,0.0,src_aa724dd3736a,origin data/VPD-OE_Agent_20260709/VPD-OE_Agent/data/raw/ZY/ZY06.xls,三张报表,C42,42
historical_600_unknown_rule,ZY06,1,第1年,balance_sheet,短期贷款,0.0,src_aa724dd3736a,origin data/VPD-OE_Agent_20260709/VPD-OE_Agent/data/raw/ZY/ZY06.xls,三张报表,D42,42
historical_600_unknown_rule,ZY06,2,第2年,balance_sheet,短期贷款,446.0,src_aa724dd3736a,origin data/VPD-OE_Agent_20260709/VPD-OE_Agent/data/raw/ZY/ZY06.xls,三张报表,E42,42
historical_600_unknown_rule,ZY06,3,第3年,balance_sheet,短期贷款,692.0,src_aa724dd3736a,origin data/VPD-OE_Agent_20260709/VPD-OE_Agent/data/raw/ZY/ZY06.xls,三张报表,F42,42
historical_600_unknown_rule,ZY06,4,第4年,balance_sheet,短期贷款,0.0,src_aa724dd3736a,origin data/VPD-OE_Agent_20260709/VPD-OE_Agent/data/raw/ZY/ZY06.xls,三张报表,G42,42
historical_600_unknown_rule,ZY06,5,第5年,balance_sheet,短期贷款,29.0,src_aa724dd3736a,origin data/VPD-OE_Agent_20260709/VPD-OE_Agent/data/raw/ZY/ZY06.xls,三张报表,H42,42
historical_600_unknown_rule,ZY06,0,初始元年,balance_sheet,特别贷款,0.0,src_aa724dd3736a,origin data/VPD-OE_Agent_20260709/VPD-OE_Agent/data/raw/ZY/ZY06.xls,三张报表,C43,43
historical_600_unknown_rule,ZY06,1,第1年,balance_sheet,特别贷款,0.0,src_aa724dd3736a,origin data/VPD-OE_Agent_20260709/VPD-OE_Agent/data/raw/ZY/ZY06.xls,三张报表,D43,43
historical_600_unknown_rule,ZY06,2,第2年,balance_sheet,特别贷款,0.0,src_aa724dd3736a,origin data/VPD-OE_Agent_20260709/VPD-OE_Agent/data/raw/ZY/ZY06.xls,三张报表,E43,43
historical_600_unknown_rule,ZY06,3,第3年,balance_sheet,特别贷款,0.0,src_aa724dd3736a,origin data/VPD-OE_Agent_20260709/VPD-OE_Agent/data/raw/ZY/ZY06.xls,三张报表,F43,43
historical_600_unknown_rule,ZY06,4,第4年,balance_sheet,特别贷款,0.0,src_aa724dd3736a,origin data/VPD-OE_Agent_20260709/VPD-OE_Agent/data/raw/ZY/ZY06.xls,三张报表,G43,43
historical_600_unknown_rule,ZY06,5,第5年,balance_sheet,特别贷款,0.0,src_aa724dd3736a,origin data/VPD-OE_Agent_20260709/VPD-OE_Agent/data/raw/ZY/ZY06.xls,三张报表,H43,43
historical_600_unknown_rule,ZY06,0,初始元年,balance_sheet,所得税,0.0,src_aa724dd3736a,origin data/VPD-OE_Agent_20260709/VPD-OE_Agent/data/raw/ZY/ZY06.xls,三张报表,C44,44
historical_600_unknown_rule,ZY06,1,第1年,balance_sheet,所得税,0.0,src_aa724dd3736a,origin data/VPD-OE_Agent_20260709/VPD-OE_Agent/data/raw/ZY/ZY06.xls,三张报表,D44,44
historical_600_unknown_rule,ZY06,2,第2年,balance_sheet,所得税,23.0,src_aa724dd3736a,origin data/VPD-OE_Agent_20260709/VPD-OE_Agent/data/raw/ZY/ZY06.xls,三张报表,E44,44
historical_600_unknown_rule,ZY06,3,第3年,balance_sheet,所得税,108.0,src_aa724dd3736a,origin data/VPD-OE_Agent_20260709/VPD-OE_Agent/data/raw/ZY/ZY06.xls,三张报表,F44,44
historical_600_unknown_rule,ZY06,4,第4年,balance_sheet,所得税,0.0,src_aa724dd3736a,origin data/VPD-OE_Agent_20260709/VPD-OE_Agent/data/raw/ZY/ZY06.xls,三张报表,G44,44
historical_600_unknown_rule,ZY06,5,第5年,balance_sheet,所得税,52.0,src_aa724dd3736a,origin data/VPD-OE_Agent_20260709/VPD-OE_Agent/data/raw/ZY/ZY06.xls,三张报表,H44,44
historical_600_unknown_rule,ZY06,0,初始元年,balance_sheet,负债合计,0.0,src_aa724dd3736a,origin data/VPD-OE_Agent_20260709/VPD-OE_Agent/data/raw/ZY/ZY06.xls,三张报表,C45,45
historical_600_unknown_rule,ZY06,1,第1年,balance_sheet,负债合计,304.0,src_aa724dd3736a,origin data/VPD-OE_Agent_20260709/VPD-OE_Agent/data/raw/ZY/ZY06.xls,三张报表,D45,45
historical_600_unknown_rule,ZY06,2,第2年,balance_sheet,负债合计,1077.0,src_aa724dd3736a,origin data/VPD-OE_Agent_20260709/VPD-OE_Agent/data/raw/ZY/ZY06.xls,三张报表,E45,45
historical_600_unknown_rule,ZY06,3,第3年,balance_sheet,负债合计,1408.0,src_aa724dd3736a,origin data/VPD-OE_Agent_20260709/VPD-OE_Agent/data/raw/ZY/ZY06.xls,三张报表,F45,45
historical_600_unknown_rule,ZY06,4,第4年,balance_sheet,负债合计,608.0,src_aa724dd3736a,origin data/VPD-OE_Agent_20260709/VPD-OE_Agent/data/raw/ZY/ZY06.xls,三张报表,G45,45
historical_600_unknown_rule,ZY06,5,第5年,balance_sheet,负债合计,689.0,src_aa724dd3736a,origin data/VPD-OE_Agent_20260709/VPD-OE_Agent/data/raw/ZY/ZY06.xls,三张报表,H45,45
historical_600_unknown_rule,ZY06,0,初始元年,balance_sheet,股东资本,600.0,src_aa724dd3736a,origin data/VPD-OE_Agent_20260709/VPD-OE_Agent/data/raw/ZY/ZY06.xls,三张报表,C46,46
historical_600_unknown_rule,ZY06,1,第1年,balance_sheet,股东资本,600.0,src_aa724dd3736a,origin data/VPD-OE_Agent_20260709/VPD-OE_Agent/data/raw/ZY/ZY06.xls,三张报表,D46,46
historical_600_unknown_rule,ZY06,2,第2年,balance_sheet,股东资本,600.0,src_aa724dd3736a,origin data/VPD-OE_Agent_20260709/VPD-OE_Agent/data/raw/ZY/ZY06.xls,三张报表,E46,46
historical_600_unknown_rule,ZY06,3,第3年,balance_sheet,股东资本,600.0,src_aa724dd3736a,origin data/VPD-OE_Agent_20260709/VPD-OE_Agent/data/raw/ZY/ZY06.xls,三张报表,F46,46
historical_600_unknown_rule,ZY06,4,第4年,balance_sheet,股东资本,600.0,src_aa724dd3736a,origin data/VPD-OE_Agent_20260709/VPD-OE_Agent/data/raw/ZY/ZY06.xls,三张报表,G46,46
historical_600_unknown_rule,ZY06,5,第5年,balance_sheet,股东资本,600.0,src_aa724dd3736a,origin data/VPD-OE_Agent_20260709/VPD-OE_Agent/data/raw/ZY/ZY06.xls,三张报表,H46,46
historical_600_unknown_rule,ZY06,0,初始元年,balance_sheet,利润留存,0.0,src_aa724dd3736a,origin data/VPD-OE_Agent_20260709/VPD-OE_Agent/data/raw/ZY/ZY06.xls,三张报表,C47,47
historical_600_unknown_rule,ZY06,1,第1年,balance_sheet,利润留存,0.0,src_aa724dd3736a,origin data/VPD-OE_Agent_20260709/VPD-OE_Agent/data/raw/ZY/ZY06.xls,三张报表,D47,47
historical_600_unknown_rule,ZY06,2,第2年,balance_sheet,利润留存,-170.0,src_aa724dd3736a,origin data/VPD-OE_Agent_20260709/VPD-OE_Agent/data/raw/ZY/ZY06.xls,三张报表,E47,47
historical_600_unknown_rule,ZY06,3,第3年,balance_sheet,利润留存,68.0,src_aa724dd3736a,origin data/VPD-OE_Agent_20260709/VPD-OE_Agent/data/raw/ZY/ZY06.xls,三张报表,F47,47
historical_600_unknown_rule,ZY06,4,第4年,balance_sheet,利润留存,392.0,src_aa724dd3736a,origin data/VPD-OE_Agent_20260709/VPD-OE_Agent/data/raw/ZY/ZY06.xls,三张报表,G47,47
historical_600_unknown_rule,ZY06,5,第5年,balance_sheet,利润留存,307.0,src_aa724dd3736a,origin data/VPD-OE_Agent_20260709/VPD-OE_Agent/data/raw/ZY/ZY06.xls,三张报表,H47,47
historical_600_unknown_rule,ZY06,0,初始元年,balance_sheet,年度净利,0.0,src_aa724dd3736a,origin data/VPD-OE_Agent_20260709/VPD-OE_Agent/data/raw/ZY/ZY06.xls,三张报表,C48,48
historical_600_unknown_rule,ZY06,1,第1年,balance_sheet,年度净利,-170.0,src_aa724dd3736a,origin data/VPD-OE_Agent_20260709/VPD-OE_Agent/data/raw/ZY/ZY06.xls,三张报表,D48,48
historical_600_unknown_rule,ZY06,2,第2年,balance_sheet,年度净利,238.0,src_aa724dd3736a,origin data/VPD-OE_Agent_20260709/VPD-OE_Agent/data/raw/ZY/ZY06.xls,三张报表,E48,48
historical_600_unknown_rule,ZY06,3,第3年,balance_sheet,年度净利,324.0,src_aa724dd3736a,origin data/VPD-OE_Agent_20260709/VPD-OE_Agent/data/raw/ZY/ZY06.xls,三张报表,F48,48
historical_600_unknown_rule,ZY06,4,第4年,balance_sheet,年度净利,-85.0,src_aa724dd3736a,origin data/VPD-OE_Agent_20260709/VPD-OE_Agent/data/raw/ZY/ZY06.xls,三张报表,G48,48
historical_600_unknown_rule,ZY06,5,第5年,balance_sheet,年度净利,241.0,src_aa724dd3736a,origin data/VPD-OE_Agent_20260709/VPD-OE_Agent/data/raw/ZY/ZY06.xls,三张报表,H48,48
historical_600_unknown_rule,ZY06,0,初始元年,balance_sheet,所有者权益合计,600.0,src_aa724dd3736a,origin data/VPD-OE_Agent_20260709/VPD-OE_Agent/data/raw/ZY/ZY06.xls,三张报表,C49,49
historical_600_unknown_rule,ZY06,1,第1年,balance_sheet,所有者权益合计,430.0,src_aa724dd3736a,origin data/VPD-OE_Agent_20260709/VPD-OE_Agent/data/raw/ZY/ZY06.xls,三张报表,D49,49
historical_600_unknown_rule,ZY06,2,第2年,balance_sheet,所有者权益合计,668.0,src_aa724dd3736a,origin data/VPD-OE_Agent_20260709/VPD-OE_Agent/data/raw/ZY/ZY06.xls,三张报表,E49,49
historical_600_unknown_rule,ZY06,3,第3年,balance_sheet,所有者权益合计,992.0,src_aa724dd3736a,origin data/VPD-OE_Agent_20260709/VPD-OE_Agent/data/raw/ZY/ZY06.xls,三张报表,F49,49
historical_600_unknown_rule,ZY06,4,第4年,balance_sheet,所有者权益合计,907.0,src_aa724dd3736a,origin data/VPD-OE_Agent_20260709/VPD-OE_Agent/data/raw/ZY/ZY06.xls,三张报表,G49,49
historical_600_unknown_rule,ZY06,5,第5年,balance_sheet,所有者权益合计,1148.0,src_aa724dd3736a,origin data/VPD-OE_Agent_20260709/VPD-OE_Agent/data/raw/ZY/ZY06.xls,三张报表,H49,49
historical_600_unknown_rule,ZY06,0,初始元年,balance_sheet,负债和所有者权益总计,600.0,src_aa724dd3736a,origin data/VPD-OE_Agent_20260709/VPD-OE_Agent/data/raw/ZY/ZY06.xls,三张报表,C50,50
historical_600_unknown_rule,ZY06,1,第1年,balance_sheet,负债和所有者权益总计,734.0,src_aa724dd3736a,origin data/VPD-OE_Agent_20260709/VPD-OE_Agent/data/raw/ZY/ZY06.xls,三张报表,D50,50
historical_600_unknown_rule,ZY06,2,第2年,balance_sheet,负债和所有者权益总计,1745.0,src_aa724dd3736a,origin data/VPD-OE_Agent_20260709/VPD-OE_Agent/data/raw/ZY/ZY06.xls,三张报表,E50,50
historical_600_unknown_rule,ZY06,3,第3年,balance_sheet,负债和所有者权益总计,2400.0,src_aa724dd3736a,origin data/VPD-OE_Agent_20260709/VPD-OE_Agent/data/raw/ZY/ZY06.xls,三张报表,F50,50
historical_600_unknown_rule,ZY06,4,第4年,balance_sheet,负债和所有者权益总计,1515.0,src_aa724dd3736a,origin data/VPD-OE_Agent_20260709/VPD-OE_Agent/data/raw/ZY/ZY06.xls,三张报表,G50,50
historical_600_unknown_rule,ZY06,5,第5年,balance_sheet,负债和所有者权益总计,1837.0,src_aa724dd3736a,origin data/VPD-OE_Agent_20260709/VPD-OE_Agent/data/raw/ZY/ZY06.xls,三张报表,H50,50
historical_600_unknown_rule,ZY07,0,初始元年,comprehensive_expense,管理费,0.0,src_610d5b6cd311,origin data/VPD-OE_Agent_20260709/VPD-OE_Agent/data/raw/ZY/ZY07.xls,三张报表,C3,3
historical_600_unknown_rule,ZY07,1,第1年,comprehensive_expense,管理费,40.0,src_610d5b6cd311,origin data/VPD-OE_Agent_20260709/VPD-OE_Agent/data/raw/ZY/ZY07.xls,三张报表,D3,3
historical_600_unknown_rule,ZY07,2,第2年,comprehensive_expense,管理费,40.0,src_610d5b6cd311,origin data/VPD-OE_Agent_20260709/VPD-OE_Agent/data/raw/ZY/ZY07.xls,三张报表,E3,3
historical_600_unknown_rule,ZY07,3,第3年,comprehensive_expense,管理费,40.0,src_610d5b6cd311,origin data/VPD-OE_Agent_20260709/VPD-OE_Agent/data/raw/ZY/ZY07.xls,三张报表,F3,3
historical_600_unknown_rule,ZY07,4,第4年,comprehensive_expense,管理费,40.0,src_610d5b6cd311,origin data/VPD-OE_Agent_20260709/VPD-OE_Agent/data/raw/ZY/ZY07.xls,三张报表,G3,3
historical_600_unknown_rule,ZY07,5,第5年,comprehensive_expense,管理费,40.0,src_610d5b6cd311,origin data/VPD-OE_Agent_20260709/VPD-OE_Agent/data/raw/ZY/ZY07.xls,三张报表,H3,3
historical_600_unknown_rule,ZY07,0,初始元年,comprehensive_expense,广告费,0.0,src_610d5b6cd311,origin data/VPD-OE_Agent_20260709/VPD-OE_Agent/data/raw/ZY/ZY07.xls,三张报表,C4,4
historical_600_unknown_rule,ZY07,1,第1年,comprehensive_expense,广告费,0.0,src_610d5b6cd311,origin data/VPD-OE_Agent_20260709/VPD-OE_Agent/data/raw/ZY/ZY07.xls,三张报表,D4,4
historical_600_unknown_rule,ZY07,2,第2年,comprehensive_expense,广告费,60.0,src_610d5b6cd311,origin data/VPD-OE_Agent_20260709/VPD-OE_Agent/data/raw/ZY/ZY07.xls,三张报表,E4,4
historical_600_unknown_rule,ZY07,3,第3年,comprehensive_expense,广告费,52.0,src_610d5b6cd311,origin data/VPD-OE_Agent_20260709/VPD-OE_Agent/data/raw/ZY/ZY07.xls,三张报表,F4,4
historical_600_unknown_rule,ZY07,4,第4年,comprehensive_expense,广告费,104.0,src_610d5b6cd311,origin data/VPD-OE_Agent_20260709/VPD-OE_Agent/data/raw/ZY/ZY07.xls,三张报表,G4,4
historical_600_unknown_rule,ZY07,5,第5年,comprehensive_expense,广告费,30.0,src_610d5b6cd311,origin data/VPD-OE_Agent_20260709/VPD-OE_Agent/data/raw/ZY/ZY07.xls,三张报表,H4,4
historical_600_unknown_rule,ZY07,0,初始元年,comprehensive_expense,维护费,0.0,src_610d5b6cd311,origin data/VPD-OE_Agent_20260709/VPD-OE_Agent/data/raw/ZY/ZY07.xls,三张报表,C5,5
historical_600_unknown_rule,ZY07,1,第1年,comprehensive_expense,维护费,0.0,src_610d5b6cd311,origin data/VPD-OE_Agent_20260709/VPD-OE_Agent/data/raw/ZY/ZY07.xls,三张报表,D5,5
historical_600_unknown_rule,ZY07,2,第2年,comprehensive_expense,维护费,40.0,src_610d5b6cd311,origin data/VPD-OE_Agent_20260709/VPD-OE_Agent/data/raw/ZY/ZY07.xls,三张报表,E5,5
historical_600_unknown_rule,ZY07,3,第3年,comprehensive_expense,维护费,40.0,src_610d5b6cd311,origin data/VPD-OE_Agent_20260709/VPD-OE_Agent/data/raw/ZY/ZY07.xls,三张报表,F5,5
historical_600_unknown_rule,ZY07,4,第4年,comprehensive_expense,维护费,40.0,src_610d5b6cd311,origin data/VPD-OE_Agent_20260709/VPD-OE_Agent/data/raw/ZY/ZY07.xls,三张报表,G5,5
historical_600_unknown_rule,ZY07,5,第5年,comprehensive_expense,维护费,40.0,src_610d5b6cd311,origin data/VPD-OE_Agent_20260709/VPD-OE_Agent/data/raw/ZY/ZY07.xls,三张报表,H5,5
historical_600_unknown_rule,ZY07,0,初始元年,comprehensive_expense,损失,0.0,src_610d5b6cd311,origin data/VPD-OE_Agent_20260709/VPD-OE_Agent/data/raw/ZY/ZY07.xls,三张报表,C6,6
historical_600_unknown_rule,ZY07,1,第1年,comprehensive_expense,损失,0.0,src_610d5b6cd311,origin data/VPD-OE_Agent_20260709/VPD-OE_Agent/data/raw/ZY/ZY07.xls,三张报表,D6,6
historical_600_unknown_rule,ZY07,2,第2年,comprehensive_expense,损失,0.0,src_610d5b6cd311,origin data/VPD-OE_Agent_20260709/VPD-OE_Agent/data/raw/ZY/ZY07.xls,三张报表,E6,6
historical_600_unknown_rule,ZY07,3,第3年,comprehensive_expense,损失,0.0,src_610d5b6cd311,origin data/VPD-OE_Agent_20260709/VPD-OE_Agent/data/raw/ZY/ZY07.xls,三张报表,F6,6
historical_600_unknown_rule,ZY07,4,第4年,comprehensive_expense,损失,0.0,src_610d5b6cd311,origin data/VPD-OE_Agent_20260709/VPD-OE_Agent/data/raw/ZY/ZY07.xls,三张报表,G6,6
historical_600_unknown_rule,ZY07,5,第5年,comprehensive_expense,损失,0.0,src_610d5b6cd311,origin data/VPD-OE_Agent_20260709/VPD-OE_Agent/data/raw/ZY/ZY07.xls,三张报表,H6,6
historical_600_unknown_rule,ZY07,0,初始元年,comprehensive_expense,转产费,0.0,src_610d5b6cd311,origin data/VPD-OE_Agent_20260709/VPD-OE_Agent/data/raw/ZY/ZY07.xls,三张报表,C7,7
historical_600_unknown_rule,ZY07,1,第1年,comprehensive_expense,转产费,0.0,src_610d5b6cd311,origin data/VPD-OE_Agent_20260709/VPD-OE_Agent/data/raw/ZY/ZY07.xls,三张报表,D7,7
historical_600_unknown_rule,ZY07,2,第2年,comprehensive_expense,转产费,0.0,src_610d5b6cd311,origin data/VPD-OE_Agent_20260709/VPD-OE_Agent/data/raw/ZY/ZY07.xls,三张报表,E7,7
historical_600_unknown_rule,ZY07,3,第3年,comprehensive_expense,转产费,0.0,src_610d5b6cd311,origin data/VPD-OE_Agent_20260709/VPD-OE_Agent/data/raw/ZY/ZY07.xls,三张报表,F7,7
historical_600_unknown_rule,ZY07,4,第4年,comprehensive_expense,转产费,0.0,src_610d5b6cd311,origin data/VPD-OE_Agent_20260709/VPD-OE_Agent/data/raw/ZY/ZY07.xls,三张报表,G7,7
historical_600_unknown_rule,ZY07,5,第5年,comprehensive_expense,转产费,0.0,src_610d5b6cd311,origin data/VPD-OE_Agent_20260709/VPD-OE_Agent/data/raw/ZY/ZY07.xls,三张报表,H7,7
historical_600_unknown_rule,ZY07,0,初始元年,comprehensive_expense,租金,0.0,src_610d5b6cd311,origin data/VPD-OE_Agent_20260709/VPD-OE_Agent/data/raw/ZY/ZY07.xls,三张报表,C8,8
historical_600_unknown_rule,ZY07,1,第1年,comprehensive_expense,租金,40.0,src_610d5b6cd311,origin data/VPD-OE_Agent_20260709/VPD-OE_Agent/data/raw/ZY/ZY07.xls,三张报表,D8,8
historical_600_unknown_rule,ZY07,2,第2年,comprehensive_expense,租金,40.0,src_610d5b6cd311,origin data/VPD-OE_Agent_20260709/VPD-OE_Agent/data/raw/ZY/ZY07.xls,三张报表,E8,8
historical_600_unknown_rule,ZY07,3,第3年,comprehensive_expense,租金,40.0,src_610d5b6cd311,origin data/VPD-OE_Agent_20260709/VPD-OE_Agent/data/raw/ZY/ZY07.xls,三张报表,F8,8
historical_600_unknown_rule,ZY07,4,第4年,comprehensive_expense,租金,40.0,src_610d5b6cd311,origin data/VPD-OE_Agent_20260709/VPD-OE_Agent/data/raw/ZY/ZY07.xls,三张报表,G8,8
historical_600_unknown_rule,ZY07,5,第5年,comprehensive_expense,租金,40.0,src_610d5b6cd311,origin data/VPD-OE_Agent_20260709/VPD-OE_Agent/data/raw/ZY/ZY07.xls,三张报表,H8,8
historical_600_unknown_rule,ZY07,0,初始元年,comprehensive_expense,市场开拓费,0.0,src_610d5b6cd311,origin data/VPD-OE_Agent_20260709/VPD-OE_Agent/data/raw/ZY/ZY07.xls,三张报表,C9,9
historical_600_unknown_rule,ZY07,1,第1年,comprehensive_expense,市场开拓费,50.0,src_610d5b6cd311,origin data/VPD-OE_Agent_20260709/VPD-OE_Agent/data/raw/ZY/ZY07.xls,三张报表,D9,9
historical_600_unknown_rule,ZY07,2,第2年,comprehensive_expense,市场开拓费,30.0,src_610d5b6cd311,origin data/VPD-OE_Agent_20260709/VPD-OE_Agent/data/raw/ZY/ZY07.xls,三张报表,E9,9
historical_600_unknown_rule,ZY07,3,第3年,comprehensive_expense,市场开拓费,20.0,src_610d5b6cd311,origin data/VPD-OE_Agent_20260709/VPD-OE_Agent/data/raw/ZY/ZY07.xls,三张报表,F9,9
historical_600_unknown_rule,ZY07,4,第4年,comprehensive_expense,市场开拓费,10.0,src_610d5b6cd311,origin data/VPD-OE_Agent_20260709/VPD-OE_Agent/data/raw/ZY/ZY07.xls,三张报表,G9,9
historical_600_unknown_rule,ZY07,5,第5年,comprehensive_expense,市场开拓费,0.0,src_610d5b6cd311,origin data/VPD-OE_Agent_20260709/VPD-OE_Agent/data/raw/ZY/ZY07.xls,三张报表,H9,9
historical_600_unknown_rule,ZY07,0,初始元年,comprehensive_expense,产品研发费,0.0,src_610d5b6cd311,origin data/VPD-OE_Agent_20260709/VPD-OE_Agent/data/raw/ZY/ZY07.xls,三张报表,C10,10
historical_600_unknown_rule,ZY07,1,第1年,comprehensive_expense,产品研发费,70.0,src_610d5b6cd311,origin data/VPD-OE_Agent_20260709/VPD-OE_Agent/data/raw/ZY/ZY07.xls,三张报表,D10,10
historical_600_unknown_rule,ZY07,2,第2年,comprehensive_expense,产品研发费,0.0,src_610d5b6cd311,origin data/VPD-OE_Agent_20260709/VPD-OE_Agent/data/raw/ZY/ZY07.xls,三张报表,E10,10
historical_600_unknown_rule,ZY07,3,第3年,comprehensive_expense,产品研发费,0.0,src_610d5b6cd311,origin data/VPD-OE_Agent_20260709/VPD-OE_Agent/data/raw/ZY/ZY07.xls,三张报表,F10,10
historical_600_unknown_rule,ZY07,4,第4年,comprehensive_expense,产品研发费,0.0,src_610d5b6cd311,origin data/VPD-OE_Agent_20260709/VPD-OE_Agent/data/raw/ZY/ZY07.xls,三张报表,G10,10
historical_600_unknown_rule,ZY07,5,第5年,comprehensive_expense,产品研发费,0.0,src_610d5b6cd311,origin data/VPD-OE_Agent_20260709/VPD-OE_Agent/data/raw/ZY/ZY07.xls,三张报表,H10,10
historical_600_unknown_rule,ZY07,0,初始元年,comprehensive_expense,ISO认证费,0.0,src_610d5b6cd311,origin data/VPD-OE_Agent_20260709/VPD-OE_Agent/data/raw/ZY/ZY07.xls,三张报表,C11,11
historical_600_unknown_rule,ZY07,1,第1年,comprehensive_expense,ISO认证费,30.0,src_610d5b6cd311,origin data/VPD-OE_Agent_20260709/VPD-OE_Agent/data/raw/ZY/ZY07.xls,三张报表,D11,11
historical_600_unknown_rule,ZY07,2,第2年,comprehensive_expense,ISO认证费,30.0,src_610d5b6cd311,origin data/VPD-OE_Agent_20260709/VPD-OE_Agent/data/raw/ZY/ZY07.xls,三张报表,E11,11
historical_600_unknown_rule,ZY07,3,第3年,comprehensive_expense,ISO认证费,0.0,src_610d5b6cd311,origin data/VPD-OE_Agent_20260709/VPD-OE_Agent/data/raw/ZY/ZY07.xls,三张报表,F11,11
historical_600_unknown_rule,ZY07,4,第4年,comprehensive_expense,ISO认证费,0.0,src_610d5b6cd311,origin data/VPD-OE_Agent_20260709/VPD-OE_Agent/data/raw/ZY/ZY07.xls,三张报表,G11,11
historical_600_unknown_rule,ZY07,5,第5年,comprehensive_expense,ISO认证费,0.0,src_610d5b6cd311,origin data/VPD-OE_Agent_20260709/VPD-OE_Agent/data/raw/ZY/ZY07.xls,三张报表,H11,11
historical_600_unknown_rule,ZY07,0,初始元年,comprehensive_expense,信息费,0.0,src_610d5b6cd311,origin data/VPD-OE_Agent_20260709/VPD-OE_Agent/data/raw/ZY/ZY07.xls,三张报表,C12,12
historical_600_unknown_rule,ZY07,1,第1年,comprehensive_expense,信息费,0.0,src_610d5b6cd311,origin data/VPD-OE_Agent_20260709/VPD-OE_Agent/data/raw/ZY/ZY07.xls,三张报表,D12,12
historical_600_unknown_rule,ZY07,2,第2年,comprehensive_expense,信息费,0.0,src_610d5b6cd311,origin data/VPD-OE_Agent_20260709/VPD-OE_Agent/data/raw/ZY/ZY07.xls,三张报表,E12,12
historical_600_unknown_rule,ZY07,3,第3年,comprehensive_expense,信息费,0.0,src_610d5b6cd311,origin data/VPD-OE_Agent_20260709/VPD-OE_Agent/data/raw/ZY/ZY07.xls,三张报表,F12,12
historical_600_unknown_rule,ZY07,4,第4年,comprehensive_expense,信息费,0.0,src_610d5b6cd311,origin data/VPD-OE_Agent_20260709/VPD-OE_Agent/data/raw/ZY/ZY07.xls,三张报表,G12,12
historical_600_unknown_rule,ZY07,5,第5年,comprehensive_expense,信息费,0.0,src_610d5b6cd311,origin data/VPD-OE_Agent_20260709/VPD-OE_Agent/data/raw/ZY/ZY07.xls,三张报表,H12,12
historical_600_unknown_rule,ZY07,0,初始元年,comprehensive_expense,合计,0.0,src_610d5b6cd311,origin data/VPD-OE_Agent_20260709/VPD-OE_Agent/data/raw/ZY/ZY07.xls,三张报表,C13,13
historical_600_unknown_rule,ZY07,1,第1年,comprehensive_expense,合计,230.0,src_610d5b6cd311,origin data/VPD-OE_Agent_20260709/VPD-OE_Agent/data/raw/ZY/ZY07.xls,三张报表,D13,13
historical_600_unknown_rule,ZY07,2,第2年,comprehensive_expense,合计,240.0,src_610d5b6cd311,origin data/VPD-OE_Agent_20260709/VPD-OE_Agent/data/raw/ZY/ZY07.xls,三张报表,E13,13
historical_600_unknown_rule,ZY07,3,第3年,comprehensive_expense,合计,192.0,src_610d5b6cd311,origin data/VPD-OE_Agent_20260709/VPD-OE_Agent/data/raw/ZY/ZY07.xls,三张报表,F13,13
historical_600_unknown_rule,ZY07,4,第4年,comprehensive_expense,合计,234.0,src_610d5b6cd311,origin data/VPD-OE_Agent_20260709/VPD-OE_Agent/data/raw/ZY/ZY07.xls,三张报表,G13,13
historical_600_unknown_rule,ZY07,5,第5年,comprehensive_expense,合计,150.0,src_610d5b6cd311,origin data/VPD-OE_Agent_20260709/VPD-OE_Agent/data/raw/ZY/ZY07.xls,三张报表,H13,13
historical_600_unknown_rule,ZY07,0,初始元年,income_statement,销售收入,0.0,src_610d5b6cd311,origin data/VPD-OE_Agent_20260709/VPD-OE_Agent/data/raw/ZY/ZY07.xls,三张报表,C16,16
historical_600_unknown_rule,ZY07,1,第1年,income_statement,销售收入,0.0,src_610d5b6cd311,origin data/VPD-OE_Agent_20260709/VPD-OE_Agent/data/raw/ZY/ZY07.xls,三张报表,D16,16
historical_600_unknown_rule,ZY07,2,第2年,income_statement,销售收入,856.0,src_610d5b6cd311,origin data/VPD-OE_Agent_20260709/VPD-OE_Agent/data/raw/ZY/ZY07.xls,三张报表,E16,16
historical_600_unknown_rule,ZY07,3,第3年,income_statement,销售收入,1157.0,src_610d5b6cd311,origin data/VPD-OE_Agent_20260709/VPD-OE_Agent/data/raw/ZY/ZY07.xls,三张报表,F16,16
historical_600_unknown_rule,ZY07,4,第4年,income_statement,销售收入,1008.0,src_610d5b6cd311,origin data/VPD-OE_Agent_20260709/VPD-OE_Agent/data/raw/ZY/ZY07.xls,三张报表,G16,16
historical_600_unknown_rule,ZY07,5,第5年,income_statement,销售收入,1175.0,src_610d5b6cd311,origin data/VPD-OE_Agent_20260709/VPD-OE_Agent/data/raw/ZY/ZY07.xls,三张报表,H16,16
historical_600_unknown_rule,ZY07,0,初始元年,income_statement,直接成本,0.0,src_610d5b6cd311,origin data/VPD-OE_Agent_20260709/VPD-OE_Agent/data/raw/ZY/ZY07.xls,三张报表,C17,17
historical_600_unknown_rule,ZY07,1,第1年,income_statement,直接成本,0.0,src_610d5b6cd311,origin data/VPD-OE_Agent_20260709/VPD-OE_Agent/data/raw/ZY/ZY07.xls,三张报表,D17,17
historical_600_unknown_rule,ZY07,2,第2年,income_statement,直接成本,390.0,src_610d5b6cd311,origin data/VPD-OE_Agent_20260709/VPD-OE_Agent/data/raw/ZY/ZY07.xls,三张报表,E17,17
historical_600_unknown_rule,ZY07,3,第3年,income_statement,直接成本,510.0,src_610d5b6cd311,origin data/VPD-OE_Agent_20260709/VPD-OE_Agent/data/raw/ZY/ZY07.xls,三张报表,F17,17
historical_600_unknown_rule,ZY07,4,第4年,income_statement,直接成本,480.0,src_610d5b6cd311,origin data/VPD-OE_Agent_20260709/VPD-OE_Agent/data/raw/ZY/ZY07.xls,三张报表,G17,17
historical_600_unknown_rule,ZY07,5,第5年,income_statement,直接成本,540.0,src_610d5b6cd311,origin data/VPD-OE_Agent_20260709/VPD-OE_Agent/data/raw/ZY/ZY07.xls,三张报表,H17,17
historical_600_unknown_rule,ZY07,0,初始元年,income_statement,毛利,0.0,src_610d5b6cd311,origin data/VPD-OE_Agent_20260709/VPD-OE_Agent/data/raw/ZY/ZY07.xls,三张报表,C18,18
historical_600_unknown_rule,ZY07,1,第1年,income_statement,毛利,0.0,src_610d5b6cd311,origin data/VPD-OE_Agent_20260709/VPD-OE_Agent/data/raw/ZY/ZY07.xls,三张报表,D18,18
historical_600_unknown_rule,ZY07,2,第2年,income_statement,毛利,466.0,src_610d5b6cd311,origin data/VPD-OE_Agent_20260709/VPD-OE_Agent/data/raw/ZY/ZY07.xls,三张报表,E18,18
historical_600_unknown_rule,ZY07,3,第3年,income_statement,毛利,647.0,src_610d5b6cd311,origin data/VPD-OE_Agent_20260709/VPD-OE_Agent/data/raw/ZY/ZY07.xls,三张报表,F18,18
historical_600_unknown_rule,ZY07,4,第4年,income_statement,毛利,528.0,src_610d5b6cd311,origin data/VPD-OE_Agent_20260709/VPD-OE_Agent/data/raw/ZY/ZY07.xls,三张报表,G18,18
historical_600_unknown_rule,ZY07,5,第5年,income_statement,毛利,635.0,src_610d5b6cd311,origin data/VPD-OE_Agent_20260709/VPD-OE_Agent/data/raw/ZY/ZY07.xls,三张报表,H18,18
historical_600_unknown_rule,ZY07,0,初始元年,income_statement,综合费用,0.0,src_610d5b6cd311,origin data/VPD-OE_Agent_20260709/VPD-OE_Agent/data/raw/ZY/ZY07.xls,三张报表,C19,19
historical_600_unknown_rule,ZY07,1,第1年,income_statement,综合费用,230.0,src_610d5b6cd311,origin data/VPD-OE_Agent_20260709/VPD-OE_Agent/data/raw/ZY/ZY07.xls,三张报表,D19,19
historical_600_unknown_rule,ZY07,2,第2年,income_statement,综合费用,240.0,src_610d5b6cd311,origin data/VPD-OE_Agent_20260709/VPD-OE_Agent/data/raw/ZY/ZY07.xls,三张报表,E19,19
historical_600_unknown_rule,ZY07,3,第3年,income_statement,综合费用,192.0,src_610d5b6cd311,origin data/VPD-OE_Agent_20260709/VPD-OE_Agent/data/raw/ZY/ZY07.xls,三张报表,F19,19
historical_600_unknown_rule,ZY07,4,第4年,income_statement,综合费用,234.0,src_610d5b6cd311,origin data/VPD-OE_Agent_20260709/VPD-OE_Agent/data/raw/ZY/ZY07.xls,三张报表,G19,19
historical_600_unknown_rule,ZY07,5,第5年,income_statement,综合费用,150.0,src_610d5b6cd311,origin data/VPD-OE_Agent_20260709/VPD-OE_Agent/data/raw/ZY/ZY07.xls,三张报表,H19,19
historical_600_unknown_rule,ZY07,0,初始元年,income_statement,折旧前利润,0.0,src_610d5b6cd311,origin data/VPD-OE_Agent_20260709/VPD-OE_Agent/data/raw/ZY/ZY07.xls,三张报表,C20,20
historical_600_unknown_rule,ZY07,1,第1年,income_statement,折旧前利润,-230.0,src_610d5b6cd311,origin data/VPD-OE_Agent_20260709/VPD-OE_Agent/data/raw/ZY/ZY07.xls,三张报表,D20,20
historical_600_unknown_rule,ZY07,2,第2年,income_statement,折旧前利润,226.0,src_610d5b6cd311,origin data/VPD-OE_Agent_20260709/VPD-OE_Agent/data/raw/ZY/ZY07.xls,三张报表,E20,20
historical_600_unknown_rule,ZY07,3,第3年,income_statement,折旧前利润,455.0,src_610d5b6cd311,origin data/VPD-OE_Agent_20260709/VPD-OE_Agent/data/raw/ZY/ZY07.xls,三张报表,F20,20
historical_600_unknown_rule,ZY07,4,第4年,income_statement,折旧前利润,294.0,src_610d5b6cd311,origin data/VPD-OE_Agent_20260709/VPD-OE_Agent/data/raw/ZY/ZY07.xls,三张报表,G20,20
historical_600_unknown_rule,ZY07,5,第5年,income_statement,折旧前利润,485.0,src_610d5b6cd311,origin data/VPD-OE_Agent_20260709/VPD-OE_Agent/data/raw/ZY/ZY07.xls,三张报表,H20,20
historical_600_unknown_rule,ZY07,0,初始元年,income_statement,折旧,0.0,src_610d5b6cd311,origin data/VPD-OE_Agent_20260709/VPD-OE_Agent/data/raw/ZY/ZY07.xls,三张报表,C21,21
historical_600_unknown_rule,ZY07,1,第1年,income_statement,折旧,0.0,src_610d5b6cd311,origin data/VPD-OE_Agent_20260709/VPD-OE_Agent/data/raw/ZY/ZY07.xls,三张报表,D21,21
historical_600_unknown_rule,ZY07,2,第2年,income_statement,折旧,0.0,src_610d5b6cd311,origin data/VPD-OE_Agent_20260709/VPD-OE_Agent/data/raw/ZY/ZY07.xls,三张报表,E21,21
historical_600_unknown_rule,ZY07,3,第3年,income_statement,折旧,120.0,src_610d5b6cd311,origin data/VPD-OE_Agent_20260709/VPD-OE_Agent/data/raw/ZY/ZY07.xls,三张报表,F21,21
historical_600_unknown_rule,ZY07,4,第4年,income_statement,折旧,120.0,src_610d5b6cd311,origin data/VPD-OE_Agent_20260709/VPD-OE_Agent/data/raw/ZY/ZY07.xls,三张报表,G21,21
historical_600_unknown_rule,ZY07,5,第5年,income_statement,折旧,120.0,src_610d5b6cd311,origin data/VPD-OE_Agent_20260709/VPD-OE_Agent/data/raw/ZY/ZY07.xls,三张报表,H21,21
historical_600_unknown_rule,ZY07,0,初始元年,income_statement,支付利息前利润,0.0,src_610d5b6cd311,origin data/VPD-OE_Agent_20260709/VPD-OE_Agent/data/raw/ZY/ZY07.xls,三张报表,C22,22
historical_600_unknown_rule,ZY07,1,第1年,income_statement,支付利息前利润,-230.0,src_610d5b6cd311,origin data/VPD-OE_Agent_20260709/VPD-OE_Agent/data/raw/ZY/ZY07.xls,三张报表,D22,22
historical_600_unknown_rule,ZY07,2,第2年,income_statement,支付利息前利润,226.0,src_610d5b6cd311,origin data/VPD-OE_Agent_20260709/VPD-OE_Agent/data/raw/ZY/ZY07.xls,三张报表,E22,22
historical_600_unknown_rule,ZY07,3,第3年,income_statement,支付利息前利润,335.0,src_610d5b6cd311,origin data/VPD-OE_Agent_20260709/VPD-OE_Agent/data/raw/ZY/ZY07.xls,三张报表,F22,22
historical_600_unknown_rule,ZY07,4,第4年,income_statement,支付利息前利润,174.0,src_610d5b6cd311,origin data/VPD-OE_Agent_20260709/VPD-OE_Agent/data/raw/ZY/ZY07.xls,三张报表,G22,22
historical_600_unknown_rule,ZY07,5,第5年,income_statement,支付利息前利润,365.0,src_610d5b6cd311,origin data/VPD-OE_Agent_20260709/VPD-OE_Agent/data/raw/ZY/ZY07.xls,三张报表,H22,22
historical_600_unknown_rule,ZY07,0,初始元年,income_statement,财务费用,0.0,src_610d5b6cd311,origin data/VPD-OE_Agent_20260709/VPD-OE_Agent/data/raw/ZY/ZY07.xls,三张报表,C23,23
historical_600_unknown_rule,ZY07,1,第1年,income_statement,财务费用,0.0,src_610d5b6cd311,origin data/VPD-OE_Agent_20260709/VPD-OE_Agent/data/raw/ZY/ZY07.xls,三张报表,D23,23
historical_600_unknown_rule,ZY07,2,第2年,income_statement,财务费用,58.0,src_610d5b6cd311,origin data/VPD-OE_Agent_20260709/VPD-OE_Agent/data/raw/ZY/ZY07.xls,三张报表,E23,23
historical_600_unknown_rule,ZY07,3,第3年,income_statement,财务费用,78.0,src_610d5b6cd311,origin data/VPD-OE_Agent_20260709/VPD-OE_Agent/data/raw/ZY/ZY07.xls,三张报表,F23,23
historical_600_unknown_rule,ZY07,4,第4年,income_statement,财务费用,129.0,src_610d5b6cd311,origin data/VPD-OE_Agent_20260709/VPD-OE_Agent/data/raw/ZY/ZY07.xls,三张报表,G23,23
historical_600_unknown_rule,ZY07,5,第5年,income_statement,财务费用,192.0,src_610d5b6cd311,origin data/VPD-OE_Agent_20260709/VPD-OE_Agent/data/raw/ZY/ZY07.xls,三张报表,H23,23
historical_600_unknown_rule,ZY07,0,初始元年,income_statement,税前利润,0.0,src_610d5b6cd311,origin data/VPD-OE_Agent_20260709/VPD-OE_Agent/data/raw/ZY/ZY07.xls,三张报表,C24,24
historical_600_unknown_rule,ZY07,1,第1年,income_statement,税前利润,-230.0,src_610d5b6cd311,origin data/VPD-OE_Agent_20260709/VPD-OE_Agent/data/raw/ZY/ZY07.xls,三张报表,D24,24
historical_600_unknown_rule,ZY07,2,第2年,income_statement,税前利润,168.0,src_610d5b6cd311,origin data/VPD-OE_Agent_20260709/VPD-OE_Agent/data/raw/ZY/ZY07.xls,三张报表,E24,24
historical_600_unknown_rule,ZY07,3,第3年,income_statement,税前利润,257.0,src_610d5b6cd311,origin data/VPD-OE_Agent_20260709/VPD-OE_Agent/data/raw/ZY/ZY07.xls,三张报表,F24,24
historical_600_unknown_rule,ZY07,4,第4年,income_statement,税前利润,45.0,src_610d5b6cd311,origin data/VPD-OE_Agent_20260709/VPD-OE_Agent/data/raw/ZY/ZY07.xls,三张报表,G24,24
historical_600_unknown_rule,ZY07,5,第5年,income_statement,税前利润,173.0,src_610d5b6cd311,origin data/VPD-OE_Agent_20260709/VPD-OE_Agent/data/raw/ZY/ZY07.xls,三张报表,H24,24
historical_600_unknown_rule,ZY07,0,初始元年,income_statement,所得税,0.0,src_610d5b6cd311,origin data/VPD-OE_Agent_20260709/VPD-OE_Agent/data/raw/ZY/ZY07.xls,三张报表,C25,25
historical_600_unknown_rule,ZY07,1,第1年,income_statement,所得税,0.0,src_610d5b6cd311,origin data/VPD-OE_Agent_20260709/VPD-OE_Agent/data/raw/ZY/ZY07.xls,三张报表,D25,25
historical_600_unknown_rule,ZY07,2,第2年,income_statement,所得税,0.0,src_610d5b6cd311,origin data/VPD-OE_Agent_20260709/VPD-OE_Agent/data/raw/ZY/ZY07.xls,三张报表,E25,25
historical_600_unknown_rule,ZY07,3,第3年,income_statement,所得税,49.0,src_610d5b6cd311,origin data/VPD-OE_Agent_20260709/VPD-OE_Agent/data/raw/ZY/ZY07.xls,三张报表,F25,25
historical_600_unknown_rule,ZY07,4,第4年,income_statement,所得税,11.0,src_610d5b6cd311,origin data/VPD-OE_Agent_20260709/VPD-OE_Agent/data/raw/ZY/ZY07.xls,三张报表,G25,25
historical_600_unknown_rule,ZY07,5,第5年,income_statement,所得税,43.0,src_610d5b6cd311,origin data/VPD-OE_Agent_20260709/VPD-OE_Agent/data/raw/ZY/ZY07.xls,三张报表,H25,25
historical_600_unknown_rule,ZY07,0,初始元年,income_statement,年度净利润,0.0,src_610d5b6cd311,origin data/VPD-OE_Agent_20260709/VPD-OE_Agent/data/raw/ZY/ZY07.xls,三张报表,C26,26
historical_600_unknown_rule,ZY07,1,第1年,income_statement,年度净利润,-230.0,src_610d5b6cd311,origin data/VPD-OE_Agent_20260709/VPD-OE_Agent/data/raw/ZY/ZY07.xls,三张报表,D26,26
historical_600_unknown_rule,ZY07,2,第2年,income_statement,年度净利润,168.0,src_610d5b6cd311,origin data/VPD-OE_Agent_20260709/VPD-OE_Agent/data/raw/ZY/ZY07.xls,三张报表,E26,26
historical_600_unknown_rule,ZY07,3,第3年,income_statement,年度净利润,208.0,src_610d5b6cd311,origin data/VPD-OE_Agent_20260709/VPD-OE_Agent/data/raw/ZY/ZY07.xls,三张报表,F26,26
historical_600_unknown_rule,ZY07,4,第4年,income_statement,年度净利润,34.0,src_610d5b6cd311,origin data/VPD-OE_Agent_20260709/VPD-OE_Agent/data/raw/ZY/ZY07.xls,三张报表,G26,26
historical_600_unknown_rule,ZY07,5,第5年,income_statement,年度净利润,130.0,src_610d5b6cd311,origin data/VPD-OE_Agent_20260709/VPD-OE_Agent/data/raw/ZY/ZY07.xls,三张报表,H26,26
historical_600_unknown_rule,ZY07,0,初始元年,balance_sheet,现金,600.0,src_610d5b6cd311,origin data/VPD-OE_Agent_20260709/VPD-OE_Agent/data/raw/ZY/ZY07.xls,三张报表,C30,30
historical_600_unknown_rule,ZY07,1,第1年,balance_sheet,现金,388.0,src_610d5b6cd311,origin data/VPD-OE_Agent_20260709/VPD-OE_Agent/data/raw/ZY/ZY07.xls,三张报表,D30,30
historical_600_unknown_rule,ZY07,2,第2年,balance_sheet,现金,287.0,src_610d5b6cd311,origin data/VPD-OE_Agent_20260709/VPD-OE_Agent/data/raw/ZY/ZY07.xls,三张报表,E30,30
historical_600_unknown_rule,ZY07,3,第3年,balance_sheet,现金,1099.0,src_610d5b6cd311,origin data/VPD-OE_Agent_20260709/VPD-OE_Agent/data/raw/ZY/ZY07.xls,三张报表,F30,30
historical_600_unknown_rule,ZY07,4,第4年,balance_sheet,现金,1862.0,src_610d5b6cd311,origin data/VPD-OE_Agent_20260709/VPD-OE_Agent/data/raw/ZY/ZY07.xls,三张报表,G30,30
historical_600_unknown_rule,ZY07,5,第5年,balance_sheet,现金,1871.0,src_610d5b6cd311,origin data/VPD-OE_Agent_20260709/VPD-OE_Agent/data/raw/ZY/ZY07.xls,三张报表,H30,30
historical_600_unknown_rule,ZY07,0,初始元年,balance_sheet,应收款,0.0,src_610d5b6cd311,origin data/VPD-OE_Agent_20260709/VPD-OE_Agent/data/raw/ZY/ZY07.xls,三张报表,C31,31
historical_600_unknown_rule,ZY07,1,第1年,balance_sheet,应收款,0.0,src_610d5b6cd311,origin data/VPD-OE_Agent_20260709/VPD-OE_Agent/data/raw/ZY/ZY07.xls,三张报表,D31,31
historical_600_unknown_rule,ZY07,2,第2年,balance_sheet,应收款,583.0,src_610d5b6cd311,origin data/VPD-OE_Agent_20260709/VPD-OE_Agent/data/raw/ZY/ZY07.xls,三张报表,E31,31
historical_600_unknown_rule,ZY07,3,第3年,balance_sheet,应收款,602.0,src_610d5b6cd311,origin data/VPD-OE_Agent_20260709/VPD-OE_Agent/data/raw/ZY/ZY07.xls,三张报表,F31,31
historical_600_unknown_rule,ZY07,4,第4年,balance_sheet,应收款,505.0,src_610d5b6cd311,origin data/VPD-OE_Agent_20260709/VPD-OE_Agent/data/raw/ZY/ZY07.xls,三张报表,G31,31
historical_600_unknown_rule,ZY07,5,第5年,balance_sheet,应收款,862.0,src_610d5b6cd311,origin data/VPD-OE_Agent_20260709/VPD-OE_Agent/data/raw/ZY/ZY07.xls,三张报表,H31,31
historical_600_unknown_rule,ZY07,0,初始元年,balance_sheet,在制品,0.0,src_610d5b6cd311,origin data/VPD-OE_Agent_20260709/VPD-OE_Agent/data/raw/ZY/ZY07.xls,三张报表,C32,32
historical_600_unknown_rule,ZY07,1,第1年,balance_sheet,在制品,0.0,src_610d5b6cd311,origin data/VPD-OE_Agent_20260709/VPD-OE_Agent/data/raw/ZY/ZY07.xls,三张报表,D32,32
historical_600_unknown_rule,ZY07,2,第2年,balance_sheet,在制品,140.0,src_610d5b6cd311,origin data/VPD-OE_Agent_20260709/VPD-OE_Agent/data/raw/ZY/ZY07.xls,三张报表,E32,32
historical_600_unknown_rule,ZY07,3,第3年,balance_sheet,在制品,140.0,src_610d5b6cd311,origin data/VPD-OE_Agent_20260709/VPD-OE_Agent/data/raw/ZY/ZY07.xls,三张报表,F32,32
historical_600_unknown_rule,ZY07,4,第4年,balance_sheet,在制品,140.0,src_610d5b6cd311,origin data/VPD-OE_Agent_20260709/VPD-OE_Agent/data/raw/ZY/ZY07.xls,三张报表,G32,32
historical_600_unknown_rule,ZY07,5,第5年,balance_sheet,在制品,140.0,src_610d5b6cd311,origin data/VPD-OE_Agent_20260709/VPD-OE_Agent/data/raw/ZY/ZY07.xls,三张报表,H32,32
historical_600_unknown_rule,ZY07,0,初始元年,balance_sheet,产成品,0.0,src_610d5b6cd311,origin data/VPD-OE_Agent_20260709/VPD-OE_Agent/data/raw/ZY/ZY07.xls,三张报表,C33,33
historical_600_unknown_rule,ZY07,1,第1年,balance_sheet,产成品,0.0,src_610d5b6cd311,origin data/VPD-OE_Agent_20260709/VPD-OE_Agent/data/raw/ZY/ZY07.xls,三张报表,D33,33
historical_600_unknown_rule,ZY07,2,第2年,balance_sheet,产成品,30.0,src_610d5b6cd311,origin data/VPD-OE_Agent_20260709/VPD-OE_Agent/data/raw/ZY/ZY07.xls,三张报表,E33,33
historical_600_unknown_rule,ZY07,3,第3年,balance_sheet,产成品,80.0,src_610d5b6cd311,origin data/VPD-OE_Agent_20260709/VPD-OE_Agent/data/raw/ZY/ZY07.xls,三张报表,F33,33
historical_600_unknown_rule,ZY07,4,第4年,balance_sheet,产成品,160.0,src_610d5b6cd311,origin data/VPD-OE_Agent_20260709/VPD-OE_Agent/data/raw/ZY/ZY07.xls,三张报表,G33,33
historical_600_unknown_rule,ZY07,5,第5年,balance_sheet,产成品,180.0,src_610d5b6cd311,origin data/VPD-OE_Agent_20260709/VPD-OE_Agent/data/raw/ZY/ZY07.xls,三张报表,H33,33
historical_600_unknown_rule,ZY07,0,初始元年,balance_sheet,原料,0.0,src_610d5b6cd311,origin data/VPD-OE_Agent_20260709/VPD-OE_Agent/data/raw/ZY/ZY07.xls,三张报表,C34,34
historical_600_unknown_rule,ZY07,1,第1年,balance_sheet,原料,0.0,src_610d5b6cd311,origin data/VPD-OE_Agent_20260709/VPD-OE_Agent/data/raw/ZY/ZY07.xls,三张报表,D34,34
historical_600_unknown_rule,ZY07,2,第2年,balance_sheet,原料,0.0,src_610d5b6cd311,origin data/VPD-OE_Agent_20260709/VPD-OE_Agent/data/raw/ZY/ZY07.xls,三张报表,E34,34
historical_600_unknown_rule,ZY07,3,第3年,balance_sheet,原料,0.0,src_610d5b6cd311,origin data/VPD-OE_Agent_20260709/VPD-OE_Agent/data/raw/ZY/ZY07.xls,三张报表,F34,34
historical_600_unknown_rule,ZY07,4,第4年,balance_sheet,原料,0.0,src_610d5b6cd311,origin data/VPD-OE_Agent_20260709/VPD-OE_Agent/data/raw/ZY/ZY07.xls,三张报表,G34,34
historical_600_unknown_rule,ZY07,5,第5年,balance_sheet,原料,0.0,src_610d5b6cd311,origin data/VPD-OE_Agent_20260709/VPD-OE_Agent/data/raw/ZY/ZY07.xls,三张报表,H34,34
historical_600_unknown_rule,ZY07,0,初始元年,balance_sheet,流动资产合计,600.0,src_610d5b6cd311,origin data/VPD-OE_Agent_20260709/VPD-OE_Agent/data/raw/ZY/ZY07.xls,三张报表,C35,35
historical_600_unknown_rule,ZY07,1,第1年,balance_sheet,流动资产合计,388.0,src_610d5b6cd311,origin data/VPD-OE_Agent_20260709/VPD-OE_Agent/data/raw/ZY/ZY07.xls,三张报表,D35,35
historical_600_unknown_rule,ZY07,2,第2年,balance_sheet,流动资产合计,1040.0,src_610d5b6cd311,origin data/VPD-OE_Agent_20260709/VPD-OE_Agent/data/raw/ZY/ZY07.xls,三张报表,E35,35
historical_600_unknown_rule,ZY07,3,第3年,balance_sheet,流动资产合计,1921.0,src_610d5b6cd311,origin data/VPD-OE_Agent_20260709/VPD-OE_Agent/data/raw/ZY/ZY07.xls,三张报表,F35,35
historical_600_unknown_rule,ZY07,4,第4年,balance_sheet,流动资产合计,2667.0,src_610d5b6cd311,origin data/VPD-OE_Agent_20260709/VPD-OE_Agent/data/raw/ZY/ZY07.xls,三张报表,G35,35
historical_600_unknown_rule,ZY07,5,第5年,balance_sheet,流动资产合计,3053.0,src_610d5b6cd311,origin data/VPD-OE_Agent_20260709/VPD-OE_Agent/data/raw/ZY/ZY07.xls,三张报表,H35,35
historical_600_unknown_rule,ZY07,0,初始元年,balance_sheet,厂房,0.0,src_610d5b6cd311,origin data/VPD-OE_Agent_20260709/VPD-OE_Agent/data/raw/ZY/ZY07.xls,三张报表,C36,36
historical_600_unknown_rule,ZY07,1,第1年,balance_sheet,厂房,0.0,src_610d5b6cd311,origin data/VPD-OE_Agent_20260709/VPD-OE_Agent/data/raw/ZY/ZY07.xls,三张报表,D36,36
historical_600_unknown_rule,ZY07,2,第2年,balance_sheet,厂房,0.0,src_610d5b6cd311,origin data/VPD-OE_Agent_20260709/VPD-OE_Agent/data/raw/ZY/ZY07.xls,三张报表,E36,36
historical_600_unknown_rule,ZY07,3,第3年,balance_sheet,厂房,0.0,src_610d5b6cd311,origin data/VPD-OE_Agent_20260709/VPD-OE_Agent/data/raw/ZY/ZY07.xls,三张报表,F36,36
historical_600_unknown_rule,ZY07,4,第4年,balance_sheet,厂房,0.0,src_610d5b6cd311,origin data/VPD-OE_Agent_20260709/VPD-OE_Agent/data/raw/ZY/ZY07.xls,三张报表,G36,36
historical_600_unknown_rule,ZY07,5,第5年,balance_sheet,厂房,0.0,src_610d5b6cd311,origin data/VPD-OE_Agent_20260709/VPD-OE_Agent/data/raw/ZY/ZY07.xls,三张报表,H36,36
historical_600_unknown_rule,ZY07,0,初始元年,balance_sheet,机器设备,0.0,src_610d5b6cd311,origin data/VPD-OE_Agent_20260709/VPD-OE_Agent/data/raw/ZY/ZY07.xls,三张报表,C37,37
historical_600_unknown_rule,ZY07,1,第1年,balance_sheet,机器设备,0.0,src_610d5b6cd311,origin data/VPD-OE_Agent_20260709/VPD-OE_Agent/data/raw/ZY/ZY07.xls,三张报表,D37,37
historical_600_unknown_rule,ZY07,2,第2年,balance_sheet,机器设备,600.0,src_610d5b6cd311,origin data/VPD-OE_Agent_20260709/VPD-OE_Agent/data/raw/ZY/ZY07.xls,三张报表,E37,37
historical_600_unknown_rule,ZY07,3,第3年,balance_sheet,机器设备,480.0,src_610d5b6cd311,origin data/VPD-OE_Agent_20260709/VPD-OE_Agent/data/raw/ZY/ZY07.xls,三张报表,F37,37
historical_600_unknown_rule,ZY07,4,第4年,balance_sheet,机器设备,360.0,src_610d5b6cd311,origin data/VPD-OE_Agent_20260709/VPD-OE_Agent/data/raw/ZY/ZY07.xls,三张报表,G37,37
historical_600_unknown_rule,ZY07,5,第5年,balance_sheet,机器设备,240.0,src_610d5b6cd311,origin data/VPD-OE_Agent_20260709/VPD-OE_Agent/data/raw/ZY/ZY07.xls,三张报表,H37,37
historical_600_unknown_rule,ZY07,0,初始元年,balance_sheet,在建工程,0.0,src_610d5b6cd311,origin data/VPD-OE_Agent_20260709/VPD-OE_Agent/data/raw/ZY/ZY07.xls,三张报表,C38,38
historical_600_unknown_rule,ZY07,1,第1年,balance_sheet,在建工程,600.0,src_610d5b6cd311,origin data/VPD-OE_Agent_20260709/VPD-OE_Agent/data/raw/ZY/ZY07.xls,三张报表,D38,38
historical_600_unknown_rule,ZY07,2,第2年,balance_sheet,在建工程,0.0,src_610d5b6cd311,origin data/VPD-OE_Agent_20260709/VPD-OE_Agent/data/raw/ZY/ZY07.xls,三张报表,E38,38
historical_600_unknown_rule,ZY07,3,第3年,balance_sheet,在建工程,0.0,src_610d5b6cd311,origin data/VPD-OE_Agent_20260709/VPD-OE_Agent/data/raw/ZY/ZY07.xls,三张报表,F38,38
historical_600_unknown_rule,ZY07,4,第4年,balance_sheet,在建工程,0.0,src_610d5b6cd311,origin data/VPD-OE_Agent_20260709/VPD-OE_Agent/data/raw/ZY/ZY07.xls,三张报表,G38,38
historical_600_unknown_rule,ZY07,5,第5年,balance_sheet,在建工程,0.0,src_610d5b6cd311,origin data/VPD-OE_Agent_20260709/VPD-OE_Agent/data/raw/ZY/ZY07.xls,三张报表,H38,38
historical_600_unknown_rule,ZY07,0,初始元年,balance_sheet,固定资产合计,0.0,src_610d5b6cd311,origin data/VPD-OE_Agent_20260709/VPD-OE_Agent/data/raw/ZY/ZY07.xls,三张报表,C39,39
historical_600_unknown_rule,ZY07,1,第1年,balance_sheet,固定资产合计,600.0,src_610d5b6cd311,origin data/VPD-OE_Agent_20260709/VPD-OE_Agent/data/raw/ZY/ZY07.xls,三张报表,D39,39
historical_600_unknown_rule,ZY07,2,第2年,balance_sheet,固定资产合计,600.0,src_610d5b6cd311,origin data/VPD-OE_Agent_20260709/VPD-OE_Agent/data/raw/ZY/ZY07.xls,三张报表,E39,39
historical_600_unknown_rule,ZY07,3,第3年,balance_sheet,固定资产合计,480.0,src_610d5b6cd311,origin data/VPD-OE_Agent_20260709/VPD-OE_Agent/data/raw/ZY/ZY07.xls,三张报表,F39,39
historical_600_unknown_rule,ZY07,4,第4年,balance_sheet,固定资产合计,360.0,src_610d5b6cd311,origin data/VPD-OE_Agent_20260709/VPD-OE_Agent/data/raw/ZY/ZY07.xls,三张报表,G39,39
historical_600_unknown_rule,ZY07,5,第5年,balance_sheet,固定资产合计,240.0,src_610d5b6cd311,origin data/VPD-OE_Agent_20260709/VPD-OE_Agent/data/raw/ZY/ZY07.xls,三张报表,H39,39
historical_600_unknown_rule,ZY07,0,初始元年,balance_sheet,资产总计,600.0,src_610d5b6cd311,origin data/VPD-OE_Agent_20260709/VPD-OE_Agent/data/raw/ZY/ZY07.xls,三张报表,C40,40
historical_600_unknown_rule,ZY07,1,第1年,balance_sheet,资产总计,988.0,src_610d5b6cd311,origin data/VPD-OE_Agent_20260709/VPD-OE_Agent/data/raw/ZY/ZY07.xls,三张报表,D40,40
historical_600_unknown_rule,ZY07,2,第2年,balance_sheet,资产总计,1640.0,src_610d5b6cd311,origin data/VPD-OE_Agent_20260709/VPD-OE_Agent/data/raw/ZY/ZY07.xls,三张报表,E40,40
historical_600_unknown_rule,ZY07,3,第3年,balance_sheet,资产总计,2401.0,src_610d5b6cd311,origin data/VPD-OE_Agent_20260709/VPD-OE_Agent/data/raw/ZY/ZY07.xls,三张报表,F40,40
historical_600_unknown_rule,ZY07,4,第4年,balance_sheet,资产总计,3027.0,src_610d5b6cd311,origin data/VPD-OE_Agent_20260709/VPD-OE_Agent/data/raw/ZY/ZY07.xls,三张报表,G40,40
historical_600_unknown_rule,ZY07,5,第5年,balance_sheet,资产总计,3293.0,src_610d5b6cd311,origin data/VPD-OE_Agent_20260709/VPD-OE_Agent/data/raw/ZY/ZY07.xls,三张报表,H40,40
historical_600_unknown_rule,ZY07,0,初始元年,balance_sheet,长期贷款,0.0,src_610d5b6cd311,origin data/VPD-OE_Agent_20260709/VPD-OE_Agent/data/raw/ZY/ZY07.xls,三张报表,C41,41
historical_600_unknown_rule,ZY07,1,第1年,balance_sheet,长期贷款,0.0,src_610d5b6cd311,origin data/VPD-OE_Agent_20260709/VPD-OE_Agent/data/raw/ZY/ZY07.xls,三张报表,D41,41
historical_600_unknown_rule,ZY07,2,第2年,balance_sheet,长期贷款,484.0,src_610d5b6cd311,origin data/VPD-OE_Agent_20260709/VPD-OE_Agent/data/raw/ZY/ZY07.xls,三张报表,E41,41
historical_600_unknown_rule,ZY07,3,第3年,balance_sheet,长期贷款,988.0,src_610d5b6cd311,origin data/VPD-OE_Agent_20260709/VPD-OE_Agent/data/raw/ZY/ZY07.xls,三张报表,F41,41
historical_600_unknown_rule,ZY07,4,第4年,balance_sheet,长期贷款,1618.0,src_610d5b6cd311,origin data/VPD-OE_Agent_20260709/VPD-OE_Agent/data/raw/ZY/ZY07.xls,三张报表,G41,41
historical_600_unknown_rule,ZY07,5,第5年,balance_sheet,长期贷款,1722.0,src_610d5b6cd311,origin data/VPD-OE_Agent_20260709/VPD-OE_Agent/data/raw/ZY/ZY07.xls,三张报表,H41,41
historical_600_unknown_rule,ZY07,0,初始元年,balance_sheet,短期贷款,0.0,src_610d5b6cd311,origin data/VPD-OE_Agent_20260709/VPD-OE_Agent/data/raw/ZY/ZY07.xls,三张报表,C42,42
historical_600_unknown_rule,ZY07,1,第1年,balance_sheet,短期贷款,618.0,src_610d5b6cd311,origin data/VPD-OE_Agent_20260709/VPD-OE_Agent/data/raw/ZY/ZY07.xls,三张报表,D42,42
historical_600_unknown_rule,ZY07,2,第2年,balance_sheet,短期贷款,618.0,src_610d5b6cd311,origin data/VPD-OE_Agent_20260709/VPD-OE_Agent/data/raw/ZY/ZY07.xls,三张报表,E42,42
historical_600_unknown_rule,ZY07,3,第3年,balance_sheet,短期贷款,618.0,src_610d5b6cd311,origin data/VPD-OE_Agent_20260709/VPD-OE_Agent/data/raw/ZY/ZY07.xls,三张报表,F42,42
historical_600_unknown_rule,ZY07,4,第4年,balance_sheet,短期贷款,618.0,src_610d5b6cd311,origin data/VPD-OE_Agent_20260709/VPD-OE_Agent/data/raw/ZY/ZY07.xls,三张报表,G42,42
historical_600_unknown_rule,ZY07,5,第5年,balance_sheet,短期贷款,618.0,src_610d5b6cd311,origin data/VPD-OE_Agent_20260709/VPD-OE_Agent/data/raw/ZY/ZY07.xls,三张报表,H42,42
historical_600_unknown_rule,ZY07,0,初始元年,balance_sheet,特别贷款,0.0,src_610d5b6cd311,origin data/VPD-OE_Agent_20260709/VPD-OE_Agent/data/raw/ZY/ZY07.xls,三张报表,C43,43
historical_600_unknown_rule,ZY07,1,第1年,balance_sheet,特别贷款,0.0,src_610d5b6cd311,origin data/VPD-OE_Agent_20260709/VPD-OE_Agent/data/raw/ZY/ZY07.xls,三张报表,D43,43
historical_600_unknown_rule,ZY07,2,第2年,balance_sheet,特别贷款,0.0,src_610d5b6cd311,origin data/VPD-OE_Agent_20260709/VPD-OE_Agent/data/raw/ZY/ZY07.xls,三张报表,E43,43
historical_600_unknown_rule,ZY07,3,第3年,balance_sheet,特别贷款,0.0,src_610d5b6cd311,origin data/VPD-OE_Agent_20260709/VPD-OE_Agent/data/raw/ZY/ZY07.xls,三张报表,F43,43
historical_600_unknown_rule,ZY07,4,第4年,balance_sheet,特别贷款,0.0,src_610d5b6cd311,origin data/VPD-OE_Agent_20260709/VPD-OE_Agent/data/raw/ZY/ZY07.xls,三张报表,G43,43
historical_600_unknown_rule,ZY07,5,第5年,balance_sheet,特别贷款,0.0,src_610d5b6cd311,origin data/VPD-OE_Agent_20260709/VPD-OE_Agent/data/raw/ZY/ZY07.xls,三张报表,H43,43
historical_600_unknown_rule,ZY07,0,初始元年,balance_sheet,所得税,0.0,src_610d5b6cd311,origin data/VPD-OE_Agent_20260709/VPD-OE_Agent/data/raw/ZY/ZY07.xls,三张报表,C44,44
historical_600_unknown_rule,ZY07,1,第1年,balance_sheet,所得税,0.0,src_610d5b6cd311,origin data/VPD-OE_Agent_20260709/VPD-OE_Agent/data/raw/ZY/ZY07.xls,三张报表,D44,44
historical_600_unknown_rule,ZY07,2,第2年,balance_sheet,所得税,0.0,src_610d5b6cd311,origin data/VPD-OE_Agent_20260709/VPD-OE_Agent/data/raw/ZY/ZY07.xls,三张报表,E44,44
historical_600_unknown_rule,ZY07,3,第3年,balance_sheet,所得税,49.0,src_610d5b6cd311,origin data/VPD-OE_Agent_20260709/VPD-OE_Agent/data/raw/ZY/ZY07.xls,三张报表,F44,44
historical_600_unknown_rule,ZY07,4,第4年,balance_sheet,所得税,11.0,src_610d5b6cd311,origin data/VPD-OE_Agent_20260709/VPD-OE_Agent/data/raw/ZY/ZY07.xls,三张报表,G44,44
historical_600_unknown_rule,ZY07,5,第5年,balance_sheet,所得税,43.0,src_610d5b6cd311,origin data/VPD-OE_Agent_20260709/VPD-OE_Agent/data/raw/ZY/ZY07.xls,三张报表,H44,44
historical_600_unknown_rule,ZY07,0,初始元年,balance_sheet,负债合计,0.0,src_610d5b6cd311,origin data/VPD-OE_Agent_20260709/VPD-OE_Agent/data/raw/ZY/ZY07.xls,三张报表,C45,45
historical_600_unknown_rule,ZY07,1,第1年,balance_sheet,负债合计,618.0,src_610d5b6cd311,origin data/VPD-OE_Agent_20260709/VPD-OE_Agent/data/raw/ZY/ZY07.xls,三张报表,D45,45
historical_600_unknown_rule,ZY07,2,第2年,balance_sheet,负债合计,1102.0,src_610d5b6cd311,origin data/VPD-OE_Agent_20260709/VPD-OE_Agent/data/raw/ZY/ZY07.xls,三张报表,E45,45
historical_600_unknown_rule,ZY07,3,第3年,balance_sheet,负债合计,1655.0,src_610d5b6cd311,origin data/VPD-OE_Agent_20260709/VPD-OE_Agent/data/raw/ZY/ZY07.xls,三张报表,F45,45
historical_600_unknown_rule,ZY07,4,第4年,balance_sheet,负债合计,2247.0,src_610d5b6cd311,origin data/VPD-OE_Agent_20260709/VPD-OE_Agent/data/raw/ZY/ZY07.xls,三张报表,G45,45
historical_600_unknown_rule,ZY07,5,第5年,balance_sheet,负债合计,2383.0,src_610d5b6cd311,origin data/VPD-OE_Agent_20260709/VPD-OE_Agent/data/raw/ZY/ZY07.xls,三张报表,H45,45
historical_600_unknown_rule,ZY07,0,初始元年,balance_sheet,股东资本,600.0,src_610d5b6cd311,origin data/VPD-OE_Agent_20260709/VPD-OE_Agent/data/raw/ZY/ZY07.xls,三张报表,C46,46
historical_600_unknown_rule,ZY07,1,第1年,balance_sheet,股东资本,600.0,src_610d5b6cd311,origin data/VPD-OE_Agent_20260709/VPD-OE_Agent/data/raw/ZY/ZY07.xls,三张报表,D46,46
historical_600_unknown_rule,ZY07,2,第2年,balance_sheet,股东资本,600.0,src_610d5b6cd311,origin data/VPD-OE_Agent_20260709/VPD-OE_Agent/data/raw/ZY/ZY07.xls,三张报表,E46,46
historical_600_unknown_rule,ZY07,3,第3年,balance_sheet,股东资本,600.0,src_610d5b6cd311,origin data/VPD-OE_Agent_20260709/VPD-OE_Agent/data/raw/ZY/ZY07.xls,三张报表,F46,46
historical_600_unknown_rule,ZY07,4,第4年,balance_sheet,股东资本,600.0,src_610d5b6cd311,origin data/VPD-OE_Agent_20260709/VPD-OE_Agent/data/raw/ZY/ZY07.xls,三张报表,G46,46
historical_600_unknown_rule,ZY07,5,第5年,balance_sheet,股东资本,600.0,src_610d5b6cd311,origin data/VPD-OE_Agent_20260709/VPD-OE_Agent/data/raw/ZY/ZY07.xls,三张报表,H46,46
historical_600_unknown_rule,ZY07,0,初始元年,balance_sheet,利润留存,0.0,src_610d5b6cd311,origin data/VPD-OE_Agent_20260709/VPD-OE_Agent/data/raw/ZY/ZY07.xls,三张报表,C47,47
historical_600_unknown_rule,ZY07,1,第1年,balance_sheet,利润留存,0.0,src_610d5b6cd311,origin data/VPD-OE_Agent_20260709/VPD-OE_Agent/data/raw/ZY/ZY07.xls,三张报表,D47,47
historical_600_unknown_rule,ZY07,2,第2年,balance_sheet,利润留存,-230.0,src_610d5b6cd311,origin data/VPD-OE_Agent_20260709/VPD-OE_Agent/data/raw/ZY/ZY07.xls,三张报表,E47,47
historical_600_unknown_rule,ZY07,3,第3年,balance_sheet,利润留存,-62.0,src_610d5b6cd311,origin data/VPD-OE_Agent_20260709/VPD-OE_Agent/data/raw/ZY/ZY07.xls,三张报表,F47,47
historical_600_unknown_rule,ZY07,4,第4年,balance_sheet,利润留存,146.0,src_610d5b6cd311,origin data/VPD-OE_Agent_20260709/VPD-OE_Agent/data/raw/ZY/ZY07.xls,三张报表,G47,47
historical_600_unknown_rule,ZY07,5,第5年,balance_sheet,利润留存,180.0,src_610d5b6cd311,origin data/VPD-OE_Agent_20260709/VPD-OE_Agent/data/raw/ZY/ZY07.xls,三张报表,H47,47
historical_600_unknown_rule,ZY07,0,初始元年,balance_sheet,年度净利,0.0,src_610d5b6cd311,origin data/VPD-OE_Agent_20260709/VPD-OE_Agent/data/raw/ZY/ZY07.xls,三张报表,C48,48
historical_600_unknown_rule,ZY07,1,第1年,balance_sheet,年度净利,-230.0,src_610d5b6cd311,origin data/VPD-OE_Agent_20260709/VPD-OE_Agent/data/raw/ZY/ZY07.xls,三张报表,D48,48
historical_600_unknown_rule,ZY07,2,第2年,balance_sheet,年度净利,168.0,src_610d5b6cd311,origin data/VPD-OE_Agent_20260709/VPD-OE_Agent/data/raw/ZY/ZY07.xls,三张报表,E48,48
historical_600_unknown_rule,ZY07,3,第3年,balance_sheet,年度净利,208.0,src_610d5b6cd311,origin data/VPD-OE_Agent_20260709/VPD-OE_Agent/data/raw/ZY/ZY07.xls,三张报表,F48,48
historical_600_unknown_rule,ZY07,4,第4年,balance_sheet,年度净利,34.0,src_610d5b6cd311,origin data/VPD-OE_Agent_20260709/VPD-OE_Agent/data/raw/ZY/ZY07.xls,三张报表,G48,48
historical_600_unknown_rule,ZY07,5,第5年,balance_sheet,年度净利,130.0,src_610d5b6cd311,origin data/VPD-OE_Agent_20260709/VPD-OE_Agent/data/raw/ZY/ZY07.xls,三张报表,H48,48
historical_600_unknown_rule,ZY07,0,初始元年,balance_sheet,所有者权益合计,600.0,src_610d5b6cd311,origin data/VPD-OE_Agent_20260709/VPD-OE_Agent/data/raw/ZY/ZY07.xls,三张报表,C49,49
historical_600_unknown_rule,ZY07,1,第1年,balance_sheet,所有者权益合计,370.0,src_610d5b6cd311,origin data/VPD-OE_Agent_20260709/VPD-OE_Agent/data/raw/ZY/ZY07.xls,三张报表,D49,49
historical_600_unknown_rule,ZY07,2,第2年,balance_sheet,所有者权益合计,538.0,src_610d5b6cd311,origin data/VPD-OE_Agent_20260709/VPD-OE_Agent/data/raw/ZY/ZY07.xls,三张报表,E49,49
historical_600_unknown_rule,ZY07,3,第3年,balance_sheet,所有者权益合计,746.0,src_610d5b6cd311,origin data/VPD-OE_Agent_20260709/VPD-OE_Agent/data/raw/ZY/ZY07.xls,三张报表,F49,49
historical_600_unknown_rule,ZY07,4,第4年,balance_sheet,所有者权益合计,780.0,src_610d5b6cd311,origin data/VPD-OE_Agent_20260709/VPD-OE_Agent/data/raw/ZY/ZY07.xls,三张报表,G49,49
historical_600_unknown_rule,ZY07,5,第5年,balance_sheet,所有者权益合计,910.0,src_610d5b6cd311,origin data/VPD-OE_Agent_20260709/VPD-OE_Agent/data/raw/ZY/ZY07.xls,三张报表,H49,49
historical_600_unknown_rule,ZY07,0,初始元年,balance_sheet,负债和所有者权益总计,600.0,src_610d5b6cd311,origin data/VPD-OE_Agent_20260709/VPD-OE_Agent/data/raw/ZY/ZY07.xls,三张报表,C50,50
historical_600_unknown_rule,ZY07,1,第1年,balance_sheet,负债和所有者权益总计,988.0,src_610d5b6cd311,origin data/VPD-OE_Agent_20260709/VPD-OE_Agent/data/raw/ZY/ZY07.xls,三张报表,D50,50
historical_600_unknown_rule,ZY07,2,第2年,balance_sheet,负债和所有者权益总计,1640.0,src_610d5b6cd311,origin data/VPD-OE_Agent_20260709/VPD-OE_Agent/data/raw/ZY/ZY07.xls,三张报表,E50,50
historical_600_unknown_rule,ZY07,3,第3年,balance_sheet,负债和所有者权益总计,2401.0,src_610d5b6cd311,origin data/VPD-OE_Agent_20260709/VPD-OE_Agent/data/raw/ZY/ZY07.xls,三张报表,F50,50
historical_600_unknown_rule,ZY07,4,第4年,balance_sheet,负债和所有者权益总计,3027.0,src_610d5b6cd311,origin data/VPD-OE_Agent_20260709/VPD-OE_Agent/data/raw/ZY/ZY07.xls,三张报表,G50,50
historical_600_unknown_rule,ZY07,5,第5年,balance_sheet,负债和所有者权益总计,3293.0,src_610d5b6cd311,origin data/VPD-OE_Agent_20260709/VPD-OE_Agent/data/raw/ZY/ZY07.xls,三张报表,H50,50
historical_600_unknown_rule,ZY08,0,初始元年,comprehensive_expense,管理费,0.0,src_db71d98a0a37,origin data/VPD-OE_Agent_20260709/VPD-OE_Agent/data/raw/ZY/ZY08.xls,三张报表,C3,3
historical_600_unknown_rule,ZY08,1,第1年,comprehensive_expense,管理费,40.0,src_db71d98a0a37,origin data/VPD-OE_Agent_20260709/VPD-OE_Agent/data/raw/ZY/ZY08.xls,三张报表,D3,3
historical_600_unknown_rule,ZY08,2,第2年,comprehensive_expense,管理费,40.0,src_db71d98a0a37,origin data/VPD-OE_Agent_20260709/VPD-OE_Agent/data/raw/ZY/ZY08.xls,三张报表,E3,3
historical_600_unknown_rule,ZY08,3,第3年,comprehensive_expense,管理费,40.0,src_db71d98a0a37,origin data/VPD-OE_Agent_20260709/VPD-OE_Agent/data/raw/ZY/ZY08.xls,三张报表,F3,3
historical_600_unknown_rule,ZY08,4,第4年,comprehensive_expense,管理费,40.0,src_db71d98a0a37,origin data/VPD-OE_Agent_20260709/VPD-OE_Agent/data/raw/ZY/ZY08.xls,三张报表,G3,3
historical_600_unknown_rule,ZY08,5,第5年,comprehensive_expense,管理费,40.0,src_db71d98a0a37,origin data/VPD-OE_Agent_20260709/VPD-OE_Agent/data/raw/ZY/ZY08.xls,三张报表,H3,3
historical_600_unknown_rule,ZY08,0,初始元年,comprehensive_expense,广告费,0.0,src_db71d98a0a37,origin data/VPD-OE_Agent_20260709/VPD-OE_Agent/data/raw/ZY/ZY08.xls,三张报表,C4,4
historical_600_unknown_rule,ZY08,1,第1年,comprehensive_expense,广告费,0.0,src_db71d98a0a37,origin data/VPD-OE_Agent_20260709/VPD-OE_Agent/data/raw/ZY/ZY08.xls,三张报表,D4,4
historical_600_unknown_rule,ZY08,2,第2年,comprehensive_expense,广告费,40.0,src_db71d98a0a37,origin data/VPD-OE_Agent_20260709/VPD-OE_Agent/data/raw/ZY/ZY08.xls,三张报表,E4,4
historical_600_unknown_rule,ZY08,3,第3年,comprehensive_expense,广告费,40.0,src_db71d98a0a37,origin data/VPD-OE_Agent_20260709/VPD-OE_Agent/data/raw/ZY/ZY08.xls,三张报表,F4,4
historical_600_unknown_rule,ZY08,4,第4年,comprehensive_expense,广告费,42.0,src_db71d98a0a37,origin data/VPD-OE_Agent_20260709/VPD-OE_Agent/data/raw/ZY/ZY08.xls,三张报表,G4,4
historical_600_unknown_rule,ZY08,5,第5年,comprehensive_expense,广告费,99.0,src_db71d98a0a37,origin data/VPD-OE_Agent_20260709/VPD-OE_Agent/data/raw/ZY/ZY08.xls,三张报表,H4,4
historical_600_unknown_rule,ZY08,0,初始元年,comprehensive_expense,维护费,0.0,src_db71d98a0a37,origin data/VPD-OE_Agent_20260709/VPD-OE_Agent/data/raw/ZY/ZY08.xls,三张报表,C5,5
historical_600_unknown_rule,ZY08,1,第1年,comprehensive_expense,维护费,0.0,src_db71d98a0a37,origin data/VPD-OE_Agent_20260709/VPD-OE_Agent/data/raw/ZY/ZY08.xls,三张报表,D5,5
historical_600_unknown_rule,ZY08,2,第2年,comprehensive_expense,维护费,30.0,src_db71d98a0a37,origin data/VPD-OE_Agent_20260709/VPD-OE_Agent/data/raw/ZY/ZY08.xls,三张报表,E5,5
historical_600_unknown_rule,ZY08,3,第3年,comprehensive_expense,维护费,40.0,src_db71d98a0a37,origin data/VPD-OE_Agent_20260709/VPD-OE_Agent/data/raw/ZY/ZY08.xls,三张报表,F5,5
historical_600_unknown_rule,ZY08,4,第4年,comprehensive_expense,维护费,40.0,src_db71d98a0a37,origin data/VPD-OE_Agent_20260709/VPD-OE_Agent/data/raw/ZY/ZY08.xls,三张报表,G5,5
historical_600_unknown_rule,ZY08,5,第5年,comprehensive_expense,维护费,70.0,src_db71d98a0a37,origin data/VPD-OE_Agent_20260709/VPD-OE_Agent/data/raw/ZY/ZY08.xls,三张报表,H5,5
historical_600_unknown_rule,ZY08,0,初始元年,comprehensive_expense,损失,0.0,src_db71d98a0a37,origin data/VPD-OE_Agent_20260709/VPD-OE_Agent/data/raw/ZY/ZY08.xls,三张报表,C6,6
historical_600_unknown_rule,ZY08,1,第1年,comprehensive_expense,损失,0.0,src_db71d98a0a37,origin data/VPD-OE_Agent_20260709/VPD-OE_Agent/data/raw/ZY/ZY08.xls,三张报表,D6,6
historical_600_unknown_rule,ZY08,2,第2年,comprehensive_expense,损失,0.0,src_db71d98a0a37,origin data/VPD-OE_Agent_20260709/VPD-OE_Agent/data/raw/ZY/ZY08.xls,三张报表,E6,6
historical_600_unknown_rule,ZY08,3,第3年,comprehensive_expense,损失,100.0,src_db71d98a0a37,origin data/VPD-OE_Agent_20260709/VPD-OE_Agent/data/raw/ZY/ZY08.xls,三张报表,F6,6
historical_600_unknown_rule,ZY08,4,第4年,comprehensive_expense,损失,0.0,src_db71d98a0a37,origin data/VPD-OE_Agent_20260709/VPD-OE_Agent/data/raw/ZY/ZY08.xls,三张报表,G6,6
historical_600_unknown_rule,ZY08,5,第5年,comprehensive_expense,损失,0.0,src_db71d98a0a37,origin data/VPD-OE_Agent_20260709/VPD-OE_Agent/data/raw/ZY/ZY08.xls,三张报表,H6,6
historical_600_unknown_rule,ZY08,0,初始元年,comprehensive_expense,转产费,0.0,src_db71d98a0a37,origin data/VPD-OE_Agent_20260709/VPD-OE_Agent/data/raw/ZY/ZY08.xls,三张报表,C7,7
historical_600_unknown_rule,ZY08,1,第1年,comprehensive_expense,转产费,0.0,src_db71d98a0a37,origin data/VPD-OE_Agent_20260709/VPD-OE_Agent/data/raw/ZY/ZY08.xls,三张报表,D7,7
historical_600_unknown_rule,ZY08,2,第2年,comprehensive_expense,转产费,0.0,src_db71d98a0a37,origin data/VPD-OE_Agent_20260709/VPD-OE_Agent/data/raw/ZY/ZY08.xls,三张报表,E7,7
historical_600_unknown_rule,ZY08,3,第3年,comprehensive_expense,转产费,0.0,src_db71d98a0a37,origin data/VPD-OE_Agent_20260709/VPD-OE_Agent/data/raw/ZY/ZY08.xls,三张报表,F7,7
historical_600_unknown_rule,ZY08,4,第4年,comprehensive_expense,转产费,0.0,src_db71d98a0a37,origin data/VPD-OE_Agent_20260709/VPD-OE_Agent/data/raw/ZY/ZY08.xls,三张报表,G7,7
historical_600_unknown_rule,ZY08,5,第5年,comprehensive_expense,转产费,0.0,src_db71d98a0a37,origin data/VPD-OE_Agent_20260709/VPD-OE_Agent/data/raw/ZY/ZY08.xls,三张报表,H7,7
historical_600_unknown_rule,ZY08,0,初始元年,comprehensive_expense,租金,0.0,src_db71d98a0a37,origin data/VPD-OE_Agent_20260709/VPD-OE_Agent/data/raw/ZY/ZY08.xls,三张报表,C8,8
historical_600_unknown_rule,ZY08,1,第1年,comprehensive_expense,租金,40.0,src_db71d98a0a37,origin data/VPD-OE_Agent_20260709/VPD-OE_Agent/data/raw/ZY/ZY08.xls,三张报表,D8,8
historical_600_unknown_rule,ZY08,2,第2年,comprehensive_expense,租金,40.0,src_db71d98a0a37,origin data/VPD-OE_Agent_20260709/VPD-OE_Agent/data/raw/ZY/ZY08.xls,三张报表,E8,8
historical_600_unknown_rule,ZY08,3,第3年,comprehensive_expense,租金,40.0,src_db71d98a0a37,origin data/VPD-OE_Agent_20260709/VPD-OE_Agent/data/raw/ZY/ZY08.xls,三张报表,F8,8
historical_600_unknown_rule,ZY08,4,第4年,comprehensive_expense,租金,70.0,src_db71d98a0a37,origin data/VPD-OE_Agent_20260709/VPD-OE_Agent/data/raw/ZY/ZY08.xls,三张报表,G8,8
historical_600_unknown_rule,ZY08,5,第5年,comprehensive_expense,租金,70.0,src_db71d98a0a37,origin data/VPD-OE_Agent_20260709/VPD-OE_Agent/data/raw/ZY/ZY08.xls,三张报表,H8,8
historical_600_unknown_rule,ZY08,0,初始元年,comprehensive_expense,市场开拓费,0.0,src_db71d98a0a37,origin data/VPD-OE_Agent_20260709/VPD-OE_Agent/data/raw/ZY/ZY08.xls,三张报表,C9,9
historical_600_unknown_rule,ZY08,1,第1年,comprehensive_expense,市场开拓费,20.0,src_db71d98a0a37,origin data/VPD-OE_Agent_20260709/VPD-OE_Agent/data/raw/ZY/ZY08.xls,三张报表,D9,9
historical_600_unknown_rule,ZY08,2,第2年,comprehensive_expense,市场开拓费,20.0,src_db71d98a0a37,origin data/VPD-OE_Agent_20260709/VPD-OE_Agent/data/raw/ZY/ZY08.xls,三张报表,E9,9
historical_600_unknown_rule,ZY08,3,第3年,comprehensive_expense,市场开拓费,10.0,src_db71d98a0a37,origin data/VPD-OE_Agent_20260709/VPD-OE_Agent/data/raw/ZY/ZY08.xls,三张报表,F9,9
historical_600_unknown_rule,ZY08,4,第4年,comprehensive_expense,市场开拓费,10.0,src_db71d98a0a37,origin data/VPD-OE_Agent_20260709/VPD-OE_Agent/data/raw/ZY/ZY08.xls,三张报表,G9,9
historical_600_unknown_rule,ZY08,5,第5年,comprehensive_expense,市场开拓费,10.0,src_db71d98a0a37,origin data/VPD-OE_Agent_20260709/VPD-OE_Agent/data/raw/ZY/ZY08.xls,三张报表,H9,9
historical_600_unknown_rule,ZY08,0,初始元年,comprehensive_expense,产品研发费,0.0,src_db71d98a0a37,origin data/VPD-OE_Agent_20260709/VPD-OE_Agent/data/raw/ZY/ZY08.xls,三张报表,C10,10
historical_600_unknown_rule,ZY08,1,第1年,comprehensive_expense,产品研发费,60.0,src_db71d98a0a37,origin data/VPD-OE_Agent_20260709/VPD-OE_Agent/data/raw/ZY/ZY08.xls,三张报表,D10,10
historical_600_unknown_rule,ZY08,2,第2年,comprehensive_expense,产品研发费,10.0,src_db71d98a0a37,origin data/VPD-OE_Agent_20260709/VPD-OE_Agent/data/raw/ZY/ZY08.xls,三张报表,E10,10
historical_600_unknown_rule,ZY08,3,第3年,comprehensive_expense,产品研发费,0.0,src_db71d98a0a37,origin data/VPD-OE_Agent_20260709/VPD-OE_Agent/data/raw/ZY/ZY08.xls,三张报表,F10,10
historical_600_unknown_rule,ZY08,4,第4年,comprehensive_expense,产品研发费,0.0,src_db71d98a0a37,origin data/VPD-OE_Agent_20260709/VPD-OE_Agent/data/raw/ZY/ZY08.xls,三张报表,G10,10
historical_600_unknown_rule,ZY08,5,第5年,comprehensive_expense,产品研发费,70.0,src_db71d98a0a37,origin data/VPD-OE_Agent_20260709/VPD-OE_Agent/data/raw/ZY/ZY08.xls,三张报表,H10,10
historical_600_unknown_rule,ZY08,0,初始元年,comprehensive_expense,ISO认证费,0.0,src_db71d98a0a37,origin data/VPD-OE_Agent_20260709/VPD-OE_Agent/data/raw/ZY/ZY08.xls,三张报表,C11,11
historical_600_unknown_rule,ZY08,1,第1年,comprehensive_expense,ISO认证费,10.0,src_db71d98a0a37,origin data/VPD-OE_Agent_20260709/VPD-OE_Agent/data/raw/ZY/ZY08.xls,三张报表,D11,11
historical_600_unknown_rule,ZY08,2,第2年,comprehensive_expense,ISO认证费,10.0,src_db71d98a0a37,origin data/VPD-OE_Agent_20260709/VPD-OE_Agent/data/raw/ZY/ZY08.xls,三张报表,E11,11
historical_600_unknown_rule,ZY08,3,第3年,comprehensive_expense,ISO认证费,20.0,src_db71d98a0a37,origin data/VPD-OE_Agent_20260709/VPD-OE_Agent/data/raw/ZY/ZY08.xls,三张报表,F11,11
historical_600_unknown_rule,ZY08,4,第4年,comprehensive_expense,ISO认证费,20.0,src_db71d98a0a37,origin data/VPD-OE_Agent_20260709/VPD-OE_Agent/data/raw/ZY/ZY08.xls,三张报表,G11,11
historical_600_unknown_rule,ZY08,5,第5年,comprehensive_expense,ISO认证费,0.0,src_db71d98a0a37,origin data/VPD-OE_Agent_20260709/VPD-OE_Agent/data/raw/ZY/ZY08.xls,三张报表,H11,11
historical_600_unknown_rule,ZY08,0,初始元年,comprehensive_expense,信息费,0.0,src_db71d98a0a37,origin data/VPD-OE_Agent_20260709/VPD-OE_Agent/data/raw/ZY/ZY08.xls,三张报表,C12,12
historical_600_unknown_rule,ZY08,1,第1年,comprehensive_expense,信息费,0.0,src_db71d98a0a37,origin data/VPD-OE_Agent_20260709/VPD-OE_Agent/data/raw/ZY/ZY08.xls,三张报表,D12,12
historical_600_unknown_rule,ZY08,2,第2年,comprehensive_expense,信息费,0.0,src_db71d98a0a37,origin data/VPD-OE_Agent_20260709/VPD-OE_Agent/data/raw/ZY/ZY08.xls,三张报表,E12,12
historical_600_unknown_rule,ZY08,3,第3年,comprehensive_expense,信息费,0.0,src_db71d98a0a37,origin data/VPD-OE_Agent_20260709/VPD-OE_Agent/data/raw/ZY/ZY08.xls,三张报表,F12,12
historical_600_unknown_rule,ZY08,4,第4年,comprehensive_expense,信息费,0.0,src_db71d98a0a37,origin data/VPD-OE_Agent_20260709/VPD-OE_Agent/data/raw/ZY/ZY08.xls,三张报表,G12,12
historical_600_unknown_rule,ZY08,5,第5年,comprehensive_expense,信息费,0.0,src_db71d98a0a37,origin data/VPD-OE_Agent_20260709/VPD-OE_Agent/data/raw/ZY/ZY08.xls,三张报表,H12,12
historical_600_unknown_rule,ZY08,0,初始元年,comprehensive_expense,合计,0.0,src_db71d98a0a37,origin data/VPD-OE_Agent_20260709/VPD-OE_Agent/data/raw/ZY/ZY08.xls,三张报表,C13,13
historical_600_unknown_rule,ZY08,1,第1年,comprehensive_expense,合计,170.0,src_db71d98a0a37,origin data/VPD-OE_Agent_20260709/VPD-OE_Agent/data/raw/ZY/ZY08.xls,三张报表,D13,13
historical_600_unknown_rule,ZY08,2,第2年,comprehensive_expense,合计,190.0,src_db71d98a0a37,origin data/VPD-OE_Agent_20260709/VPD-OE_Agent/data/raw/ZY/ZY08.xls,三张报表,E13,13
historical_600_unknown_rule,ZY08,3,第3年,comprehensive_expense,合计,290.0,src_db71d98a0a37,origin data/VPD-OE_Agent_20260709/VPD-OE_Agent/data/raw/ZY/ZY08.xls,三张报表,F13,13
historical_600_unknown_rule,ZY08,4,第4年,comprehensive_expense,合计,222.0,src_db71d98a0a37,origin data/VPD-OE_Agent_20260709/VPD-OE_Agent/data/raw/ZY/ZY08.xls,三张报表,G13,13
historical_600_unknown_rule,ZY08,5,第5年,comprehensive_expense,合计,359.0,src_db71d98a0a37,origin data/VPD-OE_Agent_20260709/VPD-OE_Agent/data/raw/ZY/ZY08.xls,三张报表,H13,13
historical_600_unknown_rule,ZY08,0,初始元年,income_statement,销售收入,0.0,src_db71d98a0a37,origin data/VPD-OE_Agent_20260709/VPD-OE_Agent/data/raw/ZY/ZY08.xls,三张报表,C16,16
historical_600_unknown_rule,ZY08,1,第1年,income_statement,销售收入,0.0,src_db71d98a0a37,origin data/VPD-OE_Agent_20260709/VPD-OE_Agent/data/raw/ZY/ZY08.xls,三张报表,D16,16
historical_600_unknown_rule,ZY08,2,第2年,income_statement,销售收入,526.0,src_db71d98a0a37,origin data/VPD-OE_Agent_20260709/VPD-OE_Agent/data/raw/ZY/ZY08.xls,三张报表,E16,16
historical_600_unknown_rule,ZY08,3,第3年,income_statement,销售收入,1162.0,src_db71d98a0a37,origin data/VPD-OE_Agent_20260709/VPD-OE_Agent/data/raw/ZY/ZY08.xls,三张报表,F16,16
historical_600_unknown_rule,ZY08,4,第4年,income_statement,销售收入,963.0,src_db71d98a0a37,origin data/VPD-OE_Agent_20260709/VPD-OE_Agent/data/raw/ZY/ZY08.xls,三张报表,G16,16
historical_600_unknown_rule,ZY08,5,第5年,income_statement,销售收入,1659.0,src_db71d98a0a37,origin data/VPD-OE_Agent_20260709/VPD-OE_Agent/data/raw/ZY/ZY08.xls,三张报表,H16,16
historical_600_unknown_rule,ZY08,0,初始元年,income_statement,直接成本,0.0,src_db71d98a0a37,origin data/VPD-OE_Agent_20260709/VPD-OE_Agent/data/raw/ZY/ZY08.xls,三张报表,C17,17
historical_600_unknown_rule,ZY08,1,第1年,income_statement,直接成本,0.0,src_db71d98a0a37,origin data/VPD-OE_Agent_20260709/VPD-OE_Agent/data/raw/ZY/ZY08.xls,三张报表,D17,17
historical_600_unknown_rule,ZY08,2,第2年,income_statement,直接成本,220.0,src_db71d98a0a37,origin data/VPD-OE_Agent_20260709/VPD-OE_Agent/data/raw/ZY/ZY08.xls,三张报表,E17,17
historical_600_unknown_rule,ZY08,3,第3年,income_statement,直接成本,510.0,src_db71d98a0a37,origin data/VPD-OE_Agent_20260709/VPD-OE_Agent/data/raw/ZY/ZY08.xls,三张报表,F17,17
historical_600_unknown_rule,ZY08,4,第4年,income_statement,直接成本,440.0,src_db71d98a0a37,origin data/VPD-OE_Agent_20260709/VPD-OE_Agent/data/raw/ZY/ZY08.xls,三张报表,G17,17
historical_600_unknown_rule,ZY08,5,第5年,income_statement,直接成本,830.0,src_db71d98a0a37,origin data/VPD-OE_Agent_20260709/VPD-OE_Agent/data/raw/ZY/ZY08.xls,三张报表,H17,17
historical_600_unknown_rule,ZY08,0,初始元年,income_statement,毛利,0.0,src_db71d98a0a37,origin data/VPD-OE_Agent_20260709/VPD-OE_Agent/data/raw/ZY/ZY08.xls,三张报表,C18,18
historical_600_unknown_rule,ZY08,1,第1年,income_statement,毛利,0.0,src_db71d98a0a37,origin data/VPD-OE_Agent_20260709/VPD-OE_Agent/data/raw/ZY/ZY08.xls,三张报表,D18,18
historical_600_unknown_rule,ZY08,2,第2年,income_statement,毛利,306.0,src_db71d98a0a37,origin data/VPD-OE_Agent_20260709/VPD-OE_Agent/data/raw/ZY/ZY08.xls,三张报表,E18,18
historical_600_unknown_rule,ZY08,3,第3年,income_statement,毛利,652.0,src_db71d98a0a37,origin data/VPD-OE_Agent_20260709/VPD-OE_Agent/data/raw/ZY/ZY08.xls,三张报表,F18,18
historical_600_unknown_rule,ZY08,4,第4年,income_statement,毛利,523.0,src_db71d98a0a37,origin data/VPD-OE_Agent_20260709/VPD-OE_Agent/data/raw/ZY/ZY08.xls,三张报表,G18,18
historical_600_unknown_rule,ZY08,5,第5年,income_statement,毛利,829.0,src_db71d98a0a37,origin data/VPD-OE_Agent_20260709/VPD-OE_Agent/data/raw/ZY/ZY08.xls,三张报表,H18,18
historical_600_unknown_rule,ZY08,0,初始元年,income_statement,综合费用,0.0,src_db71d98a0a37,origin data/VPD-OE_Agent_20260709/VPD-OE_Agent/data/raw/ZY/ZY08.xls,三张报表,C19,19
historical_600_unknown_rule,ZY08,1,第1年,income_statement,综合费用,170.0,src_db71d98a0a37,origin data/VPD-OE_Agent_20260709/VPD-OE_Agent/data/raw/ZY/ZY08.xls,三张报表,D19,19
historical_600_unknown_rule,ZY08,2,第2年,income_statement,综合费用,190.0,src_db71d98a0a37,origin data/VPD-OE_Agent_20260709/VPD-OE_Agent/data/raw/ZY/ZY08.xls,三张报表,E19,19
historical_600_unknown_rule,ZY08,3,第3年,income_statement,综合费用,290.0,src_db71d98a0a37,origin data/VPD-OE_Agent_20260709/VPD-OE_Agent/data/raw/ZY/ZY08.xls,三张报表,F19,19
historical_600_unknown_rule,ZY08,4,第4年,income_statement,综合费用,222.0,src_db71d98a0a37,origin data/VPD-OE_Agent_20260709/VPD-OE_Agent/data/raw/ZY/ZY08.xls,三张报表,G19,19
historical_600_unknown_rule,ZY08,5,第5年,income_statement,综合费用,359.0,src_db71d98a0a37,origin data/VPD-OE_Agent_20260709/VPD-OE_Agent/data/raw/ZY/ZY08.xls,三张报表,H19,19
historical_600_unknown_rule,ZY08,0,初始元年,income_statement,折旧前利润,0.0,src_db71d98a0a37,origin data/VPD-OE_Agent_20260709/VPD-OE_Agent/data/raw/ZY/ZY08.xls,三张报表,C20,20
historical_600_unknown_rule,ZY08,1,第1年,income_statement,折旧前利润,-170.0,src_db71d98a0a37,origin data/VPD-OE_Agent_20260709/VPD-OE_Agent/data/raw/ZY/ZY08.xls,三张报表,D20,20
historical_600_unknown_rule,ZY08,2,第2年,income_statement,折旧前利润,116.0,src_db71d98a0a37,origin data/VPD-OE_Agent_20260709/VPD-OE_Agent/data/raw/ZY/ZY08.xls,三张报表,E20,20
historical_600_unknown_rule,ZY08,3,第3年,income_statement,折旧前利润,362.0,src_db71d98a0a37,origin data/VPD-OE_Agent_20260709/VPD-OE_Agent/data/raw/ZY/ZY08.xls,三张报表,F20,20
historical_600_unknown_rule,ZY08,4,第4年,income_statement,折旧前利润,301.0,src_db71d98a0a37,origin data/VPD-OE_Agent_20260709/VPD-OE_Agent/data/raw/ZY/ZY08.xls,三张报表,G20,20
historical_600_unknown_rule,ZY08,5,第5年,income_statement,折旧前利润,470.0,src_db71d98a0a37,origin data/VPD-OE_Agent_20260709/VPD-OE_Agent/data/raw/ZY/ZY08.xls,三张报表,H20,20
historical_600_unknown_rule,ZY08,0,初始元年,income_statement,折旧,0.0,src_db71d98a0a37,origin data/VPD-OE_Agent_20260709/VPD-OE_Agent/data/raw/ZY/ZY08.xls,三张报表,C21,21
historical_600_unknown_rule,ZY08,1,第1年,income_statement,折旧,0.0,src_db71d98a0a37,origin data/VPD-OE_Agent_20260709/VPD-OE_Agent/data/raw/ZY/ZY08.xls,三张报表,D21,21
historical_600_unknown_rule,ZY08,2,第2年,income_statement,折旧,0.0,src_db71d98a0a37,origin data/VPD-OE_Agent_20260709/VPD-OE_Agent/data/raw/ZY/ZY08.xls,三张报表,E21,21
historical_600_unknown_rule,ZY08,3,第3年,income_statement,折旧,90.0,src_db71d98a0a37,origin data/VPD-OE_Agent_20260709/VPD-OE_Agent/data/raw/ZY/ZY08.xls,三张报表,F21,21
historical_600_unknown_rule,ZY08,4,第4年,income_statement,折旧,120.0,src_db71d98a0a37,origin data/VPD-OE_Agent_20260709/VPD-OE_Agent/data/raw/ZY/ZY08.xls,三张报表,G21,21
historical_600_unknown_rule,ZY08,5,第5年,income_statement,折旧,120.0,src_db71d98a0a37,origin data/VPD-OE_Agent_20260709/VPD-OE_Agent/data/raw/ZY/ZY08.xls,三张报表,H21,21
historical_600_unknown_rule,ZY08,0,初始元年,income_statement,支付利息前利润,0.0,src_db71d98a0a37,origin data/VPD-OE_Agent_20260709/VPD-OE_Agent/data/raw/ZY/ZY08.xls,三张报表,C22,22
historical_600_unknown_rule,ZY08,1,第1年,income_statement,支付利息前利润,-170.0,src_db71d98a0a37,origin data/VPD-OE_Agent_20260709/VPD-OE_Agent/data/raw/ZY/ZY08.xls,三张报表,D22,22
historical_600_unknown_rule,ZY08,2,第2年,income_statement,支付利息前利润,116.0,src_db71d98a0a37,origin data/VPD-OE_Agent_20260709/VPD-OE_Agent/data/raw/ZY/ZY08.xls,三张报表,E22,22
historical_600_unknown_rule,ZY08,3,第3年,income_statement,支付利息前利润,272.0,src_db71d98a0a37,origin data/VPD-OE_Agent_20260709/VPD-OE_Agent/data/raw/ZY/ZY08.xls,三张报表,F22,22
historical_600_unknown_rule,ZY08,4,第4年,income_statement,支付利息前利润,181.0,src_db71d98a0a37,origin data/VPD-OE_Agent_20260709/VPD-OE_Agent/data/raw/ZY/ZY08.xls,三张报表,G22,22
historical_600_unknown_rule,ZY08,5,第5年,income_statement,支付利息前利润,350.0,src_db71d98a0a37,origin data/VPD-OE_Agent_20260709/VPD-OE_Agent/data/raw/ZY/ZY08.xls,三张报表,H22,22
historical_600_unknown_rule,ZY08,0,初始元年,income_statement,财务费用,0.0,src_db71d98a0a37,origin data/VPD-OE_Agent_20260709/VPD-OE_Agent/data/raw/ZY/ZY08.xls,三张报表,C23,23
historical_600_unknown_rule,ZY08,1,第1年,income_statement,财务费用,0.0,src_db71d98a0a37,origin data/VPD-OE_Agent_20260709/VPD-OE_Agent/data/raw/ZY/ZY08.xls,三张报表,D23,23
historical_600_unknown_rule,ZY08,2,第2年,income_statement,财务费用,10.0,src_db71d98a0a37,origin data/VPD-OE_Agent_20260709/VPD-OE_Agent/data/raw/ZY/ZY08.xls,三张报表,E23,23
historical_600_unknown_rule,ZY08,3,第3年,income_statement,财务费用,100.0,src_db71d98a0a37,origin data/VPD-OE_Agent_20260709/VPD-OE_Agent/data/raw/ZY/ZY08.xls,三张报表,F23,23
historical_600_unknown_rule,ZY08,4,第4年,income_statement,财务费用,103.0,src_db71d98a0a37,origin data/VPD-OE_Agent_20260709/VPD-OE_Agent/data/raw/ZY/ZY08.xls,三张报表,G23,23
historical_600_unknown_rule,ZY08,5,第5年,income_statement,财务费用,108.0,src_db71d98a0a37,origin data/VPD-OE_Agent_20260709/VPD-OE_Agent/data/raw/ZY/ZY08.xls,三张报表,H23,23
historical_600_unknown_rule,ZY08,0,初始元年,income_statement,税前利润,0.0,src_db71d98a0a37,origin data/VPD-OE_Agent_20260709/VPD-OE_Agent/data/raw/ZY/ZY08.xls,三张报表,C24,24
historical_600_unknown_rule,ZY08,1,第1年,income_statement,税前利润,-170.0,src_db71d98a0a37,origin data/VPD-OE_Agent_20260709/VPD-OE_Agent/data/raw/ZY/ZY08.xls,三张报表,D24,24
historical_600_unknown_rule,ZY08,2,第2年,income_statement,税前利润,106.0,src_db71d98a0a37,origin data/VPD-OE_Agent_20260709/VPD-OE_Agent/data/raw/ZY/ZY08.xls,三张报表,E24,24
historical_600_unknown_rule,ZY08,3,第3年,income_statement,税前利润,172.0,src_db71d98a0a37,origin data/VPD-OE_Agent_20260709/VPD-OE_Agent/data/raw/ZY/ZY08.xls,三张报表,F24,24
historical_600_unknown_rule,ZY08,4,第4年,income_statement,税前利润,78.0,src_db71d98a0a37,origin data/VPD-OE_Agent_20260709/VPD-OE_Agent/data/raw/ZY/ZY08.xls,三张报表,G24,24
historical_600_unknown_rule,ZY08,5,第5年,income_statement,税前利润,242.0,src_db71d98a0a37,origin data/VPD-OE_Agent_20260709/VPD-OE_Agent/data/raw/ZY/ZY08.xls,三张报表,H24,24
historical_600_unknown_rule,ZY08,0,初始元年,income_statement,所得税,0.0,src_db71d98a0a37,origin data/VPD-OE_Agent_20260709/VPD-OE_Agent/data/raw/ZY/ZY08.xls,三张报表,C25,25
historical_600_unknown_rule,ZY08,1,第1年,income_statement,所得税,0.0,src_db71d98a0a37,origin data/VPD-OE_Agent_20260709/VPD-OE_Agent/data/raw/ZY/ZY08.xls,三张报表,D25,25
historical_600_unknown_rule,ZY08,2,第2年,income_statement,所得税,0.0,src_db71d98a0a37,origin data/VPD-OE_Agent_20260709/VPD-OE_Agent/data/raw/ZY/ZY08.xls,三张报表,E25,25
historical_600_unknown_rule,ZY08,3,第3年,income_statement,所得税,27.0,src_db71d98a0a37,origin data/VPD-OE_Agent_20260709/VPD-OE_Agent/data/raw/ZY/ZY08.xls,三张报表,F25,25
historical_600_unknown_rule,ZY08,4,第4年,income_statement,所得税,20.0,src_db71d98a0a37,origin data/VPD-OE_Agent_20260709/VPD-OE_Agent/data/raw/ZY/ZY08.xls,三张报表,G25,25
historical_600_unknown_rule,ZY08,5,第5年,income_statement,所得税,61.0,src_db71d98a0a37,origin data/VPD-OE_Agent_20260709/VPD-OE_Agent/data/raw/ZY/ZY08.xls,三张报表,H25,25
historical_600_unknown_rule,ZY08,0,初始元年,income_statement,年度净利润,0.0,src_db71d98a0a37,origin data/VPD-OE_Agent_20260709/VPD-OE_Agent/data/raw/ZY/ZY08.xls,三张报表,C26,26
historical_600_unknown_rule,ZY08,1,第1年,income_statement,年度净利润,-170.0,src_db71d98a0a37,origin data/VPD-OE_Agent_20260709/VPD-OE_Agent/data/raw/ZY/ZY08.xls,三张报表,D26,26
historical_600_unknown_rule,ZY08,2,第2年,income_statement,年度净利润,106.0,src_db71d98a0a37,origin data/VPD-OE_Agent_20260709/VPD-OE_Agent/data/raw/ZY/ZY08.xls,三张报表,E26,26
historical_600_unknown_rule,ZY08,3,第3年,income_statement,年度净利润,145.0,src_db71d98a0a37,origin data/VPD-OE_Agent_20260709/VPD-OE_Agent/data/raw/ZY/ZY08.xls,三张报表,F26,26
historical_600_unknown_rule,ZY08,4,第4年,income_statement,年度净利润,58.0,src_db71d98a0a37,origin data/VPD-OE_Agent_20260709/VPD-OE_Agent/data/raw/ZY/ZY08.xls,三张报表,G26,26
historical_600_unknown_rule,ZY08,5,第5年,income_statement,年度净利润,181.0,src_db71d98a0a37,origin data/VPD-OE_Agent_20260709/VPD-OE_Agent/data/raw/ZY/ZY08.xls,三张报表,H26,26
historical_600_unknown_rule,ZY08,0,初始元年,balance_sheet,现金,600.0,src_db71d98a0a37,origin data/VPD-OE_Agent_20260709/VPD-OE_Agent/data/raw/ZY/ZY08.xls,三张报表,C30,30
historical_600_unknown_rule,ZY08,1,第1年,balance_sheet,现金,188.0,src_db71d98a0a37,origin data/VPD-OE_Agent_20260709/VPD-OE_Agent/data/raw/ZY/ZY08.xls,三张报表,D30,30
historical_600_unknown_rule,ZY08,2,第2年,balance_sheet,现金,324.0,src_db71d98a0a37,origin data/VPD-OE_Agent_20260709/VPD-OE_Agent/data/raw/ZY/ZY08.xls,三张报表,E30,30
historical_600_unknown_rule,ZY08,3,第3年,balance_sheet,现金,250.0,src_db71d98a0a37,origin data/VPD-OE_Agent_20260709/VPD-OE_Agent/data/raw/ZY/ZY08.xls,三张报表,F30,30
historical_600_unknown_rule,ZY08,4,第4年,balance_sheet,现金,598.0,src_db71d98a0a37,origin data/VPD-OE_Agent_20260709/VPD-OE_Agent/data/raw/ZY/ZY08.xls,三张报表,G30,30
historical_600_unknown_rule,ZY08,5,第5年,balance_sheet,现金,4.0,src_db71d98a0a37,origin data/VPD-OE_Agent_20260709/VPD-OE_Agent/data/raw/ZY/ZY08.xls,三张报表,H30,30
historical_600_unknown_rule,ZY08,0,初始元年,balance_sheet,应收款,0.0,src_db71d98a0a37,origin data/VPD-OE_Agent_20260709/VPD-OE_Agent/data/raw/ZY/ZY08.xls,三张报表,C31,31
historical_600_unknown_rule,ZY08,1,第1年,balance_sheet,应收款,0.0,src_db71d98a0a37,origin data/VPD-OE_Agent_20260709/VPD-OE_Agent/data/raw/ZY/ZY08.xls,三张报表,D31,31
historical_600_unknown_rule,ZY08,2,第2年,balance_sheet,应收款,526.0,src_db71d98a0a37,origin data/VPD-OE_Agent_20260709/VPD-OE_Agent/data/raw/ZY/ZY08.xls,三张报表,E31,31
historical_600_unknown_rule,ZY08,3,第3年,balance_sheet,应收款,880.0,src_db71d98a0a37,origin data/VPD-OE_Agent_20260709/VPD-OE_Agent/data/raw/ZY/ZY08.xls,三张报表,F31,31
historical_600_unknown_rule,ZY08,4,第4年,balance_sheet,应收款,583.0,src_db71d98a0a37,origin data/VPD-OE_Agent_20260709/VPD-OE_Agent/data/raw/ZY/ZY08.xls,三张报表,G31,31
historical_600_unknown_rule,ZY08,5,第5年,balance_sheet,应收款,1659.0,src_db71d98a0a37,origin data/VPD-OE_Agent_20260709/VPD-OE_Agent/data/raw/ZY/ZY08.xls,三张报表,H31,31
historical_600_unknown_rule,ZY08,0,初始元年,balance_sheet,在制品,0.0,src_db71d98a0a37,origin data/VPD-OE_Agent_20260709/VPD-OE_Agent/data/raw/ZY/ZY08.xls,三张报表,C32,32
historical_600_unknown_rule,ZY08,1,第1年,balance_sheet,在制品,0.0,src_db71d98a0a37,origin data/VPD-OE_Agent_20260709/VPD-OE_Agent/data/raw/ZY/ZY08.xls,三张报表,D32,32
historical_600_unknown_rule,ZY08,2,第2年,balance_sheet,在制品,90.0,src_db71d98a0a37,origin data/VPD-OE_Agent_20260709/VPD-OE_Agent/data/raw/ZY/ZY08.xls,三张报表,E32,32
historical_600_unknown_rule,ZY08,3,第3年,balance_sheet,在制品,140.0,src_db71d98a0a37,origin data/VPD-OE_Agent_20260709/VPD-OE_Agent/data/raw/ZY/ZY08.xls,三张报表,F32,32
historical_600_unknown_rule,ZY08,4,第4年,balance_sheet,在制品,140.0,src_db71d98a0a37,origin data/VPD-OE_Agent_20260709/VPD-OE_Agent/data/raw/ZY/ZY08.xls,三张报表,G32,32
historical_600_unknown_rule,ZY08,5,第5年,balance_sheet,在制品,0.0,src_db71d98a0a37,origin data/VPD-OE_Agent_20260709/VPD-OE_Agent/data/raw/ZY/ZY08.xls,三张报表,H32,32
historical_600_unknown_rule,ZY08,0,初始元年,balance_sheet,产成品,0.0,src_db71d98a0a37,origin data/VPD-OE_Agent_20260709/VPD-OE_Agent/data/raw/ZY/ZY08.xls,三张报表,C33,33
historical_600_unknown_rule,ZY08,1,第1年,balance_sheet,产成品,0.0,src_db71d98a0a37,origin data/VPD-OE_Agent_20260709/VPD-OE_Agent/data/raw/ZY/ZY08.xls,三张报表,D33,33
historical_600_unknown_rule,ZY08,2,第2年,balance_sheet,产成品,0.0,src_db71d98a0a37,origin data/VPD-OE_Agent_20260709/VPD-OE_Agent/data/raw/ZY/ZY08.xls,三张报表,E33,33
historical_600_unknown_rule,ZY08,3,第3年,balance_sheet,产成品,0.0,src_db71d98a0a37,origin data/VPD-OE_Agent_20260709/VPD-OE_Agent/data/raw/ZY/ZY08.xls,三张报表,F33,33
historical_600_unknown_rule,ZY08,4,第4年,balance_sheet,产成品,120.0,src_db71d98a0a37,origin data/VPD-OE_Agent_20260709/VPD-OE_Agent/data/raw/ZY/ZY08.xls,三张报表,G33,33
historical_600_unknown_rule,ZY08,5,第5年,balance_sheet,产成品,0.0,src_db71d98a0a37,origin data/VPD-OE_Agent_20260709/VPD-OE_Agent/data/raw/ZY/ZY08.xls,三张报表,H33,33
historical_600_unknown_rule,ZY08,0,初始元年,balance_sheet,原料,0.0,src_db71d98a0a37,origin data/VPD-OE_Agent_20260709/VPD-OE_Agent/data/raw/ZY/ZY08.xls,三张报表,C34,34
historical_600_unknown_rule,ZY08,1,第1年,balance_sheet,原料,0.0,src_db71d98a0a37,origin data/VPD-OE_Agent_20260709/VPD-OE_Agent/data/raw/ZY/ZY08.xls,三张报表,D34,34
historical_600_unknown_rule,ZY08,2,第2年,balance_sheet,原料,0.0,src_db71d98a0a37,origin data/VPD-OE_Agent_20260709/VPD-OE_Agent/data/raw/ZY/ZY08.xls,三张报表,E34,34
historical_600_unknown_rule,ZY08,3,第3年,balance_sheet,原料,0.0,src_db71d98a0a37,origin data/VPD-OE_Agent_20260709/VPD-OE_Agent/data/raw/ZY/ZY08.xls,三张报表,F34,34
historical_600_unknown_rule,ZY08,4,第4年,balance_sheet,原料,0.0,src_db71d98a0a37,origin data/VPD-OE_Agent_20260709/VPD-OE_Agent/data/raw/ZY/ZY08.xls,三张报表,G34,34
historical_600_unknown_rule,ZY08,5,第5年,balance_sheet,原料,0.0,src_db71d98a0a37,origin data/VPD-OE_Agent_20260709/VPD-OE_Agent/data/raw/ZY/ZY08.xls,三张报表,H34,34
historical_600_unknown_rule,ZY08,0,初始元年,balance_sheet,流动资产合计,600.0,src_db71d98a0a37,origin data/VPD-OE_Agent_20260709/VPD-OE_Agent/data/raw/ZY/ZY08.xls,三张报表,C35,35
historical_600_unknown_rule,ZY08,1,第1年,balance_sheet,流动资产合计,188.0,src_db71d98a0a37,origin data/VPD-OE_Agent_20260709/VPD-OE_Agent/data/raw/ZY/ZY08.xls,三张报表,D35,35
historical_600_unknown_rule,ZY08,2,第2年,balance_sheet,流动资产合计,940.0,src_db71d98a0a37,origin data/VPD-OE_Agent_20260709/VPD-OE_Agent/data/raw/ZY/ZY08.xls,三张报表,E35,35
historical_600_unknown_rule,ZY08,3,第3年,balance_sheet,流动资产合计,1270.0,src_db71d98a0a37,origin data/VPD-OE_Agent_20260709/VPD-OE_Agent/data/raw/ZY/ZY08.xls,三张报表,F35,35
historical_600_unknown_rule,ZY08,4,第4年,balance_sheet,流动资产合计,1441.0,src_db71d98a0a37,origin data/VPD-OE_Agent_20260709/VPD-OE_Agent/data/raw/ZY/ZY08.xls,三张报表,G35,35
historical_600_unknown_rule,ZY08,5,第5年,balance_sheet,流动资产合计,1663.0,src_db71d98a0a37,origin data/VPD-OE_Agent_20260709/VPD-OE_Agent/data/raw/ZY/ZY08.xls,三张报表,H35,35
historical_600_unknown_rule,ZY08,0,初始元年,balance_sheet,厂房,0.0,src_db71d98a0a37,origin data/VPD-OE_Agent_20260709/VPD-OE_Agent/data/raw/ZY/ZY08.xls,三张报表,C36,36
historical_600_unknown_rule,ZY08,1,第1年,balance_sheet,厂房,0.0,src_db71d98a0a37,origin data/VPD-OE_Agent_20260709/VPD-OE_Agent/data/raw/ZY/ZY08.xls,三张报表,D36,36
historical_600_unknown_rule,ZY08,2,第2年,balance_sheet,厂房,0.0,src_db71d98a0a37,origin data/VPD-OE_Agent_20260709/VPD-OE_Agent/data/raw/ZY/ZY08.xls,三张报表,E36,36
historical_600_unknown_rule,ZY08,3,第3年,balance_sheet,厂房,0.0,src_db71d98a0a37,origin data/VPD-OE_Agent_20260709/VPD-OE_Agent/data/raw/ZY/ZY08.xls,三张报表,F36,36
historical_600_unknown_rule,ZY08,4,第4年,balance_sheet,厂房,0.0,src_db71d98a0a37,origin data/VPD-OE_Agent_20260709/VPD-OE_Agent/data/raw/ZY/ZY08.xls,三张报表,G36,36
historical_600_unknown_rule,ZY08,5,第5年,balance_sheet,厂房,500.0,src_db71d98a0a37,origin data/VPD-OE_Agent_20260709/VPD-OE_Agent/data/raw/ZY/ZY08.xls,三张报表,H36,36
historical_600_unknown_rule,ZY08,0,初始元年,balance_sheet,机器设备,0.0,src_db71d98a0a37,origin data/VPD-OE_Agent_20260709/VPD-OE_Agent/data/raw/ZY/ZY08.xls,三张报表,C37,37
historical_600_unknown_rule,ZY08,1,第1年,balance_sheet,机器设备,0.0,src_db71d98a0a37,origin data/VPD-OE_Agent_20260709/VPD-OE_Agent/data/raw/ZY/ZY08.xls,三张报表,D37,37
historical_600_unknown_rule,ZY08,2,第2年,balance_sheet,机器设备,450.0,src_db71d98a0a37,origin data/VPD-OE_Agent_20260709/VPD-OE_Agent/data/raw/ZY/ZY08.xls,三张报表,E37,37
historical_600_unknown_rule,ZY08,3,第3年,balance_sheet,机器设备,510.0,src_db71d98a0a37,origin data/VPD-OE_Agent_20260709/VPD-OE_Agent/data/raw/ZY/ZY08.xls,三张报表,F37,37
historical_600_unknown_rule,ZY08,4,第4年,balance_sheet,机器设备,390.0,src_db71d98a0a37,origin data/VPD-OE_Agent_20260709/VPD-OE_Agent/data/raw/ZY/ZY08.xls,三张报表,G37,37
historical_600_unknown_rule,ZY08,5,第5年,balance_sheet,机器设备,520.0,src_db71d98a0a37,origin data/VPD-OE_Agent_20260709/VPD-OE_Agent/data/raw/ZY/ZY08.xls,三张报表,H37,37
historical_600_unknown_rule,ZY08,0,初始元年,balance_sheet,在建工程,0.0,src_db71d98a0a37,origin data/VPD-OE_Agent_20260709/VPD-OE_Agent/data/raw/ZY/ZY08.xls,三张报表,C38,38
historical_600_unknown_rule,ZY08,1,第1年,balance_sheet,在建工程,450.0,src_db71d98a0a37,origin data/VPD-OE_Agent_20260709/VPD-OE_Agent/data/raw/ZY/ZY08.xls,三张报表,D38,38
historical_600_unknown_rule,ZY08,2,第2年,balance_sheet,在建工程,150.0,src_db71d98a0a37,origin data/VPD-OE_Agent_20260709/VPD-OE_Agent/data/raw/ZY/ZY08.xls,三张报表,E38,38
historical_600_unknown_rule,ZY08,3,第3年,balance_sheet,在建工程,0.0,src_db71d98a0a37,origin data/VPD-OE_Agent_20260709/VPD-OE_Agent/data/raw/ZY/ZY08.xls,三张报表,F38,38
historical_600_unknown_rule,ZY08,4,第4年,balance_sheet,在建工程,100.0,src_db71d98a0a37,origin data/VPD-OE_Agent_20260709/VPD-OE_Agent/data/raw/ZY/ZY08.xls,三张报表,G38,38
historical_600_unknown_rule,ZY08,5,第5年,balance_sheet,在建工程,0.0,src_db71d98a0a37,origin data/VPD-OE_Agent_20260709/VPD-OE_Agent/data/raw/ZY/ZY08.xls,三张报表,H38,38
historical_600_unknown_rule,ZY08,0,初始元年,balance_sheet,固定资产合计,0.0,src_db71d98a0a37,origin data/VPD-OE_Agent_20260709/VPD-OE_Agent/data/raw/ZY/ZY08.xls,三张报表,C39,39
historical_600_unknown_rule,ZY08,1,第1年,balance_sheet,固定资产合计,450.0,src_db71d98a0a37,origin data/VPD-OE_Agent_20260709/VPD-OE_Agent/data/raw/ZY/ZY08.xls,三张报表,D39,39
historical_600_unknown_rule,ZY08,2,第2年,balance_sheet,固定资产合计,600.0,src_db71d98a0a37,origin data/VPD-OE_Agent_20260709/VPD-OE_Agent/data/raw/ZY/ZY08.xls,三张报表,E39,39
historical_600_unknown_rule,ZY08,3,第3年,balance_sheet,固定资产合计,510.0,src_db71d98a0a37,origin data/VPD-OE_Agent_20260709/VPD-OE_Agent/data/raw/ZY/ZY08.xls,三张报表,F39,39
historical_600_unknown_rule,ZY08,4,第4年,balance_sheet,固定资产合计,490.0,src_db71d98a0a37,origin data/VPD-OE_Agent_20260709/VPD-OE_Agent/data/raw/ZY/ZY08.xls,三张报表,G39,39
historical_600_unknown_rule,ZY08,5,第5年,balance_sheet,固定资产合计,1020.0,src_db71d98a0a37,origin data/VPD-OE_Agent_20260709/VPD-OE_Agent/data/raw/ZY/ZY08.xls,三张报表,H39,39
historical_600_unknown_rule,ZY08,0,初始元年,balance_sheet,资产总计,600.0,src_db71d98a0a37,origin data/VPD-OE_Agent_20260709/VPD-OE_Agent/data/raw/ZY/ZY08.xls,三张报表,C40,40
historical_600_unknown_rule,ZY08,1,第1年,balance_sheet,资产总计,638.0,src_db71d98a0a37,origin data/VPD-OE_Agent_20260709/VPD-OE_Agent/data/raw/ZY/ZY08.xls,三张报表,D40,40
historical_600_unknown_rule,ZY08,2,第2年,balance_sheet,资产总计,1540.0,src_db71d98a0a37,origin data/VPD-OE_Agent_20260709/VPD-OE_Agent/data/raw/ZY/ZY08.xls,三张报表,E40,40
historical_600_unknown_rule,ZY08,3,第3年,balance_sheet,资产总计,1780.0,src_db71d98a0a37,origin data/VPD-OE_Agent_20260709/VPD-OE_Agent/data/raw/ZY/ZY08.xls,三张报表,F40,40
historical_600_unknown_rule,ZY08,4,第4年,balance_sheet,资产总计,1931.0,src_db71d98a0a37,origin data/VPD-OE_Agent_20260709/VPD-OE_Agent/data/raw/ZY/ZY08.xls,三张报表,G40,40
historical_600_unknown_rule,ZY08,5,第5年,balance_sheet,资产总计,2683.0,src_db71d98a0a37,origin data/VPD-OE_Agent_20260709/VPD-OE_Agent/data/raw/ZY/ZY08.xls,三张报表,H40,40
historical_600_unknown_rule,ZY08,0,初始元年,balance_sheet,长期贷款,0.0,src_db71d98a0a37,origin data/VPD-OE_Agent_20260709/VPD-OE_Agent/data/raw/ZY/ZY08.xls,三张报表,C41,41
historical_600_unknown_rule,ZY08,1,第1年,balance_sheet,长期贷款,0.0,src_db71d98a0a37,origin data/VPD-OE_Agent_20260709/VPD-OE_Agent/data/raw/ZY/ZY08.xls,三张报表,D41,41
historical_600_unknown_rule,ZY08,2,第2年,balance_sheet,长期贷款,1004.0,src_db71d98a0a37,origin data/VPD-OE_Agent_20260709/VPD-OE_Agent/data/raw/ZY/ZY08.xls,三张报表,E41,41
historical_600_unknown_rule,ZY08,3,第3年,balance_sheet,长期贷款,1004.0,src_db71d98a0a37,origin data/VPD-OE_Agent_20260709/VPD-OE_Agent/data/raw/ZY/ZY08.xls,三张报表,F41,41
historical_600_unknown_rule,ZY08,4,第4年,balance_sheet,长期贷款,1004.0,src_db71d98a0a37,origin data/VPD-OE_Agent_20260709/VPD-OE_Agent/data/raw/ZY/ZY08.xls,三张报表,G41,41
historical_600_unknown_rule,ZY08,5,第5年,balance_sheet,长期贷款,1004.0,src_db71d98a0a37,origin data/VPD-OE_Agent_20260709/VPD-OE_Agent/data/raw/ZY/ZY08.xls,三张报表,H41,41
historical_600_unknown_rule,ZY08,0,初始元年,balance_sheet,短期贷款,0.0,src_db71d98a0a37,origin data/VPD-OE_Agent_20260709/VPD-OE_Agent/data/raw/ZY/ZY08.xls,三张报表,C42,42
historical_600_unknown_rule,ZY08,1,第1年,balance_sheet,短期贷款,208.0,src_db71d98a0a37,origin data/VPD-OE_Agent_20260709/VPD-OE_Agent/data/raw/ZY/ZY08.xls,三张报表,D42,42
historical_600_unknown_rule,ZY08,2,第2年,balance_sheet,短期贷款,0.0,src_db71d98a0a37,origin data/VPD-OE_Agent_20260709/VPD-OE_Agent/data/raw/ZY/ZY08.xls,三张报表,E42,42
historical_600_unknown_rule,ZY08,3,第3年,balance_sheet,短期贷款,68.0,src_db71d98a0a37,origin data/VPD-OE_Agent_20260709/VPD-OE_Agent/data/raw/ZY/ZY08.xls,三张报表,F42,42
historical_600_unknown_rule,ZY08,4,第4年,balance_sheet,短期贷款,168.0,src_db71d98a0a37,origin data/VPD-OE_Agent_20260709/VPD-OE_Agent/data/raw/ZY/ZY08.xls,三张报表,G42,42
historical_600_unknown_rule,ZY08,5,第5年,balance_sheet,短期贷款,698.0,src_db71d98a0a37,origin data/VPD-OE_Agent_20260709/VPD-OE_Agent/data/raw/ZY/ZY08.xls,三张报表,H42,42
historical_600_unknown_rule,ZY08,0,初始元年,balance_sheet,特别贷款,0.0,src_db71d98a0a37,origin data/VPD-OE_Agent_20260709/VPD-OE_Agent/data/raw/ZY/ZY08.xls,三张报表,C43,43
historical_600_unknown_rule,ZY08,1,第1年,balance_sheet,特别贷款,0.0,src_db71d98a0a37,origin data/VPD-OE_Agent_20260709/VPD-OE_Agent/data/raw/ZY/ZY08.xls,三张报表,D43,43
historical_600_unknown_rule,ZY08,2,第2年,balance_sheet,特别贷款,0.0,src_db71d98a0a37,origin data/VPD-OE_Agent_20260709/VPD-OE_Agent/data/raw/ZY/ZY08.xls,三张报表,E43,43
historical_600_unknown_rule,ZY08,3,第3年,balance_sheet,特别贷款,0.0,src_db71d98a0a37,origin data/VPD-OE_Agent_20260709/VPD-OE_Agent/data/raw/ZY/ZY08.xls,三张报表,F43,43
historical_600_unknown_rule,ZY08,4,第4年,balance_sheet,特别贷款,0.0,src_db71d98a0a37,origin data/VPD-OE_Agent_20260709/VPD-OE_Agent/data/raw/ZY/ZY08.xls,三张报表,G43,43
historical_600_unknown_rule,ZY08,5,第5年,balance_sheet,特别贷款,0.0,src_db71d98a0a37,origin data/VPD-OE_Agent_20260709/VPD-OE_Agent/data/raw/ZY/ZY08.xls,三张报表,H43,43
historical_600_unknown_rule,ZY08,0,初始元年,balance_sheet,所得税,0.0,src_db71d98a0a37,origin data/VPD-OE_Agent_20260709/VPD-OE_Agent/data/raw/ZY/ZY08.xls,三张报表,C44,44
historical_600_unknown_rule,ZY08,1,第1年,balance_sheet,所得税,0.0,src_db71d98a0a37,origin data/VPD-OE_Agent_20260709/VPD-OE_Agent/data/raw/ZY/ZY08.xls,三张报表,D44,44
historical_600_unknown_rule,ZY08,2,第2年,balance_sheet,所得税,0.0,src_db71d98a0a37,origin data/VPD-OE_Agent_20260709/VPD-OE_Agent/data/raw/ZY/ZY08.xls,三张报表,E44,44
historical_600_unknown_rule,ZY08,3,第3年,balance_sheet,所得税,27.0,src_db71d98a0a37,origin data/VPD-OE_Agent_20260709/VPD-OE_Agent/data/raw/ZY/ZY08.xls,三张报表,F44,44
historical_600_unknown_rule,ZY08,4,第4年,balance_sheet,所得税,20.0,src_db71d98a0a37,origin data/VPD-OE_Agent_20260709/VPD-OE_Agent/data/raw/ZY/ZY08.xls,三张报表,G44,44
historical_600_unknown_rule,ZY08,5,第5年,balance_sheet,所得税,61.0,src_db71d98a0a37,origin data/VPD-OE_Agent_20260709/VPD-OE_Agent/data/raw/ZY/ZY08.xls,三张报表,H44,44
historical_600_unknown_rule,ZY08,0,初始元年,balance_sheet,负债合计,0.0,src_db71d98a0a37,origin data/VPD-OE_Agent_20260709/VPD-OE_Agent/data/raw/ZY/ZY08.xls,三张报表,C45,45
historical_600_unknown_rule,ZY08,1,第1年,balance_sheet,负债合计,208.0,src_db71d98a0a37,origin data/VPD-OE_Agent_20260709/VPD-OE_Agent/data/raw/ZY/ZY08.xls,三张报表,D45,45
historical_600_unknown_rule,ZY08,2,第2年,balance_sheet,负债合计,1004.0,src_db71d98a0a37,origin data/VPD-OE_Agent_20260709/VPD-OE_Agent/data/raw/ZY/ZY08.xls,三张报表,E45,45
historical_600_unknown_rule,ZY08,3,第3年,balance_sheet,负债合计,1099.0,src_db71d98a0a37,origin data/VPD-OE_Agent_20260709/VPD-OE_Agent/data/raw/ZY/ZY08.xls,三张报表,F45,45
historical_600_unknown_rule,ZY08,4,第4年,balance_sheet,负债合计,1192.0,src_db71d98a0a37,origin data/VPD-OE_Agent_20260709/VPD-OE_Agent/data/raw/ZY/ZY08.xls,三张报表,G45,45
historical_600_unknown_rule,ZY08,5,第5年,balance_sheet,负债合计,1763.0,src_db71d98a0a37,origin data/VPD-OE_Agent_20260709/VPD-OE_Agent/data/raw/ZY/ZY08.xls,三张报表,H45,45
historical_600_unknown_rule,ZY08,0,初始元年,balance_sheet,股东资本,600.0,src_db71d98a0a37,origin data/VPD-OE_Agent_20260709/VPD-OE_Agent/data/raw/ZY/ZY08.xls,三张报表,C46,46
historical_600_unknown_rule,ZY08,1,第1年,balance_sheet,股东资本,600.0,src_db71d98a0a37,origin data/VPD-OE_Agent_20260709/VPD-OE_Agent/data/raw/ZY/ZY08.xls,三张报表,D46,46
historical_600_unknown_rule,ZY08,2,第2年,balance_sheet,股东资本,600.0,src_db71d98a0a37,origin data/VPD-OE_Agent_20260709/VPD-OE_Agent/data/raw/ZY/ZY08.xls,三张报表,E46,46
historical_600_unknown_rule,ZY08,3,第3年,balance_sheet,股东资本,600.0,src_db71d98a0a37,origin data/VPD-OE_Agent_20260709/VPD-OE_Agent/data/raw/ZY/ZY08.xls,三张报表,F46,46
historical_600_unknown_rule,ZY08,4,第4年,balance_sheet,股东资本,600.0,src_db71d98a0a37,origin data/VPD-OE_Agent_20260709/VPD-OE_Agent/data/raw/ZY/ZY08.xls,三张报表,G46,46
historical_600_unknown_rule,ZY08,5,第5年,balance_sheet,股东资本,600.0,src_db71d98a0a37,origin data/VPD-OE_Agent_20260709/VPD-OE_Agent/data/raw/ZY/ZY08.xls,三张报表,H46,46
historical_600_unknown_rule,ZY08,0,初始元年,balance_sheet,利润留存,0.0,src_db71d98a0a37,origin data/VPD-OE_Agent_20260709/VPD-OE_Agent/data/raw/ZY/ZY08.xls,三张报表,C47,47
historical_600_unknown_rule,ZY08,1,第1年,balance_sheet,利润留存,0.0,src_db71d98a0a37,origin data/VPD-OE_Agent_20260709/VPD-OE_Agent/data/raw/ZY/ZY08.xls,三张报表,D47,47
historical_600_unknown_rule,ZY08,2,第2年,balance_sheet,利润留存,-170.0,src_db71d98a0a37,origin data/VPD-OE_Agent_20260709/VPD-OE_Agent/data/raw/ZY/ZY08.xls,三张报表,E47,47
historical_600_unknown_rule,ZY08,3,第3年,balance_sheet,利润留存,-64.0,src_db71d98a0a37,origin data/VPD-OE_Agent_20260709/VPD-OE_Agent/data/raw/ZY/ZY08.xls,三张报表,F47,47
historical_600_unknown_rule,ZY08,4,第4年,balance_sheet,利润留存,81.0,src_db71d98a0a37,origin data/VPD-OE_Agent_20260709/VPD-OE_Agent/data/raw/ZY/ZY08.xls,三张报表,G47,47
historical_600_unknown_rule,ZY08,5,第5年,balance_sheet,利润留存,139.0,src_db71d98a0a37,origin data/VPD-OE_Agent_20260709/VPD-OE_Agent/data/raw/ZY/ZY08.xls,三张报表,H47,47
historical_600_unknown_rule,ZY08,0,初始元年,balance_sheet,年度净利,0.0,src_db71d98a0a37,origin data/VPD-OE_Agent_20260709/VPD-OE_Agent/data/raw/ZY/ZY08.xls,三张报表,C48,48
historical_600_unknown_rule,ZY08,1,第1年,balance_sheet,年度净利,-170.0,src_db71d98a0a37,origin data/VPD-OE_Agent_20260709/VPD-OE_Agent/data/raw/ZY/ZY08.xls,三张报表,D48,48
historical_600_unknown_rule,ZY08,2,第2年,balance_sheet,年度净利,106.0,src_db71d98a0a37,origin data/VPD-OE_Agent_20260709/VPD-OE_Agent/data/raw/ZY/ZY08.xls,三张报表,E48,48
historical_600_unknown_rule,ZY08,3,第3年,balance_sheet,年度净利,145.0,src_db71d98a0a37,origin data/VPD-OE_Agent_20260709/VPD-OE_Agent/data/raw/ZY/ZY08.xls,三张报表,F48,48
historical_600_unknown_rule,ZY08,4,第4年,balance_sheet,年度净利,58.0,src_db71d98a0a37,origin data/VPD-OE_Agent_20260709/VPD-OE_Agent/data/raw/ZY/ZY08.xls,三张报表,G48,48
historical_600_unknown_rule,ZY08,5,第5年,balance_sheet,年度净利,181.0,src_db71d98a0a37,origin data/VPD-OE_Agent_20260709/VPD-OE_Agent/data/raw/ZY/ZY08.xls,三张报表,H48,48
historical_600_unknown_rule,ZY08,0,初始元年,balance_sheet,所有者权益合计,600.0,src_db71d98a0a37,origin data/VPD-OE_Agent_20260709/VPD-OE_Agent/data/raw/ZY/ZY08.xls,三张报表,C49,49
historical_600_unknown_rule,ZY08,1,第1年,balance_sheet,所有者权益合计,430.0,src_db71d98a0a37,origin data/VPD-OE_Agent_20260709/VPD-OE_Agent/data/raw/ZY/ZY08.xls,三张报表,D49,49
historical_600_unknown_rule,ZY08,2,第2年,balance_sheet,所有者权益合计,536.0,src_db71d98a0a37,origin data/VPD-OE_Agent_20260709/VPD-OE_Agent/data/raw/ZY/ZY08.xls,三张报表,E49,49
historical_600_unknown_rule,ZY08,3,第3年,balance_sheet,所有者权益合计,681.0,src_db71d98a0a37,origin data/VPD-OE_Agent_20260709/VPD-OE_Agent/data/raw/ZY/ZY08.xls,三张报表,F49,49
historical_600_unknown_rule,ZY08,4,第4年,balance_sheet,所有者权益合计,739.0,src_db71d98a0a37,origin data/VPD-OE_Agent_20260709/VPD-OE_Agent/data/raw/ZY/ZY08.xls,三张报表,G49,49
historical_600_unknown_rule,ZY08,5,第5年,balance_sheet,所有者权益合计,920.0,src_db71d98a0a37,origin data/VPD-OE_Agent_20260709/VPD-OE_Agent/data/raw/ZY/ZY08.xls,三张报表,H49,49
historical_600_unknown_rule,ZY08,0,初始元年,balance_sheet,负债和所有者权益总计,600.0,src_db71d98a0a37,origin data/VPD-OE_Agent_20260709/VPD-OE_Agent/data/raw/ZY/ZY08.xls,三张报表,C50,50
historical_600_unknown_rule,ZY08,1,第1年,balance_sheet,负债和所有者权益总计,638.0,src_db71d98a0a37,origin data/VPD-OE_Agent_20260709/VPD-OE_Agent/data/raw/ZY/ZY08.xls,三张报表,D50,50
historical_600_unknown_rule,ZY08,2,第2年,balance_sheet,负债和所有者权益总计,1540.0,src_db71d98a0a37,origin data/VPD-OE_Agent_20260709/VPD-OE_Agent/data/raw/ZY/ZY08.xls,三张报表,E50,50
historical_600_unknown_rule,ZY08,3,第3年,balance_sheet,负债和所有者权益总计,1780.0,src_db71d98a0a37,origin data/VPD-OE_Agent_20260709/VPD-OE_Agent/data/raw/ZY/ZY08.xls,三张报表,F50,50
historical_600_unknown_rule,ZY08,4,第4年,balance_sheet,负债和所有者权益总计,1931.0,src_db71d98a0a37,origin data/VPD-OE_Agent_20260709/VPD-OE_Agent/data/raw/ZY/ZY08.xls,三张报表,G50,50
historical_600_unknown_rule,ZY08,5,第5年,balance_sheet,负债和所有者权益总计,2683.0,src_db71d98a0a37,origin data/VPD-OE_Agent_20260709/VPD-OE_Agent/data/raw/ZY/ZY08.xls,三张报表,H50,50
historical_600_unknown_rule,ZY09,0,初始元年,comprehensive_expense,管理费,0.0,src_57c289f9896a,origin data/VPD-OE_Agent_20260709/VPD-OE_Agent/data/raw/ZY/ZY09.xls,三张报表,C3,3
historical_600_unknown_rule,ZY09,1,第1年,comprehensive_expense,管理费,40.0,src_57c289f9896a,origin data/VPD-OE_Agent_20260709/VPD-OE_Agent/data/raw/ZY/ZY09.xls,三张报表,D3,3
historical_600_unknown_rule,ZY09,2,第2年,comprehensive_expense,管理费,40.0,src_57c289f9896a,origin data/VPD-OE_Agent_20260709/VPD-OE_Agent/data/raw/ZY/ZY09.xls,三张报表,E3,3
historical_600_unknown_rule,ZY09,3,第3年,comprehensive_expense,管理费,40.0,src_57c289f9896a,origin data/VPD-OE_Agent_20260709/VPD-OE_Agent/data/raw/ZY/ZY09.xls,三张报表,F3,3
historical_600_unknown_rule,ZY09,4,第4年,comprehensive_expense,管理费,40.0,src_57c289f9896a,origin data/VPD-OE_Agent_20260709/VPD-OE_Agent/data/raw/ZY/ZY09.xls,三张报表,G3,3
historical_600_unknown_rule,ZY09,5,第5年,comprehensive_expense,管理费,40.0,src_57c289f9896a,origin data/VPD-OE_Agent_20260709/VPD-OE_Agent/data/raw/ZY/ZY09.xls,三张报表,H3,3
historical_600_unknown_rule,ZY09,0,初始元年,comprehensive_expense,广告费,0.0,src_57c289f9896a,origin data/VPD-OE_Agent_20260709/VPD-OE_Agent/data/raw/ZY/ZY09.xls,三张报表,C4,4
historical_600_unknown_rule,ZY09,1,第1年,comprehensive_expense,广告费,0.0,src_57c289f9896a,origin data/VPD-OE_Agent_20260709/VPD-OE_Agent/data/raw/ZY/ZY09.xls,三张报表,D4,4
historical_600_unknown_rule,ZY09,2,第2年,comprehensive_expense,广告费,50.0,src_57c289f9896a,origin data/VPD-OE_Agent_20260709/VPD-OE_Agent/data/raw/ZY/ZY09.xls,三张报表,E4,4
historical_600_unknown_rule,ZY09,3,第3年,comprehensive_expense,广告费,45.0,src_57c289f9896a,origin data/VPD-OE_Agent_20260709/VPD-OE_Agent/data/raw/ZY/ZY09.xls,三张报表,F4,4
historical_600_unknown_rule,ZY09,4,第4年,comprehensive_expense,广告费,55.0,src_57c289f9896a,origin data/VPD-OE_Agent_20260709/VPD-OE_Agent/data/raw/ZY/ZY09.xls,三张报表,G4,4
historical_600_unknown_rule,ZY09,5,第5年,comprehensive_expense,广告费,55.0,src_57c289f9896a,origin data/VPD-OE_Agent_20260709/VPD-OE_Agent/data/raw/ZY/ZY09.xls,三张报表,H4,4
historical_600_unknown_rule,ZY09,0,初始元年,comprehensive_expense,维护费,0.0,src_57c289f9896a,origin data/VPD-OE_Agent_20260709/VPD-OE_Agent/data/raw/ZY/ZY09.xls,三张报表,C5,5
historical_600_unknown_rule,ZY09,1,第1年,comprehensive_expense,维护费,20.0,src_57c289f9896a,origin data/VPD-OE_Agent_20260709/VPD-OE_Agent/data/raw/ZY/ZY09.xls,三张报表,D5,5
historical_600_unknown_rule,ZY09,2,第2年,comprehensive_expense,维护费,30.0,src_57c289f9896a,origin data/VPD-OE_Agent_20260709/VPD-OE_Agent/data/raw/ZY/ZY09.xls,三张报表,E5,5
historical_600_unknown_rule,ZY09,3,第3年,comprehensive_expense,维护费,30.0,src_57c289f9896a,origin data/VPD-OE_Agent_20260709/VPD-OE_Agent/data/raw/ZY/ZY09.xls,三张报表,F5,5
historical_600_unknown_rule,ZY09,4,第4年,comprehensive_expense,维护费,30.0,src_57c289f9896a,origin data/VPD-OE_Agent_20260709/VPD-OE_Agent/data/raw/ZY/ZY09.xls,三张报表,G5,5
historical_600_unknown_rule,ZY09,5,第5年,comprehensive_expense,维护费,30.0,src_57c289f9896a,origin data/VPD-OE_Agent_20260709/VPD-OE_Agent/data/raw/ZY/ZY09.xls,三张报表,H5,5
historical_600_unknown_rule,ZY09,0,初始元年,comprehensive_expense,损失,0.0,src_57c289f9896a,origin data/VPD-OE_Agent_20260709/VPD-OE_Agent/data/raw/ZY/ZY09.xls,三张报表,C6,6
historical_600_unknown_rule,ZY09,1,第1年,comprehensive_expense,损失,0.0,src_57c289f9896a,origin data/VPD-OE_Agent_20260709/VPD-OE_Agent/data/raw/ZY/ZY09.xls,三张报表,D6,6
historical_600_unknown_rule,ZY09,2,第2年,comprehensive_expense,损失,0.0,src_57c289f9896a,origin data/VPD-OE_Agent_20260709/VPD-OE_Agent/data/raw/ZY/ZY09.xls,三张报表,E6,6
historical_600_unknown_rule,ZY09,3,第3年,comprehensive_expense,损失,0.0,src_57c289f9896a,origin data/VPD-OE_Agent_20260709/VPD-OE_Agent/data/raw/ZY/ZY09.xls,三张报表,F6,6
historical_600_unknown_rule,ZY09,4,第4年,comprehensive_expense,损失,0.0,src_57c289f9896a,origin data/VPD-OE_Agent_20260709/VPD-OE_Agent/data/raw/ZY/ZY09.xls,三张报表,G6,6
historical_600_unknown_rule,ZY09,5,第5年,comprehensive_expense,损失,0.0,src_57c289f9896a,origin data/VPD-OE_Agent_20260709/VPD-OE_Agent/data/raw/ZY/ZY09.xls,三张报表,H6,6
historical_600_unknown_rule,ZY09,0,初始元年,comprehensive_expense,转产费,0.0,src_57c289f9896a,origin data/VPD-OE_Agent_20260709/VPD-OE_Agent/data/raw/ZY/ZY09.xls,三张报表,C7,7
historical_600_unknown_rule,ZY09,1,第1年,comprehensive_expense,转产费,0.0,src_57c289f9896a,origin data/VPD-OE_Agent_20260709/VPD-OE_Agent/data/raw/ZY/ZY09.xls,三张报表,D7,7
historical_600_unknown_rule,ZY09,2,第2年,comprehensive_expense,转产费,0.0,src_57c289f9896a,origin data/VPD-OE_Agent_20260709/VPD-OE_Agent/data/raw/ZY/ZY09.xls,三张报表,E7,7
historical_600_unknown_rule,ZY09,3,第3年,comprehensive_expense,转产费,20.0,src_57c289f9896a,origin data/VPD-OE_Agent_20260709/VPD-OE_Agent/data/raw/ZY/ZY09.xls,三张报表,F7,7
historical_600_unknown_rule,ZY09,4,第4年,comprehensive_expense,转产费,0.0,src_57c289f9896a,origin data/VPD-OE_Agent_20260709/VPD-OE_Agent/data/raw/ZY/ZY09.xls,三张报表,G7,7
historical_600_unknown_rule,ZY09,5,第5年,comprehensive_expense,转产费,0.0,src_57c289f9896a,origin data/VPD-OE_Agent_20260709/VPD-OE_Agent/data/raw/ZY/ZY09.xls,三张报表,H7,7
historical_600_unknown_rule,ZY09,0,初始元年,comprehensive_expense,租金,0.0,src_57c289f9896a,origin data/VPD-OE_Agent_20260709/VPD-OE_Agent/data/raw/ZY/ZY09.xls,三张报表,C8,8
historical_600_unknown_rule,ZY09,1,第1年,comprehensive_expense,租金,30.0,src_57c289f9896a,origin data/VPD-OE_Agent_20260709/VPD-OE_Agent/data/raw/ZY/ZY09.xls,三张报表,D8,8
historical_600_unknown_rule,ZY09,2,第2年,comprehensive_expense,租金,30.0,src_57c289f9896a,origin data/VPD-OE_Agent_20260709/VPD-OE_Agent/data/raw/ZY/ZY09.xls,三张报表,E8,8
historical_600_unknown_rule,ZY09,3,第3年,comprehensive_expense,租金,30.0,src_57c289f9896a,origin data/VPD-OE_Agent_20260709/VPD-OE_Agent/data/raw/ZY/ZY09.xls,三张报表,F8,8
historical_600_unknown_rule,ZY09,4,第4年,comprehensive_expense,租金,30.0,src_57c289f9896a,origin data/VPD-OE_Agent_20260709/VPD-OE_Agent/data/raw/ZY/ZY09.xls,三张报表,G8,8
historical_600_unknown_rule,ZY09,5,第5年,comprehensive_expense,租金,30.0,src_57c289f9896a,origin data/VPD-OE_Agent_20260709/VPD-OE_Agent/data/raw/ZY/ZY09.xls,三张报表,H8,8
historical_600_unknown_rule,ZY09,0,初始元年,comprehensive_expense,市场开拓费,0.0,src_57c289f9896a,origin data/VPD-OE_Agent_20260709/VPD-OE_Agent/data/raw/ZY/ZY09.xls,三张报表,C9,9
historical_600_unknown_rule,ZY09,1,第1年,comprehensive_expense,市场开拓费,20.0,src_57c289f9896a,origin data/VPD-OE_Agent_20260709/VPD-OE_Agent/data/raw/ZY/ZY09.xls,三张报表,D9,9
historical_600_unknown_rule,ZY09,2,第2年,comprehensive_expense,市场开拓费,0.0,src_57c289f9896a,origin data/VPD-OE_Agent_20260709/VPD-OE_Agent/data/raw/ZY/ZY09.xls,三张报表,E9,9
historical_600_unknown_rule,ZY09,3,第3年,comprehensive_expense,市场开拓费,0.0,src_57c289f9896a,origin data/VPD-OE_Agent_20260709/VPD-OE_Agent/data/raw/ZY/ZY09.xls,三张报表,F9,9
historical_600_unknown_rule,ZY09,4,第4年,comprehensive_expense,市场开拓费,0.0,src_57c289f9896a,origin data/VPD-OE_Agent_20260709/VPD-OE_Agent/data/raw/ZY/ZY09.xls,三张报表,G9,9
historical_600_unknown_rule,ZY09,5,第5年,comprehensive_expense,市场开拓费,0.0,src_57c289f9896a,origin data/VPD-OE_Agent_20260709/VPD-OE_Agent/data/raw/ZY/ZY09.xls,三张报表,H9,9
historical_600_unknown_rule,ZY09,0,初始元年,comprehensive_expense,产品研发费,0.0,src_57c289f9896a,origin data/VPD-OE_Agent_20260709/VPD-OE_Agent/data/raw/ZY/ZY09.xls,三张报表,C10,10
historical_600_unknown_rule,ZY09,1,第1年,comprehensive_expense,产品研发费,70.0,src_57c289f9896a,origin data/VPD-OE_Agent_20260709/VPD-OE_Agent/data/raw/ZY/ZY09.xls,三张报表,D10,10
historical_600_unknown_rule,ZY09,2,第2年,comprehensive_expense,产品研发费,0.0,src_57c289f9896a,origin data/VPD-OE_Agent_20260709/VPD-OE_Agent/data/raw/ZY/ZY09.xls,三张报表,E10,10
historical_600_unknown_rule,ZY09,3,第3年,comprehensive_expense,产品研发费,0.0,src_57c289f9896a,origin data/VPD-OE_Agent_20260709/VPD-OE_Agent/data/raw/ZY/ZY09.xls,三张报表,F10,10
historical_600_unknown_rule,ZY09,4,第4年,comprehensive_expense,产品研发费,0.0,src_57c289f9896a,origin data/VPD-OE_Agent_20260709/VPD-OE_Agent/data/raw/ZY/ZY09.xls,三张报表,G10,10
historical_600_unknown_rule,ZY09,5,第5年,comprehensive_expense,产品研发费,0.0,src_57c289f9896a,origin data/VPD-OE_Agent_20260709/VPD-OE_Agent/data/raw/ZY/ZY09.xls,三张报表,H10,10
historical_600_unknown_rule,ZY09,0,初始元年,comprehensive_expense,ISO认证费,0.0,src_57c289f9896a,origin data/VPD-OE_Agent_20260709/VPD-OE_Agent/data/raw/ZY/ZY09.xls,三张报表,C11,11
historical_600_unknown_rule,ZY09,1,第1年,comprehensive_expense,ISO认证费,10.0,src_57c289f9896a,origin data/VPD-OE_Agent_20260709/VPD-OE_Agent/data/raw/ZY/ZY09.xls,三张报表,D11,11
historical_600_unknown_rule,ZY09,2,第2年,comprehensive_expense,ISO认证费,0.0,src_57c289f9896a,origin data/VPD-OE_Agent_20260709/VPD-OE_Agent/data/raw/ZY/ZY09.xls,三张报表,E11,11
historical_600_unknown_rule,ZY09,3,第3年,comprehensive_expense,ISO认证费,10.0,src_57c289f9896a,origin data/VPD-OE_Agent_20260709/VPD-OE_Agent/data/raw/ZY/ZY09.xls,三张报表,F11,11
historical_600_unknown_rule,ZY09,4,第4年,comprehensive_expense,ISO认证费,0.0,src_57c289f9896a,origin data/VPD-OE_Agent_20260709/VPD-OE_Agent/data/raw/ZY/ZY09.xls,三张报表,G11,11
historical_600_unknown_rule,ZY09,5,第5年,comprehensive_expense,ISO认证费,0.0,src_57c289f9896a,origin data/VPD-OE_Agent_20260709/VPD-OE_Agent/data/raw/ZY/ZY09.xls,三张报表,H11,11
historical_600_unknown_rule,ZY09,0,初始元年,comprehensive_expense,信息费,0.0,src_57c289f9896a,origin data/VPD-OE_Agent_20260709/VPD-OE_Agent/data/raw/ZY/ZY09.xls,三张报表,C12,12
historical_600_unknown_rule,ZY09,1,第1年,comprehensive_expense,信息费,0.0,src_57c289f9896a,origin data/VPD-OE_Agent_20260709/VPD-OE_Agent/data/raw/ZY/ZY09.xls,三张报表,D12,12
historical_600_unknown_rule,ZY09,2,第2年,comprehensive_expense,信息费,0.0,src_57c289f9896a,origin data/VPD-OE_Agent_20260709/VPD-OE_Agent/data/raw/ZY/ZY09.xls,三张报表,E12,12
historical_600_unknown_rule,ZY09,3,第3年,comprehensive_expense,信息费,0.0,src_57c289f9896a,origin data/VPD-OE_Agent_20260709/VPD-OE_Agent/data/raw/ZY/ZY09.xls,三张报表,F12,12
historical_600_unknown_rule,ZY09,4,第4年,comprehensive_expense,信息费,0.0,src_57c289f9896a,origin data/VPD-OE_Agent_20260709/VPD-OE_Agent/data/raw/ZY/ZY09.xls,三张报表,G12,12
historical_600_unknown_rule,ZY09,5,第5年,comprehensive_expense,信息费,0.0,src_57c289f9896a,origin data/VPD-OE_Agent_20260709/VPD-OE_Agent/data/raw/ZY/ZY09.xls,三张报表,H12,12
historical_600_unknown_rule,ZY09,0,初始元年,comprehensive_expense,合计,0.0,src_57c289f9896a,origin data/VPD-OE_Agent_20260709/VPD-OE_Agent/data/raw/ZY/ZY09.xls,三张报表,C13,13
historical_600_unknown_rule,ZY09,1,第1年,comprehensive_expense,合计,190.0,src_57c289f9896a,origin data/VPD-OE_Agent_20260709/VPD-OE_Agent/data/raw/ZY/ZY09.xls,三张报表,D13,13
historical_600_unknown_rule,ZY09,2,第2年,comprehensive_expense,合计,150.0,src_57c289f9896a,origin data/VPD-OE_Agent_20260709/VPD-OE_Agent/data/raw/ZY/ZY09.xls,三张报表,E13,13
historical_600_unknown_rule,ZY09,3,第3年,comprehensive_expense,合计,175.0,src_57c289f9896a,origin data/VPD-OE_Agent_20260709/VPD-OE_Agent/data/raw/ZY/ZY09.xls,三张报表,F13,13
historical_600_unknown_rule,ZY09,4,第4年,comprehensive_expense,合计,155.0,src_57c289f9896a,origin data/VPD-OE_Agent_20260709/VPD-OE_Agent/data/raw/ZY/ZY09.xls,三张报表,G13,13
historical_600_unknown_rule,ZY09,5,第5年,comprehensive_expense,合计,155.0,src_57c289f9896a,origin data/VPD-OE_Agent_20260709/VPD-OE_Agent/data/raw/ZY/ZY09.xls,三张报表,H13,13
historical_600_unknown_rule,ZY09,0,初始元年,income_statement,销售收入,0.0,src_57c289f9896a,origin data/VPD-OE_Agent_20260709/VPD-OE_Agent/data/raw/ZY/ZY09.xls,三张报表,C16,16
historical_600_unknown_rule,ZY09,1,第1年,income_statement,销售收入,0.0,src_57c289f9896a,origin data/VPD-OE_Agent_20260709/VPD-OE_Agent/data/raw/ZY/ZY09.xls,三张报表,D16,16
historical_600_unknown_rule,ZY09,2,第2年,income_statement,销售收入,581.0,src_57c289f9896a,origin data/VPD-OE_Agent_20260709/VPD-OE_Agent/data/raw/ZY/ZY09.xls,三张报表,E16,16
historical_600_unknown_rule,ZY09,3,第3年,income_statement,销售收入,652.0,src_57c289f9896a,origin data/VPD-OE_Agent_20260709/VPD-OE_Agent/data/raw/ZY/ZY09.xls,三张报表,F16,16
historical_600_unknown_rule,ZY09,4,第4年,income_statement,销售收入,773.0,src_57c289f9896a,origin data/VPD-OE_Agent_20260709/VPD-OE_Agent/data/raw/ZY/ZY09.xls,三张报表,G16,16
historical_600_unknown_rule,ZY09,5,第5年,income_statement,销售收入,656.0,src_57c289f9896a,origin data/VPD-OE_Agent_20260709/VPD-OE_Agent/data/raw/ZY/ZY09.xls,三张报表,H16,16
historical_600_unknown_rule,ZY09,0,初始元年,income_statement,直接成本,0.0,src_57c289f9896a,origin data/VPD-OE_Agent_20260709/VPD-OE_Agent/data/raw/ZY/ZY09.xls,三张报表,C17,17
historical_600_unknown_rule,ZY09,1,第1年,income_statement,直接成本,0.0,src_57c289f9896a,origin data/VPD-OE_Agent_20260709/VPD-OE_Agent/data/raw/ZY/ZY09.xls,三张报表,D17,17
historical_600_unknown_rule,ZY09,2,第2年,income_statement,直接成本,290.0,src_57c289f9896a,origin data/VPD-OE_Agent_20260709/VPD-OE_Agent/data/raw/ZY/ZY09.xls,三张报表,E17,17
historical_600_unknown_rule,ZY09,3,第3年,income_statement,直接成本,320.0,src_57c289f9896a,origin data/VPD-OE_Agent_20260709/VPD-OE_Agent/data/raw/ZY/ZY09.xls,三张报表,F17,17
historical_600_unknown_rule,ZY09,4,第4年,income_statement,直接成本,400.0,src_57c289f9896a,origin data/VPD-OE_Agent_20260709/VPD-OE_Agent/data/raw/ZY/ZY09.xls,三张报表,G17,17
historical_600_unknown_rule,ZY09,5,第5年,income_statement,直接成本,320.0,src_57c289f9896a,origin data/VPD-OE_Agent_20260709/VPD-OE_Agent/data/raw/ZY/ZY09.xls,三张报表,H17,17
historical_600_unknown_rule,ZY09,0,初始元年,income_statement,毛利,0.0,src_57c289f9896a,origin data/VPD-OE_Agent_20260709/VPD-OE_Agent/data/raw/ZY/ZY09.xls,三张报表,C18,18
historical_600_unknown_rule,ZY09,1,第1年,income_statement,毛利,0.0,src_57c289f9896a,origin data/VPD-OE_Agent_20260709/VPD-OE_Agent/data/raw/ZY/ZY09.xls,三张报表,D18,18
historical_600_unknown_rule,ZY09,2,第2年,income_statement,毛利,291.0,src_57c289f9896a,origin data/VPD-OE_Agent_20260709/VPD-OE_Agent/data/raw/ZY/ZY09.xls,三张报表,E18,18
historical_600_unknown_rule,ZY09,3,第3年,income_statement,毛利,332.0,src_57c289f9896a,origin data/VPD-OE_Agent_20260709/VPD-OE_Agent/data/raw/ZY/ZY09.xls,三张报表,F18,18
historical_600_unknown_rule,ZY09,4,第4年,income_statement,毛利,373.0,src_57c289f9896a,origin data/VPD-OE_Agent_20260709/VPD-OE_Agent/data/raw/ZY/ZY09.xls,三张报表,G18,18
historical_600_unknown_rule,ZY09,5,第5年,income_statement,毛利,336.0,src_57c289f9896a,origin data/VPD-OE_Agent_20260709/VPD-OE_Agent/data/raw/ZY/ZY09.xls,三张报表,H18,18
historical_600_unknown_rule,ZY09,0,初始元年,income_statement,综合费用,0.0,src_57c289f9896a,origin data/VPD-OE_Agent_20260709/VPD-OE_Agent/data/raw/ZY/ZY09.xls,三张报表,C19,19
historical_600_unknown_rule,ZY09,1,第1年,income_statement,综合费用,190.0,src_57c289f9896a,origin data/VPD-OE_Agent_20260709/VPD-OE_Agent/data/raw/ZY/ZY09.xls,三张报表,D19,19
historical_600_unknown_rule,ZY09,2,第2年,income_statement,综合费用,150.0,src_57c289f9896a,origin data/VPD-OE_Agent_20260709/VPD-OE_Agent/data/raw/ZY/ZY09.xls,三张报表,E19,19
historical_600_unknown_rule,ZY09,3,第3年,income_statement,综合费用,175.0,src_57c289f9896a,origin data/VPD-OE_Agent_20260709/VPD-OE_Agent/data/raw/ZY/ZY09.xls,三张报表,F19,19
historical_600_unknown_rule,ZY09,4,第4年,income_statement,综合费用,155.0,src_57c289f9896a,origin data/VPD-OE_Agent_20260709/VPD-OE_Agent/data/raw/ZY/ZY09.xls,三张报表,G19,19
historical_600_unknown_rule,ZY09,5,第5年,income_statement,综合费用,155.0,src_57c289f9896a,origin data/VPD-OE_Agent_20260709/VPD-OE_Agent/data/raw/ZY/ZY09.xls,三张报表,H19,19
historical_600_unknown_rule,ZY09,0,初始元年,income_statement,折旧前利润,0.0,src_57c289f9896a,origin data/VPD-OE_Agent_20260709/VPD-OE_Agent/data/raw/ZY/ZY09.xls,三张报表,C20,20
historical_600_unknown_rule,ZY09,1,第1年,income_statement,折旧前利润,-190.0,src_57c289f9896a,origin data/VPD-OE_Agent_20260709/VPD-OE_Agent/data/raw/ZY/ZY09.xls,三张报表,D20,20
historical_600_unknown_rule,ZY09,2,第2年,income_statement,折旧前利润,141.0,src_57c289f9896a,origin data/VPD-OE_Agent_20260709/VPD-OE_Agent/data/raw/ZY/ZY09.xls,三张报表,E20,20
historical_600_unknown_rule,ZY09,3,第3年,income_statement,折旧前利润,157.0,src_57c289f9896a,origin data/VPD-OE_Agent_20260709/VPD-OE_Agent/data/raw/ZY/ZY09.xls,三张报表,F20,20
historical_600_unknown_rule,ZY09,4,第4年,income_statement,折旧前利润,218.0,src_57c289f9896a,origin data/VPD-OE_Agent_20260709/VPD-OE_Agent/data/raw/ZY/ZY09.xls,三张报表,G20,20
historical_600_unknown_rule,ZY09,5,第5年,income_statement,折旧前利润,181.0,src_57c289f9896a,origin data/VPD-OE_Agent_20260709/VPD-OE_Agent/data/raw/ZY/ZY09.xls,三张报表,H20,20
historical_600_unknown_rule,ZY09,0,初始元年,income_statement,折旧,0.0,src_57c289f9896a,origin data/VPD-OE_Agent_20260709/VPD-OE_Agent/data/raw/ZY/ZY09.xls,三张报表,C21,21
historical_600_unknown_rule,ZY09,1,第1年,income_statement,折旧,0.0,src_57c289f9896a,origin data/VPD-OE_Agent_20260709/VPD-OE_Agent/data/raw/ZY/ZY09.xls,三张报表,D21,21
historical_600_unknown_rule,ZY09,2,第2年,income_statement,折旧,60.0,src_57c289f9896a,origin data/VPD-OE_Agent_20260709/VPD-OE_Agent/data/raw/ZY/ZY09.xls,三张报表,E21,21
historical_600_unknown_rule,ZY09,3,第3年,income_statement,折旧,100.0,src_57c289f9896a,origin data/VPD-OE_Agent_20260709/VPD-OE_Agent/data/raw/ZY/ZY09.xls,三张报表,F21,21
historical_600_unknown_rule,ZY09,4,第4年,income_statement,折旧,100.0,src_57c289f9896a,origin data/VPD-OE_Agent_20260709/VPD-OE_Agent/data/raw/ZY/ZY09.xls,三张报表,G21,21
historical_600_unknown_rule,ZY09,5,第5年,income_statement,折旧,100.0,src_57c289f9896a,origin data/VPD-OE_Agent_20260709/VPD-OE_Agent/data/raw/ZY/ZY09.xls,三张报表,H21,21
historical_600_unknown_rule,ZY09,0,初始元年,income_statement,支付利息前利润,0.0,src_57c289f9896a,origin data/VPD-OE_Agent_20260709/VPD-OE_Agent/data/raw/ZY/ZY09.xls,三张报表,C22,22
historical_600_unknown_rule,ZY09,1,第1年,income_statement,支付利息前利润,-190.0,src_57c289f9896a,origin data/VPD-OE_Agent_20260709/VPD-OE_Agent/data/raw/ZY/ZY09.xls,三张报表,D22,22
historical_600_unknown_rule,ZY09,2,第2年,income_statement,支付利息前利润,81.0,src_57c289f9896a,origin data/VPD-OE_Agent_20260709/VPD-OE_Agent/data/raw/ZY/ZY09.xls,三张报表,E22,22
historical_600_unknown_rule,ZY09,3,第3年,income_statement,支付利息前利润,57.0,src_57c289f9896a,origin data/VPD-OE_Agent_20260709/VPD-OE_Agent/data/raw/ZY/ZY09.xls,三张报表,F22,22
historical_600_unknown_rule,ZY09,4,第4年,income_statement,支付利息前利润,118.0,src_57c289f9896a,origin data/VPD-OE_Agent_20260709/VPD-OE_Agent/data/raw/ZY/ZY09.xls,三张报表,G22,22
historical_600_unknown_rule,ZY09,5,第5年,income_statement,支付利息前利润,81.0,src_57c289f9896a,origin data/VPD-OE_Agent_20260709/VPD-OE_Agent/data/raw/ZY/ZY09.xls,三张报表,H22,22
historical_600_unknown_rule,ZY09,0,初始元年,income_statement,财务费用,0.0,src_57c289f9896a,origin data/VPD-OE_Agent_20260709/VPD-OE_Agent/data/raw/ZY/ZY09.xls,三张报表,C23,23
historical_600_unknown_rule,ZY09,1,第1年,income_statement,财务费用,0.0,src_57c289f9896a,origin data/VPD-OE_Agent_20260709/VPD-OE_Agent/data/raw/ZY/ZY09.xls,三张报表,D23,23
historical_600_unknown_rule,ZY09,2,第2年,income_statement,财务费用,90.0,src_57c289f9896a,origin data/VPD-OE_Agent_20260709/VPD-OE_Agent/data/raw/ZY/ZY09.xls,三张报表,E23,23
historical_600_unknown_rule,ZY09,3,第3年,income_statement,财务费用,97.0,src_57c289f9896a,origin data/VPD-OE_Agent_20260709/VPD-OE_Agent/data/raw/ZY/ZY09.xls,三张报表,F23,23
historical_600_unknown_rule,ZY09,4,第4年,income_statement,财务费用,91.0,src_57c289f9896a,origin data/VPD-OE_Agent_20260709/VPD-OE_Agent/data/raw/ZY/ZY09.xls,三张报表,G23,23
historical_600_unknown_rule,ZY09,5,第5年,income_statement,财务费用,90.0,src_57c289f9896a,origin data/VPD-OE_Agent_20260709/VPD-OE_Agent/data/raw/ZY/ZY09.xls,三张报表,H23,23
historical_600_unknown_rule,ZY09,0,初始元年,income_statement,税前利润,0.0,src_57c289f9896a,origin data/VPD-OE_Agent_20260709/VPD-OE_Agent/data/raw/ZY/ZY09.xls,三张报表,C24,24
historical_600_unknown_rule,ZY09,1,第1年,income_statement,税前利润,-190.0,src_57c289f9896a,origin data/VPD-OE_Agent_20260709/VPD-OE_Agent/data/raw/ZY/ZY09.xls,三张报表,D24,24
historical_600_unknown_rule,ZY09,2,第2年,income_statement,税前利润,-9.0,src_57c289f9896a,origin data/VPD-OE_Agent_20260709/VPD-OE_Agent/data/raw/ZY/ZY09.xls,三张报表,E24,24
historical_600_unknown_rule,ZY09,3,第3年,income_statement,税前利润,-40.0,src_57c289f9896a,origin data/VPD-OE_Agent_20260709/VPD-OE_Agent/data/raw/ZY/ZY09.xls,三张报表,F24,24
historical_600_unknown_rule,ZY09,4,第4年,income_statement,税前利润,27.0,src_57c289f9896a,origin data/VPD-OE_Agent_20260709/VPD-OE_Agent/data/raw/ZY/ZY09.xls,三张报表,G24,24
historical_600_unknown_rule,ZY09,5,第5年,income_statement,税前利润,-9.0,src_57c289f9896a,origin data/VPD-OE_Agent_20260709/VPD-OE_Agent/data/raw/ZY/ZY09.xls,三张报表,H24,24
historical_600_unknown_rule,ZY09,0,初始元年,income_statement,所得税,0.0,src_57c289f9896a,origin data/VPD-OE_Agent_20260709/VPD-OE_Agent/data/raw/ZY/ZY09.xls,三张报表,C25,25
historical_600_unknown_rule,ZY09,1,第1年,income_statement,所得税,0.0,src_57c289f9896a,origin data/VPD-OE_Agent_20260709/VPD-OE_Agent/data/raw/ZY/ZY09.xls,三张报表,D25,25
historical_600_unknown_rule,ZY09,2,第2年,income_statement,所得税,0.0,src_57c289f9896a,origin data/VPD-OE_Agent_20260709/VPD-OE_Agent/data/raw/ZY/ZY09.xls,三张报表,E25,25
historical_600_unknown_rule,ZY09,3,第3年,income_statement,所得税,0.0,src_57c289f9896a,origin data/VPD-OE_Agent_20260709/VPD-OE_Agent/data/raw/ZY/ZY09.xls,三张报表,F25,25
historical_600_unknown_rule,ZY09,4,第4年,income_statement,所得税,0.0,src_57c289f9896a,origin data/VPD-OE_Agent_20260709/VPD-OE_Agent/data/raw/ZY/ZY09.xls,三张报表,G25,25
historical_600_unknown_rule,ZY09,5,第5年,income_statement,所得税,0.0,src_57c289f9896a,origin data/VPD-OE_Agent_20260709/VPD-OE_Agent/data/raw/ZY/ZY09.xls,三张报表,H25,25
historical_600_unknown_rule,ZY09,0,初始元年,income_statement,年度净利润,0.0,src_57c289f9896a,origin data/VPD-OE_Agent_20260709/VPD-OE_Agent/data/raw/ZY/ZY09.xls,三张报表,C26,26
historical_600_unknown_rule,ZY09,1,第1年,income_statement,年度净利润,-190.0,src_57c289f9896a,origin data/VPD-OE_Agent_20260709/VPD-OE_Agent/data/raw/ZY/ZY09.xls,三张报表,D26,26
historical_600_unknown_rule,ZY09,2,第2年,income_statement,年度净利润,-9.0,src_57c289f9896a,origin data/VPD-OE_Agent_20260709/VPD-OE_Agent/data/raw/ZY/ZY09.xls,三张报表,E26,26
historical_600_unknown_rule,ZY09,3,第3年,income_statement,年度净利润,-40.0,src_57c289f9896a,origin data/VPD-OE_Agent_20260709/VPD-OE_Agent/data/raw/ZY/ZY09.xls,三张报表,F26,26
historical_600_unknown_rule,ZY09,4,第4年,income_statement,年度净利润,27.0,src_57c289f9896a,origin data/VPD-OE_Agent_20260709/VPD-OE_Agent/data/raw/ZY/ZY09.xls,三张报表,G26,26
historical_600_unknown_rule,ZY09,5,第5年,income_statement,年度净利润,-9.0,src_57c289f9896a,origin data/VPD-OE_Agent_20260709/VPD-OE_Agent/data/raw/ZY/ZY09.xls,三张报表,H26,26
historical_600_unknown_rule,ZY09,0,初始元年,balance_sheet,现金,600.0,src_57c289f9896a,origin data/VPD-OE_Agent_20260709/VPD-OE_Agent/data/raw/ZY/ZY09.xls,三张报表,C30,30
historical_600_unknown_rule,ZY09,1,第1年,balance_sheet,现金,540.0,src_57c289f9896a,origin data/VPD-OE_Agent_20260709/VPD-OE_Agent/data/raw/ZY/ZY09.xls,三张报表,D30,30
historical_600_unknown_rule,ZY09,2,第2年,balance_sheet,现金,250.0,src_57c289f9896a,origin data/VPD-OE_Agent_20260709/VPD-OE_Agent/data/raw/ZY/ZY09.xls,三张报表,E30,30
historical_600_unknown_rule,ZY09,3,第3年,balance_sheet,现金,400.0,src_57c289f9896a,origin data/VPD-OE_Agent_20260709/VPD-OE_Agent/data/raw/ZY/ZY09.xls,三张报表,F30,30
historical_600_unknown_rule,ZY09,4,第4年,balance_sheet,现金,478.0,src_57c289f9896a,origin data/VPD-OE_Agent_20260709/VPD-OE_Agent/data/raw/ZY/ZY09.xls,三张报表,G30,30
historical_600_unknown_rule,ZY09,5,第5年,balance_sheet,现金,643.0,src_57c289f9896a,origin data/VPD-OE_Agent_20260709/VPD-OE_Agent/data/raw/ZY/ZY09.xls,三张报表,H30,30
historical_600_unknown_rule,ZY09,0,初始元年,balance_sheet,应收款,0.0,src_57c289f9896a,origin data/VPD-OE_Agent_20260709/VPD-OE_Agent/data/raw/ZY/ZY09.xls,三张报表,C31,31
historical_600_unknown_rule,ZY09,1,第1年,balance_sheet,应收款,0.0,src_57c289f9896a,origin data/VPD-OE_Agent_20260709/VPD-OE_Agent/data/raw/ZY/ZY09.xls,三张报表,D31,31
historical_600_unknown_rule,ZY09,2,第2年,balance_sheet,应收款,411.0,src_57c289f9896a,origin data/VPD-OE_Agent_20260709/VPD-OE_Agent/data/raw/ZY/ZY09.xls,三张报表,E31,31
historical_600_unknown_rule,ZY09,3,第3年,balance_sheet,应收款,331.0,src_57c289f9896a,origin data/VPD-OE_Agent_20260709/VPD-OE_Agent/data/raw/ZY/ZY09.xls,三张报表,F31,31
historical_600_unknown_rule,ZY09,4,第4年,balance_sheet,应收款,360.0,src_57c289f9896a,origin data/VPD-OE_Agent_20260709/VPD-OE_Agent/data/raw/ZY/ZY09.xls,三张报表,G31,31
historical_600_unknown_rule,ZY09,5,第5年,balance_sheet,应收款,496.0,src_57c289f9896a,origin data/VPD-OE_Agent_20260709/VPD-OE_Agent/data/raw/ZY/ZY09.xls,三张报表,H31,31
historical_600_unknown_rule,ZY09,0,初始元年,balance_sheet,在制品,0.0,src_57c289f9896a,origin data/VPD-OE_Agent_20260709/VPD-OE_Agent/data/raw/ZY/ZY09.xls,三张报表,C32,32
historical_600_unknown_rule,ZY09,1,第1年,balance_sheet,在制品,30.0,src_57c289f9896a,origin data/VPD-OE_Agent_20260709/VPD-OE_Agent/data/raw/ZY/ZY09.xls,三张报表,D32,32
historical_600_unknown_rule,ZY09,2,第2年,balance_sheet,在制品,40.0,src_57c289f9896a,origin data/VPD-OE_Agent_20260709/VPD-OE_Agent/data/raw/ZY/ZY09.xls,三张报表,E32,32
historical_600_unknown_rule,ZY09,3,第3年,balance_sheet,在制品,120.0,src_57c289f9896a,origin data/VPD-OE_Agent_20260709/VPD-OE_Agent/data/raw/ZY/ZY09.xls,三张报表,F32,32
historical_600_unknown_rule,ZY09,4,第4年,balance_sheet,在制品,120.0,src_57c289f9896a,origin data/VPD-OE_Agent_20260709/VPD-OE_Agent/data/raw/ZY/ZY09.xls,三张报表,G32,32
historical_600_unknown_rule,ZY09,5,第5年,balance_sheet,在制品,0.0,src_57c289f9896a,origin data/VPD-OE_Agent_20260709/VPD-OE_Agent/data/raw/ZY/ZY09.xls,三张报表,H32,32
historical_600_unknown_rule,ZY09,0,初始元年,balance_sheet,产成品,0.0,src_57c289f9896a,origin data/VPD-OE_Agent_20260709/VPD-OE_Agent/data/raw/ZY/ZY09.xls,三张报表,C33,33
historical_600_unknown_rule,ZY09,1,第1年,balance_sheet,产成品,0.0,src_57c289f9896a,origin data/VPD-OE_Agent_20260709/VPD-OE_Agent/data/raw/ZY/ZY09.xls,三张报表,D33,33
historical_600_unknown_rule,ZY09,2,第2年,balance_sheet,产成品,40.0,src_57c289f9896a,origin data/VPD-OE_Agent_20260709/VPD-OE_Agent/data/raw/ZY/ZY09.xls,三张报表,E33,33
historical_600_unknown_rule,ZY09,3,第3年,balance_sheet,产成品,40.0,src_57c289f9896a,origin data/VPD-OE_Agent_20260709/VPD-OE_Agent/data/raw/ZY/ZY09.xls,三张报表,F33,33
historical_600_unknown_rule,ZY09,4,第4年,balance_sheet,产成品,0.0,src_57c289f9896a,origin data/VPD-OE_Agent_20260709/VPD-OE_Agent/data/raw/ZY/ZY09.xls,三张报表,G33,33
historical_600_unknown_rule,ZY09,5,第5年,balance_sheet,产成品,0.0,src_57c289f9896a,origin data/VPD-OE_Agent_20260709/VPD-OE_Agent/data/raw/ZY/ZY09.xls,三张报表,H33,33
historical_600_unknown_rule,ZY09,0,初始元年,balance_sheet,原料,0.0,src_57c289f9896a,origin data/VPD-OE_Agent_20260709/VPD-OE_Agent/data/raw/ZY/ZY09.xls,三张报表,C34,34
historical_600_unknown_rule,ZY09,1,第1年,balance_sheet,原料,240.0,src_57c289f9896a,origin data/VPD-OE_Agent_20260709/VPD-OE_Agent/data/raw/ZY/ZY09.xls,三张报表,D34,34
historical_600_unknown_rule,ZY09,2,第2年,balance_sheet,原料,120.0,src_57c289f9896a,origin data/VPD-OE_Agent_20260709/VPD-OE_Agent/data/raw/ZY/ZY09.xls,三张报表,E34,34
historical_600_unknown_rule,ZY09,3,第3年,balance_sheet,原料,30.0,src_57c289f9896a,origin data/VPD-OE_Agent_20260709/VPD-OE_Agent/data/raw/ZY/ZY09.xls,三张报表,F34,34
historical_600_unknown_rule,ZY09,4,第4年,balance_sheet,原料,90.0,src_57c289f9896a,origin data/VPD-OE_Agent_20260709/VPD-OE_Agent/data/raw/ZY/ZY09.xls,三张报表,G34,34
historical_600_unknown_rule,ZY09,5,第5年,balance_sheet,原料,0.0,src_57c289f9896a,origin data/VPD-OE_Agent_20260709/VPD-OE_Agent/data/raw/ZY/ZY09.xls,三张报表,H34,34
historical_600_unknown_rule,ZY09,0,初始元年,balance_sheet,流动资产合计,600.0,src_57c289f9896a,origin data/VPD-OE_Agent_20260709/VPD-OE_Agent/data/raw/ZY/ZY09.xls,三张报表,C35,35
historical_600_unknown_rule,ZY09,1,第1年,balance_sheet,流动资产合计,810.0,src_57c289f9896a,origin data/VPD-OE_Agent_20260709/VPD-OE_Agent/data/raw/ZY/ZY09.xls,三张报表,D35,35
historical_600_unknown_rule,ZY09,2,第2年,balance_sheet,流动资产合计,861.0,src_57c289f9896a,origin data/VPD-OE_Agent_20260709/VPD-OE_Agent/data/raw/ZY/ZY09.xls,三张报表,E35,35
historical_600_unknown_rule,ZY09,3,第3年,balance_sheet,流动资产合计,921.0,src_57c289f9896a,origin data/VPD-OE_Agent_20260709/VPD-OE_Agent/data/raw/ZY/ZY09.xls,三张报表,F35,35
historical_600_unknown_rule,ZY09,4,第4年,balance_sheet,流动资产合计,1048.0,src_57c289f9896a,origin data/VPD-OE_Agent_20260709/VPD-OE_Agent/data/raw/ZY/ZY09.xls,三张报表,G35,35
historical_600_unknown_rule,ZY09,5,第5年,balance_sheet,流动资产合计,1139.0,src_57c289f9896a,origin data/VPD-OE_Agent_20260709/VPD-OE_Agent/data/raw/ZY/ZY09.xls,三张报表,H35,35
historical_600_unknown_rule,ZY09,0,初始元年,balance_sheet,厂房,0.0,src_57c289f9896a,origin data/VPD-OE_Agent_20260709/VPD-OE_Agent/data/raw/ZY/ZY09.xls,三张报表,C36,36
historical_600_unknown_rule,ZY09,1,第1年,balance_sheet,厂房,0.0,src_57c289f9896a,origin data/VPD-OE_Agent_20260709/VPD-OE_Agent/data/raw/ZY/ZY09.xls,三张报表,D36,36
historical_600_unknown_rule,ZY09,2,第2年,balance_sheet,厂房,0.0,src_57c289f9896a,origin data/VPD-OE_Agent_20260709/VPD-OE_Agent/data/raw/ZY/ZY09.xls,三张报表,E36,36
historical_600_unknown_rule,ZY09,3,第3年,balance_sheet,厂房,0.0,src_57c289f9896a,origin data/VPD-OE_Agent_20260709/VPD-OE_Agent/data/raw/ZY/ZY09.xls,三张报表,F36,36
historical_600_unknown_rule,ZY09,4,第4年,balance_sheet,厂房,0.0,src_57c289f9896a,origin data/VPD-OE_Agent_20260709/VPD-OE_Agent/data/raw/ZY/ZY09.xls,三张报表,G36,36
historical_600_unknown_rule,ZY09,5,第5年,balance_sheet,厂房,0.0,src_57c289f9896a,origin data/VPD-OE_Agent_20260709/VPD-OE_Agent/data/raw/ZY/ZY09.xls,三张报表,H36,36
historical_600_unknown_rule,ZY09,0,初始元年,balance_sheet,机器设备,0.0,src_57c289f9896a,origin data/VPD-OE_Agent_20260709/VPD-OE_Agent/data/raw/ZY/ZY09.xls,三张报表,C37,37
historical_600_unknown_rule,ZY09,1,第1年,balance_sheet,机器设备,300.0,src_57c289f9896a,origin data/VPD-OE_Agent_20260709/VPD-OE_Agent/data/raw/ZY/ZY09.xls,三张报表,D37,37
historical_600_unknown_rule,ZY09,2,第2年,balance_sheet,机器设备,440.0,src_57c289f9896a,origin data/VPD-OE_Agent_20260709/VPD-OE_Agent/data/raw/ZY/ZY09.xls,三张报表,E37,37
historical_600_unknown_rule,ZY09,3,第3年,balance_sheet,机器设备,340.0,src_57c289f9896a,origin data/VPD-OE_Agent_20260709/VPD-OE_Agent/data/raw/ZY/ZY09.xls,三张报表,F37,37
historical_600_unknown_rule,ZY09,4,第4年,balance_sheet,机器设备,240.0,src_57c289f9896a,origin data/VPD-OE_Agent_20260709/VPD-OE_Agent/data/raw/ZY/ZY09.xls,三张报表,G37,37
historical_600_unknown_rule,ZY09,5,第5年,balance_sheet,机器设备,140.0,src_57c289f9896a,origin data/VPD-OE_Agent_20260709/VPD-OE_Agent/data/raw/ZY/ZY09.xls,三张报表,H37,37
historical_600_unknown_rule,ZY09,0,初始元年,balance_sheet,在建工程,0.0,src_57c289f9896a,origin data/VPD-OE_Agent_20260709/VPD-OE_Agent/data/raw/ZY/ZY09.xls,三张报表,C38,38
historical_600_unknown_rule,ZY09,1,第1年,balance_sheet,在建工程,200.0,src_57c289f9896a,origin data/VPD-OE_Agent_20260709/VPD-OE_Agent/data/raw/ZY/ZY09.xls,三张报表,D38,38
historical_600_unknown_rule,ZY09,2,第2年,balance_sheet,在建工程,0.0,src_57c289f9896a,origin data/VPD-OE_Agent_20260709/VPD-OE_Agent/data/raw/ZY/ZY09.xls,三张报表,E38,38
historical_600_unknown_rule,ZY09,3,第3年,balance_sheet,在建工程,0.0,src_57c289f9896a,origin data/VPD-OE_Agent_20260709/VPD-OE_Agent/data/raw/ZY/ZY09.xls,三张报表,F38,38
historical_600_unknown_rule,ZY09,4,第4年,balance_sheet,在建工程,0.0,src_57c289f9896a,origin data/VPD-OE_Agent_20260709/VPD-OE_Agent/data/raw/ZY/ZY09.xls,三张报表,G38,38
historical_600_unknown_rule,ZY09,5,第5年,balance_sheet,在建工程,0.0,src_57c289f9896a,origin data/VPD-OE_Agent_20260709/VPD-OE_Agent/data/raw/ZY/ZY09.xls,三张报表,H38,38
historical_600_unknown_rule,ZY09,0,初始元年,balance_sheet,固定资产合计,0.0,src_57c289f9896a,origin data/VPD-OE_Agent_20260709/VPD-OE_Agent/data/raw/ZY/ZY09.xls,三张报表,C39,39
historical_600_unknown_rule,ZY09,1,第1年,balance_sheet,固定资产合计,500.0,src_57c289f9896a,origin data/VPD-OE_Agent_20260709/VPD-OE_Agent/data/raw/ZY/ZY09.xls,三张报表,D39,39
historical_600_unknown_rule,ZY09,2,第2年,balance_sheet,固定资产合计,440.0,src_57c289f9896a,origin data/VPD-OE_Agent_20260709/VPD-OE_Agent/data/raw/ZY/ZY09.xls,三张报表,E39,39
historical_600_unknown_rule,ZY09,3,第3年,balance_sheet,固定资产合计,340.0,src_57c289f9896a,origin data/VPD-OE_Agent_20260709/VPD-OE_Agent/data/raw/ZY/ZY09.xls,三张报表,F39,39
historical_600_unknown_rule,ZY09,4,第4年,balance_sheet,固定资产合计,240.0,src_57c289f9896a,origin data/VPD-OE_Agent_20260709/VPD-OE_Agent/data/raw/ZY/ZY09.xls,三张报表,G39,39
historical_600_unknown_rule,ZY09,5,第5年,balance_sheet,固定资产合计,140.0,src_57c289f9896a,origin data/VPD-OE_Agent_20260709/VPD-OE_Agent/data/raw/ZY/ZY09.xls,三张报表,H39,39
historical_600_unknown_rule,ZY09,0,初始元年,balance_sheet,资产总计,600.0,src_57c289f9896a,origin data/VPD-OE_Agent_20260709/VPD-OE_Agent/data/raw/ZY/ZY09.xls,三张报表,C40,40
historical_600_unknown_rule,ZY09,1,第1年,balance_sheet,资产总计,1310.0,src_57c289f9896a,origin data/VPD-OE_Agent_20260709/VPD-OE_Agent/data/raw/ZY/ZY09.xls,三张报表,D40,40
historical_600_unknown_rule,ZY09,2,第2年,balance_sheet,资产总计,1301.0,src_57c289f9896a,origin data/VPD-OE_Agent_20260709/VPD-OE_Agent/data/raw/ZY/ZY09.xls,三张报表,E40,40
historical_600_unknown_rule,ZY09,3,第3年,balance_sheet,资产总计,1261.0,src_57c289f9896a,origin data/VPD-OE_Agent_20260709/VPD-OE_Agent/data/raw/ZY/ZY09.xls,三张报表,F40,40
historical_600_unknown_rule,ZY09,4,第4年,balance_sheet,资产总计,1288.0,src_57c289f9896a,origin data/VPD-OE_Agent_20260709/VPD-OE_Agent/data/raw/ZY/ZY09.xls,三张报表,G40,40
historical_600_unknown_rule,ZY09,5,第5年,balance_sheet,资产总计,1279.0,src_57c289f9896a,origin data/VPD-OE_Agent_20260709/VPD-OE_Agent/data/raw/ZY/ZY09.xls,三张报表,H40,40
historical_600_unknown_rule,ZY09,0,初始元年,balance_sheet,长期贷款,0.0,src_57c289f9896a,origin data/VPD-OE_Agent_20260709/VPD-OE_Agent/data/raw/ZY/ZY09.xls,三张报表,C41,41
historical_600_unknown_rule,ZY09,1,第1年,balance_sheet,长期贷款,900.0,src_57c289f9896a,origin data/VPD-OE_Agent_20260709/VPD-OE_Agent/data/raw/ZY/ZY09.xls,三张报表,D41,41
historical_600_unknown_rule,ZY09,2,第2年,balance_sheet,长期贷款,900.0,src_57c289f9896a,origin data/VPD-OE_Agent_20260709/VPD-OE_Agent/data/raw/ZY/ZY09.xls,三张报表,E41,41
historical_600_unknown_rule,ZY09,3,第3年,balance_sheet,长期贷款,900.0,src_57c289f9896a,origin data/VPD-OE_Agent_20260709/VPD-OE_Agent/data/raw/ZY/ZY09.xls,三张报表,F41,41
historical_600_unknown_rule,ZY09,4,第4年,balance_sheet,长期贷款,900.0,src_57c289f9896a,origin data/VPD-OE_Agent_20260709/VPD-OE_Agent/data/raw/ZY/ZY09.xls,三张报表,G41,41
historical_600_unknown_rule,ZY09,5,第5年,balance_sheet,长期贷款,900.0,src_57c289f9896a,origin data/VPD-OE_Agent_20260709/VPD-OE_Agent/data/raw/ZY/ZY09.xls,三张报表,H41,41
historical_600_unknown_rule,ZY09,0,初始元年,balance_sheet,短期贷款,0.0,src_57c289f9896a,origin data/VPD-OE_Agent_20260709/VPD-OE_Agent/data/raw/ZY/ZY09.xls,三张报表,C42,42
historical_600_unknown_rule,ZY09,1,第1年,balance_sheet,短期贷款,0.0,src_57c289f9896a,origin data/VPD-OE_Agent_20260709/VPD-OE_Agent/data/raw/ZY/ZY09.xls,三张报表,D42,42
historical_600_unknown_rule,ZY09,2,第2年,balance_sheet,短期贷款,0.0,src_57c289f9896a,origin data/VPD-OE_Agent_20260709/VPD-OE_Agent/data/raw/ZY/ZY09.xls,三张报表,E42,42
historical_600_unknown_rule,ZY09,3,第3年,balance_sheet,短期贷款,0.0,src_57c289f9896a,origin data/VPD-OE_Agent_20260709/VPD-OE_Agent/data/raw/ZY/ZY09.xls,三张报表,F42,42
historical_600_unknown_rule,ZY09,4,第4年,balance_sheet,短期贷款,0.0,src_57c289f9896a,origin data/VPD-OE_Agent_20260709/VPD-OE_Agent/data/raw/ZY/ZY09.xls,三张报表,G42,42
historical_600_unknown_rule,ZY09,5,第5年,balance_sheet,短期贷款,0.0,src_57c289f9896a,origin data/VPD-OE_Agent_20260709/VPD-OE_Agent/data/raw/ZY/ZY09.xls,三张报表,H42,42
historical_600_unknown_rule,ZY09,0,初始元年,balance_sheet,特别贷款,0.0,src_57c289f9896a,origin data/VPD-OE_Agent_20260709/VPD-OE_Agent/data/raw/ZY/ZY09.xls,三张报表,C43,43
historical_600_unknown_rule,ZY09,1,第1年,balance_sheet,特别贷款,0.0,src_57c289f9896a,origin data/VPD-OE_Agent_20260709/VPD-OE_Agent/data/raw/ZY/ZY09.xls,三张报表,D43,43
historical_600_unknown_rule,ZY09,2,第2年,balance_sheet,特别贷款,0.0,src_57c289f9896a,origin data/VPD-OE_Agent_20260709/VPD-OE_Agent/data/raw/ZY/ZY09.xls,三张报表,E43,43
historical_600_unknown_rule,ZY09,3,第3年,balance_sheet,特别贷款,0.0,src_57c289f9896a,origin data/VPD-OE_Agent_20260709/VPD-OE_Agent/data/raw/ZY/ZY09.xls,三张报表,F43,43
historical_600_unknown_rule,ZY09,4,第4年,balance_sheet,特别贷款,0.0,src_57c289f9896a,origin data/VPD-OE_Agent_20260709/VPD-OE_Agent/data/raw/ZY/ZY09.xls,三张报表,G43,43
historical_600_unknown_rule,ZY09,5,第5年,balance_sheet,特别贷款,0.0,src_57c289f9896a,origin data/VPD-OE_Agent_20260709/VPD-OE_Agent/data/raw/ZY/ZY09.xls,三张报表,H43,43
historical_600_unknown_rule,ZY09,0,初始元年,balance_sheet,所得税,0.0,src_57c289f9896a,origin data/VPD-OE_Agent_20260709/VPD-OE_Agent/data/raw/ZY/ZY09.xls,三张报表,C44,44
historical_600_unknown_rule,ZY09,1,第1年,balance_sheet,所得税,0.0,src_57c289f9896a,origin data/VPD-OE_Agent_20260709/VPD-OE_Agent/data/raw/ZY/ZY09.xls,三张报表,D44,44
historical_600_unknown_rule,ZY09,2,第2年,balance_sheet,所得税,0.0,src_57c289f9896a,origin data/VPD-OE_Agent_20260709/VPD-OE_Agent/data/raw/ZY/ZY09.xls,三张报表,E44,44
historical_600_unknown_rule,ZY09,3,第3年,balance_sheet,所得税,0.0,src_57c289f9896a,origin data/VPD-OE_Agent_20260709/VPD-OE_Agent/data/raw/ZY/ZY09.xls,三张报表,F44,44
historical_600_unknown_rule,ZY09,4,第4年,balance_sheet,所得税,0.0,src_57c289f9896a,origin data/VPD-OE_Agent_20260709/VPD-OE_Agent/data/raw/ZY/ZY09.xls,三张报表,G44,44
historical_600_unknown_rule,ZY09,5,第5年,balance_sheet,所得税,0.0,src_57c289f9896a,origin data/VPD-OE_Agent_20260709/VPD-OE_Agent/data/raw/ZY/ZY09.xls,三张报表,H44,44
historical_600_unknown_rule,ZY09,0,初始元年,balance_sheet,负债合计,0.0,src_57c289f9896a,origin data/VPD-OE_Agent_20260709/VPD-OE_Agent/data/raw/ZY/ZY09.xls,三张报表,C45,45
historical_600_unknown_rule,ZY09,1,第1年,balance_sheet,负债合计,900.0,src_57c289f9896a,origin data/VPD-OE_Agent_20260709/VPD-OE_Agent/data/raw/ZY/ZY09.xls,三张报表,D45,45
historical_600_unknown_rule,ZY09,2,第2年,balance_sheet,负债合计,900.0,src_57c289f9896a,origin data/VPD-OE_Agent_20260709/VPD-OE_Agent/data/raw/ZY/ZY09.xls,三张报表,E45,45
historical_600_unknown_rule,ZY09,3,第3年,balance_sheet,负债合计,900.0,src_57c289f9896a,origin data/VPD-OE_Agent_20260709/VPD-OE_Agent/data/raw/ZY/ZY09.xls,三张报表,F45,45
historical_600_unknown_rule,ZY09,4,第4年,balance_sheet,负债合计,900.0,src_57c289f9896a,origin data/VPD-OE_Agent_20260709/VPD-OE_Agent/data/raw/ZY/ZY09.xls,三张报表,G45,45
historical_600_unknown_rule,ZY09,5,第5年,balance_sheet,负债合计,900.0,src_57c289f9896a,origin data/VPD-OE_Agent_20260709/VPD-OE_Agent/data/raw/ZY/ZY09.xls,三张报表,H45,45
historical_600_unknown_rule,ZY09,0,初始元年,balance_sheet,股东资本,600.0,src_57c289f9896a,origin data/VPD-OE_Agent_20260709/VPD-OE_Agent/data/raw/ZY/ZY09.xls,三张报表,C46,46
historical_600_unknown_rule,ZY09,1,第1年,balance_sheet,股东资本,600.0,src_57c289f9896a,origin data/VPD-OE_Agent_20260709/VPD-OE_Agent/data/raw/ZY/ZY09.xls,三张报表,D46,46
historical_600_unknown_rule,ZY09,2,第2年,balance_sheet,股东资本,600.0,src_57c289f9896a,origin data/VPD-OE_Agent_20260709/VPD-OE_Agent/data/raw/ZY/ZY09.xls,三张报表,E46,46
historical_600_unknown_rule,ZY09,3,第3年,balance_sheet,股东资本,600.0,src_57c289f9896a,origin data/VPD-OE_Agent_20260709/VPD-OE_Agent/data/raw/ZY/ZY09.xls,三张报表,F46,46
historical_600_unknown_rule,ZY09,4,第4年,balance_sheet,股东资本,600.0,src_57c289f9896a,origin data/VPD-OE_Agent_20260709/VPD-OE_Agent/data/raw/ZY/ZY09.xls,三张报表,G46,46
historical_600_unknown_rule,ZY09,5,第5年,balance_sheet,股东资本,600.0,src_57c289f9896a,origin data/VPD-OE_Agent_20260709/VPD-OE_Agent/data/raw/ZY/ZY09.xls,三张报表,H46,46
historical_600_unknown_rule,ZY09,0,初始元年,balance_sheet,利润留存,0.0,src_57c289f9896a,origin data/VPD-OE_Agent_20260709/VPD-OE_Agent/data/raw/ZY/ZY09.xls,三张报表,C47,47
historical_600_unknown_rule,ZY09,1,第1年,balance_sheet,利润留存,0.0,src_57c289f9896a,origin data/VPD-OE_Agent_20260709/VPD-OE_Agent/data/raw/ZY/ZY09.xls,三张报表,D47,47
historical_600_unknown_rule,ZY09,2,第2年,balance_sheet,利润留存,-190.0,src_57c289f9896a,origin data/VPD-OE_Agent_20260709/VPD-OE_Agent/data/raw/ZY/ZY09.xls,三张报表,E47,47
historical_600_unknown_rule,ZY09,3,第3年,balance_sheet,利润留存,-199.0,src_57c289f9896a,origin data/VPD-OE_Agent_20260709/VPD-OE_Agent/data/raw/ZY/ZY09.xls,三张报表,F47,47
historical_600_unknown_rule,ZY09,4,第4年,balance_sheet,利润留存,-239.0,src_57c289f9896a,origin data/VPD-OE_Agent_20260709/VPD-OE_Agent/data/raw/ZY/ZY09.xls,三张报表,G47,47
historical_600_unknown_rule,ZY09,5,第5年,balance_sheet,利润留存,-212.0,src_57c289f9896a,origin data/VPD-OE_Agent_20260709/VPD-OE_Agent/data/raw/ZY/ZY09.xls,三张报表,H47,47
historical_600_unknown_rule,ZY09,0,初始元年,balance_sheet,年度净利,0.0,src_57c289f9896a,origin data/VPD-OE_Agent_20260709/VPD-OE_Agent/data/raw/ZY/ZY09.xls,三张报表,C48,48
historical_600_unknown_rule,ZY09,1,第1年,balance_sheet,年度净利,-190.0,src_57c289f9896a,origin data/VPD-OE_Agent_20260709/VPD-OE_Agent/data/raw/ZY/ZY09.xls,三张报表,D48,48
historical_600_unknown_rule,ZY09,2,第2年,balance_sheet,年度净利,-9.0,src_57c289f9896a,origin data/VPD-OE_Agent_20260709/VPD-OE_Agent/data/raw/ZY/ZY09.xls,三张报表,E48,48
historical_600_unknown_rule,ZY09,3,第3年,balance_sheet,年度净利,-40.0,src_57c289f9896a,origin data/VPD-OE_Agent_20260709/VPD-OE_Agent/data/raw/ZY/ZY09.xls,三张报表,F48,48
historical_600_unknown_rule,ZY09,4,第4年,balance_sheet,年度净利,27.0,src_57c289f9896a,origin data/VPD-OE_Agent_20260709/VPD-OE_Agent/data/raw/ZY/ZY09.xls,三张报表,G48,48
historical_600_unknown_rule,ZY09,5,第5年,balance_sheet,年度净利,-9.0,src_57c289f9896a,origin data/VPD-OE_Agent_20260709/VPD-OE_Agent/data/raw/ZY/ZY09.xls,三张报表,H48,48
historical_600_unknown_rule,ZY09,0,初始元年,balance_sheet,所有者权益合计,600.0,src_57c289f9896a,origin data/VPD-OE_Agent_20260709/VPD-OE_Agent/data/raw/ZY/ZY09.xls,三张报表,C49,49
historical_600_unknown_rule,ZY09,1,第1年,balance_sheet,所有者权益合计,410.0,src_57c289f9896a,origin data/VPD-OE_Agent_20260709/VPD-OE_Agent/data/raw/ZY/ZY09.xls,三张报表,D49,49
historical_600_unknown_rule,ZY09,2,第2年,balance_sheet,所有者权益合计,401.0,src_57c289f9896a,origin data/VPD-OE_Agent_20260709/VPD-OE_Agent/data/raw/ZY/ZY09.xls,三张报表,E49,49
historical_600_unknown_rule,ZY09,3,第3年,balance_sheet,所有者权益合计,361.0,src_57c289f9896a,origin data/VPD-OE_Agent_20260709/VPD-OE_Agent/data/raw/ZY/ZY09.xls,三张报表,F49,49
historical_600_unknown_rule,ZY09,4,第4年,balance_sheet,所有者权益合计,388.0,src_57c289f9896a,origin data/VPD-OE_Agent_20260709/VPD-OE_Agent/data/raw/ZY/ZY09.xls,三张报表,G49,49
historical_600_unknown_rule,ZY09,5,第5年,balance_sheet,所有者权益合计,379.0,src_57c289f9896a,origin data/VPD-OE_Agent_20260709/VPD-OE_Agent/data/raw/ZY/ZY09.xls,三张报表,H49,49
historical_600_unknown_rule,ZY09,0,初始元年,balance_sheet,负债和所有者权益总计,600.0,src_57c289f9896a,origin data/VPD-OE_Agent_20260709/VPD-OE_Agent/data/raw/ZY/ZY09.xls,三张报表,C50,50
historical_600_unknown_rule,ZY09,1,第1年,balance_sheet,负债和所有者权益总计,1310.0,src_57c289f9896a,origin data/VPD-OE_Agent_20260709/VPD-OE_Agent/data/raw/ZY/ZY09.xls,三张报表,D50,50
historical_600_unknown_rule,ZY09,2,第2年,balance_sheet,负债和所有者权益总计,1301.0,src_57c289f9896a,origin data/VPD-OE_Agent_20260709/VPD-OE_Agent/data/raw/ZY/ZY09.xls,三张报表,E50,50
historical_600_unknown_rule,ZY09,3,第3年,balance_sheet,负债和所有者权益总计,1261.0,src_57c289f9896a,origin data/VPD-OE_Agent_20260709/VPD-OE_Agent/data/raw/ZY/ZY09.xls,三张报表,F50,50
historical_600_unknown_rule,ZY09,4,第4年,balance_sheet,负债和所有者权益总计,1288.0,src_57c289f9896a,origin data/VPD-OE_Agent_20260709/VPD-OE_Agent/data/raw/ZY/ZY09.xls,三张报表,G50,50
historical_600_unknown_rule,ZY09,5,第5年,balance_sheet,负债和所有者权益总计,1279.0,src_57c289f9896a,origin data/VPD-OE_Agent_20260709/VPD-OE_Agent/data/raw/ZY/ZY09.xls,三张报表,H50,50
historical_600_unknown_rule,ZY10,0,初始元年,comprehensive_expense,管理费,0.0,src_0bc478da983d,origin data/VPD-OE_Agent_20260709/VPD-OE_Agent/data/raw/ZY/ZY10.xls,三张报表,C3,3
historical_600_unknown_rule,ZY10,1,第1年,comprehensive_expense,管理费,40.0,src_0bc478da983d,origin data/VPD-OE_Agent_20260709/VPD-OE_Agent/data/raw/ZY/ZY10.xls,三张报表,D3,3
historical_600_unknown_rule,ZY10,2,第2年,comprehensive_expense,管理费,40.0,src_0bc478da983d,origin data/VPD-OE_Agent_20260709/VPD-OE_Agent/data/raw/ZY/ZY10.xls,三张报表,E3,3
historical_600_unknown_rule,ZY10,3,第3年,comprehensive_expense,管理费,40.0,src_0bc478da983d,origin data/VPD-OE_Agent_20260709/VPD-OE_Agent/data/raw/ZY/ZY10.xls,三张报表,F3,3
historical_600_unknown_rule,ZY10,4,第4年,comprehensive_expense,管理费,40.0,src_0bc478da983d,origin data/VPD-OE_Agent_20260709/VPD-OE_Agent/data/raw/ZY/ZY10.xls,三张报表,G3,3
historical_600_unknown_rule,ZY10,5,第5年,comprehensive_expense,管理费,40.0,src_0bc478da983d,origin data/VPD-OE_Agent_20260709/VPD-OE_Agent/data/raw/ZY/ZY10.xls,三张报表,H3,3
historical_600_unknown_rule,ZY10,0,初始元年,comprehensive_expense,广告费,0.0,src_0bc478da983d,origin data/VPD-OE_Agent_20260709/VPD-OE_Agent/data/raw/ZY/ZY10.xls,三张报表,C4,4
historical_600_unknown_rule,ZY10,1,第1年,comprehensive_expense,广告费,0.0,src_0bc478da983d,origin data/VPD-OE_Agent_20260709/VPD-OE_Agent/data/raw/ZY/ZY10.xls,三张报表,D4,4
historical_600_unknown_rule,ZY10,2,第2年,comprehensive_expense,广告费,60.0,src_0bc478da983d,origin data/VPD-OE_Agent_20260709/VPD-OE_Agent/data/raw/ZY/ZY10.xls,三张报表,E4,4
historical_600_unknown_rule,ZY10,3,第3年,comprehensive_expense,广告费,40.0,src_0bc478da983d,origin data/VPD-OE_Agent_20260709/VPD-OE_Agent/data/raw/ZY/ZY10.xls,三张报表,F4,4
historical_600_unknown_rule,ZY10,4,第4年,comprehensive_expense,广告费,111.0,src_0bc478da983d,origin data/VPD-OE_Agent_20260709/VPD-OE_Agent/data/raw/ZY/ZY10.xls,三张报表,G4,4
historical_600_unknown_rule,ZY10,5,第5年,comprehensive_expense,广告费,153.0,src_0bc478da983d,origin data/VPD-OE_Agent_20260709/VPD-OE_Agent/data/raw/ZY/ZY10.xls,三张报表,H4,4
historical_600_unknown_rule,ZY10,0,初始元年,comprehensive_expense,维护费,0.0,src_0bc478da983d,origin data/VPD-OE_Agent_20260709/VPD-OE_Agent/data/raw/ZY/ZY10.xls,三张报表,C5,5
historical_600_unknown_rule,ZY10,1,第1年,comprehensive_expense,维护费,0.0,src_0bc478da983d,origin data/VPD-OE_Agent_20260709/VPD-OE_Agent/data/raw/ZY/ZY10.xls,三张报表,D5,5
historical_600_unknown_rule,ZY10,2,第2年,comprehensive_expense,维护费,40.0,src_0bc478da983d,origin data/VPD-OE_Agent_20260709/VPD-OE_Agent/data/raw/ZY/ZY10.xls,三张报表,E5,5
historical_600_unknown_rule,ZY10,3,第3年,comprehensive_expense,维护费,40.0,src_0bc478da983d,origin data/VPD-OE_Agent_20260709/VPD-OE_Agent/data/raw/ZY/ZY10.xls,三张报表,F5,5
historical_600_unknown_rule,ZY10,4,第4年,comprehensive_expense,维护费,70.0,src_0bc478da983d,origin data/VPD-OE_Agent_20260709/VPD-OE_Agent/data/raw/ZY/ZY10.xls,三张报表,G5,5
historical_600_unknown_rule,ZY10,5,第5年,comprehensive_expense,维护费,140.0,src_0bc478da983d,origin data/VPD-OE_Agent_20260709/VPD-OE_Agent/data/raw/ZY/ZY10.xls,三张报表,H5,5
historical_600_unknown_rule,ZY10,0,初始元年,comprehensive_expense,损失,0.0,src_0bc478da983d,origin data/VPD-OE_Agent_20260709/VPD-OE_Agent/data/raw/ZY/ZY10.xls,三张报表,C6,6
historical_600_unknown_rule,ZY10,1,第1年,comprehensive_expense,损失,0.0,src_0bc478da983d,origin data/VPD-OE_Agent_20260709/VPD-OE_Agent/data/raw/ZY/ZY10.xls,三张报表,D6,6
historical_600_unknown_rule,ZY10,2,第2年,comprehensive_expense,损失,0.0,src_0bc478da983d,origin data/VPD-OE_Agent_20260709/VPD-OE_Agent/data/raw/ZY/ZY10.xls,三张报表,E6,6
historical_600_unknown_rule,ZY10,3,第3年,comprehensive_expense,损失,0.0,src_0bc478da983d,origin data/VPD-OE_Agent_20260709/VPD-OE_Agent/data/raw/ZY/ZY10.xls,三张报表,F6,6
historical_600_unknown_rule,ZY10,4,第4年,comprehensive_expense,损失,0.0,src_0bc478da983d,origin data/VPD-OE_Agent_20260709/VPD-OE_Agent/data/raw/ZY/ZY10.xls,三张报表,G6,6
historical_600_unknown_rule,ZY10,5,第5年,comprehensive_expense,损失,80.0,src_0bc478da983d,origin data/VPD-OE_Agent_20260709/VPD-OE_Agent/data/raw/ZY/ZY10.xls,三张报表,H6,6
historical_600_unknown_rule,ZY10,0,初始元年,comprehensive_expense,转产费,0.0,src_0bc478da983d,origin data/VPD-OE_Agent_20260709/VPD-OE_Agent/data/raw/ZY/ZY10.xls,三张报表,C7,7
historical_600_unknown_rule,ZY10,1,第1年,comprehensive_expense,转产费,0.0,src_0bc478da983d,origin data/VPD-OE_Agent_20260709/VPD-OE_Agent/data/raw/ZY/ZY10.xls,三张报表,D7,7
historical_600_unknown_rule,ZY10,2,第2年,comprehensive_expense,转产费,0.0,src_0bc478da983d,origin data/VPD-OE_Agent_20260709/VPD-OE_Agent/data/raw/ZY/ZY10.xls,三张报表,E7,7
historical_600_unknown_rule,ZY10,3,第3年,comprehensive_expense,转产费,0.0,src_0bc478da983d,origin data/VPD-OE_Agent_20260709/VPD-OE_Agent/data/raw/ZY/ZY10.xls,三张报表,F7,7
historical_600_unknown_rule,ZY10,4,第4年,comprehensive_expense,转产费,0.0,src_0bc478da983d,origin data/VPD-OE_Agent_20260709/VPD-OE_Agent/data/raw/ZY/ZY10.xls,三张报表,G7,7
historical_600_unknown_rule,ZY10,5,第5年,comprehensive_expense,转产费,0.0,src_0bc478da983d,origin data/VPD-OE_Agent_20260709/VPD-OE_Agent/data/raw/ZY/ZY10.xls,三张报表,H7,7
historical_600_unknown_rule,ZY10,0,初始元年,comprehensive_expense,租金,0.0,src_0bc478da983d,origin data/VPD-OE_Agent_20260709/VPD-OE_Agent/data/raw/ZY/ZY10.xls,三张报表,C8,8
historical_600_unknown_rule,ZY10,1,第1年,comprehensive_expense,租金,40.0,src_0bc478da983d,origin data/VPD-OE_Agent_20260709/VPD-OE_Agent/data/raw/ZY/ZY10.xls,三张报表,D8,8
historical_600_unknown_rule,ZY10,2,第2年,comprehensive_expense,租金,40.0,src_0bc478da983d,origin data/VPD-OE_Agent_20260709/VPD-OE_Agent/data/raw/ZY/ZY10.xls,三张报表,E8,8
historical_600_unknown_rule,ZY10,3,第3年,comprehensive_expense,租金,40.0,src_0bc478da983d,origin data/VPD-OE_Agent_20260709/VPD-OE_Agent/data/raw/ZY/ZY10.xls,三张报表,F8,8
historical_600_unknown_rule,ZY10,4,第4年,comprehensive_expense,租金,70.0,src_0bc478da983d,origin data/VPD-OE_Agent_20260709/VPD-OE_Agent/data/raw/ZY/ZY10.xls,三张报表,G8,8
historical_600_unknown_rule,ZY10,5,第5年,comprehensive_expense,租金,0.0,src_0bc478da983d,origin data/VPD-OE_Agent_20260709/VPD-OE_Agent/data/raw/ZY/ZY10.xls,三张报表,H8,8
historical_600_unknown_rule,ZY10,0,初始元年,comprehensive_expense,市场开拓费,0.0,src_0bc478da983d,origin data/VPD-OE_Agent_20260709/VPD-OE_Agent/data/raw/ZY/ZY10.xls,三张报表,C9,9
historical_600_unknown_rule,ZY10,1,第1年,comprehensive_expense,市场开拓费,50.0,src_0bc478da983d,origin data/VPD-OE_Agent_20260709/VPD-OE_Agent/data/raw/ZY/ZY10.xls,三张报表,D9,9
historical_600_unknown_rule,ZY10,2,第2年,comprehensive_expense,市场开拓费,30.0,src_0bc478da983d,origin data/VPD-OE_Agent_20260709/VPD-OE_Agent/data/raw/ZY/ZY10.xls,三张报表,E9,9
historical_600_unknown_rule,ZY10,3,第3年,comprehensive_expense,市场开拓费,20.0,src_0bc478da983d,origin data/VPD-OE_Agent_20260709/VPD-OE_Agent/data/raw/ZY/ZY10.xls,三张报表,F9,9
historical_600_unknown_rule,ZY10,4,第4年,comprehensive_expense,市场开拓费,10.0,src_0bc478da983d,origin data/VPD-OE_Agent_20260709/VPD-OE_Agent/data/raw/ZY/ZY10.xls,三张报表,G9,9
historical_600_unknown_rule,ZY10,5,第5年,comprehensive_expense,市场开拓费,0.0,src_0bc478da983d,origin data/VPD-OE_Agent_20260709/VPD-OE_Agent/data/raw/ZY/ZY10.xls,三张报表,H9,9
historical_600_unknown_rule,ZY10,0,初始元年,comprehensive_expense,产品研发费,0.0,src_0bc478da983d,origin data/VPD-OE_Agent_20260709/VPD-OE_Agent/data/raw/ZY/ZY10.xls,三张报表,C10,10
historical_600_unknown_rule,ZY10,1,第1年,comprehensive_expense,产品研发费,80.0,src_0bc478da983d,origin data/VPD-OE_Agent_20260709/VPD-OE_Agent/data/raw/ZY/ZY10.xls,三张报表,D10,10
historical_600_unknown_rule,ZY10,2,第2年,comprehensive_expense,产品研发费,10.0,src_0bc478da983d,origin data/VPD-OE_Agent_20260709/VPD-OE_Agent/data/raw/ZY/ZY10.xls,三张报表,E10,10
historical_600_unknown_rule,ZY10,3,第3年,comprehensive_expense,产品研发费,40.0,src_0bc478da983d,origin data/VPD-OE_Agent_20260709/VPD-OE_Agent/data/raw/ZY/ZY10.xls,三张报表,F10,10
historical_600_unknown_rule,ZY10,4,第4年,comprehensive_expense,产品研发费,10.0,src_0bc478da983d,origin data/VPD-OE_Agent_20260709/VPD-OE_Agent/data/raw/ZY/ZY10.xls,三张报表,G10,10
historical_600_unknown_rule,ZY10,5,第5年,comprehensive_expense,产品研发费,0.0,src_0bc478da983d,origin data/VPD-OE_Agent_20260709/VPD-OE_Agent/data/raw/ZY/ZY10.xls,三张报表,H10,10
historical_600_unknown_rule,ZY10,0,初始元年,comprehensive_expense,ISO认证费,0.0,src_0bc478da983d,origin data/VPD-OE_Agent_20260709/VPD-OE_Agent/data/raw/ZY/ZY10.xls,三张报表,C11,11
historical_600_unknown_rule,ZY10,1,第1年,comprehensive_expense,ISO认证费,30.0,src_0bc478da983d,origin data/VPD-OE_Agent_20260709/VPD-OE_Agent/data/raw/ZY/ZY10.xls,三张报表,D11,11
historical_600_unknown_rule,ZY10,2,第2年,comprehensive_expense,ISO认证费,30.0,src_0bc478da983d,origin data/VPD-OE_Agent_20260709/VPD-OE_Agent/data/raw/ZY/ZY10.xls,三张报表,E11,11
historical_600_unknown_rule,ZY10,3,第3年,comprehensive_expense,ISO认证费,0.0,src_0bc478da983d,origin data/VPD-OE_Agent_20260709/VPD-OE_Agent/data/raw/ZY/ZY10.xls,三张报表,F11,11
historical_600_unknown_rule,ZY10,4,第4年,comprehensive_expense,ISO认证费,0.0,src_0bc478da983d,origin data/VPD-OE_Agent_20260709/VPD-OE_Agent/data/raw/ZY/ZY10.xls,三张报表,G11,11
historical_600_unknown_rule,ZY10,5,第5年,comprehensive_expense,ISO认证费,0.0,src_0bc478da983d,origin data/VPD-OE_Agent_20260709/VPD-OE_Agent/data/raw/ZY/ZY10.xls,三张报表,H11,11
historical_600_unknown_rule,ZY10,0,初始元年,comprehensive_expense,信息费,0.0,src_0bc478da983d,origin data/VPD-OE_Agent_20260709/VPD-OE_Agent/data/raw/ZY/ZY10.xls,三张报表,C12,12
historical_600_unknown_rule,ZY10,1,第1年,comprehensive_expense,信息费,0.0,src_0bc478da983d,origin data/VPD-OE_Agent_20260709/VPD-OE_Agent/data/raw/ZY/ZY10.xls,三张报表,D12,12
historical_600_unknown_rule,ZY10,2,第2年,comprehensive_expense,信息费,0.0,src_0bc478da983d,origin data/VPD-OE_Agent_20260709/VPD-OE_Agent/data/raw/ZY/ZY10.xls,三张报表,E12,12
historical_600_unknown_rule,ZY10,3,第3年,comprehensive_expense,信息费,0.0,src_0bc478da983d,origin data/VPD-OE_Agent_20260709/VPD-OE_Agent/data/raw/ZY/ZY10.xls,三张报表,F12,12
historical_600_unknown_rule,ZY10,4,第4年,comprehensive_expense,信息费,0.0,src_0bc478da983d,origin data/VPD-OE_Agent_20260709/VPD-OE_Agent/data/raw/ZY/ZY10.xls,三张报表,G12,12
historical_600_unknown_rule,ZY10,5,第5年,comprehensive_expense,信息费,0.0,src_0bc478da983d,origin data/VPD-OE_Agent_20260709/VPD-OE_Agent/data/raw/ZY/ZY10.xls,三张报表,H12,12
historical_600_unknown_rule,ZY10,0,初始元年,comprehensive_expense,合计,0.0,src_0bc478da983d,origin data/VPD-OE_Agent_20260709/VPD-OE_Agent/data/raw/ZY/ZY10.xls,三张报表,C13,13
historical_600_unknown_rule,ZY10,1,第1年,comprehensive_expense,合计,240.0,src_0bc478da983d,origin data/VPD-OE_Agent_20260709/VPD-OE_Agent/data/raw/ZY/ZY10.xls,三张报表,D13,13
historical_600_unknown_rule,ZY10,2,第2年,comprehensive_expense,合计,250.0,src_0bc478da983d,origin data/VPD-OE_Agent_20260709/VPD-OE_Agent/data/raw/ZY/ZY10.xls,三张报表,E13,13
historical_600_unknown_rule,ZY10,3,第3年,comprehensive_expense,合计,220.0,src_0bc478da983d,origin data/VPD-OE_Agent_20260709/VPD-OE_Agent/data/raw/ZY/ZY10.xls,三张报表,F13,13
historical_600_unknown_rule,ZY10,4,第4年,comprehensive_expense,合计,311.0,src_0bc478da983d,origin data/VPD-OE_Agent_20260709/VPD-OE_Agent/data/raw/ZY/ZY10.xls,三张报表,G13,13
historical_600_unknown_rule,ZY10,5,第5年,comprehensive_expense,合计,413.0,src_0bc478da983d,origin data/VPD-OE_Agent_20260709/VPD-OE_Agent/data/raw/ZY/ZY10.xls,三张报表,H13,13
historical_600_unknown_rule,ZY10,0,初始元年,income_statement,销售收入,0.0,src_0bc478da983d,origin data/VPD-OE_Agent_20260709/VPD-OE_Agent/data/raw/ZY/ZY10.xls,三张报表,C16,16
historical_600_unknown_rule,ZY10,1,第1年,income_statement,销售收入,0.0,src_0bc478da983d,origin data/VPD-OE_Agent_20260709/VPD-OE_Agent/data/raw/ZY/ZY10.xls,三张报表,D16,16
historical_600_unknown_rule,ZY10,2,第2年,income_statement,销售收入,1005.0,src_0bc478da983d,origin data/VPD-OE_Agent_20260709/VPD-OE_Agent/data/raw/ZY/ZY10.xls,三张报表,E16,16
historical_600_unknown_rule,ZY10,3,第3年,income_statement,销售收入,832.0,src_0bc478da983d,origin data/VPD-OE_Agent_20260709/VPD-OE_Agent/data/raw/ZY/ZY10.xls,三张报表,F16,16
historical_600_unknown_rule,ZY10,4,第4年,income_statement,销售收入,1970.0,src_0bc478da983d,origin data/VPD-OE_Agent_20260709/VPD-OE_Agent/data/raw/ZY/ZY10.xls,三张报表,G16,16
historical_600_unknown_rule,ZY10,5,第5年,income_statement,销售收入,2332.0,src_0bc478da983d,origin data/VPD-OE_Agent_20260709/VPD-OE_Agent/data/raw/ZY/ZY10.xls,三张报表,H16,16
historical_600_unknown_rule,ZY10,0,初始元年,income_statement,直接成本,0.0,src_0bc478da983d,origin data/VPD-OE_Agent_20260709/VPD-OE_Agent/data/raw/ZY/ZY10.xls,三张报表,C17,17
historical_600_unknown_rule,ZY10,1,第1年,income_statement,直接成本,0.0,src_0bc478da983d,origin data/VPD-OE_Agent_20260709/VPD-OE_Agent/data/raw/ZY/ZY10.xls,三张报表,D17,17
historical_600_unknown_rule,ZY10,2,第2年,income_statement,直接成本,420.0,src_0bc478da983d,origin data/VPD-OE_Agent_20260709/VPD-OE_Agent/data/raw/ZY/ZY10.xls,三张报表,E17,17
historical_600_unknown_rule,ZY10,3,第3年,income_statement,直接成本,380.0,src_0bc478da983d,origin data/VPD-OE_Agent_20260709/VPD-OE_Agent/data/raw/ZY/ZY10.xls,三张报表,F17,17
historical_600_unknown_rule,ZY10,4,第4年,income_statement,直接成本,970.0,src_0bc478da983d,origin data/VPD-OE_Agent_20260709/VPD-OE_Agent/data/raw/ZY/ZY10.xls,三张报表,G17,17
historical_600_unknown_rule,ZY10,5,第5年,income_statement,直接成本,1060.0,src_0bc478da983d,origin data/VPD-OE_Agent_20260709/VPD-OE_Agent/data/raw/ZY/ZY10.xls,三张报表,H17,17
historical_600_unknown_rule,ZY10,0,初始元年,income_statement,毛利,0.0,src_0bc478da983d,origin data/VPD-OE_Agent_20260709/VPD-OE_Agent/data/raw/ZY/ZY10.xls,三张报表,C18,18
historical_600_unknown_rule,ZY10,1,第1年,income_statement,毛利,0.0,src_0bc478da983d,origin data/VPD-OE_Agent_20260709/VPD-OE_Agent/data/raw/ZY/ZY10.xls,三张报表,D18,18
historical_600_unknown_rule,ZY10,2,第2年,income_statement,毛利,585.0,src_0bc478da983d,origin data/VPD-OE_Agent_20260709/VPD-OE_Agent/data/raw/ZY/ZY10.xls,三张报表,E18,18
historical_600_unknown_rule,ZY10,3,第3年,income_statement,毛利,452.0,src_0bc478da983d,origin data/VPD-OE_Agent_20260709/VPD-OE_Agent/data/raw/ZY/ZY10.xls,三张报表,F18,18
historical_600_unknown_rule,ZY10,4,第4年,income_statement,毛利,1000.0,src_0bc478da983d,origin data/VPD-OE_Agent_20260709/VPD-OE_Agent/data/raw/ZY/ZY10.xls,三张报表,G18,18
historical_600_unknown_rule,ZY10,5,第5年,income_statement,毛利,1272.0,src_0bc478da983d,origin data/VPD-OE_Agent_20260709/VPD-OE_Agent/data/raw/ZY/ZY10.xls,三张报表,H18,18
historical_600_unknown_rule,ZY10,0,初始元年,income_statement,综合费用,0.0,src_0bc478da983d,origin data/VPD-OE_Agent_20260709/VPD-OE_Agent/data/raw/ZY/ZY10.xls,三张报表,C19,19
historical_600_unknown_rule,ZY10,1,第1年,income_statement,综合费用,240.0,src_0bc478da983d,origin data/VPD-OE_Agent_20260709/VPD-OE_Agent/data/raw/ZY/ZY10.xls,三张报表,D19,19
historical_600_unknown_rule,ZY10,2,第2年,income_statement,综合费用,250.0,src_0bc478da983d,origin data/VPD-OE_Agent_20260709/VPD-OE_Agent/data/raw/ZY/ZY10.xls,三张报表,E19,19
historical_600_unknown_rule,ZY10,3,第3年,income_statement,综合费用,220.0,src_0bc478da983d,origin data/VPD-OE_Agent_20260709/VPD-OE_Agent/data/raw/ZY/ZY10.xls,三张报表,F19,19
historical_600_unknown_rule,ZY10,4,第4年,income_statement,综合费用,311.0,src_0bc478da983d,origin data/VPD-OE_Agent_20260709/VPD-OE_Agent/data/raw/ZY/ZY10.xls,三张报表,G19,19
historical_600_unknown_rule,ZY10,5,第5年,income_statement,综合费用,413.0,src_0bc478da983d,origin data/VPD-OE_Agent_20260709/VPD-OE_Agent/data/raw/ZY/ZY10.xls,三张报表,H19,19
historical_600_unknown_rule,ZY10,0,初始元年,income_statement,折旧前利润,0.0,src_0bc478da983d,origin data/VPD-OE_Agent_20260709/VPD-OE_Agent/data/raw/ZY/ZY10.xls,三张报表,C20,20
historical_600_unknown_rule,ZY10,1,第1年,income_statement,折旧前利润,-240.0,src_0bc478da983d,origin data/VPD-OE_Agent_20260709/VPD-OE_Agent/data/raw/ZY/ZY10.xls,三张报表,D20,20
historical_600_unknown_rule,ZY10,2,第2年,income_statement,折旧前利润,335.0,src_0bc478da983d,origin data/VPD-OE_Agent_20260709/VPD-OE_Agent/data/raw/ZY/ZY10.xls,三张报表,E20,20
historical_600_unknown_rule,ZY10,3,第3年,income_statement,折旧前利润,232.0,src_0bc478da983d,origin data/VPD-OE_Agent_20260709/VPD-OE_Agent/data/raw/ZY/ZY10.xls,三张报表,F20,20
historical_600_unknown_rule,ZY10,4,第4年,income_statement,折旧前利润,689.0,src_0bc478da983d,origin data/VPD-OE_Agent_20260709/VPD-OE_Agent/data/raw/ZY/ZY10.xls,三张报表,G20,20
historical_600_unknown_rule,ZY10,5,第5年,income_statement,折旧前利润,859.0,src_0bc478da983d,origin data/VPD-OE_Agent_20260709/VPD-OE_Agent/data/raw/ZY/ZY10.xls,三张报表,H20,20
historical_600_unknown_rule,ZY10,0,初始元年,income_statement,折旧,0.0,src_0bc478da983d,origin data/VPD-OE_Agent_20260709/VPD-OE_Agent/data/raw/ZY/ZY10.xls,三张报表,C21,21
historical_600_unknown_rule,ZY10,1,第1年,income_statement,折旧,0.0,src_0bc478da983d,origin data/VPD-OE_Agent_20260709/VPD-OE_Agent/data/raw/ZY/ZY10.xls,三张报表,D21,21
historical_600_unknown_rule,ZY10,2,第2年,income_statement,折旧,0.0,src_0bc478da983d,origin data/VPD-OE_Agent_20260709/VPD-OE_Agent/data/raw/ZY/ZY10.xls,三张报表,E21,21
historical_600_unknown_rule,ZY10,3,第3年,income_statement,折旧,120.0,src_0bc478da983d,origin data/VPD-OE_Agent_20260709/VPD-OE_Agent/data/raw/ZY/ZY10.xls,三张报表,F21,21
historical_600_unknown_rule,ZY10,4,第4年,income_statement,折旧,120.0,src_0bc478da983d,origin data/VPD-OE_Agent_20260709/VPD-OE_Agent/data/raw/ZY/ZY10.xls,三张报表,G21,21
historical_600_unknown_rule,ZY10,5,第5年,income_statement,折旧,150.0,src_0bc478da983d,origin data/VPD-OE_Agent_20260709/VPD-OE_Agent/data/raw/ZY/ZY10.xls,三张报表,H21,21
historical_600_unknown_rule,ZY10,0,初始元年,income_statement,支付利息前利润,0.0,src_0bc478da983d,origin data/VPD-OE_Agent_20260709/VPD-OE_Agent/data/raw/ZY/ZY10.xls,三张报表,C22,22
historical_600_unknown_rule,ZY10,1,第1年,income_statement,支付利息前利润,-240.0,src_0bc478da983d,origin data/VPD-OE_Agent_20260709/VPD-OE_Agent/data/raw/ZY/ZY10.xls,三张报表,D22,22
historical_600_unknown_rule,ZY10,2,第2年,income_statement,支付利息前利润,335.0,src_0bc478da983d,origin data/VPD-OE_Agent_20260709/VPD-OE_Agent/data/raw/ZY/ZY10.xls,三张报表,E22,22
historical_600_unknown_rule,ZY10,3,第3年,income_statement,支付利息前利润,112.0,src_0bc478da983d,origin data/VPD-OE_Agent_20260709/VPD-OE_Agent/data/raw/ZY/ZY10.xls,三张报表,F22,22
historical_600_unknown_rule,ZY10,4,第4年,income_statement,支付利息前利润,569.0,src_0bc478da983d,origin data/VPD-OE_Agent_20260709/VPD-OE_Agent/data/raw/ZY/ZY10.xls,三张报表,G22,22
historical_600_unknown_rule,ZY10,5,第5年,income_statement,支付利息前利润,709.0,src_0bc478da983d,origin data/VPD-OE_Agent_20260709/VPD-OE_Agent/data/raw/ZY/ZY10.xls,三张报表,H22,22
historical_600_unknown_rule,ZY10,0,初始元年,income_statement,财务费用,0.0,src_0bc478da983d,origin data/VPD-OE_Agent_20260709/VPD-OE_Agent/data/raw/ZY/ZY10.xls,三张报表,C23,23
historical_600_unknown_rule,ZY10,1,第1年,income_statement,财务费用,0.0,src_0bc478da983d,origin data/VPD-OE_Agent_20260709/VPD-OE_Agent/data/raw/ZY/ZY10.xls,三张报表,D23,23
historical_600_unknown_rule,ZY10,2,第2年,income_statement,财务费用,88.0,src_0bc478da983d,origin data/VPD-OE_Agent_20260709/VPD-OE_Agent/data/raw/ZY/ZY10.xls,三张报表,E23,23
historical_600_unknown_rule,ZY10,3,第3年,income_statement,财务费用,87.0,src_0bc478da983d,origin data/VPD-OE_Agent_20260709/VPD-OE_Agent/data/raw/ZY/ZY10.xls,三张报表,F23,23
historical_600_unknown_rule,ZY10,4,第4年,income_statement,财务费用,90.0,src_0bc478da983d,origin data/VPD-OE_Agent_20260709/VPD-OE_Agent/data/raw/ZY/ZY10.xls,三张报表,G23,23
historical_600_unknown_rule,ZY10,5,第5年,income_statement,财务费用,105.0,src_0bc478da983d,origin data/VPD-OE_Agent_20260709/VPD-OE_Agent/data/raw/ZY/ZY10.xls,三张报表,H23,23
historical_600_unknown_rule,ZY10,0,初始元年,income_statement,税前利润,0.0,src_0bc478da983d,origin data/VPD-OE_Agent_20260709/VPD-OE_Agent/data/raw/ZY/ZY10.xls,三张报表,C24,24
historical_600_unknown_rule,ZY10,1,第1年,income_statement,税前利润,-240.0,src_0bc478da983d,origin data/VPD-OE_Agent_20260709/VPD-OE_Agent/data/raw/ZY/ZY10.xls,三张报表,D24,24
historical_600_unknown_rule,ZY10,2,第2年,income_statement,税前利润,247.0,src_0bc478da983d,origin data/VPD-OE_Agent_20260709/VPD-OE_Agent/data/raw/ZY/ZY10.xls,三张报表,E24,24
historical_600_unknown_rule,ZY10,3,第3年,income_statement,税前利润,25.0,src_0bc478da983d,origin data/VPD-OE_Agent_20260709/VPD-OE_Agent/data/raw/ZY/ZY10.xls,三张报表,F24,24
historical_600_unknown_rule,ZY10,4,第4年,income_statement,税前利润,479.0,src_0bc478da983d,origin data/VPD-OE_Agent_20260709/VPD-OE_Agent/data/raw/ZY/ZY10.xls,三张报表,G24,24
historical_600_unknown_rule,ZY10,5,第5年,income_statement,税前利润,604.0,src_0bc478da983d,origin data/VPD-OE_Agent_20260709/VPD-OE_Agent/data/raw/ZY/ZY10.xls,三张报表,H24,24
historical_600_unknown_rule,ZY10,0,初始元年,income_statement,所得税,0.0,src_0bc478da983d,origin data/VPD-OE_Agent_20260709/VPD-OE_Agent/data/raw/ZY/ZY10.xls,三张报表,C25,25
historical_600_unknown_rule,ZY10,1,第1年,income_statement,所得税,0.0,src_0bc478da983d,origin data/VPD-OE_Agent_20260709/VPD-OE_Agent/data/raw/ZY/ZY10.xls,三张报表,D25,25
historical_600_unknown_rule,ZY10,2,第2年,income_statement,所得税,2.0,src_0bc478da983d,origin data/VPD-OE_Agent_20260709/VPD-OE_Agent/data/raw/ZY/ZY10.xls,三张报表,E25,25
historical_600_unknown_rule,ZY10,3,第3年,income_statement,所得税,6.0,src_0bc478da983d,origin data/VPD-OE_Agent_20260709/VPD-OE_Agent/data/raw/ZY/ZY10.xls,三张报表,F25,25
historical_600_unknown_rule,ZY10,4,第4年,income_statement,所得税,120.0,src_0bc478da983d,origin data/VPD-OE_Agent_20260709/VPD-OE_Agent/data/raw/ZY/ZY10.xls,三张报表,G25,25
historical_600_unknown_rule,ZY10,5,第5年,income_statement,所得税,151.0,src_0bc478da983d,origin data/VPD-OE_Agent_20260709/VPD-OE_Agent/data/raw/ZY/ZY10.xls,三张报表,H25,25
historical_600_unknown_rule,ZY10,0,初始元年,income_statement,年度净利润,0.0,src_0bc478da983d,origin data/VPD-OE_Agent_20260709/VPD-OE_Agent/data/raw/ZY/ZY10.xls,三张报表,C26,26
historical_600_unknown_rule,ZY10,1,第1年,income_statement,年度净利润,-240.0,src_0bc478da983d,origin data/VPD-OE_Agent_20260709/VPD-OE_Agent/data/raw/ZY/ZY10.xls,三张报表,D26,26
historical_600_unknown_rule,ZY10,2,第2年,income_statement,年度净利润,245.0,src_0bc478da983d,origin data/VPD-OE_Agent_20260709/VPD-OE_Agent/data/raw/ZY/ZY10.xls,三张报表,E26,26
historical_600_unknown_rule,ZY10,3,第3年,income_statement,年度净利润,19.0,src_0bc478da983d,origin data/VPD-OE_Agent_20260709/VPD-OE_Agent/data/raw/ZY/ZY10.xls,三张报表,F26,26
historical_600_unknown_rule,ZY10,4,第4年,income_statement,年度净利润,359.0,src_0bc478da983d,origin data/VPD-OE_Agent_20260709/VPD-OE_Agent/data/raw/ZY/ZY10.xls,三张报表,G26,26
historical_600_unknown_rule,ZY10,5,第5年,income_statement,年度净利润,453.0,src_0bc478da983d,origin data/VPD-OE_Agent_20260709/VPD-OE_Agent/data/raw/ZY/ZY10.xls,三张报表,H26,26
historical_600_unknown_rule,ZY10,0,初始元年,balance_sheet,现金,600.0,src_0bc478da983d,origin data/VPD-OE_Agent_20260709/VPD-OE_Agent/data/raw/ZY/ZY10.xls,三张报表,C30,30
historical_600_unknown_rule,ZY10,1,第1年,balance_sheet,现金,364.0,src_0bc478da983d,origin data/VPD-OE_Agent_20260709/VPD-OE_Agent/data/raw/ZY/ZY10.xls,三张报表,D30,30
historical_600_unknown_rule,ZY10,2,第2年,balance_sheet,现金,114.0,src_0bc478da983d,origin data/VPD-OE_Agent_20260709/VPD-OE_Agent/data/raw/ZY/ZY10.xls,三张报表,E30,30
historical_600_unknown_rule,ZY10,3,第3年,balance_sheet,现金,811.0,src_0bc478da983d,origin data/VPD-OE_Agent_20260709/VPD-OE_Agent/data/raw/ZY/ZY10.xls,三张报表,F30,30
historical_600_unknown_rule,ZY10,4,第4年,balance_sheet,现金,989.0,src_0bc478da983d,origin data/VPD-OE_Agent_20260709/VPD-OE_Agent/data/raw/ZY/ZY10.xls,三张报表,G30,30
historical_600_unknown_rule,ZY10,5,第5年,balance_sheet,现金,627.0,src_0bc478da983d,origin data/VPD-OE_Agent_20260709/VPD-OE_Agent/data/raw/ZY/ZY10.xls,三张报表,H30,30
historical_600_unknown_rule,ZY10,0,初始元年,balance_sheet,应收款,0.0,src_0bc478da983d,origin data/VPD-OE_Agent_20260709/VPD-OE_Agent/data/raw/ZY/ZY10.xls,三张报表,C31,31
historical_600_unknown_rule,ZY10,1,第1年,balance_sheet,应收款,0.0,src_0bc478da983d,origin data/VPD-OE_Agent_20260709/VPD-OE_Agent/data/raw/ZY/ZY10.xls,三张报表,D31,31
historical_600_unknown_rule,ZY10,2,第2年,balance_sheet,应收款,725.0,src_0bc478da983d,origin data/VPD-OE_Agent_20260709/VPD-OE_Agent/data/raw/ZY/ZY10.xls,三张报表,E31,31
historical_600_unknown_rule,ZY10,3,第3年,balance_sheet,应收款,0.0,src_0bc478da983d,origin data/VPD-OE_Agent_20260709/VPD-OE_Agent/data/raw/ZY/ZY10.xls,三张报表,F31,31
historical_600_unknown_rule,ZY10,4,第4年,balance_sheet,应收款,706.0,src_0bc478da983d,origin data/VPD-OE_Agent_20260709/VPD-OE_Agent/data/raw/ZY/ZY10.xls,三张报表,G31,31
historical_600_unknown_rule,ZY10,5,第5年,balance_sheet,应收款,1769.0,src_0bc478da983d,origin data/VPD-OE_Agent_20260709/VPD-OE_Agent/data/raw/ZY/ZY10.xls,三张报表,H31,31
historical_600_unknown_rule,ZY10,0,初始元年,balance_sheet,在制品,0.0,src_0bc478da983d,origin data/VPD-OE_Agent_20260709/VPD-OE_Agent/data/raw/ZY/ZY10.xls,三张报表,C32,32
historical_600_unknown_rule,ZY10,1,第1年,balance_sheet,在制品,0.0,src_0bc478da983d,origin data/VPD-OE_Agent_20260709/VPD-OE_Agent/data/raw/ZY/ZY10.xls,三张报表,D32,32
historical_600_unknown_rule,ZY10,2,第2年,balance_sheet,在制品,190.0,src_0bc478da983d,origin data/VPD-OE_Agent_20260709/VPD-OE_Agent/data/raw/ZY/ZY10.xls,三张报表,E32,32
historical_600_unknown_rule,ZY10,3,第3年,balance_sheet,在制品,190.0,src_0bc478da983d,origin data/VPD-OE_Agent_20260709/VPD-OE_Agent/data/raw/ZY/ZY10.xls,三张报表,F32,32
historical_600_unknown_rule,ZY10,4,第4年,balance_sheet,在制品,250.0,src_0bc478da983d,origin data/VPD-OE_Agent_20260709/VPD-OE_Agent/data/raw/ZY/ZY10.xls,三张报表,G32,32
historical_600_unknown_rule,ZY10,5,第5年,balance_sheet,在制品,0.0,src_0bc478da983d,origin data/VPD-OE_Agent_20260709/VPD-OE_Agent/data/raw/ZY/ZY10.xls,三张报表,H32,32
historical_600_unknown_rule,ZY10,0,初始元年,balance_sheet,产成品,0.0,src_0bc478da983d,origin data/VPD-OE_Agent_20260709/VPD-OE_Agent/data/raw/ZY/ZY10.xls,三张报表,C33,33
historical_600_unknown_rule,ZY10,1,第1年,balance_sheet,产成品,0.0,src_0bc478da983d,origin data/VPD-OE_Agent_20260709/VPD-OE_Agent/data/raw/ZY/ZY10.xls,三张报表,D33,33
historical_600_unknown_rule,ZY10,2,第2年,balance_sheet,产成品,0.0,src_0bc478da983d,origin data/VPD-OE_Agent_20260709/VPD-OE_Agent/data/raw/ZY/ZY10.xls,三张报表,E33,33
historical_600_unknown_rule,ZY10,3,第3年,balance_sheet,产成品,380.0,src_0bc478da983d,origin data/VPD-OE_Agent_20260709/VPD-OE_Agent/data/raw/ZY/ZY10.xls,三张报表,F33,33
historical_600_unknown_rule,ZY10,4,第4年,balance_sheet,产成品,170.0,src_0bc478da983d,origin data/VPD-OE_Agent_20260709/VPD-OE_Agent/data/raw/ZY/ZY10.xls,三张报表,G33,33
historical_600_unknown_rule,ZY10,5,第5年,balance_sheet,产成品,150.0,src_0bc478da983d,origin data/VPD-OE_Agent_20260709/VPD-OE_Agent/data/raw/ZY/ZY10.xls,三张报表,H33,33
historical_600_unknown_rule,ZY10,0,初始元年,balance_sheet,原料,0.0,src_0bc478da983d,origin data/VPD-OE_Agent_20260709/VPD-OE_Agent/data/raw/ZY/ZY10.xls,三张报表,C34,34
historical_600_unknown_rule,ZY10,1,第1年,balance_sheet,原料,0.0,src_0bc478da983d,origin data/VPD-OE_Agent_20260709/VPD-OE_Agent/data/raw/ZY/ZY10.xls,三张报表,D34,34
historical_600_unknown_rule,ZY10,2,第2年,balance_sheet,原料,0.0,src_0bc478da983d,origin data/VPD-OE_Agent_20260709/VPD-OE_Agent/data/raw/ZY/ZY10.xls,三张报表,E34,34
historical_600_unknown_rule,ZY10,3,第3年,balance_sheet,原料,0.0,src_0bc478da983d,origin data/VPD-OE_Agent_20260709/VPD-OE_Agent/data/raw/ZY/ZY10.xls,三张报表,F34,34
historical_600_unknown_rule,ZY10,4,第4年,balance_sheet,原料,0.0,src_0bc478da983d,origin data/VPD-OE_Agent_20260709/VPD-OE_Agent/data/raw/ZY/ZY10.xls,三张报表,G34,34
historical_600_unknown_rule,ZY10,5,第5年,balance_sheet,原料,80.0,src_0bc478da983d,origin data/VPD-OE_Agent_20260709/VPD-OE_Agent/data/raw/ZY/ZY10.xls,三张报表,H34,34
historical_600_unknown_rule,ZY10,0,初始元年,balance_sheet,流动资产合计,600.0,src_0bc478da983d,origin data/VPD-OE_Agent_20260709/VPD-OE_Agent/data/raw/ZY/ZY10.xls,三张报表,C35,35
historical_600_unknown_rule,ZY10,1,第1年,balance_sheet,流动资产合计,364.0,src_0bc478da983d,origin data/VPD-OE_Agent_20260709/VPD-OE_Agent/data/raw/ZY/ZY10.xls,三张报表,D35,35
historical_600_unknown_rule,ZY10,2,第2年,balance_sheet,流动资产合计,1029.0,src_0bc478da983d,origin data/VPD-OE_Agent_20260709/VPD-OE_Agent/data/raw/ZY/ZY10.xls,三张报表,E35,35
historical_600_unknown_rule,ZY10,3,第3年,balance_sheet,流动资产合计,1381.0,src_0bc478da983d,origin data/VPD-OE_Agent_20260709/VPD-OE_Agent/data/raw/ZY/ZY10.xls,三张报表,F35,35
historical_600_unknown_rule,ZY10,4,第4年,balance_sheet,流动资产合计,2115.0,src_0bc478da983d,origin data/VPD-OE_Agent_20260709/VPD-OE_Agent/data/raw/ZY/ZY10.xls,三张报表,G35,35
historical_600_unknown_rule,ZY10,5,第5年,balance_sheet,流动资产合计,2626.0,src_0bc478da983d,origin data/VPD-OE_Agent_20260709/VPD-OE_Agent/data/raw/ZY/ZY10.xls,三张报表,H35,35
historical_600_unknown_rule,ZY10,0,初始元年,balance_sheet,厂房,0.0,src_0bc478da983d,origin data/VPD-OE_Agent_20260709/VPD-OE_Agent/data/raw/ZY/ZY10.xls,三张报表,C36,36
historical_600_unknown_rule,ZY10,1,第1年,balance_sheet,厂房,0.0,src_0bc478da983d,origin data/VPD-OE_Agent_20260709/VPD-OE_Agent/data/raw/ZY/ZY10.xls,三张报表,D36,36
historical_600_unknown_rule,ZY10,2,第2年,balance_sheet,厂房,0.0,src_0bc478da983d,origin data/VPD-OE_Agent_20260709/VPD-OE_Agent/data/raw/ZY/ZY10.xls,三张报表,E36,36
historical_600_unknown_rule,ZY10,3,第3年,balance_sheet,厂房,0.0,src_0bc478da983d,origin data/VPD-OE_Agent_20260709/VPD-OE_Agent/data/raw/ZY/ZY10.xls,三张报表,F36,36
historical_600_unknown_rule,ZY10,4,第4年,balance_sheet,厂房,0.0,src_0bc478da983d,origin data/VPD-OE_Agent_20260709/VPD-OE_Agent/data/raw/ZY/ZY10.xls,三张报表,G36,36
historical_600_unknown_rule,ZY10,5,第5年,balance_sheet,厂房,1000.0,src_0bc478da983d,origin data/VPD-OE_Agent_20260709/VPD-OE_Agent/data/raw/ZY/ZY10.xls,三张报表,H36,36
historical_600_unknown_rule,ZY10,0,初始元年,balance_sheet,机器设备,0.0,src_0bc478da983d,origin data/VPD-OE_Agent_20260709/VPD-OE_Agent/data/raw/ZY/ZY10.xls,三张报表,C37,37
historical_600_unknown_rule,ZY10,1,第1年,balance_sheet,机器设备,0.0,src_0bc478da983d,origin data/VPD-OE_Agent_20260709/VPD-OE_Agent/data/raw/ZY/ZY10.xls,三张报表,D37,37
historical_600_unknown_rule,ZY10,2,第2年,balance_sheet,机器设备,600.0,src_0bc478da983d,origin data/VPD-OE_Agent_20260709/VPD-OE_Agent/data/raw/ZY/ZY10.xls,三张报表,E37,37
historical_600_unknown_rule,ZY10,3,第3年,balance_sheet,机器设备,480.0,src_0bc478da983d,origin data/VPD-OE_Agent_20260709/VPD-OE_Agent/data/raw/ZY/ZY10.xls,三张报表,F37,37
historical_600_unknown_rule,ZY10,4,第4年,balance_sheet,机器设备,510.0,src_0bc478da983d,origin data/VPD-OE_Agent_20260709/VPD-OE_Agent/data/raw/ZY/ZY10.xls,三张报表,G37,37
historical_600_unknown_rule,ZY10,5,第5年,balance_sheet,机器设备,910.0,src_0bc478da983d,origin data/VPD-OE_Agent_20260709/VPD-OE_Agent/data/raw/ZY/ZY10.xls,三张报表,H37,37
historical_600_unknown_rule,ZY10,0,初始元年,balance_sheet,在建工程,0.0,src_0bc478da983d,origin data/VPD-OE_Agent_20260709/VPD-OE_Agent/data/raw/ZY/ZY10.xls,三张报表,C38,38
historical_600_unknown_rule,ZY10,1,第1年,balance_sheet,在建工程,600.0,src_0bc478da983d,origin data/VPD-OE_Agent_20260709/VPD-OE_Agent/data/raw/ZY/ZY10.xls,三张报表,D38,38
historical_600_unknown_rule,ZY10,2,第2年,balance_sheet,在建工程,0.0,src_0bc478da983d,origin data/VPD-OE_Agent_20260709/VPD-OE_Agent/data/raw/ZY/ZY10.xls,三张报表,E38,38
historical_600_unknown_rule,ZY10,3,第3年,balance_sheet,在建工程,0.0,src_0bc478da983d,origin data/VPD-OE_Agent_20260709/VPD-OE_Agent/data/raw/ZY/ZY10.xls,三张报表,F38,38
historical_600_unknown_rule,ZY10,4,第4年,balance_sheet,在建工程,0.0,src_0bc478da983d,origin data/VPD-OE_Agent_20260709/VPD-OE_Agent/data/raw/ZY/ZY10.xls,三张报表,G38,38
historical_600_unknown_rule,ZY10,5,第5年,balance_sheet,在建工程,0.0,src_0bc478da983d,origin data/VPD-OE_Agent_20260709/VPD-OE_Agent/data/raw/ZY/ZY10.xls,三张报表,H38,38
historical_600_unknown_rule,ZY10,0,初始元年,balance_sheet,固定资产合计,0.0,src_0bc478da983d,origin data/VPD-OE_Agent_20260709/VPD-OE_Agent/data/raw/ZY/ZY10.xls,三张报表,C39,39
historical_600_unknown_rule,ZY10,1,第1年,balance_sheet,固定资产合计,600.0,src_0bc478da983d,origin data/VPD-OE_Agent_20260709/VPD-OE_Agent/data/raw/ZY/ZY10.xls,三张报表,D39,39
historical_600_unknown_rule,ZY10,2,第2年,balance_sheet,固定资产合计,600.0,src_0bc478da983d,origin data/VPD-OE_Agent_20260709/VPD-OE_Agent/data/raw/ZY/ZY10.xls,三张报表,E39,39
historical_600_unknown_rule,ZY10,3,第3年,balance_sheet,固定资产合计,480.0,src_0bc478da983d,origin data/VPD-OE_Agent_20260709/VPD-OE_Agent/data/raw/ZY/ZY10.xls,三张报表,F39,39
historical_600_unknown_rule,ZY10,4,第4年,balance_sheet,固定资产合计,510.0,src_0bc478da983d,origin data/VPD-OE_Agent_20260709/VPD-OE_Agent/data/raw/ZY/ZY10.xls,三张报表,G39,39
historical_600_unknown_rule,ZY10,5,第5年,balance_sheet,固定资产合计,1910.0,src_0bc478da983d,origin data/VPD-OE_Agent_20260709/VPD-OE_Agent/data/raw/ZY/ZY10.xls,三张报表,H39,39
historical_600_unknown_rule,ZY10,0,初始元年,balance_sheet,资产总计,600.0,src_0bc478da983d,origin data/VPD-OE_Agent_20260709/VPD-OE_Agent/data/raw/ZY/ZY10.xls,三张报表,C40,40
historical_600_unknown_rule,ZY10,1,第1年,balance_sheet,资产总计,964.0,src_0bc478da983d,origin data/VPD-OE_Agent_20260709/VPD-OE_Agent/data/raw/ZY/ZY10.xls,三张报表,D40,40
historical_600_unknown_rule,ZY10,2,第2年,balance_sheet,资产总计,1629.0,src_0bc478da983d,origin data/VPD-OE_Agent_20260709/VPD-OE_Agent/data/raw/ZY/ZY10.xls,三张报表,E40,40
historical_600_unknown_rule,ZY10,3,第3年,balance_sheet,资产总计,1861.0,src_0bc478da983d,origin data/VPD-OE_Agent_20260709/VPD-OE_Agent/data/raw/ZY/ZY10.xls,三张报表,F40,40
historical_600_unknown_rule,ZY10,4,第4年,balance_sheet,资产总计,2625.0,src_0bc478da983d,origin data/VPD-OE_Agent_20260709/VPD-OE_Agent/data/raw/ZY/ZY10.xls,三张报表,G40,40
historical_600_unknown_rule,ZY10,5,第5年,balance_sheet,资产总计,4536.0,src_0bc478da983d,origin data/VPD-OE_Agent_20260709/VPD-OE_Agent/data/raw/ZY/ZY10.xls,三张报表,H40,40
historical_600_unknown_rule,ZY10,0,初始元年,balance_sheet,长期贷款,0.0,src_0bc478da983d,origin data/VPD-OE_Agent_20260709/VPD-OE_Agent/data/raw/ZY/ZY10.xls,三张报表,C41,41
historical_600_unknown_rule,ZY10,1,第1年,balance_sheet,长期贷款,604.0,src_0bc478da983d,origin data/VPD-OE_Agent_20260709/VPD-OE_Agent/data/raw/ZY/ZY10.xls,三张报表,D41,41
historical_600_unknown_rule,ZY10,2,第2年,balance_sheet,长期贷款,604.0,src_0bc478da983d,origin data/VPD-OE_Agent_20260709/VPD-OE_Agent/data/raw/ZY/ZY10.xls,三张报表,E41,41
historical_600_unknown_rule,ZY10,3,第3年,balance_sheet,长期贷款,604.0,src_0bc478da983d,origin data/VPD-OE_Agent_20260709/VPD-OE_Agent/data/raw/ZY/ZY10.xls,三张报表,F41,41
historical_600_unknown_rule,ZY10,4,第4年,balance_sheet,长期贷款,604.0,src_0bc478da983d,origin data/VPD-OE_Agent_20260709/VPD-OE_Agent/data/raw/ZY/ZY10.xls,三张报表,G41,41
historical_600_unknown_rule,ZY10,5,第5年,balance_sheet,长期贷款,2031.0,src_0bc478da983d,origin data/VPD-OE_Agent_20260709/VPD-OE_Agent/data/raw/ZY/ZY10.xls,三张报表,H41,41
historical_600_unknown_rule,ZY10,0,初始元年,balance_sheet,短期贷款,0.0,src_0bc478da983d,origin data/VPD-OE_Agent_20260709/VPD-OE_Agent/data/raw/ZY/ZY10.xls,三张报表,C42,42
historical_600_unknown_rule,ZY10,1,第1年,balance_sheet,短期贷款,0.0,src_0bc478da983d,origin data/VPD-OE_Agent_20260709/VPD-OE_Agent/data/raw/ZY/ZY10.xls,三张报表,D42,42
historical_600_unknown_rule,ZY10,2,第2年,balance_sheet,短期贷款,418.0,src_0bc478da983d,origin data/VPD-OE_Agent_20260709/VPD-OE_Agent/data/raw/ZY/ZY10.xls,三张报表,E42,42
historical_600_unknown_rule,ZY10,3,第3年,balance_sheet,短期贷款,627.0,src_0bc478da983d,origin data/VPD-OE_Agent_20260709/VPD-OE_Agent/data/raw/ZY/ZY10.xls,三张报表,F42,42
historical_600_unknown_rule,ZY10,4,第4年,balance_sheet,短期贷款,918.0,src_0bc478da983d,origin data/VPD-OE_Agent_20260709/VPD-OE_Agent/data/raw/ZY/ZY10.xls,三张报表,G42,42
historical_600_unknown_rule,ZY10,5,第5年,balance_sheet,短期贷款,918.0,src_0bc478da983d,origin data/VPD-OE_Agent_20260709/VPD-OE_Agent/data/raw/ZY/ZY10.xls,三张报表,H42,42
historical_600_unknown_rule,ZY10,0,初始元年,balance_sheet,特别贷款,0.0,src_0bc478da983d,origin data/VPD-OE_Agent_20260709/VPD-OE_Agent/data/raw/ZY/ZY10.xls,三张报表,C43,43
historical_600_unknown_rule,ZY10,1,第1年,balance_sheet,特别贷款,0.0,src_0bc478da983d,origin data/VPD-OE_Agent_20260709/VPD-OE_Agent/data/raw/ZY/ZY10.xls,三张报表,D43,43
historical_600_unknown_rule,ZY10,2,第2年,balance_sheet,特别贷款,0.0,src_0bc478da983d,origin data/VPD-OE_Agent_20260709/VPD-OE_Agent/data/raw/ZY/ZY10.xls,三张报表,E43,43
historical_600_unknown_rule,ZY10,3,第3年,balance_sheet,特别贷款,0.0,src_0bc478da983d,origin data/VPD-OE_Agent_20260709/VPD-OE_Agent/data/raw/ZY/ZY10.xls,三张报表,F43,43
historical_600_unknown_rule,ZY10,4,第4年,balance_sheet,特别贷款,0.0,src_0bc478da983d,origin data/VPD-OE_Agent_20260709/VPD-OE_Agent/data/raw/ZY/ZY10.xls,三张报表,G43,43
historical_600_unknown_rule,ZY10,5,第5年,balance_sheet,特别贷款,0.0,src_0bc478da983d,origin data/VPD-OE_Agent_20260709/VPD-OE_Agent/data/raw/ZY/ZY10.xls,三张报表,H43,43
historical_600_unknown_rule,ZY10,0,初始元年,balance_sheet,所得税,0.0,src_0bc478da983d,origin data/VPD-OE_Agent_20260709/VPD-OE_Agent/data/raw/ZY/ZY10.xls,三张报表,C44,44
historical_600_unknown_rule,ZY10,1,第1年,balance_sheet,所得税,0.0,src_0bc478da983d,origin data/VPD-OE_Agent_20260709/VPD-OE_Agent/data/raw/ZY/ZY10.xls,三张报表,D44,44
historical_600_unknown_rule,ZY10,2,第2年,balance_sheet,所得税,2.0,src_0bc478da983d,origin data/VPD-OE_Agent_20260709/VPD-OE_Agent/data/raw/ZY/ZY10.xls,三张报表,E44,44
historical_600_unknown_rule,ZY10,3,第3年,balance_sheet,所得税,6.0,src_0bc478da983d,origin data/VPD-OE_Agent_20260709/VPD-OE_Agent/data/raw/ZY/ZY10.xls,三张报表,F44,44
historical_600_unknown_rule,ZY10,4,第4年,balance_sheet,所得税,120.0,src_0bc478da983d,origin data/VPD-OE_Agent_20260709/VPD-OE_Agent/data/raw/ZY/ZY10.xls,三张报表,G44,44
historical_600_unknown_rule,ZY10,5,第5年,balance_sheet,所得税,151.0,src_0bc478da983d,origin data/VPD-OE_Agent_20260709/VPD-OE_Agent/data/raw/ZY/ZY10.xls,三张报表,H44,44
historical_600_unknown_rule,ZY10,0,初始元年,balance_sheet,负债合计,0.0,src_0bc478da983d,origin data/VPD-OE_Agent_20260709/VPD-OE_Agent/data/raw/ZY/ZY10.xls,三张报表,C45,45
historical_600_unknown_rule,ZY10,1,第1年,balance_sheet,负债合计,604.0,src_0bc478da983d,origin data/VPD-OE_Agent_20260709/VPD-OE_Agent/data/raw/ZY/ZY10.xls,三张报表,D45,45
historical_600_unknown_rule,ZY10,2,第2年,balance_sheet,负债合计,1024.0,src_0bc478da983d,origin data/VPD-OE_Agent_20260709/VPD-OE_Agent/data/raw/ZY/ZY10.xls,三张报表,E45,45
historical_600_unknown_rule,ZY10,3,第3年,balance_sheet,负债合计,1237.0,src_0bc478da983d,origin data/VPD-OE_Agent_20260709/VPD-OE_Agent/data/raw/ZY/ZY10.xls,三张报表,F45,45
historical_600_unknown_rule,ZY10,4,第4年,balance_sheet,负债合计,1642.0,src_0bc478da983d,origin data/VPD-OE_Agent_20260709/VPD-OE_Agent/data/raw/ZY/ZY10.xls,三张报表,G45,45
historical_600_unknown_rule,ZY10,5,第5年,balance_sheet,负债合计,3100.0,src_0bc478da983d,origin data/VPD-OE_Agent_20260709/VPD-OE_Agent/data/raw/ZY/ZY10.xls,三张报表,H45,45
historical_600_unknown_rule,ZY10,0,初始元年,balance_sheet,股东资本,600.0,src_0bc478da983d,origin data/VPD-OE_Agent_20260709/VPD-OE_Agent/data/raw/ZY/ZY10.xls,三张报表,C46,46
historical_600_unknown_rule,ZY10,1,第1年,balance_sheet,股东资本,600.0,src_0bc478da983d,origin data/VPD-OE_Agent_20260709/VPD-OE_Agent/data/raw/ZY/ZY10.xls,三张报表,D46,46
historical_600_unknown_rule,ZY10,2,第2年,balance_sheet,股东资本,600.0,src_0bc478da983d,origin data/VPD-OE_Agent_20260709/VPD-OE_Agent/data/raw/ZY/ZY10.xls,三张报表,E46,46
historical_600_unknown_rule,ZY10,3,第3年,balance_sheet,股东资本,600.0,src_0bc478da983d,origin data/VPD-OE_Agent_20260709/VPD-OE_Agent/data/raw/ZY/ZY10.xls,三张报表,F46,46
historical_600_unknown_rule,ZY10,4,第4年,balance_sheet,股东资本,600.0,src_0bc478da983d,origin data/VPD-OE_Agent_20260709/VPD-OE_Agent/data/raw/ZY/ZY10.xls,三张报表,G46,46
historical_600_unknown_rule,ZY10,5,第5年,balance_sheet,股东资本,600.0,src_0bc478da983d,origin data/VPD-OE_Agent_20260709/VPD-OE_Agent/data/raw/ZY/ZY10.xls,三张报表,H46,46
historical_600_unknown_rule,ZY10,0,初始元年,balance_sheet,利润留存,0.0,src_0bc478da983d,origin data/VPD-OE_Agent_20260709/VPD-OE_Agent/data/raw/ZY/ZY10.xls,三张报表,C47,47
historical_600_unknown_rule,ZY10,1,第1年,balance_sheet,利润留存,0.0,src_0bc478da983d,origin data/VPD-OE_Agent_20260709/VPD-OE_Agent/data/raw/ZY/ZY10.xls,三张报表,D47,47
historical_600_unknown_rule,ZY10,2,第2年,balance_sheet,利润留存,-240.0,src_0bc478da983d,origin data/VPD-OE_Agent_20260709/VPD-OE_Agent/data/raw/ZY/ZY10.xls,三张报表,E47,47
historical_600_unknown_rule,ZY10,3,第3年,balance_sheet,利润留存,5.0,src_0bc478da983d,origin data/VPD-OE_Agent_20260709/VPD-OE_Agent/data/raw/ZY/ZY10.xls,三张报表,F47,47
historical_600_unknown_rule,ZY10,4,第4年,balance_sheet,利润留存,24.0,src_0bc478da983d,origin data/VPD-OE_Agent_20260709/VPD-OE_Agent/data/raw/ZY/ZY10.xls,三张报表,G47,47
historical_600_unknown_rule,ZY10,5,第5年,balance_sheet,利润留存,383.0,src_0bc478da983d,origin data/VPD-OE_Agent_20260709/VPD-OE_Agent/data/raw/ZY/ZY10.xls,三张报表,H47,47
historical_600_unknown_rule,ZY10,0,初始元年,balance_sheet,年度净利,0.0,src_0bc478da983d,origin data/VPD-OE_Agent_20260709/VPD-OE_Agent/data/raw/ZY/ZY10.xls,三张报表,C48,48
historical_600_unknown_rule,ZY10,1,第1年,balance_sheet,年度净利,-240.0,src_0bc478da983d,origin data/VPD-OE_Agent_20260709/VPD-OE_Agent/data/raw/ZY/ZY10.xls,三张报表,D48,48
historical_600_unknown_rule,ZY10,2,第2年,balance_sheet,年度净利,245.0,src_0bc478da983d,origin data/VPD-OE_Agent_20260709/VPD-OE_Agent/data/raw/ZY/ZY10.xls,三张报表,E48,48
historical_600_unknown_rule,ZY10,3,第3年,balance_sheet,年度净利,19.0,src_0bc478da983d,origin data/VPD-OE_Agent_20260709/VPD-OE_Agent/data/raw/ZY/ZY10.xls,三张报表,F48,48
historical_600_unknown_rule,ZY10,4,第4年,balance_sheet,年度净利,359.0,src_0bc478da983d,origin data/VPD-OE_Agent_20260709/VPD-OE_Agent/data/raw/ZY/ZY10.xls,三张报表,G48,48
historical_600_unknown_rule,ZY10,5,第5年,balance_sheet,年度净利,453.0,src_0bc478da983d,origin data/VPD-OE_Agent_20260709/VPD-OE_Agent/data/raw/ZY/ZY10.xls,三张报表,H48,48
historical_600_unknown_rule,ZY10,0,初始元年,balance_sheet,所有者权益合计,600.0,src_0bc478da983d,origin data/VPD-OE_Agent_20260709/VPD-OE_Agent/data/raw/ZY/ZY10.xls,三张报表,C49,49
historical_600_unknown_rule,ZY10,1,第1年,balance_sheet,所有者权益合计,360.0,src_0bc478da983d,origin data/VPD-OE_Agent_20260709/VPD-OE_Agent/data/raw/ZY/ZY10.xls,三张报表,D49,49
historical_600_unknown_rule,ZY10,2,第2年,balance_sheet,所有者权益合计,605.0,src_0bc478da983d,origin data/VPD-OE_Agent_20260709/VPD-OE_Agent/data/raw/ZY/ZY10.xls,三张报表,E49,49
historical_600_unknown_rule,ZY10,3,第3年,balance_sheet,所有者权益合计,624.0,src_0bc478da983d,origin data/VPD-OE_Agent_20260709/VPD-OE_Agent/data/raw/ZY/ZY10.xls,三张报表,F49,49
historical_600_unknown_rule,ZY10,4,第4年,balance_sheet,所有者权益合计,983.0,src_0bc478da983d,origin data/VPD-OE_Agent_20260709/VPD-OE_Agent/data/raw/ZY/ZY10.xls,三张报表,G49,49
historical_600_unknown_rule,ZY10,5,第5年,balance_sheet,所有者权益合计,1436.0,src_0bc478da983d,origin data/VPD-OE_Agent_20260709/VPD-OE_Agent/data/raw/ZY/ZY10.xls,三张报表,H49,49
historical_600_unknown_rule,ZY10,0,初始元年,balance_sheet,负债和所有者权益总计,600.0,src_0bc478da983d,origin data/VPD-OE_Agent_20260709/VPD-OE_Agent/data/raw/ZY/ZY10.xls,三张报表,C50,50
historical_600_unknown_rule,ZY10,1,第1年,balance_sheet,负债和所有者权益总计,964.0,src_0bc478da983d,origin data/VPD-OE_Agent_20260709/VPD-OE_Agent/data/raw/ZY/ZY10.xls,三张报表,D50,50
historical_600_unknown_rule,ZY10,2,第2年,balance_sheet,负债和所有者权益总计,1629.0,src_0bc478da983d,origin data/VPD-OE_Agent_20260709/VPD-OE_Agent/data/raw/ZY/ZY10.xls,三张报表,E50,50
historical_600_unknown_rule,ZY10,3,第3年,balance_sheet,负债和所有者权益总计,1861.0,src_0bc478da983d,origin data/VPD-OE_Agent_20260709/VPD-OE_Agent/data/raw/ZY/ZY10.xls,三张报表,F50,50
historical_600_unknown_rule,ZY10,4,第4年,balance_sheet,负债和所有者权益总计,2625.0,src_0bc478da983d,origin data/VPD-OE_Agent_20260709/VPD-OE_Agent/data/raw/ZY/ZY10.xls,三张报表,G50,50
historical_600_unknown_rule,ZY10,5,第5年,balance_sheet,负债和所有者权益总计,4536.0,src_0bc478da983d,origin data/VPD-OE_Agent_20260709/VPD-OE_Agent/data/raw/ZY/ZY10.xls,三张报表,H50,50
historical_600_unknown_rule,ZY11,0,初始元年,comprehensive_expense,管理费,0.0,src_1179379453a7,origin data/VPD-OE_Agent_20260709/VPD-OE_Agent/data/raw/ZY/ZY11.xls,三张报表,C3,3
historical_600_unknown_rule,ZY11,1,第1年,comprehensive_expense,管理费,40.0,src_1179379453a7,origin data/VPD-OE_Agent_20260709/VPD-OE_Agent/data/raw/ZY/ZY11.xls,三张报表,D3,3
historical_600_unknown_rule,ZY11,2,第2年,comprehensive_expense,管理费,40.0,src_1179379453a7,origin data/VPD-OE_Agent_20260709/VPD-OE_Agent/data/raw/ZY/ZY11.xls,三张报表,E3,3
historical_600_unknown_rule,ZY11,3,第3年,comprehensive_expense,管理费,40.0,src_1179379453a7,origin data/VPD-OE_Agent_20260709/VPD-OE_Agent/data/raw/ZY/ZY11.xls,三张报表,F3,3
historical_600_unknown_rule,ZY11,4,第4年,comprehensive_expense,管理费,40.0,src_1179379453a7,origin data/VPD-OE_Agent_20260709/VPD-OE_Agent/data/raw/ZY/ZY11.xls,三张报表,G3,3
historical_600_unknown_rule,ZY11,5,第5年,comprehensive_expense,管理费,40.0,src_1179379453a7,origin data/VPD-OE_Agent_20260709/VPD-OE_Agent/data/raw/ZY/ZY11.xls,三张报表,H3,3
historical_600_unknown_rule,ZY11,0,初始元年,comprehensive_expense,广告费,0.0,src_1179379453a7,origin data/VPD-OE_Agent_20260709/VPD-OE_Agent/data/raw/ZY/ZY11.xls,三张报表,C4,4
historical_600_unknown_rule,ZY11,1,第1年,comprehensive_expense,广告费,0.0,src_1179379453a7,origin data/VPD-OE_Agent_20260709/VPD-OE_Agent/data/raw/ZY/ZY11.xls,三张报表,D4,4
historical_600_unknown_rule,ZY11,2,第2年,comprehensive_expense,广告费,60.0,src_1179379453a7,origin data/VPD-OE_Agent_20260709/VPD-OE_Agent/data/raw/ZY/ZY11.xls,三张报表,E4,4
historical_600_unknown_rule,ZY11,3,第3年,comprehensive_expense,广告费,60.0,src_1179379453a7,origin data/VPD-OE_Agent_20260709/VPD-OE_Agent/data/raw/ZY/ZY11.xls,三张报表,F4,4
historical_600_unknown_rule,ZY11,4,第4年,comprehensive_expense,广告费,60.0,src_1179379453a7,origin data/VPD-OE_Agent_20260709/VPD-OE_Agent/data/raw/ZY/ZY11.xls,三张报表,G4,4
historical_600_unknown_rule,ZY11,5,第5年,comprehensive_expense,广告费,60.0,src_1179379453a7,origin data/VPD-OE_Agent_20260709/VPD-OE_Agent/data/raw/ZY/ZY11.xls,三张报表,H4,4
historical_600_unknown_rule,ZY11,0,初始元年,comprehensive_expense,维护费,0.0,src_1179379453a7,origin data/VPD-OE_Agent_20260709/VPD-OE_Agent/data/raw/ZY/ZY11.xls,三张报表,C5,5
historical_600_unknown_rule,ZY11,1,第1年,comprehensive_expense,维护费,0.0,src_1179379453a7,origin data/VPD-OE_Agent_20260709/VPD-OE_Agent/data/raw/ZY/ZY11.xls,三张报表,D5,5
historical_600_unknown_rule,ZY11,2,第2年,comprehensive_expense,维护费,30.0,src_1179379453a7,origin data/VPD-OE_Agent_20260709/VPD-OE_Agent/data/raw/ZY/ZY11.xls,三张报表,E5,5
historical_600_unknown_rule,ZY11,3,第3年,comprehensive_expense,维护费,30.0,src_1179379453a7,origin data/VPD-OE_Agent_20260709/VPD-OE_Agent/data/raw/ZY/ZY11.xls,三张报表,F5,5
historical_600_unknown_rule,ZY11,4,第4年,comprehensive_expense,维护费,30.0,src_1179379453a7,origin data/VPD-OE_Agent_20260709/VPD-OE_Agent/data/raw/ZY/ZY11.xls,三张报表,G5,5
historical_600_unknown_rule,ZY11,5,第5年,comprehensive_expense,维护费,30.0,src_1179379453a7,origin data/VPD-OE_Agent_20260709/VPD-OE_Agent/data/raw/ZY/ZY11.xls,三张报表,H5,5
historical_600_unknown_rule,ZY11,0,初始元年,comprehensive_expense,损失,0.0,src_1179379453a7,origin data/VPD-OE_Agent_20260709/VPD-OE_Agent/data/raw/ZY/ZY11.xls,三张报表,C6,6
historical_600_unknown_rule,ZY11,1,第1年,comprehensive_expense,损失,0.0,src_1179379453a7,origin data/VPD-OE_Agent_20260709/VPD-OE_Agent/data/raw/ZY/ZY11.xls,三张报表,D6,6
historical_600_unknown_rule,ZY11,2,第2年,comprehensive_expense,损失,0.0,src_1179379453a7,origin data/VPD-OE_Agent_20260709/VPD-OE_Agent/data/raw/ZY/ZY11.xls,三张报表,E6,6
historical_600_unknown_rule,ZY11,3,第3年,comprehensive_expense,损失,0.0,src_1179379453a7,origin data/VPD-OE_Agent_20260709/VPD-OE_Agent/data/raw/ZY/ZY11.xls,三张报表,F6,6
historical_600_unknown_rule,ZY11,4,第4年,comprehensive_expense,损失,0.0,src_1179379453a7,origin data/VPD-OE_Agent_20260709/VPD-OE_Agent/data/raw/ZY/ZY11.xls,三张报表,G6,6
historical_600_unknown_rule,ZY11,5,第5年,comprehensive_expense,损失,60.0,src_1179379453a7,origin data/VPD-OE_Agent_20260709/VPD-OE_Agent/data/raw/ZY/ZY11.xls,三张报表,H6,6
historical_600_unknown_rule,ZY11,0,初始元年,comprehensive_expense,转产费,0.0,src_1179379453a7,origin data/VPD-OE_Agent_20260709/VPD-OE_Agent/data/raw/ZY/ZY11.xls,三张报表,C7,7
historical_600_unknown_rule,ZY11,1,第1年,comprehensive_expense,转产费,0.0,src_1179379453a7,origin data/VPD-OE_Agent_20260709/VPD-OE_Agent/data/raw/ZY/ZY11.xls,三张报表,D7,7
historical_600_unknown_rule,ZY11,2,第2年,comprehensive_expense,转产费,0.0,src_1179379453a7,origin data/VPD-OE_Agent_20260709/VPD-OE_Agent/data/raw/ZY/ZY11.xls,三张报表,E7,7
historical_600_unknown_rule,ZY11,3,第3年,comprehensive_expense,转产费,0.0,src_1179379453a7,origin data/VPD-OE_Agent_20260709/VPD-OE_Agent/data/raw/ZY/ZY11.xls,三张报表,F7,7
historical_600_unknown_rule,ZY11,4,第4年,comprehensive_expense,转产费,0.0,src_1179379453a7,origin data/VPD-OE_Agent_20260709/VPD-OE_Agent/data/raw/ZY/ZY11.xls,三张报表,G7,7
historical_600_unknown_rule,ZY11,5,第5年,comprehensive_expense,转产费,0.0,src_1179379453a7,origin data/VPD-OE_Agent_20260709/VPD-OE_Agent/data/raw/ZY/ZY11.xls,三张报表,H7,7
historical_600_unknown_rule,ZY11,0,初始元年,comprehensive_expense,租金,0.0,src_1179379453a7,origin data/VPD-OE_Agent_20260709/VPD-OE_Agent/data/raw/ZY/ZY11.xls,三张报表,C8,8
historical_600_unknown_rule,ZY11,1,第1年,comprehensive_expense,租金,40.0,src_1179379453a7,origin data/VPD-OE_Agent_20260709/VPD-OE_Agent/data/raw/ZY/ZY11.xls,三张报表,D8,8
historical_600_unknown_rule,ZY11,2,第2年,comprehensive_expense,租金,40.0,src_1179379453a7,origin data/VPD-OE_Agent_20260709/VPD-OE_Agent/data/raw/ZY/ZY11.xls,三张报表,E8,8
historical_600_unknown_rule,ZY11,3,第3年,comprehensive_expense,租金,40.0,src_1179379453a7,origin data/VPD-OE_Agent_20260709/VPD-OE_Agent/data/raw/ZY/ZY11.xls,三张报表,F8,8
historical_600_unknown_rule,ZY11,4,第4年,comprehensive_expense,租金,40.0,src_1179379453a7,origin data/VPD-OE_Agent_20260709/VPD-OE_Agent/data/raw/ZY/ZY11.xls,三张报表,G8,8
historical_600_unknown_rule,ZY11,5,第5年,comprehensive_expense,租金,40.0,src_1179379453a7,origin data/VPD-OE_Agent_20260709/VPD-OE_Agent/data/raw/ZY/ZY11.xls,三张报表,H8,8
historical_600_unknown_rule,ZY11,0,初始元年,comprehensive_expense,市场开拓费,0.0,src_1179379453a7,origin data/VPD-OE_Agent_20260709/VPD-OE_Agent/data/raw/ZY/ZY11.xls,三张报表,C9,9
historical_600_unknown_rule,ZY11,1,第1年,comprehensive_expense,市场开拓费,20.0,src_1179379453a7,origin data/VPD-OE_Agent_20260709/VPD-OE_Agent/data/raw/ZY/ZY11.xls,三张报表,D9,9
historical_600_unknown_rule,ZY11,2,第2年,comprehensive_expense,市场开拓费,0.0,src_1179379453a7,origin data/VPD-OE_Agent_20260709/VPD-OE_Agent/data/raw/ZY/ZY11.xls,三张报表,E9,9
historical_600_unknown_rule,ZY11,3,第3年,comprehensive_expense,市场开拓费,0.0,src_1179379453a7,origin data/VPD-OE_Agent_20260709/VPD-OE_Agent/data/raw/ZY/ZY11.xls,三张报表,F9,9
historical_600_unknown_rule,ZY11,4,第4年,comprehensive_expense,市场开拓费,0.0,src_1179379453a7,origin data/VPD-OE_Agent_20260709/VPD-OE_Agent/data/raw/ZY/ZY11.xls,三张报表,G9,9
historical_600_unknown_rule,ZY11,5,第5年,comprehensive_expense,市场开拓费,0.0,src_1179379453a7,origin data/VPD-OE_Agent_20260709/VPD-OE_Agent/data/raw/ZY/ZY11.xls,三张报表,H9,9
historical_600_unknown_rule,ZY11,0,初始元年,comprehensive_expense,产品研发费,0.0,src_1179379453a7,origin data/VPD-OE_Agent_20260709/VPD-OE_Agent/data/raw/ZY/ZY11.xls,三张报表,C10,10
historical_600_unknown_rule,ZY11,1,第1年,comprehensive_expense,产品研发费,30.0,src_1179379453a7,origin data/VPD-OE_Agent_20260709/VPD-OE_Agent/data/raw/ZY/ZY11.xls,三张报表,D10,10
historical_600_unknown_rule,ZY11,2,第2年,comprehensive_expense,产品研发费,0.0,src_1179379453a7,origin data/VPD-OE_Agent_20260709/VPD-OE_Agent/data/raw/ZY/ZY11.xls,三张报表,E10,10
historical_600_unknown_rule,ZY11,3,第3年,comprehensive_expense,产品研发费,0.0,src_1179379453a7,origin data/VPD-OE_Agent_20260709/VPD-OE_Agent/data/raw/ZY/ZY11.xls,三张报表,F10,10
historical_600_unknown_rule,ZY11,4,第4年,comprehensive_expense,产品研发费,0.0,src_1179379453a7,origin data/VPD-OE_Agent_20260709/VPD-OE_Agent/data/raw/ZY/ZY11.xls,三张报表,G10,10
historical_600_unknown_rule,ZY11,5,第5年,comprehensive_expense,产品研发费,0.0,src_1179379453a7,origin data/VPD-OE_Agent_20260709/VPD-OE_Agent/data/raw/ZY/ZY11.xls,三张报表,H10,10
historical_600_unknown_rule,ZY11,0,初始元年,comprehensive_expense,ISO认证费,0.0,src_1179379453a7,origin data/VPD-OE_Agent_20260709/VPD-OE_Agent/data/raw/ZY/ZY11.xls,三张报表,C11,11
historical_600_unknown_rule,ZY11,1,第1年,comprehensive_expense,ISO认证费,30.0,src_1179379453a7,origin data/VPD-OE_Agent_20260709/VPD-OE_Agent/data/raw/ZY/ZY11.xls,三张报表,D11,11
historical_600_unknown_rule,ZY11,2,第2年,comprehensive_expense,ISO认证费,30.0,src_1179379453a7,origin data/VPD-OE_Agent_20260709/VPD-OE_Agent/data/raw/ZY/ZY11.xls,三张报表,E11,11
historical_600_unknown_rule,ZY11,3,第3年,comprehensive_expense,ISO认证费,0.0,src_1179379453a7,origin data/VPD-OE_Agent_20260709/VPD-OE_Agent/data/raw/ZY/ZY11.xls,三张报表,F11,11
historical_600_unknown_rule,ZY11,4,第4年,comprehensive_expense,ISO认证费,0.0,src_1179379453a7,origin data/VPD-OE_Agent_20260709/VPD-OE_Agent/data/raw/ZY/ZY11.xls,三张报表,G11,11
historical_600_unknown_rule,ZY11,5,第5年,comprehensive_expense,ISO认证费,0.0,src_1179379453a7,origin data/VPD-OE_Agent_20260709/VPD-OE_Agent/data/raw/ZY/ZY11.xls,三张报表,H11,11
historical_600_unknown_rule,ZY11,0,初始元年,comprehensive_expense,信息费,0.0,src_1179379453a7,origin data/VPD-OE_Agent_20260709/VPD-OE_Agent/data/raw/ZY/ZY11.xls,三张报表,C12,12
historical_600_unknown_rule,ZY11,1,第1年,comprehensive_expense,信息费,0.0,src_1179379453a7,origin data/VPD-OE_Agent_20260709/VPD-OE_Agent/data/raw/ZY/ZY11.xls,三张报表,D12,12
historical_600_unknown_rule,ZY11,2,第2年,comprehensive_expense,信息费,0.0,src_1179379453a7,origin data/VPD-OE_Agent_20260709/VPD-OE_Agent/data/raw/ZY/ZY11.xls,三张报表,E12,12
historical_600_unknown_rule,ZY11,3,第3年,comprehensive_expense,信息费,0.0,src_1179379453a7,origin data/VPD-OE_Agent_20260709/VPD-OE_Agent/data/raw/ZY/ZY11.xls,三张报表,F12,12
historical_600_unknown_rule,ZY11,4,第4年,comprehensive_expense,信息费,0.0,src_1179379453a7,origin data/VPD-OE_Agent_20260709/VPD-OE_Agent/data/raw/ZY/ZY11.xls,三张报表,G12,12
historical_600_unknown_rule,ZY11,5,第5年,comprehensive_expense,信息费,0.0,src_1179379453a7,origin data/VPD-OE_Agent_20260709/VPD-OE_Agent/data/raw/ZY/ZY11.xls,三张报表,H12,12
historical_600_unknown_rule,ZY11,0,初始元年,comprehensive_expense,合计,0.0,src_1179379453a7,origin data/VPD-OE_Agent_20260709/VPD-OE_Agent/data/raw/ZY/ZY11.xls,三张报表,C13,13
historical_600_unknown_rule,ZY11,1,第1年,comprehensive_expense,合计,160.0,src_1179379453a7,origin data/VPD-OE_Agent_20260709/VPD-OE_Agent/data/raw/ZY/ZY11.xls,三张报表,D13,13
historical_600_unknown_rule,ZY11,2,第2年,comprehensive_expense,合计,200.0,src_1179379453a7,origin data/VPD-OE_Agent_20260709/VPD-OE_Agent/data/raw/ZY/ZY11.xls,三张报表,E13,13
historical_600_unknown_rule,ZY11,3,第3年,comprehensive_expense,合计,170.0,src_1179379453a7,origin data/VPD-OE_Agent_20260709/VPD-OE_Agent/data/raw/ZY/ZY11.xls,三张报表,F13,13
historical_600_unknown_rule,ZY11,4,第4年,comprehensive_expense,合计,170.0,src_1179379453a7,origin data/VPD-OE_Agent_20260709/VPD-OE_Agent/data/raw/ZY/ZY11.xls,三张报表,G13,13
historical_600_unknown_rule,ZY11,5,第5年,comprehensive_expense,合计,230.0,src_1179379453a7,origin data/VPD-OE_Agent_20260709/VPD-OE_Agent/data/raw/ZY/ZY11.xls,三张报表,H13,13
historical_600_unknown_rule,ZY11,0,初始元年,income_statement,销售收入,0.0,src_1179379453a7,origin data/VPD-OE_Agent_20260709/VPD-OE_Agent/data/raw/ZY/ZY11.xls,三张报表,C16,16
historical_600_unknown_rule,ZY11,1,第1年,income_statement,销售收入,0.0,src_1179379453a7,origin data/VPD-OE_Agent_20260709/VPD-OE_Agent/data/raw/ZY/ZY11.xls,三张报表,D16,16
historical_600_unknown_rule,ZY11,2,第2年,income_statement,销售收入,603.0,src_1179379453a7,origin data/VPD-OE_Agent_20260709/VPD-OE_Agent/data/raw/ZY/ZY11.xls,三张报表,E16,16
historical_600_unknown_rule,ZY11,3,第3年,income_statement,销售收入,403.0,src_1179379453a7,origin data/VPD-OE_Agent_20260709/VPD-OE_Agent/data/raw/ZY/ZY11.xls,三张报表,F16,16
historical_600_unknown_rule,ZY11,4,第4年,income_statement,销售收入,718.0,src_1179379453a7,origin data/VPD-OE_Agent_20260709/VPD-OE_Agent/data/raw/ZY/ZY11.xls,三张报表,G16,16
historical_600_unknown_rule,ZY11,5,第5年,income_statement,销售收入,685.0,src_1179379453a7,origin data/VPD-OE_Agent_20260709/VPD-OE_Agent/data/raw/ZY/ZY11.xls,三张报表,H16,16
historical_600_unknown_rule,ZY11,0,初始元年,income_statement,直接成本,0.0,src_1179379453a7,origin data/VPD-OE_Agent_20260709/VPD-OE_Agent/data/raw/ZY/ZY11.xls,三张报表,C17,17
historical_600_unknown_rule,ZY11,1,第1年,income_statement,直接成本,0.0,src_1179379453a7,origin data/VPD-OE_Agent_20260709/VPD-OE_Agent/data/raw/ZY/ZY11.xls,三张报表,D17,17
historical_600_unknown_rule,ZY11,2,第2年,income_statement,直接成本,270.0,src_1179379453a7,origin data/VPD-OE_Agent_20260709/VPD-OE_Agent/data/raw/ZY/ZY11.xls,三张报表,E17,17
historical_600_unknown_rule,ZY11,3,第3年,income_statement,直接成本,180.0,src_1179379453a7,origin data/VPD-OE_Agent_20260709/VPD-OE_Agent/data/raw/ZY/ZY11.xls,三张报表,F17,17
historical_600_unknown_rule,ZY11,4,第4年,income_statement,直接成本,330.0,src_1179379453a7,origin data/VPD-OE_Agent_20260709/VPD-OE_Agent/data/raw/ZY/ZY11.xls,三张报表,G17,17
historical_600_unknown_rule,ZY11,5,第5年,income_statement,直接成本,300.0,src_1179379453a7,origin data/VPD-OE_Agent_20260709/VPD-OE_Agent/data/raw/ZY/ZY11.xls,三张报表,H17,17
historical_600_unknown_rule,ZY11,0,初始元年,income_statement,毛利,0.0,src_1179379453a7,origin data/VPD-OE_Agent_20260709/VPD-OE_Agent/data/raw/ZY/ZY11.xls,三张报表,C18,18
historical_600_unknown_rule,ZY11,1,第1年,income_statement,毛利,0.0,src_1179379453a7,origin data/VPD-OE_Agent_20260709/VPD-OE_Agent/data/raw/ZY/ZY11.xls,三张报表,D18,18
historical_600_unknown_rule,ZY11,2,第2年,income_statement,毛利,333.0,src_1179379453a7,origin data/VPD-OE_Agent_20260709/VPD-OE_Agent/data/raw/ZY/ZY11.xls,三张报表,E18,18
historical_600_unknown_rule,ZY11,3,第3年,income_statement,毛利,223.0,src_1179379453a7,origin data/VPD-OE_Agent_20260709/VPD-OE_Agent/data/raw/ZY/ZY11.xls,三张报表,F18,18
historical_600_unknown_rule,ZY11,4,第4年,income_statement,毛利,388.0,src_1179379453a7,origin data/VPD-OE_Agent_20260709/VPD-OE_Agent/data/raw/ZY/ZY11.xls,三张报表,G18,18
historical_600_unknown_rule,ZY11,5,第5年,income_statement,毛利,385.0,src_1179379453a7,origin data/VPD-OE_Agent_20260709/VPD-OE_Agent/data/raw/ZY/ZY11.xls,三张报表,H18,18
historical_600_unknown_rule,ZY11,0,初始元年,income_statement,综合费用,0.0,src_1179379453a7,origin data/VPD-OE_Agent_20260709/VPD-OE_Agent/data/raw/ZY/ZY11.xls,三张报表,C19,19
historical_600_unknown_rule,ZY11,1,第1年,income_statement,综合费用,160.0,src_1179379453a7,origin data/VPD-OE_Agent_20260709/VPD-OE_Agent/data/raw/ZY/ZY11.xls,三张报表,D19,19
historical_600_unknown_rule,ZY11,2,第2年,income_statement,综合费用,200.0,src_1179379453a7,origin data/VPD-OE_Agent_20260709/VPD-OE_Agent/data/raw/ZY/ZY11.xls,三张报表,E19,19
historical_600_unknown_rule,ZY11,3,第3年,income_statement,综合费用,170.0,src_1179379453a7,origin data/VPD-OE_Agent_20260709/VPD-OE_Agent/data/raw/ZY/ZY11.xls,三张报表,F19,19
historical_600_unknown_rule,ZY11,4,第4年,income_statement,综合费用,170.0,src_1179379453a7,origin data/VPD-OE_Agent_20260709/VPD-OE_Agent/data/raw/ZY/ZY11.xls,三张报表,G19,19
historical_600_unknown_rule,ZY11,5,第5年,income_statement,综合费用,230.0,src_1179379453a7,origin data/VPD-OE_Agent_20260709/VPD-OE_Agent/data/raw/ZY/ZY11.xls,三张报表,H19,19
historical_600_unknown_rule,ZY11,0,初始元年,income_statement,折旧前利润,0.0,src_1179379453a7,origin data/VPD-OE_Agent_20260709/VPD-OE_Agent/data/raw/ZY/ZY11.xls,三张报表,C20,20
historical_600_unknown_rule,ZY11,1,第1年,income_statement,折旧前利润,-160.0,src_1179379453a7,origin data/VPD-OE_Agent_20260709/VPD-OE_Agent/data/raw/ZY/ZY11.xls,三张报表,D20,20
historical_600_unknown_rule,ZY11,2,第2年,income_statement,折旧前利润,133.0,src_1179379453a7,origin data/VPD-OE_Agent_20260709/VPD-OE_Agent/data/raw/ZY/ZY11.xls,三张报表,E20,20
historical_600_unknown_rule,ZY11,3,第3年,income_statement,折旧前利润,53.0,src_1179379453a7,origin data/VPD-OE_Agent_20260709/VPD-OE_Agent/data/raw/ZY/ZY11.xls,三张报表,F20,20
historical_600_unknown_rule,ZY11,4,第4年,income_statement,折旧前利润,218.0,src_1179379453a7,origin data/VPD-OE_Agent_20260709/VPD-OE_Agent/data/raw/ZY/ZY11.xls,三张报表,G20,20
historical_600_unknown_rule,ZY11,5,第5年,income_statement,折旧前利润,155.0,src_1179379453a7,origin data/VPD-OE_Agent_20260709/VPD-OE_Agent/data/raw/ZY/ZY11.xls,三张报表,H20,20
historical_600_unknown_rule,ZY11,0,初始元年,income_statement,折旧,0.0,src_1179379453a7,origin data/VPD-OE_Agent_20260709/VPD-OE_Agent/data/raw/ZY/ZY11.xls,三张报表,C21,21
historical_600_unknown_rule,ZY11,1,第1年,income_statement,折旧,0.0,src_1179379453a7,origin data/VPD-OE_Agent_20260709/VPD-OE_Agent/data/raw/ZY/ZY11.xls,三张报表,D21,21
historical_600_unknown_rule,ZY11,2,第2年,income_statement,折旧,0.0,src_1179379453a7,origin data/VPD-OE_Agent_20260709/VPD-OE_Agent/data/raw/ZY/ZY11.xls,三张报表,E21,21
historical_600_unknown_rule,ZY11,3,第3年,income_statement,折旧,90.0,src_1179379453a7,origin data/VPD-OE_Agent_20260709/VPD-OE_Agent/data/raw/ZY/ZY11.xls,三张报表,F21,21
historical_600_unknown_rule,ZY11,4,第4年,income_statement,折旧,90.0,src_1179379453a7,origin data/VPD-OE_Agent_20260709/VPD-OE_Agent/data/raw/ZY/ZY11.xls,三张报表,G21,21
historical_600_unknown_rule,ZY11,5,第5年,income_statement,折旧,90.0,src_1179379453a7,origin data/VPD-OE_Agent_20260709/VPD-OE_Agent/data/raw/ZY/ZY11.xls,三张报表,H21,21
historical_600_unknown_rule,ZY11,0,初始元年,income_statement,支付利息前利润,0.0,src_1179379453a7,origin data/VPD-OE_Agent_20260709/VPD-OE_Agent/data/raw/ZY/ZY11.xls,三张报表,C22,22
historical_600_unknown_rule,ZY11,1,第1年,income_statement,支付利息前利润,-160.0,src_1179379453a7,origin data/VPD-OE_Agent_20260709/VPD-OE_Agent/data/raw/ZY/ZY11.xls,三张报表,D22,22
historical_600_unknown_rule,ZY11,2,第2年,income_statement,支付利息前利润,133.0,src_1179379453a7,origin data/VPD-OE_Agent_20260709/VPD-OE_Agent/data/raw/ZY/ZY11.xls,三张报表,E22,22
historical_600_unknown_rule,ZY11,3,第3年,income_statement,支付利息前利润,-37.0,src_1179379453a7,origin data/VPD-OE_Agent_20260709/VPD-OE_Agent/data/raw/ZY/ZY11.xls,三张报表,F22,22
historical_600_unknown_rule,ZY11,4,第4年,income_statement,支付利息前利润,128.0,src_1179379453a7,origin data/VPD-OE_Agent_20260709/VPD-OE_Agent/data/raw/ZY/ZY11.xls,三张报表,G22,22
historical_600_unknown_rule,ZY11,5,第5年,income_statement,支付利息前利润,65.0,src_1179379453a7,origin data/VPD-OE_Agent_20260709/VPD-OE_Agent/data/raw/ZY/ZY11.xls,三张报表,H22,22
historical_600_unknown_rule,ZY11,0,初始元年,income_statement,财务费用,0.0,src_1179379453a7,origin data/VPD-OE_Agent_20260709/VPD-OE_Agent/data/raw/ZY/ZY11.xls,三张报表,C23,23
historical_600_unknown_rule,ZY11,1,第1年,income_statement,财务费用,0.0,src_1179379453a7,origin data/VPD-OE_Agent_20260709/VPD-OE_Agent/data/raw/ZY/ZY11.xls,三张报表,D23,23
historical_600_unknown_rule,ZY11,2,第2年,income_statement,财务费用,10.0,src_1179379453a7,origin data/VPD-OE_Agent_20260709/VPD-OE_Agent/data/raw/ZY/ZY11.xls,三张报表,E23,23
historical_600_unknown_rule,ZY11,3,第3年,income_statement,财务费用,114.0,src_1179379453a7,origin data/VPD-OE_Agent_20260709/VPD-OE_Agent/data/raw/ZY/ZY11.xls,三张报表,F23,23
historical_600_unknown_rule,ZY11,4,第4年,income_statement,财务费用,87.0,src_1179379453a7,origin data/VPD-OE_Agent_20260709/VPD-OE_Agent/data/raw/ZY/ZY11.xls,三张报表,G23,23
historical_600_unknown_rule,ZY11,5,第5年,income_statement,财务费用,87.0,src_1179379453a7,origin data/VPD-OE_Agent_20260709/VPD-OE_Agent/data/raw/ZY/ZY11.xls,三张报表,H23,23
historical_600_unknown_rule,ZY11,0,初始元年,income_statement,税前利润,0.0,src_1179379453a7,origin data/VPD-OE_Agent_20260709/VPD-OE_Agent/data/raw/ZY/ZY11.xls,三张报表,C24,24
historical_600_unknown_rule,ZY11,1,第1年,income_statement,税前利润,-160.0,src_1179379453a7,origin data/VPD-OE_Agent_20260709/VPD-OE_Agent/data/raw/ZY/ZY11.xls,三张报表,D24,24
historical_600_unknown_rule,ZY11,2,第2年,income_statement,税前利润,123.0,src_1179379453a7,origin data/VPD-OE_Agent_20260709/VPD-OE_Agent/data/raw/ZY/ZY11.xls,三张报表,E24,24
historical_600_unknown_rule,ZY11,3,第3年,income_statement,税前利润,-151.0,src_1179379453a7,origin data/VPD-OE_Agent_20260709/VPD-OE_Agent/data/raw/ZY/ZY11.xls,三张报表,F24,24
historical_600_unknown_rule,ZY11,4,第4年,income_statement,税前利润,41.0,src_1179379453a7,origin data/VPD-OE_Agent_20260709/VPD-OE_Agent/data/raw/ZY/ZY11.xls,三张报表,G24,24
historical_600_unknown_rule,ZY11,5,第5年,income_statement,税前利润,-22.0,src_1179379453a7,origin data/VPD-OE_Agent_20260709/VPD-OE_Agent/data/raw/ZY/ZY11.xls,三张报表,H24,24
historical_600_unknown_rule,ZY11,0,初始元年,income_statement,所得税,0.0,src_1179379453a7,origin data/VPD-OE_Agent_20260709/VPD-OE_Agent/data/raw/ZY/ZY11.xls,三张报表,C25,25
historical_600_unknown_rule,ZY11,1,第1年,income_statement,所得税,0.0,src_1179379453a7,origin data/VPD-OE_Agent_20260709/VPD-OE_Agent/data/raw/ZY/ZY11.xls,三张报表,D25,25
historical_600_unknown_rule,ZY11,2,第2年,income_statement,所得税,0.0,src_1179379453a7,origin data/VPD-OE_Agent_20260709/VPD-OE_Agent/data/raw/ZY/ZY11.xls,三张报表,E25,25
historical_600_unknown_rule,ZY11,3,第3年,income_statement,所得税,0.0,src_1179379453a7,origin data/VPD-OE_Agent_20260709/VPD-OE_Agent/data/raw/ZY/ZY11.xls,三张报表,F25,25
historical_600_unknown_rule,ZY11,4,第4年,income_statement,所得税,0.0,src_1179379453a7,origin data/VPD-OE_Agent_20260709/VPD-OE_Agent/data/raw/ZY/ZY11.xls,三张报表,G25,25
historical_600_unknown_rule,ZY11,5,第5年,income_statement,所得税,0.0,src_1179379453a7,origin data/VPD-OE_Agent_20260709/VPD-OE_Agent/data/raw/ZY/ZY11.xls,三张报表,H25,25
historical_600_unknown_rule,ZY11,0,初始元年,income_statement,年度净利润,0.0,src_1179379453a7,origin data/VPD-OE_Agent_20260709/VPD-OE_Agent/data/raw/ZY/ZY11.xls,三张报表,C26,26
historical_600_unknown_rule,ZY11,1,第1年,income_statement,年度净利润,-160.0,src_1179379453a7,origin data/VPD-OE_Agent_20260709/VPD-OE_Agent/data/raw/ZY/ZY11.xls,三张报表,D26,26
historical_600_unknown_rule,ZY11,2,第2年,income_statement,年度净利润,123.0,src_1179379453a7,origin data/VPD-OE_Agent_20260709/VPD-OE_Agent/data/raw/ZY/ZY11.xls,三张报表,E26,26
historical_600_unknown_rule,ZY11,3,第3年,income_statement,年度净利润,-151.0,src_1179379453a7,origin data/VPD-OE_Agent_20260709/VPD-OE_Agent/data/raw/ZY/ZY11.xls,三张报表,F26,26
historical_600_unknown_rule,ZY11,4,第4年,income_statement,年度净利润,41.0,src_1179379453a7,origin data/VPD-OE_Agent_20260709/VPD-OE_Agent/data/raw/ZY/ZY11.xls,三张报表,G26,26
historical_600_unknown_rule,ZY11,5,第5年,income_statement,年度净利润,-22.0,src_1179379453a7,origin data/VPD-OE_Agent_20260709/VPD-OE_Agent/data/raw/ZY/ZY11.xls,三张报表,H26,26
historical_600_unknown_rule,ZY11,0,初始元年,balance_sheet,现金,600.0,src_1179379453a7,origin data/VPD-OE_Agent_20260709/VPD-OE_Agent/data/raw/ZY/ZY11.xls,三张报表,C30,30
historical_600_unknown_rule,ZY11,1,第1年,balance_sheet,现金,199.0,src_1179379453a7,origin data/VPD-OE_Agent_20260709/VPD-OE_Agent/data/raw/ZY/ZY11.xls,三张报表,D30,30
historical_600_unknown_rule,ZY11,2,第2年,balance_sheet,现金,634.0,src_1179379453a7,origin data/VPD-OE_Agent_20260709/VPD-OE_Agent/data/raw/ZY/ZY11.xls,三张报表,E30,30
historical_600_unknown_rule,ZY11,3,第3年,balance_sheet,现金,414.0,src_1179379453a7,origin data/VPD-OE_Agent_20260709/VPD-OE_Agent/data/raw/ZY/ZY11.xls,三张报表,F30,30
historical_600_unknown_rule,ZY11,4,第4年,balance_sheet,现金,855.0,src_1179379453a7,origin data/VPD-OE_Agent_20260709/VPD-OE_Agent/data/raw/ZY/ZY11.xls,三张报表,G30,30
historical_600_unknown_rule,ZY11,5,第5年,balance_sheet,现金,350.0,src_1179379453a7,origin data/VPD-OE_Agent_20260709/VPD-OE_Agent/data/raw/ZY/ZY11.xls,三张报表,H30,30
historical_600_unknown_rule,ZY11,0,初始元年,balance_sheet,应收款,0.0,src_1179379453a7,origin data/VPD-OE_Agent_20260709/VPD-OE_Agent/data/raw/ZY/ZY11.xls,三张报表,C31,31
historical_600_unknown_rule,ZY11,1,第1年,balance_sheet,应收款,0.0,src_1179379453a7,origin data/VPD-OE_Agent_20260709/VPD-OE_Agent/data/raw/ZY/ZY11.xls,三张报表,D31,31
historical_600_unknown_rule,ZY11,2,第2年,balance_sheet,应收款,263.0,src_1179379453a7,origin data/VPD-OE_Agent_20260709/VPD-OE_Agent/data/raw/ZY/ZY11.xls,三张报表,E31,31
historical_600_unknown_rule,ZY11,3,第3年,balance_sheet,应收款,272.0,src_1179379453a7,origin data/VPD-OE_Agent_20260709/VPD-OE_Agent/data/raw/ZY/ZY11.xls,三张报表,F31,31
historical_600_unknown_rule,ZY11,4,第4年,balance_sheet,应收款,142.0,src_1179379453a7,origin data/VPD-OE_Agent_20260709/VPD-OE_Agent/data/raw/ZY/ZY11.xls,三张报表,G31,31
historical_600_unknown_rule,ZY11,5,第5年,balance_sheet,应收款,685.0,src_1179379453a7,origin data/VPD-OE_Agent_20260709/VPD-OE_Agent/data/raw/ZY/ZY11.xls,三张报表,H31,31
historical_600_unknown_rule,ZY11,0,初始元年,balance_sheet,在制品,0.0,src_1179379453a7,origin data/VPD-OE_Agent_20260709/VPD-OE_Agent/data/raw/ZY/ZY11.xls,三张报表,C32,32
historical_600_unknown_rule,ZY11,1,第1年,balance_sheet,在制品,0.0,src_1179379453a7,origin data/VPD-OE_Agent_20260709/VPD-OE_Agent/data/raw/ZY/ZY11.xls,三张报表,D32,32
historical_600_unknown_rule,ZY11,2,第2年,balance_sheet,在制品,90.0,src_1179379453a7,origin data/VPD-OE_Agent_20260709/VPD-OE_Agent/data/raw/ZY/ZY11.xls,三张报表,E32,32
historical_600_unknown_rule,ZY11,3,第3年,balance_sheet,在制品,0.0,src_1179379453a7,origin data/VPD-OE_Agent_20260709/VPD-OE_Agent/data/raw/ZY/ZY11.xls,三张报表,F32,32
historical_600_unknown_rule,ZY11,4,第4年,balance_sheet,在制品,0.0,src_1179379453a7,origin data/VPD-OE_Agent_20260709/VPD-OE_Agent/data/raw/ZY/ZY11.xls,三张报表,G32,32
historical_600_unknown_rule,ZY11,5,第5年,balance_sheet,在制品,90.0,src_1179379453a7,origin data/VPD-OE_Agent_20260709/VPD-OE_Agent/data/raw/ZY/ZY11.xls,三张报表,H32,32
historical_600_unknown_rule,ZY11,0,初始元年,balance_sheet,产成品,0.0,src_1179379453a7,origin data/VPD-OE_Agent_20260709/VPD-OE_Agent/data/raw/ZY/ZY11.xls,三张报表,C33,33
historical_600_unknown_rule,ZY11,1,第1年,balance_sheet,产成品,0.0,src_1179379453a7,origin data/VPD-OE_Agent_20260709/VPD-OE_Agent/data/raw/ZY/ZY11.xls,三张报表,D33,33
historical_600_unknown_rule,ZY11,2,第2年,balance_sheet,产成品,0.0,src_1179379453a7,origin data/VPD-OE_Agent_20260709/VPD-OE_Agent/data/raw/ZY/ZY11.xls,三张报表,E33,33
historical_600_unknown_rule,ZY11,3,第3年,balance_sheet,产成品,180.0,src_1179379453a7,origin data/VPD-OE_Agent_20260709/VPD-OE_Agent/data/raw/ZY/ZY11.xls,三张报表,F33,33
historical_600_unknown_rule,ZY11,4,第4年,balance_sheet,产成品,30.0,src_1179379453a7,origin data/VPD-OE_Agent_20260709/VPD-OE_Agent/data/raw/ZY/ZY11.xls,三张报表,G33,33
historical_600_unknown_rule,ZY11,5,第5年,balance_sheet,产成品,0.0,src_1179379453a7,origin data/VPD-OE_Agent_20260709/VPD-OE_Agent/data/raw/ZY/ZY11.xls,三张报表,H33,33
historical_600_unknown_rule,ZY11,0,初始元年,balance_sheet,原料,0.0,src_1179379453a7,origin data/VPD-OE_Agent_20260709/VPD-OE_Agent/data/raw/ZY/ZY11.xls,三张报表,C34,34
historical_600_unknown_rule,ZY11,1,第1年,balance_sheet,原料,0.0,src_1179379453a7,origin data/VPD-OE_Agent_20260709/VPD-OE_Agent/data/raw/ZY/ZY11.xls,三张报表,D34,34
historical_600_unknown_rule,ZY11,2,第2年,balance_sheet,原料,0.0,src_1179379453a7,origin data/VPD-OE_Agent_20260709/VPD-OE_Agent/data/raw/ZY/ZY11.xls,三张报表,E34,34
historical_600_unknown_rule,ZY11,3,第3年,balance_sheet,原料,60.0,src_1179379453a7,origin data/VPD-OE_Agent_20260709/VPD-OE_Agent/data/raw/ZY/ZY11.xls,三张报表,F34,34
historical_600_unknown_rule,ZY11,4,第4年,balance_sheet,原料,30.0,src_1179379453a7,origin data/VPD-OE_Agent_20260709/VPD-OE_Agent/data/raw/ZY/ZY11.xls,三张报表,G34,34
historical_600_unknown_rule,ZY11,5,第5年,balance_sheet,原料,0.0,src_1179379453a7,origin data/VPD-OE_Agent_20260709/VPD-OE_Agent/data/raw/ZY/ZY11.xls,三张报表,H34,34
historical_600_unknown_rule,ZY11,0,初始元年,balance_sheet,流动资产合计,600.0,src_1179379453a7,origin data/VPD-OE_Agent_20260709/VPD-OE_Agent/data/raw/ZY/ZY11.xls,三张报表,C35,35
historical_600_unknown_rule,ZY11,1,第1年,balance_sheet,流动资产合计,199.0,src_1179379453a7,origin data/VPD-OE_Agent_20260709/VPD-OE_Agent/data/raw/ZY/ZY11.xls,三张报表,D35,35
historical_600_unknown_rule,ZY11,2,第2年,balance_sheet,流动资产合计,987.0,src_1179379453a7,origin data/VPD-OE_Agent_20260709/VPD-OE_Agent/data/raw/ZY/ZY11.xls,三张报表,E35,35
historical_600_unknown_rule,ZY11,3,第3年,balance_sheet,流动资产合计,926.0,src_1179379453a7,origin data/VPD-OE_Agent_20260709/VPD-OE_Agent/data/raw/ZY/ZY11.xls,三张报表,F35,35
historical_600_unknown_rule,ZY11,4,第4年,balance_sheet,流动资产合计,1057.0,src_1179379453a7,origin data/VPD-OE_Agent_20260709/VPD-OE_Agent/data/raw/ZY/ZY11.xls,三张报表,G35,35
historical_600_unknown_rule,ZY11,5,第5年,balance_sheet,流动资产合计,1125.0,src_1179379453a7,origin data/VPD-OE_Agent_20260709/VPD-OE_Agent/data/raw/ZY/ZY11.xls,三张报表,H35,35
historical_600_unknown_rule,ZY11,0,初始元年,balance_sheet,厂房,0.0,src_1179379453a7,origin data/VPD-OE_Agent_20260709/VPD-OE_Agent/data/raw/ZY/ZY11.xls,三张报表,C36,36
historical_600_unknown_rule,ZY11,1,第1年,balance_sheet,厂房,0.0,src_1179379453a7,origin data/VPD-OE_Agent_20260709/VPD-OE_Agent/data/raw/ZY/ZY11.xls,三张报表,D36,36
historical_600_unknown_rule,ZY11,2,第2年,balance_sheet,厂房,0.0,src_1179379453a7,origin data/VPD-OE_Agent_20260709/VPD-OE_Agent/data/raw/ZY/ZY11.xls,三张报表,E36,36
historical_600_unknown_rule,ZY11,3,第3年,balance_sheet,厂房,0.0,src_1179379453a7,origin data/VPD-OE_Agent_20260709/VPD-OE_Agent/data/raw/ZY/ZY11.xls,三张报表,F36,36
historical_600_unknown_rule,ZY11,4,第4年,balance_sheet,厂房,0.0,src_1179379453a7,origin data/VPD-OE_Agent_20260709/VPD-OE_Agent/data/raw/ZY/ZY11.xls,三张报表,G36,36
historical_600_unknown_rule,ZY11,5,第5年,balance_sheet,厂房,0.0,src_1179379453a7,origin data/VPD-OE_Agent_20260709/VPD-OE_Agent/data/raw/ZY/ZY11.xls,三张报表,H36,36
historical_600_unknown_rule,ZY11,0,初始元年,balance_sheet,机器设备,0.0,src_1179379453a7,origin data/VPD-OE_Agent_20260709/VPD-OE_Agent/data/raw/ZY/ZY11.xls,三张报表,C37,37
historical_600_unknown_rule,ZY11,1,第1年,balance_sheet,机器设备,0.0,src_1179379453a7,origin data/VPD-OE_Agent_20260709/VPD-OE_Agent/data/raw/ZY/ZY11.xls,三张报表,D37,37
historical_600_unknown_rule,ZY11,2,第2年,balance_sheet,机器设备,450.0,src_1179379453a7,origin data/VPD-OE_Agent_20260709/VPD-OE_Agent/data/raw/ZY/ZY11.xls,三张报表,E37,37
historical_600_unknown_rule,ZY11,3,第3年,balance_sheet,机器设备,360.0,src_1179379453a7,origin data/VPD-OE_Agent_20260709/VPD-OE_Agent/data/raw/ZY/ZY11.xls,三张报表,F37,37
historical_600_unknown_rule,ZY11,4,第4年,balance_sheet,机器设备,270.0,src_1179379453a7,origin data/VPD-OE_Agent_20260709/VPD-OE_Agent/data/raw/ZY/ZY11.xls,三张报表,G37,37
historical_600_unknown_rule,ZY11,5,第5年,balance_sheet,机器设备,180.0,src_1179379453a7,origin data/VPD-OE_Agent_20260709/VPD-OE_Agent/data/raw/ZY/ZY11.xls,三张报表,H37,37
historical_600_unknown_rule,ZY11,0,初始元年,balance_sheet,在建工程,0.0,src_1179379453a7,origin data/VPD-OE_Agent_20260709/VPD-OE_Agent/data/raw/ZY/ZY11.xls,三张报表,C38,38
historical_600_unknown_rule,ZY11,1,第1年,balance_sheet,在建工程,450.0,src_1179379453a7,origin data/VPD-OE_Agent_20260709/VPD-OE_Agent/data/raw/ZY/ZY11.xls,三张报表,D38,38
historical_600_unknown_rule,ZY11,2,第2年,balance_sheet,在建工程,0.0,src_1179379453a7,origin data/VPD-OE_Agent_20260709/VPD-OE_Agent/data/raw/ZY/ZY11.xls,三张报表,E38,38
historical_600_unknown_rule,ZY11,3,第3年,balance_sheet,在建工程,0.0,src_1179379453a7,origin data/VPD-OE_Agent_20260709/VPD-OE_Agent/data/raw/ZY/ZY11.xls,三张报表,F38,38
historical_600_unknown_rule,ZY11,4,第4年,balance_sheet,在建工程,0.0,src_1179379453a7,origin data/VPD-OE_Agent_20260709/VPD-OE_Agent/data/raw/ZY/ZY11.xls,三张报表,G38,38
historical_600_unknown_rule,ZY11,5,第5年,balance_sheet,在建工程,0.0,src_1179379453a7,origin data/VPD-OE_Agent_20260709/VPD-OE_Agent/data/raw/ZY/ZY11.xls,三张报表,H38,38
historical_600_unknown_rule,ZY11,0,初始元年,balance_sheet,固定资产合计,0.0,src_1179379453a7,origin data/VPD-OE_Agent_20260709/VPD-OE_Agent/data/raw/ZY/ZY11.xls,三张报表,C39,39
historical_600_unknown_rule,ZY11,1,第1年,balance_sheet,固定资产合计,450.0,src_1179379453a7,origin data/VPD-OE_Agent_20260709/VPD-OE_Agent/data/raw/ZY/ZY11.xls,三张报表,D39,39
historical_600_unknown_rule,ZY11,2,第2年,balance_sheet,固定资产合计,450.0,src_1179379453a7,origin data/VPD-OE_Agent_20260709/VPD-OE_Agent/data/raw/ZY/ZY11.xls,三张报表,E39,39
historical_600_unknown_rule,ZY11,3,第3年,balance_sheet,固定资产合计,360.0,src_1179379453a7,origin data/VPD-OE_Agent_20260709/VPD-OE_Agent/data/raw/ZY/ZY11.xls,三张报表,F39,39
historical_600_unknown_rule,ZY11,4,第4年,balance_sheet,固定资产合计,270.0,src_1179379453a7,origin data/VPD-OE_Agent_20260709/VPD-OE_Agent/data/raw/ZY/ZY11.xls,三张报表,G39,39
historical_600_unknown_rule,ZY11,5,第5年,balance_sheet,固定资产合计,180.0,src_1179379453a7,origin data/VPD-OE_Agent_20260709/VPD-OE_Agent/data/raw/ZY/ZY11.xls,三张报表,H39,39
historical_600_unknown_rule,ZY11,0,初始元年,balance_sheet,资产总计,600.0,src_1179379453a7,origin data/VPD-OE_Agent_20260709/VPD-OE_Agent/data/raw/ZY/ZY11.xls,三张报表,C40,40
historical_600_unknown_rule,ZY11,1,第1年,balance_sheet,资产总计,649.0,src_1179379453a7,origin data/VPD-OE_Agent_20260709/VPD-OE_Agent/data/raw/ZY/ZY11.xls,三张报表,D40,40
historical_600_unknown_rule,ZY11,2,第2年,balance_sheet,资产总计,1437.0,src_1179379453a7,origin data/VPD-OE_Agent_20260709/VPD-OE_Agent/data/raw/ZY/ZY11.xls,三张报表,E40,40
historical_600_unknown_rule,ZY11,3,第3年,balance_sheet,资产总计,1286.0,src_1179379453a7,origin data/VPD-OE_Agent_20260709/VPD-OE_Agent/data/raw/ZY/ZY11.xls,三张报表,F40,40
historical_600_unknown_rule,ZY11,4,第4年,balance_sheet,资产总计,1327.0,src_1179379453a7,origin data/VPD-OE_Agent_20260709/VPD-OE_Agent/data/raw/ZY/ZY11.xls,三张报表,G40,40
historical_600_unknown_rule,ZY11,5,第5年,balance_sheet,资产总计,1305.0,src_1179379453a7,origin data/VPD-OE_Agent_20260709/VPD-OE_Agent/data/raw/ZY/ZY11.xls,三张报表,H40,40
historical_600_unknown_rule,ZY11,0,初始元年,balance_sheet,长期贷款,0.0,src_1179379453a7,origin data/VPD-OE_Agent_20260709/VPD-OE_Agent/data/raw/ZY/ZY11.xls,三张报表,C41,41
historical_600_unknown_rule,ZY11,1,第1年,balance_sheet,长期贷款,0.0,src_1179379453a7,origin data/VPD-OE_Agent_20260709/VPD-OE_Agent/data/raw/ZY/ZY11.xls,三张报表,D41,41
historical_600_unknown_rule,ZY11,2,第2年,balance_sheet,长期贷款,874.0,src_1179379453a7,origin data/VPD-OE_Agent_20260709/VPD-OE_Agent/data/raw/ZY/ZY11.xls,三张报表,E41,41
historical_600_unknown_rule,ZY11,3,第3年,balance_sheet,长期贷款,874.0,src_1179379453a7,origin data/VPD-OE_Agent_20260709/VPD-OE_Agent/data/raw/ZY/ZY11.xls,三张报表,F41,41
historical_600_unknown_rule,ZY11,4,第4年,balance_sheet,长期贷款,874.0,src_1179379453a7,origin data/VPD-OE_Agent_20260709/VPD-OE_Agent/data/raw/ZY/ZY11.xls,三张报表,G41,41
historical_600_unknown_rule,ZY11,5,第5年,balance_sheet,长期贷款,874.0,src_1179379453a7,origin data/VPD-OE_Agent_20260709/VPD-OE_Agent/data/raw/ZY/ZY11.xls,三张报表,H41,41
historical_600_unknown_rule,ZY11,0,初始元年,balance_sheet,短期贷款,0.0,src_1179379453a7,origin data/VPD-OE_Agent_20260709/VPD-OE_Agent/data/raw/ZY/ZY11.xls,三张报表,C42,42
historical_600_unknown_rule,ZY11,1,第1年,balance_sheet,短期贷款,209.0,src_1179379453a7,origin data/VPD-OE_Agent_20260709/VPD-OE_Agent/data/raw/ZY/ZY11.xls,三张报表,D42,42
historical_600_unknown_rule,ZY11,2,第2年,balance_sheet,短期贷款,0.0,src_1179379453a7,origin data/VPD-OE_Agent_20260709/VPD-OE_Agent/data/raw/ZY/ZY11.xls,三张报表,E42,42
historical_600_unknown_rule,ZY11,3,第3年,balance_sheet,短期贷款,0.0,src_1179379453a7,origin data/VPD-OE_Agent_20260709/VPD-OE_Agent/data/raw/ZY/ZY11.xls,三张报表,F42,42
historical_600_unknown_rule,ZY11,4,第4年,balance_sheet,短期贷款,0.0,src_1179379453a7,origin data/VPD-OE_Agent_20260709/VPD-OE_Agent/data/raw/ZY/ZY11.xls,三张报表,G42,42
historical_600_unknown_rule,ZY11,5,第5年,balance_sheet,短期贷款,0.0,src_1179379453a7,origin data/VPD-OE_Agent_20260709/VPD-OE_Agent/data/raw/ZY/ZY11.xls,三张报表,H42,42
historical_600_unknown_rule,ZY11,0,初始元年,balance_sheet,特别贷款,0.0,src_1179379453a7,origin data/VPD-OE_Agent_20260709/VPD-OE_Agent/data/raw/ZY/ZY11.xls,三张报表,C43,43
historical_600_unknown_rule,ZY11,1,第1年,balance_sheet,特别贷款,0.0,src_1179379453a7,origin data/VPD-OE_Agent_20260709/VPD-OE_Agent/data/raw/ZY/ZY11.xls,三张报表,D43,43
historical_600_unknown_rule,ZY11,2,第2年,balance_sheet,特别贷款,0.0,src_1179379453a7,origin data/VPD-OE_Agent_20260709/VPD-OE_Agent/data/raw/ZY/ZY11.xls,三张报表,E43,43
historical_600_unknown_rule,ZY11,3,第3年,balance_sheet,特别贷款,0.0,src_1179379453a7,origin data/VPD-OE_Agent_20260709/VPD-OE_Agent/data/raw/ZY/ZY11.xls,三张报表,F43,43
historical_600_unknown_rule,ZY11,4,第4年,balance_sheet,特别贷款,0.0,src_1179379453a7,origin data/VPD-OE_Agent_20260709/VPD-OE_Agent/data/raw/ZY/ZY11.xls,三张报表,G43,43
historical_600_unknown_rule,ZY11,5,第5年,balance_sheet,特别贷款,0.0,src_1179379453a7,origin data/VPD-OE_Agent_20260709/VPD-OE_Agent/data/raw/ZY/ZY11.xls,三张报表,H43,43
historical_600_unknown_rule,ZY11,0,初始元年,balance_sheet,所得税,0.0,src_1179379453a7,origin data/VPD-OE_Agent_20260709/VPD-OE_Agent/data/raw/ZY/ZY11.xls,三张报表,C44,44
historical_600_unknown_rule,ZY11,1,第1年,balance_sheet,所得税,0.0,src_1179379453a7,origin data/VPD-OE_Agent_20260709/VPD-OE_Agent/data/raw/ZY/ZY11.xls,三张报表,D44,44
historical_600_unknown_rule,ZY11,2,第2年,balance_sheet,所得税,0.0,src_1179379453a7,origin data/VPD-OE_Agent_20260709/VPD-OE_Agent/data/raw/ZY/ZY11.xls,三张报表,E44,44
historical_600_unknown_rule,ZY11,3,第3年,balance_sheet,所得税,0.0,src_1179379453a7,origin data/VPD-OE_Agent_20260709/VPD-OE_Agent/data/raw/ZY/ZY11.xls,三张报表,F44,44
historical_600_unknown_rule,ZY11,4,第4年,balance_sheet,所得税,0.0,src_1179379453a7,origin data/VPD-OE_Agent_20260709/VPD-OE_Agent/data/raw/ZY/ZY11.xls,三张报表,G44,44
historical_600_unknown_rule,ZY11,5,第5年,balance_sheet,所得税,0.0,src_1179379453a7,origin data/VPD-OE_Agent_20260709/VPD-OE_Agent/data/raw/ZY/ZY11.xls,三张报表,H44,44
historical_600_unknown_rule,ZY11,0,初始元年,balance_sheet,负债合计,0.0,src_1179379453a7,origin data/VPD-OE_Agent_20260709/VPD-OE_Agent/data/raw/ZY/ZY11.xls,三张报表,C45,45
historical_600_unknown_rule,ZY11,1,第1年,balance_sheet,负债合计,209.0,src_1179379453a7,origin data/VPD-OE_Agent_20260709/VPD-OE_Agent/data/raw/ZY/ZY11.xls,三张报表,D45,45
historical_600_unknown_rule,ZY11,2,第2年,balance_sheet,负债合计,874.0,src_1179379453a7,origin data/VPD-OE_Agent_20260709/VPD-OE_Agent/data/raw/ZY/ZY11.xls,三张报表,E45,45
historical_600_unknown_rule,ZY11,3,第3年,balance_sheet,负债合计,874.0,src_1179379453a7,origin data/VPD-OE_Agent_20260709/VPD-OE_Agent/data/raw/ZY/ZY11.xls,三张报表,F45,45
historical_600_unknown_rule,ZY11,4,第4年,balance_sheet,负债合计,874.0,src_1179379453a7,origin data/VPD-OE_Agent_20260709/VPD-OE_Agent/data/raw/ZY/ZY11.xls,三张报表,G45,45
historical_600_unknown_rule,ZY11,5,第5年,balance_sheet,负债合计,874.0,src_1179379453a7,origin data/VPD-OE_Agent_20260709/VPD-OE_Agent/data/raw/ZY/ZY11.xls,三张报表,H45,45
historical_600_unknown_rule,ZY11,0,初始元年,balance_sheet,股东资本,600.0,src_1179379453a7,origin data/VPD-OE_Agent_20260709/VPD-OE_Agent/data/raw/ZY/ZY11.xls,三张报表,C46,46
historical_600_unknown_rule,ZY11,1,第1年,balance_sheet,股东资本,600.0,src_1179379453a7,origin data/VPD-OE_Agent_20260709/VPD-OE_Agent/data/raw/ZY/ZY11.xls,三张报表,D46,46
historical_600_unknown_rule,ZY11,2,第2年,balance_sheet,股东资本,600.0,src_1179379453a7,origin data/VPD-OE_Agent_20260709/VPD-OE_Agent/data/raw/ZY/ZY11.xls,三张报表,E46,46
historical_600_unknown_rule,ZY11,3,第3年,balance_sheet,股东资本,600.0,src_1179379453a7,origin data/VPD-OE_Agent_20260709/VPD-OE_Agent/data/raw/ZY/ZY11.xls,三张报表,F46,46
historical_600_unknown_rule,ZY11,4,第4年,balance_sheet,股东资本,600.0,src_1179379453a7,origin data/VPD-OE_Agent_20260709/VPD-OE_Agent/data/raw/ZY/ZY11.xls,三张报表,G46,46
historical_600_unknown_rule,ZY11,5,第5年,balance_sheet,股东资本,600.0,src_1179379453a7,origin data/VPD-OE_Agent_20260709/VPD-OE_Agent/data/raw/ZY/ZY11.xls,三张报表,H46,46
historical_600_unknown_rule,ZY11,0,初始元年,balance_sheet,利润留存,0.0,src_1179379453a7,origin data/VPD-OE_Agent_20260709/VPD-OE_Agent/data/raw/ZY/ZY11.xls,三张报表,C47,47
historical_600_unknown_rule,ZY11,1,第1年,balance_sheet,利润留存,0.0,src_1179379453a7,origin data/VPD-OE_Agent_20260709/VPD-OE_Agent/data/raw/ZY/ZY11.xls,三张报表,D47,47
historical_600_unknown_rule,ZY11,2,第2年,balance_sheet,利润留存,-160.0,src_1179379453a7,origin data/VPD-OE_Agent_20260709/VPD-OE_Agent/data/raw/ZY/ZY11.xls,三张报表,E47,47
historical_600_unknown_rule,ZY11,3,第3年,balance_sheet,利润留存,-37.0,src_1179379453a7,origin data/VPD-OE_Agent_20260709/VPD-OE_Agent/data/raw/ZY/ZY11.xls,三张报表,F47,47
historical_600_unknown_rule,ZY11,4,第4年,balance_sheet,利润留存,-188.0,src_1179379453a7,origin data/VPD-OE_Agent_20260709/VPD-OE_Agent/data/raw/ZY/ZY11.xls,三张报表,G47,47
historical_600_unknown_rule,ZY11,5,第5年,balance_sheet,利润留存,-147.0,src_1179379453a7,origin data/VPD-OE_Agent_20260709/VPD-OE_Agent/data/raw/ZY/ZY11.xls,三张报表,H47,47
historical_600_unknown_rule,ZY11,0,初始元年,balance_sheet,年度净利,0.0,src_1179379453a7,origin data/VPD-OE_Agent_20260709/VPD-OE_Agent/data/raw/ZY/ZY11.xls,三张报表,C48,48
historical_600_unknown_rule,ZY11,1,第1年,balance_sheet,年度净利,-160.0,src_1179379453a7,origin data/VPD-OE_Agent_20260709/VPD-OE_Agent/data/raw/ZY/ZY11.xls,三张报表,D48,48
historical_600_unknown_rule,ZY11,2,第2年,balance_sheet,年度净利,123.0,src_1179379453a7,origin data/VPD-OE_Agent_20260709/VPD-OE_Agent/data/raw/ZY/ZY11.xls,三张报表,E48,48
historical_600_unknown_rule,ZY11,3,第3年,balance_sheet,年度净利,-151.0,src_1179379453a7,origin data/VPD-OE_Agent_20260709/VPD-OE_Agent/data/raw/ZY/ZY11.xls,三张报表,F48,48
historical_600_unknown_rule,ZY11,4,第4年,balance_sheet,年度净利,41.0,src_1179379453a7,origin data/VPD-OE_Agent_20260709/VPD-OE_Agent/data/raw/ZY/ZY11.xls,三张报表,G48,48
historical_600_unknown_rule,ZY11,5,第5年,balance_sheet,年度净利,-22.0,src_1179379453a7,origin data/VPD-OE_Agent_20260709/VPD-OE_Agent/data/raw/ZY/ZY11.xls,三张报表,H48,48
historical_600_unknown_rule,ZY11,0,初始元年,balance_sheet,所有者权益合计,600.0,src_1179379453a7,origin data/VPD-OE_Agent_20260709/VPD-OE_Agent/data/raw/ZY/ZY11.xls,三张报表,C49,49
historical_600_unknown_rule,ZY11,1,第1年,balance_sheet,所有者权益合计,440.0,src_1179379453a7,origin data/VPD-OE_Agent_20260709/VPD-OE_Agent/data/raw/ZY/ZY11.xls,三张报表,D49,49
historical_600_unknown_rule,ZY11,2,第2年,balance_sheet,所有者权益合计,563.0,src_1179379453a7,origin data/VPD-OE_Agent_20260709/VPD-OE_Agent/data/raw/ZY/ZY11.xls,三张报表,E49,49
historical_600_unknown_rule,ZY11,3,第3年,balance_sheet,所有者权益合计,412.0,src_1179379453a7,origin data/VPD-OE_Agent_20260709/VPD-OE_Agent/data/raw/ZY/ZY11.xls,三张报表,F49,49
historical_600_unknown_rule,ZY11,4,第4年,balance_sheet,所有者权益合计,453.0,src_1179379453a7,origin data/VPD-OE_Agent_20260709/VPD-OE_Agent/data/raw/ZY/ZY11.xls,三张报表,G49,49
historical_600_unknown_rule,ZY11,5,第5年,balance_sheet,所有者权益合计,431.0,src_1179379453a7,origin data/VPD-OE_Agent_20260709/VPD-OE_Agent/data/raw/ZY/ZY11.xls,三张报表,H49,49
historical_600_unknown_rule,ZY11,0,初始元年,balance_sheet,负债和所有者权益总计,600.0,src_1179379453a7,origin data/VPD-OE_Agent_20260709/VPD-OE_Agent/data/raw/ZY/ZY11.xls,三张报表,C50,50
historical_600_unknown_rule,ZY11,1,第1年,balance_sheet,负债和所有者权益总计,649.0,src_1179379453a7,origin data/VPD-OE_Agent_20260709/VPD-OE_Agent/data/raw/ZY/ZY11.xls,三张报表,D50,50
historical_600_unknown_rule,ZY11,2,第2年,balance_sheet,负债和所有者权益总计,1437.0,src_1179379453a7,origin data/VPD-OE_Agent_20260709/VPD-OE_Agent/data/raw/ZY/ZY11.xls,三张报表,E50,50
historical_600_unknown_rule,ZY11,3,第3年,balance_sheet,负债和所有者权益总计,1286.0,src_1179379453a7,origin data/VPD-OE_Agent_20260709/VPD-OE_Agent/data/raw/ZY/ZY11.xls,三张报表,F50,50
historical_600_unknown_rule,ZY11,4,第4年,balance_sheet,负债和所有者权益总计,1327.0,src_1179379453a7,origin data/VPD-OE_Agent_20260709/VPD-OE_Agent/data/raw/ZY/ZY11.xls,三张报表,G50,50
historical_600_unknown_rule,ZY11,5,第5年,balance_sheet,负债和所有者权益总计,1305.0,src_1179379453a7,origin data/VPD-OE_Agent_20260709/VPD-OE_Agent/data/raw/ZY/ZY11.xls,三张报表,H50,50
historical_600_unknown_rule,ZY13,0,初始元年,comprehensive_expense,管理费,0.0,src_766e2c00d61c,origin data/VPD-OE_Agent_20260709/VPD-OE_Agent/data/raw/ZY/ZY13.xls,三张报表,C3,3
historical_600_unknown_rule,ZY13,1,第1年,comprehensive_expense,管理费,40.0,src_766e2c00d61c,origin data/VPD-OE_Agent_20260709/VPD-OE_Agent/data/raw/ZY/ZY13.xls,三张报表,D3,3
historical_600_unknown_rule,ZY13,2,第2年,comprehensive_expense,管理费,40.0,src_766e2c00d61c,origin data/VPD-OE_Agent_20260709/VPD-OE_Agent/data/raw/ZY/ZY13.xls,三张报表,E3,3
historical_600_unknown_rule,ZY13,3,第3年,comprehensive_expense,管理费,40.0,src_766e2c00d61c,origin data/VPD-OE_Agent_20260709/VPD-OE_Agent/data/raw/ZY/ZY13.xls,三张报表,F3,3
historical_600_unknown_rule,ZY13,4,第4年,comprehensive_expense,管理费,40.0,src_766e2c00d61c,origin data/VPD-OE_Agent_20260709/VPD-OE_Agent/data/raw/ZY/ZY13.xls,三张报表,G3,3
historical_600_unknown_rule,ZY13,5,第5年,comprehensive_expense,管理费,40.0,src_766e2c00d61c,origin data/VPD-OE_Agent_20260709/VPD-OE_Agent/data/raw/ZY/ZY13.xls,三张报表,H3,3
historical_600_unknown_rule,ZY13,0,初始元年,comprehensive_expense,广告费,0.0,src_766e2c00d61c,origin data/VPD-OE_Agent_20260709/VPD-OE_Agent/data/raw/ZY/ZY13.xls,三张报表,C4,4
historical_600_unknown_rule,ZY13,1,第1年,comprehensive_expense,广告费,0.0,src_766e2c00d61c,origin data/VPD-OE_Agent_20260709/VPD-OE_Agent/data/raw/ZY/ZY13.xls,三张报表,D4,4
historical_600_unknown_rule,ZY13,2,第2年,comprehensive_expense,广告费,60.0,src_766e2c00d61c,origin data/VPD-OE_Agent_20260709/VPD-OE_Agent/data/raw/ZY/ZY13.xls,三张报表,E4,4
historical_600_unknown_rule,ZY13,3,第3年,comprehensive_expense,广告费,60.0,src_766e2c00d61c,origin data/VPD-OE_Agent_20260709/VPD-OE_Agent/data/raw/ZY/ZY13.xls,三张报表,F4,4
historical_600_unknown_rule,ZY13,4,第4年,comprehensive_expense,广告费,180.0,src_766e2c00d61c,origin data/VPD-OE_Agent_20260709/VPD-OE_Agent/data/raw/ZY/ZY13.xls,三张报表,G4,4
historical_600_unknown_rule,ZY13,5,第5年,comprehensive_expense,广告费,207.0,src_766e2c00d61c,origin data/VPD-OE_Agent_20260709/VPD-OE_Agent/data/raw/ZY/ZY13.xls,三张报表,H4,4
historical_600_unknown_rule,ZY13,0,初始元年,comprehensive_expense,维护费,0.0,src_766e2c00d61c,origin data/VPD-OE_Agent_20260709/VPD-OE_Agent/data/raw/ZY/ZY13.xls,三张报表,C5,5
historical_600_unknown_rule,ZY13,1,第1年,comprehensive_expense,维护费,0.0,src_766e2c00d61c,origin data/VPD-OE_Agent_20260709/VPD-OE_Agent/data/raw/ZY/ZY13.xls,三张报表,D5,5
historical_600_unknown_rule,ZY13,2,第2年,comprehensive_expense,维护费,50.0,src_766e2c00d61c,origin data/VPD-OE_Agent_20260709/VPD-OE_Agent/data/raw/ZY/ZY13.xls,三张报表,E5,5
historical_600_unknown_rule,ZY13,3,第3年,comprehensive_expense,维护费,50.0,src_766e2c00d61c,origin data/VPD-OE_Agent_20260709/VPD-OE_Agent/data/raw/ZY/ZY13.xls,三张报表,F5,5
historical_600_unknown_rule,ZY13,4,第4年,comprehensive_expense,维护费,80.0,src_766e2c00d61c,origin data/VPD-OE_Agent_20260709/VPD-OE_Agent/data/raw/ZY/ZY13.xls,三张报表,G5,5
historical_600_unknown_rule,ZY13,5,第5年,comprehensive_expense,维护费,80.0,src_766e2c00d61c,origin data/VPD-OE_Agent_20260709/VPD-OE_Agent/data/raw/ZY/ZY13.xls,三张报表,H5,5
historical_600_unknown_rule,ZY13,0,初始元年,comprehensive_expense,损失,0.0,src_766e2c00d61c,origin data/VPD-OE_Agent_20260709/VPD-OE_Agent/data/raw/ZY/ZY13.xls,三张报表,C6,6
historical_600_unknown_rule,ZY13,1,第1年,comprehensive_expense,损失,0.0,src_766e2c00d61c,origin data/VPD-OE_Agent_20260709/VPD-OE_Agent/data/raw/ZY/ZY13.xls,三张报表,D6,6
historical_600_unknown_rule,ZY13,2,第2年,comprehensive_expense,损失,0.0,src_766e2c00d61c,origin data/VPD-OE_Agent_20260709/VPD-OE_Agent/data/raw/ZY/ZY13.xls,三张报表,E6,6
historical_600_unknown_rule,ZY13,3,第3年,comprehensive_expense,损失,0.0,src_766e2c00d61c,origin data/VPD-OE_Agent_20260709/VPD-OE_Agent/data/raw/ZY/ZY13.xls,三张报表,F6,6
historical_600_unknown_rule,ZY13,4,第4年,comprehensive_expense,损失,0.0,src_766e2c00d61c,origin data/VPD-OE_Agent_20260709/VPD-OE_Agent/data/raw/ZY/ZY13.xls,三张报表,G6,6
historical_600_unknown_rule,ZY13,5,第5年,comprehensive_expense,损失,64.0,src_766e2c00d61c,origin data/VPD-OE_Agent_20260709/VPD-OE_Agent/data/raw/ZY/ZY13.xls,三张报表,H6,6
historical_600_unknown_rule,ZY13,0,初始元年,comprehensive_expense,转产费,0.0,src_766e2c00d61c,origin data/VPD-OE_Agent_20260709/VPD-OE_Agent/data/raw/ZY/ZY13.xls,三张报表,C7,7
historical_600_unknown_rule,ZY13,1,第1年,comprehensive_expense,转产费,0.0,src_766e2c00d61c,origin data/VPD-OE_Agent_20260709/VPD-OE_Agent/data/raw/ZY/ZY13.xls,三张报表,D7,7
historical_600_unknown_rule,ZY13,2,第2年,comprehensive_expense,转产费,0.0,src_766e2c00d61c,origin data/VPD-OE_Agent_20260709/VPD-OE_Agent/data/raw/ZY/ZY13.xls,三张报表,E7,7
historical_600_unknown_rule,ZY13,3,第3年,comprehensive_expense,转产费,0.0,src_766e2c00d61c,origin data/VPD-OE_Agent_20260709/VPD-OE_Agent/data/raw/ZY/ZY13.xls,三张报表,F7,7
historical_600_unknown_rule,ZY13,4,第4年,comprehensive_expense,转产费,0.0,src_766e2c00d61c,origin data/VPD-OE_Agent_20260709/VPD-OE_Agent/data/raw/ZY/ZY13.xls,三张报表,G7,7
historical_600_unknown_rule,ZY13,5,第5年,comprehensive_expense,转产费,80.0,src_766e2c00d61c,origin data/VPD-OE_Agent_20260709/VPD-OE_Agent/data/raw/ZY/ZY13.xls,三张报表,H7,7
historical_600_unknown_rule,ZY13,0,初始元年,comprehensive_expense,租金,0.0,src_766e2c00d61c,origin data/VPD-OE_Agent_20260709/VPD-OE_Agent/data/raw/ZY/ZY13.xls,三张报表,C8,8
historical_600_unknown_rule,ZY13,1,第1年,comprehensive_expense,租金,80.0,src_766e2c00d61c,origin data/VPD-OE_Agent_20260709/VPD-OE_Agent/data/raw/ZY/ZY13.xls,三张报表,D8,8
historical_600_unknown_rule,ZY13,2,第2年,comprehensive_expense,租金,80.0,src_766e2c00d61c,origin data/VPD-OE_Agent_20260709/VPD-OE_Agent/data/raw/ZY/ZY13.xls,三张报表,E8,8
historical_600_unknown_rule,ZY13,3,第3年,comprehensive_expense,租金,80.0,src_766e2c00d61c,origin data/VPD-OE_Agent_20260709/VPD-OE_Agent/data/raw/ZY/ZY13.xls,三张报表,F8,8
historical_600_unknown_rule,ZY13,4,第4年,comprehensive_expense,租金,80.0,src_766e2c00d61c,origin data/VPD-OE_Agent_20260709/VPD-OE_Agent/data/raw/ZY/ZY13.xls,三张报表,G8,8
historical_600_unknown_rule,ZY13,5,第5年,comprehensive_expense,租金,80.0,src_766e2c00d61c,origin data/VPD-OE_Agent_20260709/VPD-OE_Agent/data/raw/ZY/ZY13.xls,三张报表,H8,8
historical_600_unknown_rule,ZY13,0,初始元年,comprehensive_expense,市场开拓费,0.0,src_766e2c00d61c,origin data/VPD-OE_Agent_20260709/VPD-OE_Agent/data/raw/ZY/ZY13.xls,三张报表,C9,9
historical_600_unknown_rule,ZY13,1,第1年,comprehensive_expense,市场开拓费,50.0,src_766e2c00d61c,origin data/VPD-OE_Agent_20260709/VPD-OE_Agent/data/raw/ZY/ZY13.xls,三张报表,D9,9
historical_600_unknown_rule,ZY13,2,第2年,comprehensive_expense,市场开拓费,30.0,src_766e2c00d61c,origin data/VPD-OE_Agent_20260709/VPD-OE_Agent/data/raw/ZY/ZY13.xls,三张报表,E9,9
historical_600_unknown_rule,ZY13,3,第3年,comprehensive_expense,市场开拓费,20.0,src_766e2c00d61c,origin data/VPD-OE_Agent_20260709/VPD-OE_Agent/data/raw/ZY/ZY13.xls,三张报表,F9,9
historical_600_unknown_rule,ZY13,4,第4年,comprehensive_expense,市场开拓费,10.0,src_766e2c00d61c,origin data/VPD-OE_Agent_20260709/VPD-OE_Agent/data/raw/ZY/ZY13.xls,三张报表,G9,9
historical_600_unknown_rule,ZY13,5,第5年,comprehensive_expense,市场开拓费,0.0,src_766e2c00d61c,origin data/VPD-OE_Agent_20260709/VPD-OE_Agent/data/raw/ZY/ZY13.xls,三张报表,H9,9
historical_600_unknown_rule,ZY13,0,初始元年,comprehensive_expense,产品研发费,0.0,src_766e2c00d61c,origin data/VPD-OE_Agent_20260709/VPD-OE_Agent/data/raw/ZY/ZY13.xls,三张报表,C10,10
historical_600_unknown_rule,ZY13,1,第1年,comprehensive_expense,产品研发费,40.0,src_766e2c00d61c,origin data/VPD-OE_Agent_20260709/VPD-OE_Agent/data/raw/ZY/ZY13.xls,三张报表,D10,10
historical_600_unknown_rule,ZY13,2,第2年,comprehensive_expense,产品研发费,20.0,src_766e2c00d61c,origin data/VPD-OE_Agent_20260709/VPD-OE_Agent/data/raw/ZY/ZY13.xls,三张报表,E10,10
historical_600_unknown_rule,ZY13,3,第3年,comprehensive_expense,产品研发费,20.0,src_766e2c00d61c,origin data/VPD-OE_Agent_20260709/VPD-OE_Agent/data/raw/ZY/ZY13.xls,三张报表,F10,10
historical_600_unknown_rule,ZY13,4,第4年,comprehensive_expense,产品研发费,10.0,src_766e2c00d61c,origin data/VPD-OE_Agent_20260709/VPD-OE_Agent/data/raw/ZY/ZY13.xls,三张报表,G10,10
historical_600_unknown_rule,ZY13,5,第5年,comprehensive_expense,产品研发费,50.0,src_766e2c00d61c,origin data/VPD-OE_Agent_20260709/VPD-OE_Agent/data/raw/ZY/ZY13.xls,三张报表,H10,10
historical_600_unknown_rule,ZY13,0,初始元年,comprehensive_expense,ISO认证费,0.0,src_766e2c00d61c,origin data/VPD-OE_Agent_20260709/VPD-OE_Agent/data/raw/ZY/ZY13.xls,三张报表,C11,11
historical_600_unknown_rule,ZY13,1,第1年,comprehensive_expense,ISO认证费,30.0,src_766e2c00d61c,origin data/VPD-OE_Agent_20260709/VPD-OE_Agent/data/raw/ZY/ZY13.xls,三张报表,D11,11
historical_600_unknown_rule,ZY13,2,第2年,comprehensive_expense,ISO认证费,30.0,src_766e2c00d61c,origin data/VPD-OE_Agent_20260709/VPD-OE_Agent/data/raw/ZY/ZY13.xls,三张报表,E11,11
historical_600_unknown_rule,ZY13,3,第3年,comprehensive_expense,ISO认证费,0.0,src_766e2c00d61c,origin data/VPD-OE_Agent_20260709/VPD-OE_Agent/data/raw/ZY/ZY13.xls,三张报表,F11,11
historical_600_unknown_rule,ZY13,4,第4年,comprehensive_expense,ISO认证费,0.0,src_766e2c00d61c,origin data/VPD-OE_Agent_20260709/VPD-OE_Agent/data/raw/ZY/ZY13.xls,三张报表,G11,11
historical_600_unknown_rule,ZY13,5,第5年,comprehensive_expense,ISO认证费,0.0,src_766e2c00d61c,origin data/VPD-OE_Agent_20260709/VPD-OE_Agent/data/raw/ZY/ZY13.xls,三张报表,H11,11
historical_600_unknown_rule,ZY13,0,初始元年,comprehensive_expense,信息费,0.0,src_766e2c00d61c,origin data/VPD-OE_Agent_20260709/VPD-OE_Agent/data/raw/ZY/ZY13.xls,三张报表,C12,12
historical_600_unknown_rule,ZY13,1,第1年,comprehensive_expense,信息费,0.0,src_766e2c00d61c,origin data/VPD-OE_Agent_20260709/VPD-OE_Agent/data/raw/ZY/ZY13.xls,三张报表,D12,12
historical_600_unknown_rule,ZY13,2,第2年,comprehensive_expense,信息费,0.0,src_766e2c00d61c,origin data/VPD-OE_Agent_20260709/VPD-OE_Agent/data/raw/ZY/ZY13.xls,三张报表,E12,12
historical_600_unknown_rule,ZY13,3,第3年,comprehensive_expense,信息费,0.0,src_766e2c00d61c,origin data/VPD-OE_Agent_20260709/VPD-OE_Agent/data/raw/ZY/ZY13.xls,三张报表,F12,12
historical_600_unknown_rule,ZY13,4,第4年,comprehensive_expense,信息费,0.0,src_766e2c00d61c,origin data/VPD-OE_Agent_20260709/VPD-OE_Agent/data/raw/ZY/ZY13.xls,三张报表,G12,12
historical_600_unknown_rule,ZY13,5,第5年,comprehensive_expense,信息费,0.0,src_766e2c00d61c,origin data/VPD-OE_Agent_20260709/VPD-OE_Agent/data/raw/ZY/ZY13.xls,三张报表,H12,12
historical_600_unknown_rule,ZY13,0,初始元年,comprehensive_expense,合计,0.0,src_766e2c00d61c,origin data/VPD-OE_Agent_20260709/VPD-OE_Agent/data/raw/ZY/ZY13.xls,三张报表,C13,13
historical_600_unknown_rule,ZY13,1,第1年,comprehensive_expense,合计,240.0,src_766e2c00d61c,origin data/VPD-OE_Agent_20260709/VPD-OE_Agent/data/raw/ZY/ZY13.xls,三张报表,D13,13
historical_600_unknown_rule,ZY13,2,第2年,comprehensive_expense,合计,310.0,src_766e2c00d61c,origin data/VPD-OE_Agent_20260709/VPD-OE_Agent/data/raw/ZY/ZY13.xls,三张报表,E13,13
historical_600_unknown_rule,ZY13,3,第3年,comprehensive_expense,合计,270.0,src_766e2c00d61c,origin data/VPD-OE_Agent_20260709/VPD-OE_Agent/data/raw/ZY/ZY13.xls,三张报表,F13,13
historical_600_unknown_rule,ZY13,4,第4年,comprehensive_expense,合计,400.0,src_766e2c00d61c,origin data/VPD-OE_Agent_20260709/VPD-OE_Agent/data/raw/ZY/ZY13.xls,三张报表,G13,13
historical_600_unknown_rule,ZY13,5,第5年,comprehensive_expense,合计,601.0,src_766e2c00d61c,origin data/VPD-OE_Agent_20260709/VPD-OE_Agent/data/raw/ZY/ZY13.xls,三张报表,H13,13
historical_600_unknown_rule,ZY13,0,初始元年,income_statement,销售收入,0.0,src_766e2c00d61c,origin data/VPD-OE_Agent_20260709/VPD-OE_Agent/data/raw/ZY/ZY13.xls,三张报表,C16,16
historical_600_unknown_rule,ZY13,1,第1年,income_statement,销售收入,0.0,src_766e2c00d61c,origin data/VPD-OE_Agent_20260709/VPD-OE_Agent/data/raw/ZY/ZY13.xls,三张报表,D16,16
historical_600_unknown_rule,ZY13,2,第2年,income_statement,销售收入,1062.0,src_766e2c00d61c,origin data/VPD-OE_Agent_20260709/VPD-OE_Agent/data/raw/ZY/ZY13.xls,三张报表,E16,16
historical_600_unknown_rule,ZY13,3,第3年,income_statement,销售收入,984.0,src_766e2c00d61c,origin data/VPD-OE_Agent_20260709/VPD-OE_Agent/data/raw/ZY/ZY13.xls,三张报表,F16,16
historical_600_unknown_rule,ZY13,4,第4年,income_statement,销售收入,2462.0,src_766e2c00d61c,origin data/VPD-OE_Agent_20260709/VPD-OE_Agent/data/raw/ZY/ZY13.xls,三张报表,G16,16
historical_600_unknown_rule,ZY13,5,第5年,income_statement,销售收入,3115.0,src_766e2c00d61c,origin data/VPD-OE_Agent_20260709/VPD-OE_Agent/data/raw/ZY/ZY13.xls,三张报表,H16,16
historical_600_unknown_rule,ZY13,0,初始元年,income_statement,直接成本,0.0,src_766e2c00d61c,origin data/VPD-OE_Agent_20260709/VPD-OE_Agent/data/raw/ZY/ZY13.xls,三张报表,C17,17
historical_600_unknown_rule,ZY13,1,第1年,income_statement,直接成本,0.0,src_766e2c00d61c,origin data/VPD-OE_Agent_20260709/VPD-OE_Agent/data/raw/ZY/ZY13.xls,三张报表,D17,17
historical_600_unknown_rule,ZY13,2,第2年,income_statement,直接成本,450.0,src_766e2c00d61c,origin data/VPD-OE_Agent_20260709/VPD-OE_Agent/data/raw/ZY/ZY13.xls,三张报表,E17,17
historical_600_unknown_rule,ZY13,3,第3年,income_statement,直接成本,450.0,src_766e2c00d61c,origin data/VPD-OE_Agent_20260709/VPD-OE_Agent/data/raw/ZY/ZY13.xls,三张报表,F17,17
historical_600_unknown_rule,ZY13,4,第4年,income_statement,直接成本,1260.0,src_766e2c00d61c,origin data/VPD-OE_Agent_20260709/VPD-OE_Agent/data/raw/ZY/ZY13.xls,三张报表,G17,17
historical_600_unknown_rule,ZY13,5,第5年,income_statement,直接成本,1440.0,src_766e2c00d61c,origin data/VPD-OE_Agent_20260709/VPD-OE_Agent/data/raw/ZY/ZY13.xls,三张报表,H17,17
historical_600_unknown_rule,ZY13,0,初始元年,income_statement,毛利,0.0,src_766e2c00d61c,origin data/VPD-OE_Agent_20260709/VPD-OE_Agent/data/raw/ZY/ZY13.xls,三张报表,C18,18
historical_600_unknown_rule,ZY13,1,第1年,income_statement,毛利,0.0,src_766e2c00d61c,origin data/VPD-OE_Agent_20260709/VPD-OE_Agent/data/raw/ZY/ZY13.xls,三张报表,D18,18
historical_600_unknown_rule,ZY13,2,第2年,income_statement,毛利,612.0,src_766e2c00d61c,origin data/VPD-OE_Agent_20260709/VPD-OE_Agent/data/raw/ZY/ZY13.xls,三张报表,E18,18
historical_600_unknown_rule,ZY13,3,第3年,income_statement,毛利,534.0,src_766e2c00d61c,origin data/VPD-OE_Agent_20260709/VPD-OE_Agent/data/raw/ZY/ZY13.xls,三张报表,F18,18
historical_600_unknown_rule,ZY13,4,第4年,income_statement,毛利,1202.0,src_766e2c00d61c,origin data/VPD-OE_Agent_20260709/VPD-OE_Agent/data/raw/ZY/ZY13.xls,三张报表,G18,18
historical_600_unknown_rule,ZY13,5,第5年,income_statement,毛利,1675.0,src_766e2c00d61c,origin data/VPD-OE_Agent_20260709/VPD-OE_Agent/data/raw/ZY/ZY13.xls,三张报表,H18,18
historical_600_unknown_rule,ZY13,0,初始元年,income_statement,综合费用,0.0,src_766e2c00d61c,origin data/VPD-OE_Agent_20260709/VPD-OE_Agent/data/raw/ZY/ZY13.xls,三张报表,C19,19
historical_600_unknown_rule,ZY13,1,第1年,income_statement,综合费用,240.0,src_766e2c00d61c,origin data/VPD-OE_Agent_20260709/VPD-OE_Agent/data/raw/ZY/ZY13.xls,三张报表,D19,19
historical_600_unknown_rule,ZY13,2,第2年,income_statement,综合费用,310.0,src_766e2c00d61c,origin data/VPD-OE_Agent_20260709/VPD-OE_Agent/data/raw/ZY/ZY13.xls,三张报表,E19,19
historical_600_unknown_rule,ZY13,3,第3年,income_statement,综合费用,270.0,src_766e2c00d61c,origin data/VPD-OE_Agent_20260709/VPD-OE_Agent/data/raw/ZY/ZY13.xls,三张报表,F19,19
historical_600_unknown_rule,ZY13,4,第4年,income_statement,综合费用,400.0,src_766e2c00d61c,origin data/VPD-OE_Agent_20260709/VPD-OE_Agent/data/raw/ZY/ZY13.xls,三张报表,G19,19
historical_600_unknown_rule,ZY13,5,第5年,income_statement,综合费用,601.0,src_766e2c00d61c,origin data/VPD-OE_Agent_20260709/VPD-OE_Agent/data/raw/ZY/ZY13.xls,三张报表,H19,19
historical_600_unknown_rule,ZY13,0,初始元年,income_statement,折旧前利润,0.0,src_766e2c00d61c,origin data/VPD-OE_Agent_20260709/VPD-OE_Agent/data/raw/ZY/ZY13.xls,三张报表,C20,20
historical_600_unknown_rule,ZY13,1,第1年,income_statement,折旧前利润,-240.0,src_766e2c00d61c,origin data/VPD-OE_Agent_20260709/VPD-OE_Agent/data/raw/ZY/ZY13.xls,三张报表,D20,20
historical_600_unknown_rule,ZY13,2,第2年,income_statement,折旧前利润,302.0,src_766e2c00d61c,origin data/VPD-OE_Agent_20260709/VPD-OE_Agent/data/raw/ZY/ZY13.xls,三张报表,E20,20
historical_600_unknown_rule,ZY13,3,第3年,income_statement,折旧前利润,264.0,src_766e2c00d61c,origin data/VPD-OE_Agent_20260709/VPD-OE_Agent/data/raw/ZY/ZY13.xls,三张报表,F20,20
historical_600_unknown_rule,ZY13,4,第4年,income_statement,折旧前利润,802.0,src_766e2c00d61c,origin data/VPD-OE_Agent_20260709/VPD-OE_Agent/data/raw/ZY/ZY13.xls,三张报表,G20,20
historical_600_unknown_rule,ZY13,5,第5年,income_statement,折旧前利润,1074.0,src_766e2c00d61c,origin data/VPD-OE_Agent_20260709/VPD-OE_Agent/data/raw/ZY/ZY13.xls,三张报表,H20,20
historical_600_unknown_rule,ZY13,0,初始元年,income_statement,折旧,0.0,src_766e2c00d61c,origin data/VPD-OE_Agent_20260709/VPD-OE_Agent/data/raw/ZY/ZY13.xls,三张报表,C21,21
historical_600_unknown_rule,ZY13,1,第1年,income_statement,折旧,0.0,src_766e2c00d61c,origin data/VPD-OE_Agent_20260709/VPD-OE_Agent/data/raw/ZY/ZY13.xls,三张报表,D21,21
historical_600_unknown_rule,ZY13,2,第2年,income_statement,折旧,0.0,src_766e2c00d61c,origin data/VPD-OE_Agent_20260709/VPD-OE_Agent/data/raw/ZY/ZY13.xls,三张报表,E21,21
historical_600_unknown_rule,ZY13,3,第3年,income_statement,折旧,150.0,src_766e2c00d61c,origin data/VPD-OE_Agent_20260709/VPD-OE_Agent/data/raw/ZY/ZY13.xls,三张报表,F21,21
historical_600_unknown_rule,ZY13,4,第4年,income_statement,折旧,150.0,src_766e2c00d61c,origin data/VPD-OE_Agent_20260709/VPD-OE_Agent/data/raw/ZY/ZY13.xls,三张报表,G21,21
historical_600_unknown_rule,ZY13,5,第5年,income_statement,折旧,240.0,src_766e2c00d61c,origin data/VPD-OE_Agent_20260709/VPD-OE_Agent/data/raw/ZY/ZY13.xls,三张报表,H21,21
historical_600_unknown_rule,ZY13,0,初始元年,income_statement,支付利息前利润,0.0,src_766e2c00d61c,origin data/VPD-OE_Agent_20260709/VPD-OE_Agent/data/raw/ZY/ZY13.xls,三张报表,C22,22
historical_600_unknown_rule,ZY13,1,第1年,income_statement,支付利息前利润,-240.0,src_766e2c00d61c,origin data/VPD-OE_Agent_20260709/VPD-OE_Agent/data/raw/ZY/ZY13.xls,三张报表,D22,22
historical_600_unknown_rule,ZY13,2,第2年,income_statement,支付利息前利润,302.0,src_766e2c00d61c,origin data/VPD-OE_Agent_20260709/VPD-OE_Agent/data/raw/ZY/ZY13.xls,三张报表,E22,22
historical_600_unknown_rule,ZY13,3,第3年,income_statement,支付利息前利润,114.0,src_766e2c00d61c,origin data/VPD-OE_Agent_20260709/VPD-OE_Agent/data/raw/ZY/ZY13.xls,三张报表,F22,22
historical_600_unknown_rule,ZY13,4,第4年,income_statement,支付利息前利润,652.0,src_766e2c00d61c,origin data/VPD-OE_Agent_20260709/VPD-OE_Agent/data/raw/ZY/ZY13.xls,三张报表,G22,22
historical_600_unknown_rule,ZY13,5,第5年,income_statement,支付利息前利润,834.0,src_766e2c00d61c,origin data/VPD-OE_Agent_20260709/VPD-OE_Agent/data/raw/ZY/ZY13.xls,三张报表,H22,22
historical_600_unknown_rule,ZY13,0,初始元年,income_statement,财务费用,0.0,src_766e2c00d61c,origin data/VPD-OE_Agent_20260709/VPD-OE_Agent/data/raw/ZY/ZY13.xls,三张报表,C23,23
historical_600_unknown_rule,ZY13,1,第1年,income_statement,财务费用,0.0,src_766e2c00d61c,origin data/VPD-OE_Agent_20260709/VPD-OE_Agent/data/raw/ZY/ZY13.xls,三张报表,D23,23
historical_600_unknown_rule,ZY13,2,第2年,income_statement,财务费用,180.0,src_766e2c00d61c,origin data/VPD-OE_Agent_20260709/VPD-OE_Agent/data/raw/ZY/ZY13.xls,三张报表,E23,23
historical_600_unknown_rule,ZY13,3,第3年,income_statement,财务费用,200.0,src_766e2c00d61c,origin data/VPD-OE_Agent_20260709/VPD-OE_Agent/data/raw/ZY/ZY13.xls,三张报表,F23,23
historical_600_unknown_rule,ZY13,4,第4年,income_statement,财务费用,210.0,src_766e2c00d61c,origin data/VPD-OE_Agent_20260709/VPD-OE_Agent/data/raw/ZY/ZY13.xls,三张报表,G23,23
historical_600_unknown_rule,ZY13,5,第5年,income_statement,财务费用,180.0,src_766e2c00d61c,origin data/VPD-OE_Agent_20260709/VPD-OE_Agent/data/raw/ZY/ZY13.xls,三张报表,H23,23
historical_600_unknown_rule,ZY13,0,初始元年,income_statement,税前利润,0.0,src_766e2c00d61c,origin data/VPD-OE_Agent_20260709/VPD-OE_Agent/data/raw/ZY/ZY13.xls,三张报表,C24,24
historical_600_unknown_rule,ZY13,1,第1年,income_statement,税前利润,-240.0,src_766e2c00d61c,origin data/VPD-OE_Agent_20260709/VPD-OE_Agent/data/raw/ZY/ZY13.xls,三张报表,D24,24
historical_600_unknown_rule,ZY13,2,第2年,income_statement,税前利润,122.0,src_766e2c00d61c,origin data/VPD-OE_Agent_20260709/VPD-OE_Agent/data/raw/ZY/ZY13.xls,三张报表,E24,24
historical_600_unknown_rule,ZY13,3,第3年,income_statement,税前利润,-86.0,src_766e2c00d61c,origin data/VPD-OE_Agent_20260709/VPD-OE_Agent/data/raw/ZY/ZY13.xls,三张报表,F24,24
historical_600_unknown_rule,ZY13,4,第4年,income_statement,税前利润,442.0,src_766e2c00d61c,origin data/VPD-OE_Agent_20260709/VPD-OE_Agent/data/raw/ZY/ZY13.xls,三张报表,G24,24
historical_600_unknown_rule,ZY13,5,第5年,income_statement,税前利润,654.0,src_766e2c00d61c,origin data/VPD-OE_Agent_20260709/VPD-OE_Agent/data/raw/ZY/ZY13.xls,三张报表,H24,24
historical_600_unknown_rule,ZY13,0,初始元年,income_statement,所得税,0.0,src_766e2c00d61c,origin data/VPD-OE_Agent_20260709/VPD-OE_Agent/data/raw/ZY/ZY13.xls,三张报表,C25,25
historical_600_unknown_rule,ZY13,1,第1年,income_statement,所得税,0.0,src_766e2c00d61c,origin data/VPD-OE_Agent_20260709/VPD-OE_Agent/data/raw/ZY/ZY13.xls,三张报表,D25,25
historical_600_unknown_rule,ZY13,2,第2年,income_statement,所得税,0.0,src_766e2c00d61c,origin data/VPD-OE_Agent_20260709/VPD-OE_Agent/data/raw/ZY/ZY13.xls,三张报表,E25,25
historical_600_unknown_rule,ZY13,3,第3年,income_statement,所得税,0.0,src_766e2c00d61c,origin data/VPD-OE_Agent_20260709/VPD-OE_Agent/data/raw/ZY/ZY13.xls,三张报表,F25,25
historical_600_unknown_rule,ZY13,4,第4年,income_statement,所得税,60.0,src_766e2c00d61c,origin data/VPD-OE_Agent_20260709/VPD-OE_Agent/data/raw/ZY/ZY13.xls,三张报表,G25,25
historical_600_unknown_rule,ZY13,5,第5年,income_statement,所得税,164.0,src_766e2c00d61c,origin data/VPD-OE_Agent_20260709/VPD-OE_Agent/data/raw/ZY/ZY13.xls,三张报表,H25,25
historical_600_unknown_rule,ZY13,0,初始元年,income_statement,年度净利润,0.0,src_766e2c00d61c,origin data/VPD-OE_Agent_20260709/VPD-OE_Agent/data/raw/ZY/ZY13.xls,三张报表,C26,26
historical_600_unknown_rule,ZY13,1,第1年,income_statement,年度净利润,-240.0,src_766e2c00d61c,origin data/VPD-OE_Agent_20260709/VPD-OE_Agent/data/raw/ZY/ZY13.xls,三张报表,D26,26
historical_600_unknown_rule,ZY13,2,第2年,income_statement,年度净利润,122.0,src_766e2c00d61c,origin data/VPD-OE_Agent_20260709/VPD-OE_Agent/data/raw/ZY/ZY13.xls,三张报表,E26,26
historical_600_unknown_rule,ZY13,3,第3年,income_statement,年度净利润,-86.0,src_766e2c00d61c,origin data/VPD-OE_Agent_20260709/VPD-OE_Agent/data/raw/ZY/ZY13.xls,三张报表,F26,26
historical_600_unknown_rule,ZY13,4,第4年,income_statement,年度净利润,382.0,src_766e2c00d61c,origin data/VPD-OE_Agent_20260709/VPD-OE_Agent/data/raw/ZY/ZY13.xls,三张报表,G26,26
historical_600_unknown_rule,ZY13,5,第5年,income_statement,年度净利润,490.0,src_766e2c00d61c,origin data/VPD-OE_Agent_20260709/VPD-OE_Agent/data/raw/ZY/ZY13.xls,三张报表,H26,26
historical_600_unknown_rule,ZY13,0,初始元年,balance_sheet,现金,600.0,src_766e2c00d61c,origin data/VPD-OE_Agent_20260709/VPD-OE_Agent/data/raw/ZY/ZY13.xls,三张报表,C30,30
historical_600_unknown_rule,ZY13,1,第1年,balance_sheet,现金,1660.0,src_766e2c00d61c,origin data/VPD-OE_Agent_20260709/VPD-OE_Agent/data/raw/ZY/ZY13.xls,三张报表,D30,30
historical_600_unknown_rule,ZY13,2,第2年,balance_sheet,现金,651.0,src_766e2c00d61c,origin data/VPD-OE_Agent_20260709/VPD-OE_Agent/data/raw/ZY/ZY13.xls,三张报表,E30,30
historical_600_unknown_rule,ZY13,3,第3年,balance_sheet,现金,446.0,src_766e2c00d61c,origin data/VPD-OE_Agent_20260709/VPD-OE_Agent/data/raw/ZY/ZY13.xls,三张报表,F30,30
historical_600_unknown_rule,ZY13,4,第4年,balance_sheet,现金,797.0,src_766e2c00d61c,origin data/VPD-OE_Agent_20260709/VPD-OE_Agent/data/raw/ZY/ZY13.xls,三张报表,G30,30
historical_600_unknown_rule,ZY13,5,第5年,balance_sheet,现金,760.0,src_766e2c00d61c,origin data/VPD-OE_Agent_20260709/VPD-OE_Agent/data/raw/ZY/ZY13.xls,三张报表,H30,30
historical_600_unknown_rule,ZY13,0,初始元年,balance_sheet,应收款,0.0,src_766e2c00d61c,origin data/VPD-OE_Agent_20260709/VPD-OE_Agent/data/raw/ZY/ZY13.xls,三张报表,C31,31
historical_600_unknown_rule,ZY13,1,第1年,balance_sheet,应收款,0.0,src_766e2c00d61c,origin data/VPD-OE_Agent_20260709/VPD-OE_Agent/data/raw/ZY/ZY13.xls,三张报表,D31,31
historical_600_unknown_rule,ZY13,2,第2年,balance_sheet,应收款,581.0,src_766e2c00d61c,origin data/VPD-OE_Agent_20260709/VPD-OE_Agent/data/raw/ZY/ZY13.xls,三张报表,E31,31
historical_600_unknown_rule,ZY13,3,第3年,balance_sheet,应收款,0.0,src_766e2c00d61c,origin data/VPD-OE_Agent_20260709/VPD-OE_Agent/data/raw/ZY/ZY13.xls,三张报表,F31,31
historical_600_unknown_rule,ZY13,4,第4年,balance_sheet,应收款,321.0,src_766e2c00d61c,origin data/VPD-OE_Agent_20260709/VPD-OE_Agent/data/raw/ZY/ZY13.xls,三张报表,G31,31
historical_600_unknown_rule,ZY13,5,第5年,balance_sheet,应收款,1746.0,src_766e2c00d61c,origin data/VPD-OE_Agent_20260709/VPD-OE_Agent/data/raw/ZY/ZY13.xls,三张报表,H31,31
historical_600_unknown_rule,ZY13,0,初始元年,balance_sheet,在制品,0.0,src_766e2c00d61c,origin data/VPD-OE_Agent_20260709/VPD-OE_Agent/data/raw/ZY/ZY13.xls,三张报表,C32,32
historical_600_unknown_rule,ZY13,1,第1年,balance_sheet,在制品,0.0,src_766e2c00d61c,origin data/VPD-OE_Agent_20260709/VPD-OE_Agent/data/raw/ZY/ZY13.xls,三张报表,D32,32
historical_600_unknown_rule,ZY13,2,第2年,balance_sheet,在制品,250.0,src_766e2c00d61c,origin data/VPD-OE_Agent_20260709/VPD-OE_Agent/data/raw/ZY/ZY13.xls,三张报表,E32,32
historical_600_unknown_rule,ZY13,3,第3年,balance_sheet,在制品,250.0,src_766e2c00d61c,origin data/VPD-OE_Agent_20260709/VPD-OE_Agent/data/raw/ZY/ZY13.xls,三张报表,F32,32
historical_600_unknown_rule,ZY13,4,第4年,balance_sheet,在制品,370.0,src_766e2c00d61c,origin data/VPD-OE_Agent_20260709/VPD-OE_Agent/data/raw/ZY/ZY13.xls,三张报表,G32,32
historical_600_unknown_rule,ZY13,5,第5年,balance_sheet,在制品,0.0,src_766e2c00d61c,origin data/VPD-OE_Agent_20260709/VPD-OE_Agent/data/raw/ZY/ZY13.xls,三张报表,H32,32
historical_600_unknown_rule,ZY13,0,初始元年,balance_sheet,产成品,0.0,src_766e2c00d61c,origin data/VPD-OE_Agent_20260709/VPD-OE_Agent/data/raw/ZY/ZY13.xls,三张报表,C33,33
historical_600_unknown_rule,ZY13,1,第1年,balance_sheet,产成品,0.0,src_766e2c00d61c,origin data/VPD-OE_Agent_20260709/VPD-OE_Agent/data/raw/ZY/ZY13.xls,三张报表,D33,33
historical_600_unknown_rule,ZY13,2,第2年,balance_sheet,产成品,50.0,src_766e2c00d61c,origin data/VPD-OE_Agent_20260709/VPD-OE_Agent/data/raw/ZY/ZY13.xls,三张报表,E33,33
historical_600_unknown_rule,ZY13,3,第3年,balance_sheet,产成品,600.0,src_766e2c00d61c,origin data/VPD-OE_Agent_20260709/VPD-OE_Agent/data/raw/ZY/ZY13.xls,三张报表,F33,33
historical_600_unknown_rule,ZY13,4,第4年,balance_sheet,产成品,250.0,src_766e2c00d61c,origin data/VPD-OE_Agent_20260709/VPD-OE_Agent/data/raw/ZY/ZY13.xls,三张报表,G33,33
historical_600_unknown_rule,ZY13,5,第5年,balance_sheet,产成品,0.0,src_766e2c00d61c,origin data/VPD-OE_Agent_20260709/VPD-OE_Agent/data/raw/ZY/ZY13.xls,三张报表,H33,33
historical_600_unknown_rule,ZY13,0,初始元年,balance_sheet,原料,0.0,src_766e2c00d61c,origin data/VPD-OE_Agent_20260709/VPD-OE_Agent/data/raw/ZY/ZY13.xls,三张报表,C34,34
historical_600_unknown_rule,ZY13,1,第1年,balance_sheet,原料,0.0,src_766e2c00d61c,origin data/VPD-OE_Agent_20260709/VPD-OE_Agent/data/raw/ZY/ZY13.xls,三张报表,D34,34
historical_600_unknown_rule,ZY13,2,第2年,balance_sheet,原料,0.0,src_766e2c00d61c,origin data/VPD-OE_Agent_20260709/VPD-OE_Agent/data/raw/ZY/ZY13.xls,三张报表,E34,34
historical_600_unknown_rule,ZY13,3,第3年,balance_sheet,原料,0.0,src_766e2c00d61c,origin data/VPD-OE_Agent_20260709/VPD-OE_Agent/data/raw/ZY/ZY13.xls,三张报表,F34,34
historical_600_unknown_rule,ZY13,4,第4年,balance_sheet,原料,0.0,src_766e2c00d61c,origin data/VPD-OE_Agent_20260709/VPD-OE_Agent/data/raw/ZY/ZY13.xls,三张报表,G34,34
historical_600_unknown_rule,ZY13,5,第5年,balance_sheet,原料,0.0,src_766e2c00d61c,origin data/VPD-OE_Agent_20260709/VPD-OE_Agent/data/raw/ZY/ZY13.xls,三张报表,H34,34
historical_600_unknown_rule,ZY13,0,初始元年,balance_sheet,流动资产合计,600.0,src_766e2c00d61c,origin data/VPD-OE_Agent_20260709/VPD-OE_Agent/data/raw/ZY/ZY13.xls,三张报表,C35,35
historical_600_unknown_rule,ZY13,1,第1年,balance_sheet,流动资产合计,1660.0,src_766e2c00d61c,origin data/VPD-OE_Agent_20260709/VPD-OE_Agent/data/raw/ZY/ZY13.xls,三张报表,D35,35
historical_600_unknown_rule,ZY13,2,第2年,balance_sheet,流动资产合计,1532.0,src_766e2c00d61c,origin data/VPD-OE_Agent_20260709/VPD-OE_Agent/data/raw/ZY/ZY13.xls,三张报表,E35,35
historical_600_unknown_rule,ZY13,3,第3年,balance_sheet,流动资产合计,1296.0,src_766e2c00d61c,origin data/VPD-OE_Agent_20260709/VPD-OE_Agent/data/raw/ZY/ZY13.xls,三张报表,F35,35
historical_600_unknown_rule,ZY13,4,第4年,balance_sheet,流动资产合计,1738.0,src_766e2c00d61c,origin data/VPD-OE_Agent_20260709/VPD-OE_Agent/data/raw/ZY/ZY13.xls,三张报表,G35,35
historical_600_unknown_rule,ZY13,5,第5年,balance_sheet,流动资产合计,2506.0,src_766e2c00d61c,origin data/VPD-OE_Agent_20260709/VPD-OE_Agent/data/raw/ZY/ZY13.xls,三张报表,H35,35
historical_600_unknown_rule,ZY13,0,初始元年,balance_sheet,厂房,0.0,src_766e2c00d61c,origin data/VPD-OE_Agent_20260709/VPD-OE_Agent/data/raw/ZY/ZY13.xls,三张报表,C36,36
historical_600_unknown_rule,ZY13,1,第1年,balance_sheet,厂房,0.0,src_766e2c00d61c,origin data/VPD-OE_Agent_20260709/VPD-OE_Agent/data/raw/ZY/ZY13.xls,三张报表,D36,36
historical_600_unknown_rule,ZY13,2,第2年,balance_sheet,厂房,0.0,src_766e2c00d61c,origin data/VPD-OE_Agent_20260709/VPD-OE_Agent/data/raw/ZY/ZY13.xls,三张报表,E36,36
historical_600_unknown_rule,ZY13,3,第3年,balance_sheet,厂房,0.0,src_766e2c00d61c,origin data/VPD-OE_Agent_20260709/VPD-OE_Agent/data/raw/ZY/ZY13.xls,三张报表,F36,36
historical_600_unknown_rule,ZY13,4,第4年,balance_sheet,厂房,0.0,src_766e2c00d61c,origin data/VPD-OE_Agent_20260709/VPD-OE_Agent/data/raw/ZY/ZY13.xls,三张报表,G36,36
historical_600_unknown_rule,ZY13,5,第5年,balance_sheet,厂房,600.0,src_766e2c00d61c,origin data/VPD-OE_Agent_20260709/VPD-OE_Agent/data/raw/ZY/ZY13.xls,三张报表,H36,36
historical_600_unknown_rule,ZY13,0,初始元年,balance_sheet,机器设备,0.0,src_766e2c00d61c,origin data/VPD-OE_Agent_20260709/VPD-OE_Agent/data/raw/ZY/ZY13.xls,三张报表,C37,37
historical_600_unknown_rule,ZY13,1,第1年,balance_sheet,机器设备,0.0,src_766e2c00d61c,origin data/VPD-OE_Agent_20260709/VPD-OE_Agent/data/raw/ZY/ZY13.xls,三张报表,D37,37
historical_600_unknown_rule,ZY13,2,第2年,balance_sheet,机器设备,750.0,src_766e2c00d61c,origin data/VPD-OE_Agent_20260709/VPD-OE_Agent/data/raw/ZY/ZY13.xls,三张报表,E37,37
historical_600_unknown_rule,ZY13,3,第3年,balance_sheet,机器设备,600.0,src_766e2c00d61c,origin data/VPD-OE_Agent_20260709/VPD-OE_Agent/data/raw/ZY/ZY13.xls,三张报表,F37,37
historical_600_unknown_rule,ZY13,4,第4年,balance_sheet,机器设备,900.0,src_766e2c00d61c,origin data/VPD-OE_Agent_20260709/VPD-OE_Agent/data/raw/ZY/ZY13.xls,三张报表,G37,37
historical_600_unknown_rule,ZY13,5,第5年,balance_sheet,机器设备,660.0,src_766e2c00d61c,origin data/VPD-OE_Agent_20260709/VPD-OE_Agent/data/raw/ZY/ZY13.xls,三张报表,H37,37
historical_600_unknown_rule,ZY13,0,初始元年,balance_sheet,在建工程,0.0,src_766e2c00d61c,origin data/VPD-OE_Agent_20260709/VPD-OE_Agent/data/raw/ZY/ZY13.xls,三张报表,C38,38
historical_600_unknown_rule,ZY13,1,第1年,balance_sheet,在建工程,500.0,src_766e2c00d61c,origin data/VPD-OE_Agent_20260709/VPD-OE_Agent/data/raw/ZY/ZY13.xls,三张报表,D38,38
historical_600_unknown_rule,ZY13,2,第2年,balance_sheet,在建工程,0.0,src_766e2c00d61c,origin data/VPD-OE_Agent_20260709/VPD-OE_Agent/data/raw/ZY/ZY13.xls,三张报表,E38,38
historical_600_unknown_rule,ZY13,3,第3年,balance_sheet,在建工程,300.0,src_766e2c00d61c,origin data/VPD-OE_Agent_20260709/VPD-OE_Agent/data/raw/ZY/ZY13.xls,三张报表,F38,38
historical_600_unknown_rule,ZY13,4,第4年,balance_sheet,在建工程,0.0,src_766e2c00d61c,origin data/VPD-OE_Agent_20260709/VPD-OE_Agent/data/raw/ZY/ZY13.xls,三张报表,G38,38
historical_600_unknown_rule,ZY13,5,第5年,balance_sheet,在建工程,0.0,src_766e2c00d61c,origin data/VPD-OE_Agent_20260709/VPD-OE_Agent/data/raw/ZY/ZY13.xls,三张报表,H38,38
historical_600_unknown_rule,ZY13,0,初始元年,balance_sheet,固定资产合计,0.0,src_766e2c00d61c,origin data/VPD-OE_Agent_20260709/VPD-OE_Agent/data/raw/ZY/ZY13.xls,三张报表,C39,39
historical_600_unknown_rule,ZY13,1,第1年,balance_sheet,固定资产合计,500.0,src_766e2c00d61c,origin data/VPD-OE_Agent_20260709/VPD-OE_Agent/data/raw/ZY/ZY13.xls,三张报表,D39,39
historical_600_unknown_rule,ZY13,2,第2年,balance_sheet,固定资产合计,750.0,src_766e2c00d61c,origin data/VPD-OE_Agent_20260709/VPD-OE_Agent/data/raw/ZY/ZY13.xls,三张报表,E39,39
historical_600_unknown_rule,ZY13,3,第3年,balance_sheet,固定资产合计,900.0,src_766e2c00d61c,origin data/VPD-OE_Agent_20260709/VPD-OE_Agent/data/raw/ZY/ZY13.xls,三张报表,F39,39
historical_600_unknown_rule,ZY13,4,第4年,balance_sheet,固定资产合计,900.0,src_766e2c00d61c,origin data/VPD-OE_Agent_20260709/VPD-OE_Agent/data/raw/ZY/ZY13.xls,三张报表,G39,39
historical_600_unknown_rule,ZY13,5,第5年,balance_sheet,固定资产合计,1260.0,src_766e2c00d61c,origin data/VPD-OE_Agent_20260709/VPD-OE_Agent/data/raw/ZY/ZY13.xls,三张报表,H39,39
historical_600_unknown_rule,ZY13,0,初始元年,balance_sheet,资产总计,600.0,src_766e2c00d61c,origin data/VPD-OE_Agent_20260709/VPD-OE_Agent/data/raw/ZY/ZY13.xls,三张报表,C40,40
historical_600_unknown_rule,ZY13,1,第1年,balance_sheet,资产总计,2160.0,src_766e2c00d61c,origin data/VPD-OE_Agent_20260709/VPD-OE_Agent/data/raw/ZY/ZY13.xls,三张报表,D40,40
historical_600_unknown_rule,ZY13,2,第2年,balance_sheet,资产总计,2282.0,src_766e2c00d61c,origin data/VPD-OE_Agent_20260709/VPD-OE_Agent/data/raw/ZY/ZY13.xls,三张报表,E40,40
historical_600_unknown_rule,ZY13,3,第3年,balance_sheet,资产总计,2196.0,src_766e2c00d61c,origin data/VPD-OE_Agent_20260709/VPD-OE_Agent/data/raw/ZY/ZY13.xls,三张报表,F40,40
historical_600_unknown_rule,ZY13,4,第4年,balance_sheet,资产总计,2638.0,src_766e2c00d61c,origin data/VPD-OE_Agent_20260709/VPD-OE_Agent/data/raw/ZY/ZY13.xls,三张报表,G40,40
historical_600_unknown_rule,ZY13,5,第5年,balance_sheet,资产总计,3766.0,src_766e2c00d61c,origin data/VPD-OE_Agent_20260709/VPD-OE_Agent/data/raw/ZY/ZY13.xls,三张报表,H40,40
historical_600_unknown_rule,ZY13,0,初始元年,balance_sheet,长期贷款,0.0,src_766e2c00d61c,origin data/VPD-OE_Agent_20260709/VPD-OE_Agent/data/raw/ZY/ZY13.xls,三张报表,C41,41
historical_600_unknown_rule,ZY13,1,第1年,balance_sheet,长期贷款,1800.0,src_766e2c00d61c,origin data/VPD-OE_Agent_20260709/VPD-OE_Agent/data/raw/ZY/ZY13.xls,三张报表,D41,41
historical_600_unknown_rule,ZY13,2,第2年,balance_sheet,长期贷款,1800.0,src_766e2c00d61c,origin data/VPD-OE_Agent_20260709/VPD-OE_Agent/data/raw/ZY/ZY13.xls,三张报表,E41,41
historical_600_unknown_rule,ZY13,3,第3年,balance_sheet,长期贷款,1800.0,src_766e2c00d61c,origin data/VPD-OE_Agent_20260709/VPD-OE_Agent/data/raw/ZY/ZY13.xls,三张报表,F41,41
historical_600_unknown_rule,ZY13,4,第4年,balance_sheet,长期贷款,1800.0,src_766e2c00d61c,origin data/VPD-OE_Agent_20260709/VPD-OE_Agent/data/raw/ZY/ZY13.xls,三张报表,G41,41
historical_600_unknown_rule,ZY13,5,第5年,balance_sheet,长期贷款,2334.0,src_766e2c00d61c,origin data/VPD-OE_Agent_20260709/VPD-OE_Agent/data/raw/ZY/ZY13.xls,三张报表,H41,41
historical_600_unknown_rule,ZY13,0,初始元年,balance_sheet,短期贷款,0.0,src_766e2c00d61c,origin data/VPD-OE_Agent_20260709/VPD-OE_Agent/data/raw/ZY/ZY13.xls,三张报表,C42,42
historical_600_unknown_rule,ZY13,1,第1年,balance_sheet,短期贷款,0.0,src_766e2c00d61c,origin data/VPD-OE_Agent_20260709/VPD-OE_Agent/data/raw/ZY/ZY13.xls,三张报表,D42,42
historical_600_unknown_rule,ZY13,2,第2年,balance_sheet,短期贷款,0.0,src_766e2c00d61c,origin data/VPD-OE_Agent_20260709/VPD-OE_Agent/data/raw/ZY/ZY13.xls,三张报表,E42,42
historical_600_unknown_rule,ZY13,3,第3年,balance_sheet,短期贷款,0.0,src_766e2c00d61c,origin data/VPD-OE_Agent_20260709/VPD-OE_Agent/data/raw/ZY/ZY13.xls,三张报表,F42,42
historical_600_unknown_rule,ZY13,4,第4年,balance_sheet,短期贷款,0.0,src_766e2c00d61c,origin data/VPD-OE_Agent_20260709/VPD-OE_Agent/data/raw/ZY/ZY13.xls,三张报表,G42,42
historical_600_unknown_rule,ZY13,5,第5年,balance_sheet,短期贷款,0.0,src_766e2c00d61c,origin data/VPD-OE_Agent_20260709/VPD-OE_Agent/data/raw/ZY/ZY13.xls,三张报表,H42,42
historical_600_unknown_rule,ZY13,0,初始元年,balance_sheet,特别贷款,0.0,src_766e2c00d61c,origin data/VPD-OE_Agent_20260709/VPD-OE_Agent/data/raw/ZY/ZY13.xls,三张报表,C43,43
historical_600_unknown_rule,ZY13,1,第1年,balance_sheet,特别贷款,0.0,src_766e2c00d61c,origin data/VPD-OE_Agent_20260709/VPD-OE_Agent/data/raw/ZY/ZY13.xls,三张报表,D43,43
historical_600_unknown_rule,ZY13,2,第2年,balance_sheet,特别贷款,0.0,src_766e2c00d61c,origin data/VPD-OE_Agent_20260709/VPD-OE_Agent/data/raw/ZY/ZY13.xls,三张报表,E43,43
historical_600_unknown_rule,ZY13,3,第3年,balance_sheet,特别贷款,0.0,src_766e2c00d61c,origin data/VPD-OE_Agent_20260709/VPD-OE_Agent/data/raw/ZY/ZY13.xls,三张报表,F43,43
historical_600_unknown_rule,ZY13,4,第4年,balance_sheet,特别贷款,0.0,src_766e2c00d61c,origin data/VPD-OE_Agent_20260709/VPD-OE_Agent/data/raw/ZY/ZY13.xls,三张报表,G43,43
historical_600_unknown_rule,ZY13,5,第5年,balance_sheet,特别贷款,0.0,src_766e2c00d61c,origin data/VPD-OE_Agent_20260709/VPD-OE_Agent/data/raw/ZY/ZY13.xls,三张报表,H43,43
historical_600_unknown_rule,ZY13,0,初始元年,balance_sheet,所得税,0.0,src_766e2c00d61c,origin data/VPD-OE_Agent_20260709/VPD-OE_Agent/data/raw/ZY/ZY13.xls,三张报表,C44,44
historical_600_unknown_rule,ZY13,1,第1年,balance_sheet,所得税,0.0,src_766e2c00d61c,origin data/VPD-OE_Agent_20260709/VPD-OE_Agent/data/raw/ZY/ZY13.xls,三张报表,D44,44
historical_600_unknown_rule,ZY13,2,第2年,balance_sheet,所得税,0.0,src_766e2c00d61c,origin data/VPD-OE_Agent_20260709/VPD-OE_Agent/data/raw/ZY/ZY13.xls,三张报表,E44,44
historical_600_unknown_rule,ZY13,3,第3年,balance_sheet,所得税,0.0,src_766e2c00d61c,origin data/VPD-OE_Agent_20260709/VPD-OE_Agent/data/raw/ZY/ZY13.xls,三张报表,F44,44
historical_600_unknown_rule,ZY13,4,第4年,balance_sheet,所得税,60.0,src_766e2c00d61c,origin data/VPD-OE_Agent_20260709/VPD-OE_Agent/data/raw/ZY/ZY13.xls,三张报表,G44,44
historical_600_unknown_rule,ZY13,5,第5年,balance_sheet,所得税,164.0,src_766e2c00d61c,origin data/VPD-OE_Agent_20260709/VPD-OE_Agent/data/raw/ZY/ZY13.xls,三张报表,H44,44
historical_600_unknown_rule,ZY13,0,初始元年,balance_sheet,负债合计,0.0,src_766e2c00d61c,origin data/VPD-OE_Agent_20260709/VPD-OE_Agent/data/raw/ZY/ZY13.xls,三张报表,C45,45
historical_600_unknown_rule,ZY13,1,第1年,balance_sheet,负债合计,1800.0,src_766e2c00d61c,origin data/VPD-OE_Agent_20260709/VPD-OE_Agent/data/raw/ZY/ZY13.xls,三张报表,D45,45
historical_600_unknown_rule,ZY13,2,第2年,balance_sheet,负债合计,1800.0,src_766e2c00d61c,origin data/VPD-OE_Agent_20260709/VPD-OE_Agent/data/raw/ZY/ZY13.xls,三张报表,E45,45
historical_600_unknown_rule,ZY13,3,第3年,balance_sheet,负债合计,1800.0,src_766e2c00d61c,origin data/VPD-OE_Agent_20260709/VPD-OE_Agent/data/raw/ZY/ZY13.xls,三张报表,F45,45
historical_600_unknown_rule,ZY13,4,第4年,balance_sheet,负债合计,1860.0,src_766e2c00d61c,origin data/VPD-OE_Agent_20260709/VPD-OE_Agent/data/raw/ZY/ZY13.xls,三张报表,G45,45
historical_600_unknown_rule,ZY13,5,第5年,balance_sheet,负债合计,2498.0,src_766e2c00d61c,origin data/VPD-OE_Agent_20260709/VPD-OE_Agent/data/raw/ZY/ZY13.xls,三张报表,H45,45
historical_600_unknown_rule,ZY13,0,初始元年,balance_sheet,股东资本,600.0,src_766e2c00d61c,origin data/VPD-OE_Agent_20260709/VPD-OE_Agent/data/raw/ZY/ZY13.xls,三张报表,C46,46
historical_600_unknown_rule,ZY13,1,第1年,balance_sheet,股东资本,600.0,src_766e2c00d61c,origin data/VPD-OE_Agent_20260709/VPD-OE_Agent/data/raw/ZY/ZY13.xls,三张报表,D46,46
historical_600_unknown_rule,ZY13,2,第2年,balance_sheet,股东资本,600.0,src_766e2c00d61c,origin data/VPD-OE_Agent_20260709/VPD-OE_Agent/data/raw/ZY/ZY13.xls,三张报表,E46,46
historical_600_unknown_rule,ZY13,3,第3年,balance_sheet,股东资本,600.0,src_766e2c00d61c,origin data/VPD-OE_Agent_20260709/VPD-OE_Agent/data/raw/ZY/ZY13.xls,三张报表,F46,46
historical_600_unknown_rule,ZY13,4,第4年,balance_sheet,股东资本,600.0,src_766e2c00d61c,origin data/VPD-OE_Agent_20260709/VPD-OE_Agent/data/raw/ZY/ZY13.xls,三张报表,G46,46
historical_600_unknown_rule,ZY13,5,第5年,balance_sheet,股东资本,600.0,src_766e2c00d61c,origin data/VPD-OE_Agent_20260709/VPD-OE_Agent/data/raw/ZY/ZY13.xls,三张报表,H46,46
historical_600_unknown_rule,ZY13,0,初始元年,balance_sheet,利润留存,0.0,src_766e2c00d61c,origin data/VPD-OE_Agent_20260709/VPD-OE_Agent/data/raw/ZY/ZY13.xls,三张报表,C47,47
historical_600_unknown_rule,ZY13,1,第1年,balance_sheet,利润留存,0.0,src_766e2c00d61c,origin data/VPD-OE_Agent_20260709/VPD-OE_Agent/data/raw/ZY/ZY13.xls,三张报表,D47,47
historical_600_unknown_rule,ZY13,2,第2年,balance_sheet,利润留存,-240.0,src_766e2c00d61c,origin data/VPD-OE_Agent_20260709/VPD-OE_Agent/data/raw/ZY/ZY13.xls,三张报表,E47,47
historical_600_unknown_rule,ZY13,3,第3年,balance_sheet,利润留存,-118.0,src_766e2c00d61c,origin data/VPD-OE_Agent_20260709/VPD-OE_Agent/data/raw/ZY/ZY13.xls,三张报表,F47,47
historical_600_unknown_rule,ZY13,4,第4年,balance_sheet,利润留存,-204.0,src_766e2c00d61c,origin data/VPD-OE_Agent_20260709/VPD-OE_Agent/data/raw/ZY/ZY13.xls,三张报表,G47,47
historical_600_unknown_rule,ZY13,5,第5年,balance_sheet,利润留存,178.0,src_766e2c00d61c,origin data/VPD-OE_Agent_20260709/VPD-OE_Agent/data/raw/ZY/ZY13.xls,三张报表,H47,47
historical_600_unknown_rule,ZY13,0,初始元年,balance_sheet,年度净利,0.0,src_766e2c00d61c,origin data/VPD-OE_Agent_20260709/VPD-OE_Agent/data/raw/ZY/ZY13.xls,三张报表,C48,48
historical_600_unknown_rule,ZY13,1,第1年,balance_sheet,年度净利,-240.0,src_766e2c00d61c,origin data/VPD-OE_Agent_20260709/VPD-OE_Agent/data/raw/ZY/ZY13.xls,三张报表,D48,48
historical_600_unknown_rule,ZY13,2,第2年,balance_sheet,年度净利,122.0,src_766e2c00d61c,origin data/VPD-OE_Agent_20260709/VPD-OE_Agent/data/raw/ZY/ZY13.xls,三张报表,E48,48
historical_600_unknown_rule,ZY13,3,第3年,balance_sheet,年度净利,-86.0,src_766e2c00d61c,origin data/VPD-OE_Agent_20260709/VPD-OE_Agent/data/raw/ZY/ZY13.xls,三张报表,F48,48
historical_600_unknown_rule,ZY13,4,第4年,balance_sheet,年度净利,382.0,src_766e2c00d61c,origin data/VPD-OE_Agent_20260709/VPD-OE_Agent/data/raw/ZY/ZY13.xls,三张报表,G48,48
historical_600_unknown_rule,ZY13,5,第5年,balance_sheet,年度净利,490.0,src_766e2c00d61c,origin data/VPD-OE_Agent_20260709/VPD-OE_Agent/data/raw/ZY/ZY13.xls,三张报表,H48,48
historical_600_unknown_rule,ZY13,0,初始元年,balance_sheet,所有者权益合计,600.0,src_766e2c00d61c,origin data/VPD-OE_Agent_20260709/VPD-OE_Agent/data/raw/ZY/ZY13.xls,三张报表,C49,49
historical_600_unknown_rule,ZY13,1,第1年,balance_sheet,所有者权益合计,360.0,src_766e2c00d61c,origin data/VPD-OE_Agent_20260709/VPD-OE_Agent/data/raw/ZY/ZY13.xls,三张报表,D49,49
historical_600_unknown_rule,ZY13,2,第2年,balance_sheet,所有者权益合计,482.0,src_766e2c00d61c,origin data/VPD-OE_Agent_20260709/VPD-OE_Agent/data/raw/ZY/ZY13.xls,三张报表,E49,49
historical_600_unknown_rule,ZY13,3,第3年,balance_sheet,所有者权益合计,396.0,src_766e2c00d61c,origin data/VPD-OE_Agent_20260709/VPD-OE_Agent/data/raw/ZY/ZY13.xls,三张报表,F49,49
historical_600_unknown_rule,ZY13,4,第4年,balance_sheet,所有者权益合计,778.0,src_766e2c00d61c,origin data/VPD-OE_Agent_20260709/VPD-OE_Agent/data/raw/ZY/ZY13.xls,三张报表,G49,49
historical_600_unknown_rule,ZY13,5,第5年,balance_sheet,所有者权益合计,1268.0,src_766e2c00d61c,origin data/VPD-OE_Agent_20260709/VPD-OE_Agent/data/raw/ZY/ZY13.xls,三张报表,H49,49
historical_600_unknown_rule,ZY13,0,初始元年,balance_sheet,负债和所有者权益总计,600.0,src_766e2c00d61c,origin data/VPD-OE_Agent_20260709/VPD-OE_Agent/data/raw/ZY/ZY13.xls,三张报表,C50,50
historical_600_unknown_rule,ZY13,1,第1年,balance_sheet,负债和所有者权益总计,2160.0,src_766e2c00d61c,origin data/VPD-OE_Agent_20260709/VPD-OE_Agent/data/raw/ZY/ZY13.xls,三张报表,D50,50
historical_600_unknown_rule,ZY13,2,第2年,balance_sheet,负债和所有者权益总计,2282.0,src_766e2c00d61c,origin data/VPD-OE_Agent_20260709/VPD-OE_Agent/data/raw/ZY/ZY13.xls,三张报表,E50,50
historical_600_unknown_rule,ZY13,3,第3年,balance_sheet,负债和所有者权益总计,2196.0,src_766e2c00d61c,origin data/VPD-OE_Agent_20260709/VPD-OE_Agent/data/raw/ZY/ZY13.xls,三张报表,F50,50
historical_600_unknown_rule,ZY13,4,第4年,balance_sheet,负债和所有者权益总计,2638.0,src_766e2c00d61c,origin data/VPD-OE_Agent_20260709/VPD-OE_Agent/data/raw/ZY/ZY13.xls,三张报表,G50,50
historical_600_unknown_rule,ZY13,5,第5年,balance_sheet,负债和所有者权益总计,3766.0,src_766e2c00d61c,origin data/VPD-OE_Agent_20260709/VPD-OE_Agent/data/raw/ZY/ZY13.xls,三张报表,H50,50
historical_600_unknown_rule,ZY14,0,初始元年,comprehensive_expense,管理费,0.0,src_27029786bf11,origin data/VPD-OE_Agent_20260709/VPD-OE_Agent/data/raw/ZY/ZY14.xls,三张报表,C3,3
historical_600_unknown_rule,ZY14,1,第1年,comprehensive_expense,管理费,40.0,src_27029786bf11,origin data/VPD-OE_Agent_20260709/VPD-OE_Agent/data/raw/ZY/ZY14.xls,三张报表,D3,3
historical_600_unknown_rule,ZY14,2,第2年,comprehensive_expense,管理费,40.0,src_27029786bf11,origin data/VPD-OE_Agent_20260709/VPD-OE_Agent/data/raw/ZY/ZY14.xls,三张报表,E3,3
historical_600_unknown_rule,ZY14,3,第3年,comprehensive_expense,管理费,40.0,src_27029786bf11,origin data/VPD-OE_Agent_20260709/VPD-OE_Agent/data/raw/ZY/ZY14.xls,三张报表,F3,3
historical_600_unknown_rule,ZY14,4,第4年,comprehensive_expense,管理费,40.0,src_27029786bf11,origin data/VPD-OE_Agent_20260709/VPD-OE_Agent/data/raw/ZY/ZY14.xls,三张报表,G3,3
historical_600_unknown_rule,ZY14,5,第5年,comprehensive_expense,管理费,40.0,src_27029786bf11,origin data/VPD-OE_Agent_20260709/VPD-OE_Agent/data/raw/ZY/ZY14.xls,三张报表,H3,3
historical_600_unknown_rule,ZY14,0,初始元年,comprehensive_expense,广告费,0.0,src_27029786bf11,origin data/VPD-OE_Agent_20260709/VPD-OE_Agent/data/raw/ZY/ZY14.xls,三张报表,C4,4
historical_600_unknown_rule,ZY14,1,第1年,comprehensive_expense,广告费,0.0,src_27029786bf11,origin data/VPD-OE_Agent_20260709/VPD-OE_Agent/data/raw/ZY/ZY14.xls,三张报表,D4,4
historical_600_unknown_rule,ZY14,2,第2年,comprehensive_expense,广告费,118.0,src_27029786bf11,origin data/VPD-OE_Agent_20260709/VPD-OE_Agent/data/raw/ZY/ZY14.xls,三张报表,E4,4
historical_600_unknown_rule,ZY14,3,第3年,comprehensive_expense,广告费,140.0,src_27029786bf11,origin data/VPD-OE_Agent_20260709/VPD-OE_Agent/data/raw/ZY/ZY14.xls,三张报表,F4,4
historical_600_unknown_rule,ZY14,4,第4年,comprehensive_expense,广告费,140.0,src_27029786bf11,origin data/VPD-OE_Agent_20260709/VPD-OE_Agent/data/raw/ZY/ZY14.xls,三张报表,G4,4
historical_600_unknown_rule,ZY14,5,第5年,comprehensive_expense,广告费,150.0,src_27029786bf11,origin data/VPD-OE_Agent_20260709/VPD-OE_Agent/data/raw/ZY/ZY14.xls,三张报表,H4,4
historical_600_unknown_rule,ZY14,0,初始元年,comprehensive_expense,维护费,0.0,src_27029786bf11,origin data/VPD-OE_Agent_20260709/VPD-OE_Agent/data/raw/ZY/ZY14.xls,三张报表,C5,5
historical_600_unknown_rule,ZY14,1,第1年,comprehensive_expense,维护费,0.0,src_27029786bf11,origin data/VPD-OE_Agent_20260709/VPD-OE_Agent/data/raw/ZY/ZY14.xls,三张报表,D5,5
historical_600_unknown_rule,ZY14,2,第2年,comprehensive_expense,维护费,40.0,src_27029786bf11,origin data/VPD-OE_Agent_20260709/VPD-OE_Agent/data/raw/ZY/ZY14.xls,三张报表,E5,5
historical_600_unknown_rule,ZY14,3,第3年,comprehensive_expense,维护费,40.0,src_27029786bf11,origin data/VPD-OE_Agent_20260709/VPD-OE_Agent/data/raw/ZY/ZY14.xls,三张报表,F5,5
historical_600_unknown_rule,ZY14,4,第4年,comprehensive_expense,维护费,40.0,src_27029786bf11,origin data/VPD-OE_Agent_20260709/VPD-OE_Agent/data/raw/ZY/ZY14.xls,三张报表,G5,5
historical_600_unknown_rule,ZY14,5,第5年,comprehensive_expense,维护费,40.0,src_27029786bf11,origin data/VPD-OE_Agent_20260709/VPD-OE_Agent/data/raw/ZY/ZY14.xls,三张报表,H5,5
historical_600_unknown_rule,ZY14,0,初始元年,comprehensive_expense,损失,0.0,src_27029786bf11,origin data/VPD-OE_Agent_20260709/VPD-OE_Agent/data/raw/ZY/ZY14.xls,三张报表,C6,6
historical_600_unknown_rule,ZY14,1,第1年,comprehensive_expense,损失,0.0,src_27029786bf11,origin data/VPD-OE_Agent_20260709/VPD-OE_Agent/data/raw/ZY/ZY14.xls,三张报表,D6,6
historical_600_unknown_rule,ZY14,2,第2年,comprehensive_expense,损失,0.0,src_27029786bf11,origin data/VPD-OE_Agent_20260709/VPD-OE_Agent/data/raw/ZY/ZY14.xls,三张报表,E6,6
historical_600_unknown_rule,ZY14,3,第3年,comprehensive_expense,损失,0.0,src_27029786bf11,origin data/VPD-OE_Agent_20260709/VPD-OE_Agent/data/raw/ZY/ZY14.xls,三张报表,F6,6
historical_600_unknown_rule,ZY14,4,第4年,comprehensive_expense,损失,0.0,src_27029786bf11,origin data/VPD-OE_Agent_20260709/VPD-OE_Agent/data/raw/ZY/ZY14.xls,三张报表,G6,6
historical_600_unknown_rule,ZY14,5,第5年,comprehensive_expense,损失,0.0,src_27029786bf11,origin data/VPD-OE_Agent_20260709/VPD-OE_Agent/data/raw/ZY/ZY14.xls,三张报表,H6,6
historical_600_unknown_rule,ZY14,0,初始元年,comprehensive_expense,转产费,0.0,src_27029786bf11,origin data/VPD-OE_Agent_20260709/VPD-OE_Agent/data/raw/ZY/ZY14.xls,三张报表,C7,7
historical_600_unknown_rule,ZY14,1,第1年,comprehensive_expense,转产费,0.0,src_27029786bf11,origin data/VPD-OE_Agent_20260709/VPD-OE_Agent/data/raw/ZY/ZY14.xls,三张报表,D7,7
historical_600_unknown_rule,ZY14,2,第2年,comprehensive_expense,转产费,0.0,src_27029786bf11,origin data/VPD-OE_Agent_20260709/VPD-OE_Agent/data/raw/ZY/ZY14.xls,三张报表,E7,7
historical_600_unknown_rule,ZY14,3,第3年,comprehensive_expense,转产费,0.0,src_27029786bf11,origin data/VPD-OE_Agent_20260709/VPD-OE_Agent/data/raw/ZY/ZY14.xls,三张报表,F7,7
historical_600_unknown_rule,ZY14,4,第4年,comprehensive_expense,转产费,0.0,src_27029786bf11,origin data/VPD-OE_Agent_20260709/VPD-OE_Agent/data/raw/ZY/ZY14.xls,三张报表,G7,7
historical_600_unknown_rule,ZY14,5,第5年,comprehensive_expense,转产费,0.0,src_27029786bf11,origin data/VPD-OE_Agent_20260709/VPD-OE_Agent/data/raw/ZY/ZY14.xls,三张报表,H7,7
historical_600_unknown_rule,ZY14,0,初始元年,comprehensive_expense,租金,0.0,src_27029786bf11,origin data/VPD-OE_Agent_20260709/VPD-OE_Agent/data/raw/ZY/ZY14.xls,三张报表,C8,8
historical_600_unknown_rule,ZY14,1,第1年,comprehensive_expense,租金,40.0,src_27029786bf11,origin data/VPD-OE_Agent_20260709/VPD-OE_Agent/data/raw/ZY/ZY14.xls,三张报表,D8,8
historical_600_unknown_rule,ZY14,2,第2年,comprehensive_expense,租金,40.0,src_27029786bf11,origin data/VPD-OE_Agent_20260709/VPD-OE_Agent/data/raw/ZY/ZY14.xls,三张报表,E8,8
historical_600_unknown_rule,ZY14,3,第3年,comprehensive_expense,租金,40.0,src_27029786bf11,origin data/VPD-OE_Agent_20260709/VPD-OE_Agent/data/raw/ZY/ZY14.xls,三张报表,F8,8
historical_600_unknown_rule,ZY14,4,第4年,comprehensive_expense,租金,40.0,src_27029786bf11,origin data/VPD-OE_Agent_20260709/VPD-OE_Agent/data/raw/ZY/ZY14.xls,三张报表,G8,8
historical_600_unknown_rule,ZY14,5,第5年,comprehensive_expense,租金,40.0,src_27029786bf11,origin data/VPD-OE_Agent_20260709/VPD-OE_Agent/data/raw/ZY/ZY14.xls,三张报表,H8,8
historical_600_unknown_rule,ZY14,0,初始元年,comprehensive_expense,市场开拓费,0.0,src_27029786bf11,origin data/VPD-OE_Agent_20260709/VPD-OE_Agent/data/raw/ZY/ZY14.xls,三张报表,C9,9
historical_600_unknown_rule,ZY14,1,第1年,comprehensive_expense,市场开拓费,50.0,src_27029786bf11,origin data/VPD-OE_Agent_20260709/VPD-OE_Agent/data/raw/ZY/ZY14.xls,三张报表,D9,9
historical_600_unknown_rule,ZY14,2,第2年,comprehensive_expense,市场开拓费,30.0,src_27029786bf11,origin data/VPD-OE_Agent_20260709/VPD-OE_Agent/data/raw/ZY/ZY14.xls,三张报表,E9,9
historical_600_unknown_rule,ZY14,3,第3年,comprehensive_expense,市场开拓费,20.0,src_27029786bf11,origin data/VPD-OE_Agent_20260709/VPD-OE_Agent/data/raw/ZY/ZY14.xls,三张报表,F9,9
historical_600_unknown_rule,ZY14,4,第4年,comprehensive_expense,市场开拓费,10.0,src_27029786bf11,origin data/VPD-OE_Agent_20260709/VPD-OE_Agent/data/raw/ZY/ZY14.xls,三张报表,G9,9
historical_600_unknown_rule,ZY14,5,第5年,comprehensive_expense,市场开拓费,0.0,src_27029786bf11,origin data/VPD-OE_Agent_20260709/VPD-OE_Agent/data/raw/ZY/ZY14.xls,三张报表,H9,9
historical_600_unknown_rule,ZY14,0,初始元年,comprehensive_expense,产品研发费,0.0,src_27029786bf11,origin data/VPD-OE_Agent_20260709/VPD-OE_Agent/data/raw/ZY/ZY14.xls,三张报表,C10,10
historical_600_unknown_rule,ZY14,1,第1年,comprehensive_expense,产品研发费,70.0,src_27029786bf11,origin data/VPD-OE_Agent_20260709/VPD-OE_Agent/data/raw/ZY/ZY14.xls,三张报表,D10,10
historical_600_unknown_rule,ZY14,2,第2年,comprehensive_expense,产品研发费,0.0,src_27029786bf11,origin data/VPD-OE_Agent_20260709/VPD-OE_Agent/data/raw/ZY/ZY14.xls,三张报表,E10,10
historical_600_unknown_rule,ZY14,3,第3年,comprehensive_expense,产品研发费,0.0,src_27029786bf11,origin data/VPD-OE_Agent_20260709/VPD-OE_Agent/data/raw/ZY/ZY14.xls,三张报表,F10,10
historical_600_unknown_rule,ZY14,4,第4年,comprehensive_expense,产品研发费,0.0,src_27029786bf11,origin data/VPD-OE_Agent_20260709/VPD-OE_Agent/data/raw/ZY/ZY14.xls,三张报表,G10,10
historical_600_unknown_rule,ZY14,5,第5年,comprehensive_expense,产品研发费,0.0,src_27029786bf11,origin data/VPD-OE_Agent_20260709/VPD-OE_Agent/data/raw/ZY/ZY14.xls,三张报表,H10,10
historical_600_unknown_rule,ZY14,0,初始元年,comprehensive_expense,ISO认证费,0.0,src_27029786bf11,origin data/VPD-OE_Agent_20260709/VPD-OE_Agent/data/raw/ZY/ZY14.xls,三张报表,C11,11
historical_600_unknown_rule,ZY14,1,第1年,comprehensive_expense,ISO认证费,30.0,src_27029786bf11,origin data/VPD-OE_Agent_20260709/VPD-OE_Agent/data/raw/ZY/ZY14.xls,三张报表,D11,11
historical_600_unknown_rule,ZY14,2,第2年,comprehensive_expense,ISO认证费,0.0,src_27029786bf11,origin data/VPD-OE_Agent_20260709/VPD-OE_Agent/data/raw/ZY/ZY14.xls,三张报表,E11,11
historical_600_unknown_rule,ZY14,3,第3年,comprehensive_expense,ISO认证费,30.0,src_27029786bf11,origin data/VPD-OE_Agent_20260709/VPD-OE_Agent/data/raw/ZY/ZY14.xls,三张报表,F11,11
historical_600_unknown_rule,ZY14,4,第4年,comprehensive_expense,ISO认证费,0.0,src_27029786bf11,origin data/VPD-OE_Agent_20260709/VPD-OE_Agent/data/raw/ZY/ZY14.xls,三张报表,G11,11
historical_600_unknown_rule,ZY14,5,第5年,comprehensive_expense,ISO认证费,0.0,src_27029786bf11,origin data/VPD-OE_Agent_20260709/VPD-OE_Agent/data/raw/ZY/ZY14.xls,三张报表,H11,11
historical_600_unknown_rule,ZY14,0,初始元年,comprehensive_expense,信息费,0.0,src_27029786bf11,origin data/VPD-OE_Agent_20260709/VPD-OE_Agent/data/raw/ZY/ZY14.xls,三张报表,C12,12
historical_600_unknown_rule,ZY14,1,第1年,comprehensive_expense,信息费,0.0,src_27029786bf11,origin data/VPD-OE_Agent_20260709/VPD-OE_Agent/data/raw/ZY/ZY14.xls,三张报表,D12,12
historical_600_unknown_rule,ZY14,2,第2年,comprehensive_expense,信息费,0.0,src_27029786bf11,origin data/VPD-OE_Agent_20260709/VPD-OE_Agent/data/raw/ZY/ZY14.xls,三张报表,E12,12
historical_600_unknown_rule,ZY14,3,第3年,comprehensive_expense,信息费,0.0,src_27029786bf11,origin data/VPD-OE_Agent_20260709/VPD-OE_Agent/data/raw/ZY/ZY14.xls,三张报表,F12,12
historical_600_unknown_rule,ZY14,4,第4年,comprehensive_expense,信息费,0.0,src_27029786bf11,origin data/VPD-OE_Agent_20260709/VPD-OE_Agent/data/raw/ZY/ZY14.xls,三张报表,G12,12
historical_600_unknown_rule,ZY14,5,第5年,comprehensive_expense,信息费,0.0,src_27029786bf11,origin data/VPD-OE_Agent_20260709/VPD-OE_Agent/data/raw/ZY/ZY14.xls,三张报表,H12,12
historical_600_unknown_rule,ZY14,0,初始元年,comprehensive_expense,合计,0.0,src_27029786bf11,origin data/VPD-OE_Agent_20260709/VPD-OE_Agent/data/raw/ZY/ZY14.xls,三张报表,C13,13
historical_600_unknown_rule,ZY14,1,第1年,comprehensive_expense,合计,230.0,src_27029786bf11,origin data/VPD-OE_Agent_20260709/VPD-OE_Agent/data/raw/ZY/ZY14.xls,三张报表,D13,13
historical_600_unknown_rule,ZY14,2,第2年,comprehensive_expense,合计,268.0,src_27029786bf11,origin data/VPD-OE_Agent_20260709/VPD-OE_Agent/data/raw/ZY/ZY14.xls,三张报表,E13,13
historical_600_unknown_rule,ZY14,3,第3年,comprehensive_expense,合计,310.0,src_27029786bf11,origin data/VPD-OE_Agent_20260709/VPD-OE_Agent/data/raw/ZY/ZY14.xls,三张报表,F13,13
historical_600_unknown_rule,ZY14,4,第4年,comprehensive_expense,合计,270.0,src_27029786bf11,origin data/VPD-OE_Agent_20260709/VPD-OE_Agent/data/raw/ZY/ZY14.xls,三张报表,G13,13
historical_600_unknown_rule,ZY14,5,第5年,comprehensive_expense,合计,270.0,src_27029786bf11,origin data/VPD-OE_Agent_20260709/VPD-OE_Agent/data/raw/ZY/ZY14.xls,三张报表,H13,13
historical_600_unknown_rule,ZY14,0,初始元年,income_statement,销售收入,0.0,src_27029786bf11,origin data/VPD-OE_Agent_20260709/VPD-OE_Agent/data/raw/ZY/ZY14.xls,三张报表,C16,16
historical_600_unknown_rule,ZY14,1,第1年,income_statement,销售收入,0.0,src_27029786bf11,origin data/VPD-OE_Agent_20260709/VPD-OE_Agent/data/raw/ZY/ZY14.xls,三张报表,D16,16
historical_600_unknown_rule,ZY14,2,第2年,income_statement,销售收入,969.0,src_27029786bf11,origin data/VPD-OE_Agent_20260709/VPD-OE_Agent/data/raw/ZY/ZY14.xls,三张报表,E16,16
historical_600_unknown_rule,ZY14,3,第3年,income_statement,销售收入,1221.0,src_27029786bf11,origin data/VPD-OE_Agent_20260709/VPD-OE_Agent/data/raw/ZY/ZY14.xls,三张报表,F16,16
historical_600_unknown_rule,ZY14,4,第4年,income_statement,销售收入,994.0,src_27029786bf11,origin data/VPD-OE_Agent_20260709/VPD-OE_Agent/data/raw/ZY/ZY14.xls,三张报表,G16,16
historical_600_unknown_rule,ZY14,5,第5年,income_statement,销售收入,1451.0,src_27029786bf11,origin data/VPD-OE_Agent_20260709/VPD-OE_Agent/data/raw/ZY/ZY14.xls,三张报表,H16,16
historical_600_unknown_rule,ZY14,0,初始元年,income_statement,直接成本,0.0,src_27029786bf11,origin data/VPD-OE_Agent_20260709/VPD-OE_Agent/data/raw/ZY/ZY14.xls,三张报表,C17,17
historical_600_unknown_rule,ZY14,1,第1年,income_statement,直接成本,0.0,src_27029786bf11,origin data/VPD-OE_Agent_20260709/VPD-OE_Agent/data/raw/ZY/ZY14.xls,三张报表,D17,17
historical_600_unknown_rule,ZY14,2,第2年,income_statement,直接成本,420.0,src_27029786bf11,origin data/VPD-OE_Agent_20260709/VPD-OE_Agent/data/raw/ZY/ZY14.xls,三张报表,E17,17
historical_600_unknown_rule,ZY14,3,第3年,income_statement,直接成本,560.0,src_27029786bf11,origin data/VPD-OE_Agent_20260709/VPD-OE_Agent/data/raw/ZY/ZY14.xls,三张报表,F17,17
historical_600_unknown_rule,ZY14,4,第4年,income_statement,直接成本,460.0,src_27029786bf11,origin data/VPD-OE_Agent_20260709/VPD-OE_Agent/data/raw/ZY/ZY14.xls,三张报表,G17,17
historical_600_unknown_rule,ZY14,5,第5年,income_statement,直接成本,660.0,src_27029786bf11,origin data/VPD-OE_Agent_20260709/VPD-OE_Agent/data/raw/ZY/ZY14.xls,三张报表,H17,17
historical_600_unknown_rule,ZY14,0,初始元年,income_statement,毛利,0.0,src_27029786bf11,origin data/VPD-OE_Agent_20260709/VPD-OE_Agent/data/raw/ZY/ZY14.xls,三张报表,C18,18
historical_600_unknown_rule,ZY14,1,第1年,income_statement,毛利,0.0,src_27029786bf11,origin data/VPD-OE_Agent_20260709/VPD-OE_Agent/data/raw/ZY/ZY14.xls,三张报表,D18,18
historical_600_unknown_rule,ZY14,2,第2年,income_statement,毛利,549.0,src_27029786bf11,origin data/VPD-OE_Agent_20260709/VPD-OE_Agent/data/raw/ZY/ZY14.xls,三张报表,E18,18
historical_600_unknown_rule,ZY14,3,第3年,income_statement,毛利,661.0,src_27029786bf11,origin data/VPD-OE_Agent_20260709/VPD-OE_Agent/data/raw/ZY/ZY14.xls,三张报表,F18,18
historical_600_unknown_rule,ZY14,4,第4年,income_statement,毛利,534.0,src_27029786bf11,origin data/VPD-OE_Agent_20260709/VPD-OE_Agent/data/raw/ZY/ZY14.xls,三张报表,G18,18
historical_600_unknown_rule,ZY14,5,第5年,income_statement,毛利,791.0,src_27029786bf11,origin data/VPD-OE_Agent_20260709/VPD-OE_Agent/data/raw/ZY/ZY14.xls,三张报表,H18,18
historical_600_unknown_rule,ZY14,0,初始元年,income_statement,综合费用,0.0,src_27029786bf11,origin data/VPD-OE_Agent_20260709/VPD-OE_Agent/data/raw/ZY/ZY14.xls,三张报表,C19,19
historical_600_unknown_rule,ZY14,1,第1年,income_statement,综合费用,230.0,src_27029786bf11,origin data/VPD-OE_Agent_20260709/VPD-OE_Agent/data/raw/ZY/ZY14.xls,三张报表,D19,19
historical_600_unknown_rule,ZY14,2,第2年,income_statement,综合费用,268.0,src_27029786bf11,origin data/VPD-OE_Agent_20260709/VPD-OE_Agent/data/raw/ZY/ZY14.xls,三张报表,E19,19
historical_600_unknown_rule,ZY14,3,第3年,income_statement,综合费用,310.0,src_27029786bf11,origin data/VPD-OE_Agent_20260709/VPD-OE_Agent/data/raw/ZY/ZY14.xls,三张报表,F19,19
historical_600_unknown_rule,ZY14,4,第4年,income_statement,综合费用,270.0,src_27029786bf11,origin data/VPD-OE_Agent_20260709/VPD-OE_Agent/data/raw/ZY/ZY14.xls,三张报表,G19,19
historical_600_unknown_rule,ZY14,5,第5年,income_statement,综合费用,270.0,src_27029786bf11,origin data/VPD-OE_Agent_20260709/VPD-OE_Agent/data/raw/ZY/ZY14.xls,三张报表,H19,19
historical_600_unknown_rule,ZY14,0,初始元年,income_statement,折旧前利润,0.0,src_27029786bf11,origin data/VPD-OE_Agent_20260709/VPD-OE_Agent/data/raw/ZY/ZY14.xls,三张报表,C20,20
historical_600_unknown_rule,ZY14,1,第1年,income_statement,折旧前利润,-230.0,src_27029786bf11,origin data/VPD-OE_Agent_20260709/VPD-OE_Agent/data/raw/ZY/ZY14.xls,三张报表,D20,20
historical_600_unknown_rule,ZY14,2,第2年,income_statement,折旧前利润,281.0,src_27029786bf11,origin data/VPD-OE_Agent_20260709/VPD-OE_Agent/data/raw/ZY/ZY14.xls,三张报表,E20,20
historical_600_unknown_rule,ZY14,3,第3年,income_statement,折旧前利润,351.0,src_27029786bf11,origin data/VPD-OE_Agent_20260709/VPD-OE_Agent/data/raw/ZY/ZY14.xls,三张报表,F20,20
historical_600_unknown_rule,ZY14,4,第4年,income_statement,折旧前利润,264.0,src_27029786bf11,origin data/VPD-OE_Agent_20260709/VPD-OE_Agent/data/raw/ZY/ZY14.xls,三张报表,G20,20
historical_600_unknown_rule,ZY14,5,第5年,income_statement,折旧前利润,521.0,src_27029786bf11,origin data/VPD-OE_Agent_20260709/VPD-OE_Agent/data/raw/ZY/ZY14.xls,三张报表,H20,20
historical_600_unknown_rule,ZY14,0,初始元年,income_statement,折旧,0.0,src_27029786bf11,origin data/VPD-OE_Agent_20260709/VPD-OE_Agent/data/raw/ZY/ZY14.xls,三张报表,C21,21
historical_600_unknown_rule,ZY14,1,第1年,income_statement,折旧,0.0,src_27029786bf11,origin data/VPD-OE_Agent_20260709/VPD-OE_Agent/data/raw/ZY/ZY14.xls,三张报表,D21,21
historical_600_unknown_rule,ZY14,2,第2年,income_statement,折旧,0.0,src_27029786bf11,origin data/VPD-OE_Agent_20260709/VPD-OE_Agent/data/raw/ZY/ZY14.xls,三张报表,E21,21
historical_600_unknown_rule,ZY14,3,第3年,income_statement,折旧,120.0,src_27029786bf11,origin data/VPD-OE_Agent_20260709/VPD-OE_Agent/data/raw/ZY/ZY14.xls,三张报表,F21,21
historical_600_unknown_rule,ZY14,4,第4年,income_statement,折旧,120.0,src_27029786bf11,origin data/VPD-OE_Agent_20260709/VPD-OE_Agent/data/raw/ZY/ZY14.xls,三张报表,G21,21
historical_600_unknown_rule,ZY14,5,第5年,income_statement,折旧,120.0,src_27029786bf11,origin data/VPD-OE_Agent_20260709/VPD-OE_Agent/data/raw/ZY/ZY14.xls,三张报表,H21,21
historical_600_unknown_rule,ZY14,0,初始元年,income_statement,支付利息前利润,0.0,src_27029786bf11,origin data/VPD-OE_Agent_20260709/VPD-OE_Agent/data/raw/ZY/ZY14.xls,三张报表,C22,22
historical_600_unknown_rule,ZY14,1,第1年,income_statement,支付利息前利润,-230.0,src_27029786bf11,origin data/VPD-OE_Agent_20260709/VPD-OE_Agent/data/raw/ZY/ZY14.xls,三张报表,D22,22
historical_600_unknown_rule,ZY14,2,第2年,income_statement,支付利息前利润,281.0,src_27029786bf11,origin data/VPD-OE_Agent_20260709/VPD-OE_Agent/data/raw/ZY/ZY14.xls,三张报表,E22,22
historical_600_unknown_rule,ZY14,3,第3年,income_statement,支付利息前利润,231.0,src_27029786bf11,origin data/VPD-OE_Agent_20260709/VPD-OE_Agent/data/raw/ZY/ZY14.xls,三张报表,F22,22
historical_600_unknown_rule,ZY14,4,第4年,income_statement,支付利息前利润,144.0,src_27029786bf11,origin data/VPD-OE_Agent_20260709/VPD-OE_Agent/data/raw/ZY/ZY14.xls,三张报表,G22,22
historical_600_unknown_rule,ZY14,5,第5年,income_statement,支付利息前利润,401.0,src_27029786bf11,origin data/VPD-OE_Agent_20260709/VPD-OE_Agent/data/raw/ZY/ZY14.xls,三张报表,H22,22
historical_600_unknown_rule,ZY14,0,初始元年,income_statement,财务费用,0.0,src_27029786bf11,origin data/VPD-OE_Agent_20260709/VPD-OE_Agent/data/raw/ZY/ZY14.xls,三张报表,C23,23
historical_600_unknown_rule,ZY14,1,第1年,income_statement,财务费用,0.0,src_27029786bf11,origin data/VPD-OE_Agent_20260709/VPD-OE_Agent/data/raw/ZY/ZY14.xls,三张报表,D23,23
historical_600_unknown_rule,ZY14,2,第2年,income_statement,财务费用,30.0,src_27029786bf11,origin data/VPD-OE_Agent_20260709/VPD-OE_Agent/data/raw/ZY/ZY14.xls,三张报表,E23,23
historical_600_unknown_rule,ZY14,3,第3年,income_statement,财务费用,89.0,src_27029786bf11,origin data/VPD-OE_Agent_20260709/VPD-OE_Agent/data/raw/ZY/ZY14.xls,三张报表,F23,23
historical_600_unknown_rule,ZY14,4,第4年,income_statement,财务费用,128.0,src_27029786bf11,origin data/VPD-OE_Agent_20260709/VPD-OE_Agent/data/raw/ZY/ZY14.xls,三张报表,G23,23
historical_600_unknown_rule,ZY14,5,第5年,income_statement,财务费用,172.0,src_27029786bf11,origin data/VPD-OE_Agent_20260709/VPD-OE_Agent/data/raw/ZY/ZY14.xls,三张报表,H23,23
historical_600_unknown_rule,ZY14,0,初始元年,income_statement,税前利润,0.0,src_27029786bf11,origin data/VPD-OE_Agent_20260709/VPD-OE_Agent/data/raw/ZY/ZY14.xls,三张报表,C24,24
historical_600_unknown_rule,ZY14,1,第1年,income_statement,税前利润,-230.0,src_27029786bf11,origin data/VPD-OE_Agent_20260709/VPD-OE_Agent/data/raw/ZY/ZY14.xls,三张报表,D24,24
historical_600_unknown_rule,ZY14,2,第2年,income_statement,税前利润,251.0,src_27029786bf11,origin data/VPD-OE_Agent_20260709/VPD-OE_Agent/data/raw/ZY/ZY14.xls,三张报表,E24,24
historical_600_unknown_rule,ZY14,3,第3年,income_statement,税前利润,142.0,src_27029786bf11,origin data/VPD-OE_Agent_20260709/VPD-OE_Agent/data/raw/ZY/ZY14.xls,三张报表,F24,24
historical_600_unknown_rule,ZY14,4,第4年,income_statement,税前利润,16.0,src_27029786bf11,origin data/VPD-OE_Agent_20260709/VPD-OE_Agent/data/raw/ZY/ZY14.xls,三张报表,G24,24
historical_600_unknown_rule,ZY14,5,第5年,income_statement,税前利润,229.0,src_27029786bf11,origin data/VPD-OE_Agent_20260709/VPD-OE_Agent/data/raw/ZY/ZY14.xls,三张报表,H24,24
historical_600_unknown_rule,ZY14,0,初始元年,income_statement,所得税,0.0,src_27029786bf11,origin data/VPD-OE_Agent_20260709/VPD-OE_Agent/data/raw/ZY/ZY14.xls,三张报表,C25,25
historical_600_unknown_rule,ZY14,1,第1年,income_statement,所得税,0.0,src_27029786bf11,origin data/VPD-OE_Agent_20260709/VPD-OE_Agent/data/raw/ZY/ZY14.xls,三张报表,D25,25
historical_600_unknown_rule,ZY14,2,第2年,income_statement,所得税,5.0,src_27029786bf11,origin data/VPD-OE_Agent_20260709/VPD-OE_Agent/data/raw/ZY/ZY14.xls,三张报表,E25,25
historical_600_unknown_rule,ZY14,3,第3年,income_statement,所得税,36.0,src_27029786bf11,origin data/VPD-OE_Agent_20260709/VPD-OE_Agent/data/raw/ZY/ZY14.xls,三张报表,F25,25
historical_600_unknown_rule,ZY14,4,第4年,income_statement,所得税,4.0,src_27029786bf11,origin data/VPD-OE_Agent_20260709/VPD-OE_Agent/data/raw/ZY/ZY14.xls,三张报表,G25,25
historical_600_unknown_rule,ZY14,5,第5年,income_statement,所得税,57.0,src_27029786bf11,origin data/VPD-OE_Agent_20260709/VPD-OE_Agent/data/raw/ZY/ZY14.xls,三张报表,H25,25
historical_600_unknown_rule,ZY14,0,初始元年,income_statement,年度净利润,0.0,src_27029786bf11,origin data/VPD-OE_Agent_20260709/VPD-OE_Agent/data/raw/ZY/ZY14.xls,三张报表,C26,26
historical_600_unknown_rule,ZY14,1,第1年,income_statement,年度净利润,-230.0,src_27029786bf11,origin data/VPD-OE_Agent_20260709/VPD-OE_Agent/data/raw/ZY/ZY14.xls,三张报表,D26,26
historical_600_unknown_rule,ZY14,2,第2年,income_statement,年度净利润,246.0,src_27029786bf11,origin data/VPD-OE_Agent_20260709/VPD-OE_Agent/data/raw/ZY/ZY14.xls,三张报表,E26,26
historical_600_unknown_rule,ZY14,3,第3年,income_statement,年度净利润,106.0,src_27029786bf11,origin data/VPD-OE_Agent_20260709/VPD-OE_Agent/data/raw/ZY/ZY14.xls,三张报表,F26,26
historical_600_unknown_rule,ZY14,4,第4年,income_statement,年度净利润,12.0,src_27029786bf11,origin data/VPD-OE_Agent_20260709/VPD-OE_Agent/data/raw/ZY/ZY14.xls,三张报表,G26,26
historical_600_unknown_rule,ZY14,5,第5年,income_statement,年度净利润,172.0,src_27029786bf11,origin data/VPD-OE_Agent_20260709/VPD-OE_Agent/data/raw/ZY/ZY14.xls,三张报表,H26,26
historical_600_unknown_rule,ZY14,0,初始元年,balance_sheet,现金,600.0,src_27029786bf11,origin data/VPD-OE_Agent_20260709/VPD-OE_Agent/data/raw/ZY/ZY14.xls,三张报表,C30,30
historical_600_unknown_rule,ZY14,1,第1年,balance_sheet,现金,388.0,src_27029786bf11,origin data/VPD-OE_Agent_20260709/VPD-OE_Agent/data/raw/ZY/ZY14.xls,三张报表,D30,30
historical_600_unknown_rule,ZY14,2,第2年,balance_sheet,现金,193.0,src_27029786bf11,origin data/VPD-OE_Agent_20260709/VPD-OE_Agent/data/raw/ZY/ZY14.xls,三张报表,E30,30
historical_600_unknown_rule,ZY14,3,第3年,balance_sheet,现金,319.0,src_27029786bf11,origin data/VPD-OE_Agent_20260709/VPD-OE_Agent/data/raw/ZY/ZY14.xls,三张报表,F30,30
historical_600_unknown_rule,ZY14,4,第4年,balance_sheet,现金,866.0,src_27029786bf11,origin data/VPD-OE_Agent_20260709/VPD-OE_Agent/data/raw/ZY/ZY14.xls,三张报表,G30,30
historical_600_unknown_rule,ZY14,5,第5年,balance_sheet,现金,1146.0,src_27029786bf11,origin data/VPD-OE_Agent_20260709/VPD-OE_Agent/data/raw/ZY/ZY14.xls,三张报表,H30,30
historical_600_unknown_rule,ZY14,0,初始元年,balance_sheet,应收款,0.0,src_27029786bf11,origin data/VPD-OE_Agent_20260709/VPD-OE_Agent/data/raw/ZY/ZY14.xls,三张报表,C31,31
historical_600_unknown_rule,ZY14,1,第1年,balance_sheet,应收款,0.0,src_27029786bf11,origin data/VPD-OE_Agent_20260709/VPD-OE_Agent/data/raw/ZY/ZY14.xls,三张报表,D31,31
historical_600_unknown_rule,ZY14,2,第2年,balance_sheet,应收款,798.0,src_27029786bf11,origin data/VPD-OE_Agent_20260709/VPD-OE_Agent/data/raw/ZY/ZY14.xls,三张报表,E31,31
historical_600_unknown_rule,ZY14,3,第3年,balance_sheet,应收款,1049.0,src_27029786bf11,origin data/VPD-OE_Agent_20260709/VPD-OE_Agent/data/raw/ZY/ZY14.xls,三张报表,F31,31
historical_600_unknown_rule,ZY14,4,第4年,balance_sheet,应收款,994.0,src_27029786bf11,origin data/VPD-OE_Agent_20260709/VPD-OE_Agent/data/raw/ZY/ZY14.xls,三张报表,G31,31
historical_600_unknown_rule,ZY14,5,第5年,balance_sheet,应收款,1159.0,src_27029786bf11,origin data/VPD-OE_Agent_20260709/VPD-OE_Agent/data/raw/ZY/ZY14.xls,三张报表,H31,31
historical_600_unknown_rule,ZY14,0,初始元年,balance_sheet,在制品,0.0,src_27029786bf11,origin data/VPD-OE_Agent_20260709/VPD-OE_Agent/data/raw/ZY/ZY14.xls,三张报表,C32,32
historical_600_unknown_rule,ZY14,1,第1年,balance_sheet,在制品,0.0,src_27029786bf11,origin data/VPD-OE_Agent_20260709/VPD-OE_Agent/data/raw/ZY/ZY14.xls,三张报表,D32,32
historical_600_unknown_rule,ZY14,2,第2年,balance_sheet,在制品,140.0,src_27029786bf11,origin data/VPD-OE_Agent_20260709/VPD-OE_Agent/data/raw/ZY/ZY14.xls,三张报表,E32,32
historical_600_unknown_rule,ZY14,3,第3年,balance_sheet,在制品,140.0,src_27029786bf11,origin data/VPD-OE_Agent_20260709/VPD-OE_Agent/data/raw/ZY/ZY14.xls,三张报表,F32,32
historical_600_unknown_rule,ZY14,4,第4年,balance_sheet,在制品,140.0,src_27029786bf11,origin data/VPD-OE_Agent_20260709/VPD-OE_Agent/data/raw/ZY/ZY14.xls,三张报表,G32,32
historical_600_unknown_rule,ZY14,5,第5年,balance_sheet,在制品,140.0,src_27029786bf11,origin data/VPD-OE_Agent_20260709/VPD-OE_Agent/data/raw/ZY/ZY14.xls,三张报表,H32,32
historical_600_unknown_rule,ZY14,0,初始元年,balance_sheet,产成品,0.0,src_27029786bf11,origin data/VPD-OE_Agent_20260709/VPD-OE_Agent/data/raw/ZY/ZY14.xls,三张报表,C33,33
historical_600_unknown_rule,ZY14,1,第1年,balance_sheet,产成品,0.0,src_27029786bf11,origin data/VPD-OE_Agent_20260709/VPD-OE_Agent/data/raw/ZY/ZY14.xls,三张报表,D33,33
historical_600_unknown_rule,ZY14,2,第2年,balance_sheet,产成品,0.0,src_27029786bf11,origin data/VPD-OE_Agent_20260709/VPD-OE_Agent/data/raw/ZY/ZY14.xls,三张报表,E33,33
historical_600_unknown_rule,ZY14,3,第3年,balance_sheet,产成品,0.0,src_27029786bf11,origin data/VPD-OE_Agent_20260709/VPD-OE_Agent/data/raw/ZY/ZY14.xls,三张报表,F33,33
historical_600_unknown_rule,ZY14,4,第4年,balance_sheet,产成品,100.0,src_27029786bf11,origin data/VPD-OE_Agent_20260709/VPD-OE_Agent/data/raw/ZY/ZY14.xls,三张报表,G33,33
historical_600_unknown_rule,ZY14,5,第5年,balance_sheet,产成品,0.0,src_27029786bf11,origin data/VPD-OE_Agent_20260709/VPD-OE_Agent/data/raw/ZY/ZY14.xls,三张报表,H33,33
historical_600_unknown_rule,ZY14,0,初始元年,balance_sheet,原料,0.0,src_27029786bf11,origin data/VPD-OE_Agent_20260709/VPD-OE_Agent/data/raw/ZY/ZY14.xls,三张报表,C34,34
historical_600_unknown_rule,ZY14,1,第1年,balance_sheet,原料,0.0,src_27029786bf11,origin data/VPD-OE_Agent_20260709/VPD-OE_Agent/data/raw/ZY/ZY14.xls,三张报表,D34,34
historical_600_unknown_rule,ZY14,2,第2年,balance_sheet,原料,0.0,src_27029786bf11,origin data/VPD-OE_Agent_20260709/VPD-OE_Agent/data/raw/ZY/ZY14.xls,三张报表,E34,34
historical_600_unknown_rule,ZY14,3,第3年,balance_sheet,原料,0.0,src_27029786bf11,origin data/VPD-OE_Agent_20260709/VPD-OE_Agent/data/raw/ZY/ZY14.xls,三张报表,F34,34
historical_600_unknown_rule,ZY14,4,第4年,balance_sheet,原料,0.0,src_27029786bf11,origin data/VPD-OE_Agent_20260709/VPD-OE_Agent/data/raw/ZY/ZY14.xls,三张报表,G34,34
historical_600_unknown_rule,ZY14,5,第5年,balance_sheet,原料,0.0,src_27029786bf11,origin data/VPD-OE_Agent_20260709/VPD-OE_Agent/data/raw/ZY/ZY14.xls,三张报表,H34,34
historical_600_unknown_rule,ZY14,0,初始元年,balance_sheet,流动资产合计,600.0,src_27029786bf11,origin data/VPD-OE_Agent_20260709/VPD-OE_Agent/data/raw/ZY/ZY14.xls,三张报表,C35,35
historical_600_unknown_rule,ZY14,1,第1年,balance_sheet,流动资产合计,388.0,src_27029786bf11,origin data/VPD-OE_Agent_20260709/VPD-OE_Agent/data/raw/ZY/ZY14.xls,三张报表,D35,35
historical_600_unknown_rule,ZY14,2,第2年,balance_sheet,流动资产合计,1131.0,src_27029786bf11,origin data/VPD-OE_Agent_20260709/VPD-OE_Agent/data/raw/ZY/ZY14.xls,三张报表,E35,35
historical_600_unknown_rule,ZY14,3,第3年,balance_sheet,流动资产合计,1508.0,src_27029786bf11,origin data/VPD-OE_Agent_20260709/VPD-OE_Agent/data/raw/ZY/ZY14.xls,三张报表,F35,35
historical_600_unknown_rule,ZY14,4,第4年,balance_sheet,流动资产合计,2100.0,src_27029786bf11,origin data/VPD-OE_Agent_20260709/VPD-OE_Agent/data/raw/ZY/ZY14.xls,三张报表,G35,35
historical_600_unknown_rule,ZY14,5,第5年,balance_sheet,流动资产合计,2445.0,src_27029786bf11,origin data/VPD-OE_Agent_20260709/VPD-OE_Agent/data/raw/ZY/ZY14.xls,三张报表,H35,35
historical_600_unknown_rule,ZY14,0,初始元年,balance_sheet,厂房,0.0,src_27029786bf11,origin data/VPD-OE_Agent_20260709/VPD-OE_Agent/data/raw/ZY/ZY14.xls,三张报表,C36,36
historical_600_unknown_rule,ZY14,1,第1年,balance_sheet,厂房,0.0,src_27029786bf11,origin data/VPD-OE_Agent_20260709/VPD-OE_Agent/data/raw/ZY/ZY14.xls,三张报表,D36,36
historical_600_unknown_rule,ZY14,2,第2年,balance_sheet,厂房,0.0,src_27029786bf11,origin data/VPD-OE_Agent_20260709/VPD-OE_Agent/data/raw/ZY/ZY14.xls,三张报表,E36,36
historical_600_unknown_rule,ZY14,3,第3年,balance_sheet,厂房,0.0,src_27029786bf11,origin data/VPD-OE_Agent_20260709/VPD-OE_Agent/data/raw/ZY/ZY14.xls,三张报表,F36,36
historical_600_unknown_rule,ZY14,4,第4年,balance_sheet,厂房,0.0,src_27029786bf11,origin data/VPD-OE_Agent_20260709/VPD-OE_Agent/data/raw/ZY/ZY14.xls,三张报表,G36,36
historical_600_unknown_rule,ZY14,5,第5年,balance_sheet,厂房,0.0,src_27029786bf11,origin data/VPD-OE_Agent_20260709/VPD-OE_Agent/data/raw/ZY/ZY14.xls,三张报表,H36,36
historical_600_unknown_rule,ZY14,0,初始元年,balance_sheet,机器设备,0.0,src_27029786bf11,origin data/VPD-OE_Agent_20260709/VPD-OE_Agent/data/raw/ZY/ZY14.xls,三张报表,C37,37
historical_600_unknown_rule,ZY14,1,第1年,balance_sheet,机器设备,0.0,src_27029786bf11,origin data/VPD-OE_Agent_20260709/VPD-OE_Agent/data/raw/ZY/ZY14.xls,三张报表,D37,37
historical_600_unknown_rule,ZY14,2,第2年,balance_sheet,机器设备,600.0,src_27029786bf11,origin data/VPD-OE_Agent_20260709/VPD-OE_Agent/data/raw/ZY/ZY14.xls,三张报表,E37,37
historical_600_unknown_rule,ZY14,3,第3年,balance_sheet,机器设备,480.0,src_27029786bf11,origin data/VPD-OE_Agent_20260709/VPD-OE_Agent/data/raw/ZY/ZY14.xls,三张报表,F37,37
historical_600_unknown_rule,ZY14,4,第4年,balance_sheet,机器设备,360.0,src_27029786bf11,origin data/VPD-OE_Agent_20260709/VPD-OE_Agent/data/raw/ZY/ZY14.xls,三张报表,G37,37
historical_600_unknown_rule,ZY14,5,第5年,balance_sheet,机器设备,240.0,src_27029786bf11,origin data/VPD-OE_Agent_20260709/VPD-OE_Agent/data/raw/ZY/ZY14.xls,三张报表,H37,37
historical_600_unknown_rule,ZY14,0,初始元年,balance_sheet,在建工程,0.0,src_27029786bf11,origin data/VPD-OE_Agent_20260709/VPD-OE_Agent/data/raw/ZY/ZY14.xls,三张报表,C38,38
historical_600_unknown_rule,ZY14,1,第1年,balance_sheet,在建工程,600.0,src_27029786bf11,origin data/VPD-OE_Agent_20260709/VPD-OE_Agent/data/raw/ZY/ZY14.xls,三张报表,D38,38
historical_600_unknown_rule,ZY14,2,第2年,balance_sheet,在建工程,0.0,src_27029786bf11,origin data/VPD-OE_Agent_20260709/VPD-OE_Agent/data/raw/ZY/ZY14.xls,三张报表,E38,38
historical_600_unknown_rule,ZY14,3,第3年,balance_sheet,在建工程,0.0,src_27029786bf11,origin data/VPD-OE_Agent_20260709/VPD-OE_Agent/data/raw/ZY/ZY14.xls,三张报表,F38,38
historical_600_unknown_rule,ZY14,4,第4年,balance_sheet,在建工程,0.0,src_27029786bf11,origin data/VPD-OE_Agent_20260709/VPD-OE_Agent/data/raw/ZY/ZY14.xls,三张报表,G38,38
historical_600_unknown_rule,ZY14,5,第5年,balance_sheet,在建工程,0.0,src_27029786bf11,origin data/VPD-OE_Agent_20260709/VPD-OE_Agent/data/raw/ZY/ZY14.xls,三张报表,H38,38
historical_600_unknown_rule,ZY14,0,初始元年,balance_sheet,固定资产合计,0.0,src_27029786bf11,origin data/VPD-OE_Agent_20260709/VPD-OE_Agent/data/raw/ZY/ZY14.xls,三张报表,C39,39
historical_600_unknown_rule,ZY14,1,第1年,balance_sheet,固定资产合计,600.0,src_27029786bf11,origin data/VPD-OE_Agent_20260709/VPD-OE_Agent/data/raw/ZY/ZY14.xls,三张报表,D39,39
historical_600_unknown_rule,ZY14,2,第2年,balance_sheet,固定资产合计,600.0,src_27029786bf11,origin data/VPD-OE_Agent_20260709/VPD-OE_Agent/data/raw/ZY/ZY14.xls,三张报表,E39,39
historical_600_unknown_rule,ZY14,3,第3年,balance_sheet,固定资产合计,480.0,src_27029786bf11,origin data/VPD-OE_Agent_20260709/VPD-OE_Agent/data/raw/ZY/ZY14.xls,三张报表,F39,39
historical_600_unknown_rule,ZY14,4,第4年,balance_sheet,固定资产合计,360.0,src_27029786bf11,origin data/VPD-OE_Agent_20260709/VPD-OE_Agent/data/raw/ZY/ZY14.xls,三张报表,G39,39
historical_600_unknown_rule,ZY14,5,第5年,balance_sheet,固定资产合计,240.0,src_27029786bf11,origin data/VPD-OE_Agent_20260709/VPD-OE_Agent/data/raw/ZY/ZY14.xls,三张报表,H39,39
historical_600_unknown_rule,ZY14,0,初始元年,balance_sheet,资产总计,600.0,src_27029786bf11,origin data/VPD-OE_Agent_20260709/VPD-OE_Agent/data/raw/ZY/ZY14.xls,三张报表,C40,40
historical_600_unknown_rule,ZY14,1,第1年,balance_sheet,资产总计,988.0,src_27029786bf11,origin data/VPD-OE_Agent_20260709/VPD-OE_Agent/data/raw/ZY/ZY14.xls,三张报表,D40,40
historical_600_unknown_rule,ZY14,2,第2年,balance_sheet,资产总计,1731.0,src_27029786bf11,origin data/VPD-OE_Agent_20260709/VPD-OE_Agent/data/raw/ZY/ZY14.xls,三张报表,E40,40
historical_600_unknown_rule,ZY14,3,第3年,balance_sheet,资产总计,1988.0,src_27029786bf11,origin data/VPD-OE_Agent_20260709/VPD-OE_Agent/data/raw/ZY/ZY14.xls,三张报表,F40,40
historical_600_unknown_rule,ZY14,4,第4年,balance_sheet,资产总计,2460.0,src_27029786bf11,origin data/VPD-OE_Agent_20260709/VPD-OE_Agent/data/raw/ZY/ZY14.xls,三张报表,G40,40
historical_600_unknown_rule,ZY14,5,第5年,balance_sheet,资产总计,2685.0,src_27029786bf11,origin data/VPD-OE_Agent_20260709/VPD-OE_Agent/data/raw/ZY/ZY14.xls,三张报表,H40,40
historical_600_unknown_rule,ZY14,0,初始元年,balance_sheet,长期贷款,0.0,src_27029786bf11,origin data/VPD-OE_Agent_20260709/VPD-OE_Agent/data/raw/ZY/ZY14.xls,三张报表,C41,41
historical_600_unknown_rule,ZY14,1,第1年,balance_sheet,长期贷款,0.0,src_27029786bf11,origin data/VPD-OE_Agent_20260709/VPD-OE_Agent/data/raw/ZY/ZY14.xls,三张报表,D41,41
historical_600_unknown_rule,ZY14,2,第2年,balance_sheet,长期贷款,492.0,src_27029786bf11,origin data/VPD-OE_Agent_20260709/VPD-OE_Agent/data/raw/ZY/ZY14.xls,三张报表,E41,41
historical_600_unknown_rule,ZY14,3,第3年,balance_sheet,长期贷款,1230.0,src_27029786bf11,origin data/VPD-OE_Agent_20260709/VPD-OE_Agent/data/raw/ZY/ZY14.xls,三张报表,F41,41
historical_600_unknown_rule,ZY14,4,第4年,balance_sheet,长期贷款,1722.0,src_27029786bf11,origin data/VPD-OE_Agent_20260709/VPD-OE_Agent/data/raw/ZY/ZY14.xls,三张报表,G41,41
historical_600_unknown_rule,ZY14,5,第5年,balance_sheet,长期贷款,1722.0,src_27029786bf11,origin data/VPD-OE_Agent_20260709/VPD-OE_Agent/data/raw/ZY/ZY14.xls,三张报表,H41,41
historical_600_unknown_rule,ZY14,0,初始元年,balance_sheet,短期贷款,0.0,src_27029786bf11,origin data/VPD-OE_Agent_20260709/VPD-OE_Agent/data/raw/ZY/ZY14.xls,三张报表,C42,42
historical_600_unknown_rule,ZY14,1,第1年,balance_sheet,短期贷款,618.0,src_27029786bf11,origin data/VPD-OE_Agent_20260709/VPD-OE_Agent/data/raw/ZY/ZY14.xls,三张报表,D42,42
historical_600_unknown_rule,ZY14,2,第2年,balance_sheet,短期贷款,618.0,src_27029786bf11,origin data/VPD-OE_Agent_20260709/VPD-OE_Agent/data/raw/ZY/ZY14.xls,三张报表,E42,42
historical_600_unknown_rule,ZY14,3,第3年,balance_sheet,短期贷款,0.0,src_27029786bf11,origin data/VPD-OE_Agent_20260709/VPD-OE_Agent/data/raw/ZY/ZY14.xls,三张报表,F42,42
historical_600_unknown_rule,ZY14,4,第4年,balance_sheet,短期贷款,0.0,src_27029786bf11,origin data/VPD-OE_Agent_20260709/VPD-OE_Agent/data/raw/ZY/ZY14.xls,三张报表,G42,42
historical_600_unknown_rule,ZY14,5,第5年,balance_sheet,短期贷款,0.0,src_27029786bf11,origin data/VPD-OE_Agent_20260709/VPD-OE_Agent/data/raw/ZY/ZY14.xls,三张报表,H42,42
historical_600_unknown_rule,ZY14,0,初始元年,balance_sheet,特别贷款,0.0,src_27029786bf11,origin data/VPD-OE_Agent_20260709/VPD-OE_Agent/data/raw/ZY/ZY14.xls,三张报表,C43,43
historical_600_unknown_rule,ZY14,1,第1年,balance_sheet,特别贷款,0.0,src_27029786bf11,origin data/VPD-OE_Agent_20260709/VPD-OE_Agent/data/raw/ZY/ZY14.xls,三张报表,D43,43
historical_600_unknown_rule,ZY14,2,第2年,balance_sheet,特别贷款,0.0,src_27029786bf11,origin data/VPD-OE_Agent_20260709/VPD-OE_Agent/data/raw/ZY/ZY14.xls,三张报表,E43,43
historical_600_unknown_rule,ZY14,3,第3年,balance_sheet,特别贷款,0.0,src_27029786bf11,origin data/VPD-OE_Agent_20260709/VPD-OE_Agent/data/raw/ZY/ZY14.xls,三张报表,F43,43
historical_600_unknown_rule,ZY14,4,第4年,balance_sheet,特别贷款,0.0,src_27029786bf11,origin data/VPD-OE_Agent_20260709/VPD-OE_Agent/data/raw/ZY/ZY14.xls,三张报表,G43,43
historical_600_unknown_rule,ZY14,5,第5年,balance_sheet,特别贷款,0.0,src_27029786bf11,origin data/VPD-OE_Agent_20260709/VPD-OE_Agent/data/raw/ZY/ZY14.xls,三张报表,H43,43
historical_600_unknown_rule,ZY14,0,初始元年,balance_sheet,所得税,0.0,src_27029786bf11,origin data/VPD-OE_Agent_20260709/VPD-OE_Agent/data/raw/ZY/ZY14.xls,三张报表,C44,44
historical_600_unknown_rule,ZY14,1,第1年,balance_sheet,所得税,0.0,src_27029786bf11,origin data/VPD-OE_Agent_20260709/VPD-OE_Agent/data/raw/ZY/ZY14.xls,三张报表,D44,44
historical_600_unknown_rule,ZY14,2,第2年,balance_sheet,所得税,5.0,src_27029786bf11,origin data/VPD-OE_Agent_20260709/VPD-OE_Agent/data/raw/ZY/ZY14.xls,三张报表,E44,44
historical_600_unknown_rule,ZY14,3,第3年,balance_sheet,所得税,36.0,src_27029786bf11,origin data/VPD-OE_Agent_20260709/VPD-OE_Agent/data/raw/ZY/ZY14.xls,三张报表,F44,44
historical_600_unknown_rule,ZY14,4,第4年,balance_sheet,所得税,4.0,src_27029786bf11,origin data/VPD-OE_Agent_20260709/VPD-OE_Agent/data/raw/ZY/ZY14.xls,三张报表,G44,44
historical_600_unknown_rule,ZY14,5,第5年,balance_sheet,所得税,57.0,src_27029786bf11,origin data/VPD-OE_Agent_20260709/VPD-OE_Agent/data/raw/ZY/ZY14.xls,三张报表,H44,44
historical_600_unknown_rule,ZY14,0,初始元年,balance_sheet,负债合计,0.0,src_27029786bf11,origin data/VPD-OE_Agent_20260709/VPD-OE_Agent/data/raw/ZY/ZY14.xls,三张报表,C45,45
historical_600_unknown_rule,ZY14,1,第1年,balance_sheet,负债合计,618.0,src_27029786bf11,origin data/VPD-OE_Agent_20260709/VPD-OE_Agent/data/raw/ZY/ZY14.xls,三张报表,D45,45
historical_600_unknown_rule,ZY14,2,第2年,balance_sheet,负债合计,1115.0,src_27029786bf11,origin data/VPD-OE_Agent_20260709/VPD-OE_Agent/data/raw/ZY/ZY14.xls,三张报表,E45,45
historical_600_unknown_rule,ZY14,3,第3年,balance_sheet,负债合计,1266.0,src_27029786bf11,origin data/VPD-OE_Agent_20260709/VPD-OE_Agent/data/raw/ZY/ZY14.xls,三张报表,F45,45
historical_600_unknown_rule,ZY14,4,第4年,balance_sheet,负债合计,1726.0,src_27029786bf11,origin data/VPD-OE_Agent_20260709/VPD-OE_Agent/data/raw/ZY/ZY14.xls,三张报表,G45,45
historical_600_unknown_rule,ZY14,5,第5年,balance_sheet,负债合计,1779.0,src_27029786bf11,origin data/VPD-OE_Agent_20260709/VPD-OE_Agent/data/raw/ZY/ZY14.xls,三张报表,H45,45
historical_600_unknown_rule,ZY14,0,初始元年,balance_sheet,股东资本,600.0,src_27029786bf11,origin data/VPD-OE_Agent_20260709/VPD-OE_Agent/data/raw/ZY/ZY14.xls,三张报表,C46,46
historical_600_unknown_rule,ZY14,1,第1年,balance_sheet,股东资本,600.0,src_27029786bf11,origin data/VPD-OE_Agent_20260709/VPD-OE_Agent/data/raw/ZY/ZY14.xls,三张报表,D46,46
historical_600_unknown_rule,ZY14,2,第2年,balance_sheet,股东资本,600.0,src_27029786bf11,origin data/VPD-OE_Agent_20260709/VPD-OE_Agent/data/raw/ZY/ZY14.xls,三张报表,E46,46
historical_600_unknown_rule,ZY14,3,第3年,balance_sheet,股东资本,600.0,src_27029786bf11,origin data/VPD-OE_Agent_20260709/VPD-OE_Agent/data/raw/ZY/ZY14.xls,三张报表,F46,46
historical_600_unknown_rule,ZY14,4,第4年,balance_sheet,股东资本,600.0,src_27029786bf11,origin data/VPD-OE_Agent_20260709/VPD-OE_Agent/data/raw/ZY/ZY14.xls,三张报表,G46,46
historical_600_unknown_rule,ZY14,5,第5年,balance_sheet,股东资本,600.0,src_27029786bf11,origin data/VPD-OE_Agent_20260709/VPD-OE_Agent/data/raw/ZY/ZY14.xls,三张报表,H46,46
historical_600_unknown_rule,ZY14,0,初始元年,balance_sheet,利润留存,0.0,src_27029786bf11,origin data/VPD-OE_Agent_20260709/VPD-OE_Agent/data/raw/ZY/ZY14.xls,三张报表,C47,47
historical_600_unknown_rule,ZY14,1,第1年,balance_sheet,利润留存,0.0,src_27029786bf11,origin data/VPD-OE_Agent_20260709/VPD-OE_Agent/data/raw/ZY/ZY14.xls,三张报表,D47,47
historical_600_unknown_rule,ZY14,2,第2年,balance_sheet,利润留存,-230.0,src_27029786bf11,origin data/VPD-OE_Agent_20260709/VPD-OE_Agent/data/raw/ZY/ZY14.xls,三张报表,E47,47
historical_600_unknown_rule,ZY14,3,第3年,balance_sheet,利润留存,16.0,src_27029786bf11,origin data/VPD-OE_Agent_20260709/VPD-OE_Agent/data/raw/ZY/ZY14.xls,三张报表,F47,47
historical_600_unknown_rule,ZY14,4,第4年,balance_sheet,利润留存,122.0,src_27029786bf11,origin data/VPD-OE_Agent_20260709/VPD-OE_Agent/data/raw/ZY/ZY14.xls,三张报表,G47,47
historical_600_unknown_rule,ZY14,5,第5年,balance_sheet,利润留存,134.0,src_27029786bf11,origin data/VPD-OE_Agent_20260709/VPD-OE_Agent/data/raw/ZY/ZY14.xls,三张报表,H47,47
historical_600_unknown_rule,ZY14,0,初始元年,balance_sheet,年度净利,0.0,src_27029786bf11,origin data/VPD-OE_Agent_20260709/VPD-OE_Agent/data/raw/ZY/ZY14.xls,三张报表,C48,48
historical_600_unknown_rule,ZY14,1,第1年,balance_sheet,年度净利,-230.0,src_27029786bf11,origin data/VPD-OE_Agent_20260709/VPD-OE_Agent/data/raw/ZY/ZY14.xls,三张报表,D48,48
historical_600_unknown_rule,ZY14,2,第2年,balance_sheet,年度净利,246.0,src_27029786bf11,origin data/VPD-OE_Agent_20260709/VPD-OE_Agent/data/raw/ZY/ZY14.xls,三张报表,E48,48
historical_600_unknown_rule,ZY14,3,第3年,balance_sheet,年度净利,106.0,src_27029786bf11,origin data/VPD-OE_Agent_20260709/VPD-OE_Agent/data/raw/ZY/ZY14.xls,三张报表,F48,48
historical_600_unknown_rule,ZY14,4,第4年,balance_sheet,年度净利,12.0,src_27029786bf11,origin data/VPD-OE_Agent_20260709/VPD-OE_Agent/data/raw/ZY/ZY14.xls,三张报表,G48,48
historical_600_unknown_rule,ZY14,5,第5年,balance_sheet,年度净利,172.0,src_27029786bf11,origin data/VPD-OE_Agent_20260709/VPD-OE_Agent/data/raw/ZY/ZY14.xls,三张报表,H48,48
historical_600_unknown_rule,ZY14,0,初始元年,balance_sheet,所有者权益合计,600.0,src_27029786bf11,origin data/VPD-OE_Agent_20260709/VPD-OE_Agent/data/raw/ZY/ZY14.xls,三张报表,C49,49
historical_600_unknown_rule,ZY14,1,第1年,balance_sheet,所有者权益合计,370.0,src_27029786bf11,origin data/VPD-OE_Agent_20260709/VPD-OE_Agent/data/raw/ZY/ZY14.xls,三张报表,D49,49
historical_600_unknown_rule,ZY14,2,第2年,balance_sheet,所有者权益合计,616.0,src_27029786bf11,origin data/VPD-OE_Agent_20260709/VPD-OE_Agent/data/raw/ZY/ZY14.xls,三张报表,E49,49
historical_600_unknown_rule,ZY14,3,第3年,balance_sheet,所有者权益合计,722.0,src_27029786bf11,origin data/VPD-OE_Agent_20260709/VPD-OE_Agent/data/raw/ZY/ZY14.xls,三张报表,F49,49
historical_600_unknown_rule,ZY14,4,第4年,balance_sheet,所有者权益合计,734.0,src_27029786bf11,origin data/VPD-OE_Agent_20260709/VPD-OE_Agent/data/raw/ZY/ZY14.xls,三张报表,G49,49
historical_600_unknown_rule,ZY14,5,第5年,balance_sheet,所有者权益合计,906.0,src_27029786bf11,origin data/VPD-OE_Agent_20260709/VPD-OE_Agent/data/raw/ZY/ZY14.xls,三张报表,H49,49
historical_600_unknown_rule,ZY14,0,初始元年,balance_sheet,负债和所有者权益总计,600.0,src_27029786bf11,origin data/VPD-OE_Agent_20260709/VPD-OE_Agent/data/raw/ZY/ZY14.xls,三张报表,C50,50
historical_600_unknown_rule,ZY14,1,第1年,balance_sheet,负债和所有者权益总计,988.0,src_27029786bf11,origin data/VPD-OE_Agent_20260709/VPD-OE_Agent/data/raw/ZY/ZY14.xls,三张报表,D50,50
historical_600_unknown_rule,ZY14,2,第2年,balance_sheet,负债和所有者权益总计,1731.0,src_27029786bf11,origin data/VPD-OE_Agent_20260709/VPD-OE_Agent/data/raw/ZY/ZY14.xls,三张报表,E50,50
historical_600_unknown_rule,ZY14,3,第3年,balance_sheet,负债和所有者权益总计,1988.0,src_27029786bf11,origin data/VPD-OE_Agent_20260709/VPD-OE_Agent/data/raw/ZY/ZY14.xls,三张报表,F50,50
historical_600_unknown_rule,ZY14,4,第4年,balance_sheet,负债和所有者权益总计,2460.0,src_27029786bf11,origin data/VPD-OE_Agent_20260709/VPD-OE_Agent/data/raw/ZY/ZY14.xls,三张报表,G50,50
historical_600_unknown_rule,ZY14,5,第5年,balance_sheet,负债和所有者权益总计,2685.0,src_27029786bf11,origin data/VPD-OE_Agent_20260709/VPD-OE_Agent/data/raw/ZY/ZY14.xls,三张报表,H50,50
historical_600_unknown_rule,ZY15,0,初始元年,comprehensive_expense,管理费,0.0,src_4d43a1bf1514,origin data/VPD-OE_Agent_20260709/VPD-OE_Agent/data/raw/ZY/ZY15.xls,三张报表,C3,3
historical_600_unknown_rule,ZY15,1,第1年,comprehensive_expense,管理费,40.0,src_4d43a1bf1514,origin data/VPD-OE_Agent_20260709/VPD-OE_Agent/data/raw/ZY/ZY15.xls,三张报表,D3,3
historical_600_unknown_rule,ZY15,2,第2年,comprehensive_expense,管理费,40.0,src_4d43a1bf1514,origin data/VPD-OE_Agent_20260709/VPD-OE_Agent/data/raw/ZY/ZY15.xls,三张报表,E3,3
historical_600_unknown_rule,ZY15,3,第3年,comprehensive_expense,管理费,40.0,src_4d43a1bf1514,origin data/VPD-OE_Agent_20260709/VPD-OE_Agent/data/raw/ZY/ZY15.xls,三张报表,F3,3
historical_600_unknown_rule,ZY15,4,第4年,comprehensive_expense,管理费,40.0,src_4d43a1bf1514,origin data/VPD-OE_Agent_20260709/VPD-OE_Agent/data/raw/ZY/ZY15.xls,三张报表,G3,3
historical_600_unknown_rule,ZY15,5,第5年,comprehensive_expense,管理费,40.0,src_4d43a1bf1514,origin data/VPD-OE_Agent_20260709/VPD-OE_Agent/data/raw/ZY/ZY15.xls,三张报表,H3,3
historical_600_unknown_rule,ZY15,0,初始元年,comprehensive_expense,广告费,0.0,src_4d43a1bf1514,origin data/VPD-OE_Agent_20260709/VPD-OE_Agent/data/raw/ZY/ZY15.xls,三张报表,C4,4
historical_600_unknown_rule,ZY15,1,第1年,comprehensive_expense,广告费,0.0,src_4d43a1bf1514,origin data/VPD-OE_Agent_20260709/VPD-OE_Agent/data/raw/ZY/ZY15.xls,三张报表,D4,4
historical_600_unknown_rule,ZY15,2,第2年,comprehensive_expense,广告费,19.0,src_4d43a1bf1514,origin data/VPD-OE_Agent_20260709/VPD-OE_Agent/data/raw/ZY/ZY15.xls,三张报表,E4,4
historical_600_unknown_rule,ZY15,3,第3年,comprehensive_expense,广告费,30.0,src_4d43a1bf1514,origin data/VPD-OE_Agent_20260709/VPD-OE_Agent/data/raw/ZY/ZY15.xls,三张报表,F4,4
historical_600_unknown_rule,ZY15,4,第4年,comprehensive_expense,广告费,144.0,src_4d43a1bf1514,origin data/VPD-OE_Agent_20260709/VPD-OE_Agent/data/raw/ZY/ZY15.xls,三张报表,G4,4
historical_600_unknown_rule,ZY15,5,第5年,comprehensive_expense,广告费,160.0,src_4d43a1bf1514,origin data/VPD-OE_Agent_20260709/VPD-OE_Agent/data/raw/ZY/ZY15.xls,三张报表,H4,4
historical_600_unknown_rule,ZY15,0,初始元年,comprehensive_expense,维护费,0.0,src_4d43a1bf1514,origin data/VPD-OE_Agent_20260709/VPD-OE_Agent/data/raw/ZY/ZY15.xls,三张报表,C5,5
historical_600_unknown_rule,ZY15,1,第1年,comprehensive_expense,维护费,0.0,src_4d43a1bf1514,origin data/VPD-OE_Agent_20260709/VPD-OE_Agent/data/raw/ZY/ZY15.xls,三张报表,D5,5
historical_600_unknown_rule,ZY15,2,第2年,comprehensive_expense,维护费,20.0,src_4d43a1bf1514,origin data/VPD-OE_Agent_20260709/VPD-OE_Agent/data/raw/ZY/ZY15.xls,三张报表,E5,5
historical_600_unknown_rule,ZY15,3,第3年,comprehensive_expense,维护费,40.0,src_4d43a1bf1514,origin data/VPD-OE_Agent_20260709/VPD-OE_Agent/data/raw/ZY/ZY15.xls,三张报表,F5,5
historical_600_unknown_rule,ZY15,4,第4年,comprehensive_expense,维护费,40.0,src_4d43a1bf1514,origin data/VPD-OE_Agent_20260709/VPD-OE_Agent/data/raw/ZY/ZY15.xls,三张报表,G5,5
historical_600_unknown_rule,ZY15,5,第5年,comprehensive_expense,维护费,40.0,src_4d43a1bf1514,origin data/VPD-OE_Agent_20260709/VPD-OE_Agent/data/raw/ZY/ZY15.xls,三张报表,H5,5
historical_600_unknown_rule,ZY15,0,初始元年,comprehensive_expense,损失,0.0,src_4d43a1bf1514,origin data/VPD-OE_Agent_20260709/VPD-OE_Agent/data/raw/ZY/ZY15.xls,三张报表,C6,6
historical_600_unknown_rule,ZY15,1,第1年,comprehensive_expense,损失,0.0,src_4d43a1bf1514,origin data/VPD-OE_Agent_20260709/VPD-OE_Agent/data/raw/ZY/ZY15.xls,三张报表,D6,6
historical_600_unknown_rule,ZY15,2,第2年,comprehensive_expense,损失,0.0,src_4d43a1bf1514,origin data/VPD-OE_Agent_20260709/VPD-OE_Agent/data/raw/ZY/ZY15.xls,三张报表,E6,6
historical_600_unknown_rule,ZY15,3,第3年,comprehensive_expense,损失,0.0,src_4d43a1bf1514,origin data/VPD-OE_Agent_20260709/VPD-OE_Agent/data/raw/ZY/ZY15.xls,三张报表,F6,6
historical_600_unknown_rule,ZY15,4,第4年,comprehensive_expense,损失,0.0,src_4d43a1bf1514,origin data/VPD-OE_Agent_20260709/VPD-OE_Agent/data/raw/ZY/ZY15.xls,三张报表,G6,6
historical_600_unknown_rule,ZY15,5,第5年,comprehensive_expense,损失,42.0,src_4d43a1bf1514,origin data/VPD-OE_Agent_20260709/VPD-OE_Agent/data/raw/ZY/ZY15.xls,三张报表,H6,6
historical_600_unknown_rule,ZY15,0,初始元年,comprehensive_expense,转产费,0.0,src_4d43a1bf1514,origin data/VPD-OE_Agent_20260709/VPD-OE_Agent/data/raw/ZY/ZY15.xls,三张报表,C7,7
historical_600_unknown_rule,ZY15,1,第1年,comprehensive_expense,转产费,0.0,src_4d43a1bf1514,origin data/VPD-OE_Agent_20260709/VPD-OE_Agent/data/raw/ZY/ZY15.xls,三张报表,D7,7
historical_600_unknown_rule,ZY15,2,第2年,comprehensive_expense,转产费,0.0,src_4d43a1bf1514,origin data/VPD-OE_Agent_20260709/VPD-OE_Agent/data/raw/ZY/ZY15.xls,三张报表,E7,7
historical_600_unknown_rule,ZY15,3,第3年,comprehensive_expense,转产费,0.0,src_4d43a1bf1514,origin data/VPD-OE_Agent_20260709/VPD-OE_Agent/data/raw/ZY/ZY15.xls,三张报表,F7,7
historical_600_unknown_rule,ZY15,4,第4年,comprehensive_expense,转产费,0.0,src_4d43a1bf1514,origin data/VPD-OE_Agent_20260709/VPD-OE_Agent/data/raw/ZY/ZY15.xls,三张报表,G7,7
historical_600_unknown_rule,ZY15,5,第5年,comprehensive_expense,转产费,0.0,src_4d43a1bf1514,origin data/VPD-OE_Agent_20260709/VPD-OE_Agent/data/raw/ZY/ZY15.xls,三张报表,H7,7
historical_600_unknown_rule,ZY15,0,初始元年,comprehensive_expense,租金,0.0,src_4d43a1bf1514,origin data/VPD-OE_Agent_20260709/VPD-OE_Agent/data/raw/ZY/ZY15.xls,三张报表,C8,8
historical_600_unknown_rule,ZY15,1,第1年,comprehensive_expense,租金,40.0,src_4d43a1bf1514,origin data/VPD-OE_Agent_20260709/VPD-OE_Agent/data/raw/ZY/ZY15.xls,三张报表,D8,8
historical_600_unknown_rule,ZY15,2,第2年,comprehensive_expense,租金,40.0,src_4d43a1bf1514,origin data/VPD-OE_Agent_20260709/VPD-OE_Agent/data/raw/ZY/ZY15.xls,三张报表,E8,8
historical_600_unknown_rule,ZY15,3,第3年,comprehensive_expense,租金,40.0,src_4d43a1bf1514,origin data/VPD-OE_Agent_20260709/VPD-OE_Agent/data/raw/ZY/ZY15.xls,三张报表,F8,8
historical_600_unknown_rule,ZY15,4,第4年,comprehensive_expense,租金,40.0,src_4d43a1bf1514,origin data/VPD-OE_Agent_20260709/VPD-OE_Agent/data/raw/ZY/ZY15.xls,三张报表,G8,8
historical_600_unknown_rule,ZY15,5,第5年,comprehensive_expense,租金,40.0,src_4d43a1bf1514,origin data/VPD-OE_Agent_20260709/VPD-OE_Agent/data/raw/ZY/ZY15.xls,三张报表,H8,8
historical_600_unknown_rule,ZY15,0,初始元年,comprehensive_expense,市场开拓费,0.0,src_4d43a1bf1514,origin data/VPD-OE_Agent_20260709/VPD-OE_Agent/data/raw/ZY/ZY15.xls,三张报表,C9,9
historical_600_unknown_rule,ZY15,1,第1年,comprehensive_expense,市场开拓费,40.0,src_4d43a1bf1514,origin data/VPD-OE_Agent_20260709/VPD-OE_Agent/data/raw/ZY/ZY15.xls,三张报表,D9,9
historical_600_unknown_rule,ZY15,2,第2年,comprehensive_expense,市场开拓费,20.0,src_4d43a1bf1514,origin data/VPD-OE_Agent_20260709/VPD-OE_Agent/data/raw/ZY/ZY15.xls,三张报表,E9,9
historical_600_unknown_rule,ZY15,3,第3年,comprehensive_expense,市场开拓费,10.0,src_4d43a1bf1514,origin data/VPD-OE_Agent_20260709/VPD-OE_Agent/data/raw/ZY/ZY15.xls,三张报表,F9,9
historical_600_unknown_rule,ZY15,4,第4年,comprehensive_expense,市场开拓费,0.0,src_4d43a1bf1514,origin data/VPD-OE_Agent_20260709/VPD-OE_Agent/data/raw/ZY/ZY15.xls,三张报表,G9,9
historical_600_unknown_rule,ZY15,5,第5年,comprehensive_expense,市场开拓费,0.0,src_4d43a1bf1514,origin data/VPD-OE_Agent_20260709/VPD-OE_Agent/data/raw/ZY/ZY15.xls,三张报表,H9,9
historical_600_unknown_rule,ZY15,0,初始元年,comprehensive_expense,产品研发费,0.0,src_4d43a1bf1514,origin data/VPD-OE_Agent_20260709/VPD-OE_Agent/data/raw/ZY/ZY15.xls,三张报表,C10,10
historical_600_unknown_rule,ZY15,1,第1年,comprehensive_expense,产品研发费,40.0,src_4d43a1bf1514,origin data/VPD-OE_Agent_20260709/VPD-OE_Agent/data/raw/ZY/ZY15.xls,三张报表,D10,10
historical_600_unknown_rule,ZY15,2,第2年,comprehensive_expense,产品研发费,10.0,src_4d43a1bf1514,origin data/VPD-OE_Agent_20260709/VPD-OE_Agent/data/raw/ZY/ZY15.xls,三张报表,E10,10
historical_600_unknown_rule,ZY15,3,第3年,comprehensive_expense,产品研发费,0.0,src_4d43a1bf1514,origin data/VPD-OE_Agent_20260709/VPD-OE_Agent/data/raw/ZY/ZY15.xls,三张报表,F10,10
historical_600_unknown_rule,ZY15,4,第4年,comprehensive_expense,产品研发费,0.0,src_4d43a1bf1514,origin data/VPD-OE_Agent_20260709/VPD-OE_Agent/data/raw/ZY/ZY15.xls,三张报表,G10,10
historical_600_unknown_rule,ZY15,5,第5年,comprehensive_expense,产品研发费,0.0,src_4d43a1bf1514,origin data/VPD-OE_Agent_20260709/VPD-OE_Agent/data/raw/ZY/ZY15.xls,三张报表,H10,10
historical_600_unknown_rule,ZY15,0,初始元年,comprehensive_expense,ISO认证费,0.0,src_4d43a1bf1514,origin data/VPD-OE_Agent_20260709/VPD-OE_Agent/data/raw/ZY/ZY15.xls,三张报表,C11,11
historical_600_unknown_rule,ZY15,1,第1年,comprehensive_expense,ISO认证费,30.0,src_4d43a1bf1514,origin data/VPD-OE_Agent_20260709/VPD-OE_Agent/data/raw/ZY/ZY15.xls,三张报表,D11,11
historical_600_unknown_rule,ZY15,2,第2年,comprehensive_expense,ISO认证费,30.0,src_4d43a1bf1514,origin data/VPD-OE_Agent_20260709/VPD-OE_Agent/data/raw/ZY/ZY15.xls,三张报表,E11,11
historical_600_unknown_rule,ZY15,3,第3年,comprehensive_expense,ISO认证费,0.0,src_4d43a1bf1514,origin data/VPD-OE_Agent_20260709/VPD-OE_Agent/data/raw/ZY/ZY15.xls,三张报表,F11,11
historical_600_unknown_rule,ZY15,4,第4年,comprehensive_expense,ISO认证费,0.0,src_4d43a1bf1514,origin data/VPD-OE_Agent_20260709/VPD-OE_Agent/data/raw/ZY/ZY15.xls,三张报表,G11,11
historical_600_unknown_rule,ZY15,5,第5年,comprehensive_expense,ISO认证费,0.0,src_4d43a1bf1514,origin data/VPD-OE_Agent_20260709/VPD-OE_Agent/data/raw/ZY/ZY15.xls,三张报表,H11,11
historical_600_unknown_rule,ZY15,0,初始元年,comprehensive_expense,信息费,0.0,src_4d43a1bf1514,origin data/VPD-OE_Agent_20260709/VPD-OE_Agent/data/raw/ZY/ZY15.xls,三张报表,C12,12
historical_600_unknown_rule,ZY15,1,第1年,comprehensive_expense,信息费,0.0,src_4d43a1bf1514,origin data/VPD-OE_Agent_20260709/VPD-OE_Agent/data/raw/ZY/ZY15.xls,三张报表,D12,12
historical_600_unknown_rule,ZY15,2,第2年,comprehensive_expense,信息费,0.0,src_4d43a1bf1514,origin data/VPD-OE_Agent_20260709/VPD-OE_Agent/data/raw/ZY/ZY15.xls,三张报表,E12,12
historical_600_unknown_rule,ZY15,3,第3年,comprehensive_expense,信息费,0.0,src_4d43a1bf1514,origin data/VPD-OE_Agent_20260709/VPD-OE_Agent/data/raw/ZY/ZY15.xls,三张报表,F12,12
historical_600_unknown_rule,ZY15,4,第4年,comprehensive_expense,信息费,0.0,src_4d43a1bf1514,origin data/VPD-OE_Agent_20260709/VPD-OE_Agent/data/raw/ZY/ZY15.xls,三张报表,G12,12
historical_600_unknown_rule,ZY15,5,第5年,comprehensive_expense,信息费,0.0,src_4d43a1bf1514,origin data/VPD-OE_Agent_20260709/VPD-OE_Agent/data/raw/ZY/ZY15.xls,三张报表,H12,12
historical_600_unknown_rule,ZY15,0,初始元年,comprehensive_expense,合计,0.0,src_4d43a1bf1514,origin data/VPD-OE_Agent_20260709/VPD-OE_Agent/data/raw/ZY/ZY15.xls,三张报表,C13,13
historical_600_unknown_rule,ZY15,1,第1年,comprehensive_expense,合计,190.0,src_4d43a1bf1514,origin data/VPD-OE_Agent_20260709/VPD-OE_Agent/data/raw/ZY/ZY15.xls,三张报表,D13,13
historical_600_unknown_rule,ZY15,2,第2年,comprehensive_expense,合计,179.0,src_4d43a1bf1514,origin data/VPD-OE_Agent_20260709/VPD-OE_Agent/data/raw/ZY/ZY15.xls,三张报表,E13,13
historical_600_unknown_rule,ZY15,3,第3年,comprehensive_expense,合计,160.0,src_4d43a1bf1514,origin data/VPD-OE_Agent_20260709/VPD-OE_Agent/data/raw/ZY/ZY15.xls,三张报表,F13,13
historical_600_unknown_rule,ZY15,4,第4年,comprehensive_expense,合计,264.0,src_4d43a1bf1514,origin data/VPD-OE_Agent_20260709/VPD-OE_Agent/data/raw/ZY/ZY15.xls,三张报表,G13,13
historical_600_unknown_rule,ZY15,5,第5年,comprehensive_expense,合计,322.0,src_4d43a1bf1514,origin data/VPD-OE_Agent_20260709/VPD-OE_Agent/data/raw/ZY/ZY15.xls,三张报表,H13,13
historical_600_unknown_rule,ZY15,0,初始元年,income_statement,销售收入,0.0,src_4d43a1bf1514,origin data/VPD-OE_Agent_20260709/VPD-OE_Agent/data/raw/ZY/ZY15.xls,三张报表,C16,16
historical_600_unknown_rule,ZY15,1,第1年,income_statement,销售收入,0.0,src_4d43a1bf1514,origin data/VPD-OE_Agent_20260709/VPD-OE_Agent/data/raw/ZY/ZY15.xls,三张报表,D16,16
historical_600_unknown_rule,ZY15,2,第2年,income_statement,销售收入,492.0,src_4d43a1bf1514,origin data/VPD-OE_Agent_20260709/VPD-OE_Agent/data/raw/ZY/ZY15.xls,三张报表,E16,16
historical_600_unknown_rule,ZY15,3,第3年,income_statement,销售收入,966.0,src_4d43a1bf1514,origin data/VPD-OE_Agent_20260709/VPD-OE_Agent/data/raw/ZY/ZY15.xls,三张报表,F16,16
historical_600_unknown_rule,ZY15,4,第4年,income_statement,销售收入,1531.0,src_4d43a1bf1514,origin data/VPD-OE_Agent_20260709/VPD-OE_Agent/data/raw/ZY/ZY15.xls,三张报表,G16,16
historical_600_unknown_rule,ZY15,5,第5年,income_statement,销售收入,1854.0,src_4d43a1bf1514,origin data/VPD-OE_Agent_20260709/VPD-OE_Agent/data/raw/ZY/ZY15.xls,三张报表,H16,16
historical_600_unknown_rule,ZY15,0,初始元年,income_statement,直接成本,0.0,src_4d43a1bf1514,origin data/VPD-OE_Agent_20260709/VPD-OE_Agent/data/raw/ZY/ZY15.xls,三张报表,C17,17
historical_600_unknown_rule,ZY15,1,第1年,income_statement,直接成本,0.0,src_4d43a1bf1514,origin data/VPD-OE_Agent_20260709/VPD-OE_Agent/data/raw/ZY/ZY15.xls,三张报表,D17,17
historical_600_unknown_rule,ZY15,2,第2年,income_statement,直接成本,200.0,src_4d43a1bf1514,origin data/VPD-OE_Agent_20260709/VPD-OE_Agent/data/raw/ZY/ZY15.xls,三张报表,E17,17
historical_600_unknown_rule,ZY15,3,第3年,income_statement,直接成本,600.0,src_4d43a1bf1514,origin data/VPD-OE_Agent_20260709/VPD-OE_Agent/data/raw/ZY/ZY15.xls,三张报表,F17,17
historical_600_unknown_rule,ZY15,4,第4年,income_statement,直接成本,750.0,src_4d43a1bf1514,origin data/VPD-OE_Agent_20260709/VPD-OE_Agent/data/raw/ZY/ZY15.xls,三张报表,G17,17
historical_600_unknown_rule,ZY15,5,第5年,income_statement,直接成本,950.0,src_4d43a1bf1514,origin data/VPD-OE_Agent_20260709/VPD-OE_Agent/data/raw/ZY/ZY15.xls,三张报表,H17,17
historical_600_unknown_rule,ZY15,0,初始元年,income_statement,毛利,0.0,src_4d43a1bf1514,origin data/VPD-OE_Agent_20260709/VPD-OE_Agent/data/raw/ZY/ZY15.xls,三张报表,C18,18
historical_600_unknown_rule,ZY15,1,第1年,income_statement,毛利,0.0,src_4d43a1bf1514,origin data/VPD-OE_Agent_20260709/VPD-OE_Agent/data/raw/ZY/ZY15.xls,三张报表,D18,18
historical_600_unknown_rule,ZY15,2,第2年,income_statement,毛利,292.0,src_4d43a1bf1514,origin data/VPD-OE_Agent_20260709/VPD-OE_Agent/data/raw/ZY/ZY15.xls,三张报表,E18,18
historical_600_unknown_rule,ZY15,3,第3年,income_statement,毛利,366.0,src_4d43a1bf1514,origin data/VPD-OE_Agent_20260709/VPD-OE_Agent/data/raw/ZY/ZY15.xls,三张报表,F18,18
historical_600_unknown_rule,ZY15,4,第4年,income_statement,毛利,781.0,src_4d43a1bf1514,origin data/VPD-OE_Agent_20260709/VPD-OE_Agent/data/raw/ZY/ZY15.xls,三张报表,G18,18
historical_600_unknown_rule,ZY15,5,第5年,income_statement,毛利,904.0,src_4d43a1bf1514,origin data/VPD-OE_Agent_20260709/VPD-OE_Agent/data/raw/ZY/ZY15.xls,三张报表,H18,18
historical_600_unknown_rule,ZY15,0,初始元年,income_statement,综合费用,0.0,src_4d43a1bf1514,origin data/VPD-OE_Agent_20260709/VPD-OE_Agent/data/raw/ZY/ZY15.xls,三张报表,C19,19
historical_600_unknown_rule,ZY15,1,第1年,income_statement,综合费用,190.0,src_4d43a1bf1514,origin data/VPD-OE_Agent_20260709/VPD-OE_Agent/data/raw/ZY/ZY15.xls,三张报表,D19,19
historical_600_unknown_rule,ZY15,2,第2年,income_statement,综合费用,179.0,src_4d43a1bf1514,origin data/VPD-OE_Agent_20260709/VPD-OE_Agent/data/raw/ZY/ZY15.xls,三张报表,E19,19
historical_600_unknown_rule,ZY15,3,第3年,income_statement,综合费用,160.0,src_4d43a1bf1514,origin data/VPD-OE_Agent_20260709/VPD-OE_Agent/data/raw/ZY/ZY15.xls,三张报表,F19,19
historical_600_unknown_rule,ZY15,4,第4年,income_statement,综合费用,264.0,src_4d43a1bf1514,origin data/VPD-OE_Agent_20260709/VPD-OE_Agent/data/raw/ZY/ZY15.xls,三张报表,G19,19
historical_600_unknown_rule,ZY15,5,第5年,income_statement,综合费用,322.0,src_4d43a1bf1514,origin data/VPD-OE_Agent_20260709/VPD-OE_Agent/data/raw/ZY/ZY15.xls,三张报表,H19,19
historical_600_unknown_rule,ZY15,0,初始元年,income_statement,折旧前利润,0.0,src_4d43a1bf1514,origin data/VPD-OE_Agent_20260709/VPD-OE_Agent/data/raw/ZY/ZY15.xls,三张报表,C20,20
historical_600_unknown_rule,ZY15,1,第1年,income_statement,折旧前利润,-190.0,src_4d43a1bf1514,origin data/VPD-OE_Agent_20260709/VPD-OE_Agent/data/raw/ZY/ZY15.xls,三张报表,D20,20
historical_600_unknown_rule,ZY15,2,第2年,income_statement,折旧前利润,113.0,src_4d43a1bf1514,origin data/VPD-OE_Agent_20260709/VPD-OE_Agent/data/raw/ZY/ZY15.xls,三张报表,E20,20
historical_600_unknown_rule,ZY15,3,第3年,income_statement,折旧前利润,206.0,src_4d43a1bf1514,origin data/VPD-OE_Agent_20260709/VPD-OE_Agent/data/raw/ZY/ZY15.xls,三张报表,F20,20
historical_600_unknown_rule,ZY15,4,第4年,income_statement,折旧前利润,517.0,src_4d43a1bf1514,origin data/VPD-OE_Agent_20260709/VPD-OE_Agent/data/raw/ZY/ZY15.xls,三张报表,G20,20
historical_600_unknown_rule,ZY15,5,第5年,income_statement,折旧前利润,582.0,src_4d43a1bf1514,origin data/VPD-OE_Agent_20260709/VPD-OE_Agent/data/raw/ZY/ZY15.xls,三张报表,H20,20
historical_600_unknown_rule,ZY15,0,初始元年,income_statement,折旧,0.0,src_4d43a1bf1514,origin data/VPD-OE_Agent_20260709/VPD-OE_Agent/data/raw/ZY/ZY15.xls,三张报表,C21,21
historical_600_unknown_rule,ZY15,1,第1年,income_statement,折旧,0.0,src_4d43a1bf1514,origin data/VPD-OE_Agent_20260709/VPD-OE_Agent/data/raw/ZY/ZY15.xls,三张报表,D21,21
historical_600_unknown_rule,ZY15,2,第2年,income_statement,折旧,0.0,src_4d43a1bf1514,origin data/VPD-OE_Agent_20260709/VPD-OE_Agent/data/raw/ZY/ZY15.xls,三张报表,E21,21
historical_600_unknown_rule,ZY15,3,第3年,income_statement,折旧,60.0,src_4d43a1bf1514,origin data/VPD-OE_Agent_20260709/VPD-OE_Agent/data/raw/ZY/ZY15.xls,三张报表,F21,21
historical_600_unknown_rule,ZY15,4,第4年,income_statement,折旧,120.0,src_4d43a1bf1514,origin data/VPD-OE_Agent_20260709/VPD-OE_Agent/data/raw/ZY/ZY15.xls,三张报表,G21,21
historical_600_unknown_rule,ZY15,5,第5年,income_statement,折旧,120.0,src_4d43a1bf1514,origin data/VPD-OE_Agent_20260709/VPD-OE_Agent/data/raw/ZY/ZY15.xls,三张报表,H21,21
historical_600_unknown_rule,ZY15,0,初始元年,income_statement,支付利息前利润,0.0,src_4d43a1bf1514,origin data/VPD-OE_Agent_20260709/VPD-OE_Agent/data/raw/ZY/ZY15.xls,三张报表,C22,22
historical_600_unknown_rule,ZY15,1,第1年,income_statement,支付利息前利润,-190.0,src_4d43a1bf1514,origin data/VPD-OE_Agent_20260709/VPD-OE_Agent/data/raw/ZY/ZY15.xls,三张报表,D22,22
historical_600_unknown_rule,ZY15,2,第2年,income_statement,支付利息前利润,113.0,src_4d43a1bf1514,origin data/VPD-OE_Agent_20260709/VPD-OE_Agent/data/raw/ZY/ZY15.xls,三张报表,E22,22
historical_600_unknown_rule,ZY15,3,第3年,income_statement,支付利息前利润,146.0,src_4d43a1bf1514,origin data/VPD-OE_Agent_20260709/VPD-OE_Agent/data/raw/ZY/ZY15.xls,三张报表,F22,22
historical_600_unknown_rule,ZY15,4,第4年,income_statement,支付利息前利润,397.0,src_4d43a1bf1514,origin data/VPD-OE_Agent_20260709/VPD-OE_Agent/data/raw/ZY/ZY15.xls,三张报表,G22,22
historical_600_unknown_rule,ZY15,5,第5年,income_statement,支付利息前利润,462.0,src_4d43a1bf1514,origin data/VPD-OE_Agent_20260709/VPD-OE_Agent/data/raw/ZY/ZY15.xls,三张报表,H22,22
historical_600_unknown_rule,ZY15,0,初始元年,income_statement,财务费用,0.0,src_4d43a1bf1514,origin data/VPD-OE_Agent_20260709/VPD-OE_Agent/data/raw/ZY/ZY15.xls,三张报表,C23,23
historical_600_unknown_rule,ZY15,1,第1年,income_statement,财务费用,0.0,src_4d43a1bf1514,origin data/VPD-OE_Agent_20260709/VPD-OE_Agent/data/raw/ZY/ZY15.xls,三张报表,D23,23
historical_600_unknown_rule,ZY15,2,第2年,income_statement,财务费用,0.0,src_4d43a1bf1514,origin data/VPD-OE_Agent_20260709/VPD-OE_Agent/data/raw/ZY/ZY15.xls,三张报表,E23,23
historical_600_unknown_rule,ZY15,3,第3年,income_statement,财务费用,122.0,src_4d43a1bf1514,origin data/VPD-OE_Agent_20260709/VPD-OE_Agent/data/raw/ZY/ZY15.xls,三张报表,F23,23
historical_600_unknown_rule,ZY15,4,第4年,income_statement,财务费用,123.0,src_4d43a1bf1514,origin data/VPD-OE_Agent_20260709/VPD-OE_Agent/data/raw/ZY/ZY15.xls,三张报表,G23,23
historical_600_unknown_rule,ZY15,5,第5年,income_statement,财务费用,122.0,src_4d43a1bf1514,origin data/VPD-OE_Agent_20260709/VPD-OE_Agent/data/raw/ZY/ZY15.xls,三张报表,H23,23
historical_600_unknown_rule,ZY15,0,初始元年,income_statement,税前利润,0.0,src_4d43a1bf1514,origin data/VPD-OE_Agent_20260709/VPD-OE_Agent/data/raw/ZY/ZY15.xls,三张报表,C24,24
historical_600_unknown_rule,ZY15,1,第1年,income_statement,税前利润,-190.0,src_4d43a1bf1514,origin data/VPD-OE_Agent_20260709/VPD-OE_Agent/data/raw/ZY/ZY15.xls,三张报表,D24,24
historical_600_unknown_rule,ZY15,2,第2年,income_statement,税前利润,113.0,src_4d43a1bf1514,origin data/VPD-OE_Agent_20260709/VPD-OE_Agent/data/raw/ZY/ZY15.xls,三张报表,E24,24
historical_600_unknown_rule,ZY15,3,第3年,income_statement,税前利润,24.0,src_4d43a1bf1514,origin data/VPD-OE_Agent_20260709/VPD-OE_Agent/data/raw/ZY/ZY15.xls,三张报表,F24,24
historical_600_unknown_rule,ZY15,4,第4年,income_statement,税前利润,274.0,src_4d43a1bf1514,origin data/VPD-OE_Agent_20260709/VPD-OE_Agent/data/raw/ZY/ZY15.xls,三张报表,G24,24
historical_600_unknown_rule,ZY15,5,第5年,income_statement,税前利润,340.0,src_4d43a1bf1514,origin data/VPD-OE_Agent_20260709/VPD-OE_Agent/data/raw/ZY/ZY15.xls,三张报表,H24,24
historical_600_unknown_rule,ZY15,0,初始元年,income_statement,所得税,0.0,src_4d43a1bf1514,origin data/VPD-OE_Agent_20260709/VPD-OE_Agent/data/raw/ZY/ZY15.xls,三张报表,C25,25
historical_600_unknown_rule,ZY15,1,第1年,income_statement,所得税,0.0,src_4d43a1bf1514,origin data/VPD-OE_Agent_20260709/VPD-OE_Agent/data/raw/ZY/ZY15.xls,三张报表,D25,25
historical_600_unknown_rule,ZY15,2,第2年,income_statement,所得税,0.0,src_4d43a1bf1514,origin data/VPD-OE_Agent_20260709/VPD-OE_Agent/data/raw/ZY/ZY15.xls,三张报表,E25,25
historical_600_unknown_rule,ZY15,3,第3年,income_statement,所得税,0.0,src_4d43a1bf1514,origin data/VPD-OE_Agent_20260709/VPD-OE_Agent/data/raw/ZY/ZY15.xls,三张报表,F25,25
historical_600_unknown_rule,ZY15,4,第4年,income_statement,所得税,55.0,src_4d43a1bf1514,origin data/VPD-OE_Agent_20260709/VPD-OE_Agent/data/raw/ZY/ZY15.xls,三张报表,G25,25
historical_600_unknown_rule,ZY15,5,第5年,income_statement,所得税,85.0,src_4d43a1bf1514,origin data/VPD-OE_Agent_20260709/VPD-OE_Agent/data/raw/ZY/ZY15.xls,三张报表,H25,25
historical_600_unknown_rule,ZY15,0,初始元年,income_statement,年度净利润,0.0,src_4d43a1bf1514,origin data/VPD-OE_Agent_20260709/VPD-OE_Agent/data/raw/ZY/ZY15.xls,三张报表,C26,26
historical_600_unknown_rule,ZY15,1,第1年,income_statement,年度净利润,-190.0,src_4d43a1bf1514,origin data/VPD-OE_Agent_20260709/VPD-OE_Agent/data/raw/ZY/ZY15.xls,三张报表,D26,26
historical_600_unknown_rule,ZY15,2,第2年,income_statement,年度净利润,113.0,src_4d43a1bf1514,origin data/VPD-OE_Agent_20260709/VPD-OE_Agent/data/raw/ZY/ZY15.xls,三张报表,E26,26
historical_600_unknown_rule,ZY15,3,第3年,income_statement,年度净利润,24.0,src_4d43a1bf1514,origin data/VPD-OE_Agent_20260709/VPD-OE_Agent/data/raw/ZY/ZY15.xls,三张报表,F26,26
historical_600_unknown_rule,ZY15,4,第4年,income_statement,年度净利润,219.0,src_4d43a1bf1514,origin data/VPD-OE_Agent_20260709/VPD-OE_Agent/data/raw/ZY/ZY15.xls,三张报表,G26,26
historical_600_unknown_rule,ZY15,5,第5年,income_statement,年度净利润,255.0,src_4d43a1bf1514,origin data/VPD-OE_Agent_20260709/VPD-OE_Agent/data/raw/ZY/ZY15.xls,三张报表,H26,26
historical_600_unknown_rule,ZY15,0,初始元年,balance_sheet,现金,600.0,src_4d43a1bf1514,origin data/VPD-OE_Agent_20260709/VPD-OE_Agent/data/raw/ZY/ZY15.xls,三张报表,C30,30
historical_600_unknown_rule,ZY15,1,第1年,balance_sheet,现金,210.0,src_4d43a1bf1514,origin data/VPD-OE_Agent_20260709/VPD-OE_Agent/data/raw/ZY/ZY15.xls,三张报表,D30,30
historical_600_unknown_rule,ZY15,2,第2年,balance_sheet,现金,555.0,src_4d43a1bf1514,origin data/VPD-OE_Agent_20260709/VPD-OE_Agent/data/raw/ZY/ZY15.xls,三张报表,E30,30
historical_600_unknown_rule,ZY15,3,第3年,balance_sheet,现金,722.0,src_4d43a1bf1514,origin data/VPD-OE_Agent_20260709/VPD-OE_Agent/data/raw/ZY/ZY15.xls,三张报表,F30,30
historical_600_unknown_rule,ZY15,4,第4年,balance_sheet,现金,661.0,src_4d43a1bf1514,origin data/VPD-OE_Agent_20260709/VPD-OE_Agent/data/raw/ZY/ZY15.xls,三张报表,G30,30
historical_600_unknown_rule,ZY15,5,第5年,balance_sheet,现金,273.0,src_4d43a1bf1514,origin data/VPD-OE_Agent_20260709/VPD-OE_Agent/data/raw/ZY/ZY15.xls,三张报表,H30,30
historical_600_unknown_rule,ZY15,0,初始元年,balance_sheet,应收款,0.0,src_4d43a1bf1514,origin data/VPD-OE_Agent_20260709/VPD-OE_Agent/data/raw/ZY/ZY15.xls,三张报表,C31,31
historical_600_unknown_rule,ZY15,1,第1年,balance_sheet,应收款,0.0,src_4d43a1bf1514,origin data/VPD-OE_Agent_20260709/VPD-OE_Agent/data/raw/ZY/ZY15.xls,三张报表,D31,31
historical_600_unknown_rule,ZY15,2,第2年,balance_sheet,应收款,492.0,src_4d43a1bf1514,origin data/VPD-OE_Agent_20260709/VPD-OE_Agent/data/raw/ZY/ZY15.xls,三张报表,E31,31
historical_600_unknown_rule,ZY15,3,第3年,balance_sheet,应收款,237.0,src_4d43a1bf1514,origin data/VPD-OE_Agent_20260709/VPD-OE_Agent/data/raw/ZY/ZY15.xls,三张报表,F31,31
historical_600_unknown_rule,ZY15,4,第4年,balance_sheet,应收款,614.0,src_4d43a1bf1514,origin data/VPD-OE_Agent_20260709/VPD-OE_Agent/data/raw/ZY/ZY15.xls,三张报表,G31,31
historical_600_unknown_rule,ZY15,5,第5年,balance_sheet,应收款,1545.0,src_4d43a1bf1514,origin data/VPD-OE_Agent_20260709/VPD-OE_Agent/data/raw/ZY/ZY15.xls,三张报表,H31,31
historical_600_unknown_rule,ZY15,0,初始元年,balance_sheet,在制品,0.0,src_4d43a1bf1514,origin data/VPD-OE_Agent_20260709/VPD-OE_Agent/data/raw/ZY/ZY15.xls,三张报表,C32,32
historical_600_unknown_rule,ZY15,1,第1年,balance_sheet,在制品,0.0,src_4d43a1bf1514,origin data/VPD-OE_Agent_20260709/VPD-OE_Agent/data/raw/ZY/ZY15.xls,三张报表,D32,32
historical_600_unknown_rule,ZY15,2,第2年,balance_sheet,在制品,100.0,src_4d43a1bf1514,origin data/VPD-OE_Agent_20260709/VPD-OE_Agent/data/raw/ZY/ZY15.xls,三张报表,E32,32
historical_600_unknown_rule,ZY15,3,第3年,balance_sheet,在制品,200.0,src_4d43a1bf1514,origin data/VPD-OE_Agent_20260709/VPD-OE_Agent/data/raw/ZY/ZY15.xls,三张报表,F32,32
historical_600_unknown_rule,ZY15,4,第4年,balance_sheet,在制品,200.0,src_4d43a1bf1514,origin data/VPD-OE_Agent_20260709/VPD-OE_Agent/data/raw/ZY/ZY15.xls,三张报表,G32,32
historical_600_unknown_rule,ZY15,5,第5年,balance_sheet,在制品,0.0,src_4d43a1bf1514,origin data/VPD-OE_Agent_20260709/VPD-OE_Agent/data/raw/ZY/ZY15.xls,三张报表,H32,32
historical_600_unknown_rule,ZY15,0,初始元年,balance_sheet,产成品,0.0,src_4d43a1bf1514,origin data/VPD-OE_Agent_20260709/VPD-OE_Agent/data/raw/ZY/ZY15.xls,三张报表,C33,33
historical_600_unknown_rule,ZY15,1,第1年,balance_sheet,产成品,0.0,src_4d43a1bf1514,origin data/VPD-OE_Agent_20260709/VPD-OE_Agent/data/raw/ZY/ZY15.xls,三张报表,D33,33
historical_600_unknown_rule,ZY15,2,第2年,balance_sheet,产成品,0.0,src_4d43a1bf1514,origin data/VPD-OE_Agent_20260709/VPD-OE_Agent/data/raw/ZY/ZY15.xls,三张报表,E33,33
historical_600_unknown_rule,ZY15,3,第3年,balance_sheet,产成品,100.0,src_4d43a1bf1514,origin data/VPD-OE_Agent_20260709/VPD-OE_Agent/data/raw/ZY/ZY15.xls,三张报表,F33,33
historical_600_unknown_rule,ZY15,4,第4年,balance_sheet,产成品,150.0,src_4d43a1bf1514,origin data/VPD-OE_Agent_20260709/VPD-OE_Agent/data/raw/ZY/ZY15.xls,三张报表,G33,33
historical_600_unknown_rule,ZY15,5,第5年,balance_sheet,产成品,0.0,src_4d43a1bf1514,origin data/VPD-OE_Agent_20260709/VPD-OE_Agent/data/raw/ZY/ZY15.xls,三张报表,H33,33
historical_600_unknown_rule,ZY15,0,初始元年,balance_sheet,原料,0.0,src_4d43a1bf1514,origin data/VPD-OE_Agent_20260709/VPD-OE_Agent/data/raw/ZY/ZY15.xls,三张报表,C34,34
historical_600_unknown_rule,ZY15,1,第1年,balance_sheet,原料,0.0,src_4d43a1bf1514,origin data/VPD-OE_Agent_20260709/VPD-OE_Agent/data/raw/ZY/ZY15.xls,三张报表,D34,34
historical_600_unknown_rule,ZY15,2,第2年,balance_sheet,原料,0.0,src_4d43a1bf1514,origin data/VPD-OE_Agent_20260709/VPD-OE_Agent/data/raw/ZY/ZY15.xls,三张报表,E34,34
historical_600_unknown_rule,ZY15,3,第3年,balance_sheet,原料,0.0,src_4d43a1bf1514,origin data/VPD-OE_Agent_20260709/VPD-OE_Agent/data/raw/ZY/ZY15.xls,三张报表,F34,34
historical_600_unknown_rule,ZY15,4,第4年,balance_sheet,原料,0.0,src_4d43a1bf1514,origin data/VPD-OE_Agent_20260709/VPD-OE_Agent/data/raw/ZY/ZY15.xls,三张报表,G34,34
historical_600_unknown_rule,ZY15,5,第5年,balance_sheet,原料,0.0,src_4d43a1bf1514,origin data/VPD-OE_Agent_20260709/VPD-OE_Agent/data/raw/ZY/ZY15.xls,三张报表,H34,34
historical_600_unknown_rule,ZY15,0,初始元年,balance_sheet,流动资产合计,600.0,src_4d43a1bf1514,origin data/VPD-OE_Agent_20260709/VPD-OE_Agent/data/raw/ZY/ZY15.xls,三张报表,C35,35
historical_600_unknown_rule,ZY15,1,第1年,balance_sheet,流动资产合计,210.0,src_4d43a1bf1514,origin data/VPD-OE_Agent_20260709/VPD-OE_Agent/data/raw/ZY/ZY15.xls,三张报表,D35,35
historical_600_unknown_rule,ZY15,2,第2年,balance_sheet,流动资产合计,1147.0,src_4d43a1bf1514,origin data/VPD-OE_Agent_20260709/VPD-OE_Agent/data/raw/ZY/ZY15.xls,三张报表,E35,35
historical_600_unknown_rule,ZY15,3,第3年,balance_sheet,流动资产合计,1259.0,src_4d43a1bf1514,origin data/VPD-OE_Agent_20260709/VPD-OE_Agent/data/raw/ZY/ZY15.xls,三张报表,F35,35
historical_600_unknown_rule,ZY15,4,第4年,balance_sheet,流动资产合计,1625.0,src_4d43a1bf1514,origin data/VPD-OE_Agent_20260709/VPD-OE_Agent/data/raw/ZY/ZY15.xls,三张报表,G35,35
historical_600_unknown_rule,ZY15,5,第5年,balance_sheet,流动资产合计,1818.0,src_4d43a1bf1514,origin data/VPD-OE_Agent_20260709/VPD-OE_Agent/data/raw/ZY/ZY15.xls,三张报表,H35,35
historical_600_unknown_rule,ZY15,0,初始元年,balance_sheet,厂房,0.0,src_4d43a1bf1514,origin data/VPD-OE_Agent_20260709/VPD-OE_Agent/data/raw/ZY/ZY15.xls,三张报表,C36,36
historical_600_unknown_rule,ZY15,1,第1年,balance_sheet,厂房,0.0,src_4d43a1bf1514,origin data/VPD-OE_Agent_20260709/VPD-OE_Agent/data/raw/ZY/ZY15.xls,三张报表,D36,36
historical_600_unknown_rule,ZY15,2,第2年,balance_sheet,厂房,0.0,src_4d43a1bf1514,origin data/VPD-OE_Agent_20260709/VPD-OE_Agent/data/raw/ZY/ZY15.xls,三张报表,E36,36
historical_600_unknown_rule,ZY15,3,第3年,balance_sheet,厂房,0.0,src_4d43a1bf1514,origin data/VPD-OE_Agent_20260709/VPD-OE_Agent/data/raw/ZY/ZY15.xls,三张报表,F36,36
historical_600_unknown_rule,ZY15,4,第4年,balance_sheet,厂房,0.0,src_4d43a1bf1514,origin data/VPD-OE_Agent_20260709/VPD-OE_Agent/data/raw/ZY/ZY15.xls,三张报表,G36,36
historical_600_unknown_rule,ZY15,5,第5年,balance_sheet,厂房,300.0,src_4d43a1bf1514,origin data/VPD-OE_Agent_20260709/VPD-OE_Agent/data/raw/ZY/ZY15.xls,三张报表,H36,36
historical_600_unknown_rule,ZY15,0,初始元年,balance_sheet,机器设备,0.0,src_4d43a1bf1514,origin data/VPD-OE_Agent_20260709/VPD-OE_Agent/data/raw/ZY/ZY15.xls,三张报表,C37,37
historical_600_unknown_rule,ZY15,1,第1年,balance_sheet,机器设备,0.0,src_4d43a1bf1514,origin data/VPD-OE_Agent_20260709/VPD-OE_Agent/data/raw/ZY/ZY15.xls,三张报表,D37,37
historical_600_unknown_rule,ZY15,2,第2年,balance_sheet,机器设备,300.0,src_4d43a1bf1514,origin data/VPD-OE_Agent_20260709/VPD-OE_Agent/data/raw/ZY/ZY15.xls,三张报表,E37,37
historical_600_unknown_rule,ZY15,3,第3年,balance_sheet,机器设备,540.0,src_4d43a1bf1514,origin data/VPD-OE_Agent_20260709/VPD-OE_Agent/data/raw/ZY/ZY15.xls,三张报表,F37,37
historical_600_unknown_rule,ZY15,4,第4年,balance_sheet,机器设备,420.0,src_4d43a1bf1514,origin data/VPD-OE_Agent_20260709/VPD-OE_Agent/data/raw/ZY/ZY15.xls,三张报表,G37,37
historical_600_unknown_rule,ZY15,5,第5年,balance_sheet,机器设备,300.0,src_4d43a1bf1514,origin data/VPD-OE_Agent_20260709/VPD-OE_Agent/data/raw/ZY/ZY15.xls,三张报表,H37,37
historical_600_unknown_rule,ZY15,0,初始元年,balance_sheet,在建工程,0.0,src_4d43a1bf1514,origin data/VPD-OE_Agent_20260709/VPD-OE_Agent/data/raw/ZY/ZY15.xls,三张报表,C38,38
historical_600_unknown_rule,ZY15,1,第1年,balance_sheet,在建工程,200.0,src_4d43a1bf1514,origin data/VPD-OE_Agent_20260709/VPD-OE_Agent/data/raw/ZY/ZY15.xls,三张报表,D38,38
historical_600_unknown_rule,ZY15,2,第2年,balance_sheet,在建工程,300.0,src_4d43a1bf1514,origin data/VPD-OE_Agent_20260709/VPD-OE_Agent/data/raw/ZY/ZY15.xls,三张报表,E38,38
historical_600_unknown_rule,ZY15,3,第3年,balance_sheet,在建工程,0.0,src_4d43a1bf1514,origin data/VPD-OE_Agent_20260709/VPD-OE_Agent/data/raw/ZY/ZY15.xls,三张报表,F38,38
historical_600_unknown_rule,ZY15,4,第4年,balance_sheet,在建工程,0.0,src_4d43a1bf1514,origin data/VPD-OE_Agent_20260709/VPD-OE_Agent/data/raw/ZY/ZY15.xls,三张报表,G38,38
historical_600_unknown_rule,ZY15,5,第5年,balance_sheet,在建工程,0.0,src_4d43a1bf1514,origin data/VPD-OE_Agent_20260709/VPD-OE_Agent/data/raw/ZY/ZY15.xls,三张报表,H38,38
historical_600_unknown_rule,ZY15,0,初始元年,balance_sheet,固定资产合计,0.0,src_4d43a1bf1514,origin data/VPD-OE_Agent_20260709/VPD-OE_Agent/data/raw/ZY/ZY15.xls,三张报表,C39,39
historical_600_unknown_rule,ZY15,1,第1年,balance_sheet,固定资产合计,200.0,src_4d43a1bf1514,origin data/VPD-OE_Agent_20260709/VPD-OE_Agent/data/raw/ZY/ZY15.xls,三张报表,D39,39
historical_600_unknown_rule,ZY15,2,第2年,balance_sheet,固定资产合计,600.0,src_4d43a1bf1514,origin data/VPD-OE_Agent_20260709/VPD-OE_Agent/data/raw/ZY/ZY15.xls,三张报表,E39,39
historical_600_unknown_rule,ZY15,3,第3年,balance_sheet,固定资产合计,540.0,src_4d43a1bf1514,origin data/VPD-OE_Agent_20260709/VPD-OE_Agent/data/raw/ZY/ZY15.xls,三张报表,F39,39
historical_600_unknown_rule,ZY15,4,第4年,balance_sheet,固定资产合计,420.0,src_4d43a1bf1514,origin data/VPD-OE_Agent_20260709/VPD-OE_Agent/data/raw/ZY/ZY15.xls,三张报表,G39,39
historical_600_unknown_rule,ZY15,5,第5年,balance_sheet,固定资产合计,600.0,src_4d43a1bf1514,origin data/VPD-OE_Agent_20260709/VPD-OE_Agent/data/raw/ZY/ZY15.xls,三张报表,H39,39
historical_600_unknown_rule,ZY15,0,初始元年,balance_sheet,资产总计,600.0,src_4d43a1bf1514,origin data/VPD-OE_Agent_20260709/VPD-OE_Agent/data/raw/ZY/ZY15.xls,三张报表,C40,40
historical_600_unknown_rule,ZY15,1,第1年,balance_sheet,资产总计,410.0,src_4d43a1bf1514,origin data/VPD-OE_Agent_20260709/VPD-OE_Agent/data/raw/ZY/ZY15.xls,三张报表,D40,40
historical_600_unknown_rule,ZY15,2,第2年,balance_sheet,资产总计,1747.0,src_4d43a1bf1514,origin data/VPD-OE_Agent_20260709/VPD-OE_Agent/data/raw/ZY/ZY15.xls,三张报表,E40,40
historical_600_unknown_rule,ZY15,3,第3年,balance_sheet,资产总计,1799.0,src_4d43a1bf1514,origin data/VPD-OE_Agent_20260709/VPD-OE_Agent/data/raw/ZY/ZY15.xls,三张报表,F40,40
historical_600_unknown_rule,ZY15,4,第4年,balance_sheet,资产总计,2045.0,src_4d43a1bf1514,origin data/VPD-OE_Agent_20260709/VPD-OE_Agent/data/raw/ZY/ZY15.xls,三张报表,G40,40
historical_600_unknown_rule,ZY15,5,第5年,balance_sheet,资产总计,2418.0,src_4d43a1bf1514,origin data/VPD-OE_Agent_20260709/VPD-OE_Agent/data/raw/ZY/ZY15.xls,三张报表,H40,40
historical_600_unknown_rule,ZY15,0,初始元年,balance_sheet,长期贷款,0.0,src_4d43a1bf1514,origin data/VPD-OE_Agent_20260709/VPD-OE_Agent/data/raw/ZY/ZY15.xls,三张报表,C41,41
historical_600_unknown_rule,ZY15,1,第1年,balance_sheet,长期贷款,0.0,src_4d43a1bf1514,origin data/VPD-OE_Agent_20260709/VPD-OE_Agent/data/raw/ZY/ZY15.xls,三张报表,D41,41
historical_600_unknown_rule,ZY15,2,第2年,balance_sheet,长期贷款,1224.0,src_4d43a1bf1514,origin data/VPD-OE_Agent_20260709/VPD-OE_Agent/data/raw/ZY/ZY15.xls,三张报表,E41,41
historical_600_unknown_rule,ZY15,3,第3年,balance_sheet,长期贷款,1224.0,src_4d43a1bf1514,origin data/VPD-OE_Agent_20260709/VPD-OE_Agent/data/raw/ZY/ZY15.xls,三张报表,F41,41
historical_600_unknown_rule,ZY15,4,第4年,balance_sheet,长期贷款,1224.0,src_4d43a1bf1514,origin data/VPD-OE_Agent_20260709/VPD-OE_Agent/data/raw/ZY/ZY15.xls,三张报表,G41,41
historical_600_unknown_rule,ZY15,5,第5年,balance_sheet,长期贷款,1224.0,src_4d43a1bf1514,origin data/VPD-OE_Agent_20260709/VPD-OE_Agent/data/raw/ZY/ZY15.xls,三张报表,H41,41
historical_600_unknown_rule,ZY15,0,初始元年,balance_sheet,短期贷款,0.0,src_4d43a1bf1514,origin data/VPD-OE_Agent_20260709/VPD-OE_Agent/data/raw/ZY/ZY15.xls,三张报表,C42,42
historical_600_unknown_rule,ZY15,1,第1年,balance_sheet,短期贷款,0.0,src_4d43a1bf1514,origin data/VPD-OE_Agent_20260709/VPD-OE_Agent/data/raw/ZY/ZY15.xls,三张报表,D42,42
historical_600_unknown_rule,ZY15,2,第2年,balance_sheet,短期贷款,0.0,src_4d43a1bf1514,origin data/VPD-OE_Agent_20260709/VPD-OE_Agent/data/raw/ZY/ZY15.xls,三张报表,E42,42
historical_600_unknown_rule,ZY15,3,第3年,balance_sheet,短期贷款,28.0,src_4d43a1bf1514,origin data/VPD-OE_Agent_20260709/VPD-OE_Agent/data/raw/ZY/ZY15.xls,三张报表,F42,42
historical_600_unknown_rule,ZY15,4,第4年,balance_sheet,短期贷款,0.0,src_4d43a1bf1514,origin data/VPD-OE_Agent_20260709/VPD-OE_Agent/data/raw/ZY/ZY15.xls,三张报表,G42,42
historical_600_unknown_rule,ZY15,5,第5年,balance_sheet,短期贷款,88.0,src_4d43a1bf1514,origin data/VPD-OE_Agent_20260709/VPD-OE_Agent/data/raw/ZY/ZY15.xls,三张报表,H42,42
historical_600_unknown_rule,ZY15,0,初始元年,balance_sheet,特别贷款,0.0,src_4d43a1bf1514,origin data/VPD-OE_Agent_20260709/VPD-OE_Agent/data/raw/ZY/ZY15.xls,三张报表,C43,43
historical_600_unknown_rule,ZY15,1,第1年,balance_sheet,特别贷款,0.0,src_4d43a1bf1514,origin data/VPD-OE_Agent_20260709/VPD-OE_Agent/data/raw/ZY/ZY15.xls,三张报表,D43,43
historical_600_unknown_rule,ZY15,2,第2年,balance_sheet,特别贷款,0.0,src_4d43a1bf1514,origin data/VPD-OE_Agent_20260709/VPD-OE_Agent/data/raw/ZY/ZY15.xls,三张报表,E43,43
historical_600_unknown_rule,ZY15,3,第3年,balance_sheet,特别贷款,0.0,src_4d43a1bf1514,origin data/VPD-OE_Agent_20260709/VPD-OE_Agent/data/raw/ZY/ZY15.xls,三张报表,F43,43
historical_600_unknown_rule,ZY15,4,第4年,balance_sheet,特别贷款,0.0,src_4d43a1bf1514,origin data/VPD-OE_Agent_20260709/VPD-OE_Agent/data/raw/ZY/ZY15.xls,三张报表,G43,43
historical_600_unknown_rule,ZY15,5,第5年,balance_sheet,特别贷款,0.0,src_4d43a1bf1514,origin data/VPD-OE_Agent_20260709/VPD-OE_Agent/data/raw/ZY/ZY15.xls,三张报表,H43,43
historical_600_unknown_rule,ZY15,0,初始元年,balance_sheet,所得税,0.0,src_4d43a1bf1514,origin data/VPD-OE_Agent_20260709/VPD-OE_Agent/data/raw/ZY/ZY15.xls,三张报表,C44,44
historical_600_unknown_rule,ZY15,1,第1年,balance_sheet,所得税,0.0,src_4d43a1bf1514,origin data/VPD-OE_Agent_20260709/VPD-OE_Agent/data/raw/ZY/ZY15.xls,三张报表,D44,44
historical_600_unknown_rule,ZY15,2,第2年,balance_sheet,所得税,0.0,src_4d43a1bf1514,origin data/VPD-OE_Agent_20260709/VPD-OE_Agent/data/raw/ZY/ZY15.xls,三张报表,E44,44
historical_600_unknown_rule,ZY15,3,第3年,balance_sheet,所得税,0.0,src_4d43a1bf1514,origin data/VPD-OE_Agent_20260709/VPD-OE_Agent/data/raw/ZY/ZY15.xls,三张报表,F44,44
historical_600_unknown_rule,ZY15,4,第4年,balance_sheet,所得税,55.0,src_4d43a1bf1514,origin data/VPD-OE_Agent_20260709/VPD-OE_Agent/data/raw/ZY/ZY15.xls,三张报表,G44,44
historical_600_unknown_rule,ZY15,5,第5年,balance_sheet,所得税,85.0,src_4d43a1bf1514,origin data/VPD-OE_Agent_20260709/VPD-OE_Agent/data/raw/ZY/ZY15.xls,三张报表,H44,44
historical_600_unknown_rule,ZY15,0,初始元年,balance_sheet,负债合计,0.0,src_4d43a1bf1514,origin data/VPD-OE_Agent_20260709/VPD-OE_Agent/data/raw/ZY/ZY15.xls,三张报表,C45,45
historical_600_unknown_rule,ZY15,1,第1年,balance_sheet,负债合计,0.0,src_4d43a1bf1514,origin data/VPD-OE_Agent_20260709/VPD-OE_Agent/data/raw/ZY/ZY15.xls,三张报表,D45,45
historical_600_unknown_rule,ZY15,2,第2年,balance_sheet,负债合计,1224.0,src_4d43a1bf1514,origin data/VPD-OE_Agent_20260709/VPD-OE_Agent/data/raw/ZY/ZY15.xls,三张报表,E45,45
historical_600_unknown_rule,ZY15,3,第3年,balance_sheet,负债合计,1252.0,src_4d43a1bf1514,origin data/VPD-OE_Agent_20260709/VPD-OE_Agent/data/raw/ZY/ZY15.xls,三张报表,F45,45
historical_600_unknown_rule,ZY15,4,第4年,balance_sheet,负债合计,1279.0,src_4d43a1bf1514,origin data/VPD-OE_Agent_20260709/VPD-OE_Agent/data/raw/ZY/ZY15.xls,三张报表,G45,45
historical_600_unknown_rule,ZY15,5,第5年,balance_sheet,负债合计,1397.0,src_4d43a1bf1514,origin data/VPD-OE_Agent_20260709/VPD-OE_Agent/data/raw/ZY/ZY15.xls,三张报表,H45,45
historical_600_unknown_rule,ZY15,0,初始元年,balance_sheet,股东资本,600.0,src_4d43a1bf1514,origin data/VPD-OE_Agent_20260709/VPD-OE_Agent/data/raw/ZY/ZY15.xls,三张报表,C46,46
historical_600_unknown_rule,ZY15,1,第1年,balance_sheet,股东资本,600.0,src_4d43a1bf1514,origin data/VPD-OE_Agent_20260709/VPD-OE_Agent/data/raw/ZY/ZY15.xls,三张报表,D46,46
historical_600_unknown_rule,ZY15,2,第2年,balance_sheet,股东资本,600.0,src_4d43a1bf1514,origin data/VPD-OE_Agent_20260709/VPD-OE_Agent/data/raw/ZY/ZY15.xls,三张报表,E46,46
historical_600_unknown_rule,ZY15,3,第3年,balance_sheet,股东资本,600.0,src_4d43a1bf1514,origin data/VPD-OE_Agent_20260709/VPD-OE_Agent/data/raw/ZY/ZY15.xls,三张报表,F46,46
historical_600_unknown_rule,ZY15,4,第4年,balance_sheet,股东资本,600.0,src_4d43a1bf1514,origin data/VPD-OE_Agent_20260709/VPD-OE_Agent/data/raw/ZY/ZY15.xls,三张报表,G46,46
historical_600_unknown_rule,ZY15,5,第5年,balance_sheet,股东资本,600.0,src_4d43a1bf1514,origin data/VPD-OE_Agent_20260709/VPD-OE_Agent/data/raw/ZY/ZY15.xls,三张报表,H46,46
historical_600_unknown_rule,ZY15,0,初始元年,balance_sheet,利润留存,0.0,src_4d43a1bf1514,origin data/VPD-OE_Agent_20260709/VPD-OE_Agent/data/raw/ZY/ZY15.xls,三张报表,C47,47
historical_600_unknown_rule,ZY15,1,第1年,balance_sheet,利润留存,0.0,src_4d43a1bf1514,origin data/VPD-OE_Agent_20260709/VPD-OE_Agent/data/raw/ZY/ZY15.xls,三张报表,D47,47
historical_600_unknown_rule,ZY15,2,第2年,balance_sheet,利润留存,-190.0,src_4d43a1bf1514,origin data/VPD-OE_Agent_20260709/VPD-OE_Agent/data/raw/ZY/ZY15.xls,三张报表,E47,47
historical_600_unknown_rule,ZY15,3,第3年,balance_sheet,利润留存,-77.0,src_4d43a1bf1514,origin data/VPD-OE_Agent_20260709/VPD-OE_Agent/data/raw/ZY/ZY15.xls,三张报表,F47,47
historical_600_unknown_rule,ZY15,4,第4年,balance_sheet,利润留存,-53.0,src_4d43a1bf1514,origin data/VPD-OE_Agent_20260709/VPD-OE_Agent/data/raw/ZY/ZY15.xls,三张报表,G47,47
historical_600_unknown_rule,ZY15,5,第5年,balance_sheet,利润留存,166.0,src_4d43a1bf1514,origin data/VPD-OE_Agent_20260709/VPD-OE_Agent/data/raw/ZY/ZY15.xls,三张报表,H47,47
historical_600_unknown_rule,ZY15,0,初始元年,balance_sheet,年度净利,0.0,src_4d43a1bf1514,origin data/VPD-OE_Agent_20260709/VPD-OE_Agent/data/raw/ZY/ZY15.xls,三张报表,C48,48
historical_600_unknown_rule,ZY15,1,第1年,balance_sheet,年度净利,-190.0,src_4d43a1bf1514,origin data/VPD-OE_Agent_20260709/VPD-OE_Agent/data/raw/ZY/ZY15.xls,三张报表,D48,48
historical_600_unknown_rule,ZY15,2,第2年,balance_sheet,年度净利,113.0,src_4d43a1bf1514,origin data/VPD-OE_Agent_20260709/VPD-OE_Agent/data/raw/ZY/ZY15.xls,三张报表,E48,48
historical_600_unknown_rule,ZY15,3,第3年,balance_sheet,年度净利,24.0,src_4d43a1bf1514,origin data/VPD-OE_Agent_20260709/VPD-OE_Agent/data/raw/ZY/ZY15.xls,三张报表,F48,48
historical_600_unknown_rule,ZY15,4,第4年,balance_sheet,年度净利,219.0,src_4d43a1bf1514,origin data/VPD-OE_Agent_20260709/VPD-OE_Agent/data/raw/ZY/ZY15.xls,三张报表,G48,48
historical_600_unknown_rule,ZY15,5,第5年,balance_sheet,年度净利,255.0,src_4d43a1bf1514,origin data/VPD-OE_Agent_20260709/VPD-OE_Agent/data/raw/ZY/ZY15.xls,三张报表,H48,48
historical_600_unknown_rule,ZY15,0,初始元年,balance_sheet,所有者权益合计,600.0,src_4d43a1bf1514,origin data/VPD-OE_Agent_20260709/VPD-OE_Agent/data/raw/ZY/ZY15.xls,三张报表,C49,49
historical_600_unknown_rule,ZY15,1,第1年,balance_sheet,所有者权益合计,410.0,src_4d43a1bf1514,origin data/VPD-OE_Agent_20260709/VPD-OE_Agent/data/raw/ZY/ZY15.xls,三张报表,D49,49
historical_600_unknown_rule,ZY15,2,第2年,balance_sheet,所有者权益合计,523.0,src_4d43a1bf1514,origin data/VPD-OE_Agent_20260709/VPD-OE_Agent/data/raw/ZY/ZY15.xls,三张报表,E49,49
historical_600_unknown_rule,ZY15,3,第3年,balance_sheet,所有者权益合计,547.0,src_4d43a1bf1514,origin data/VPD-OE_Agent_20260709/VPD-OE_Agent/data/raw/ZY/ZY15.xls,三张报表,F49,49
historical_600_unknown_rule,ZY15,4,第4年,balance_sheet,所有者权益合计,766.0,src_4d43a1bf1514,origin data/VPD-OE_Agent_20260709/VPD-OE_Agent/data/raw/ZY/ZY15.xls,三张报表,G49,49
historical_600_unknown_rule,ZY15,5,第5年,balance_sheet,所有者权益合计,1021.0,src_4d43a1bf1514,origin data/VPD-OE_Agent_20260709/VPD-OE_Agent/data/raw/ZY/ZY15.xls,三张报表,H49,49
historical_600_unknown_rule,ZY15,0,初始元年,balance_sheet,负债和所有者权益总计,600.0,src_4d43a1bf1514,origin data/VPD-OE_Agent_20260709/VPD-OE_Agent/data/raw/ZY/ZY15.xls,三张报表,C50,50
historical_600_unknown_rule,ZY15,1,第1年,balance_sheet,负债和所有者权益总计,410.0,src_4d43a1bf1514,origin data/VPD-OE_Agent_20260709/VPD-OE_Agent/data/raw/ZY/ZY15.xls,三张报表,D50,50
historical_600_unknown_rule,ZY15,2,第2年,balance_sheet,负债和所有者权益总计,1747.0,src_4d43a1bf1514,origin data/VPD-OE_Agent_20260709/VPD-OE_Agent/data/raw/ZY/ZY15.xls,三张报表,E50,50
historical_600_unknown_rule,ZY15,3,第3年,balance_sheet,负债和所有者权益总计,1799.0,src_4d43a1bf1514,origin data/VPD-OE_Agent_20260709/VPD-OE_Agent/data/raw/ZY/ZY15.xls,三张报表,F50,50
historical_600_unknown_rule,ZY15,4,第4年,balance_sheet,负债和所有者权益总计,2045.0,src_4d43a1bf1514,origin data/VPD-OE_Agent_20260709/VPD-OE_Agent/data/raw/ZY/ZY15.xls,三张报表,G50,50
historical_600_unknown_rule,ZY15,5,第5年,balance_sheet,负债和所有者权益总计,2418.0,src_4d43a1bf1514,origin data/VPD-OE_Agent_20260709/VPD-OE_Agent/data/raw/ZY/ZY15.xls,三张报表,H50,50
historical_600_unknown_rule,ZY16,0,初始元年,comprehensive_expense,管理费,0.0,src_2f4d529bc792,origin data/VPD-OE_Agent_20260709/VPD-OE_Agent/data/raw/ZY/ZY16.xls,三张报表,C3,3
historical_600_unknown_rule,ZY16,1,第1年,comprehensive_expense,管理费,40.0,src_2f4d529bc792,origin data/VPD-OE_Agent_20260709/VPD-OE_Agent/data/raw/ZY/ZY16.xls,三张报表,D3,3
historical_600_unknown_rule,ZY16,2,第2年,comprehensive_expense,管理费,40.0,src_2f4d529bc792,origin data/VPD-OE_Agent_20260709/VPD-OE_Agent/data/raw/ZY/ZY16.xls,三张报表,E3,3
historical_600_unknown_rule,ZY16,3,第3年,comprehensive_expense,管理费,40.0,src_2f4d529bc792,origin data/VPD-OE_Agent_20260709/VPD-OE_Agent/data/raw/ZY/ZY16.xls,三张报表,F3,3
historical_600_unknown_rule,ZY16,4,第4年,comprehensive_expense,管理费,40.0,src_2f4d529bc792,origin data/VPD-OE_Agent_20260709/VPD-OE_Agent/data/raw/ZY/ZY16.xls,三张报表,G3,3
historical_600_unknown_rule,ZY16,5,第5年,comprehensive_expense,管理费,40.0,src_2f4d529bc792,origin data/VPD-OE_Agent_20260709/VPD-OE_Agent/data/raw/ZY/ZY16.xls,三张报表,H3,3
historical_600_unknown_rule,ZY16,0,初始元年,comprehensive_expense,广告费,0.0,src_2f4d529bc792,origin data/VPD-OE_Agent_20260709/VPD-OE_Agent/data/raw/ZY/ZY16.xls,三张报表,C4,4
historical_600_unknown_rule,ZY16,1,第1年,comprehensive_expense,广告费,0.0,src_2f4d529bc792,origin data/VPD-OE_Agent_20260709/VPD-OE_Agent/data/raw/ZY/ZY16.xls,三张报表,D4,4
historical_600_unknown_rule,ZY16,2,第2年,comprehensive_expense,广告费,56.0,src_2f4d529bc792,origin data/VPD-OE_Agent_20260709/VPD-OE_Agent/data/raw/ZY/ZY16.xls,三张报表,E4,4
historical_600_unknown_rule,ZY16,3,第3年,comprehensive_expense,广告费,64.0,src_2f4d529bc792,origin data/VPD-OE_Agent_20260709/VPD-OE_Agent/data/raw/ZY/ZY16.xls,三张报表,F4,4
historical_600_unknown_rule,ZY16,4,第4年,comprehensive_expense,广告费,92.0,src_2f4d529bc792,origin data/VPD-OE_Agent_20260709/VPD-OE_Agent/data/raw/ZY/ZY16.xls,三张报表,G4,4
historical_600_unknown_rule,ZY16,5,第5年,comprehensive_expense,广告费,63.0,src_2f4d529bc792,origin data/VPD-OE_Agent_20260709/VPD-OE_Agent/data/raw/ZY/ZY16.xls,三张报表,H4,4
historical_600_unknown_rule,ZY16,0,初始元年,comprehensive_expense,维护费,0.0,src_2f4d529bc792,origin data/VPD-OE_Agent_20260709/VPD-OE_Agent/data/raw/ZY/ZY16.xls,三张报表,C5,5
historical_600_unknown_rule,ZY16,1,第1年,comprehensive_expense,维护费,0.0,src_2f4d529bc792,origin data/VPD-OE_Agent_20260709/VPD-OE_Agent/data/raw/ZY/ZY16.xls,三张报表,D5,5
historical_600_unknown_rule,ZY16,2,第2年,comprehensive_expense,维护费,30.0,src_2f4d529bc792,origin data/VPD-OE_Agent_20260709/VPD-OE_Agent/data/raw/ZY/ZY16.xls,三张报表,E5,5
historical_600_unknown_rule,ZY16,3,第3年,comprehensive_expense,维护费,30.0,src_2f4d529bc792,origin data/VPD-OE_Agent_20260709/VPD-OE_Agent/data/raw/ZY/ZY16.xls,三张报表,F5,5
historical_600_unknown_rule,ZY16,4,第4年,comprehensive_expense,维护费,40.0,src_2f4d529bc792,origin data/VPD-OE_Agent_20260709/VPD-OE_Agent/data/raw/ZY/ZY16.xls,三张报表,G5,5
historical_600_unknown_rule,ZY16,5,第5年,comprehensive_expense,维护费,40.0,src_2f4d529bc792,origin data/VPD-OE_Agent_20260709/VPD-OE_Agent/data/raw/ZY/ZY16.xls,三张报表,H5,5
historical_600_unknown_rule,ZY16,0,初始元年,comprehensive_expense,损失,0.0,src_2f4d529bc792,origin data/VPD-OE_Agent_20260709/VPD-OE_Agent/data/raw/ZY/ZY16.xls,三张报表,C6,6
historical_600_unknown_rule,ZY16,1,第1年,comprehensive_expense,损失,0.0,src_2f4d529bc792,origin data/VPD-OE_Agent_20260709/VPD-OE_Agent/data/raw/ZY/ZY16.xls,三张报表,D6,6
historical_600_unknown_rule,ZY16,2,第2年,comprehensive_expense,损失,0.0,src_2f4d529bc792,origin data/VPD-OE_Agent_20260709/VPD-OE_Agent/data/raw/ZY/ZY16.xls,三张报表,E6,6
historical_600_unknown_rule,ZY16,3,第3年,comprehensive_expense,损失,0.0,src_2f4d529bc792,origin data/VPD-OE_Agent_20260709/VPD-OE_Agent/data/raw/ZY/ZY16.xls,三张报表,F6,6
historical_600_unknown_rule,ZY16,4,第4年,comprehensive_expense,损失,0.0,src_2f4d529bc792,origin data/VPD-OE_Agent_20260709/VPD-OE_Agent/data/raw/ZY/ZY16.xls,三张报表,G6,6
historical_600_unknown_rule,ZY16,5,第5年,comprehensive_expense,损失,180.0,src_2f4d529bc792,origin data/VPD-OE_Agent_20260709/VPD-OE_Agent/data/raw/ZY/ZY16.xls,三张报表,H6,6
historical_600_unknown_rule,ZY16,0,初始元年,comprehensive_expense,转产费,0.0,src_2f4d529bc792,origin data/VPD-OE_Agent_20260709/VPD-OE_Agent/data/raw/ZY/ZY16.xls,三张报表,C7,7
historical_600_unknown_rule,ZY16,1,第1年,comprehensive_expense,转产费,0.0,src_2f4d529bc792,origin data/VPD-OE_Agent_20260709/VPD-OE_Agent/data/raw/ZY/ZY16.xls,三张报表,D7,7
historical_600_unknown_rule,ZY16,2,第2年,comprehensive_expense,转产费,0.0,src_2f4d529bc792,origin data/VPD-OE_Agent_20260709/VPD-OE_Agent/data/raw/ZY/ZY16.xls,三张报表,E7,7
historical_600_unknown_rule,ZY16,3,第3年,comprehensive_expense,转产费,0.0,src_2f4d529bc792,origin data/VPD-OE_Agent_20260709/VPD-OE_Agent/data/raw/ZY/ZY16.xls,三张报表,F7,7
historical_600_unknown_rule,ZY16,4,第4年,comprehensive_expense,转产费,0.0,src_2f4d529bc792,origin data/VPD-OE_Agent_20260709/VPD-OE_Agent/data/raw/ZY/ZY16.xls,三张报表,G7,7
historical_600_unknown_rule,ZY16,5,第5年,comprehensive_expense,转产费,0.0,src_2f4d529bc792,origin data/VPD-OE_Agent_20260709/VPD-OE_Agent/data/raw/ZY/ZY16.xls,三张报表,H7,7
historical_600_unknown_rule,ZY16,0,初始元年,comprehensive_expense,租金,0.0,src_2f4d529bc792,origin data/VPD-OE_Agent_20260709/VPD-OE_Agent/data/raw/ZY/ZY16.xls,三张报表,C8,8
historical_600_unknown_rule,ZY16,1,第1年,comprehensive_expense,租金,40.0,src_2f4d529bc792,origin data/VPD-OE_Agent_20260709/VPD-OE_Agent/data/raw/ZY/ZY16.xls,三张报表,D8,8
historical_600_unknown_rule,ZY16,2,第2年,comprehensive_expense,租金,40.0,src_2f4d529bc792,origin data/VPD-OE_Agent_20260709/VPD-OE_Agent/data/raw/ZY/ZY16.xls,三张报表,E8,8
historical_600_unknown_rule,ZY16,3,第3年,comprehensive_expense,租金,40.0,src_2f4d529bc792,origin data/VPD-OE_Agent_20260709/VPD-OE_Agent/data/raw/ZY/ZY16.xls,三张报表,F8,8
historical_600_unknown_rule,ZY16,4,第4年,comprehensive_expense,租金,40.0,src_2f4d529bc792,origin data/VPD-OE_Agent_20260709/VPD-OE_Agent/data/raw/ZY/ZY16.xls,三张报表,G8,8
historical_600_unknown_rule,ZY16,5,第5年,comprehensive_expense,租金,0.0,src_2f4d529bc792,origin data/VPD-OE_Agent_20260709/VPD-OE_Agent/data/raw/ZY/ZY16.xls,三张报表,H8,8
historical_600_unknown_rule,ZY16,0,初始元年,comprehensive_expense,市场开拓费,0.0,src_2f4d529bc792,origin data/VPD-OE_Agent_20260709/VPD-OE_Agent/data/raw/ZY/ZY16.xls,三张报表,C9,9
historical_600_unknown_rule,ZY16,1,第1年,comprehensive_expense,市场开拓费,50.0,src_2f4d529bc792,origin data/VPD-OE_Agent_20260709/VPD-OE_Agent/data/raw/ZY/ZY16.xls,三张报表,D9,9
historical_600_unknown_rule,ZY16,2,第2年,comprehensive_expense,市场开拓费,30.0,src_2f4d529bc792,origin data/VPD-OE_Agent_20260709/VPD-OE_Agent/data/raw/ZY/ZY16.xls,三张报表,E9,9
historical_600_unknown_rule,ZY16,3,第3年,comprehensive_expense,市场开拓费,20.0,src_2f4d529bc792,origin data/VPD-OE_Agent_20260709/VPD-OE_Agent/data/raw/ZY/ZY16.xls,三张报表,F9,9
historical_600_unknown_rule,ZY16,4,第4年,comprehensive_expense,市场开拓费,10.0,src_2f4d529bc792,origin data/VPD-OE_Agent_20260709/VPD-OE_Agent/data/raw/ZY/ZY16.xls,三张报表,G9,9
historical_600_unknown_rule,ZY16,5,第5年,comprehensive_expense,市场开拓费,0.0,src_2f4d529bc792,origin data/VPD-OE_Agent_20260709/VPD-OE_Agent/data/raw/ZY/ZY16.xls,三张报表,H9,9
historical_600_unknown_rule,ZY16,0,初始元年,comprehensive_expense,产品研发费,0.0,src_2f4d529bc792,origin data/VPD-OE_Agent_20260709/VPD-OE_Agent/data/raw/ZY/ZY16.xls,三张报表,C10,10
historical_600_unknown_rule,ZY16,1,第1年,comprehensive_expense,产品研发费,30.0,src_2f4d529bc792,origin data/VPD-OE_Agent_20260709/VPD-OE_Agent/data/raw/ZY/ZY16.xls,三张报表,D10,10
historical_600_unknown_rule,ZY16,2,第2年,comprehensive_expense,产品研发费,0.0,src_2f4d529bc792,origin data/VPD-OE_Agent_20260709/VPD-OE_Agent/data/raw/ZY/ZY16.xls,三张报表,E10,10
historical_600_unknown_rule,ZY16,3,第3年,comprehensive_expense,产品研发费,0.0,src_2f4d529bc792,origin data/VPD-OE_Agent_20260709/VPD-OE_Agent/data/raw/ZY/ZY16.xls,三张报表,F10,10
historical_600_unknown_rule,ZY16,4,第4年,comprehensive_expense,产品研发费,0.0,src_2f4d529bc792,origin data/VPD-OE_Agent_20260709/VPD-OE_Agent/data/raw/ZY/ZY16.xls,三张报表,G10,10
historical_600_unknown_rule,ZY16,5,第5年,comprehensive_expense,产品研发费,0.0,src_2f4d529bc792,origin data/VPD-OE_Agent_20260709/VPD-OE_Agent/data/raw/ZY/ZY16.xls,三张报表,H10,10
historical_600_unknown_rule,ZY16,0,初始元年,comprehensive_expense,ISO认证费,0.0,src_2f4d529bc792,origin data/VPD-OE_Agent_20260709/VPD-OE_Agent/data/raw/ZY/ZY16.xls,三张报表,C11,11
historical_600_unknown_rule,ZY16,1,第1年,comprehensive_expense,ISO认证费,30.0,src_2f4d529bc792,origin data/VPD-OE_Agent_20260709/VPD-OE_Agent/data/raw/ZY/ZY16.xls,三张报表,D11,11
historical_600_unknown_rule,ZY16,2,第2年,comprehensive_expense,ISO认证费,30.0,src_2f4d529bc792,origin data/VPD-OE_Agent_20260709/VPD-OE_Agent/data/raw/ZY/ZY16.xls,三张报表,E11,11
historical_600_unknown_rule,ZY16,3,第3年,comprehensive_expense,ISO认证费,0.0,src_2f4d529bc792,origin data/VPD-OE_Agent_20260709/VPD-OE_Agent/data/raw/ZY/ZY16.xls,三张报表,F11,11
historical_600_unknown_rule,ZY16,4,第4年,comprehensive_expense,ISO认证费,0.0,src_2f4d529bc792,origin data/VPD-OE_Agent_20260709/VPD-OE_Agent/data/raw/ZY/ZY16.xls,三张报表,G11,11
historical_600_unknown_rule,ZY16,5,第5年,comprehensive_expense,ISO认证费,0.0,src_2f4d529bc792,origin data/VPD-OE_Agent_20260709/VPD-OE_Agent/data/raw/ZY/ZY16.xls,三张报表,H11,11
historical_600_unknown_rule,ZY16,0,初始元年,comprehensive_expense,信息费,0.0,src_2f4d529bc792,origin data/VPD-OE_Agent_20260709/VPD-OE_Agent/data/raw/ZY/ZY16.xls,三张报表,C12,12
historical_600_unknown_rule,ZY16,1,第1年,comprehensive_expense,信息费,0.0,src_2f4d529bc792,origin data/VPD-OE_Agent_20260709/VPD-OE_Agent/data/raw/ZY/ZY16.xls,三张报表,D12,12
historical_600_unknown_rule,ZY16,2,第2年,comprehensive_expense,信息费,0.0,src_2f4d529bc792,origin data/VPD-OE_Agent_20260709/VPD-OE_Agent/data/raw/ZY/ZY16.xls,三张报表,E12,12
historical_600_unknown_rule,ZY16,3,第3年,comprehensive_expense,信息费,0.0,src_2f4d529bc792,origin data/VPD-OE_Agent_20260709/VPD-OE_Agent/data/raw/ZY/ZY16.xls,三张报表,F12,12
historical_600_unknown_rule,ZY16,4,第4年,comprehensive_expense,信息费,0.0,src_2f4d529bc792,origin data/VPD-OE_Agent_20260709/VPD-OE_Agent/data/raw/ZY/ZY16.xls,三张报表,G12,12
historical_600_unknown_rule,ZY16,5,第5年,comprehensive_expense,信息费,0.0,src_2f4d529bc792,origin data/VPD-OE_Agent_20260709/VPD-OE_Agent/data/raw/ZY/ZY16.xls,三张报表,H12,12
historical_600_unknown_rule,ZY16,0,初始元年,comprehensive_expense,合计,0.0,src_2f4d529bc792,origin data/VPD-OE_Agent_20260709/VPD-OE_Agent/data/raw/ZY/ZY16.xls,三张报表,C13,13
historical_600_unknown_rule,ZY16,1,第1年,comprehensive_expense,合计,190.0,src_2f4d529bc792,origin data/VPD-OE_Agent_20260709/VPD-OE_Agent/data/raw/ZY/ZY16.xls,三张报表,D13,13
historical_600_unknown_rule,ZY16,2,第2年,comprehensive_expense,合计,226.0,src_2f4d529bc792,origin data/VPD-OE_Agent_20260709/VPD-OE_Agent/data/raw/ZY/ZY16.xls,三张报表,E13,13
historical_600_unknown_rule,ZY16,3,第3年,comprehensive_expense,合计,194.0,src_2f4d529bc792,origin data/VPD-OE_Agent_20260709/VPD-OE_Agent/data/raw/ZY/ZY16.xls,三张报表,F13,13
historical_600_unknown_rule,ZY16,4,第4年,comprehensive_expense,合计,222.0,src_2f4d529bc792,origin data/VPD-OE_Agent_20260709/VPD-OE_Agent/data/raw/ZY/ZY16.xls,三张报表,G13,13
historical_600_unknown_rule,ZY16,5,第5年,comprehensive_expense,合计,323.0,src_2f4d529bc792,origin data/VPD-OE_Agent_20260709/VPD-OE_Agent/data/raw/ZY/ZY16.xls,三张报表,H13,13
historical_600_unknown_rule,ZY16,0,初始元年,income_statement,销售收入,0.0,src_2f4d529bc792,origin data/VPD-OE_Agent_20260709/VPD-OE_Agent/data/raw/ZY/ZY16.xls,三张报表,C16,16
historical_600_unknown_rule,ZY16,1,第1年,income_statement,销售收入,0.0,src_2f4d529bc792,origin data/VPD-OE_Agent_20260709/VPD-OE_Agent/data/raw/ZY/ZY16.xls,三张报表,D16,16
historical_600_unknown_rule,ZY16,2,第2年,income_statement,销售收入,373.0,src_2f4d529bc792,origin data/VPD-OE_Agent_20260709/VPD-OE_Agent/data/raw/ZY/ZY16.xls,三张报表,E16,16
historical_600_unknown_rule,ZY16,3,第3年,income_statement,销售收入,757.0,src_2f4d529bc792,origin data/VPD-OE_Agent_20260709/VPD-OE_Agent/data/raw/ZY/ZY16.xls,三张报表,F16,16
historical_600_unknown_rule,ZY16,4,第4年,income_statement,销售收入,1047.0,src_2f4d529bc792,origin data/VPD-OE_Agent_20260709/VPD-OE_Agent/data/raw/ZY/ZY16.xls,三张报表,G16,16
historical_600_unknown_rule,ZY16,5,第5年,income_statement,销售收入,1549.0,src_2f4d529bc792,origin data/VPD-OE_Agent_20260709/VPD-OE_Agent/data/raw/ZY/ZY16.xls,三张报表,H16,16
historical_600_unknown_rule,ZY16,0,初始元年,income_statement,直接成本,0.0,src_2f4d529bc792,origin data/VPD-OE_Agent_20260709/VPD-OE_Agent/data/raw/ZY/ZY16.xls,三张报表,C17,17
historical_600_unknown_rule,ZY16,1,第1年,income_statement,直接成本,0.0,src_2f4d529bc792,origin data/VPD-OE_Agent_20260709/VPD-OE_Agent/data/raw/ZY/ZY16.xls,三张报表,D17,17
historical_600_unknown_rule,ZY16,2,第2年,income_statement,直接成本,180.0,src_2f4d529bc792,origin data/VPD-OE_Agent_20260709/VPD-OE_Agent/data/raw/ZY/ZY16.xls,三张报表,E17,17
historical_600_unknown_rule,ZY16,3,第3年,income_statement,直接成本,360.0,src_2f4d529bc792,origin data/VPD-OE_Agent_20260709/VPD-OE_Agent/data/raw/ZY/ZY16.xls,三张报表,F17,17
historical_600_unknown_rule,ZY16,4,第4年,income_statement,直接成本,480.0,src_2f4d529bc792,origin data/VPD-OE_Agent_20260709/VPD-OE_Agent/data/raw/ZY/ZY16.xls,三张报表,G17,17
historical_600_unknown_rule,ZY16,5,第5年,income_statement,直接成本,630.0,src_2f4d529bc792,origin data/VPD-OE_Agent_20260709/VPD-OE_Agent/data/raw/ZY/ZY16.xls,三张报表,H17,17
historical_600_unknown_rule,ZY16,0,初始元年,income_statement,毛利,0.0,src_2f4d529bc792,origin data/VPD-OE_Agent_20260709/VPD-OE_Agent/data/raw/ZY/ZY16.xls,三张报表,C18,18
historical_600_unknown_rule,ZY16,1,第1年,income_statement,毛利,0.0,src_2f4d529bc792,origin data/VPD-OE_Agent_20260709/VPD-OE_Agent/data/raw/ZY/ZY16.xls,三张报表,D18,18
historical_600_unknown_rule,ZY16,2,第2年,income_statement,毛利,193.0,src_2f4d529bc792,origin data/VPD-OE_Agent_20260709/VPD-OE_Agent/data/raw/ZY/ZY16.xls,三张报表,E18,18
historical_600_unknown_rule,ZY16,3,第3年,income_statement,毛利,397.0,src_2f4d529bc792,origin data/VPD-OE_Agent_20260709/VPD-OE_Agent/data/raw/ZY/ZY16.xls,三张报表,F18,18
historical_600_unknown_rule,ZY16,4,第4年,income_statement,毛利,567.0,src_2f4d529bc792,origin data/VPD-OE_Agent_20260709/VPD-OE_Agent/data/raw/ZY/ZY16.xls,三张报表,G18,18
historical_600_unknown_rule,ZY16,5,第5年,income_statement,毛利,919.0,src_2f4d529bc792,origin data/VPD-OE_Agent_20260709/VPD-OE_Agent/data/raw/ZY/ZY16.xls,三张报表,H18,18
historical_600_unknown_rule,ZY16,0,初始元年,income_statement,综合费用,0.0,src_2f4d529bc792,origin data/VPD-OE_Agent_20260709/VPD-OE_Agent/data/raw/ZY/ZY16.xls,三张报表,C19,19
historical_600_unknown_rule,ZY16,1,第1年,income_statement,综合费用,190.0,src_2f4d529bc792,origin data/VPD-OE_Agent_20260709/VPD-OE_Agent/data/raw/ZY/ZY16.xls,三张报表,D19,19
historical_600_unknown_rule,ZY16,2,第2年,income_statement,综合费用,226.0,src_2f4d529bc792,origin data/VPD-OE_Agent_20260709/VPD-OE_Agent/data/raw/ZY/ZY16.xls,三张报表,E19,19
historical_600_unknown_rule,ZY16,3,第3年,income_statement,综合费用,194.0,src_2f4d529bc792,origin data/VPD-OE_Agent_20260709/VPD-OE_Agent/data/raw/ZY/ZY16.xls,三张报表,F19,19
historical_600_unknown_rule,ZY16,4,第4年,income_statement,综合费用,222.0,src_2f4d529bc792,origin data/VPD-OE_Agent_20260709/VPD-OE_Agent/data/raw/ZY/ZY16.xls,三张报表,G19,19
historical_600_unknown_rule,ZY16,5,第5年,income_statement,综合费用,323.0,src_2f4d529bc792,origin data/VPD-OE_Agent_20260709/VPD-OE_Agent/data/raw/ZY/ZY16.xls,三张报表,H19,19
historical_600_unknown_rule,ZY16,0,初始元年,income_statement,折旧前利润,0.0,src_2f4d529bc792,origin data/VPD-OE_Agent_20260709/VPD-OE_Agent/data/raw/ZY/ZY16.xls,三张报表,C20,20
historical_600_unknown_rule,ZY16,1,第1年,income_statement,折旧前利润,-190.0,src_2f4d529bc792,origin data/VPD-OE_Agent_20260709/VPD-OE_Agent/data/raw/ZY/ZY16.xls,三张报表,D20,20
historical_600_unknown_rule,ZY16,2,第2年,income_statement,折旧前利润,-33.0,src_2f4d529bc792,origin data/VPD-OE_Agent_20260709/VPD-OE_Agent/data/raw/ZY/ZY16.xls,三张报表,E20,20
historical_600_unknown_rule,ZY16,3,第3年,income_statement,折旧前利润,203.0,src_2f4d529bc792,origin data/VPD-OE_Agent_20260709/VPD-OE_Agent/data/raw/ZY/ZY16.xls,三张报表,F20,20
historical_600_unknown_rule,ZY16,4,第4年,income_statement,折旧前利润,345.0,src_2f4d529bc792,origin data/VPD-OE_Agent_20260709/VPD-OE_Agent/data/raw/ZY/ZY16.xls,三张报表,G20,20
historical_600_unknown_rule,ZY16,5,第5年,income_statement,折旧前利润,596.0,src_2f4d529bc792,origin data/VPD-OE_Agent_20260709/VPD-OE_Agent/data/raw/ZY/ZY16.xls,三张报表,H20,20
historical_600_unknown_rule,ZY16,0,初始元年,income_statement,折旧,0.0,src_2f4d529bc792,origin data/VPD-OE_Agent_20260709/VPD-OE_Agent/data/raw/ZY/ZY16.xls,三张报表,C21,21
historical_600_unknown_rule,ZY16,1,第1年,income_statement,折旧,0.0,src_2f4d529bc792,origin data/VPD-OE_Agent_20260709/VPD-OE_Agent/data/raw/ZY/ZY16.xls,三张报表,D21,21
historical_600_unknown_rule,ZY16,2,第2年,income_statement,折旧,0.0,src_2f4d529bc792,origin data/VPD-OE_Agent_20260709/VPD-OE_Agent/data/raw/ZY/ZY16.xls,三张报表,E21,21
historical_600_unknown_rule,ZY16,3,第3年,income_statement,折旧,90.0,src_2f4d529bc792,origin data/VPD-OE_Agent_20260709/VPD-OE_Agent/data/raw/ZY/ZY16.xls,三张报表,F21,21
historical_600_unknown_rule,ZY16,4,第4年,income_statement,折旧,90.0,src_2f4d529bc792,origin data/VPD-OE_Agent_20260709/VPD-OE_Agent/data/raw/ZY/ZY16.xls,三张报表,G21,21
historical_600_unknown_rule,ZY16,5,第5年,income_statement,折旧,120.0,src_2f4d529bc792,origin data/VPD-OE_Agent_20260709/VPD-OE_Agent/data/raw/ZY/ZY16.xls,三张报表,H21,21
historical_600_unknown_rule,ZY16,0,初始元年,income_statement,支付利息前利润,0.0,src_2f4d529bc792,origin data/VPD-OE_Agent_20260709/VPD-OE_Agent/data/raw/ZY/ZY16.xls,三张报表,C22,22
historical_600_unknown_rule,ZY16,1,第1年,income_statement,支付利息前利润,-190.0,src_2f4d529bc792,origin data/VPD-OE_Agent_20260709/VPD-OE_Agent/data/raw/ZY/ZY16.xls,三张报表,D22,22
historical_600_unknown_rule,ZY16,2,第2年,income_statement,支付利息前利润,-33.0,src_2f4d529bc792,origin data/VPD-OE_Agent_20260709/VPD-OE_Agent/data/raw/ZY/ZY16.xls,三张报表,E22,22
historical_600_unknown_rule,ZY16,3,第3年,income_statement,支付利息前利润,113.0,src_2f4d529bc792,origin data/VPD-OE_Agent_20260709/VPD-OE_Agent/data/raw/ZY/ZY16.xls,三张报表,F22,22
historical_600_unknown_rule,ZY16,4,第4年,income_statement,支付利息前利润,255.0,src_2f4d529bc792,origin data/VPD-OE_Agent_20260709/VPD-OE_Agent/data/raw/ZY/ZY16.xls,三张报表,G22,22
historical_600_unknown_rule,ZY16,5,第5年,income_statement,支付利息前利润,476.0,src_2f4d529bc792,origin data/VPD-OE_Agent_20260709/VPD-OE_Agent/data/raw/ZY/ZY16.xls,三张报表,H22,22
historical_600_unknown_rule,ZY16,0,初始元年,income_statement,财务费用,0.0,src_2f4d529bc792,origin data/VPD-OE_Agent_20260709/VPD-OE_Agent/data/raw/ZY/ZY16.xls,三张报表,C23,23
historical_600_unknown_rule,ZY16,1,第1年,income_statement,财务费用,0.0,src_2f4d529bc792,origin data/VPD-OE_Agent_20260709/VPD-OE_Agent/data/raw/ZY/ZY16.xls,三张报表,D23,23
historical_600_unknown_rule,ZY16,2,第2年,income_statement,财务费用,10.0,src_2f4d529bc792,origin data/VPD-OE_Agent_20260709/VPD-OE_Agent/data/raw/ZY/ZY16.xls,三张报表,E23,23
historical_600_unknown_rule,ZY16,3,第3年,income_statement,财务费用,63.0,src_2f4d529bc792,origin data/VPD-OE_Agent_20260709/VPD-OE_Agent/data/raw/ZY/ZY16.xls,三张报表,F23,23
historical_600_unknown_rule,ZY16,4,第4年,income_statement,财务费用,63.0,src_2f4d529bc792,origin data/VPD-OE_Agent_20260709/VPD-OE_Agent/data/raw/ZY/ZY16.xls,三张报表,G23,23
historical_600_unknown_rule,ZY16,5,第5年,income_statement,财务费用,63.0,src_2f4d529bc792,origin data/VPD-OE_Agent_20260709/VPD-OE_Agent/data/raw/ZY/ZY16.xls,三张报表,H23,23
historical_600_unknown_rule,ZY16,0,初始元年,income_statement,税前利润,0.0,src_2f4d529bc792,origin data/VPD-OE_Agent_20260709/VPD-OE_Agent/data/raw/ZY/ZY16.xls,三张报表,C24,24
historical_600_unknown_rule,ZY16,1,第1年,income_statement,税前利润,-190.0,src_2f4d529bc792,origin data/VPD-OE_Agent_20260709/VPD-OE_Agent/data/raw/ZY/ZY16.xls,三张报表,D24,24
historical_600_unknown_rule,ZY16,2,第2年,income_statement,税前利润,-43.0,src_2f4d529bc792,origin data/VPD-OE_Agent_20260709/VPD-OE_Agent/data/raw/ZY/ZY16.xls,三张报表,E24,24
historical_600_unknown_rule,ZY16,3,第3年,income_statement,税前利润,50.0,src_2f4d529bc792,origin data/VPD-OE_Agent_20260709/VPD-OE_Agent/data/raw/ZY/ZY16.xls,三张报表,F24,24
historical_600_unknown_rule,ZY16,4,第4年,income_statement,税前利润,192.0,src_2f4d529bc792,origin data/VPD-OE_Agent_20260709/VPD-OE_Agent/data/raw/ZY/ZY16.xls,三张报表,G24,24
historical_600_unknown_rule,ZY16,5,第5年,income_statement,税前利润,413.0,src_2f4d529bc792,origin data/VPD-OE_Agent_20260709/VPD-OE_Agent/data/raw/ZY/ZY16.xls,三张报表,H24,24
historical_600_unknown_rule,ZY16,0,初始元年,income_statement,所得税,0.0,src_2f4d529bc792,origin data/VPD-OE_Agent_20260709/VPD-OE_Agent/data/raw/ZY/ZY16.xls,三张报表,C25,25
historical_600_unknown_rule,ZY16,1,第1年,income_statement,所得税,0.0,src_2f4d529bc792,origin data/VPD-OE_Agent_20260709/VPD-OE_Agent/data/raw/ZY/ZY16.xls,三张报表,D25,25
historical_600_unknown_rule,ZY16,2,第2年,income_statement,所得税,0.0,src_2f4d529bc792,origin data/VPD-OE_Agent_20260709/VPD-OE_Agent/data/raw/ZY/ZY16.xls,三张报表,E25,25
historical_600_unknown_rule,ZY16,3,第3年,income_statement,所得税,0.0,src_2f4d529bc792,origin data/VPD-OE_Agent_20260709/VPD-OE_Agent/data/raw/ZY/ZY16.xls,三张报表,F25,25
historical_600_unknown_rule,ZY16,4,第4年,income_statement,所得税,2.0,src_2f4d529bc792,origin data/VPD-OE_Agent_20260709/VPD-OE_Agent/data/raw/ZY/ZY16.xls,三张报表,G25,25
historical_600_unknown_rule,ZY16,5,第5年,income_statement,所得税,103.0,src_2f4d529bc792,origin data/VPD-OE_Agent_20260709/VPD-OE_Agent/data/raw/ZY/ZY16.xls,三张报表,H25,25
historical_600_unknown_rule,ZY16,0,初始元年,income_statement,年度净利润,0.0,src_2f4d529bc792,origin data/VPD-OE_Agent_20260709/VPD-OE_Agent/data/raw/ZY/ZY16.xls,三张报表,C26,26
historical_600_unknown_rule,ZY16,1,第1年,income_statement,年度净利润,-190.0,src_2f4d529bc792,origin data/VPD-OE_Agent_20260709/VPD-OE_Agent/data/raw/ZY/ZY16.xls,三张报表,D26,26
historical_600_unknown_rule,ZY16,2,第2年,income_statement,年度净利润,-43.0,src_2f4d529bc792,origin data/VPD-OE_Agent_20260709/VPD-OE_Agent/data/raw/ZY/ZY16.xls,三张报表,E26,26
historical_600_unknown_rule,ZY16,3,第3年,income_statement,年度净利润,50.0,src_2f4d529bc792,origin data/VPD-OE_Agent_20260709/VPD-OE_Agent/data/raw/ZY/ZY16.xls,三张报表,F26,26
historical_600_unknown_rule,ZY16,4,第4年,income_statement,年度净利润,190.0,src_2f4d529bc792,origin data/VPD-OE_Agent_20260709/VPD-OE_Agent/data/raw/ZY/ZY16.xls,三张报表,G26,26
historical_600_unknown_rule,ZY16,5,第5年,income_statement,年度净利润,310.0,src_2f4d529bc792,origin data/VPD-OE_Agent_20260709/VPD-OE_Agent/data/raw/ZY/ZY16.xls,三张报表,H26,26
historical_600_unknown_rule,ZY16,0,初始元年,balance_sheet,现金,600.0,src_2f4d529bc792,origin data/VPD-OE_Agent_20260709/VPD-OE_Agent/data/raw/ZY/ZY16.xls,三张报表,C30,30
historical_600_unknown_rule,ZY16,1,第1年,balance_sheet,现金,169.0,src_2f4d529bc792,origin data/VPD-OE_Agent_20260709/VPD-OE_Agent/data/raw/ZY/ZY16.xls,三张报表,D30,30
historical_600_unknown_rule,ZY16,2,第2年,balance_sheet,现金,554.0,src_2f4d529bc792,origin data/VPD-OE_Agent_20260709/VPD-OE_Agent/data/raw/ZY/ZY16.xls,三张报表,E30,30
historical_600_unknown_rule,ZY16,3,第3年,balance_sheet,现金,797.0,src_2f4d529bc792,origin data/VPD-OE_Agent_20260709/VPD-OE_Agent/data/raw/ZY/ZY16.xls,三张报表,F30,30
historical_600_unknown_rule,ZY16,4,第4年,balance_sheet,现金,768.0,src_2f4d529bc792,origin data/VPD-OE_Agent_20260709/VPD-OE_Agent/data/raw/ZY/ZY16.xls,三张报表,G30,30
historical_600_unknown_rule,ZY16,5,第5年,balance_sheet,现金,1300.0,src_2f4d529bc792,origin data/VPD-OE_Agent_20260709/VPD-OE_Agent/data/raw/ZY/ZY16.xls,三张报表,H30,30
historical_600_unknown_rule,ZY16,0,初始元年,balance_sheet,应收款,0.0,src_2f4d529bc792,origin data/VPD-OE_Agent_20260709/VPD-OE_Agent/data/raw/ZY/ZY16.xls,三张报表,C31,31
historical_600_unknown_rule,ZY16,1,第1年,balance_sheet,应收款,0.0,src_2f4d529bc792,origin data/VPD-OE_Agent_20260709/VPD-OE_Agent/data/raw/ZY/ZY16.xls,三张报表,D31,31
historical_600_unknown_rule,ZY16,2,第2年,balance_sheet,应收款,253.0,src_2f4d529bc792,origin data/VPD-OE_Agent_20260709/VPD-OE_Agent/data/raw/ZY/ZY16.xls,三张报表,E31,31
historical_600_unknown_rule,ZY16,3,第3年,balance_sheet,应收款,0.0,src_2f4d529bc792,origin data/VPD-OE_Agent_20260709/VPD-OE_Agent/data/raw/ZY/ZY16.xls,三张报表,F31,31
historical_600_unknown_rule,ZY16,4,第4年,balance_sheet,应收款,311.0,src_2f4d529bc792,origin data/VPD-OE_Agent_20260709/VPD-OE_Agent/data/raw/ZY/ZY16.xls,三张报表,G31,31
historical_600_unknown_rule,ZY16,5,第5年,balance_sheet,应收款,821.0,src_2f4d529bc792,origin data/VPD-OE_Agent_20260709/VPD-OE_Agent/data/raw/ZY/ZY16.xls,三张报表,H31,31
historical_600_unknown_rule,ZY16,0,初始元年,balance_sheet,在制品,0.0,src_2f4d529bc792,origin data/VPD-OE_Agent_20260709/VPD-OE_Agent/data/raw/ZY/ZY16.xls,三张报表,C32,32
historical_600_unknown_rule,ZY16,1,第1年,balance_sheet,在制品,0.0,src_2f4d529bc792,origin data/VPD-OE_Agent_20260709/VPD-OE_Agent/data/raw/ZY/ZY16.xls,三张报表,D32,32
historical_600_unknown_rule,ZY16,2,第2年,balance_sheet,在制品,90.0,src_2f4d529bc792,origin data/VPD-OE_Agent_20260709/VPD-OE_Agent/data/raw/ZY/ZY16.xls,三张报表,E32,32
historical_600_unknown_rule,ZY16,3,第3年,balance_sheet,在制品,90.0,src_2f4d529bc792,origin data/VPD-OE_Agent_20260709/VPD-OE_Agent/data/raw/ZY/ZY16.xls,三张报表,F32,32
historical_600_unknown_rule,ZY16,4,第4年,balance_sheet,在制品,120.0,src_2f4d529bc792,origin data/VPD-OE_Agent_20260709/VPD-OE_Agent/data/raw/ZY/ZY16.xls,三张报表,G32,32
historical_600_unknown_rule,ZY16,5,第5年,balance_sheet,在制品,120.0,src_2f4d529bc792,origin data/VPD-OE_Agent_20260709/VPD-OE_Agent/data/raw/ZY/ZY16.xls,三张报表,H32,32
historical_600_unknown_rule,ZY16,0,初始元年,balance_sheet,产成品,0.0,src_2f4d529bc792,origin data/VPD-OE_Agent_20260709/VPD-OE_Agent/data/raw/ZY/ZY16.xls,三张报表,C33,33
historical_600_unknown_rule,ZY16,1,第1年,balance_sheet,产成品,0.0,src_2f4d529bc792,origin data/VPD-OE_Agent_20260709/VPD-OE_Agent/data/raw/ZY/ZY16.xls,三张报表,D33,33
historical_600_unknown_rule,ZY16,2,第2年,balance_sheet,产成品,90.0,src_2f4d529bc792,origin data/VPD-OE_Agent_20260709/VPD-OE_Agent/data/raw/ZY/ZY16.xls,三张报表,E33,33
historical_600_unknown_rule,ZY16,3,第3年,balance_sheet,产成品,90.0,src_2f4d529bc792,origin data/VPD-OE_Agent_20260709/VPD-OE_Agent/data/raw/ZY/ZY16.xls,三张报表,F33,33
historical_600_unknown_rule,ZY16,4,第4年,balance_sheet,产成品,60.0,src_2f4d529bc792,origin data/VPD-OE_Agent_20260709/VPD-OE_Agent/data/raw/ZY/ZY16.xls,三张报表,G33,33
historical_600_unknown_rule,ZY16,5,第5年,balance_sheet,产成品,0.0,src_2f4d529bc792,origin data/VPD-OE_Agent_20260709/VPD-OE_Agent/data/raw/ZY/ZY16.xls,三张报表,H33,33
historical_600_unknown_rule,ZY16,0,初始元年,balance_sheet,原料,0.0,src_2f4d529bc792,origin data/VPD-OE_Agent_20260709/VPD-OE_Agent/data/raw/ZY/ZY16.xls,三张报表,C34,34
historical_600_unknown_rule,ZY16,1,第1年,balance_sheet,原料,0.0,src_2f4d529bc792,origin data/VPD-OE_Agent_20260709/VPD-OE_Agent/data/raw/ZY/ZY16.xls,三张报表,D34,34
historical_600_unknown_rule,ZY16,2,第2年,balance_sheet,原料,0.0,src_2f4d529bc792,origin data/VPD-OE_Agent_20260709/VPD-OE_Agent/data/raw/ZY/ZY16.xls,三张报表,E34,34
historical_600_unknown_rule,ZY16,3,第3年,balance_sheet,原料,0.0,src_2f4d529bc792,origin data/VPD-OE_Agent_20260709/VPD-OE_Agent/data/raw/ZY/ZY16.xls,三张报表,F34,34
historical_600_unknown_rule,ZY16,4,第4年,balance_sheet,原料,0.0,src_2f4d529bc792,origin data/VPD-OE_Agent_20260709/VPD-OE_Agent/data/raw/ZY/ZY16.xls,三张报表,G34,34
historical_600_unknown_rule,ZY16,5,第5年,balance_sheet,原料,0.0,src_2f4d529bc792,origin data/VPD-OE_Agent_20260709/VPD-OE_Agent/data/raw/ZY/ZY16.xls,三张报表,H34,34
historical_600_unknown_rule,ZY16,0,初始元年,balance_sheet,流动资产合计,600.0,src_2f4d529bc792,origin data/VPD-OE_Agent_20260709/VPD-OE_Agent/data/raw/ZY/ZY16.xls,三张报表,C35,35
historical_600_unknown_rule,ZY16,1,第1年,balance_sheet,流动资产合计,169.0,src_2f4d529bc792,origin data/VPD-OE_Agent_20260709/VPD-OE_Agent/data/raw/ZY/ZY16.xls,三张报表,D35,35
historical_600_unknown_rule,ZY16,2,第2年,balance_sheet,流动资产合计,987.0,src_2f4d529bc792,origin data/VPD-OE_Agent_20260709/VPD-OE_Agent/data/raw/ZY/ZY16.xls,三张报表,E35,35
historical_600_unknown_rule,ZY16,3,第3年,balance_sheet,流动资产合计,977.0,src_2f4d529bc792,origin data/VPD-OE_Agent_20260709/VPD-OE_Agent/data/raw/ZY/ZY16.xls,三张报表,F35,35
historical_600_unknown_rule,ZY16,4,第4年,balance_sheet,流动资产合计,1259.0,src_2f4d529bc792,origin data/VPD-OE_Agent_20260709/VPD-OE_Agent/data/raw/ZY/ZY16.xls,三张报表,G35,35
historical_600_unknown_rule,ZY16,5,第5年,balance_sheet,流动资产合计,2241.0,src_2f4d529bc792,origin data/VPD-OE_Agent_20260709/VPD-OE_Agent/data/raw/ZY/ZY16.xls,三张报表,H35,35
historical_600_unknown_rule,ZY16,0,初始元年,balance_sheet,厂房,0.0,src_2f4d529bc792,origin data/VPD-OE_Agent_20260709/VPD-OE_Agent/data/raw/ZY/ZY16.xls,三张报表,C36,36
historical_600_unknown_rule,ZY16,1,第1年,balance_sheet,厂房,0.0,src_2f4d529bc792,origin data/VPD-OE_Agent_20260709/VPD-OE_Agent/data/raw/ZY/ZY16.xls,三张报表,D36,36
historical_600_unknown_rule,ZY16,2,第2年,balance_sheet,厂房,0.0,src_2f4d529bc792,origin data/VPD-OE_Agent_20260709/VPD-OE_Agent/data/raw/ZY/ZY16.xls,三张报表,E36,36
historical_600_unknown_rule,ZY16,3,第3年,balance_sheet,厂房,0.0,src_2f4d529bc792,origin data/VPD-OE_Agent_20260709/VPD-OE_Agent/data/raw/ZY/ZY16.xls,三张报表,F36,36
historical_600_unknown_rule,ZY16,4,第4年,balance_sheet,厂房,0.0,src_2f4d529bc792,origin data/VPD-OE_Agent_20260709/VPD-OE_Agent/data/raw/ZY/ZY16.xls,三张报表,G36,36
historical_600_unknown_rule,ZY16,5,第5年,balance_sheet,厂房,300.0,src_2f4d529bc792,origin data/VPD-OE_Agent_20260709/VPD-OE_Agent/data/raw/ZY/ZY16.xls,三张报表,H36,36
historical_600_unknown_rule,ZY16,0,初始元年,balance_sheet,机器设备,0.0,src_2f4d529bc792,origin data/VPD-OE_Agent_20260709/VPD-OE_Agent/data/raw/ZY/ZY16.xls,三张报表,C37,37
historical_600_unknown_rule,ZY16,1,第1年,balance_sheet,机器设备,0.0,src_2f4d529bc792,origin data/VPD-OE_Agent_20260709/VPD-OE_Agent/data/raw/ZY/ZY16.xls,三张报表,D37,37
historical_600_unknown_rule,ZY16,2,第2年,balance_sheet,机器设备,450.0,src_2f4d529bc792,origin data/VPD-OE_Agent_20260709/VPD-OE_Agent/data/raw/ZY/ZY16.xls,三张报表,E37,37
historical_600_unknown_rule,ZY16,3,第3年,balance_sheet,机器设备,360.0,src_2f4d529bc792,origin data/VPD-OE_Agent_20260709/VPD-OE_Agent/data/raw/ZY/ZY16.xls,三张报表,F37,37
historical_600_unknown_rule,ZY16,4,第4年,balance_sheet,机器设备,420.0,src_2f4d529bc792,origin data/VPD-OE_Agent_20260709/VPD-OE_Agent/data/raw/ZY/ZY16.xls,三张报表,G37,37
historical_600_unknown_rule,ZY16,5,第5年,balance_sheet,机器设备,300.0,src_2f4d529bc792,origin data/VPD-OE_Agent_20260709/VPD-OE_Agent/data/raw/ZY/ZY16.xls,三张报表,H37,37
historical_600_unknown_rule,ZY16,0,初始元年,balance_sheet,在建工程,0.0,src_2f4d529bc792,origin data/VPD-OE_Agent_20260709/VPD-OE_Agent/data/raw/ZY/ZY16.xls,三张报表,C38,38
historical_600_unknown_rule,ZY16,1,第1年,balance_sheet,在建工程,450.0,src_2f4d529bc792,origin data/VPD-OE_Agent_20260709/VPD-OE_Agent/data/raw/ZY/ZY16.xls,三张报表,D38,38
historical_600_unknown_rule,ZY16,2,第2年,balance_sheet,在建工程,0.0,src_2f4d529bc792,origin data/VPD-OE_Agent_20260709/VPD-OE_Agent/data/raw/ZY/ZY16.xls,三张报表,E38,38
historical_600_unknown_rule,ZY16,3,第3年,balance_sheet,在建工程,150.0,src_2f4d529bc792,origin data/VPD-OE_Agent_20260709/VPD-OE_Agent/data/raw/ZY/ZY16.xls,三张报表,F38,38
historical_600_unknown_rule,ZY16,4,第4年,balance_sheet,在建工程,0.0,src_2f4d529bc792,origin data/VPD-OE_Agent_20260709/VPD-OE_Agent/data/raw/ZY/ZY16.xls,三张报表,G38,38
historical_600_unknown_rule,ZY16,5,第5年,balance_sheet,在建工程,0.0,src_2f4d529bc792,origin data/VPD-OE_Agent_20260709/VPD-OE_Agent/data/raw/ZY/ZY16.xls,三张报表,H38,38
historical_600_unknown_rule,ZY16,0,初始元年,balance_sheet,固定资产合计,0.0,src_2f4d529bc792,origin data/VPD-OE_Agent_20260709/VPD-OE_Agent/data/raw/ZY/ZY16.xls,三张报表,C39,39
historical_600_unknown_rule,ZY16,1,第1年,balance_sheet,固定资产合计,450.0,src_2f4d529bc792,origin data/VPD-OE_Agent_20260709/VPD-OE_Agent/data/raw/ZY/ZY16.xls,三张报表,D39,39
historical_600_unknown_rule,ZY16,2,第2年,balance_sheet,固定资产合计,450.0,src_2f4d529bc792,origin data/VPD-OE_Agent_20260709/VPD-OE_Agent/data/raw/ZY/ZY16.xls,三张报表,E39,39
historical_600_unknown_rule,ZY16,3,第3年,balance_sheet,固定资产合计,510.0,src_2f4d529bc792,origin data/VPD-OE_Agent_20260709/VPD-OE_Agent/data/raw/ZY/ZY16.xls,三张报表,F39,39
historical_600_unknown_rule,ZY16,4,第4年,balance_sheet,固定资产合计,420.0,src_2f4d529bc792,origin data/VPD-OE_Agent_20260709/VPD-OE_Agent/data/raw/ZY/ZY16.xls,三张报表,G39,39
historical_600_unknown_rule,ZY16,5,第5年,balance_sheet,固定资产合计,600.0,src_2f4d529bc792,origin data/VPD-OE_Agent_20260709/VPD-OE_Agent/data/raw/ZY/ZY16.xls,三张报表,H39,39
historical_600_unknown_rule,ZY16,0,初始元年,balance_sheet,资产总计,600.0,src_2f4d529bc792,origin data/VPD-OE_Agent_20260709/VPD-OE_Agent/data/raw/ZY/ZY16.xls,三张报表,C40,40
historical_600_unknown_rule,ZY16,1,第1年,balance_sheet,资产总计,619.0,src_2f4d529bc792,origin data/VPD-OE_Agent_20260709/VPD-OE_Agent/data/raw/ZY/ZY16.xls,三张报表,D40,40
historical_600_unknown_rule,ZY16,2,第2年,balance_sheet,资产总计,1437.0,src_2f4d529bc792,origin data/VPD-OE_Agent_20260709/VPD-OE_Agent/data/raw/ZY/ZY16.xls,三张报表,E40,40
historical_600_unknown_rule,ZY16,3,第3年,balance_sheet,资产总计,1487.0,src_2f4d529bc792,origin data/VPD-OE_Agent_20260709/VPD-OE_Agent/data/raw/ZY/ZY16.xls,三张报表,F40,40
historical_600_unknown_rule,ZY16,4,第4年,balance_sheet,资产总计,1679.0,src_2f4d529bc792,origin data/VPD-OE_Agent_20260709/VPD-OE_Agent/data/raw/ZY/ZY16.xls,三张报表,G40,40
historical_600_unknown_rule,ZY16,5,第5年,balance_sheet,资产总计,2841.0,src_2f4d529bc792,origin data/VPD-OE_Agent_20260709/VPD-OE_Agent/data/raw/ZY/ZY16.xls,三张报表,H40,40
historical_600_unknown_rule,ZY16,0,初始元年,balance_sheet,长期贷款,0.0,src_2f4d529bc792,origin data/VPD-OE_Agent_20260709/VPD-OE_Agent/data/raw/ZY/ZY16.xls,三张报表,C41,41
historical_600_unknown_rule,ZY16,1,第1年,balance_sheet,长期贷款,0.0,src_2f4d529bc792,origin data/VPD-OE_Agent_20260709/VPD-OE_Agent/data/raw/ZY/ZY16.xls,三张报表,D41,41
historical_600_unknown_rule,ZY16,2,第2年,balance_sheet,长期贷款,234.0,src_2f4d529bc792,origin data/VPD-OE_Agent_20260709/VPD-OE_Agent/data/raw/ZY/ZY16.xls,三张报表,E41,41
historical_600_unknown_rule,ZY16,3,第3年,balance_sheet,长期贷款,234.0,src_2f4d529bc792,origin data/VPD-OE_Agent_20260709/VPD-OE_Agent/data/raw/ZY/ZY16.xls,三张报表,F41,41
historical_600_unknown_rule,ZY16,4,第4年,balance_sheet,长期贷款,234.0,src_2f4d529bc792,origin data/VPD-OE_Agent_20260709/VPD-OE_Agent/data/raw/ZY/ZY16.xls,三张报表,G41,41
historical_600_unknown_rule,ZY16,5,第5年,balance_sheet,长期贷款,985.0,src_2f4d529bc792,origin data/VPD-OE_Agent_20260709/VPD-OE_Agent/data/raw/ZY/ZY16.xls,三张报表,H41,41
historical_600_unknown_rule,ZY16,0,初始元年,balance_sheet,短期贷款,0.0,src_2f4d529bc792,origin data/VPD-OE_Agent_20260709/VPD-OE_Agent/data/raw/ZY/ZY16.xls,三张报表,C42,42
historical_600_unknown_rule,ZY16,1,第1年,balance_sheet,短期贷款,209.0,src_2f4d529bc792,origin data/VPD-OE_Agent_20260709/VPD-OE_Agent/data/raw/ZY/ZY16.xls,三张报表,D42,42
historical_600_unknown_rule,ZY16,2,第2年,balance_sheet,短期贷款,836.0,src_2f4d529bc792,origin data/VPD-OE_Agent_20260709/VPD-OE_Agent/data/raw/ZY/ZY16.xls,三张报表,E42,42
historical_600_unknown_rule,ZY16,3,第3年,balance_sheet,短期贷款,836.0,src_2f4d529bc792,origin data/VPD-OE_Agent_20260709/VPD-OE_Agent/data/raw/ZY/ZY16.xls,三张报表,F42,42
historical_600_unknown_rule,ZY16,4,第4年,balance_sheet,短期贷款,836.0,src_2f4d529bc792,origin data/VPD-OE_Agent_20260709/VPD-OE_Agent/data/raw/ZY/ZY16.xls,三张报表,G42,42
historical_600_unknown_rule,ZY16,5,第5年,balance_sheet,短期贷款,836.0,src_2f4d529bc792,origin data/VPD-OE_Agent_20260709/VPD-OE_Agent/data/raw/ZY/ZY16.xls,三张报表,H42,42
historical_600_unknown_rule,ZY16,0,初始元年,balance_sheet,特别贷款,0.0,src_2f4d529bc792,origin data/VPD-OE_Agent_20260709/VPD-OE_Agent/data/raw/ZY/ZY16.xls,三张报表,C43,43
historical_600_unknown_rule,ZY16,1,第1年,balance_sheet,特别贷款,0.0,src_2f4d529bc792,origin data/VPD-OE_Agent_20260709/VPD-OE_Agent/data/raw/ZY/ZY16.xls,三张报表,D43,43
historical_600_unknown_rule,ZY16,2,第2年,balance_sheet,特别贷款,0.0,src_2f4d529bc792,origin data/VPD-OE_Agent_20260709/VPD-OE_Agent/data/raw/ZY/ZY16.xls,三张报表,E43,43
historical_600_unknown_rule,ZY16,3,第3年,balance_sheet,特别贷款,0.0,src_2f4d529bc792,origin data/VPD-OE_Agent_20260709/VPD-OE_Agent/data/raw/ZY/ZY16.xls,三张报表,F43,43
historical_600_unknown_rule,ZY16,4,第4年,balance_sheet,特别贷款,0.0,src_2f4d529bc792,origin data/VPD-OE_Agent_20260709/VPD-OE_Agent/data/raw/ZY/ZY16.xls,三张报表,G43,43
historical_600_unknown_rule,ZY16,5,第5年,balance_sheet,特别贷款,0.0,src_2f4d529bc792,origin data/VPD-OE_Agent_20260709/VPD-OE_Agent/data/raw/ZY/ZY16.xls,三张报表,H43,43
historical_600_unknown_rule,ZY16,0,初始元年,balance_sheet,所得税,0.0,src_2f4d529bc792,origin data/VPD-OE_Agent_20260709/VPD-OE_Agent/data/raw/ZY/ZY16.xls,三张报表,C44,44
historical_600_unknown_rule,ZY16,1,第1年,balance_sheet,所得税,0.0,src_2f4d529bc792,origin data/VPD-OE_Agent_20260709/VPD-OE_Agent/data/raw/ZY/ZY16.xls,三张报表,D44,44
historical_600_unknown_rule,ZY16,2,第2年,balance_sheet,所得税,0.0,src_2f4d529bc792,origin data/VPD-OE_Agent_20260709/VPD-OE_Agent/data/raw/ZY/ZY16.xls,三张报表,E44,44
historical_600_unknown_rule,ZY16,3,第3年,balance_sheet,所得税,0.0,src_2f4d529bc792,origin data/VPD-OE_Agent_20260709/VPD-OE_Agent/data/raw/ZY/ZY16.xls,三张报表,F44,44
historical_600_unknown_rule,ZY16,4,第4年,balance_sheet,所得税,2.0,src_2f4d529bc792,origin data/VPD-OE_Agent_20260709/VPD-OE_Agent/data/raw/ZY/ZY16.xls,三张报表,G44,44
historical_600_unknown_rule,ZY16,5,第5年,balance_sheet,所得税,103.0,src_2f4d529bc792,origin data/VPD-OE_Agent_20260709/VPD-OE_Agent/data/raw/ZY/ZY16.xls,三张报表,H44,44
historical_600_unknown_rule,ZY16,0,初始元年,balance_sheet,负债合计,0.0,src_2f4d529bc792,origin data/VPD-OE_Agent_20260709/VPD-OE_Agent/data/raw/ZY/ZY16.xls,三张报表,C45,45
historical_600_unknown_rule,ZY16,1,第1年,balance_sheet,负债合计,209.0,src_2f4d529bc792,origin data/VPD-OE_Agent_20260709/VPD-OE_Agent/data/raw/ZY/ZY16.xls,三张报表,D45,45
historical_600_unknown_rule,ZY16,2,第2年,balance_sheet,负债合计,1070.0,src_2f4d529bc792,origin data/VPD-OE_Agent_20260709/VPD-OE_Agent/data/raw/ZY/ZY16.xls,三张报表,E45,45
historical_600_unknown_rule,ZY16,3,第3年,balance_sheet,负债合计,1070.0,src_2f4d529bc792,origin data/VPD-OE_Agent_20260709/VPD-OE_Agent/data/raw/ZY/ZY16.xls,三张报表,F45,45
historical_600_unknown_rule,ZY16,4,第4年,balance_sheet,负债合计,1072.0,src_2f4d529bc792,origin data/VPD-OE_Agent_20260709/VPD-OE_Agent/data/raw/ZY/ZY16.xls,三张报表,G45,45
historical_600_unknown_rule,ZY16,5,第5年,balance_sheet,负债合计,1924.0,src_2f4d529bc792,origin data/VPD-OE_Agent_20260709/VPD-OE_Agent/data/raw/ZY/ZY16.xls,三张报表,H45,45
historical_600_unknown_rule,ZY16,0,初始元年,balance_sheet,股东资本,600.0,src_2f4d529bc792,origin data/VPD-OE_Agent_20260709/VPD-OE_Agent/data/raw/ZY/ZY16.xls,三张报表,C46,46
historical_600_unknown_rule,ZY16,1,第1年,balance_sheet,股东资本,600.0,src_2f4d529bc792,origin data/VPD-OE_Agent_20260709/VPD-OE_Agent/data/raw/ZY/ZY16.xls,三张报表,D46,46
historical_600_unknown_rule,ZY16,2,第2年,balance_sheet,股东资本,600.0,src_2f4d529bc792,origin data/VPD-OE_Agent_20260709/VPD-OE_Agent/data/raw/ZY/ZY16.xls,三张报表,E46,46
historical_600_unknown_rule,ZY16,3,第3年,balance_sheet,股东资本,600.0,src_2f4d529bc792,origin data/VPD-OE_Agent_20260709/VPD-OE_Agent/data/raw/ZY/ZY16.xls,三张报表,F46,46
historical_600_unknown_rule,ZY16,4,第4年,balance_sheet,股东资本,600.0,src_2f4d529bc792,origin data/VPD-OE_Agent_20260709/VPD-OE_Agent/data/raw/ZY/ZY16.xls,三张报表,G46,46
historical_600_unknown_rule,ZY16,5,第5年,balance_sheet,股东资本,600.0,src_2f4d529bc792,origin data/VPD-OE_Agent_20260709/VPD-OE_Agent/data/raw/ZY/ZY16.xls,三张报表,H46,46
historical_600_unknown_rule,ZY16,0,初始元年,balance_sheet,利润留存,0.0,src_2f4d529bc792,origin data/VPD-OE_Agent_20260709/VPD-OE_Agent/data/raw/ZY/ZY16.xls,三张报表,C47,47
historical_600_unknown_rule,ZY16,1,第1年,balance_sheet,利润留存,0.0,src_2f4d529bc792,origin data/VPD-OE_Agent_20260709/VPD-OE_Agent/data/raw/ZY/ZY16.xls,三张报表,D47,47
historical_600_unknown_rule,ZY16,2,第2年,balance_sheet,利润留存,-190.0,src_2f4d529bc792,origin data/VPD-OE_Agent_20260709/VPD-OE_Agent/data/raw/ZY/ZY16.xls,三张报表,E47,47
historical_600_unknown_rule,ZY16,3,第3年,balance_sheet,利润留存,-233.0,src_2f4d529bc792,origin data/VPD-OE_Agent_20260709/VPD-OE_Agent/data/raw/ZY/ZY16.xls,三张报表,F47,47
historical_600_unknown_rule,ZY16,4,第4年,balance_sheet,利润留存,-183.0,src_2f4d529bc792,origin data/VPD-OE_Agent_20260709/VPD-OE_Agent/data/raw/ZY/ZY16.xls,三张报表,G47,47
historical_600_unknown_rule,ZY16,5,第5年,balance_sheet,利润留存,7.0,src_2f4d529bc792,origin data/VPD-OE_Agent_20260709/VPD-OE_Agent/data/raw/ZY/ZY16.xls,三张报表,H47,47
historical_600_unknown_rule,ZY16,0,初始元年,balance_sheet,年度净利,0.0,src_2f4d529bc792,origin data/VPD-OE_Agent_20260709/VPD-OE_Agent/data/raw/ZY/ZY16.xls,三张报表,C48,48
historical_600_unknown_rule,ZY16,1,第1年,balance_sheet,年度净利,-190.0,src_2f4d529bc792,origin data/VPD-OE_Agent_20260709/VPD-OE_Agent/data/raw/ZY/ZY16.xls,三张报表,D48,48
historical_600_unknown_rule,ZY16,2,第2年,balance_sheet,年度净利,-43.0,src_2f4d529bc792,origin data/VPD-OE_Agent_20260709/VPD-OE_Agent/data/raw/ZY/ZY16.xls,三张报表,E48,48
historical_600_unknown_rule,ZY16,3,第3年,balance_sheet,年度净利,50.0,src_2f4d529bc792,origin data/VPD-OE_Agent_20260709/VPD-OE_Agent/data/raw/ZY/ZY16.xls,三张报表,F48,48
historical_600_unknown_rule,ZY16,4,第4年,balance_sheet,年度净利,190.0,src_2f4d529bc792,origin data/VPD-OE_Agent_20260709/VPD-OE_Agent/data/raw/ZY/ZY16.xls,三张报表,G48,48
historical_600_unknown_rule,ZY16,5,第5年,balance_sheet,年度净利,310.0,src_2f4d529bc792,origin data/VPD-OE_Agent_20260709/VPD-OE_Agent/data/raw/ZY/ZY16.xls,三张报表,H48,48
historical_600_unknown_rule,ZY16,0,初始元年,balance_sheet,所有者权益合计,600.0,src_2f4d529bc792,origin data/VPD-OE_Agent_20260709/VPD-OE_Agent/data/raw/ZY/ZY16.xls,三张报表,C49,49
historical_600_unknown_rule,ZY16,1,第1年,balance_sheet,所有者权益合计,410.0,src_2f4d529bc792,origin data/VPD-OE_Agent_20260709/VPD-OE_Agent/data/raw/ZY/ZY16.xls,三张报表,D49,49
historical_600_unknown_rule,ZY16,2,第2年,balance_sheet,所有者权益合计,367.0,src_2f4d529bc792,origin data/VPD-OE_Agent_20260709/VPD-OE_Agent/data/raw/ZY/ZY16.xls,三张报表,E49,49
historical_600_unknown_rule,ZY16,3,第3年,balance_sheet,所有者权益合计,417.0,src_2f4d529bc792,origin data/VPD-OE_Agent_20260709/VPD-OE_Agent/data/raw/ZY/ZY16.xls,三张报表,F49,49
historical_600_unknown_rule,ZY16,4,第4年,balance_sheet,所有者权益合计,607.0,src_2f4d529bc792,origin data/VPD-OE_Agent_20260709/VPD-OE_Agent/data/raw/ZY/ZY16.xls,三张报表,G49,49
historical_600_unknown_rule,ZY16,5,第5年,balance_sheet,所有者权益合计,917.0,src_2f4d529bc792,origin data/VPD-OE_Agent_20260709/VPD-OE_Agent/data/raw/ZY/ZY16.xls,三张报表,H49,49
historical_600_unknown_rule,ZY16,0,初始元年,balance_sheet,负债和所有者权益总计,600.0,src_2f4d529bc792,origin data/VPD-OE_Agent_20260709/VPD-OE_Agent/data/raw/ZY/ZY16.xls,三张报表,C50,50
historical_600_unknown_rule,ZY16,1,第1年,balance_sheet,负债和所有者权益总计,619.0,src_2f4d529bc792,origin data/VPD-OE_Agent_20260709/VPD-OE_Agent/data/raw/ZY/ZY16.xls,三张报表,D50,50
historical_600_unknown_rule,ZY16,2,第2年,balance_sheet,负债和所有者权益总计,1437.0,src_2f4d529bc792,origin data/VPD-OE_Agent_20260709/VPD-OE_Agent/data/raw/ZY/ZY16.xls,三张报表,E50,50
historical_600_unknown_rule,ZY16,3,第3年,balance_sheet,负债和所有者权益总计,1487.0,src_2f4d529bc792,origin data/VPD-OE_Agent_20260709/VPD-OE_Agent/data/raw/ZY/ZY16.xls,三张报表,F50,50
historical_600_unknown_rule,ZY16,4,第4年,balance_sheet,负债和所有者权益总计,1679.0,src_2f4d529bc792,origin data/VPD-OE_Agent_20260709/VPD-OE_Agent/data/raw/ZY/ZY16.xls,三张报表,G50,50
historical_600_unknown_rule,ZY16,5,第5年,balance_sheet,负债和所有者权益总计,2841.0,src_2f4d529bc792,origin data/VPD-OE_Agent_20260709/VPD-OE_Agent/data/raw/ZY/ZY16.xls,三张报表,H50,50
historical_600_unknown_rule,ZY17,0,初始元年,comprehensive_expense,管理费,0.0,src_6d538319baf4,origin data/VPD-OE_Agent_20260709/VPD-OE_Agent/data/raw/ZY/ZY17.xls,三张报表,C3,3
historical_600_unknown_rule,ZY17,1,第1年,comprehensive_expense,管理费,40.0,src_6d538319baf4,origin data/VPD-OE_Agent_20260709/VPD-OE_Agent/data/raw/ZY/ZY17.xls,三张报表,D3,3
historical_600_unknown_rule,ZY17,2,第2年,comprehensive_expense,管理费,40.0,src_6d538319baf4,origin data/VPD-OE_Agent_20260709/VPD-OE_Agent/data/raw/ZY/ZY17.xls,三张报表,E3,3
historical_600_unknown_rule,ZY17,3,第3年,comprehensive_expense,管理费,40.0,src_6d538319baf4,origin data/VPD-OE_Agent_20260709/VPD-OE_Agent/data/raw/ZY/ZY17.xls,三张报表,F3,3
historical_600_unknown_rule,ZY17,4,第4年,comprehensive_expense,管理费,40.0,src_6d538319baf4,origin data/VPD-OE_Agent_20260709/VPD-OE_Agent/data/raw/ZY/ZY17.xls,三张报表,G3,3
historical_600_unknown_rule,ZY17,5,第5年,comprehensive_expense,管理费,40.0,src_6d538319baf4,origin data/VPD-OE_Agent_20260709/VPD-OE_Agent/data/raw/ZY/ZY17.xls,三张报表,H3,3
historical_600_unknown_rule,ZY17,0,初始元年,comprehensive_expense,广告费,0.0,src_6d538319baf4,origin data/VPD-OE_Agent_20260709/VPD-OE_Agent/data/raw/ZY/ZY17.xls,三张报表,C4,4
historical_600_unknown_rule,ZY17,1,第1年,comprehensive_expense,广告费,0.0,src_6d538319baf4,origin data/VPD-OE_Agent_20260709/VPD-OE_Agent/data/raw/ZY/ZY17.xls,三张报表,D4,4
historical_600_unknown_rule,ZY17,2,第2年,comprehensive_expense,广告费,42.0,src_6d538319baf4,origin data/VPD-OE_Agent_20260709/VPD-OE_Agent/data/raw/ZY/ZY17.xls,三张报表,E4,4
historical_600_unknown_rule,ZY17,3,第3年,comprehensive_expense,广告费,43.0,src_6d538319baf4,origin data/VPD-OE_Agent_20260709/VPD-OE_Agent/data/raw/ZY/ZY17.xls,三张报表,F4,4
historical_600_unknown_rule,ZY17,4,第4年,comprehensive_expense,广告费,48.0,src_6d538319baf4,origin data/VPD-OE_Agent_20260709/VPD-OE_Agent/data/raw/ZY/ZY17.xls,三张报表,G4,4
historical_600_unknown_rule,ZY17,5,第5年,comprehensive_expense,广告费,130.0,src_6d538319baf4,origin data/VPD-OE_Agent_20260709/VPD-OE_Agent/data/raw/ZY/ZY17.xls,三张报表,H4,4
historical_600_unknown_rule,ZY17,0,初始元年,comprehensive_expense,维护费,0.0,src_6d538319baf4,origin data/VPD-OE_Agent_20260709/VPD-OE_Agent/data/raw/ZY/ZY17.xls,三张报表,C5,5
historical_600_unknown_rule,ZY17,1,第1年,comprehensive_expense,维护费,0.0,src_6d538319baf4,origin data/VPD-OE_Agent_20260709/VPD-OE_Agent/data/raw/ZY/ZY17.xls,三张报表,D5,5
historical_600_unknown_rule,ZY17,2,第2年,comprehensive_expense,维护费,40.0,src_6d538319baf4,origin data/VPD-OE_Agent_20260709/VPD-OE_Agent/data/raw/ZY/ZY17.xls,三张报表,E5,5
historical_600_unknown_rule,ZY17,3,第3年,comprehensive_expense,维护费,40.0,src_6d538319baf4,origin data/VPD-OE_Agent_20260709/VPD-OE_Agent/data/raw/ZY/ZY17.xls,三张报表,F5,5
historical_600_unknown_rule,ZY17,4,第4年,comprehensive_expense,维护费,50.0,src_6d538319baf4,origin data/VPD-OE_Agent_20260709/VPD-OE_Agent/data/raw/ZY/ZY17.xls,三张报表,G5,5
historical_600_unknown_rule,ZY17,5,第5年,comprehensive_expense,维护费,110.0,src_6d538319baf4,origin data/VPD-OE_Agent_20260709/VPD-OE_Agent/data/raw/ZY/ZY17.xls,三张报表,H5,5
historical_600_unknown_rule,ZY17,0,初始元年,comprehensive_expense,损失,0.0,src_6d538319baf4,origin data/VPD-OE_Agent_20260709/VPD-OE_Agent/data/raw/ZY/ZY17.xls,三张报表,C6,6
historical_600_unknown_rule,ZY17,1,第1年,comprehensive_expense,损失,0.0,src_6d538319baf4,origin data/VPD-OE_Agent_20260709/VPD-OE_Agent/data/raw/ZY/ZY17.xls,三张报表,D6,6
historical_600_unknown_rule,ZY17,2,第2年,comprehensive_expense,损失,0.0,src_6d538319baf4,origin data/VPD-OE_Agent_20260709/VPD-OE_Agent/data/raw/ZY/ZY17.xls,三张报表,E6,6
historical_600_unknown_rule,ZY17,3,第3年,comprehensive_expense,损失,0.0,src_6d538319baf4,origin data/VPD-OE_Agent_20260709/VPD-OE_Agent/data/raw/ZY/ZY17.xls,三张报表,F6,6
historical_600_unknown_rule,ZY17,4,第4年,comprehensive_expense,损失,0.0,src_6d538319baf4,origin data/VPD-OE_Agent_20260709/VPD-OE_Agent/data/raw/ZY/ZY17.xls,三张报表,G6,6
historical_600_unknown_rule,ZY17,5,第5年,comprehensive_expense,损失,0.0,src_6d538319baf4,origin data/VPD-OE_Agent_20260709/VPD-OE_Agent/data/raw/ZY/ZY17.xls,三张报表,H6,6
historical_600_unknown_rule,ZY17,0,初始元年,comprehensive_expense,转产费,0.0,src_6d538319baf4,origin data/VPD-OE_Agent_20260709/VPD-OE_Agent/data/raw/ZY/ZY17.xls,三张报表,C7,7
historical_600_unknown_rule,ZY17,1,第1年,comprehensive_expense,转产费,0.0,src_6d538319baf4,origin data/VPD-OE_Agent_20260709/VPD-OE_Agent/data/raw/ZY/ZY17.xls,三张报表,D7,7
historical_600_unknown_rule,ZY17,2,第2年,comprehensive_expense,转产费,0.0,src_6d538319baf4,origin data/VPD-OE_Agent_20260709/VPD-OE_Agent/data/raw/ZY/ZY17.xls,三张报表,E7,7
historical_600_unknown_rule,ZY17,3,第3年,comprehensive_expense,转产费,0.0,src_6d538319baf4,origin data/VPD-OE_Agent_20260709/VPD-OE_Agent/data/raw/ZY/ZY17.xls,三张报表,F7,7
historical_600_unknown_rule,ZY17,4,第4年,comprehensive_expense,转产费,0.0,src_6d538319baf4,origin data/VPD-OE_Agent_20260709/VPD-OE_Agent/data/raw/ZY/ZY17.xls,三张报表,G7,7
historical_600_unknown_rule,ZY17,5,第5年,comprehensive_expense,转产费,40.0,src_6d538319baf4,origin data/VPD-OE_Agent_20260709/VPD-OE_Agent/data/raw/ZY/ZY17.xls,三张报表,H7,7
historical_600_unknown_rule,ZY17,0,初始元年,comprehensive_expense,租金,0.0,src_6d538319baf4,origin data/VPD-OE_Agent_20260709/VPD-OE_Agent/data/raw/ZY/ZY17.xls,三张报表,C8,8
historical_600_unknown_rule,ZY17,1,第1年,comprehensive_expense,租金,40.0,src_6d538319baf4,origin data/VPD-OE_Agent_20260709/VPD-OE_Agent/data/raw/ZY/ZY17.xls,三张报表,D8,8
historical_600_unknown_rule,ZY17,2,第2年,comprehensive_expense,租金,40.0,src_6d538319baf4,origin data/VPD-OE_Agent_20260709/VPD-OE_Agent/data/raw/ZY/ZY17.xls,三张报表,E8,8
historical_600_unknown_rule,ZY17,3,第3年,comprehensive_expense,租金,70.0,src_6d538319baf4,origin data/VPD-OE_Agent_20260709/VPD-OE_Agent/data/raw/ZY/ZY17.xls,三张报表,F8,8
historical_600_unknown_rule,ZY17,4,第4年,comprehensive_expense,租金,70.0,src_6d538319baf4,origin data/VPD-OE_Agent_20260709/VPD-OE_Agent/data/raw/ZY/ZY17.xls,三张报表,G8,8
historical_600_unknown_rule,ZY17,5,第5年,comprehensive_expense,租金,70.0,src_6d538319baf4,origin data/VPD-OE_Agent_20260709/VPD-OE_Agent/data/raw/ZY/ZY17.xls,三张报表,H8,8
historical_600_unknown_rule,ZY17,0,初始元年,comprehensive_expense,市场开拓费,0.0,src_6d538319baf4,origin data/VPD-OE_Agent_20260709/VPD-OE_Agent/data/raw/ZY/ZY17.xls,三张报表,C9,9
historical_600_unknown_rule,ZY17,1,第1年,comprehensive_expense,市场开拓费,50.0,src_6d538319baf4,origin data/VPD-OE_Agent_20260709/VPD-OE_Agent/data/raw/ZY/ZY17.xls,三张报表,D9,9
historical_600_unknown_rule,ZY17,2,第2年,comprehensive_expense,市场开拓费,30.0,src_6d538319baf4,origin data/VPD-OE_Agent_20260709/VPD-OE_Agent/data/raw/ZY/ZY17.xls,三张报表,E9,9
historical_600_unknown_rule,ZY17,3,第3年,comprehensive_expense,市场开拓费,20.0,src_6d538319baf4,origin data/VPD-OE_Agent_20260709/VPD-OE_Agent/data/raw/ZY/ZY17.xls,三张报表,F9,9
historical_600_unknown_rule,ZY17,4,第4年,comprehensive_expense,市场开拓费,10.0,src_6d538319baf4,origin data/VPD-OE_Agent_20260709/VPD-OE_Agent/data/raw/ZY/ZY17.xls,三张报表,G9,9
historical_600_unknown_rule,ZY17,5,第5年,comprehensive_expense,市场开拓费,0.0,src_6d538319baf4,origin data/VPD-OE_Agent_20260709/VPD-OE_Agent/data/raw/ZY/ZY17.xls,三张报表,H9,9
historical_600_unknown_rule,ZY17,0,初始元年,comprehensive_expense,产品研发费,0.0,src_6d538319baf4,origin data/VPD-OE_Agent_20260709/VPD-OE_Agent/data/raw/ZY/ZY17.xls,三张报表,C10,10
historical_600_unknown_rule,ZY17,1,第1年,comprehensive_expense,产品研发费,40.0,src_6d538319baf4,origin data/VPD-OE_Agent_20260709/VPD-OE_Agent/data/raw/ZY/ZY17.xls,三张报表,D10,10
historical_600_unknown_rule,ZY17,2,第2年,comprehensive_expense,产品研发费,10.0,src_6d538319baf4,origin data/VPD-OE_Agent_20260709/VPD-OE_Agent/data/raw/ZY/ZY17.xls,三张报表,E10,10
historical_600_unknown_rule,ZY17,3,第3年,comprehensive_expense,产品研发费,0.0,src_6d538319baf4,origin data/VPD-OE_Agent_20260709/VPD-OE_Agent/data/raw/ZY/ZY17.xls,三张报表,F10,10
historical_600_unknown_rule,ZY17,4,第4年,comprehensive_expense,产品研发费,50.0,src_6d538319baf4,origin data/VPD-OE_Agent_20260709/VPD-OE_Agent/data/raw/ZY/ZY17.xls,三张报表,G10,10
historical_600_unknown_rule,ZY17,5,第5年,comprehensive_expense,产品研发费,0.0,src_6d538319baf4,origin data/VPD-OE_Agent_20260709/VPD-OE_Agent/data/raw/ZY/ZY17.xls,三张报表,H10,10
historical_600_unknown_rule,ZY17,0,初始元年,comprehensive_expense,ISO认证费,0.0,src_6d538319baf4,origin data/VPD-OE_Agent_20260709/VPD-OE_Agent/data/raw/ZY/ZY17.xls,三张报表,C11,11
historical_600_unknown_rule,ZY17,1,第1年,comprehensive_expense,ISO认证费,30.0,src_6d538319baf4,origin data/VPD-OE_Agent_20260709/VPD-OE_Agent/data/raw/ZY/ZY17.xls,三张报表,D11,11
historical_600_unknown_rule,ZY17,2,第2年,comprehensive_expense,ISO认证费,30.0,src_6d538319baf4,origin data/VPD-OE_Agent_20260709/VPD-OE_Agent/data/raw/ZY/ZY17.xls,三张报表,E11,11
historical_600_unknown_rule,ZY17,3,第3年,comprehensive_expense,ISO认证费,0.0,src_6d538319baf4,origin data/VPD-OE_Agent_20260709/VPD-OE_Agent/data/raw/ZY/ZY17.xls,三张报表,F11,11
historical_600_unknown_rule,ZY17,4,第4年,comprehensive_expense,ISO认证费,0.0,src_6d538319baf4,origin data/VPD-OE_Agent_20260709/VPD-OE_Agent/data/raw/ZY/ZY17.xls,三张报表,G11,11
historical_600_unknown_rule,ZY17,5,第5年,comprehensive_expense,ISO认证费,0.0,src_6d538319baf4,origin data/VPD-OE_Agent_20260709/VPD-OE_Agent/data/raw/ZY/ZY17.xls,三张报表,H11,11
historical_600_unknown_rule,ZY17,0,初始元年,comprehensive_expense,信息费,0.0,src_6d538319baf4,origin data/VPD-OE_Agent_20260709/VPD-OE_Agent/data/raw/ZY/ZY17.xls,三张报表,C12,12
historical_600_unknown_rule,ZY17,1,第1年,comprehensive_expense,信息费,0.0,src_6d538319baf4,origin data/VPD-OE_Agent_20260709/VPD-OE_Agent/data/raw/ZY/ZY17.xls,三张报表,D12,12
historical_600_unknown_rule,ZY17,2,第2年,comprehensive_expense,信息费,0.0,src_6d538319baf4,origin data/VPD-OE_Agent_20260709/VPD-OE_Agent/data/raw/ZY/ZY17.xls,三张报表,E12,12
historical_600_unknown_rule,ZY17,3,第3年,comprehensive_expense,信息费,0.0,src_6d538319baf4,origin data/VPD-OE_Agent_20260709/VPD-OE_Agent/data/raw/ZY/ZY17.xls,三张报表,F12,12
historical_600_unknown_rule,ZY17,4,第4年,comprehensive_expense,信息费,0.0,src_6d538319baf4,origin data/VPD-OE_Agent_20260709/VPD-OE_Agent/data/raw/ZY/ZY17.xls,三张报表,G12,12
historical_600_unknown_rule,ZY17,5,第5年,comprehensive_expense,信息费,0.0,src_6d538319baf4,origin data/VPD-OE_Agent_20260709/VPD-OE_Agent/data/raw/ZY/ZY17.xls,三张报表,H12,12
historical_600_unknown_rule,ZY17,0,初始元年,comprehensive_expense,合计,0.0,src_6d538319baf4,origin data/VPD-OE_Agent_20260709/VPD-OE_Agent/data/raw/ZY/ZY17.xls,三张报表,C13,13
historical_600_unknown_rule,ZY17,1,第1年,comprehensive_expense,合计,200.0,src_6d538319baf4,origin data/VPD-OE_Agent_20260709/VPD-OE_Agent/data/raw/ZY/ZY17.xls,三张报表,D13,13
historical_600_unknown_rule,ZY17,2,第2年,comprehensive_expense,合计,232.0,src_6d538319baf4,origin data/VPD-OE_Agent_20260709/VPD-OE_Agent/data/raw/ZY/ZY17.xls,三张报表,E13,13
historical_600_unknown_rule,ZY17,3,第3年,comprehensive_expense,合计,213.0,src_6d538319baf4,origin data/VPD-OE_Agent_20260709/VPD-OE_Agent/data/raw/ZY/ZY17.xls,三张报表,F13,13
historical_600_unknown_rule,ZY17,4,第4年,comprehensive_expense,合计,268.0,src_6d538319baf4,origin data/VPD-OE_Agent_20260709/VPD-OE_Agent/data/raw/ZY/ZY17.xls,三张报表,G13,13
historical_600_unknown_rule,ZY17,5,第5年,comprehensive_expense,合计,390.0,src_6d538319baf4,origin data/VPD-OE_Agent_20260709/VPD-OE_Agent/data/raw/ZY/ZY17.xls,三张报表,H13,13
historical_600_unknown_rule,ZY17,0,初始元年,income_statement,销售收入,0.0,src_6d538319baf4,origin data/VPD-OE_Agent_20260709/VPD-OE_Agent/data/raw/ZY/ZY17.xls,三张报表,C16,16
historical_600_unknown_rule,ZY17,1,第1年,income_statement,销售收入,0.0,src_6d538319baf4,origin data/VPD-OE_Agent_20260709/VPD-OE_Agent/data/raw/ZY/ZY17.xls,三张报表,D16,16
historical_600_unknown_rule,ZY17,2,第2年,income_statement,销售收入,824.0,src_6d538319baf4,origin data/VPD-OE_Agent_20260709/VPD-OE_Agent/data/raw/ZY/ZY17.xls,三张报表,E16,16
historical_600_unknown_rule,ZY17,3,第3年,income_statement,销售收入,834.0,src_6d538319baf4,origin data/VPD-OE_Agent_20260709/VPD-OE_Agent/data/raw/ZY/ZY17.xls,三张报表,F16,16
historical_600_unknown_rule,ZY17,4,第4年,income_statement,销售收入,1366.0,src_6d538319baf4,origin data/VPD-OE_Agent_20260709/VPD-OE_Agent/data/raw/ZY/ZY17.xls,三张报表,G16,16
historical_600_unknown_rule,ZY17,5,第5年,income_statement,销售收入,1674.0,src_6d538319baf4,origin data/VPD-OE_Agent_20260709/VPD-OE_Agent/data/raw/ZY/ZY17.xls,三张报表,H16,16
historical_600_unknown_rule,ZY17,0,初始元年,income_statement,直接成本,0.0,src_6d538319baf4,origin data/VPD-OE_Agent_20260709/VPD-OE_Agent/data/raw/ZY/ZY17.xls,三张报表,C17,17
historical_600_unknown_rule,ZY17,1,第1年,income_statement,直接成本,0.0,src_6d538319baf4,origin data/VPD-OE_Agent_20260709/VPD-OE_Agent/data/raw/ZY/ZY17.xls,三张报表,D17,17
historical_600_unknown_rule,ZY17,2,第2年,income_statement,直接成本,350.0,src_6d538319baf4,origin data/VPD-OE_Agent_20260709/VPD-OE_Agent/data/raw/ZY/ZY17.xls,三张报表,E17,17
historical_600_unknown_rule,ZY17,3,第3年,income_statement,直接成本,400.0,src_6d538319baf4,origin data/VPD-OE_Agent_20260709/VPD-OE_Agent/data/raw/ZY/ZY17.xls,三张报表,F17,17
historical_600_unknown_rule,ZY17,4,第4年,income_statement,直接成本,700.0,src_6d538319baf4,origin data/VPD-OE_Agent_20260709/VPD-OE_Agent/data/raw/ZY/ZY17.xls,三张报表,G17,17
historical_600_unknown_rule,ZY17,5,第5年,income_statement,直接成本,820.0,src_6d538319baf4,origin data/VPD-OE_Agent_20260709/VPD-OE_Agent/data/raw/ZY/ZY17.xls,三张报表,H17,17
historical_600_unknown_rule,ZY17,0,初始元年,income_statement,毛利,0.0,src_6d538319baf4,origin data/VPD-OE_Agent_20260709/VPD-OE_Agent/data/raw/ZY/ZY17.xls,三张报表,C18,18
historical_600_unknown_rule,ZY17,1,第1年,income_statement,毛利,0.0,src_6d538319baf4,origin data/VPD-OE_Agent_20260709/VPD-OE_Agent/data/raw/ZY/ZY17.xls,三张报表,D18,18
historical_600_unknown_rule,ZY17,2,第2年,income_statement,毛利,474.0,src_6d538319baf4,origin data/VPD-OE_Agent_20260709/VPD-OE_Agent/data/raw/ZY/ZY17.xls,三张报表,E18,18
historical_600_unknown_rule,ZY17,3,第3年,income_statement,毛利,434.0,src_6d538319baf4,origin data/VPD-OE_Agent_20260709/VPD-OE_Agent/data/raw/ZY/ZY17.xls,三张报表,F18,18
historical_600_unknown_rule,ZY17,4,第4年,income_statement,毛利,666.0,src_6d538319baf4,origin data/VPD-OE_Agent_20260709/VPD-OE_Agent/data/raw/ZY/ZY17.xls,三张报表,G18,18
historical_600_unknown_rule,ZY17,5,第5年,income_statement,毛利,854.0,src_6d538319baf4,origin data/VPD-OE_Agent_20260709/VPD-OE_Agent/data/raw/ZY/ZY17.xls,三张报表,H18,18
historical_600_unknown_rule,ZY17,0,初始元年,income_statement,综合费用,0.0,src_6d538319baf4,origin data/VPD-OE_Agent_20260709/VPD-OE_Agent/data/raw/ZY/ZY17.xls,三张报表,C19,19
historical_600_unknown_rule,ZY17,1,第1年,income_statement,综合费用,200.0,src_6d538319baf4,origin data/VPD-OE_Agent_20260709/VPD-OE_Agent/data/raw/ZY/ZY17.xls,三张报表,D19,19
historical_600_unknown_rule,ZY17,2,第2年,income_statement,综合费用,232.0,src_6d538319baf4,origin data/VPD-OE_Agent_20260709/VPD-OE_Agent/data/raw/ZY/ZY17.xls,三张报表,E19,19
historical_600_unknown_rule,ZY17,3,第3年,income_statement,综合费用,213.0,src_6d538319baf4,origin data/VPD-OE_Agent_20260709/VPD-OE_Agent/data/raw/ZY/ZY17.xls,三张报表,F19,19
historical_600_unknown_rule,ZY17,4,第4年,income_statement,综合费用,268.0,src_6d538319baf4,origin data/VPD-OE_Agent_20260709/VPD-OE_Agent/data/raw/ZY/ZY17.xls,三张报表,G19,19
historical_600_unknown_rule,ZY17,5,第5年,income_statement,综合费用,390.0,src_6d538319baf4,origin data/VPD-OE_Agent_20260709/VPD-OE_Agent/data/raw/ZY/ZY17.xls,三张报表,H19,19
historical_600_unknown_rule,ZY17,0,初始元年,income_statement,折旧前利润,0.0,src_6d538319baf4,origin data/VPD-OE_Agent_20260709/VPD-OE_Agent/data/raw/ZY/ZY17.xls,三张报表,C20,20
historical_600_unknown_rule,ZY17,1,第1年,income_statement,折旧前利润,-200.0,src_6d538319baf4,origin data/VPD-OE_Agent_20260709/VPD-OE_Agent/data/raw/ZY/ZY17.xls,三张报表,D20,20
historical_600_unknown_rule,ZY17,2,第2年,income_statement,折旧前利润,242.0,src_6d538319baf4,origin data/VPD-OE_Agent_20260709/VPD-OE_Agent/data/raw/ZY/ZY17.xls,三张报表,E20,20
historical_600_unknown_rule,ZY17,3,第3年,income_statement,折旧前利润,221.0,src_6d538319baf4,origin data/VPD-OE_Agent_20260709/VPD-OE_Agent/data/raw/ZY/ZY17.xls,三张报表,F20,20
historical_600_unknown_rule,ZY17,4,第4年,income_statement,折旧前利润,398.0,src_6d538319baf4,origin data/VPD-OE_Agent_20260709/VPD-OE_Agent/data/raw/ZY/ZY17.xls,三张报表,G20,20
historical_600_unknown_rule,ZY17,5,第5年,income_statement,折旧前利润,464.0,src_6d538319baf4,origin data/VPD-OE_Agent_20260709/VPD-OE_Agent/data/raw/ZY/ZY17.xls,三张报表,H20,20
historical_600_unknown_rule,ZY17,0,初始元年,income_statement,折旧,0.0,src_6d538319baf4,origin data/VPD-OE_Agent_20260709/VPD-OE_Agent/data/raw/ZY/ZY17.xls,三张报表,C21,21
historical_600_unknown_rule,ZY17,1,第1年,income_statement,折旧,0.0,src_6d538319baf4,origin data/VPD-OE_Agent_20260709/VPD-OE_Agent/data/raw/ZY/ZY17.xls,三张报表,D21,21
historical_600_unknown_rule,ZY17,2,第2年,income_statement,折旧,0.0,src_6d538319baf4,origin data/VPD-OE_Agent_20260709/VPD-OE_Agent/data/raw/ZY/ZY17.xls,三张报表,E21,21
historical_600_unknown_rule,ZY17,3,第3年,income_statement,折旧,120.0,src_6d538319baf4,origin data/VPD-OE_Agent_20260709/VPD-OE_Agent/data/raw/ZY/ZY17.xls,三张报表,F21,21
historical_600_unknown_rule,ZY17,4,第4年,income_statement,折旧,120.0,src_6d538319baf4,origin data/VPD-OE_Agent_20260709/VPD-OE_Agent/data/raw/ZY/ZY17.xls,三张报表,G21,21
historical_600_unknown_rule,ZY17,5,第5年,income_statement,折旧,150.0,src_6d538319baf4,origin data/VPD-OE_Agent_20260709/VPD-OE_Agent/data/raw/ZY/ZY17.xls,三张报表,H21,21
historical_600_unknown_rule,ZY17,0,初始元年,income_statement,支付利息前利润,0.0,src_6d538319baf4,origin data/VPD-OE_Agent_20260709/VPD-OE_Agent/data/raw/ZY/ZY17.xls,三张报表,C22,22
historical_600_unknown_rule,ZY17,1,第1年,income_statement,支付利息前利润,-200.0,src_6d538319baf4,origin data/VPD-OE_Agent_20260709/VPD-OE_Agent/data/raw/ZY/ZY17.xls,三张报表,D22,22
historical_600_unknown_rule,ZY17,2,第2年,income_statement,支付利息前利润,242.0,src_6d538319baf4,origin data/VPD-OE_Agent_20260709/VPD-OE_Agent/data/raw/ZY/ZY17.xls,三张报表,E22,22
historical_600_unknown_rule,ZY17,3,第3年,income_statement,支付利息前利润,101.0,src_6d538319baf4,origin data/VPD-OE_Agent_20260709/VPD-OE_Agent/data/raw/ZY/ZY17.xls,三张报表,F22,22
historical_600_unknown_rule,ZY17,4,第4年,income_statement,支付利息前利润,278.0,src_6d538319baf4,origin data/VPD-OE_Agent_20260709/VPD-OE_Agent/data/raw/ZY/ZY17.xls,三张报表,G22,22
historical_600_unknown_rule,ZY17,5,第5年,income_statement,支付利息前利润,314.0,src_6d538319baf4,origin data/VPD-OE_Agent_20260709/VPD-OE_Agent/data/raw/ZY/ZY17.xls,三张报表,H22,22
historical_600_unknown_rule,ZY17,0,初始元年,income_statement,财务费用,0.0,src_6d538319baf4,origin data/VPD-OE_Agent_20260709/VPD-OE_Agent/data/raw/ZY/ZY17.xls,三张报表,C23,23
historical_600_unknown_rule,ZY17,1,第1年,income_statement,财务费用,0.0,src_6d538319baf4,origin data/VPD-OE_Agent_20260709/VPD-OE_Agent/data/raw/ZY/ZY17.xls,三张报表,D23,23
historical_600_unknown_rule,ZY17,2,第2年,income_statement,财务费用,40.0,src_6d538319baf4,origin data/VPD-OE_Agent_20260709/VPD-OE_Agent/data/raw/ZY/ZY17.xls,三张报表,E23,23
historical_600_unknown_rule,ZY17,3,第3年,income_statement,财务费用,70.0,src_6d538319baf4,origin data/VPD-OE_Agent_20260709/VPD-OE_Agent/data/raw/ZY/ZY17.xls,三张报表,F23,23
historical_600_unknown_rule,ZY17,4,第4年,income_statement,财务费用,65.0,src_6d538319baf4,origin data/VPD-OE_Agent_20260709/VPD-OE_Agent/data/raw/ZY/ZY17.xls,三张报表,G23,23
historical_600_unknown_rule,ZY17,5,第5年,income_statement,财务费用,98.0,src_6d538319baf4,origin data/VPD-OE_Agent_20260709/VPD-OE_Agent/data/raw/ZY/ZY17.xls,三张报表,H23,23
historical_600_unknown_rule,ZY17,0,初始元年,income_statement,税前利润,0.0,src_6d538319baf4,origin data/VPD-OE_Agent_20260709/VPD-OE_Agent/data/raw/ZY/ZY17.xls,三张报表,C24,24
historical_600_unknown_rule,ZY17,1,第1年,income_statement,税前利润,-200.0,src_6d538319baf4,origin data/VPD-OE_Agent_20260709/VPD-OE_Agent/data/raw/ZY/ZY17.xls,三张报表,D24,24
historical_600_unknown_rule,ZY17,2,第2年,income_statement,税前利润,202.0,src_6d538319baf4,origin data/VPD-OE_Agent_20260709/VPD-OE_Agent/data/raw/ZY/ZY17.xls,三张报表,E24,24
historical_600_unknown_rule,ZY17,3,第3年,income_statement,税前利润,31.0,src_6d538319baf4,origin data/VPD-OE_Agent_20260709/VPD-OE_Agent/data/raw/ZY/ZY17.xls,三张报表,F24,24
historical_600_unknown_rule,ZY17,4,第4年,income_statement,税前利润,213.0,src_6d538319baf4,origin data/VPD-OE_Agent_20260709/VPD-OE_Agent/data/raw/ZY/ZY17.xls,三张报表,G24,24
historical_600_unknown_rule,ZY17,5,第5年,income_statement,税前利润,216.0,src_6d538319baf4,origin data/VPD-OE_Agent_20260709/VPD-OE_Agent/data/raw/ZY/ZY17.xls,三张报表,H24,24
historical_600_unknown_rule,ZY17,0,初始元年,income_statement,所得税,0.0,src_6d538319baf4,origin data/VPD-OE_Agent_20260709/VPD-OE_Agent/data/raw/ZY/ZY17.xls,三张报表,C25,25
historical_600_unknown_rule,ZY17,1,第1年,income_statement,所得税,0.0,src_6d538319baf4,origin data/VPD-OE_Agent_20260709/VPD-OE_Agent/data/raw/ZY/ZY17.xls,三张报表,D25,25
historical_600_unknown_rule,ZY17,2,第2年,income_statement,所得税,1.0,src_6d538319baf4,origin data/VPD-OE_Agent_20260709/VPD-OE_Agent/data/raw/ZY/ZY17.xls,三张报表,E25,25
historical_600_unknown_rule,ZY17,3,第3年,income_statement,所得税,8.0,src_6d538319baf4,origin data/VPD-OE_Agent_20260709/VPD-OE_Agent/data/raw/ZY/ZY17.xls,三张报表,F25,25
historical_600_unknown_rule,ZY17,4,第4年,income_statement,所得税,53.0,src_6d538319baf4,origin data/VPD-OE_Agent_20260709/VPD-OE_Agent/data/raw/ZY/ZY17.xls,三张报表,G25,25
historical_600_unknown_rule,ZY17,5,第5年,income_statement,所得税,54.0,src_6d538319baf4,origin data/VPD-OE_Agent_20260709/VPD-OE_Agent/data/raw/ZY/ZY17.xls,三张报表,H25,25
historical_600_unknown_rule,ZY17,0,初始元年,income_statement,年度净利润,0.0,src_6d538319baf4,origin data/VPD-OE_Agent_20260709/VPD-OE_Agent/data/raw/ZY/ZY17.xls,三张报表,C26,26
historical_600_unknown_rule,ZY17,1,第1年,income_statement,年度净利润,-200.0,src_6d538319baf4,origin data/VPD-OE_Agent_20260709/VPD-OE_Agent/data/raw/ZY/ZY17.xls,三张报表,D26,26
historical_600_unknown_rule,ZY17,2,第2年,income_statement,年度净利润,201.0,src_6d538319baf4,origin data/VPD-OE_Agent_20260709/VPD-OE_Agent/data/raw/ZY/ZY17.xls,三张报表,E26,26
historical_600_unknown_rule,ZY17,3,第3年,income_statement,年度净利润,23.0,src_6d538319baf4,origin data/VPD-OE_Agent_20260709/VPD-OE_Agent/data/raw/ZY/ZY17.xls,三张报表,F26,26
historical_600_unknown_rule,ZY17,4,第4年,income_statement,年度净利润,160.0,src_6d538319baf4,origin data/VPD-OE_Agent_20260709/VPD-OE_Agent/data/raw/ZY/ZY17.xls,三张报表,G26,26
historical_600_unknown_rule,ZY17,5,第5年,income_statement,年度净利润,162.0,src_6d538319baf4,origin data/VPD-OE_Agent_20260709/VPD-OE_Agent/data/raw/ZY/ZY17.xls,三张报表,H26,26
historical_600_unknown_rule,ZY17,0,初始元年,balance_sheet,现金,600.0,src_6d538319baf4,origin data/VPD-OE_Agent_20260709/VPD-OE_Agent/data/raw/ZY/ZY17.xls,三张报表,C30,30
historical_600_unknown_rule,ZY17,1,第1年,balance_sheet,现金,204.0,src_6d538319baf4,origin data/VPD-OE_Agent_20260709/VPD-OE_Agent/data/raw/ZY/ZY17.xls,三张报表,D30,30
historical_600_unknown_rule,ZY17,2,第2年,balance_sheet,现金,331.0,src_6d538319baf4,origin data/VPD-OE_Agent_20260709/VPD-OE_Agent/data/raw/ZY/ZY17.xls,三张报表,E30,30
historical_600_unknown_rule,ZY17,3,第3年,balance_sheet,现金,374.0,src_6d538319baf4,origin data/VPD-OE_Agent_20260709/VPD-OE_Agent/data/raw/ZY/ZY17.xls,三张报表,F30,30
historical_600_unknown_rule,ZY17,4,第4年,balance_sheet,现金,678.0,src_6d538319baf4,origin data/VPD-OE_Agent_20260709/VPD-OE_Agent/data/raw/ZY/ZY17.xls,三张报表,G30,30
historical_600_unknown_rule,ZY17,5,第5年,balance_sheet,现金,560.0,src_6d538319baf4,origin data/VPD-OE_Agent_20260709/VPD-OE_Agent/data/raw/ZY/ZY17.xls,三张报表,H30,30
historical_600_unknown_rule,ZY17,0,初始元年,balance_sheet,应收款,0.0,src_6d538319baf4,origin data/VPD-OE_Agent_20260709/VPD-OE_Agent/data/raw/ZY/ZY17.xls,三张报表,C31,31
historical_600_unknown_rule,ZY17,1,第1年,balance_sheet,应收款,0.0,src_6d538319baf4,origin data/VPD-OE_Agent_20260709/VPD-OE_Agent/data/raw/ZY/ZY17.xls,三张报表,D31,31
historical_600_unknown_rule,ZY17,2,第2年,balance_sheet,应收款,452.0,src_6d538319baf4,origin data/VPD-OE_Agent_20260709/VPD-OE_Agent/data/raw/ZY/ZY17.xls,三张报表,E31,31
historical_600_unknown_rule,ZY17,3,第3年,balance_sheet,应收款,0.0,src_6d538319baf4,origin data/VPD-OE_Agent_20260709/VPD-OE_Agent/data/raw/ZY/ZY17.xls,三张报表,F31,31
historical_600_unknown_rule,ZY17,4,第4年,balance_sheet,应收款,290.0,src_6d538319baf4,origin data/VPD-OE_Agent_20260709/VPD-OE_Agent/data/raw/ZY/ZY17.xls,三张报表,G31,31
historical_600_unknown_rule,ZY17,5,第5年,balance_sheet,应收款,1212.0,src_6d538319baf4,origin data/VPD-OE_Agent_20260709/VPD-OE_Agent/data/raw/ZY/ZY17.xls,三张报表,H31,31
historical_600_unknown_rule,ZY17,0,初始元年,balance_sheet,在制品,0.0,src_6d538319baf4,origin data/VPD-OE_Agent_20260709/VPD-OE_Agent/data/raw/ZY/ZY17.xls,三张报表,C32,32
historical_600_unknown_rule,ZY17,1,第1年,balance_sheet,在制品,0.0,src_6d538319baf4,origin data/VPD-OE_Agent_20260709/VPD-OE_Agent/data/raw/ZY/ZY17.xls,三张报表,D32,32
historical_600_unknown_rule,ZY17,2,第2年,balance_sheet,在制品,200.0,src_6d538319baf4,origin data/VPD-OE_Agent_20260709/VPD-OE_Agent/data/raw/ZY/ZY17.xls,三张报表,E32,32
historical_600_unknown_rule,ZY17,3,第3年,balance_sheet,在制品,0.0,src_6d538319baf4,origin data/VPD-OE_Agent_20260709/VPD-OE_Agent/data/raw/ZY/ZY17.xls,三张报表,F32,32
historical_600_unknown_rule,ZY17,4,第4年,balance_sheet,在制品,250.0,src_6d538319baf4,origin data/VPD-OE_Agent_20260709/VPD-OE_Agent/data/raw/ZY/ZY17.xls,三张报表,G32,32
historical_600_unknown_rule,ZY17,5,第5年,balance_sheet,在制品,0.0,src_6d538319baf4,origin data/VPD-OE_Agent_20260709/VPD-OE_Agent/data/raw/ZY/ZY17.xls,三张报表,H32,32
historical_600_unknown_rule,ZY17,0,初始元年,balance_sheet,产成品,0.0,src_6d538319baf4,origin data/VPD-OE_Agent_20260709/VPD-OE_Agent/data/raw/ZY/ZY17.xls,三张报表,C33,33
historical_600_unknown_rule,ZY17,1,第1年,balance_sheet,产成品,0.0,src_6d538319baf4,origin data/VPD-OE_Agent_20260709/VPD-OE_Agent/data/raw/ZY/ZY17.xls,三张报表,D33,33
historical_600_unknown_rule,ZY17,2,第2年,balance_sheet,产成品,50.0,src_6d538319baf4,origin data/VPD-OE_Agent_20260709/VPD-OE_Agent/data/raw/ZY/ZY17.xls,三张报表,E33,33
historical_600_unknown_rule,ZY17,3,第3年,balance_sheet,产成品,350.0,src_6d538319baf4,origin data/VPD-OE_Agent_20260709/VPD-OE_Agent/data/raw/ZY/ZY17.xls,三张报表,F33,33
historical_600_unknown_rule,ZY17,4,第4年,balance_sheet,产成品,300.0,src_6d538319baf4,origin data/VPD-OE_Agent_20260709/VPD-OE_Agent/data/raw/ZY/ZY17.xls,三张报表,G33,33
historical_600_unknown_rule,ZY17,5,第5年,balance_sheet,产成品,0.0,src_6d538319baf4,origin data/VPD-OE_Agent_20260709/VPD-OE_Agent/data/raw/ZY/ZY17.xls,三张报表,H33,33
historical_600_unknown_rule,ZY17,0,初始元年,balance_sheet,原料,0.0,src_6d538319baf4,origin data/VPD-OE_Agent_20260709/VPD-OE_Agent/data/raw/ZY/ZY17.xls,三张报表,C34,34
historical_600_unknown_rule,ZY17,1,第1年,balance_sheet,原料,0.0,src_6d538319baf4,origin data/VPD-OE_Agent_20260709/VPD-OE_Agent/data/raw/ZY/ZY17.xls,三张报表,D34,34
historical_600_unknown_rule,ZY17,2,第2年,balance_sheet,原料,0.0,src_6d538319baf4,origin data/VPD-OE_Agent_20260709/VPD-OE_Agent/data/raw/ZY/ZY17.xls,三张报表,E34,34
historical_600_unknown_rule,ZY17,3,第3年,balance_sheet,原料,200.0,src_6d538319baf4,origin data/VPD-OE_Agent_20260709/VPD-OE_Agent/data/raw/ZY/ZY17.xls,三张报表,F34,34
historical_600_unknown_rule,ZY17,4,第4年,balance_sheet,原料,0.0,src_6d538319baf4,origin data/VPD-OE_Agent_20260709/VPD-OE_Agent/data/raw/ZY/ZY17.xls,三张报表,G34,34
historical_600_unknown_rule,ZY17,5,第5年,balance_sheet,原料,20.0,src_6d538319baf4,origin data/VPD-OE_Agent_20260709/VPD-OE_Agent/data/raw/ZY/ZY17.xls,三张报表,H34,34
historical_600_unknown_rule,ZY17,0,初始元年,balance_sheet,流动资产合计,600.0,src_6d538319baf4,origin data/VPD-OE_Agent_20260709/VPD-OE_Agent/data/raw/ZY/ZY17.xls,三张报表,C35,35
historical_600_unknown_rule,ZY17,1,第1年,balance_sheet,流动资产合计,204.0,src_6d538319baf4,origin data/VPD-OE_Agent_20260709/VPD-OE_Agent/data/raw/ZY/ZY17.xls,三张报表,D35,35
historical_600_unknown_rule,ZY17,2,第2年,balance_sheet,流动资产合计,1033.0,src_6d538319baf4,origin data/VPD-OE_Agent_20260709/VPD-OE_Agent/data/raw/ZY/ZY17.xls,三张报表,E35,35
historical_600_unknown_rule,ZY17,3,第3年,balance_sheet,流动资产合计,924.0,src_6d538319baf4,origin data/VPD-OE_Agent_20260709/VPD-OE_Agent/data/raw/ZY/ZY17.xls,三张报表,F35,35
historical_600_unknown_rule,ZY17,4,第4年,balance_sheet,流动资产合计,1518.0,src_6d538319baf4,origin data/VPD-OE_Agent_20260709/VPD-OE_Agent/data/raw/ZY/ZY17.xls,三张报表,G35,35
historical_600_unknown_rule,ZY17,5,第5年,balance_sheet,流动资产合计,1792.0,src_6d538319baf4,origin data/VPD-OE_Agent_20260709/VPD-OE_Agent/data/raw/ZY/ZY17.xls,三张报表,H35,35
historical_600_unknown_rule,ZY17,0,初始元年,balance_sheet,厂房,0.0,src_6d538319baf4,origin data/VPD-OE_Agent_20260709/VPD-OE_Agent/data/raw/ZY/ZY17.xls,三张报表,C36,36
historical_600_unknown_rule,ZY17,1,第1年,balance_sheet,厂房,0.0,src_6d538319baf4,origin data/VPD-OE_Agent_20260709/VPD-OE_Agent/data/raw/ZY/ZY17.xls,三张报表,D36,36
historical_600_unknown_rule,ZY17,2,第2年,balance_sheet,厂房,0.0,src_6d538319baf4,origin data/VPD-OE_Agent_20260709/VPD-OE_Agent/data/raw/ZY/ZY17.xls,三张报表,E36,36
historical_600_unknown_rule,ZY17,3,第3年,balance_sheet,厂房,0.0,src_6d538319baf4,origin data/VPD-OE_Agent_20260709/VPD-OE_Agent/data/raw/ZY/ZY17.xls,三张报表,F36,36
historical_600_unknown_rule,ZY17,4,第4年,balance_sheet,厂房,0.0,src_6d538319baf4,origin data/VPD-OE_Agent_20260709/VPD-OE_Agent/data/raw/ZY/ZY17.xls,三张报表,G36,36
historical_600_unknown_rule,ZY17,5,第5年,balance_sheet,厂房,300.0,src_6d538319baf4,origin data/VPD-OE_Agent_20260709/VPD-OE_Agent/data/raw/ZY/ZY17.xls,三张报表,H36,36
historical_600_unknown_rule,ZY17,0,初始元年,balance_sheet,机器设备,0.0,src_6d538319baf4,origin data/VPD-OE_Agent_20260709/VPD-OE_Agent/data/raw/ZY/ZY17.xls,三张报表,C37,37
historical_600_unknown_rule,ZY17,1,第1年,balance_sheet,机器设备,0.0,src_6d538319baf4,origin data/VPD-OE_Agent_20260709/VPD-OE_Agent/data/raw/ZY/ZY17.xls,三张报表,D37,37
historical_600_unknown_rule,ZY17,2,第2年,balance_sheet,机器设备,600.0,src_6d538319baf4,origin data/VPD-OE_Agent_20260709/VPD-OE_Agent/data/raw/ZY/ZY17.xls,三张报表,E37,37
historical_600_unknown_rule,ZY17,3,第3年,balance_sheet,机器设备,480.0,src_6d538319baf4,origin data/VPD-OE_Agent_20260709/VPD-OE_Agent/data/raw/ZY/ZY17.xls,三张报表,F37,37
historical_600_unknown_rule,ZY17,4,第4年,balance_sheet,机器设备,510.0,src_6d538319baf4,origin data/VPD-OE_Agent_20260709/VPD-OE_Agent/data/raw/ZY/ZY17.xls,三张报表,G37,37
historical_600_unknown_rule,ZY17,5,第5年,balance_sheet,机器设备,1260.0,src_6d538319baf4,origin data/VPD-OE_Agent_20260709/VPD-OE_Agent/data/raw/ZY/ZY17.xls,三张报表,H37,37
historical_600_unknown_rule,ZY17,0,初始元年,balance_sheet,在建工程,0.0,src_6d538319baf4,origin data/VPD-OE_Agent_20260709/VPD-OE_Agent/data/raw/ZY/ZY17.xls,三张报表,C38,38
historical_600_unknown_rule,ZY17,1,第1年,balance_sheet,在建工程,600.0,src_6d538319baf4,origin data/VPD-OE_Agent_20260709/VPD-OE_Agent/data/raw/ZY/ZY17.xls,三张报表,D38,38
historical_600_unknown_rule,ZY17,2,第2年,balance_sheet,在建工程,0.0,src_6d538319baf4,origin data/VPD-OE_Agent_20260709/VPD-OE_Agent/data/raw/ZY/ZY17.xls,三张报表,E38,38
historical_600_unknown_rule,ZY17,3,第3年,balance_sheet,在建工程,150.0,src_6d538319baf4,origin data/VPD-OE_Agent_20260709/VPD-OE_Agent/data/raw/ZY/ZY17.xls,三张报表,F38,38
historical_600_unknown_rule,ZY17,4,第4年,balance_sheet,在建工程,300.0,src_6d538319baf4,origin data/VPD-OE_Agent_20260709/VPD-OE_Agent/data/raw/ZY/ZY17.xls,三张报表,G38,38
historical_600_unknown_rule,ZY17,5,第5年,balance_sheet,在建工程,0.0,src_6d538319baf4,origin data/VPD-OE_Agent_20260709/VPD-OE_Agent/data/raw/ZY/ZY17.xls,三张报表,H38,38
historical_600_unknown_rule,ZY17,0,初始元年,balance_sheet,固定资产合计,0.0,src_6d538319baf4,origin data/VPD-OE_Agent_20260709/VPD-OE_Agent/data/raw/ZY/ZY17.xls,三张报表,C39,39
historical_600_unknown_rule,ZY17,1,第1年,balance_sheet,固定资产合计,600.0,src_6d538319baf4,origin data/VPD-OE_Agent_20260709/VPD-OE_Agent/data/raw/ZY/ZY17.xls,三张报表,D39,39
historical_600_unknown_rule,ZY17,2,第2年,balance_sheet,固定资产合计,600.0,src_6d538319baf4,origin data/VPD-OE_Agent_20260709/VPD-OE_Agent/data/raw/ZY/ZY17.xls,三张报表,E39,39
historical_600_unknown_rule,ZY17,3,第3年,balance_sheet,固定资产合计,630.0,src_6d538319baf4,origin data/VPD-OE_Agent_20260709/VPD-OE_Agent/data/raw/ZY/ZY17.xls,三张报表,F39,39
historical_600_unknown_rule,ZY17,4,第4年,balance_sheet,固定资产合计,810.0,src_6d538319baf4,origin data/VPD-OE_Agent_20260709/VPD-OE_Agent/data/raw/ZY/ZY17.xls,三张报表,G39,39
historical_600_unknown_rule,ZY17,5,第5年,balance_sheet,固定资产合计,1560.0,src_6d538319baf4,origin data/VPD-OE_Agent_20260709/VPD-OE_Agent/data/raw/ZY/ZY17.xls,三张报表,H39,39
historical_600_unknown_rule,ZY17,0,初始元年,balance_sheet,资产总计,600.0,src_6d538319baf4,origin data/VPD-OE_Agent_20260709/VPD-OE_Agent/data/raw/ZY/ZY17.xls,三张报表,C40,40
historical_600_unknown_rule,ZY17,1,第1年,balance_sheet,资产总计,804.0,src_6d538319baf4,origin data/VPD-OE_Agent_20260709/VPD-OE_Agent/data/raw/ZY/ZY17.xls,三张报表,D40,40
historical_600_unknown_rule,ZY17,2,第2年,balance_sheet,资产总计,1633.0,src_6d538319baf4,origin data/VPD-OE_Agent_20260709/VPD-OE_Agent/data/raw/ZY/ZY17.xls,三张报表,E40,40
historical_600_unknown_rule,ZY17,3,第3年,balance_sheet,资产总计,1554.0,src_6d538319baf4,origin data/VPD-OE_Agent_20260709/VPD-OE_Agent/data/raw/ZY/ZY17.xls,三张报表,F40,40
historical_600_unknown_rule,ZY17,4,第4年,balance_sheet,资产总计,2328.0,src_6d538319baf4,origin data/VPD-OE_Agent_20260709/VPD-OE_Agent/data/raw/ZY/ZY17.xls,三张报表,G40,40
historical_600_unknown_rule,ZY17,5,第5年,balance_sheet,资产总计,3352.0,src_6d538319baf4,origin data/VPD-OE_Agent_20260709/VPD-OE_Agent/data/raw/ZY/ZY17.xls,三张报表,H40,40
historical_600_unknown_rule,ZY17,0,初始元年,balance_sheet,长期贷款,0.0,src_6d538319baf4,origin data/VPD-OE_Agent_20260709/VPD-OE_Agent/data/raw/ZY/ZY17.xls,三张报表,C41,41
historical_600_unknown_rule,ZY17,1,第1年,balance_sheet,长期贷款,404.0,src_6d538319baf4,origin data/VPD-OE_Agent_20260709/VPD-OE_Agent/data/raw/ZY/ZY17.xls,三张报表,D41,41
historical_600_unknown_rule,ZY17,2,第2年,balance_sheet,长期贷款,404.0,src_6d538319baf4,origin data/VPD-OE_Agent_20260709/VPD-OE_Agent/data/raw/ZY/ZY17.xls,三张报表,E41,41
historical_600_unknown_rule,ZY17,3,第3年,balance_sheet,长期贷款,404.0,src_6d538319baf4,origin data/VPD-OE_Agent_20260709/VPD-OE_Agent/data/raw/ZY/ZY17.xls,三张报表,F41,41
historical_600_unknown_rule,ZY17,4,第4年,balance_sheet,长期贷款,504.0,src_6d538319baf4,origin data/VPD-OE_Agent_20260709/VPD-OE_Agent/data/raw/ZY/ZY17.xls,三张报表,G41,41
historical_600_unknown_rule,ZY17,5,第5年,balance_sheet,长期贷款,1004.0,src_6d538319baf4,origin data/VPD-OE_Agent_20260709/VPD-OE_Agent/data/raw/ZY/ZY17.xls,三张报表,H41,41
historical_600_unknown_rule,ZY17,0,初始元年,balance_sheet,短期贷款,0.0,src_6d538319baf4,origin data/VPD-OE_Agent_20260709/VPD-OE_Agent/data/raw/ZY/ZY17.xls,三张报表,C42,42
historical_600_unknown_rule,ZY17,1,第1年,balance_sheet,短期贷款,0.0,src_6d538319baf4,origin data/VPD-OE_Agent_20260709/VPD-OE_Agent/data/raw/ZY/ZY17.xls,三张报表,D42,42
historical_600_unknown_rule,ZY17,2,第2年,balance_sheet,短期贷款,627.0,src_6d538319baf4,origin data/VPD-OE_Agent_20260709/VPD-OE_Agent/data/raw/ZY/ZY17.xls,三张报表,E42,42
historical_600_unknown_rule,ZY17,3,第3年,balance_sheet,短期贷款,518.0,src_6d538319baf4,origin data/VPD-OE_Agent_20260709/VPD-OE_Agent/data/raw/ZY/ZY17.xls,三张报表,F42,42
historical_600_unknown_rule,ZY17,4,第4年,balance_sheet,短期贷款,987.0,src_6d538319baf4,origin data/VPD-OE_Agent_20260709/VPD-OE_Agent/data/raw/ZY/ZY17.xls,三张报表,G42,42
historical_600_unknown_rule,ZY17,5,第5年,balance_sheet,短期贷款,1348.0,src_6d538319baf4,origin data/VPD-OE_Agent_20260709/VPD-OE_Agent/data/raw/ZY/ZY17.xls,三张报表,H42,42
historical_600_unknown_rule,ZY17,0,初始元年,balance_sheet,特别贷款,0.0,src_6d538319baf4,origin data/VPD-OE_Agent_20260709/VPD-OE_Agent/data/raw/ZY/ZY17.xls,三张报表,C43,43
historical_600_unknown_rule,ZY17,1,第1年,balance_sheet,特别贷款,0.0,src_6d538319baf4,origin data/VPD-OE_Agent_20260709/VPD-OE_Agent/data/raw/ZY/ZY17.xls,三张报表,D43,43
historical_600_unknown_rule,ZY17,2,第2年,balance_sheet,特别贷款,0.0,src_6d538319baf4,origin data/VPD-OE_Agent_20260709/VPD-OE_Agent/data/raw/ZY/ZY17.xls,三张报表,E43,43
historical_600_unknown_rule,ZY17,3,第3年,balance_sheet,特别贷款,0.0,src_6d538319baf4,origin data/VPD-OE_Agent_20260709/VPD-OE_Agent/data/raw/ZY/ZY17.xls,三张报表,F43,43
historical_600_unknown_rule,ZY17,4,第4年,balance_sheet,特别贷款,0.0,src_6d538319baf4,origin data/VPD-OE_Agent_20260709/VPD-OE_Agent/data/raw/ZY/ZY17.xls,三张报表,G43,43
historical_600_unknown_rule,ZY17,5,第5年,balance_sheet,特别贷款,0.0,src_6d538319baf4,origin data/VPD-OE_Agent_20260709/VPD-OE_Agent/data/raw/ZY/ZY17.xls,三张报表,H43,43
historical_600_unknown_rule,ZY17,0,初始元年,balance_sheet,所得税,0.0,src_6d538319baf4,origin data/VPD-OE_Agent_20260709/VPD-OE_Agent/data/raw/ZY/ZY17.xls,三张报表,C44,44
historical_600_unknown_rule,ZY17,1,第1年,balance_sheet,所得税,0.0,src_6d538319baf4,origin data/VPD-OE_Agent_20260709/VPD-OE_Agent/data/raw/ZY/ZY17.xls,三张报表,D44,44
historical_600_unknown_rule,ZY17,2,第2年,balance_sheet,所得税,1.0,src_6d538319baf4,origin data/VPD-OE_Agent_20260709/VPD-OE_Agent/data/raw/ZY/ZY17.xls,三张报表,E44,44
historical_600_unknown_rule,ZY17,3,第3年,balance_sheet,所得税,8.0,src_6d538319baf4,origin data/VPD-OE_Agent_20260709/VPD-OE_Agent/data/raw/ZY/ZY17.xls,三张报表,F44,44
historical_600_unknown_rule,ZY17,4,第4年,balance_sheet,所得税,53.0,src_6d538319baf4,origin data/VPD-OE_Agent_20260709/VPD-OE_Agent/data/raw/ZY/ZY17.xls,三张报表,G44,44
historical_600_unknown_rule,ZY17,5,第5年,balance_sheet,所得税,54.0,src_6d538319baf4,origin data/VPD-OE_Agent_20260709/VPD-OE_Agent/data/raw/ZY/ZY17.xls,三张报表,H44,44
historical_600_unknown_rule,ZY17,0,初始元年,balance_sheet,负债合计,0.0,src_6d538319baf4,origin data/VPD-OE_Agent_20260709/VPD-OE_Agent/data/raw/ZY/ZY17.xls,三张报表,C45,45
historical_600_unknown_rule,ZY17,1,第1年,balance_sheet,负债合计,404.0,src_6d538319baf4,origin data/VPD-OE_Agent_20260709/VPD-OE_Agent/data/raw/ZY/ZY17.xls,三张报表,D45,45
historical_600_unknown_rule,ZY17,2,第2年,balance_sheet,负债合计,1032.0,src_6d538319baf4,origin data/VPD-OE_Agent_20260709/VPD-OE_Agent/data/raw/ZY/ZY17.xls,三张报表,E45,45
historical_600_unknown_rule,ZY17,3,第3年,balance_sheet,负债合计,930.0,src_6d538319baf4,origin data/VPD-OE_Agent_20260709/VPD-OE_Agent/data/raw/ZY/ZY17.xls,三张报表,F45,45
historical_600_unknown_rule,ZY17,4,第4年,balance_sheet,负债合计,1544.0,src_6d538319baf4,origin data/VPD-OE_Agent_20260709/VPD-OE_Agent/data/raw/ZY/ZY17.xls,三张报表,G45,45
historical_600_unknown_rule,ZY17,5,第5年,balance_sheet,负债合计,2406.0,src_6d538319baf4,origin data/VPD-OE_Agent_20260709/VPD-OE_Agent/data/raw/ZY/ZY17.xls,三张报表,H45,45
historical_600_unknown_rule,ZY17,0,初始元年,balance_sheet,股东资本,600.0,src_6d538319baf4,origin data/VPD-OE_Agent_20260709/VPD-OE_Agent/data/raw/ZY/ZY17.xls,三张报表,C46,46
historical_600_unknown_rule,ZY17,1,第1年,balance_sheet,股东资本,600.0,src_6d538319baf4,origin data/VPD-OE_Agent_20260709/VPD-OE_Agent/data/raw/ZY/ZY17.xls,三张报表,D46,46
historical_600_unknown_rule,ZY17,2,第2年,balance_sheet,股东资本,600.0,src_6d538319baf4,origin data/VPD-OE_Agent_20260709/VPD-OE_Agent/data/raw/ZY/ZY17.xls,三张报表,E46,46
historical_600_unknown_rule,ZY17,3,第3年,balance_sheet,股东资本,600.0,src_6d538319baf4,origin data/VPD-OE_Agent_20260709/VPD-OE_Agent/data/raw/ZY/ZY17.xls,三张报表,F46,46
historical_600_unknown_rule,ZY17,4,第4年,balance_sheet,股东资本,600.0,src_6d538319baf4,origin data/VPD-OE_Agent_20260709/VPD-OE_Agent/data/raw/ZY/ZY17.xls,三张报表,G46,46
historical_600_unknown_rule,ZY17,5,第5年,balance_sheet,股东资本,600.0,src_6d538319baf4,origin data/VPD-OE_Agent_20260709/VPD-OE_Agent/data/raw/ZY/ZY17.xls,三张报表,H46,46
historical_600_unknown_rule,ZY17,0,初始元年,balance_sheet,利润留存,0.0,src_6d538319baf4,origin data/VPD-OE_Agent_20260709/VPD-OE_Agent/data/raw/ZY/ZY17.xls,三张报表,C47,47
historical_600_unknown_rule,ZY17,1,第1年,balance_sheet,利润留存,0.0,src_6d538319baf4,origin data/VPD-OE_Agent_20260709/VPD-OE_Agent/data/raw/ZY/ZY17.xls,三张报表,D47,47
historical_600_unknown_rule,ZY17,2,第2年,balance_sheet,利润留存,-200.0,src_6d538319baf4,origin data/VPD-OE_Agent_20260709/VPD-OE_Agent/data/raw/ZY/ZY17.xls,三张报表,E47,47
historical_600_unknown_rule,ZY17,3,第3年,balance_sheet,利润留存,1.0,src_6d538319baf4,origin data/VPD-OE_Agent_20260709/VPD-OE_Agent/data/raw/ZY/ZY17.xls,三张报表,F47,47
historical_600_unknown_rule,ZY17,4,第4年,balance_sheet,利润留存,24.0,src_6d538319baf4,origin data/VPD-OE_Agent_20260709/VPD-OE_Agent/data/raw/ZY/ZY17.xls,三张报表,G47,47
historical_600_unknown_rule,ZY17,5,第5年,balance_sheet,利润留存,184.0,src_6d538319baf4,origin data/VPD-OE_Agent_20260709/VPD-OE_Agent/data/raw/ZY/ZY17.xls,三张报表,H47,47
historical_600_unknown_rule,ZY17,0,初始元年,balance_sheet,年度净利,0.0,src_6d538319baf4,origin data/VPD-OE_Agent_20260709/VPD-OE_Agent/data/raw/ZY/ZY17.xls,三张报表,C48,48
historical_600_unknown_rule,ZY17,1,第1年,balance_sheet,年度净利,-200.0,src_6d538319baf4,origin data/VPD-OE_Agent_20260709/VPD-OE_Agent/data/raw/ZY/ZY17.xls,三张报表,D48,48
historical_600_unknown_rule,ZY17,2,第2年,balance_sheet,年度净利,201.0,src_6d538319baf4,origin data/VPD-OE_Agent_20260709/VPD-OE_Agent/data/raw/ZY/ZY17.xls,三张报表,E48,48
historical_600_unknown_rule,ZY17,3,第3年,balance_sheet,年度净利,23.0,src_6d538319baf4,origin data/VPD-OE_Agent_20260709/VPD-OE_Agent/data/raw/ZY/ZY17.xls,三张报表,F48,48
historical_600_unknown_rule,ZY17,4,第4年,balance_sheet,年度净利,160.0,src_6d538319baf4,origin data/VPD-OE_Agent_20260709/VPD-OE_Agent/data/raw/ZY/ZY17.xls,三张报表,G48,48
historical_600_unknown_rule,ZY17,5,第5年,balance_sheet,年度净利,162.0,src_6d538319baf4,origin data/VPD-OE_Agent_20260709/VPD-OE_Agent/data/raw/ZY/ZY17.xls,三张报表,H48,48
historical_600_unknown_rule,ZY17,0,初始元年,balance_sheet,所有者权益合计,600.0,src_6d538319baf4,origin data/VPD-OE_Agent_20260709/VPD-OE_Agent/data/raw/ZY/ZY17.xls,三张报表,C49,49
historical_600_unknown_rule,ZY17,1,第1年,balance_sheet,所有者权益合计,400.0,src_6d538319baf4,origin data/VPD-OE_Agent_20260709/VPD-OE_Agent/data/raw/ZY/ZY17.xls,三张报表,D49,49
historical_600_unknown_rule,ZY17,2,第2年,balance_sheet,所有者权益合计,601.0,src_6d538319baf4,origin data/VPD-OE_Agent_20260709/VPD-OE_Agent/data/raw/ZY/ZY17.xls,三张报表,E49,49
historical_600_unknown_rule,ZY17,3,第3年,balance_sheet,所有者权益合计,624.0,src_6d538319baf4,origin data/VPD-OE_Agent_20260709/VPD-OE_Agent/data/raw/ZY/ZY17.xls,三张报表,F49,49
historical_600_unknown_rule,ZY17,4,第4年,balance_sheet,所有者权益合计,784.0,src_6d538319baf4,origin data/VPD-OE_Agent_20260709/VPD-OE_Agent/data/raw/ZY/ZY17.xls,三张报表,G49,49
historical_600_unknown_rule,ZY17,5,第5年,balance_sheet,所有者权益合计,946.0,src_6d538319baf4,origin data/VPD-OE_Agent_20260709/VPD-OE_Agent/data/raw/ZY/ZY17.xls,三张报表,H49,49
historical_600_unknown_rule,ZY17,0,初始元年,balance_sheet,负债和所有者权益总计,600.0,src_6d538319baf4,origin data/VPD-OE_Agent_20260709/VPD-OE_Agent/data/raw/ZY/ZY17.xls,三张报表,C50,50
historical_600_unknown_rule,ZY17,1,第1年,balance_sheet,负债和所有者权益总计,804.0,src_6d538319baf4,origin data/VPD-OE_Agent_20260709/VPD-OE_Agent/data/raw/ZY/ZY17.xls,三张报表,D50,50
historical_600_unknown_rule,ZY17,2,第2年,balance_sheet,负债和所有者权益总计,1633.0,src_6d538319baf4,origin data/VPD-OE_Agent_20260709/VPD-OE_Agent/data/raw/ZY/ZY17.xls,三张报表,E50,50
historical_600_unknown_rule,ZY17,3,第3年,balance_sheet,负债和所有者权益总计,1554.0,src_6d538319baf4,origin data/VPD-OE_Agent_20260709/VPD-OE_Agent/data/raw/ZY/ZY17.xls,三张报表,F50,50
historical_600_unknown_rule,ZY17,4,第4年,balance_sheet,负债和所有者权益总计,2328.0,src_6d538319baf4,origin data/VPD-OE_Agent_20260709/VPD-OE_Agent/data/raw/ZY/ZY17.xls,三张报表,G50,50
historical_600_unknown_rule,ZY17,5,第5年,balance_sheet,负债和所有者权益总计,3352.0,src_6d538319baf4,origin data/VPD-OE_Agent_20260709/VPD-OE_Agent/data/raw/ZY/ZY17.xls,三张报表,H50,50
