competition_id,team_id,year,product_id,market_name,amount_wan,source_id,source_path,source_sheet,source_cell,source_row
historical_600_unknown_rule,ZY01,2,P1,本地,0.0,src_e85a7b3ae609,origin data/VPD-OE_Agent_20260709/VPD-OE_Agent/data/raw/ZY/ZY01.xls,广告投放,C4,4
historical_600_unknown_rule,ZY01,2,P1,区域,0.0,src_e85a7b3ae609,origin data/VPD-OE_Agent_20260709/VPD-OE_Agent/data/raw/ZY/ZY01.xls,广告投放,D4,4
historical_600_unknown_rule,ZY01,2,P1,国内,0.0,src_e85a7b3ae609,origin data/VPD-OE_Agent_20260709/VPD-OE_Agent/data/raw/ZY/ZY01.xls,广告投放,E4,4
historical_600_unknown_rule,ZY01,2,P1,亚洲,0.0,src_e85a7b3ae609,origin data/VPD-OE_Agent_20260709/VPD-OE_Agent/data/raw/ZY/ZY01.xls,广告投放,F4,4
historical_600_unknown_rule,ZY01,2,P1,国际,0.0,src_e85a7b3ae609,origin data/VPD-OE_Agent_20260709/VPD-OE_Agent/data/raw/ZY/ZY01.xls,广告投放,G4,4
historical_600_unknown_rule,ZY01,2,P2,本地,0.0,src_e85a7b3ae609,origin data/VPD-OE_Agent_20260709/VPD-OE_Agent/data/raw/ZY/ZY01.xls,广告投放,C5,5
historical_600_unknown_rule,ZY01,2,P2,区域,0.0,src_e85a7b3ae609,origin data/VPD-OE_Agent_20260709/VPD-OE_Agent/data/raw/ZY/ZY01.xls,广告投放,D5,5
historical_600_unknown_rule,ZY01,2,P2,国内,0.0,src_e85a7b3ae609,origin data/VPD-OE_Agent_20260709/VPD-OE_Agent/data/raw/ZY/ZY01.xls,广告投放,E5,5
historical_600_unknown_rule,ZY01,2,P2,亚洲,0.0,src_e85a7b3ae609,origin data/VPD-OE_Agent_20260709/VPD-OE_Agent/data/raw/ZY/ZY01.xls,广告投放,F5,5
historical_600_unknown_rule,ZY01,2,P2,国际,0.0,src_e85a7b3ae609,origin data/VPD-OE_Agent_20260709/VPD-OE_Agent/data/raw/ZY/ZY01.xls,广告投放,G5,5
historical_600_unknown_rule,ZY01,2,P3,本地,0.0,src_e85a7b3ae609,origin data/VPD-OE_Agent_20260709/VPD-OE_Agent/data/raw/ZY/ZY01.xls,广告投放,C6,6
historical_600_unknown_rule,ZY01,2,P3,区域,0.0,src_e85a7b3ae609,origin data/VPD-OE_Agent_20260709/VPD-OE_Agent/data/raw/ZY/ZY01.xls,广告投放,D6,6
historical_600_unknown_rule,ZY01,2,P3,国内,0.0,src_e85a7b3ae609,origin data/VPD-OE_Agent_20260709/VPD-OE_Agent/data/raw/ZY/ZY01.xls,广告投放,E6,6
historical_600_unknown_rule,ZY01,2,P3,亚洲,0.0,src_e85a7b3ae609,origin data/VPD-OE_Agent_20260709/VPD-OE_Agent/data/raw/ZY/ZY01.xls,广告投放,F6,6
historical_600_unknown_rule,ZY01,2,P3,国际,0.0,src_e85a7b3ae609,origin data/VPD-OE_Agent_20260709/VPD-OE_Agent/data/raw/ZY/ZY01.xls,广告投放,G6,6
historical_600_unknown_rule,ZY01,2,P4,本地,0.0,src_e85a7b3ae609,origin data/VPD-OE_Agent_20260709/VPD-OE_Agent/data/raw/ZY/ZY01.xls,广告投放,C7,7
historical_600_unknown_rule,ZY01,2,P4,区域,0.0,src_e85a7b3ae609,origin data/VPD-OE_Agent_20260709/VPD-OE_Agent/data/raw/ZY/ZY01.xls,广告投放,D7,7
historical_600_unknown_rule,ZY01,2,P4,国内,0.0,src_e85a7b3ae609,origin data/VPD-OE_Agent_20260709/VPD-OE_Agent/data/raw/ZY/ZY01.xls,广告投放,E7,7
historical_600_unknown_rule,ZY01,2,P4,亚洲,0.0,src_e85a7b3ae609,origin data/VPD-OE_Agent_20260709/VPD-OE_Agent/data/raw/ZY/ZY01.xls,广告投放,F7,7
historical_600_unknown_rule,ZY01,2,P4,国际,0.0,src_e85a7b3ae609,origin data/VPD-OE_Agent_20260709/VPD-OE_Agent/data/raw/ZY/ZY01.xls,广告投放,G7,7
historical_600_unknown_rule,ZY01,3,P1,本地,0.0,src_e85a7b3ae609,origin data/VPD-OE_Agent_20260709/VPD-OE_Agent/data/raw/ZY/ZY01.xls,广告投放,C11,11
historical_600_unknown_rule,ZY01,3,P1,区域,0.0,src_e85a7b3ae609,origin data/VPD-OE_Agent_20260709/VPD-OE_Agent/data/raw/ZY/ZY01.xls,广告投放,D11,11
historical_600_unknown_rule,ZY01,3,P1,国内,0.0,src_e85a7b3ae609,origin data/VPD-OE_Agent_20260709/VPD-OE_Agent/data/raw/ZY/ZY01.xls,广告投放,E11,11
historical_600_unknown_rule,ZY01,3,P1,亚洲,0.0,src_e85a7b3ae609,origin data/VPD-OE_Agent_20260709/VPD-OE_Agent/data/raw/ZY/ZY01.xls,广告投放,F11,11
historical_600_unknown_rule,ZY01,3,P1,国际,0.0,src_e85a7b3ae609,origin data/VPD-OE_Agent_20260709/VPD-OE_Agent/data/raw/ZY/ZY01.xls,广告投放,G11,11
historical_600_unknown_rule,ZY01,3,P2,本地,0.0,src_e85a7b3ae609,origin data/VPD-OE_Agent_20260709/VPD-OE_Agent/data/raw/ZY/ZY01.xls,广告投放,C12,12
historical_600_unknown_rule,ZY01,3,P2,区域,0.0,src_e85a7b3ae609,origin data/VPD-OE_Agent_20260709/VPD-OE_Agent/data/raw/ZY/ZY01.xls,广告投放,D12,12
historical_600_unknown_rule,ZY01,3,P2,国内,0.0,src_e85a7b3ae609,origin data/VPD-OE_Agent_20260709/VPD-OE_Agent/data/raw/ZY/ZY01.xls,广告投放,E12,12
historical_600_unknown_rule,ZY01,3,P2,亚洲,0.0,src_e85a7b3ae609,origin data/VPD-OE_Agent_20260709/VPD-OE_Agent/data/raw/ZY/ZY01.xls,广告投放,F12,12
historical_600_unknown_rule,ZY01,3,P2,国际,0.0,src_e85a7b3ae609,origin data/VPD-OE_Agent_20260709/VPD-OE_Agent/data/raw/ZY/ZY01.xls,广告投放,G12,12
historical_600_unknown_rule,ZY01,3,P3,本地,0.0,src_e85a7b3ae609,origin data/VPD-OE_Agent_20260709/VPD-OE_Agent/data/raw/ZY/ZY01.xls,广告投放,C13,13
historical_600_unknown_rule,ZY01,3,P3,区域,0.0,src_e85a7b3ae609,origin data/VPD-OE_Agent_20260709/VPD-OE_Agent/data/raw/ZY/ZY01.xls,广告投放,D13,13
historical_600_unknown_rule,ZY01,3,P3,国内,0.0,src_e85a7b3ae609,origin data/VPD-OE_Agent_20260709/VPD-OE_Agent/data/raw/ZY/ZY01.xls,广告投放,E13,13
historical_600_unknown_rule,ZY01,3,P3,亚洲,0.0,src_e85a7b3ae609,origin data/VPD-OE_Agent_20260709/VPD-OE_Agent/data/raw/ZY/ZY01.xls,广告投放,F13,13
historical_600_unknown_rule,ZY01,3,P3,国际,0.0,src_e85a7b3ae609,origin data/VPD-OE_Agent_20260709/VPD-OE_Agent/data/raw/ZY/ZY01.xls,广告投放,G13,13
historical_600_unknown_rule,ZY01,3,P4,本地,0.0,src_e85a7b3ae609,origin data/VPD-OE_Agent_20260709/VPD-OE_Agent/data/raw/ZY/ZY01.xls,广告投放,C14,14
historical_600_unknown_rule,ZY01,3,P4,区域,0.0,src_e85a7b3ae609,origin data/VPD-OE_Agent_20260709/VPD-OE_Agent/data/raw/ZY/ZY01.xls,广告投放,D14,14
historical_600_unknown_rule,ZY01,3,P4,国内,0.0,src_e85a7b3ae609,origin data/VPD-OE_Agent_20260709/VPD-OE_Agent/data/raw/ZY/ZY01.xls,广告投放,E14,14
historical_600_unknown_rule,ZY01,3,P4,亚洲,0.0,src_e85a7b3ae609,origin data/VPD-OE_Agent_20260709/VPD-OE_Agent/data/raw/ZY/ZY01.xls,广告投放,F14,14
historical_600_unknown_rule,ZY01,3,P4,国际,0.0,src_e85a7b3ae609,origin data/VPD-OE_Agent_20260709/VPD-OE_Agent/data/raw/ZY/ZY01.xls,广告投放,G14,14
historical_600_unknown_rule,ZY01,4,P1,本地,0.0,src_e85a7b3ae609,origin data/VPD-OE_Agent_20260709/VPD-OE_Agent/data/raw/ZY/ZY01.xls,广告投放,C18,18
historical_600_unknown_rule,ZY01,4,P1,区域,0.0,src_e85a7b3ae609,origin data/VPD-OE_Agent_20260709/VPD-OE_Agent/data/raw/ZY/ZY01.xls,广告投放,D18,18
historical_600_unknown_rule,ZY01,4,P1,国内,0.0,src_e85a7b3ae609,origin data/VPD-OE_Agent_20260709/VPD-OE_Agent/data/raw/ZY/ZY01.xls,广告投放,E18,18
historical_600_unknown_rule,ZY01,4,P1,亚洲,0.0,src_e85a7b3ae609,origin data/VPD-OE_Agent_20260709/VPD-OE_Agent/data/raw/ZY/ZY01.xls,广告投放,F18,18
historical_600_unknown_rule,ZY01,4,P1,国际,0.0,src_e85a7b3ae609,origin data/VPD-OE_Agent_20260709/VPD-OE_Agent/data/raw/ZY/ZY01.xls,广告投放,G18,18
historical_600_unknown_rule,ZY01,4,P2,本地,0.0,src_e85a7b3ae609,origin data/VPD-OE_Agent_20260709/VPD-OE_Agent/data/raw/ZY/ZY01.xls,广告投放,C19,19
historical_600_unknown_rule,ZY01,4,P2,区域,0.0,src_e85a7b3ae609,origin data/VPD-OE_Agent_20260709/VPD-OE_Agent/data/raw/ZY/ZY01.xls,广告投放,D19,19
historical_600_unknown_rule,ZY01,4,P2,国内,0.0,src_e85a7b3ae609,origin data/VPD-OE_Agent_20260709/VPD-OE_Agent/data/raw/ZY/ZY01.xls,广告投放,E19,19
historical_600_unknown_rule,ZY01,4,P2,亚洲,0.0,src_e85a7b3ae609,origin data/VPD-OE_Agent_20260709/VPD-OE_Agent/data/raw/ZY/ZY01.xls,广告投放,F19,19
historical_600_unknown_rule,ZY01,4,P2,国际,0.0,src_e85a7b3ae609,origin data/VPD-OE_Agent_20260709/VPD-OE_Agent/data/raw/ZY/ZY01.xls,广告投放,G19,19
historical_600_unknown_rule,ZY01,4,P3,本地,0.0,src_e85a7b3ae609,origin data/VPD-OE_Agent_20260709/VPD-OE_Agent/data/raw/ZY/ZY01.xls,广告投放,C20,20
historical_600_unknown_rule,ZY01,4,P3,区域,0.0,src_e85a7b3ae609,origin data/VPD-OE_Agent_20260709/VPD-OE_Agent/data/raw/ZY/ZY01.xls,广告投放,D20,20
historical_600_unknown_rule,ZY01,4,P3,国内,0.0,src_e85a7b3ae609,origin data/VPD-OE_Agent_20260709/VPD-OE_Agent/data/raw/ZY/ZY01.xls,广告投放,E20,20
historical_600_unknown_rule,ZY01,4,P3,亚洲,0.0,src_e85a7b3ae609,origin data/VPD-OE_Agent_20260709/VPD-OE_Agent/data/raw/ZY/ZY01.xls,广告投放,F20,20
historical_600_unknown_rule,ZY01,4,P3,国际,0.0,src_e85a7b3ae609,origin data/VPD-OE_Agent_20260709/VPD-OE_Agent/data/raw/ZY/ZY01.xls,广告投放,G20,20
historical_600_unknown_rule,ZY01,4,P4,本地,0.0,src_e85a7b3ae609,origin data/VPD-OE_Agent_20260709/VPD-OE_Agent/data/raw/ZY/ZY01.xls,广告投放,C21,21
historical_600_unknown_rule,ZY01,4,P4,区域,0.0,src_e85a7b3ae609,origin data/VPD-OE_Agent_20260709/VPD-OE_Agent/data/raw/ZY/ZY01.xls,广告投放,D21,21
historical_600_unknown_rule,ZY01,4,P4,国内,0.0,src_e85a7b3ae609,origin data/VPD-OE_Agent_20260709/VPD-OE_Agent/data/raw/ZY/ZY01.xls,广告投放,E21,21
historical_600_unknown_rule,ZY01,4,P4,亚洲,0.0,src_e85a7b3ae609,origin data/VPD-OE_Agent_20260709/VPD-OE_Agent/data/raw/ZY/ZY01.xls,广告投放,F21,21
historical_600_unknown_rule,ZY01,4,P4,国际,0.0,src_e85a7b3ae609,origin data/VPD-OE_Agent_20260709/VPD-OE_Agent/data/raw/ZY/ZY01.xls,广告投放,G21,21
historical_600_unknown_rule,ZY01,5,P1,本地,0.0,src_e85a7b3ae609,origin data/VPD-OE_Agent_20260709/VPD-OE_Agent/data/raw/ZY/ZY01.xls,广告投放,C25,25
historical_600_unknown_rule,ZY01,5,P1,区域,0.0,src_e85a7b3ae609,origin data/VPD-OE_Agent_20260709/VPD-OE_Agent/data/raw/ZY/ZY01.xls,广告投放,D25,25
historical_600_unknown_rule,ZY01,5,P1,国内,0.0,src_e85a7b3ae609,origin data/VPD-OE_Agent_20260709/VPD-OE_Agent/data/raw/ZY/ZY01.xls,广告投放,E25,25
historical_600_unknown_rule,ZY01,5,P1,亚洲,0.0,src_e85a7b3ae609,origin data/VPD-OE_Agent_20260709/VPD-OE_Agent/data/raw/ZY/ZY01.xls,广告投放,F25,25
historical_600_unknown_rule,ZY01,5,P1,国际,0.0,src_e85a7b3ae609,origin data/VPD-OE_Agent_20260709/VPD-OE_Agent/data/raw/ZY/ZY01.xls,广告投放,G25,25
historical_600_unknown_rule,ZY01,5,P2,本地,0.0,src_e85a7b3ae609,origin data/VPD-OE_Agent_20260709/VPD-OE_Agent/data/raw/ZY/ZY01.xls,广告投放,C26,26
historical_600_unknown_rule,ZY01,5,P2,区域,0.0,src_e85a7b3ae609,origin data/VPD-OE_Agent_20260709/VPD-OE_Agent/data/raw/ZY/ZY01.xls,广告投放,D26,26
historical_600_unknown_rule,ZY01,5,P2,国内,0.0,src_e85a7b3ae609,origin data/VPD-OE_Agent_20260709/VPD-OE_Agent/data/raw/ZY/ZY01.xls,广告投放,E26,26
historical_600_unknown_rule,ZY01,5,P2,亚洲,0.0,src_e85a7b3ae609,origin data/VPD-OE_Agent_20260709/VPD-OE_Agent/data/raw/ZY/ZY01.xls,广告投放,F26,26
historical_600_unknown_rule,ZY01,5,P2,国际,0.0,src_e85a7b3ae609,origin data/VPD-OE_Agent_20260709/VPD-OE_Agent/data/raw/ZY/ZY01.xls,广告投放,G26,26
historical_600_unknown_rule,ZY01,5,P3,本地,0.0,src_e85a7b3ae609,origin data/VPD-OE_Agent_20260709/VPD-OE_Agent/data/raw/ZY/ZY01.xls,广告投放,C27,27
historical_600_unknown_rule,ZY01,5,P3,区域,0.0,src_e85a7b3ae609,origin data/VPD-OE_Agent_20260709/VPD-OE_Agent/data/raw/ZY/ZY01.xls,广告投放,D27,27
historical_600_unknown_rule,ZY01,5,P3,国内,0.0,src_e85a7b3ae609,origin data/VPD-OE_Agent_20260709/VPD-OE_Agent/data/raw/ZY/ZY01.xls,广告投放,E27,27
historical_600_unknown_rule,ZY01,5,P3,亚洲,0.0,src_e85a7b3ae609,origin data/VPD-OE_Agent_20260709/VPD-OE_Agent/data/raw/ZY/ZY01.xls,广告投放,F27,27
historical_600_unknown_rule,ZY01,5,P3,国际,0.0,src_e85a7b3ae609,origin data/VPD-OE_Agent_20260709/VPD-OE_Agent/data/raw/ZY/ZY01.xls,广告投放,G27,27
historical_600_unknown_rule,ZY01,5,P4,本地,0.0,src_e85a7b3ae609,origin data/VPD-OE_Agent_20260709/VPD-OE_Agent/data/raw/ZY/ZY01.xls,广告投放,C28,28
historical_600_unknown_rule,ZY01,5,P4,区域,0.0,src_e85a7b3ae609,origin data/VPD-OE_Agent_20260709/VPD-OE_Agent/data/raw/ZY/ZY01.xls,广告投放,D28,28
historical_600_unknown_rule,ZY01,5,P4,国内,0.0,src_e85a7b3ae609,origin data/VPD-OE_Agent_20260709/VPD-OE_Agent/data/raw/ZY/ZY01.xls,广告投放,E28,28
historical_600_unknown_rule,ZY01,5,P4,亚洲,0.0,src_e85a7b3ae609,origin data/VPD-OE_Agent_20260709/VPD-OE_Agent/data/raw/ZY/ZY01.xls,广告投放,F28,28
historical_600_unknown_rule,ZY01,5,P4,国际,0.0,src_e85a7b3ae609,origin data/VPD-OE_Agent_20260709/VPD-OE_Agent/data/raw/ZY/ZY01.xls,广告投放,G28,28
historical_600_unknown_rule,ZY01,6,P1,本地,0.0,src_e85a7b3ae609,origin data/VPD-OE_Agent_20260709/VPD-OE_Agent/data/raw/ZY/ZY01.xls,广告投放,C32,32
historical_600_unknown_rule,ZY01,6,P1,区域,0.0,src_e85a7b3ae609,origin data/VPD-OE_Agent_20260709/VPD-OE_Agent/data/raw/ZY/ZY01.xls,广告投放,D32,32
historical_600_unknown_rule,ZY01,6,P1,国内,0.0,src_e85a7b3ae609,origin data/VPD-OE_Agent_20260709/VPD-OE_Agent/data/raw/ZY/ZY01.xls,广告投放,E32,32
historical_600_unknown_rule,ZY01,6,P1,亚洲,0.0,src_e85a7b3ae609,origin data/VPD-OE_Agent_20260709/VPD-OE_Agent/data/raw/ZY/ZY01.xls,广告投放,F32,32
historical_600_unknown_rule,ZY01,6,P1,国际,0.0,src_e85a7b3ae609,origin data/VPD-OE_Agent_20260709/VPD-OE_Agent/data/raw/ZY/ZY01.xls,广告投放,G32,32
historical_600_unknown_rule,ZY01,6,P2,本地,0.0,src_e85a7b3ae609,origin data/VPD-OE_Agent_20260709/VPD-OE_Agent/data/raw/ZY/ZY01.xls,广告投放,C33,33
historical_600_unknown_rule,ZY01,6,P2,区域,0.0,src_e85a7b3ae609,origin data/VPD-OE_Agent_20260709/VPD-OE_Agent/data/raw/ZY/ZY01.xls,广告投放,D33,33
historical_600_unknown_rule,ZY01,6,P2,国内,0.0,src_e85a7b3ae609,origin data/VPD-OE_Agent_20260709/VPD-OE_Agent/data/raw/ZY/ZY01.xls,广告投放,E33,33
historical_600_unknown_rule,ZY01,6,P2,亚洲,0.0,src_e85a7b3ae609,origin data/VPD-OE_Agent_20260709/VPD-OE_Agent/data/raw/ZY/ZY01.xls,广告投放,F33,33
historical_600_unknown_rule,ZY01,6,P2,国际,0.0,src_e85a7b3ae609,origin data/VPD-OE_Agent_20260709/VPD-OE_Agent/data/raw/ZY/ZY01.xls,广告投放,G33,33
historical_600_unknown_rule,ZY01,6,P3,本地,0.0,src_e85a7b3ae609,origin data/VPD-OE_Agent_20260709/VPD-OE_Agent/data/raw/ZY/ZY01.xls,广告投放,C34,34
historical_600_unknown_rule,ZY01,6,P3,区域,0.0,src_e85a7b3ae609,origin data/VPD-OE_Agent_20260709/VPD-OE_Agent/data/raw/ZY/ZY01.xls,广告投放,D34,34
historical_600_unknown_rule,ZY01,6,P3,国内,0.0,src_e85a7b3ae609,origin data/VPD-OE_Agent_20260709/VPD-OE_Agent/data/raw/ZY/ZY01.xls,广告投放,E34,34
historical_600_unknown_rule,ZY01,6,P3,亚洲,0.0,src_e85a7b3ae609,origin data/VPD-OE_Agent_20260709/VPD-OE_Agent/data/raw/ZY/ZY01.xls,广告投放,F34,34
historical_600_unknown_rule,ZY01,6,P3,国际,0.0,src_e85a7b3ae609,origin data/VPD-OE_Agent_20260709/VPD-OE_Agent/data/raw/ZY/ZY01.xls,广告投放,G34,34
historical_600_unknown_rule,ZY01,6,P4,本地,0.0,src_e85a7b3ae609,origin data/VPD-OE_Agent_20260709/VPD-OE_Agent/data/raw/ZY/ZY01.xls,广告投放,C35,35
historical_600_unknown_rule,ZY01,6,P4,区域,0.0,src_e85a7b3ae609,origin data/VPD-OE_Agent_20260709/VPD-OE_Agent/data/raw/ZY/ZY01.xls,广告投放,D35,35
historical_600_unknown_rule,ZY01,6,P4,国内,0.0,src_e85a7b3ae609,origin data/VPD-OE_Agent_20260709/VPD-OE_Agent/data/raw/ZY/ZY01.xls,广告投放,E35,35
historical_600_unknown_rule,ZY01,6,P4,亚洲,0.0,src_e85a7b3ae609,origin data/VPD-OE_Agent_20260709/VPD-OE_Agent/data/raw/ZY/ZY01.xls,广告投放,F35,35
historical_600_unknown_rule,ZY01,6,P4,国际,0.0,src_e85a7b3ae609,origin data/VPD-OE_Agent_20260709/VPD-OE_Agent/data/raw/ZY/ZY01.xls,广告投放,G35,35
historical_600_unknown_rule,ZY02,2,P1,本地,0.0,src_bef4b86b4c71,origin data/VPD-OE_Agent_20260709/VPD-OE_Agent/data/raw/ZY/ZY02.xls,广告投放,C4,4
historical_600_unknown_rule,ZY02,2,P1,区域,0.0,src_bef4b86b4c71,origin data/VPD-OE_Agent_20260709/VPD-OE_Agent/data/raw/ZY/ZY02.xls,广告投放,D4,4
historical_600_unknown_rule,ZY02,2,P1,国内,0.0,src_bef4b86b4c71,origin data/VPD-OE_Agent_20260709/VPD-OE_Agent/data/raw/ZY/ZY02.xls,广告投放,E4,4
historical_600_unknown_rule,ZY02,2,P1,亚洲,0.0,src_bef4b86b4c71,origin data/VPD-OE_Agent_20260709/VPD-OE_Agent/data/raw/ZY/ZY02.xls,广告投放,F4,4
historical_600_unknown_rule,ZY02,2,P1,国际,0.0,src_bef4b86b4c71,origin data/VPD-OE_Agent_20260709/VPD-OE_Agent/data/raw/ZY/ZY02.xls,广告投放,G4,4
historical_600_unknown_rule,ZY02,2,P2,本地,10.0,src_bef4b86b4c71,origin data/VPD-OE_Agent_20260709/VPD-OE_Agent/data/raw/ZY/ZY02.xls,广告投放,C5,5
historical_600_unknown_rule,ZY02,2,P2,区域,11.0,src_bef4b86b4c71,origin data/VPD-OE_Agent_20260709/VPD-OE_Agent/data/raw/ZY/ZY02.xls,广告投放,D5,5
historical_600_unknown_rule,ZY02,2,P2,国内,0.0,src_bef4b86b4c71,origin data/VPD-OE_Agent_20260709/VPD-OE_Agent/data/raw/ZY/ZY02.xls,广告投放,E5,5
historical_600_unknown_rule,ZY02,2,P2,亚洲,0.0,src_bef4b86b4c71,origin data/VPD-OE_Agent_20260709/VPD-OE_Agent/data/raw/ZY/ZY02.xls,广告投放,F5,5
historical_600_unknown_rule,ZY02,2,P2,国际,0.0,src_bef4b86b4c71,origin data/VPD-OE_Agent_20260709/VPD-OE_Agent/data/raw/ZY/ZY02.xls,广告投放,G5,5
historical_600_unknown_rule,ZY02,2,P3,本地,11.0,src_bef4b86b4c71,origin data/VPD-OE_Agent_20260709/VPD-OE_Agent/data/raw/ZY/ZY02.xls,广告投放,C6,6
historical_600_unknown_rule,ZY02,2,P3,区域,0.0,src_bef4b86b4c71,origin data/VPD-OE_Agent_20260709/VPD-OE_Agent/data/raw/ZY/ZY02.xls,广告投放,D6,6
historical_600_unknown_rule,ZY02,2,P3,国内,0.0,src_bef4b86b4c71,origin data/VPD-OE_Agent_20260709/VPD-OE_Agent/data/raw/ZY/ZY02.xls,广告投放,E6,6
historical_600_unknown_rule,ZY02,2,P3,亚洲,0.0,src_bef4b86b4c71,origin data/VPD-OE_Agent_20260709/VPD-OE_Agent/data/raw/ZY/ZY02.xls,广告投放,F6,6
historical_600_unknown_rule,ZY02,2,P3,国际,0.0,src_bef4b86b4c71,origin data/VPD-OE_Agent_20260709/VPD-OE_Agent/data/raw/ZY/ZY02.xls,广告投放,G6,6
historical_600_unknown_rule,ZY02,2,P4,本地,0.0,src_bef4b86b4c71,origin data/VPD-OE_Agent_20260709/VPD-OE_Agent/data/raw/ZY/ZY02.xls,广告投放,C7,7
historical_600_unknown_rule,ZY02,2,P4,区域,0.0,src_bef4b86b4c71,origin data/VPD-OE_Agent_20260709/VPD-OE_Agent/data/raw/ZY/ZY02.xls,广告投放,D7,7
historical_600_unknown_rule,ZY02,2,P4,国内,0.0,src_bef4b86b4c71,origin data/VPD-OE_Agent_20260709/VPD-OE_Agent/data/raw/ZY/ZY02.xls,广告投放,E7,7
historical_600_unknown_rule,ZY02,2,P4,亚洲,0.0,src_bef4b86b4c71,origin data/VPD-OE_Agent_20260709/VPD-OE_Agent/data/raw/ZY/ZY02.xls,广告投放,F7,7
historical_600_unknown_rule,ZY02,2,P4,国际,0.0,src_bef4b86b4c71,origin data/VPD-OE_Agent_20260709/VPD-OE_Agent/data/raw/ZY/ZY02.xls,广告投放,G7,7
historical_600_unknown_rule,ZY02,3,P1,本地,0.0,src_bef4b86b4c71,origin data/VPD-OE_Agent_20260709/VPD-OE_Agent/data/raw/ZY/ZY02.xls,广告投放,C11,11
historical_600_unknown_rule,ZY02,3,P1,区域,0.0,src_bef4b86b4c71,origin data/VPD-OE_Agent_20260709/VPD-OE_Agent/data/raw/ZY/ZY02.xls,广告投放,D11,11
historical_600_unknown_rule,ZY02,3,P1,国内,0.0,src_bef4b86b4c71,origin data/VPD-OE_Agent_20260709/VPD-OE_Agent/data/raw/ZY/ZY02.xls,广告投放,E11,11
historical_600_unknown_rule,ZY02,3,P1,亚洲,0.0,src_bef4b86b4c71,origin data/VPD-OE_Agent_20260709/VPD-OE_Agent/data/raw/ZY/ZY02.xls,广告投放,F11,11
historical_600_unknown_rule,ZY02,3,P1,国际,0.0,src_bef4b86b4c71,origin data/VPD-OE_Agent_20260709/VPD-OE_Agent/data/raw/ZY/ZY02.xls,广告投放,G11,11
historical_600_unknown_rule,ZY02,3,P2,本地,16.0,src_bef4b86b4c71,origin data/VPD-OE_Agent_20260709/VPD-OE_Agent/data/raw/ZY/ZY02.xls,广告投放,C12,12
historical_600_unknown_rule,ZY02,3,P2,区域,0.0,src_bef4b86b4c71,origin data/VPD-OE_Agent_20260709/VPD-OE_Agent/data/raw/ZY/ZY02.xls,广告投放,D12,12
historical_600_unknown_rule,ZY02,3,P2,国内,0.0,src_bef4b86b4c71,origin data/VPD-OE_Agent_20260709/VPD-OE_Agent/data/raw/ZY/ZY02.xls,广告投放,E12,12
historical_600_unknown_rule,ZY02,3,P2,亚洲,0.0,src_bef4b86b4c71,origin data/VPD-OE_Agent_20260709/VPD-OE_Agent/data/raw/ZY/ZY02.xls,广告投放,F12,12
historical_600_unknown_rule,ZY02,3,P2,国际,0.0,src_bef4b86b4c71,origin data/VPD-OE_Agent_20260709/VPD-OE_Agent/data/raw/ZY/ZY02.xls,广告投放,G12,12
historical_600_unknown_rule,ZY02,3,P3,本地,30.0,src_bef4b86b4c71,origin data/VPD-OE_Agent_20260709/VPD-OE_Agent/data/raw/ZY/ZY02.xls,广告投放,C13,13
historical_600_unknown_rule,ZY02,3,P3,区域,20.0,src_bef4b86b4c71,origin data/VPD-OE_Agent_20260709/VPD-OE_Agent/data/raw/ZY/ZY02.xls,广告投放,D13,13
historical_600_unknown_rule,ZY02,3,P3,国内,0.0,src_bef4b86b4c71,origin data/VPD-OE_Agent_20260709/VPD-OE_Agent/data/raw/ZY/ZY02.xls,广告投放,E13,13
historical_600_unknown_rule,ZY02,3,P3,亚洲,0.0,src_bef4b86b4c71,origin data/VPD-OE_Agent_20260709/VPD-OE_Agent/data/raw/ZY/ZY02.xls,广告投放,F13,13
historical_600_unknown_rule,ZY02,3,P3,国际,0.0,src_bef4b86b4c71,origin data/VPD-OE_Agent_20260709/VPD-OE_Agent/data/raw/ZY/ZY02.xls,广告投放,G13,13
historical_600_unknown_rule,ZY02,3,P4,本地,0.0,src_bef4b86b4c71,origin data/VPD-OE_Agent_20260709/VPD-OE_Agent/data/raw/ZY/ZY02.xls,广告投放,C14,14
historical_600_unknown_rule,ZY02,3,P4,区域,0.0,src_bef4b86b4c71,origin data/VPD-OE_Agent_20260709/VPD-OE_Agent/data/raw/ZY/ZY02.xls,广告投放,D14,14
historical_600_unknown_rule,ZY02,3,P4,国内,0.0,src_bef4b86b4c71,origin data/VPD-OE_Agent_20260709/VPD-OE_Agent/data/raw/ZY/ZY02.xls,广告投放,E14,14
historical_600_unknown_rule,ZY02,3,P4,亚洲,0.0,src_bef4b86b4c71,origin data/VPD-OE_Agent_20260709/VPD-OE_Agent/data/raw/ZY/ZY02.xls,广告投放,F14,14
historical_600_unknown_rule,ZY02,3,P4,国际,0.0,src_bef4b86b4c71,origin data/VPD-OE_Agent_20260709/VPD-OE_Agent/data/raw/ZY/ZY02.xls,广告投放,G14,14
historical_600_unknown_rule,ZY02,4,P1,本地,0.0,src_bef4b86b4c71,origin data/VPD-OE_Agent_20260709/VPD-OE_Agent/data/raw/ZY/ZY02.xls,广告投放,C18,18
historical_600_unknown_rule,ZY02,4,P1,区域,0.0,src_bef4b86b4c71,origin data/VPD-OE_Agent_20260709/VPD-OE_Agent/data/raw/ZY/ZY02.xls,广告投放,D18,18
historical_600_unknown_rule,ZY02,4,P1,国内,0.0,src_bef4b86b4c71,origin data/VPD-OE_Agent_20260709/VPD-OE_Agent/data/raw/ZY/ZY02.xls,广告投放,E18,18
historical_600_unknown_rule,ZY02,4,P1,亚洲,0.0,src_bef4b86b4c71,origin data/VPD-OE_Agent_20260709/VPD-OE_Agent/data/raw/ZY/ZY02.xls,广告投放,F18,18
historical_600_unknown_rule,ZY02,4,P1,国际,0.0,src_bef4b86b4c71,origin data/VPD-OE_Agent_20260709/VPD-OE_Agent/data/raw/ZY/ZY02.xls,广告投放,G18,18
historical_600_unknown_rule,ZY02,4,P2,本地,0.0,src_bef4b86b4c71,origin data/VPD-OE_Agent_20260709/VPD-OE_Agent/data/raw/ZY/ZY02.xls,广告投放,C19,19
historical_600_unknown_rule,ZY02,4,P2,区域,0.0,src_bef4b86b4c71,origin data/VPD-OE_Agent_20260709/VPD-OE_Agent/data/raw/ZY/ZY02.xls,广告投放,D19,19
historical_600_unknown_rule,ZY02,4,P2,国内,0.0,src_bef4b86b4c71,origin data/VPD-OE_Agent_20260709/VPD-OE_Agent/data/raw/ZY/ZY02.xls,广告投放,E19,19
historical_600_unknown_rule,ZY02,4,P2,亚洲,0.0,src_bef4b86b4c71,origin data/VPD-OE_Agent_20260709/VPD-OE_Agent/data/raw/ZY/ZY02.xls,广告投放,F19,19
historical_600_unknown_rule,ZY02,4,P2,国际,0.0,src_bef4b86b4c71,origin data/VPD-OE_Agent_20260709/VPD-OE_Agent/data/raw/ZY/ZY02.xls,广告投放,G19,19
historical_600_unknown_rule,ZY02,4,P3,本地,25.0,src_bef4b86b4c71,origin data/VPD-OE_Agent_20260709/VPD-OE_Agent/data/raw/ZY/ZY02.xls,广告投放,C20,20
historical_600_unknown_rule,ZY02,4,P3,区域,0.0,src_bef4b86b4c71,origin data/VPD-OE_Agent_20260709/VPD-OE_Agent/data/raw/ZY/ZY02.xls,广告投放,D20,20
historical_600_unknown_rule,ZY02,4,P3,国内,13.0,src_bef4b86b4c71,origin data/VPD-OE_Agent_20260709/VPD-OE_Agent/data/raw/ZY/ZY02.xls,广告投放,E20,20
historical_600_unknown_rule,ZY02,4,P3,亚洲,0.0,src_bef4b86b4c71,origin data/VPD-OE_Agent_20260709/VPD-OE_Agent/data/raw/ZY/ZY02.xls,广告投放,F20,20
historical_600_unknown_rule,ZY02,4,P3,国际,0.0,src_bef4b86b4c71,origin data/VPD-OE_Agent_20260709/VPD-OE_Agent/data/raw/ZY/ZY02.xls,广告投放,G20,20
historical_600_unknown_rule,ZY02,4,P4,本地,0.0,src_bef4b86b4c71,origin data/VPD-OE_Agent_20260709/VPD-OE_Agent/data/raw/ZY/ZY02.xls,广告投放,C21,21
historical_600_unknown_rule,ZY02,4,P4,区域,0.0,src_bef4b86b4c71,origin data/VPD-OE_Agent_20260709/VPD-OE_Agent/data/raw/ZY/ZY02.xls,广告投放,D21,21
historical_600_unknown_rule,ZY02,4,P4,国内,0.0,src_bef4b86b4c71,origin data/VPD-OE_Agent_20260709/VPD-OE_Agent/data/raw/ZY/ZY02.xls,广告投放,E21,21
historical_600_unknown_rule,ZY02,4,P4,亚洲,0.0,src_bef4b86b4c71,origin data/VPD-OE_Agent_20260709/VPD-OE_Agent/data/raw/ZY/ZY02.xls,广告投放,F21,21
historical_600_unknown_rule,ZY02,4,P4,国际,0.0,src_bef4b86b4c71,origin data/VPD-OE_Agent_20260709/VPD-OE_Agent/data/raw/ZY/ZY02.xls,广告投放,G21,21
historical_600_unknown_rule,ZY02,5,P1,本地,0.0,src_bef4b86b4c71,origin data/VPD-OE_Agent_20260709/VPD-OE_Agent/data/raw/ZY/ZY02.xls,广告投放,C25,25
historical_600_unknown_rule,ZY02,5,P1,区域,0.0,src_bef4b86b4c71,origin data/VPD-OE_Agent_20260709/VPD-OE_Agent/data/raw/ZY/ZY02.xls,广告投放,D25,25
historical_600_unknown_rule,ZY02,5,P1,国内,0.0,src_bef4b86b4c71,origin data/VPD-OE_Agent_20260709/VPD-OE_Agent/data/raw/ZY/ZY02.xls,广告投放,E25,25
historical_600_unknown_rule,ZY02,5,P1,亚洲,0.0,src_bef4b86b4c71,origin data/VPD-OE_Agent_20260709/VPD-OE_Agent/data/raw/ZY/ZY02.xls,广告投放,F25,25
historical_600_unknown_rule,ZY02,5,P1,国际,0.0,src_bef4b86b4c71,origin data/VPD-OE_Agent_20260709/VPD-OE_Agent/data/raw/ZY/ZY02.xls,广告投放,G25,25
historical_600_unknown_rule,ZY02,5,P2,本地,0.0,src_bef4b86b4c71,origin data/VPD-OE_Agent_20260709/VPD-OE_Agent/data/raw/ZY/ZY02.xls,广告投放,C26,26
historical_600_unknown_rule,ZY02,5,P2,区域,0.0,src_bef4b86b4c71,origin data/VPD-OE_Agent_20260709/VPD-OE_Agent/data/raw/ZY/ZY02.xls,广告投放,D26,26
historical_600_unknown_rule,ZY02,5,P2,国内,16.0,src_bef4b86b4c71,origin data/VPD-OE_Agent_20260709/VPD-OE_Agent/data/raw/ZY/ZY02.xls,广告投放,E26,26
historical_600_unknown_rule,ZY02,5,P2,亚洲,0.0,src_bef4b86b4c71,origin data/VPD-OE_Agent_20260709/VPD-OE_Agent/data/raw/ZY/ZY02.xls,广告投放,F26,26
historical_600_unknown_rule,ZY02,5,P2,国际,0.0,src_bef4b86b4c71,origin data/VPD-OE_Agent_20260709/VPD-OE_Agent/data/raw/ZY/ZY02.xls,广告投放,G26,26
historical_600_unknown_rule,ZY02,5,P3,本地,0.0,src_bef4b86b4c71,origin data/VPD-OE_Agent_20260709/VPD-OE_Agent/data/raw/ZY/ZY02.xls,广告投放,C27,27
historical_600_unknown_rule,ZY02,5,P3,区域,31.0,src_bef4b86b4c71,origin data/VPD-OE_Agent_20260709/VPD-OE_Agent/data/raw/ZY/ZY02.xls,广告投放,D27,27
historical_600_unknown_rule,ZY02,5,P3,国内,21.0,src_bef4b86b4c71,origin data/VPD-OE_Agent_20260709/VPD-OE_Agent/data/raw/ZY/ZY02.xls,广告投放,E27,27
historical_600_unknown_rule,ZY02,5,P3,亚洲,0.0,src_bef4b86b4c71,origin data/VPD-OE_Agent_20260709/VPD-OE_Agent/data/raw/ZY/ZY02.xls,广告投放,F27,27
historical_600_unknown_rule,ZY02,5,P3,国际,0.0,src_bef4b86b4c71,origin data/VPD-OE_Agent_20260709/VPD-OE_Agent/data/raw/ZY/ZY02.xls,广告投放,G27,27
historical_600_unknown_rule,ZY02,5,P4,本地,0.0,src_bef4b86b4c71,origin data/VPD-OE_Agent_20260709/VPD-OE_Agent/data/raw/ZY/ZY02.xls,广告投放,C28,28
historical_600_unknown_rule,ZY02,5,P4,区域,0.0,src_bef4b86b4c71,origin data/VPD-OE_Agent_20260709/VPD-OE_Agent/data/raw/ZY/ZY02.xls,广告投放,D28,28
historical_600_unknown_rule,ZY02,5,P4,国内,0.0,src_bef4b86b4c71,origin data/VPD-OE_Agent_20260709/VPD-OE_Agent/data/raw/ZY/ZY02.xls,广告投放,E28,28
historical_600_unknown_rule,ZY02,5,P4,亚洲,0.0,src_bef4b86b4c71,origin data/VPD-OE_Agent_20260709/VPD-OE_Agent/data/raw/ZY/ZY02.xls,广告投放,F28,28
historical_600_unknown_rule,ZY02,5,P4,国际,0.0,src_bef4b86b4c71,origin data/VPD-OE_Agent_20260709/VPD-OE_Agent/data/raw/ZY/ZY02.xls,广告投放,G28,28
historical_600_unknown_rule,ZY02,6,P1,本地,0.0,src_bef4b86b4c71,origin data/VPD-OE_Agent_20260709/VPD-OE_Agent/data/raw/ZY/ZY02.xls,广告投放,C32,32
historical_600_unknown_rule,ZY02,6,P1,区域,0.0,src_bef4b86b4c71,origin data/VPD-OE_Agent_20260709/VPD-OE_Agent/data/raw/ZY/ZY02.xls,广告投放,D32,32
historical_600_unknown_rule,ZY02,6,P1,国内,0.0,src_bef4b86b4c71,origin data/VPD-OE_Agent_20260709/VPD-OE_Agent/data/raw/ZY/ZY02.xls,广告投放,E32,32
historical_600_unknown_rule,ZY02,6,P1,亚洲,0.0,src_bef4b86b4c71,origin data/VPD-OE_Agent_20260709/VPD-OE_Agent/data/raw/ZY/ZY02.xls,广告投放,F32,32
historical_600_unknown_rule,ZY02,6,P1,国际,0.0,src_bef4b86b4c71,origin data/VPD-OE_Agent_20260709/VPD-OE_Agent/data/raw/ZY/ZY02.xls,广告投放,G32,32
historical_600_unknown_rule,ZY02,6,P2,本地,0.0,src_bef4b86b4c71,origin data/VPD-OE_Agent_20260709/VPD-OE_Agent/data/raw/ZY/ZY02.xls,广告投放,C33,33
historical_600_unknown_rule,ZY02,6,P2,区域,0.0,src_bef4b86b4c71,origin data/VPD-OE_Agent_20260709/VPD-OE_Agent/data/raw/ZY/ZY02.xls,广告投放,D33,33
historical_600_unknown_rule,ZY02,6,P2,国内,0.0,src_bef4b86b4c71,origin data/VPD-OE_Agent_20260709/VPD-OE_Agent/data/raw/ZY/ZY02.xls,广告投放,E33,33
historical_600_unknown_rule,ZY02,6,P2,亚洲,0.0,src_bef4b86b4c71,origin data/VPD-OE_Agent_20260709/VPD-OE_Agent/data/raw/ZY/ZY02.xls,广告投放,F33,33
historical_600_unknown_rule,ZY02,6,P2,国际,0.0,src_bef4b86b4c71,origin data/VPD-OE_Agent_20260709/VPD-OE_Agent/data/raw/ZY/ZY02.xls,广告投放,G33,33
historical_600_unknown_rule,ZY02,6,P3,本地,0.0,src_bef4b86b4c71,origin data/VPD-OE_Agent_20260709/VPD-OE_Agent/data/raw/ZY/ZY02.xls,广告投放,C34,34
historical_600_unknown_rule,ZY02,6,P3,区域,0.0,src_bef4b86b4c71,origin data/VPD-OE_Agent_20260709/VPD-OE_Agent/data/raw/ZY/ZY02.xls,广告投放,D34,34
historical_600_unknown_rule,ZY02,6,P3,国内,0.0,src_bef4b86b4c71,origin data/VPD-OE_Agent_20260709/VPD-OE_Agent/data/raw/ZY/ZY02.xls,广告投放,E34,34
historical_600_unknown_rule,ZY02,6,P3,亚洲,0.0,src_bef4b86b4c71,origin data/VPD-OE_Agent_20260709/VPD-OE_Agent/data/raw/ZY/ZY02.xls,广告投放,F34,34
historical_600_unknown_rule,ZY02,6,P3,国际,0.0,src_bef4b86b4c71,origin data/VPD-OE_Agent_20260709/VPD-OE_Agent/data/raw/ZY/ZY02.xls,广告投放,G34,34
historical_600_unknown_rule,ZY02,6,P4,本地,0.0,src_bef4b86b4c71,origin data/VPD-OE_Agent_20260709/VPD-OE_Agent/data/raw/ZY/ZY02.xls,广告投放,C35,35
historical_600_unknown_rule,ZY02,6,P4,区域,0.0,src_bef4b86b4c71,origin data/VPD-OE_Agent_20260709/VPD-OE_Agent/data/raw/ZY/ZY02.xls,广告投放,D35,35
historical_600_unknown_rule,ZY02,6,P4,国内,0.0,src_bef4b86b4c71,origin data/VPD-OE_Agent_20260709/VPD-OE_Agent/data/raw/ZY/ZY02.xls,广告投放,E35,35
historical_600_unknown_rule,ZY02,6,P4,亚洲,0.0,src_bef4b86b4c71,origin data/VPD-OE_Agent_20260709/VPD-OE_Agent/data/raw/ZY/ZY02.xls,广告投放,F35,35
historical_600_unknown_rule,ZY02,6,P4,国际,0.0,src_bef4b86b4c71,origin data/VPD-OE_Agent_20260709/VPD-OE_Agent/data/raw/ZY/ZY02.xls,广告投放,G35,35
historical_600_unknown_rule,ZY03,2,P1,本地,0.0,src_e3cd51a93aa1,origin data/VPD-OE_Agent_20260709/VPD-OE_Agent/data/raw/ZY/ZY03.xls,广告投放,C4,4
historical_600_unknown_rule,ZY03,2,P1,区域,0.0,src_e3cd51a93aa1,origin data/VPD-OE_Agent_20260709/VPD-OE_Agent/data/raw/ZY/ZY03.xls,广告投放,D4,4
historical_600_unknown_rule,ZY03,2,P1,国内,0.0,src_e3cd51a93aa1,origin data/VPD-OE_Agent_20260709/VPD-OE_Agent/data/raw/ZY/ZY03.xls,广告投放,E4,4
historical_600_unknown_rule,ZY03,2,P1,亚洲,0.0,src_e3cd51a93aa1,origin data/VPD-OE_Agent_20260709/VPD-OE_Agent/data/raw/ZY/ZY03.xls,广告投放,F4,4
historical_600_unknown_rule,ZY03,2,P1,国际,0.0,src_e3cd51a93aa1,origin data/VPD-OE_Agent_20260709/VPD-OE_Agent/data/raw/ZY/ZY03.xls,广告投放,G4,4
historical_600_unknown_rule,ZY03,2,P2,本地,10.0,src_e3cd51a93aa1,origin data/VPD-OE_Agent_20260709/VPD-OE_Agent/data/raw/ZY/ZY03.xls,广告投放,C5,5
historical_600_unknown_rule,ZY03,2,P2,区域,21.0,src_e3cd51a93aa1,origin data/VPD-OE_Agent_20260709/VPD-OE_Agent/data/raw/ZY/ZY03.xls,广告投放,D5,5
historical_600_unknown_rule,ZY03,2,P2,国内,0.0,src_e3cd51a93aa1,origin data/VPD-OE_Agent_20260709/VPD-OE_Agent/data/raw/ZY/ZY03.xls,广告投放,E5,5
historical_600_unknown_rule,ZY03,2,P2,亚洲,0.0,src_e3cd51a93aa1,origin data/VPD-OE_Agent_20260709/VPD-OE_Agent/data/raw/ZY/ZY03.xls,广告投放,F5,5
historical_600_unknown_rule,ZY03,2,P2,国际,0.0,src_e3cd51a93aa1,origin data/VPD-OE_Agent_20260709/VPD-OE_Agent/data/raw/ZY/ZY03.xls,广告投放,G5,5
historical_600_unknown_rule,ZY03,2,P3,本地,21.0,src_e3cd51a93aa1,origin data/VPD-OE_Agent_20260709/VPD-OE_Agent/data/raw/ZY/ZY03.xls,广告投放,C6,6
historical_600_unknown_rule,ZY03,2,P3,区域,10.0,src_e3cd51a93aa1,origin data/VPD-OE_Agent_20260709/VPD-OE_Agent/data/raw/ZY/ZY03.xls,广告投放,D6,6
historical_600_unknown_rule,ZY03,2,P3,国内,0.0,src_e3cd51a93aa1,origin data/VPD-OE_Agent_20260709/VPD-OE_Agent/data/raw/ZY/ZY03.xls,广告投放,E6,6
historical_600_unknown_rule,ZY03,2,P3,亚洲,0.0,src_e3cd51a93aa1,origin data/VPD-OE_Agent_20260709/VPD-OE_Agent/data/raw/ZY/ZY03.xls,广告投放,F6,6
historical_600_unknown_rule,ZY03,2,P3,国际,0.0,src_e3cd51a93aa1,origin data/VPD-OE_Agent_20260709/VPD-OE_Agent/data/raw/ZY/ZY03.xls,广告投放,G6,6
historical_600_unknown_rule,ZY03,2,P4,本地,0.0,src_e3cd51a93aa1,origin data/VPD-OE_Agent_20260709/VPD-OE_Agent/data/raw/ZY/ZY03.xls,广告投放,C7,7
historical_600_unknown_rule,ZY03,2,P4,区域,0.0,src_e3cd51a93aa1,origin data/VPD-OE_Agent_20260709/VPD-OE_Agent/data/raw/ZY/ZY03.xls,广告投放,D7,7
historical_600_unknown_rule,ZY03,2,P4,国内,0.0,src_e3cd51a93aa1,origin data/VPD-OE_Agent_20260709/VPD-OE_Agent/data/raw/ZY/ZY03.xls,广告投放,E7,7
historical_600_unknown_rule,ZY03,2,P4,亚洲,0.0,src_e3cd51a93aa1,origin data/VPD-OE_Agent_20260709/VPD-OE_Agent/data/raw/ZY/ZY03.xls,广告投放,F7,7
historical_600_unknown_rule,ZY03,2,P4,国际,0.0,src_e3cd51a93aa1,origin data/VPD-OE_Agent_20260709/VPD-OE_Agent/data/raw/ZY/ZY03.xls,广告投放,G7,7
historical_600_unknown_rule,ZY03,3,P1,本地,0.0,src_e3cd51a93aa1,origin data/VPD-OE_Agent_20260709/VPD-OE_Agent/data/raw/ZY/ZY03.xls,广告投放,C11,11
historical_600_unknown_rule,ZY03,3,P1,区域,0.0,src_e3cd51a93aa1,origin data/VPD-OE_Agent_20260709/VPD-OE_Agent/data/raw/ZY/ZY03.xls,广告投放,D11,11
historical_600_unknown_rule,ZY03,3,P1,国内,0.0,src_e3cd51a93aa1,origin data/VPD-OE_Agent_20260709/VPD-OE_Agent/data/raw/ZY/ZY03.xls,广告投放,E11,11
historical_600_unknown_rule,ZY03,3,P1,亚洲,0.0,src_e3cd51a93aa1,origin data/VPD-OE_Agent_20260709/VPD-OE_Agent/data/raw/ZY/ZY03.xls,广告投放,F11,11
historical_600_unknown_rule,ZY03,3,P1,国际,0.0,src_e3cd51a93aa1,origin data/VPD-OE_Agent_20260709/VPD-OE_Agent/data/raw/ZY/ZY03.xls,广告投放,G11,11
historical_600_unknown_rule,ZY03,3,P2,本地,10.0,src_e3cd51a93aa1,origin data/VPD-OE_Agent_20260709/VPD-OE_Agent/data/raw/ZY/ZY03.xls,广告投放,C12,12
historical_600_unknown_rule,ZY03,3,P2,区域,0.0,src_e3cd51a93aa1,origin data/VPD-OE_Agent_20260709/VPD-OE_Agent/data/raw/ZY/ZY03.xls,广告投放,D12,12
historical_600_unknown_rule,ZY03,3,P2,国内,22.0,src_e3cd51a93aa1,origin data/VPD-OE_Agent_20260709/VPD-OE_Agent/data/raw/ZY/ZY03.xls,广告投放,E12,12
historical_600_unknown_rule,ZY03,3,P2,亚洲,0.0,src_e3cd51a93aa1,origin data/VPD-OE_Agent_20260709/VPD-OE_Agent/data/raw/ZY/ZY03.xls,广告投放,F12,12
historical_600_unknown_rule,ZY03,3,P2,国际,0.0,src_e3cd51a93aa1,origin data/VPD-OE_Agent_20260709/VPD-OE_Agent/data/raw/ZY/ZY03.xls,广告投放,G12,12
historical_600_unknown_rule,ZY03,3,P3,本地,11.0,src_e3cd51a93aa1,origin data/VPD-OE_Agent_20260709/VPD-OE_Agent/data/raw/ZY/ZY03.xls,广告投放,C13,13
historical_600_unknown_rule,ZY03,3,P3,区域,11.0,src_e3cd51a93aa1,origin data/VPD-OE_Agent_20260709/VPD-OE_Agent/data/raw/ZY/ZY03.xls,广告投放,D13,13
historical_600_unknown_rule,ZY03,3,P3,国内,0.0,src_e3cd51a93aa1,origin data/VPD-OE_Agent_20260709/VPD-OE_Agent/data/raw/ZY/ZY03.xls,广告投放,E13,13
historical_600_unknown_rule,ZY03,3,P3,亚洲,0.0,src_e3cd51a93aa1,origin data/VPD-OE_Agent_20260709/VPD-OE_Agent/data/raw/ZY/ZY03.xls,广告投放,F13,13
historical_600_unknown_rule,ZY03,3,P3,国际,0.0,src_e3cd51a93aa1,origin data/VPD-OE_Agent_20260709/VPD-OE_Agent/data/raw/ZY/ZY03.xls,广告投放,G13,13
historical_600_unknown_rule,ZY03,3,P4,本地,0.0,src_e3cd51a93aa1,origin data/VPD-OE_Agent_20260709/VPD-OE_Agent/data/raw/ZY/ZY03.xls,广告投放,C14,14
historical_600_unknown_rule,ZY03,3,P4,区域,0.0,src_e3cd51a93aa1,origin data/VPD-OE_Agent_20260709/VPD-OE_Agent/data/raw/ZY/ZY03.xls,广告投放,D14,14
historical_600_unknown_rule,ZY03,3,P4,国内,0.0,src_e3cd51a93aa1,origin data/VPD-OE_Agent_20260709/VPD-OE_Agent/data/raw/ZY/ZY03.xls,广告投放,E14,14
historical_600_unknown_rule,ZY03,3,P4,亚洲,0.0,src_e3cd51a93aa1,origin data/VPD-OE_Agent_20260709/VPD-OE_Agent/data/raw/ZY/ZY03.xls,广告投放,F14,14
historical_600_unknown_rule,ZY03,3,P4,国际,0.0,src_e3cd51a93aa1,origin data/VPD-OE_Agent_20260709/VPD-OE_Agent/data/raw/ZY/ZY03.xls,广告投放,G14,14
historical_600_unknown_rule,ZY03,4,P1,本地,0.0,src_e3cd51a93aa1,origin data/VPD-OE_Agent_20260709/VPD-OE_Agent/data/raw/ZY/ZY03.xls,广告投放,C18,18
historical_600_unknown_rule,ZY03,4,P1,区域,0.0,src_e3cd51a93aa1,origin data/VPD-OE_Agent_20260709/VPD-OE_Agent/data/raw/ZY/ZY03.xls,广告投放,D18,18
historical_600_unknown_rule,ZY03,4,P1,国内,0.0,src_e3cd51a93aa1,origin data/VPD-OE_Agent_20260709/VPD-OE_Agent/data/raw/ZY/ZY03.xls,广告投放,E18,18
historical_600_unknown_rule,ZY03,4,P1,亚洲,0.0,src_e3cd51a93aa1,origin data/VPD-OE_Agent_20260709/VPD-OE_Agent/data/raw/ZY/ZY03.xls,广告投放,F18,18
historical_600_unknown_rule,ZY03,4,P1,国际,0.0,src_e3cd51a93aa1,origin data/VPD-OE_Agent_20260709/VPD-OE_Agent/data/raw/ZY/ZY03.xls,广告投放,G18,18
historical_600_unknown_rule,ZY03,4,P2,本地,10.0,src_e3cd51a93aa1,origin data/VPD-OE_Agent_20260709/VPD-OE_Agent/data/raw/ZY/ZY03.xls,广告投放,C19,19
historical_600_unknown_rule,ZY03,4,P2,区域,10.0,src_e3cd51a93aa1,origin data/VPD-OE_Agent_20260709/VPD-OE_Agent/data/raw/ZY/ZY03.xls,广告投放,D19,19
historical_600_unknown_rule,ZY03,4,P2,国内,0.0,src_e3cd51a93aa1,origin data/VPD-OE_Agent_20260709/VPD-OE_Agent/data/raw/ZY/ZY03.xls,广告投放,E19,19
historical_600_unknown_rule,ZY03,4,P2,亚洲,23.0,src_e3cd51a93aa1,origin data/VPD-OE_Agent_20260709/VPD-OE_Agent/data/raw/ZY/ZY03.xls,广告投放,F19,19
historical_600_unknown_rule,ZY03,4,P2,国际,0.0,src_e3cd51a93aa1,origin data/VPD-OE_Agent_20260709/VPD-OE_Agent/data/raw/ZY/ZY03.xls,广告投放,G19,19
historical_600_unknown_rule,ZY03,4,P3,本地,10.0,src_e3cd51a93aa1,origin data/VPD-OE_Agent_20260709/VPD-OE_Agent/data/raw/ZY/ZY03.xls,广告投放,C20,20
historical_600_unknown_rule,ZY03,4,P3,区域,0.0,src_e3cd51a93aa1,origin data/VPD-OE_Agent_20260709/VPD-OE_Agent/data/raw/ZY/ZY03.xls,广告投放,D20,20
historical_600_unknown_rule,ZY03,4,P3,国内,10.0,src_e3cd51a93aa1,origin data/VPD-OE_Agent_20260709/VPD-OE_Agent/data/raw/ZY/ZY03.xls,广告投放,E20,20
historical_600_unknown_rule,ZY03,4,P3,亚洲,23.0,src_e3cd51a93aa1,origin data/VPD-OE_Agent_20260709/VPD-OE_Agent/data/raw/ZY/ZY03.xls,广告投放,F20,20
historical_600_unknown_rule,ZY03,4,P3,国际,0.0,src_e3cd51a93aa1,origin data/VPD-OE_Agent_20260709/VPD-OE_Agent/data/raw/ZY/ZY03.xls,广告投放,G20,20
historical_600_unknown_rule,ZY03,4,P4,本地,0.0,src_e3cd51a93aa1,origin data/VPD-OE_Agent_20260709/VPD-OE_Agent/data/raw/ZY/ZY03.xls,广告投放,C21,21
historical_600_unknown_rule,ZY03,4,P4,区域,0.0,src_e3cd51a93aa1,origin data/VPD-OE_Agent_20260709/VPD-OE_Agent/data/raw/ZY/ZY03.xls,广告投放,D21,21
historical_600_unknown_rule,ZY03,4,P4,国内,0.0,src_e3cd51a93aa1,origin data/VPD-OE_Agent_20260709/VPD-OE_Agent/data/raw/ZY/ZY03.xls,广告投放,E21,21
historical_600_unknown_rule,ZY03,4,P4,亚洲,0.0,src_e3cd51a93aa1,origin data/VPD-OE_Agent_20260709/VPD-OE_Agent/data/raw/ZY/ZY03.xls,广告投放,F21,21
historical_600_unknown_rule,ZY03,4,P4,国际,0.0,src_e3cd51a93aa1,origin data/VPD-OE_Agent_20260709/VPD-OE_Agent/data/raw/ZY/ZY03.xls,广告投放,G21,21
historical_600_unknown_rule,ZY03,5,P1,本地,0.0,src_e3cd51a93aa1,origin data/VPD-OE_Agent_20260709/VPD-OE_Agent/data/raw/ZY/ZY03.xls,广告投放,C25,25
historical_600_unknown_rule,ZY03,5,P1,区域,0.0,src_e3cd51a93aa1,origin data/VPD-OE_Agent_20260709/VPD-OE_Agent/data/raw/ZY/ZY03.xls,广告投放,D25,25
historical_600_unknown_rule,ZY03,5,P1,国内,0.0,src_e3cd51a93aa1,origin data/VPD-OE_Agent_20260709/VPD-OE_Agent/data/raw/ZY/ZY03.xls,广告投放,E25,25
historical_600_unknown_rule,ZY03,5,P1,亚洲,0.0,src_e3cd51a93aa1,origin data/VPD-OE_Agent_20260709/VPD-OE_Agent/data/raw/ZY/ZY03.xls,广告投放,F25,25
historical_600_unknown_rule,ZY03,5,P1,国际,0.0,src_e3cd51a93aa1,origin data/VPD-OE_Agent_20260709/VPD-OE_Agent/data/raw/ZY/ZY03.xls,广告投放,G25,25
historical_600_unknown_rule,ZY03,5,P2,本地,0.0,src_e3cd51a93aa1,origin data/VPD-OE_Agent_20260709/VPD-OE_Agent/data/raw/ZY/ZY03.xls,广告投放,C26,26
historical_600_unknown_rule,ZY03,5,P2,区域,0.0,src_e3cd51a93aa1,origin data/VPD-OE_Agent_20260709/VPD-OE_Agent/data/raw/ZY/ZY03.xls,广告投放,D26,26
historical_600_unknown_rule,ZY03,5,P2,国内,0.0,src_e3cd51a93aa1,origin data/VPD-OE_Agent_20260709/VPD-OE_Agent/data/raw/ZY/ZY03.xls,广告投放,E26,26
historical_600_unknown_rule,ZY03,5,P2,亚洲,0.0,src_e3cd51a93aa1,origin data/VPD-OE_Agent_20260709/VPD-OE_Agent/data/raw/ZY/ZY03.xls,广告投放,F26,26
historical_600_unknown_rule,ZY03,5,P2,国际,11.0,src_e3cd51a93aa1,origin data/VPD-OE_Agent_20260709/VPD-OE_Agent/data/raw/ZY/ZY03.xls,广告投放,G26,26
historical_600_unknown_rule,ZY03,5,P3,本地,0.0,src_e3cd51a93aa1,origin data/VPD-OE_Agent_20260709/VPD-OE_Agent/data/raw/ZY/ZY03.xls,广告投放,C27,27
historical_600_unknown_rule,ZY03,5,P3,区域,0.0,src_e3cd51a93aa1,origin data/VPD-OE_Agent_20260709/VPD-OE_Agent/data/raw/ZY/ZY03.xls,广告投放,D27,27
historical_600_unknown_rule,ZY03,5,P3,国内,0.0,src_e3cd51a93aa1,origin data/VPD-OE_Agent_20260709/VPD-OE_Agent/data/raw/ZY/ZY03.xls,广告投放,E27,27
historical_600_unknown_rule,ZY03,5,P3,亚洲,0.0,src_e3cd51a93aa1,origin data/VPD-OE_Agent_20260709/VPD-OE_Agent/data/raw/ZY/ZY03.xls,广告投放,F27,27
historical_600_unknown_rule,ZY03,5,P3,国际,11.0,src_e3cd51a93aa1,origin data/VPD-OE_Agent_20260709/VPD-OE_Agent/data/raw/ZY/ZY03.xls,广告投放,G27,27
historical_600_unknown_rule,ZY03,5,P4,本地,0.0,src_e3cd51a93aa1,origin data/VPD-OE_Agent_20260709/VPD-OE_Agent/data/raw/ZY/ZY03.xls,广告投放,C28,28
historical_600_unknown_rule,ZY03,5,P4,区域,0.0,src_e3cd51a93aa1,origin data/VPD-OE_Agent_20260709/VPD-OE_Agent/data/raw/ZY/ZY03.xls,广告投放,D28,28
historical_600_unknown_rule,ZY03,5,P4,国内,0.0,src_e3cd51a93aa1,origin data/VPD-OE_Agent_20260709/VPD-OE_Agent/data/raw/ZY/ZY03.xls,广告投放,E28,28
historical_600_unknown_rule,ZY03,5,P4,亚洲,0.0,src_e3cd51a93aa1,origin data/VPD-OE_Agent_20260709/VPD-OE_Agent/data/raw/ZY/ZY03.xls,广告投放,F28,28
historical_600_unknown_rule,ZY03,5,P4,国际,0.0,src_e3cd51a93aa1,origin data/VPD-OE_Agent_20260709/VPD-OE_Agent/data/raw/ZY/ZY03.xls,广告投放,G28,28
historical_600_unknown_rule,ZY03,6,P1,本地,0.0,src_e3cd51a93aa1,origin data/VPD-OE_Agent_20260709/VPD-OE_Agent/data/raw/ZY/ZY03.xls,广告投放,C32,32
historical_600_unknown_rule,ZY03,6,P1,区域,0.0,src_e3cd51a93aa1,origin data/VPD-OE_Agent_20260709/VPD-OE_Agent/data/raw/ZY/ZY03.xls,广告投放,D32,32
historical_600_unknown_rule,ZY03,6,P1,国内,0.0,src_e3cd51a93aa1,origin data/VPD-OE_Agent_20260709/VPD-OE_Agent/data/raw/ZY/ZY03.xls,广告投放,E32,32
historical_600_unknown_rule,ZY03,6,P1,亚洲,0.0,src_e3cd51a93aa1,origin data/VPD-OE_Agent_20260709/VPD-OE_Agent/data/raw/ZY/ZY03.xls,广告投放,F32,32
historical_600_unknown_rule,ZY03,6,P1,国际,0.0,src_e3cd51a93aa1,origin data/VPD-OE_Agent_20260709/VPD-OE_Agent/data/raw/ZY/ZY03.xls,广告投放,G32,32
historical_600_unknown_rule,ZY03,6,P2,本地,0.0,src_e3cd51a93aa1,origin data/VPD-OE_Agent_20260709/VPD-OE_Agent/data/raw/ZY/ZY03.xls,广告投放,C33,33
historical_600_unknown_rule,ZY03,6,P2,区域,0.0,src_e3cd51a93aa1,origin data/VPD-OE_Agent_20260709/VPD-OE_Agent/data/raw/ZY/ZY03.xls,广告投放,D33,33
historical_600_unknown_rule,ZY03,6,P2,国内,0.0,src_e3cd51a93aa1,origin data/VPD-OE_Agent_20260709/VPD-OE_Agent/data/raw/ZY/ZY03.xls,广告投放,E33,33
historical_600_unknown_rule,ZY03,6,P2,亚洲,0.0,src_e3cd51a93aa1,origin data/VPD-OE_Agent_20260709/VPD-OE_Agent/data/raw/ZY/ZY03.xls,广告投放,F33,33
historical_600_unknown_rule,ZY03,6,P2,国际,0.0,src_e3cd51a93aa1,origin data/VPD-OE_Agent_20260709/VPD-OE_Agent/data/raw/ZY/ZY03.xls,广告投放,G33,33
historical_600_unknown_rule,ZY03,6,P3,本地,0.0,src_e3cd51a93aa1,origin data/VPD-OE_Agent_20260709/VPD-OE_Agent/data/raw/ZY/ZY03.xls,广告投放,C34,34
historical_600_unknown_rule,ZY03,6,P3,区域,0.0,src_e3cd51a93aa1,origin data/VPD-OE_Agent_20260709/VPD-OE_Agent/data/raw/ZY/ZY03.xls,广告投放,D34,34
historical_600_unknown_rule,ZY03,6,P3,国内,0.0,src_e3cd51a93aa1,origin data/VPD-OE_Agent_20260709/VPD-OE_Agent/data/raw/ZY/ZY03.xls,广告投放,E34,34
historical_600_unknown_rule,ZY03,6,P3,亚洲,0.0,src_e3cd51a93aa1,origin data/VPD-OE_Agent_20260709/VPD-OE_Agent/data/raw/ZY/ZY03.xls,广告投放,F34,34
historical_600_unknown_rule,ZY03,6,P3,国际,0.0,src_e3cd51a93aa1,origin data/VPD-OE_Agent_20260709/VPD-OE_Agent/data/raw/ZY/ZY03.xls,广告投放,G34,34
historical_600_unknown_rule,ZY03,6,P4,本地,0.0,src_e3cd51a93aa1,origin data/VPD-OE_Agent_20260709/VPD-OE_Agent/data/raw/ZY/ZY03.xls,广告投放,C35,35
historical_600_unknown_rule,ZY03,6,P4,区域,0.0,src_e3cd51a93aa1,origin data/VPD-OE_Agent_20260709/VPD-OE_Agent/data/raw/ZY/ZY03.xls,广告投放,D35,35
historical_600_unknown_rule,ZY03,6,P4,国内,0.0,src_e3cd51a93aa1,origin data/VPD-OE_Agent_20260709/VPD-OE_Agent/data/raw/ZY/ZY03.xls,广告投放,E35,35
historical_600_unknown_rule,ZY03,6,P4,亚洲,0.0,src_e3cd51a93aa1,origin data/VPD-OE_Agent_20260709/VPD-OE_Agent/data/raw/ZY/ZY03.xls,广告投放,F35,35
historical_600_unknown_rule,ZY03,6,P4,国际,0.0,src_e3cd51a93aa1,origin data/VPD-OE_Agent_20260709/VPD-OE_Agent/data/raw/ZY/ZY03.xls,广告投放,G35,35
historical_600_unknown_rule,ZY04,2,P1,本地,0.0,src_158092ee4fdb,origin data/VPD-OE_Agent_20260709/VPD-OE_Agent/data/raw/ZY/ZY04.xls,广告投放,C4,4
historical_600_unknown_rule,ZY04,2,P1,区域,0.0,src_158092ee4fdb,origin data/VPD-OE_Agent_20260709/VPD-OE_Agent/data/raw/ZY/ZY04.xls,广告投放,D4,4
historical_600_unknown_rule,ZY04,2,P1,国内,0.0,src_158092ee4fdb,origin data/VPD-OE_Agent_20260709/VPD-OE_Agent/data/raw/ZY/ZY04.xls,广告投放,E4,4
historical_600_unknown_rule,ZY04,2,P1,亚洲,0.0,src_158092ee4fdb,origin data/VPD-OE_Agent_20260709/VPD-OE_Agent/data/raw/ZY/ZY04.xls,广告投放,F4,4
historical_600_unknown_rule,ZY04,2,P1,国际,0.0,src_158092ee4fdb,origin data/VPD-OE_Agent_20260709/VPD-OE_Agent/data/raw/ZY/ZY04.xls,广告投放,G4,4
historical_600_unknown_rule,ZY04,2,P2,本地,0.0,src_158092ee4fdb,origin data/VPD-OE_Agent_20260709/VPD-OE_Agent/data/raw/ZY/ZY04.xls,广告投放,C5,5
historical_600_unknown_rule,ZY04,2,P2,区域,34.0,src_158092ee4fdb,origin data/VPD-OE_Agent_20260709/VPD-OE_Agent/data/raw/ZY/ZY04.xls,广告投放,D5,5
historical_600_unknown_rule,ZY04,2,P2,国内,0.0,src_158092ee4fdb,origin data/VPD-OE_Agent_20260709/VPD-OE_Agent/data/raw/ZY/ZY04.xls,广告投放,E5,5
historical_600_unknown_rule,ZY04,2,P2,亚洲,0.0,src_158092ee4fdb,origin data/VPD-OE_Agent_20260709/VPD-OE_Agent/data/raw/ZY/ZY04.xls,广告投放,F5,5
historical_600_unknown_rule,ZY04,2,P2,国际,0.0,src_158092ee4fdb,origin data/VPD-OE_Agent_20260709/VPD-OE_Agent/data/raw/ZY/ZY04.xls,广告投放,G5,5
historical_600_unknown_rule,ZY04,2,P3,本地,34.0,src_158092ee4fdb,origin data/VPD-OE_Agent_20260709/VPD-OE_Agent/data/raw/ZY/ZY04.xls,广告投放,C6,6
historical_600_unknown_rule,ZY04,2,P3,区域,0.0,src_158092ee4fdb,origin data/VPD-OE_Agent_20260709/VPD-OE_Agent/data/raw/ZY/ZY04.xls,广告投放,D6,6
historical_600_unknown_rule,ZY04,2,P3,国内,0.0,src_158092ee4fdb,origin data/VPD-OE_Agent_20260709/VPD-OE_Agent/data/raw/ZY/ZY04.xls,广告投放,E6,6
historical_600_unknown_rule,ZY04,2,P3,亚洲,0.0,src_158092ee4fdb,origin data/VPD-OE_Agent_20260709/VPD-OE_Agent/data/raw/ZY/ZY04.xls,广告投放,F6,6
historical_600_unknown_rule,ZY04,2,P3,国际,0.0,src_158092ee4fdb,origin data/VPD-OE_Agent_20260709/VPD-OE_Agent/data/raw/ZY/ZY04.xls,广告投放,G6,6
historical_600_unknown_rule,ZY04,2,P4,本地,0.0,src_158092ee4fdb,origin data/VPD-OE_Agent_20260709/VPD-OE_Agent/data/raw/ZY/ZY04.xls,广告投放,C7,7
historical_600_unknown_rule,ZY04,2,P4,区域,0.0,src_158092ee4fdb,origin data/VPD-OE_Agent_20260709/VPD-OE_Agent/data/raw/ZY/ZY04.xls,广告投放,D7,7
historical_600_unknown_rule,ZY04,2,P4,国内,0.0,src_158092ee4fdb,origin data/VPD-OE_Agent_20260709/VPD-OE_Agent/data/raw/ZY/ZY04.xls,广告投放,E7,7
historical_600_unknown_rule,ZY04,2,P4,亚洲,0.0,src_158092ee4fdb,origin data/VPD-OE_Agent_20260709/VPD-OE_Agent/data/raw/ZY/ZY04.xls,广告投放,F7,7
historical_600_unknown_rule,ZY04,2,P4,国际,0.0,src_158092ee4fdb,origin data/VPD-OE_Agent_20260709/VPD-OE_Agent/data/raw/ZY/ZY04.xls,广告投放,G7,7
historical_600_unknown_rule,ZY04,3,P1,本地,0.0,src_158092ee4fdb,origin data/VPD-OE_Agent_20260709/VPD-OE_Agent/data/raw/ZY/ZY04.xls,广告投放,C11,11
historical_600_unknown_rule,ZY04,3,P1,区域,0.0,src_158092ee4fdb,origin data/VPD-OE_Agent_20260709/VPD-OE_Agent/data/raw/ZY/ZY04.xls,广告投放,D11,11
historical_600_unknown_rule,ZY04,3,P1,国内,0.0,src_158092ee4fdb,origin data/VPD-OE_Agent_20260709/VPD-OE_Agent/data/raw/ZY/ZY04.xls,广告投放,E11,11
historical_600_unknown_rule,ZY04,3,P1,亚洲,0.0,src_158092ee4fdb,origin data/VPD-OE_Agent_20260709/VPD-OE_Agent/data/raw/ZY/ZY04.xls,广告投放,F11,11
historical_600_unknown_rule,ZY04,3,P1,国际,0.0,src_158092ee4fdb,origin data/VPD-OE_Agent_20260709/VPD-OE_Agent/data/raw/ZY/ZY04.xls,广告投放,G11,11
historical_600_unknown_rule,ZY04,3,P2,本地,0.0,src_158092ee4fdb,origin data/VPD-OE_Agent_20260709/VPD-OE_Agent/data/raw/ZY/ZY04.xls,广告投放,C12,12
historical_600_unknown_rule,ZY04,3,P2,区域,35.0,src_158092ee4fdb,origin data/VPD-OE_Agent_20260709/VPD-OE_Agent/data/raw/ZY/ZY04.xls,广告投放,D12,12
historical_600_unknown_rule,ZY04,3,P2,国内,43.0,src_158092ee4fdb,origin data/VPD-OE_Agent_20260709/VPD-OE_Agent/data/raw/ZY/ZY04.xls,广告投放,E12,12
historical_600_unknown_rule,ZY04,3,P2,亚洲,0.0,src_158092ee4fdb,origin data/VPD-OE_Agent_20260709/VPD-OE_Agent/data/raw/ZY/ZY04.xls,广告投放,F12,12
historical_600_unknown_rule,ZY04,3,P2,国际,0.0,src_158092ee4fdb,origin data/VPD-OE_Agent_20260709/VPD-OE_Agent/data/raw/ZY/ZY04.xls,广告投放,G12,12
historical_600_unknown_rule,ZY04,3,P3,本地,43.0,src_158092ee4fdb,origin data/VPD-OE_Agent_20260709/VPD-OE_Agent/data/raw/ZY/ZY04.xls,广告投放,C13,13
historical_600_unknown_rule,ZY04,3,P3,区域,43.0,src_158092ee4fdb,origin data/VPD-OE_Agent_20260709/VPD-OE_Agent/data/raw/ZY/ZY04.xls,广告投放,D13,13
historical_600_unknown_rule,ZY04,3,P3,国内,0.0,src_158092ee4fdb,origin data/VPD-OE_Agent_20260709/VPD-OE_Agent/data/raw/ZY/ZY04.xls,广告投放,E13,13
historical_600_unknown_rule,ZY04,3,P3,亚洲,0.0,src_158092ee4fdb,origin data/VPD-OE_Agent_20260709/VPD-OE_Agent/data/raw/ZY/ZY04.xls,广告投放,F13,13
historical_600_unknown_rule,ZY04,3,P3,国际,0.0,src_158092ee4fdb,origin data/VPD-OE_Agent_20260709/VPD-OE_Agent/data/raw/ZY/ZY04.xls,广告投放,G13,13
historical_600_unknown_rule,ZY04,3,P4,本地,0.0,src_158092ee4fdb,origin data/VPD-OE_Agent_20260709/VPD-OE_Agent/data/raw/ZY/ZY04.xls,广告投放,C14,14
historical_600_unknown_rule,ZY04,3,P4,区域,0.0,src_158092ee4fdb,origin data/VPD-OE_Agent_20260709/VPD-OE_Agent/data/raw/ZY/ZY04.xls,广告投放,D14,14
historical_600_unknown_rule,ZY04,3,P4,国内,0.0,src_158092ee4fdb,origin data/VPD-OE_Agent_20260709/VPD-OE_Agent/data/raw/ZY/ZY04.xls,广告投放,E14,14
historical_600_unknown_rule,ZY04,3,P4,亚洲,0.0,src_158092ee4fdb,origin data/VPD-OE_Agent_20260709/VPD-OE_Agent/data/raw/ZY/ZY04.xls,广告投放,F14,14
historical_600_unknown_rule,ZY04,3,P4,国际,0.0,src_158092ee4fdb,origin data/VPD-OE_Agent_20260709/VPD-OE_Agent/data/raw/ZY/ZY04.xls,广告投放,G14,14
historical_600_unknown_rule,ZY04,4,P1,本地,0.0,src_158092ee4fdb,origin data/VPD-OE_Agent_20260709/VPD-OE_Agent/data/raw/ZY/ZY04.xls,广告投放,C18,18
historical_600_unknown_rule,ZY04,4,P1,区域,0.0,src_158092ee4fdb,origin data/VPD-OE_Agent_20260709/VPD-OE_Agent/data/raw/ZY/ZY04.xls,广告投放,D18,18
historical_600_unknown_rule,ZY04,4,P1,国内,0.0,src_158092ee4fdb,origin data/VPD-OE_Agent_20260709/VPD-OE_Agent/data/raw/ZY/ZY04.xls,广告投放,E18,18
historical_600_unknown_rule,ZY04,4,P1,亚洲,0.0,src_158092ee4fdb,origin data/VPD-OE_Agent_20260709/VPD-OE_Agent/data/raw/ZY/ZY04.xls,广告投放,F18,18
historical_600_unknown_rule,ZY04,4,P1,国际,0.0,src_158092ee4fdb,origin data/VPD-OE_Agent_20260709/VPD-OE_Agent/data/raw/ZY/ZY04.xls,广告投放,G18,18
historical_600_unknown_rule,ZY04,4,P2,本地,13.0,src_158092ee4fdb,origin data/VPD-OE_Agent_20260709/VPD-OE_Agent/data/raw/ZY/ZY04.xls,广告投放,C19,19
historical_600_unknown_rule,ZY04,4,P2,区域,45.0,src_158092ee4fdb,origin data/VPD-OE_Agent_20260709/VPD-OE_Agent/data/raw/ZY/ZY04.xls,广告投放,D19,19
historical_600_unknown_rule,ZY04,4,P2,国内,0.0,src_158092ee4fdb,origin data/VPD-OE_Agent_20260709/VPD-OE_Agent/data/raw/ZY/ZY04.xls,广告投放,E19,19
historical_600_unknown_rule,ZY04,4,P2,亚洲,0.0,src_158092ee4fdb,origin data/VPD-OE_Agent_20260709/VPD-OE_Agent/data/raw/ZY/ZY04.xls,广告投放,F19,19
historical_600_unknown_rule,ZY04,4,P2,国际,0.0,src_158092ee4fdb,origin data/VPD-OE_Agent_20260709/VPD-OE_Agent/data/raw/ZY/ZY04.xls,广告投放,G19,19
historical_600_unknown_rule,ZY04,4,P3,本地,45.0,src_158092ee4fdb,origin data/VPD-OE_Agent_20260709/VPD-OE_Agent/data/raw/ZY/ZY04.xls,广告投放,C20,20
historical_600_unknown_rule,ZY04,4,P3,区域,0.0,src_158092ee4fdb,origin data/VPD-OE_Agent_20260709/VPD-OE_Agent/data/raw/ZY/ZY04.xls,广告投放,D20,20
historical_600_unknown_rule,ZY04,4,P3,国内,0.0,src_158092ee4fdb,origin data/VPD-OE_Agent_20260709/VPD-OE_Agent/data/raw/ZY/ZY04.xls,广告投放,E20,20
historical_600_unknown_rule,ZY04,4,P3,亚洲,45.0,src_158092ee4fdb,origin data/VPD-OE_Agent_20260709/VPD-OE_Agent/data/raw/ZY/ZY04.xls,广告投放,F20,20
historical_600_unknown_rule,ZY04,4,P3,国际,0.0,src_158092ee4fdb,origin data/VPD-OE_Agent_20260709/VPD-OE_Agent/data/raw/ZY/ZY04.xls,广告投放,G20,20
historical_600_unknown_rule,ZY04,4,P4,本地,0.0,src_158092ee4fdb,origin data/VPD-OE_Agent_20260709/VPD-OE_Agent/data/raw/ZY/ZY04.xls,广告投放,C21,21
historical_600_unknown_rule,ZY04,4,P4,区域,0.0,src_158092ee4fdb,origin data/VPD-OE_Agent_20260709/VPD-OE_Agent/data/raw/ZY/ZY04.xls,广告投放,D21,21
historical_600_unknown_rule,ZY04,4,P4,国内,0.0,src_158092ee4fdb,origin data/VPD-OE_Agent_20260709/VPD-OE_Agent/data/raw/ZY/ZY04.xls,广告投放,E21,21
historical_600_unknown_rule,ZY04,4,P4,亚洲,0.0,src_158092ee4fdb,origin data/VPD-OE_Agent_20260709/VPD-OE_Agent/data/raw/ZY/ZY04.xls,广告投放,F21,21
historical_600_unknown_rule,ZY04,4,P4,国际,0.0,src_158092ee4fdb,origin data/VPD-OE_Agent_20260709/VPD-OE_Agent/data/raw/ZY/ZY04.xls,广告投放,G21,21
historical_600_unknown_rule,ZY04,5,P1,本地,0.0,src_158092ee4fdb,origin data/VPD-OE_Agent_20260709/VPD-OE_Agent/data/raw/ZY/ZY04.xls,广告投放,C25,25
historical_600_unknown_rule,ZY04,5,P1,区域,0.0,src_158092ee4fdb,origin data/VPD-OE_Agent_20260709/VPD-OE_Agent/data/raw/ZY/ZY04.xls,广告投放,D25,25
historical_600_unknown_rule,ZY04,5,P1,国内,0.0,src_158092ee4fdb,origin data/VPD-OE_Agent_20260709/VPD-OE_Agent/data/raw/ZY/ZY04.xls,广告投放,E25,25
historical_600_unknown_rule,ZY04,5,P1,亚洲,0.0,src_158092ee4fdb,origin data/VPD-OE_Agent_20260709/VPD-OE_Agent/data/raw/ZY/ZY04.xls,广告投放,F25,25
historical_600_unknown_rule,ZY04,5,P1,国际,0.0,src_158092ee4fdb,origin data/VPD-OE_Agent_20260709/VPD-OE_Agent/data/raw/ZY/ZY04.xls,广告投放,G25,25
historical_600_unknown_rule,ZY04,5,P2,本地,0.0,src_158092ee4fdb,origin data/VPD-OE_Agent_20260709/VPD-OE_Agent/data/raw/ZY/ZY04.xls,广告投放,C26,26
historical_600_unknown_rule,ZY04,5,P2,区域,0.0,src_158092ee4fdb,origin data/VPD-OE_Agent_20260709/VPD-OE_Agent/data/raw/ZY/ZY04.xls,广告投放,D26,26
historical_600_unknown_rule,ZY04,5,P2,国内,50.0,src_158092ee4fdb,origin data/VPD-OE_Agent_20260709/VPD-OE_Agent/data/raw/ZY/ZY04.xls,广告投放,E26,26
historical_600_unknown_rule,ZY04,5,P2,亚洲,13.0,src_158092ee4fdb,origin data/VPD-OE_Agent_20260709/VPD-OE_Agent/data/raw/ZY/ZY04.xls,广告投放,F26,26
historical_600_unknown_rule,ZY04,5,P2,国际,0.0,src_158092ee4fdb,origin data/VPD-OE_Agent_20260709/VPD-OE_Agent/data/raw/ZY/ZY04.xls,广告投放,G26,26
historical_600_unknown_rule,ZY04,5,P3,本地,50.0,src_158092ee4fdb,origin data/VPD-OE_Agent_20260709/VPD-OE_Agent/data/raw/ZY/ZY04.xls,广告投放,C27,27
historical_600_unknown_rule,ZY04,5,P3,区域,0.0,src_158092ee4fdb,origin data/VPD-OE_Agent_20260709/VPD-OE_Agent/data/raw/ZY/ZY04.xls,广告投放,D27,27
historical_600_unknown_rule,ZY04,5,P3,国内,33.0,src_158092ee4fdb,origin data/VPD-OE_Agent_20260709/VPD-OE_Agent/data/raw/ZY/ZY04.xls,广告投放,E27,27
historical_600_unknown_rule,ZY04,5,P3,亚洲,0.0,src_158092ee4fdb,origin data/VPD-OE_Agent_20260709/VPD-OE_Agent/data/raw/ZY/ZY04.xls,广告投放,F27,27
historical_600_unknown_rule,ZY04,5,P3,国际,0.0,src_158092ee4fdb,origin data/VPD-OE_Agent_20260709/VPD-OE_Agent/data/raw/ZY/ZY04.xls,广告投放,G27,27
historical_600_unknown_rule,ZY04,5,P4,本地,0.0,src_158092ee4fdb,origin data/VPD-OE_Agent_20260709/VPD-OE_Agent/data/raw/ZY/ZY04.xls,广告投放,C28,28
historical_600_unknown_rule,ZY04,5,P4,区域,0.0,src_158092ee4fdb,origin data/VPD-OE_Agent_20260709/VPD-OE_Agent/data/raw/ZY/ZY04.xls,广告投放,D28,28
historical_600_unknown_rule,ZY04,5,P4,国内,0.0,src_158092ee4fdb,origin data/VPD-OE_Agent_20260709/VPD-OE_Agent/data/raw/ZY/ZY04.xls,广告投放,E28,28
historical_600_unknown_rule,ZY04,5,P4,亚洲,0.0,src_158092ee4fdb,origin data/VPD-OE_Agent_20260709/VPD-OE_Agent/data/raw/ZY/ZY04.xls,广告投放,F28,28
historical_600_unknown_rule,ZY04,5,P4,国际,0.0,src_158092ee4fdb,origin data/VPD-OE_Agent_20260709/VPD-OE_Agent/data/raw/ZY/ZY04.xls,广告投放,G28,28
historical_600_unknown_rule,ZY04,6,P1,本地,0.0,src_158092ee4fdb,origin data/VPD-OE_Agent_20260709/VPD-OE_Agent/data/raw/ZY/ZY04.xls,广告投放,C32,32
historical_600_unknown_rule,ZY04,6,P1,区域,0.0,src_158092ee4fdb,origin data/VPD-OE_Agent_20260709/VPD-OE_Agent/data/raw/ZY/ZY04.xls,广告投放,D32,32
historical_600_unknown_rule,ZY04,6,P1,国内,0.0,src_158092ee4fdb,origin data/VPD-OE_Agent_20260709/VPD-OE_Agent/data/raw/ZY/ZY04.xls,广告投放,E32,32
historical_600_unknown_rule,ZY04,6,P1,亚洲,0.0,src_158092ee4fdb,origin data/VPD-OE_Agent_20260709/VPD-OE_Agent/data/raw/ZY/ZY04.xls,广告投放,F32,32
historical_600_unknown_rule,ZY04,6,P1,国际,0.0,src_158092ee4fdb,origin data/VPD-OE_Agent_20260709/VPD-OE_Agent/data/raw/ZY/ZY04.xls,广告投放,G32,32
historical_600_unknown_rule,ZY04,6,P2,本地,0.0,src_158092ee4fdb,origin data/VPD-OE_Agent_20260709/VPD-OE_Agent/data/raw/ZY/ZY04.xls,广告投放,C33,33
historical_600_unknown_rule,ZY04,6,P2,区域,0.0,src_158092ee4fdb,origin data/VPD-OE_Agent_20260709/VPD-OE_Agent/data/raw/ZY/ZY04.xls,广告投放,D33,33
historical_600_unknown_rule,ZY04,6,P2,国内,0.0,src_158092ee4fdb,origin data/VPD-OE_Agent_20260709/VPD-OE_Agent/data/raw/ZY/ZY04.xls,广告投放,E33,33
historical_600_unknown_rule,ZY04,6,P2,亚洲,0.0,src_158092ee4fdb,origin data/VPD-OE_Agent_20260709/VPD-OE_Agent/data/raw/ZY/ZY04.xls,广告投放,F33,33
historical_600_unknown_rule,ZY04,6,P2,国际,0.0,src_158092ee4fdb,origin data/VPD-OE_Agent_20260709/VPD-OE_Agent/data/raw/ZY/ZY04.xls,广告投放,G33,33
historical_600_unknown_rule,ZY04,6,P3,本地,0.0,src_158092ee4fdb,origin data/VPD-OE_Agent_20260709/VPD-OE_Agent/data/raw/ZY/ZY04.xls,广告投放,C34,34
historical_600_unknown_rule,ZY04,6,P3,区域,0.0,src_158092ee4fdb,origin data/VPD-OE_Agent_20260709/VPD-OE_Agent/data/raw/ZY/ZY04.xls,广告投放,D34,34
historical_600_unknown_rule,ZY04,6,P3,国内,0.0,src_158092ee4fdb,origin data/VPD-OE_Agent_20260709/VPD-OE_Agent/data/raw/ZY/ZY04.xls,广告投放,E34,34
historical_600_unknown_rule,ZY04,6,P3,亚洲,0.0,src_158092ee4fdb,origin data/VPD-OE_Agent_20260709/VPD-OE_Agent/data/raw/ZY/ZY04.xls,广告投放,F34,34
historical_600_unknown_rule,ZY04,6,P3,国际,0.0,src_158092ee4fdb,origin data/VPD-OE_Agent_20260709/VPD-OE_Agent/data/raw/ZY/ZY04.xls,广告投放,G34,34
historical_600_unknown_rule,ZY04,6,P4,本地,0.0,src_158092ee4fdb,origin data/VPD-OE_Agent_20260709/VPD-OE_Agent/data/raw/ZY/ZY04.xls,广告投放,C35,35
historical_600_unknown_rule,ZY04,6,P4,区域,0.0,src_158092ee4fdb,origin data/VPD-OE_Agent_20260709/VPD-OE_Agent/data/raw/ZY/ZY04.xls,广告投放,D35,35
historical_600_unknown_rule,ZY04,6,P4,国内,0.0,src_158092ee4fdb,origin data/VPD-OE_Agent_20260709/VPD-OE_Agent/data/raw/ZY/ZY04.xls,广告投放,E35,35
historical_600_unknown_rule,ZY04,6,P4,亚洲,0.0,src_158092ee4fdb,origin data/VPD-OE_Agent_20260709/VPD-OE_Agent/data/raw/ZY/ZY04.xls,广告投放,F35,35
historical_600_unknown_rule,ZY04,6,P4,国际,0.0,src_158092ee4fdb,origin data/VPD-OE_Agent_20260709/VPD-OE_Agent/data/raw/ZY/ZY04.xls,广告投放,G35,35
historical_600_unknown_rule,ZY05,2,P1,本地,0.0,src_33c96cbd4d19,origin data/VPD-OE_Agent_20260709/VPD-OE_Agent/data/raw/ZY/ZY05.xls,广告投放,C4,4
historical_600_unknown_rule,ZY05,2,P1,区域,0.0,src_33c96cbd4d19,origin data/VPD-OE_Agent_20260709/VPD-OE_Agent/data/raw/ZY/ZY05.xls,广告投放,D4,4
historical_600_unknown_rule,ZY05,2,P1,国内,0.0,src_33c96cbd4d19,origin data/VPD-OE_Agent_20260709/VPD-OE_Agent/data/raw/ZY/ZY05.xls,广告投放,E4,4
historical_600_unknown_rule,ZY05,2,P1,亚洲,0.0,src_33c96cbd4d19,origin data/VPD-OE_Agent_20260709/VPD-OE_Agent/data/raw/ZY/ZY05.xls,广告投放,F4,4
historical_600_unknown_rule,ZY05,2,P1,国际,0.0,src_33c96cbd4d19,origin data/VPD-OE_Agent_20260709/VPD-OE_Agent/data/raw/ZY/ZY05.xls,广告投放,G4,4
historical_600_unknown_rule,ZY05,2,P2,本地,15.0,src_33c96cbd4d19,origin data/VPD-OE_Agent_20260709/VPD-OE_Agent/data/raw/ZY/ZY05.xls,广告投放,C5,5
historical_600_unknown_rule,ZY05,2,P2,区域,25.0,src_33c96cbd4d19,origin data/VPD-OE_Agent_20260709/VPD-OE_Agent/data/raw/ZY/ZY05.xls,广告投放,D5,5
historical_600_unknown_rule,ZY05,2,P2,国内,0.0,src_33c96cbd4d19,origin data/VPD-OE_Agent_20260709/VPD-OE_Agent/data/raw/ZY/ZY05.xls,广告投放,E5,5
historical_600_unknown_rule,ZY05,2,P2,亚洲,0.0,src_33c96cbd4d19,origin data/VPD-OE_Agent_20260709/VPD-OE_Agent/data/raw/ZY/ZY05.xls,广告投放,F5,5
historical_600_unknown_rule,ZY05,2,P2,国际,0.0,src_33c96cbd4d19,origin data/VPD-OE_Agent_20260709/VPD-OE_Agent/data/raw/ZY/ZY05.xls,广告投放,G5,5
historical_600_unknown_rule,ZY05,2,P3,本地,24.0,src_33c96cbd4d19,origin data/VPD-OE_Agent_20260709/VPD-OE_Agent/data/raw/ZY/ZY05.xls,广告投放,C6,6
historical_600_unknown_rule,ZY05,2,P3,区域,13.0,src_33c96cbd4d19,origin data/VPD-OE_Agent_20260709/VPD-OE_Agent/data/raw/ZY/ZY05.xls,广告投放,D6,6
historical_600_unknown_rule,ZY05,2,P3,国内,0.0,src_33c96cbd4d19,origin data/VPD-OE_Agent_20260709/VPD-OE_Agent/data/raw/ZY/ZY05.xls,广告投放,E6,6
historical_600_unknown_rule,ZY05,2,P3,亚洲,0.0,src_33c96cbd4d19,origin data/VPD-OE_Agent_20260709/VPD-OE_Agent/data/raw/ZY/ZY05.xls,广告投放,F6,6
historical_600_unknown_rule,ZY05,2,P3,国际,0.0,src_33c96cbd4d19,origin data/VPD-OE_Agent_20260709/VPD-OE_Agent/data/raw/ZY/ZY05.xls,广告投放,G6,6
historical_600_unknown_rule,ZY05,2,P4,本地,0.0,src_33c96cbd4d19,origin data/VPD-OE_Agent_20260709/VPD-OE_Agent/data/raw/ZY/ZY05.xls,广告投放,C7,7
historical_600_unknown_rule,ZY05,2,P4,区域,0.0,src_33c96cbd4d19,origin data/VPD-OE_Agent_20260709/VPD-OE_Agent/data/raw/ZY/ZY05.xls,广告投放,D7,7
historical_600_unknown_rule,ZY05,2,P4,国内,0.0,src_33c96cbd4d19,origin data/VPD-OE_Agent_20260709/VPD-OE_Agent/data/raw/ZY/ZY05.xls,广告投放,E7,7
historical_600_unknown_rule,ZY05,2,P4,亚洲,0.0,src_33c96cbd4d19,origin data/VPD-OE_Agent_20260709/VPD-OE_Agent/data/raw/ZY/ZY05.xls,广告投放,F7,7
historical_600_unknown_rule,ZY05,2,P4,国际,0.0,src_33c96cbd4d19,origin data/VPD-OE_Agent_20260709/VPD-OE_Agent/data/raw/ZY/ZY05.xls,广告投放,G7,7
historical_600_unknown_rule,ZY05,3,P1,本地,0.0,src_33c96cbd4d19,origin data/VPD-OE_Agent_20260709/VPD-OE_Agent/data/raw/ZY/ZY05.xls,广告投放,C11,11
historical_600_unknown_rule,ZY05,3,P1,区域,0.0,src_33c96cbd4d19,origin data/VPD-OE_Agent_20260709/VPD-OE_Agent/data/raw/ZY/ZY05.xls,广告投放,D11,11
historical_600_unknown_rule,ZY05,3,P1,国内,0.0,src_33c96cbd4d19,origin data/VPD-OE_Agent_20260709/VPD-OE_Agent/data/raw/ZY/ZY05.xls,广告投放,E11,11
historical_600_unknown_rule,ZY05,3,P1,亚洲,0.0,src_33c96cbd4d19,origin data/VPD-OE_Agent_20260709/VPD-OE_Agent/data/raw/ZY/ZY05.xls,广告投放,F11,11
historical_600_unknown_rule,ZY05,3,P1,国际,0.0,src_33c96cbd4d19,origin data/VPD-OE_Agent_20260709/VPD-OE_Agent/data/raw/ZY/ZY05.xls,广告投放,G11,11
historical_600_unknown_rule,ZY05,3,P2,本地,0.0,src_33c96cbd4d19,origin data/VPD-OE_Agent_20260709/VPD-OE_Agent/data/raw/ZY/ZY05.xls,广告投放,C12,12
historical_600_unknown_rule,ZY05,3,P2,区域,10.0,src_33c96cbd4d19,origin data/VPD-OE_Agent_20260709/VPD-OE_Agent/data/raw/ZY/ZY05.xls,广告投放,D12,12
historical_600_unknown_rule,ZY05,3,P2,国内,32.0,src_33c96cbd4d19,origin data/VPD-OE_Agent_20260709/VPD-OE_Agent/data/raw/ZY/ZY05.xls,广告投放,E12,12
historical_600_unknown_rule,ZY05,3,P2,亚洲,0.0,src_33c96cbd4d19,origin data/VPD-OE_Agent_20260709/VPD-OE_Agent/data/raw/ZY/ZY05.xls,广告投放,F12,12
historical_600_unknown_rule,ZY05,3,P2,国际,0.0,src_33c96cbd4d19,origin data/VPD-OE_Agent_20260709/VPD-OE_Agent/data/raw/ZY/ZY05.xls,广告投放,G12,12
historical_600_unknown_rule,ZY05,3,P3,本地,0.0,src_33c96cbd4d19,origin data/VPD-OE_Agent_20260709/VPD-OE_Agent/data/raw/ZY/ZY05.xls,广告投放,C13,13
historical_600_unknown_rule,ZY05,3,P3,区域,18.0,src_33c96cbd4d19,origin data/VPD-OE_Agent_20260709/VPD-OE_Agent/data/raw/ZY/ZY05.xls,广告投放,D13,13
historical_600_unknown_rule,ZY05,3,P3,国内,0.0,src_33c96cbd4d19,origin data/VPD-OE_Agent_20260709/VPD-OE_Agent/data/raw/ZY/ZY05.xls,广告投放,E13,13
historical_600_unknown_rule,ZY05,3,P3,亚洲,0.0,src_33c96cbd4d19,origin data/VPD-OE_Agent_20260709/VPD-OE_Agent/data/raw/ZY/ZY05.xls,广告投放,F13,13
historical_600_unknown_rule,ZY05,3,P3,国际,0.0,src_33c96cbd4d19,origin data/VPD-OE_Agent_20260709/VPD-OE_Agent/data/raw/ZY/ZY05.xls,广告投放,G13,13
historical_600_unknown_rule,ZY05,3,P4,本地,0.0,src_33c96cbd4d19,origin data/VPD-OE_Agent_20260709/VPD-OE_Agent/data/raw/ZY/ZY05.xls,广告投放,C14,14
historical_600_unknown_rule,ZY05,3,P4,区域,0.0,src_33c96cbd4d19,origin data/VPD-OE_Agent_20260709/VPD-OE_Agent/data/raw/ZY/ZY05.xls,广告投放,D14,14
historical_600_unknown_rule,ZY05,3,P4,国内,0.0,src_33c96cbd4d19,origin data/VPD-OE_Agent_20260709/VPD-OE_Agent/data/raw/ZY/ZY05.xls,广告投放,E14,14
historical_600_unknown_rule,ZY05,3,P4,亚洲,0.0,src_33c96cbd4d19,origin data/VPD-OE_Agent_20260709/VPD-OE_Agent/data/raw/ZY/ZY05.xls,广告投放,F14,14
historical_600_unknown_rule,ZY05,3,P4,国际,0.0,src_33c96cbd4d19,origin data/VPD-OE_Agent_20260709/VPD-OE_Agent/data/raw/ZY/ZY05.xls,广告投放,G14,14
historical_600_unknown_rule,ZY05,4,P1,本地,0.0,src_33c96cbd4d19,origin data/VPD-OE_Agent_20260709/VPD-OE_Agent/data/raw/ZY/ZY05.xls,广告投放,C18,18
historical_600_unknown_rule,ZY05,4,P1,区域,0.0,src_33c96cbd4d19,origin data/VPD-OE_Agent_20260709/VPD-OE_Agent/data/raw/ZY/ZY05.xls,广告投放,D18,18
historical_600_unknown_rule,ZY05,4,P1,国内,0.0,src_33c96cbd4d19,origin data/VPD-OE_Agent_20260709/VPD-OE_Agent/data/raw/ZY/ZY05.xls,广告投放,E18,18
historical_600_unknown_rule,ZY05,4,P1,亚洲,0.0,src_33c96cbd4d19,origin data/VPD-OE_Agent_20260709/VPD-OE_Agent/data/raw/ZY/ZY05.xls,广告投放,F18,18
historical_600_unknown_rule,ZY05,4,P1,国际,0.0,src_33c96cbd4d19,origin data/VPD-OE_Agent_20260709/VPD-OE_Agent/data/raw/ZY/ZY05.xls,广告投放,G18,18
historical_600_unknown_rule,ZY05,4,P2,本地,0.0,src_33c96cbd4d19,origin data/VPD-OE_Agent_20260709/VPD-OE_Agent/data/raw/ZY/ZY05.xls,广告投放,C19,19
historical_600_unknown_rule,ZY05,4,P2,区域,40.0,src_33c96cbd4d19,origin data/VPD-OE_Agent_20260709/VPD-OE_Agent/data/raw/ZY/ZY05.xls,广告投放,D19,19
historical_600_unknown_rule,ZY05,4,P2,国内,0.0,src_33c96cbd4d19,origin data/VPD-OE_Agent_20260709/VPD-OE_Agent/data/raw/ZY/ZY05.xls,广告投放,E19,19
historical_600_unknown_rule,ZY05,4,P2,亚洲,0.0,src_33c96cbd4d19,origin data/VPD-OE_Agent_20260709/VPD-OE_Agent/data/raw/ZY/ZY05.xls,广告投放,F19,19
historical_600_unknown_rule,ZY05,4,P2,国际,0.0,src_33c96cbd4d19,origin data/VPD-OE_Agent_20260709/VPD-OE_Agent/data/raw/ZY/ZY05.xls,广告投放,G19,19
historical_600_unknown_rule,ZY05,4,P3,本地,20.0,src_33c96cbd4d19,origin data/VPD-OE_Agent_20260709/VPD-OE_Agent/data/raw/ZY/ZY05.xls,广告投放,C20,20
historical_600_unknown_rule,ZY05,4,P3,区域,31.0,src_33c96cbd4d19,origin data/VPD-OE_Agent_20260709/VPD-OE_Agent/data/raw/ZY/ZY05.xls,广告投放,D20,20
historical_600_unknown_rule,ZY05,4,P3,国内,0.0,src_33c96cbd4d19,origin data/VPD-OE_Agent_20260709/VPD-OE_Agent/data/raw/ZY/ZY05.xls,广告投放,E20,20
historical_600_unknown_rule,ZY05,4,P3,亚洲,20.0,src_33c96cbd4d19,origin data/VPD-OE_Agent_20260709/VPD-OE_Agent/data/raw/ZY/ZY05.xls,广告投放,F20,20
historical_600_unknown_rule,ZY05,4,P3,国际,0.0,src_33c96cbd4d19,origin data/VPD-OE_Agent_20260709/VPD-OE_Agent/data/raw/ZY/ZY05.xls,广告投放,G20,20
historical_600_unknown_rule,ZY05,4,P4,本地,0.0,src_33c96cbd4d19,origin data/VPD-OE_Agent_20260709/VPD-OE_Agent/data/raw/ZY/ZY05.xls,广告投放,C21,21
historical_600_unknown_rule,ZY05,4,P4,区域,0.0,src_33c96cbd4d19,origin data/VPD-OE_Agent_20260709/VPD-OE_Agent/data/raw/ZY/ZY05.xls,广告投放,D21,21
historical_600_unknown_rule,ZY05,4,P4,国内,0.0,src_33c96cbd4d19,origin data/VPD-OE_Agent_20260709/VPD-OE_Agent/data/raw/ZY/ZY05.xls,广告投放,E21,21
historical_600_unknown_rule,ZY05,4,P4,亚洲,0.0,src_33c96cbd4d19,origin data/VPD-OE_Agent_20260709/VPD-OE_Agent/data/raw/ZY/ZY05.xls,广告投放,F21,21
historical_600_unknown_rule,ZY05,4,P4,国际,0.0,src_33c96cbd4d19,origin data/VPD-OE_Agent_20260709/VPD-OE_Agent/data/raw/ZY/ZY05.xls,广告投放,G21,21
historical_600_unknown_rule,ZY05,5,P1,本地,0.0,src_33c96cbd4d19,origin data/VPD-OE_Agent_20260709/VPD-OE_Agent/data/raw/ZY/ZY05.xls,广告投放,C25,25
historical_600_unknown_rule,ZY05,5,P1,区域,0.0,src_33c96cbd4d19,origin data/VPD-OE_Agent_20260709/VPD-OE_Agent/data/raw/ZY/ZY05.xls,广告投放,D25,25
historical_600_unknown_rule,ZY05,5,P1,国内,0.0,src_33c96cbd4d19,origin data/VPD-OE_Agent_20260709/VPD-OE_Agent/data/raw/ZY/ZY05.xls,广告投放,E25,25
historical_600_unknown_rule,ZY05,5,P1,亚洲,0.0,src_33c96cbd4d19,origin data/VPD-OE_Agent_20260709/VPD-OE_Agent/data/raw/ZY/ZY05.xls,广告投放,F25,25
historical_600_unknown_rule,ZY05,5,P1,国际,12.0,src_33c96cbd4d19,origin data/VPD-OE_Agent_20260709/VPD-OE_Agent/data/raw/ZY/ZY05.xls,广告投放,G25,25
historical_600_unknown_rule,ZY05,5,P2,本地,20.0,src_33c96cbd4d19,origin data/VPD-OE_Agent_20260709/VPD-OE_Agent/data/raw/ZY/ZY05.xls,广告投放,C26,26
historical_600_unknown_rule,ZY05,5,P2,区域,0.0,src_33c96cbd4d19,origin data/VPD-OE_Agent_20260709/VPD-OE_Agent/data/raw/ZY/ZY05.xls,广告投放,D26,26
historical_600_unknown_rule,ZY05,5,P2,国内,0.0,src_33c96cbd4d19,origin data/VPD-OE_Agent_20260709/VPD-OE_Agent/data/raw/ZY/ZY05.xls,广告投放,E26,26
historical_600_unknown_rule,ZY05,5,P2,亚洲,0.0,src_33c96cbd4d19,origin data/VPD-OE_Agent_20260709/VPD-OE_Agent/data/raw/ZY/ZY05.xls,广告投放,F26,26
historical_600_unknown_rule,ZY05,5,P2,国际,20.0,src_33c96cbd4d19,origin data/VPD-OE_Agent_20260709/VPD-OE_Agent/data/raw/ZY/ZY05.xls,广告投放,G26,26
historical_600_unknown_rule,ZY05,5,P3,本地,20.0,src_33c96cbd4d19,origin data/VPD-OE_Agent_20260709/VPD-OE_Agent/data/raw/ZY/ZY05.xls,广告投放,C27,27
historical_600_unknown_rule,ZY05,5,P3,区域,0.0,src_33c96cbd4d19,origin data/VPD-OE_Agent_20260709/VPD-OE_Agent/data/raw/ZY/ZY05.xls,广告投放,D27,27
historical_600_unknown_rule,ZY05,5,P3,国内,0.0,src_33c96cbd4d19,origin data/VPD-OE_Agent_20260709/VPD-OE_Agent/data/raw/ZY/ZY05.xls,广告投放,E27,27
historical_600_unknown_rule,ZY05,5,P3,亚洲,0.0,src_33c96cbd4d19,origin data/VPD-OE_Agent_20260709/VPD-OE_Agent/data/raw/ZY/ZY05.xls,广告投放,F27,27
historical_600_unknown_rule,ZY05,5,P3,国际,15.0,src_33c96cbd4d19,origin data/VPD-OE_Agent_20260709/VPD-OE_Agent/data/raw/ZY/ZY05.xls,广告投放,G27,27
historical_600_unknown_rule,ZY05,5,P4,本地,0.0,src_33c96cbd4d19,origin data/VPD-OE_Agent_20260709/VPD-OE_Agent/data/raw/ZY/ZY05.xls,广告投放,C28,28
historical_600_unknown_rule,ZY05,5,P4,区域,0.0,src_33c96cbd4d19,origin data/VPD-OE_Agent_20260709/VPD-OE_Agent/data/raw/ZY/ZY05.xls,广告投放,D28,28
historical_600_unknown_rule,ZY05,5,P4,国内,0.0,src_33c96cbd4d19,origin data/VPD-OE_Agent_20260709/VPD-OE_Agent/data/raw/ZY/ZY05.xls,广告投放,E28,28
historical_600_unknown_rule,ZY05,5,P4,亚洲,0.0,src_33c96cbd4d19,origin data/VPD-OE_Agent_20260709/VPD-OE_Agent/data/raw/ZY/ZY05.xls,广告投放,F28,28
historical_600_unknown_rule,ZY05,5,P4,国际,0.0,src_33c96cbd4d19,origin data/VPD-OE_Agent_20260709/VPD-OE_Agent/data/raw/ZY/ZY05.xls,广告投放,G28,28
historical_600_unknown_rule,ZY05,6,P1,本地,0.0,src_33c96cbd4d19,origin data/VPD-OE_Agent_20260709/VPD-OE_Agent/data/raw/ZY/ZY05.xls,广告投放,C32,32
historical_600_unknown_rule,ZY05,6,P1,区域,0.0,src_33c96cbd4d19,origin data/VPD-OE_Agent_20260709/VPD-OE_Agent/data/raw/ZY/ZY05.xls,广告投放,D32,32
historical_600_unknown_rule,ZY05,6,P1,国内,0.0,src_33c96cbd4d19,origin data/VPD-OE_Agent_20260709/VPD-OE_Agent/data/raw/ZY/ZY05.xls,广告投放,E32,32
historical_600_unknown_rule,ZY05,6,P1,亚洲,0.0,src_33c96cbd4d19,origin data/VPD-OE_Agent_20260709/VPD-OE_Agent/data/raw/ZY/ZY05.xls,广告投放,F32,32
historical_600_unknown_rule,ZY05,6,P1,国际,0.0,src_33c96cbd4d19,origin data/VPD-OE_Agent_20260709/VPD-OE_Agent/data/raw/ZY/ZY05.xls,广告投放,G32,32
historical_600_unknown_rule,ZY05,6,P2,本地,0.0,src_33c96cbd4d19,origin data/VPD-OE_Agent_20260709/VPD-OE_Agent/data/raw/ZY/ZY05.xls,广告投放,C33,33
historical_600_unknown_rule,ZY05,6,P2,区域,0.0,src_33c96cbd4d19,origin data/VPD-OE_Agent_20260709/VPD-OE_Agent/data/raw/ZY/ZY05.xls,广告投放,D33,33
historical_600_unknown_rule,ZY05,6,P2,国内,0.0,src_33c96cbd4d19,origin data/VPD-OE_Agent_20260709/VPD-OE_Agent/data/raw/ZY/ZY05.xls,广告投放,E33,33
historical_600_unknown_rule,ZY05,6,P2,亚洲,0.0,src_33c96cbd4d19,origin data/VPD-OE_Agent_20260709/VPD-OE_Agent/data/raw/ZY/ZY05.xls,广告投放,F33,33
historical_600_unknown_rule,ZY05,6,P2,国际,0.0,src_33c96cbd4d19,origin data/VPD-OE_Agent_20260709/VPD-OE_Agent/data/raw/ZY/ZY05.xls,广告投放,G33,33
historical_600_unknown_rule,ZY05,6,P3,本地,0.0,src_33c96cbd4d19,origin data/VPD-OE_Agent_20260709/VPD-OE_Agent/data/raw/ZY/ZY05.xls,广告投放,C34,34
historical_600_unknown_rule,ZY05,6,P3,区域,0.0,src_33c96cbd4d19,origin data/VPD-OE_Agent_20260709/VPD-OE_Agent/data/raw/ZY/ZY05.xls,广告投放,D34,34
historical_600_unknown_rule,ZY05,6,P3,国内,0.0,src_33c96cbd4d19,origin data/VPD-OE_Agent_20260709/VPD-OE_Agent/data/raw/ZY/ZY05.xls,广告投放,E34,34
historical_600_unknown_rule,ZY05,6,P3,亚洲,0.0,src_33c96cbd4d19,origin data/VPD-OE_Agent_20260709/VPD-OE_Agent/data/raw/ZY/ZY05.xls,广告投放,F34,34
historical_600_unknown_rule,ZY05,6,P3,国际,0.0,src_33c96cbd4d19,origin data/VPD-OE_Agent_20260709/VPD-OE_Agent/data/raw/ZY/ZY05.xls,广告投放,G34,34
historical_600_unknown_rule,ZY05,6,P4,本地,0.0,src_33c96cbd4d19,origin data/VPD-OE_Agent_20260709/VPD-OE_Agent/data/raw/ZY/ZY05.xls,广告投放,C35,35
historical_600_unknown_rule,ZY05,6,P4,区域,0.0,src_33c96cbd4d19,origin data/VPD-OE_Agent_20260709/VPD-OE_Agent/data/raw/ZY/ZY05.xls,广告投放,D35,35
historical_600_unknown_rule,ZY05,6,P4,国内,0.0,src_33c96cbd4d19,origin data/VPD-OE_Agent_20260709/VPD-OE_Agent/data/raw/ZY/ZY05.xls,广告投放,E35,35
historical_600_unknown_rule,ZY05,6,P4,亚洲,0.0,src_33c96cbd4d19,origin data/VPD-OE_Agent_20260709/VPD-OE_Agent/data/raw/ZY/ZY05.xls,广告投放,F35,35
historical_600_unknown_rule,ZY05,6,P4,国际,0.0,src_33c96cbd4d19,origin data/VPD-OE_Agent_20260709/VPD-OE_Agent/data/raw/ZY/ZY05.xls,广告投放,G35,35
historical_600_unknown_rule,ZY06,2,P1,本地,0.0,src_aa724dd3736a,origin data/VPD-OE_Agent_20260709/VPD-OE_Agent/data/raw/ZY/ZY06.xls,广告投放,C4,4
historical_600_unknown_rule,ZY06,2,P1,区域,0.0,src_aa724dd3736a,origin data/VPD-OE_Agent_20260709/VPD-OE_Agent/data/raw/ZY/ZY06.xls,广告投放,D4,4
historical_600_unknown_rule,ZY06,2,P1,国内,0.0,src_aa724dd3736a,origin data/VPD-OE_Agent_20260709/VPD-OE_Agent/data/raw/ZY/ZY06.xls,广告投放,E4,4
historical_600_unknown_rule,ZY06,2,P1,亚洲,0.0,src_aa724dd3736a,origin data/VPD-OE_Agent_20260709/VPD-OE_Agent/data/raw/ZY/ZY06.xls,广告投放,F4,4
historical_600_unknown_rule,ZY06,2,P1,国际,0.0,src_aa724dd3736a,origin data/VPD-OE_Agent_20260709/VPD-OE_Agent/data/raw/ZY/ZY06.xls,广告投放,G4,4
historical_600_unknown_rule,ZY06,2,P2,本地,0.0,src_aa724dd3736a,origin data/VPD-OE_Agent_20260709/VPD-OE_Agent/data/raw/ZY/ZY06.xls,广告投放,C5,5
historical_600_unknown_rule,ZY06,2,P2,区域,0.0,src_aa724dd3736a,origin data/VPD-OE_Agent_20260709/VPD-OE_Agent/data/raw/ZY/ZY06.xls,广告投放,D5,5
historical_600_unknown_rule,ZY06,2,P2,国内,0.0,src_aa724dd3736a,origin data/VPD-OE_Agent_20260709/VPD-OE_Agent/data/raw/ZY/ZY06.xls,广告投放,E5,5
historical_600_unknown_rule,ZY06,2,P2,亚洲,0.0,src_aa724dd3736a,origin data/VPD-OE_Agent_20260709/VPD-OE_Agent/data/raw/ZY/ZY06.xls,广告投放,F5,5
historical_600_unknown_rule,ZY06,2,P2,国际,0.0,src_aa724dd3736a,origin data/VPD-OE_Agent_20260709/VPD-OE_Agent/data/raw/ZY/ZY06.xls,广告投放,G5,5
historical_600_unknown_rule,ZY06,2,P3,本地,0.0,src_aa724dd3736a,origin data/VPD-OE_Agent_20260709/VPD-OE_Agent/data/raw/ZY/ZY06.xls,广告投放,C6,6
historical_600_unknown_rule,ZY06,2,P3,区域,0.0,src_aa724dd3736a,origin data/VPD-OE_Agent_20260709/VPD-OE_Agent/data/raw/ZY/ZY06.xls,广告投放,D6,6
historical_600_unknown_rule,ZY06,2,P3,国内,0.0,src_aa724dd3736a,origin data/VPD-OE_Agent_20260709/VPD-OE_Agent/data/raw/ZY/ZY06.xls,广告投放,E6,6
historical_600_unknown_rule,ZY06,2,P3,亚洲,0.0,src_aa724dd3736a,origin data/VPD-OE_Agent_20260709/VPD-OE_Agent/data/raw/ZY/ZY06.xls,广告投放,F6,6
historical_600_unknown_rule,ZY06,2,P3,国际,0.0,src_aa724dd3736a,origin data/VPD-OE_Agent_20260709/VPD-OE_Agent/data/raw/ZY/ZY06.xls,广告投放,G6,6
historical_600_unknown_rule,ZY06,2,P4,本地,12.0,src_aa724dd3736a,origin data/VPD-OE_Agent_20260709/VPD-OE_Agent/data/raw/ZY/ZY06.xls,广告投放,C7,7
historical_600_unknown_rule,ZY06,2,P4,区域,10.0,src_aa724dd3736a,origin data/VPD-OE_Agent_20260709/VPD-OE_Agent/data/raw/ZY/ZY06.xls,广告投放,D7,7
historical_600_unknown_rule,ZY06,2,P4,国内,0.0,src_aa724dd3736a,origin data/VPD-OE_Agent_20260709/VPD-OE_Agent/data/raw/ZY/ZY06.xls,广告投放,E7,7
historical_600_unknown_rule,ZY06,2,P4,亚洲,0.0,src_aa724dd3736a,origin data/VPD-OE_Agent_20260709/VPD-OE_Agent/data/raw/ZY/ZY06.xls,广告投放,F7,7
historical_600_unknown_rule,ZY06,2,P4,国际,0.0,src_aa724dd3736a,origin data/VPD-OE_Agent_20260709/VPD-OE_Agent/data/raw/ZY/ZY06.xls,广告投放,G7,7
historical_600_unknown_rule,ZY06,3,P1,本地,0.0,src_aa724dd3736a,origin data/VPD-OE_Agent_20260709/VPD-OE_Agent/data/raw/ZY/ZY06.xls,广告投放,C11,11
historical_600_unknown_rule,ZY06,3,P1,区域,0.0,src_aa724dd3736a,origin data/VPD-OE_Agent_20260709/VPD-OE_Agent/data/raw/ZY/ZY06.xls,广告投放,D11,11
historical_600_unknown_rule,ZY06,3,P1,国内,0.0,src_aa724dd3736a,origin data/VPD-OE_Agent_20260709/VPD-OE_Agent/data/raw/ZY/ZY06.xls,广告投放,E11,11
historical_600_unknown_rule,ZY06,3,P1,亚洲,0.0,src_aa724dd3736a,origin data/VPD-OE_Agent_20260709/VPD-OE_Agent/data/raw/ZY/ZY06.xls,广告投放,F11,11
historical_600_unknown_rule,ZY06,3,P1,国际,0.0,src_aa724dd3736a,origin data/VPD-OE_Agent_20260709/VPD-OE_Agent/data/raw/ZY/ZY06.xls,广告投放,G11,11
historical_600_unknown_rule,ZY06,3,P2,本地,0.0,src_aa724dd3736a,origin data/VPD-OE_Agent_20260709/VPD-OE_Agent/data/raw/ZY/ZY06.xls,广告投放,C12,12
historical_600_unknown_rule,ZY06,3,P2,区域,0.0,src_aa724dd3736a,origin data/VPD-OE_Agent_20260709/VPD-OE_Agent/data/raw/ZY/ZY06.xls,广告投放,D12,12
historical_600_unknown_rule,ZY06,3,P2,国内,0.0,src_aa724dd3736a,origin data/VPD-OE_Agent_20260709/VPD-OE_Agent/data/raw/ZY/ZY06.xls,广告投放,E12,12
historical_600_unknown_rule,ZY06,3,P2,亚洲,0.0,src_aa724dd3736a,origin data/VPD-OE_Agent_20260709/VPD-OE_Agent/data/raw/ZY/ZY06.xls,广告投放,F12,12
historical_600_unknown_rule,ZY06,3,P2,国际,0.0,src_aa724dd3736a,origin data/VPD-OE_Agent_20260709/VPD-OE_Agent/data/raw/ZY/ZY06.xls,广告投放,G12,12
historical_600_unknown_rule,ZY06,3,P3,本地,0.0,src_aa724dd3736a,origin data/VPD-OE_Agent_20260709/VPD-OE_Agent/data/raw/ZY/ZY06.xls,广告投放,C13,13
historical_600_unknown_rule,ZY06,3,P3,区域,0.0,src_aa724dd3736a,origin data/VPD-OE_Agent_20260709/VPD-OE_Agent/data/raw/ZY/ZY06.xls,广告投放,D13,13
historical_600_unknown_rule,ZY06,3,P3,国内,0.0,src_aa724dd3736a,origin data/VPD-OE_Agent_20260709/VPD-OE_Agent/data/raw/ZY/ZY06.xls,广告投放,E13,13
historical_600_unknown_rule,ZY06,3,P3,亚洲,0.0,src_aa724dd3736a,origin data/VPD-OE_Agent_20260709/VPD-OE_Agent/data/raw/ZY/ZY06.xls,广告投放,F13,13
historical_600_unknown_rule,ZY06,3,P3,国际,0.0,src_aa724dd3736a,origin data/VPD-OE_Agent_20260709/VPD-OE_Agent/data/raw/ZY/ZY06.xls,广告投放,G13,13
historical_600_unknown_rule,ZY06,3,P4,本地,10.0,src_aa724dd3736a,origin data/VPD-OE_Agent_20260709/VPD-OE_Agent/data/raw/ZY/ZY06.xls,广告投放,C14,14
historical_600_unknown_rule,ZY06,3,P4,区域,10.0,src_aa724dd3736a,origin data/VPD-OE_Agent_20260709/VPD-OE_Agent/data/raw/ZY/ZY06.xls,广告投放,D14,14
historical_600_unknown_rule,ZY06,3,P4,国内,10.0,src_aa724dd3736a,origin data/VPD-OE_Agent_20260709/VPD-OE_Agent/data/raw/ZY/ZY06.xls,广告投放,E14,14
historical_600_unknown_rule,ZY06,3,P4,亚洲,0.0,src_aa724dd3736a,origin data/VPD-OE_Agent_20260709/VPD-OE_Agent/data/raw/ZY/ZY06.xls,广告投放,F14,14
historical_600_unknown_rule,ZY06,3,P4,国际,0.0,src_aa724dd3736a,origin data/VPD-OE_Agent_20260709/VPD-OE_Agent/data/raw/ZY/ZY06.xls,广告投放,G14,14
historical_600_unknown_rule,ZY06,4,P1,本地,0.0,src_aa724dd3736a,origin data/VPD-OE_Agent_20260709/VPD-OE_Agent/data/raw/ZY/ZY06.xls,广告投放,C18,18
historical_600_unknown_rule,ZY06,4,P1,区域,0.0,src_aa724dd3736a,origin data/VPD-OE_Agent_20260709/VPD-OE_Agent/data/raw/ZY/ZY06.xls,广告投放,D18,18
historical_600_unknown_rule,ZY06,4,P1,国内,0.0,src_aa724dd3736a,origin data/VPD-OE_Agent_20260709/VPD-OE_Agent/data/raw/ZY/ZY06.xls,广告投放,E18,18
historical_600_unknown_rule,ZY06,4,P1,亚洲,0.0,src_aa724dd3736a,origin data/VPD-OE_Agent_20260709/VPD-OE_Agent/data/raw/ZY/ZY06.xls,广告投放,F18,18
historical_600_unknown_rule,ZY06,4,P1,国际,0.0,src_aa724dd3736a,origin data/VPD-OE_Agent_20260709/VPD-OE_Agent/data/raw/ZY/ZY06.xls,广告投放,G18,18
historical_600_unknown_rule,ZY06,4,P2,本地,0.0,src_aa724dd3736a,origin data/VPD-OE_Agent_20260709/VPD-OE_Agent/data/raw/ZY/ZY06.xls,广告投放,C19,19
historical_600_unknown_rule,ZY06,4,P2,区域,0.0,src_aa724dd3736a,origin data/VPD-OE_Agent_20260709/VPD-OE_Agent/data/raw/ZY/ZY06.xls,广告投放,D19,19
historical_600_unknown_rule,ZY06,4,P2,国内,0.0,src_aa724dd3736a,origin data/VPD-OE_Agent_20260709/VPD-OE_Agent/data/raw/ZY/ZY06.xls,广告投放,E19,19
historical_600_unknown_rule,ZY06,4,P2,亚洲,0.0,src_aa724dd3736a,origin data/VPD-OE_Agent_20260709/VPD-OE_Agent/data/raw/ZY/ZY06.xls,广告投放,F19,19
historical_600_unknown_rule,ZY06,4,P2,国际,0.0,src_aa724dd3736a,origin data/VPD-OE_Agent_20260709/VPD-OE_Agent/data/raw/ZY/ZY06.xls,广告投放,G19,19
historical_600_unknown_rule,ZY06,4,P3,本地,0.0,src_aa724dd3736a,origin data/VPD-OE_Agent_20260709/VPD-OE_Agent/data/raw/ZY/ZY06.xls,广告投放,C20,20
historical_600_unknown_rule,ZY06,4,P3,区域,0.0,src_aa724dd3736a,origin data/VPD-OE_Agent_20260709/VPD-OE_Agent/data/raw/ZY/ZY06.xls,广告投放,D20,20
historical_600_unknown_rule,ZY06,4,P3,国内,0.0,src_aa724dd3736a,origin data/VPD-OE_Agent_20260709/VPD-OE_Agent/data/raw/ZY/ZY06.xls,广告投放,E20,20
historical_600_unknown_rule,ZY06,4,P3,亚洲,0.0,src_aa724dd3736a,origin data/VPD-OE_Agent_20260709/VPD-OE_Agent/data/raw/ZY/ZY06.xls,广告投放,F20,20
historical_600_unknown_rule,ZY06,4,P3,国际,0.0,src_aa724dd3736a,origin data/VPD-OE_Agent_20260709/VPD-OE_Agent/data/raw/ZY/ZY06.xls,广告投放,G20,20
historical_600_unknown_rule,ZY06,4,P4,本地,0.0,src_aa724dd3736a,origin data/VPD-OE_Agent_20260709/VPD-OE_Agent/data/raw/ZY/ZY06.xls,广告投放,C21,21
historical_600_unknown_rule,ZY06,4,P4,区域,0.0,src_aa724dd3736a,origin data/VPD-OE_Agent_20260709/VPD-OE_Agent/data/raw/ZY/ZY06.xls,广告投放,D21,21
historical_600_unknown_rule,ZY06,4,P4,国内,10.0,src_aa724dd3736a,origin data/VPD-OE_Agent_20260709/VPD-OE_Agent/data/raw/ZY/ZY06.xls,广告投放,E21,21
historical_600_unknown_rule,ZY06,4,P4,亚洲,35.0,src_aa724dd3736a,origin data/VPD-OE_Agent_20260709/VPD-OE_Agent/data/raw/ZY/ZY06.xls,广告投放,F21,21
historical_600_unknown_rule,ZY06,4,P4,国际,0.0,src_aa724dd3736a,origin data/VPD-OE_Agent_20260709/VPD-OE_Agent/data/raw/ZY/ZY06.xls,广告投放,G21,21
historical_600_unknown_rule,ZY06,5,P1,本地,0.0,src_aa724dd3736a,origin data/VPD-OE_Agent_20260709/VPD-OE_Agent/data/raw/ZY/ZY06.xls,广告投放,C25,25
historical_600_unknown_rule,ZY06,5,P1,区域,0.0,src_aa724dd3736a,origin data/VPD-OE_Agent_20260709/VPD-OE_Agent/data/raw/ZY/ZY06.xls,广告投放,D25,25
historical_600_unknown_rule,ZY06,5,P1,国内,0.0,src_aa724dd3736a,origin data/VPD-OE_Agent_20260709/VPD-OE_Agent/data/raw/ZY/ZY06.xls,广告投放,E25,25
historical_600_unknown_rule,ZY06,5,P1,亚洲,0.0,src_aa724dd3736a,origin data/VPD-OE_Agent_20260709/VPD-OE_Agent/data/raw/ZY/ZY06.xls,广告投放,F25,25
historical_600_unknown_rule,ZY06,5,P1,国际,0.0,src_aa724dd3736a,origin data/VPD-OE_Agent_20260709/VPD-OE_Agent/data/raw/ZY/ZY06.xls,广告投放,G25,25
historical_600_unknown_rule,ZY06,5,P2,本地,0.0,src_aa724dd3736a,origin data/VPD-OE_Agent_20260709/VPD-OE_Agent/data/raw/ZY/ZY06.xls,广告投放,C26,26
historical_600_unknown_rule,ZY06,5,P2,区域,0.0,src_aa724dd3736a,origin data/VPD-OE_Agent_20260709/VPD-OE_Agent/data/raw/ZY/ZY06.xls,广告投放,D26,26
historical_600_unknown_rule,ZY06,5,P2,国内,0.0,src_aa724dd3736a,origin data/VPD-OE_Agent_20260709/VPD-OE_Agent/data/raw/ZY/ZY06.xls,广告投放,E26,26
historical_600_unknown_rule,ZY06,5,P2,亚洲,0.0,src_aa724dd3736a,origin data/VPD-OE_Agent_20260709/VPD-OE_Agent/data/raw/ZY/ZY06.xls,广告投放,F26,26
historical_600_unknown_rule,ZY06,5,P2,国际,0.0,src_aa724dd3736a,origin data/VPD-OE_Agent_20260709/VPD-OE_Agent/data/raw/ZY/ZY06.xls,广告投放,G26,26
historical_600_unknown_rule,ZY06,5,P3,本地,0.0,src_aa724dd3736a,origin data/VPD-OE_Agent_20260709/VPD-OE_Agent/data/raw/ZY/ZY06.xls,广告投放,C27,27
historical_600_unknown_rule,ZY06,5,P3,区域,0.0,src_aa724dd3736a,origin data/VPD-OE_Agent_20260709/VPD-OE_Agent/data/raw/ZY/ZY06.xls,广告投放,D27,27
historical_600_unknown_rule,ZY06,5,P3,国内,0.0,src_aa724dd3736a,origin data/VPD-OE_Agent_20260709/VPD-OE_Agent/data/raw/ZY/ZY06.xls,广告投放,E27,27
historical_600_unknown_rule,ZY06,5,P3,亚洲,0.0,src_aa724dd3736a,origin data/VPD-OE_Agent_20260709/VPD-OE_Agent/data/raw/ZY/ZY06.xls,广告投放,F27,27
historical_600_unknown_rule,ZY06,5,P3,国际,0.0,src_aa724dd3736a,origin data/VPD-OE_Agent_20260709/VPD-OE_Agent/data/raw/ZY/ZY06.xls,广告投放,G27,27
historical_600_unknown_rule,ZY06,5,P4,本地,58.0,src_aa724dd3736a,origin data/VPD-OE_Agent_20260709/VPD-OE_Agent/data/raw/ZY/ZY06.xls,广告投放,C28,28
historical_600_unknown_rule,ZY06,5,P4,区域,16.0,src_aa724dd3736a,origin data/VPD-OE_Agent_20260709/VPD-OE_Agent/data/raw/ZY/ZY06.xls,广告投放,D28,28
historical_600_unknown_rule,ZY06,5,P4,国内,32.0,src_aa724dd3736a,origin data/VPD-OE_Agent_20260709/VPD-OE_Agent/data/raw/ZY/ZY06.xls,广告投放,E28,28
historical_600_unknown_rule,ZY06,5,P4,亚洲,32.0,src_aa724dd3736a,origin data/VPD-OE_Agent_20260709/VPD-OE_Agent/data/raw/ZY/ZY06.xls,广告投放,F28,28
historical_600_unknown_rule,ZY06,5,P4,国际,0.0,src_aa724dd3736a,origin data/VPD-OE_Agent_20260709/VPD-OE_Agent/data/raw/ZY/ZY06.xls,广告投放,G28,28
historical_600_unknown_rule,ZY06,6,P1,本地,0.0,src_aa724dd3736a,origin data/VPD-OE_Agent_20260709/VPD-OE_Agent/data/raw/ZY/ZY06.xls,广告投放,C32,32
historical_600_unknown_rule,ZY06,6,P1,区域,0.0,src_aa724dd3736a,origin data/VPD-OE_Agent_20260709/VPD-OE_Agent/data/raw/ZY/ZY06.xls,广告投放,D32,32
historical_600_unknown_rule,ZY06,6,P1,国内,0.0,src_aa724dd3736a,origin data/VPD-OE_Agent_20260709/VPD-OE_Agent/data/raw/ZY/ZY06.xls,广告投放,E32,32
historical_600_unknown_rule,ZY06,6,P1,亚洲,0.0,src_aa724dd3736a,origin data/VPD-OE_Agent_20260709/VPD-OE_Agent/data/raw/ZY/ZY06.xls,广告投放,F32,32
historical_600_unknown_rule,ZY06,6,P1,国际,0.0,src_aa724dd3736a,origin data/VPD-OE_Agent_20260709/VPD-OE_Agent/data/raw/ZY/ZY06.xls,广告投放,G32,32
historical_600_unknown_rule,ZY06,6,P2,本地,0.0,src_aa724dd3736a,origin data/VPD-OE_Agent_20260709/VPD-OE_Agent/data/raw/ZY/ZY06.xls,广告投放,C33,33
historical_600_unknown_rule,ZY06,6,P2,区域,0.0,src_aa724dd3736a,origin data/VPD-OE_Agent_20260709/VPD-OE_Agent/data/raw/ZY/ZY06.xls,广告投放,D33,33
historical_600_unknown_rule,ZY06,6,P2,国内,0.0,src_aa724dd3736a,origin data/VPD-OE_Agent_20260709/VPD-OE_Agent/data/raw/ZY/ZY06.xls,广告投放,E33,33
historical_600_unknown_rule,ZY06,6,P2,亚洲,0.0,src_aa724dd3736a,origin data/VPD-OE_Agent_20260709/VPD-OE_Agent/data/raw/ZY/ZY06.xls,广告投放,F33,33
historical_600_unknown_rule,ZY06,6,P2,国际,0.0,src_aa724dd3736a,origin data/VPD-OE_Agent_20260709/VPD-OE_Agent/data/raw/ZY/ZY06.xls,广告投放,G33,33
historical_600_unknown_rule,ZY06,6,P3,本地,0.0,src_aa724dd3736a,origin data/VPD-OE_Agent_20260709/VPD-OE_Agent/data/raw/ZY/ZY06.xls,广告投放,C34,34
historical_600_unknown_rule,ZY06,6,P3,区域,0.0,src_aa724dd3736a,origin data/VPD-OE_Agent_20260709/VPD-OE_Agent/data/raw/ZY/ZY06.xls,广告投放,D34,34
historical_600_unknown_rule,ZY06,6,P3,国内,0.0,src_aa724dd3736a,origin data/VPD-OE_Agent_20260709/VPD-OE_Agent/data/raw/ZY/ZY06.xls,广告投放,E34,34
historical_600_unknown_rule,ZY06,6,P3,亚洲,0.0,src_aa724dd3736a,origin data/VPD-OE_Agent_20260709/VPD-OE_Agent/data/raw/ZY/ZY06.xls,广告投放,F34,34
historical_600_unknown_rule,ZY06,6,P3,国际,0.0,src_aa724dd3736a,origin data/VPD-OE_Agent_20260709/VPD-OE_Agent/data/raw/ZY/ZY06.xls,广告投放,G34,34
historical_600_unknown_rule,ZY06,6,P4,本地,0.0,src_aa724dd3736a,origin data/VPD-OE_Agent_20260709/VPD-OE_Agent/data/raw/ZY/ZY06.xls,广告投放,C35,35
historical_600_unknown_rule,ZY06,6,P4,区域,0.0,src_aa724dd3736a,origin data/VPD-OE_Agent_20260709/VPD-OE_Agent/data/raw/ZY/ZY06.xls,广告投放,D35,35
historical_600_unknown_rule,ZY06,6,P4,国内,0.0,src_aa724dd3736a,origin data/VPD-OE_Agent_20260709/VPD-OE_Agent/data/raw/ZY/ZY06.xls,广告投放,E35,35
historical_600_unknown_rule,ZY06,6,P4,亚洲,0.0,src_aa724dd3736a,origin data/VPD-OE_Agent_20260709/VPD-OE_Agent/data/raw/ZY/ZY06.xls,广告投放,F35,35
historical_600_unknown_rule,ZY06,6,P4,国际,0.0,src_aa724dd3736a,origin data/VPD-OE_Agent_20260709/VPD-OE_Agent/data/raw/ZY/ZY06.xls,广告投放,G35,35
historical_600_unknown_rule,ZY07,2,P1,本地,0.0,src_610d5b6cd311,origin data/VPD-OE_Agent_20260709/VPD-OE_Agent/data/raw/ZY/ZY07.xls,广告投放,C4,4
historical_600_unknown_rule,ZY07,2,P1,区域,0.0,src_610d5b6cd311,origin data/VPD-OE_Agent_20260709/VPD-OE_Agent/data/raw/ZY/ZY07.xls,广告投放,D4,4
historical_600_unknown_rule,ZY07,2,P1,国内,0.0,src_610d5b6cd311,origin data/VPD-OE_Agent_20260709/VPD-OE_Agent/data/raw/ZY/ZY07.xls,广告投放,E4,4
historical_600_unknown_rule,ZY07,2,P1,亚洲,0.0,src_610d5b6cd311,origin data/VPD-OE_Agent_20260709/VPD-OE_Agent/data/raw/ZY/ZY07.xls,广告投放,F4,4
historical_600_unknown_rule,ZY07,2,P1,国际,0.0,src_610d5b6cd311,origin data/VPD-OE_Agent_20260709/VPD-OE_Agent/data/raw/ZY/ZY07.xls,广告投放,G4,4
historical_600_unknown_rule,ZY07,2,P2,本地,10.0,src_610d5b6cd311,origin data/VPD-OE_Agent_20260709/VPD-OE_Agent/data/raw/ZY/ZY07.xls,广告投放,C5,5
historical_600_unknown_rule,ZY07,2,P2,区域,10.0,src_610d5b6cd311,origin data/VPD-OE_Agent_20260709/VPD-OE_Agent/data/raw/ZY/ZY07.xls,广告投放,D5,5
historical_600_unknown_rule,ZY07,2,P2,国内,0.0,src_610d5b6cd311,origin data/VPD-OE_Agent_20260709/VPD-OE_Agent/data/raw/ZY/ZY07.xls,广告投放,E5,5
historical_600_unknown_rule,ZY07,2,P2,亚洲,0.0,src_610d5b6cd311,origin data/VPD-OE_Agent_20260709/VPD-OE_Agent/data/raw/ZY/ZY07.xls,广告投放,F5,5
historical_600_unknown_rule,ZY07,2,P2,国际,0.0,src_610d5b6cd311,origin data/VPD-OE_Agent_20260709/VPD-OE_Agent/data/raw/ZY/ZY07.xls,广告投放,G5,5
historical_600_unknown_rule,ZY07,2,P3,本地,20.0,src_610d5b6cd311,origin data/VPD-OE_Agent_20260709/VPD-OE_Agent/data/raw/ZY/ZY07.xls,广告投放,C6,6
historical_600_unknown_rule,ZY07,2,P3,区域,20.0,src_610d5b6cd311,origin data/VPD-OE_Agent_20260709/VPD-OE_Agent/data/raw/ZY/ZY07.xls,广告投放,D6,6
historical_600_unknown_rule,ZY07,2,P3,国内,0.0,src_610d5b6cd311,origin data/VPD-OE_Agent_20260709/VPD-OE_Agent/data/raw/ZY/ZY07.xls,广告投放,E6,6
historical_600_unknown_rule,ZY07,2,P3,亚洲,0.0,src_610d5b6cd311,origin data/VPD-OE_Agent_20260709/VPD-OE_Agent/data/raw/ZY/ZY07.xls,广告投放,F6,6
historical_600_unknown_rule,ZY07,2,P3,国际,0.0,src_610d5b6cd311,origin data/VPD-OE_Agent_20260709/VPD-OE_Agent/data/raw/ZY/ZY07.xls,广告投放,G6,6
historical_600_unknown_rule,ZY07,2,P4,本地,0.0,src_610d5b6cd311,origin data/VPD-OE_Agent_20260709/VPD-OE_Agent/data/raw/ZY/ZY07.xls,广告投放,C7,7
historical_600_unknown_rule,ZY07,2,P4,区域,0.0,src_610d5b6cd311,origin data/VPD-OE_Agent_20260709/VPD-OE_Agent/data/raw/ZY/ZY07.xls,广告投放,D7,7
historical_600_unknown_rule,ZY07,2,P4,国内,0.0,src_610d5b6cd311,origin data/VPD-OE_Agent_20260709/VPD-OE_Agent/data/raw/ZY/ZY07.xls,广告投放,E7,7
historical_600_unknown_rule,ZY07,2,P4,亚洲,0.0,src_610d5b6cd311,origin data/VPD-OE_Agent_20260709/VPD-OE_Agent/data/raw/ZY/ZY07.xls,广告投放,F7,7
historical_600_unknown_rule,ZY07,2,P4,国际,0.0,src_610d5b6cd311,origin data/VPD-OE_Agent_20260709/VPD-OE_Agent/data/raw/ZY/ZY07.xls,广告投放,G7,7
historical_600_unknown_rule,ZY07,3,P1,本地,0.0,src_610d5b6cd311,origin data/VPD-OE_Agent_20260709/VPD-OE_Agent/data/raw/ZY/ZY07.xls,广告投放,C11,11
historical_600_unknown_rule,ZY07,3,P1,区域,0.0,src_610d5b6cd311,origin data/VPD-OE_Agent_20260709/VPD-OE_Agent/data/raw/ZY/ZY07.xls,广告投放,D11,11
historical_600_unknown_rule,ZY07,3,P1,国内,0.0,src_610d5b6cd311,origin data/VPD-OE_Agent_20260709/VPD-OE_Agent/data/raw/ZY/ZY07.xls,广告投放,E11,11
historical_600_unknown_rule,ZY07,3,P1,亚洲,0.0,src_610d5b6cd311,origin data/VPD-OE_Agent_20260709/VPD-OE_Agent/data/raw/ZY/ZY07.xls,广告投放,F11,11
historical_600_unknown_rule,ZY07,3,P1,国际,0.0,src_610d5b6cd311,origin data/VPD-OE_Agent_20260709/VPD-OE_Agent/data/raw/ZY/ZY07.xls,广告投放,G11,11
historical_600_unknown_rule,ZY07,3,P2,本地,0.0,src_610d5b6cd311,origin data/VPD-OE_Agent_20260709/VPD-OE_Agent/data/raw/ZY/ZY07.xls,广告投放,C12,12
historical_600_unknown_rule,ZY07,3,P2,区域,0.0,src_610d5b6cd311,origin data/VPD-OE_Agent_20260709/VPD-OE_Agent/data/raw/ZY/ZY07.xls,广告投放,D12,12
historical_600_unknown_rule,ZY07,3,P2,国内,10.0,src_610d5b6cd311,origin data/VPD-OE_Agent_20260709/VPD-OE_Agent/data/raw/ZY/ZY07.xls,广告投放,E12,12
historical_600_unknown_rule,ZY07,3,P2,亚洲,0.0,src_610d5b6cd311,origin data/VPD-OE_Agent_20260709/VPD-OE_Agent/data/raw/ZY/ZY07.xls,广告投放,F12,12
historical_600_unknown_rule,ZY07,3,P2,国际,0.0,src_610d5b6cd311,origin data/VPD-OE_Agent_20260709/VPD-OE_Agent/data/raw/ZY/ZY07.xls,广告投放,G12,12
historical_600_unknown_rule,ZY07,3,P3,本地,16.0,src_610d5b6cd311,origin data/VPD-OE_Agent_20260709/VPD-OE_Agent/data/raw/ZY/ZY07.xls,广告投放,C13,13
historical_600_unknown_rule,ZY07,3,P3,区域,0.0,src_610d5b6cd311,origin data/VPD-OE_Agent_20260709/VPD-OE_Agent/data/raw/ZY/ZY07.xls,广告投放,D13,13
historical_600_unknown_rule,ZY07,3,P3,国内,16.0,src_610d5b6cd311,origin data/VPD-OE_Agent_20260709/VPD-OE_Agent/data/raw/ZY/ZY07.xls,广告投放,E13,13
historical_600_unknown_rule,ZY07,3,P3,亚洲,0.0,src_610d5b6cd311,origin data/VPD-OE_Agent_20260709/VPD-OE_Agent/data/raw/ZY/ZY07.xls,广告投放,F13,13
historical_600_unknown_rule,ZY07,3,P3,国际,0.0,src_610d5b6cd311,origin data/VPD-OE_Agent_20260709/VPD-OE_Agent/data/raw/ZY/ZY07.xls,广告投放,G13,13
historical_600_unknown_rule,ZY07,3,P4,本地,0.0,src_610d5b6cd311,origin data/VPD-OE_Agent_20260709/VPD-OE_Agent/data/raw/ZY/ZY07.xls,广告投放,C14,14
historical_600_unknown_rule,ZY07,3,P4,区域,0.0,src_610d5b6cd311,origin data/VPD-OE_Agent_20260709/VPD-OE_Agent/data/raw/ZY/ZY07.xls,广告投放,D14,14
historical_600_unknown_rule,ZY07,3,P4,国内,0.0,src_610d5b6cd311,origin data/VPD-OE_Agent_20260709/VPD-OE_Agent/data/raw/ZY/ZY07.xls,广告投放,E14,14
historical_600_unknown_rule,ZY07,3,P4,亚洲,0.0,src_610d5b6cd311,origin data/VPD-OE_Agent_20260709/VPD-OE_Agent/data/raw/ZY/ZY07.xls,广告投放,F14,14
historical_600_unknown_rule,ZY07,3,P4,国际,0.0,src_610d5b6cd311,origin data/VPD-OE_Agent_20260709/VPD-OE_Agent/data/raw/ZY/ZY07.xls,广告投放,G14,14
historical_600_unknown_rule,ZY07,4,P1,本地,0.0,src_610d5b6cd311,origin data/VPD-OE_Agent_20260709/VPD-OE_Agent/data/raw/ZY/ZY07.xls,广告投放,C18,18
historical_600_unknown_rule,ZY07,4,P1,区域,0.0,src_610d5b6cd311,origin data/VPD-OE_Agent_20260709/VPD-OE_Agent/data/raw/ZY/ZY07.xls,广告投放,D18,18
historical_600_unknown_rule,ZY07,4,P1,国内,0.0,src_610d5b6cd311,origin data/VPD-OE_Agent_20260709/VPD-OE_Agent/data/raw/ZY/ZY07.xls,广告投放,E18,18
historical_600_unknown_rule,ZY07,4,P1,亚洲,0.0,src_610d5b6cd311,origin data/VPD-OE_Agent_20260709/VPD-OE_Agent/data/raw/ZY/ZY07.xls,广告投放,F18,18
historical_600_unknown_rule,ZY07,4,P1,国际,0.0,src_610d5b6cd311,origin data/VPD-OE_Agent_20260709/VPD-OE_Agent/data/raw/ZY/ZY07.xls,广告投放,G18,18
historical_600_unknown_rule,ZY07,4,P2,本地,0.0,src_610d5b6cd311,origin data/VPD-OE_Agent_20260709/VPD-OE_Agent/data/raw/ZY/ZY07.xls,广告投放,C19,19
historical_600_unknown_rule,ZY07,4,P2,区域,26.0,src_610d5b6cd311,origin data/VPD-OE_Agent_20260709/VPD-OE_Agent/data/raw/ZY/ZY07.xls,广告投放,D19,19
historical_600_unknown_rule,ZY07,4,P2,国内,0.0,src_610d5b6cd311,origin data/VPD-OE_Agent_20260709/VPD-OE_Agent/data/raw/ZY/ZY07.xls,广告投放,E19,19
historical_600_unknown_rule,ZY07,4,P2,亚洲,26.0,src_610d5b6cd311,origin data/VPD-OE_Agent_20260709/VPD-OE_Agent/data/raw/ZY/ZY07.xls,广告投放,F19,19
historical_600_unknown_rule,ZY07,4,P2,国际,0.0,src_610d5b6cd311,origin data/VPD-OE_Agent_20260709/VPD-OE_Agent/data/raw/ZY/ZY07.xls,广告投放,G19,19
historical_600_unknown_rule,ZY07,4,P3,本地,26.0,src_610d5b6cd311,origin data/VPD-OE_Agent_20260709/VPD-OE_Agent/data/raw/ZY/ZY07.xls,广告投放,C20,20
historical_600_unknown_rule,ZY07,4,P3,区域,0.0,src_610d5b6cd311,origin data/VPD-OE_Agent_20260709/VPD-OE_Agent/data/raw/ZY/ZY07.xls,广告投放,D20,20
historical_600_unknown_rule,ZY07,4,P3,国内,0.0,src_610d5b6cd311,origin data/VPD-OE_Agent_20260709/VPD-OE_Agent/data/raw/ZY/ZY07.xls,广告投放,E20,20
historical_600_unknown_rule,ZY07,4,P3,亚洲,26.0,src_610d5b6cd311,origin data/VPD-OE_Agent_20260709/VPD-OE_Agent/data/raw/ZY/ZY07.xls,广告投放,F20,20
historical_600_unknown_rule,ZY07,4,P3,国际,0.0,src_610d5b6cd311,origin data/VPD-OE_Agent_20260709/VPD-OE_Agent/data/raw/ZY/ZY07.xls,广告投放,G20,20
historical_600_unknown_rule,ZY07,4,P4,本地,0.0,src_610d5b6cd311,origin data/VPD-OE_Agent_20260709/VPD-OE_Agent/data/raw/ZY/ZY07.xls,广告投放,C21,21
historical_600_unknown_rule,ZY07,4,P4,区域,0.0,src_610d5b6cd311,origin data/VPD-OE_Agent_20260709/VPD-OE_Agent/data/raw/ZY/ZY07.xls,广告投放,D21,21
historical_600_unknown_rule,ZY07,4,P4,国内,0.0,src_610d5b6cd311,origin data/VPD-OE_Agent_20260709/VPD-OE_Agent/data/raw/ZY/ZY07.xls,广告投放,E21,21
historical_600_unknown_rule,ZY07,4,P4,亚洲,0.0,src_610d5b6cd311,origin data/VPD-OE_Agent_20260709/VPD-OE_Agent/data/raw/ZY/ZY07.xls,广告投放,F21,21
historical_600_unknown_rule,ZY07,4,P4,国际,0.0,src_610d5b6cd311,origin data/VPD-OE_Agent_20260709/VPD-OE_Agent/data/raw/ZY/ZY07.xls,广告投放,G21,21
historical_600_unknown_rule,ZY07,5,P1,本地,0.0,src_610d5b6cd311,origin data/VPD-OE_Agent_20260709/VPD-OE_Agent/data/raw/ZY/ZY07.xls,广告投放,C25,25
historical_600_unknown_rule,ZY07,5,P1,区域,0.0,src_610d5b6cd311,origin data/VPD-OE_Agent_20260709/VPD-OE_Agent/data/raw/ZY/ZY07.xls,广告投放,D25,25
historical_600_unknown_rule,ZY07,5,P1,国内,0.0,src_610d5b6cd311,origin data/VPD-OE_Agent_20260709/VPD-OE_Agent/data/raw/ZY/ZY07.xls,广告投放,E25,25
historical_600_unknown_rule,ZY07,5,P1,亚洲,0.0,src_610d5b6cd311,origin data/VPD-OE_Agent_20260709/VPD-OE_Agent/data/raw/ZY/ZY07.xls,广告投放,F25,25
historical_600_unknown_rule,ZY07,5,P1,国际,0.0,src_610d5b6cd311,origin data/VPD-OE_Agent_20260709/VPD-OE_Agent/data/raw/ZY/ZY07.xls,广告投放,G25,25
historical_600_unknown_rule,ZY07,5,P2,本地,0.0,src_610d5b6cd311,origin data/VPD-OE_Agent_20260709/VPD-OE_Agent/data/raw/ZY/ZY07.xls,广告投放,C26,26
historical_600_unknown_rule,ZY07,5,P2,区域,0.0,src_610d5b6cd311,origin data/VPD-OE_Agent_20260709/VPD-OE_Agent/data/raw/ZY/ZY07.xls,广告投放,D26,26
historical_600_unknown_rule,ZY07,5,P2,国内,0.0,src_610d5b6cd311,origin data/VPD-OE_Agent_20260709/VPD-OE_Agent/data/raw/ZY/ZY07.xls,广告投放,E26,26
historical_600_unknown_rule,ZY07,5,P2,亚洲,0.0,src_610d5b6cd311,origin data/VPD-OE_Agent_20260709/VPD-OE_Agent/data/raw/ZY/ZY07.xls,广告投放,F26,26
historical_600_unknown_rule,ZY07,5,P2,国际,10.0,src_610d5b6cd311,origin data/VPD-OE_Agent_20260709/VPD-OE_Agent/data/raw/ZY/ZY07.xls,广告投放,G26,26
historical_600_unknown_rule,ZY07,5,P3,本地,0.0,src_610d5b6cd311,origin data/VPD-OE_Agent_20260709/VPD-OE_Agent/data/raw/ZY/ZY07.xls,广告投放,C27,27
historical_600_unknown_rule,ZY07,5,P3,区域,10.0,src_610d5b6cd311,origin data/VPD-OE_Agent_20260709/VPD-OE_Agent/data/raw/ZY/ZY07.xls,广告投放,D27,27
historical_600_unknown_rule,ZY07,5,P3,国内,0.0,src_610d5b6cd311,origin data/VPD-OE_Agent_20260709/VPD-OE_Agent/data/raw/ZY/ZY07.xls,广告投放,E27,27
historical_600_unknown_rule,ZY07,5,P3,亚洲,0.0,src_610d5b6cd311,origin data/VPD-OE_Agent_20260709/VPD-OE_Agent/data/raw/ZY/ZY07.xls,广告投放,F27,27
historical_600_unknown_rule,ZY07,5,P3,国际,10.0,src_610d5b6cd311,origin data/VPD-OE_Agent_20260709/VPD-OE_Agent/data/raw/ZY/ZY07.xls,广告投放,G27,27
historical_600_unknown_rule,ZY07,5,P4,本地,0.0,src_610d5b6cd311,origin data/VPD-OE_Agent_20260709/VPD-OE_Agent/data/raw/ZY/ZY07.xls,广告投放,C28,28
historical_600_unknown_rule,ZY07,5,P4,区域,0.0,src_610d5b6cd311,origin data/VPD-OE_Agent_20260709/VPD-OE_Agent/data/raw/ZY/ZY07.xls,广告投放,D28,28
historical_600_unknown_rule,ZY07,5,P4,国内,0.0,src_610d5b6cd311,origin data/VPD-OE_Agent_20260709/VPD-OE_Agent/data/raw/ZY/ZY07.xls,广告投放,E28,28
historical_600_unknown_rule,ZY07,5,P4,亚洲,0.0,src_610d5b6cd311,origin data/VPD-OE_Agent_20260709/VPD-OE_Agent/data/raw/ZY/ZY07.xls,广告投放,F28,28
historical_600_unknown_rule,ZY07,5,P4,国际,0.0,src_610d5b6cd311,origin data/VPD-OE_Agent_20260709/VPD-OE_Agent/data/raw/ZY/ZY07.xls,广告投放,G28,28
historical_600_unknown_rule,ZY07,6,P1,本地,0.0,src_610d5b6cd311,origin data/VPD-OE_Agent_20260709/VPD-OE_Agent/data/raw/ZY/ZY07.xls,广告投放,C32,32
historical_600_unknown_rule,ZY07,6,P1,区域,0.0,src_610d5b6cd311,origin data/VPD-OE_Agent_20260709/VPD-OE_Agent/data/raw/ZY/ZY07.xls,广告投放,D32,32
historical_600_unknown_rule,ZY07,6,P1,国内,0.0,src_610d5b6cd311,origin data/VPD-OE_Agent_20260709/VPD-OE_Agent/data/raw/ZY/ZY07.xls,广告投放,E32,32
historical_600_unknown_rule,ZY07,6,P1,亚洲,0.0,src_610d5b6cd311,origin data/VPD-OE_Agent_20260709/VPD-OE_Agent/data/raw/ZY/ZY07.xls,广告投放,F32,32
historical_600_unknown_rule,ZY07,6,P1,国际,0.0,src_610d5b6cd311,origin data/VPD-OE_Agent_20260709/VPD-OE_Agent/data/raw/ZY/ZY07.xls,广告投放,G32,32
historical_600_unknown_rule,ZY07,6,P2,本地,0.0,src_610d5b6cd311,origin data/VPD-OE_Agent_20260709/VPD-OE_Agent/data/raw/ZY/ZY07.xls,广告投放,C33,33
historical_600_unknown_rule,ZY07,6,P2,区域,0.0,src_610d5b6cd311,origin data/VPD-OE_Agent_20260709/VPD-OE_Agent/data/raw/ZY/ZY07.xls,广告投放,D33,33
historical_600_unknown_rule,ZY07,6,P2,国内,0.0,src_610d5b6cd311,origin data/VPD-OE_Agent_20260709/VPD-OE_Agent/data/raw/ZY/ZY07.xls,广告投放,E33,33
historical_600_unknown_rule,ZY07,6,P2,亚洲,0.0,src_610d5b6cd311,origin data/VPD-OE_Agent_20260709/VPD-OE_Agent/data/raw/ZY/ZY07.xls,广告投放,F33,33
historical_600_unknown_rule,ZY07,6,P2,国际,0.0,src_610d5b6cd311,origin data/VPD-OE_Agent_20260709/VPD-OE_Agent/data/raw/ZY/ZY07.xls,广告投放,G33,33
historical_600_unknown_rule,ZY07,6,P3,本地,0.0,src_610d5b6cd311,origin data/VPD-OE_Agent_20260709/VPD-OE_Agent/data/raw/ZY/ZY07.xls,广告投放,C34,34
historical_600_unknown_rule,ZY07,6,P3,区域,0.0,src_610d5b6cd311,origin data/VPD-OE_Agent_20260709/VPD-OE_Agent/data/raw/ZY/ZY07.xls,广告投放,D34,34
historical_600_unknown_rule,ZY07,6,P3,国内,0.0,src_610d5b6cd311,origin data/VPD-OE_Agent_20260709/VPD-OE_Agent/data/raw/ZY/ZY07.xls,广告投放,E34,34
historical_600_unknown_rule,ZY07,6,P3,亚洲,0.0,src_610d5b6cd311,origin data/VPD-OE_Agent_20260709/VPD-OE_Agent/data/raw/ZY/ZY07.xls,广告投放,F34,34
historical_600_unknown_rule,ZY07,6,P3,国际,0.0,src_610d5b6cd311,origin data/VPD-OE_Agent_20260709/VPD-OE_Agent/data/raw/ZY/ZY07.xls,广告投放,G34,34
historical_600_unknown_rule,ZY07,6,P4,本地,0.0,src_610d5b6cd311,origin data/VPD-OE_Agent_20260709/VPD-OE_Agent/data/raw/ZY/ZY07.xls,广告投放,C35,35
historical_600_unknown_rule,ZY07,6,P4,区域,0.0,src_610d5b6cd311,origin data/VPD-OE_Agent_20260709/VPD-OE_Agent/data/raw/ZY/ZY07.xls,广告投放,D35,35
historical_600_unknown_rule,ZY07,6,P4,国内,0.0,src_610d5b6cd311,origin data/VPD-OE_Agent_20260709/VPD-OE_Agent/data/raw/ZY/ZY07.xls,广告投放,E35,35
historical_600_unknown_rule,ZY07,6,P4,亚洲,0.0,src_610d5b6cd311,origin data/VPD-OE_Agent_20260709/VPD-OE_Agent/data/raw/ZY/ZY07.xls,广告投放,F35,35
historical_600_unknown_rule,ZY07,6,P4,国际,0.0,src_610d5b6cd311,origin data/VPD-OE_Agent_20260709/VPD-OE_Agent/data/raw/ZY/ZY07.xls,广告投放,G35,35
historical_600_unknown_rule,ZY08,2,P1,本地,30.0,src_db71d98a0a37,origin data/VPD-OE_Agent_20260709/VPD-OE_Agent/data/raw/ZY/ZY08.xls,广告投放,C4,4
historical_600_unknown_rule,ZY08,2,P1,区域,0.0,src_db71d98a0a37,origin data/VPD-OE_Agent_20260709/VPD-OE_Agent/data/raw/ZY/ZY08.xls,广告投放,D4,4
historical_600_unknown_rule,ZY08,2,P1,国内,0.0,src_db71d98a0a37,origin data/VPD-OE_Agent_20260709/VPD-OE_Agent/data/raw/ZY/ZY08.xls,广告投放,E4,4
historical_600_unknown_rule,ZY08,2,P1,亚洲,0.0,src_db71d98a0a37,origin data/VPD-OE_Agent_20260709/VPD-OE_Agent/data/raw/ZY/ZY08.xls,广告投放,F4,4
historical_600_unknown_rule,ZY08,2,P1,国际,0.0,src_db71d98a0a37,origin data/VPD-OE_Agent_20260709/VPD-OE_Agent/data/raw/ZY/ZY08.xls,广告投放,G4,4
historical_600_unknown_rule,ZY08,2,P2,本地,0.0,src_db71d98a0a37,origin data/VPD-OE_Agent_20260709/VPD-OE_Agent/data/raw/ZY/ZY08.xls,广告投放,C5,5
historical_600_unknown_rule,ZY08,2,P2,区域,0.0,src_db71d98a0a37,origin data/VPD-OE_Agent_20260709/VPD-OE_Agent/data/raw/ZY/ZY08.xls,广告投放,D5,5
historical_600_unknown_rule,ZY08,2,P2,国内,0.0,src_db71d98a0a37,origin data/VPD-OE_Agent_20260709/VPD-OE_Agent/data/raw/ZY/ZY08.xls,广告投放,E5,5
historical_600_unknown_rule,ZY08,2,P2,亚洲,0.0,src_db71d98a0a37,origin data/VPD-OE_Agent_20260709/VPD-OE_Agent/data/raw/ZY/ZY08.xls,广告投放,F5,5
historical_600_unknown_rule,ZY08,2,P2,国际,0.0,src_db71d98a0a37,origin data/VPD-OE_Agent_20260709/VPD-OE_Agent/data/raw/ZY/ZY08.xls,广告投放,G5,5
historical_600_unknown_rule,ZY08,2,P3,本地,0.0,src_db71d98a0a37,origin data/VPD-OE_Agent_20260709/VPD-OE_Agent/data/raw/ZY/ZY08.xls,广告投放,C6,6
historical_600_unknown_rule,ZY08,2,P3,区域,0.0,src_db71d98a0a37,origin data/VPD-OE_Agent_20260709/VPD-OE_Agent/data/raw/ZY/ZY08.xls,广告投放,D6,6
historical_600_unknown_rule,ZY08,2,P3,国内,0.0,src_db71d98a0a37,origin data/VPD-OE_Agent_20260709/VPD-OE_Agent/data/raw/ZY/ZY08.xls,广告投放,E6,6
historical_600_unknown_rule,ZY08,2,P3,亚洲,0.0,src_db71d98a0a37,origin data/VPD-OE_Agent_20260709/VPD-OE_Agent/data/raw/ZY/ZY08.xls,广告投放,F6,6
historical_600_unknown_rule,ZY08,2,P3,国际,0.0,src_db71d98a0a37,origin data/VPD-OE_Agent_20260709/VPD-OE_Agent/data/raw/ZY/ZY08.xls,广告投放,G6,6
historical_600_unknown_rule,ZY08,2,P4,本地,10.0,src_db71d98a0a37,origin data/VPD-OE_Agent_20260709/VPD-OE_Agent/data/raw/ZY/ZY08.xls,广告投放,C7,7
historical_600_unknown_rule,ZY08,2,P4,区域,0.0,src_db71d98a0a37,origin data/VPD-OE_Agent_20260709/VPD-OE_Agent/data/raw/ZY/ZY08.xls,广告投放,D7,7
historical_600_unknown_rule,ZY08,2,P4,国内,0.0,src_db71d98a0a37,origin data/VPD-OE_Agent_20260709/VPD-OE_Agent/data/raw/ZY/ZY08.xls,广告投放,E7,7
historical_600_unknown_rule,ZY08,2,P4,亚洲,0.0,src_db71d98a0a37,origin data/VPD-OE_Agent_20260709/VPD-OE_Agent/data/raw/ZY/ZY08.xls,广告投放,F7,7
historical_600_unknown_rule,ZY08,2,P4,国际,0.0,src_db71d98a0a37,origin data/VPD-OE_Agent_20260709/VPD-OE_Agent/data/raw/ZY/ZY08.xls,广告投放,G7,7
historical_600_unknown_rule,ZY08,3,P1,本地,10.0,src_db71d98a0a37,origin data/VPD-OE_Agent_20260709/VPD-OE_Agent/data/raw/ZY/ZY08.xls,广告投放,C11,11
historical_600_unknown_rule,ZY08,3,P1,区域,0.0,src_db71d98a0a37,origin data/VPD-OE_Agent_20260709/VPD-OE_Agent/data/raw/ZY/ZY08.xls,广告投放,D11,11
historical_600_unknown_rule,ZY08,3,P1,国内,0.0,src_db71d98a0a37,origin data/VPD-OE_Agent_20260709/VPD-OE_Agent/data/raw/ZY/ZY08.xls,广告投放,E11,11
historical_600_unknown_rule,ZY08,3,P1,亚洲,0.0,src_db71d98a0a37,origin data/VPD-OE_Agent_20260709/VPD-OE_Agent/data/raw/ZY/ZY08.xls,广告投放,F11,11
historical_600_unknown_rule,ZY08,3,P1,国际,0.0,src_db71d98a0a37,origin data/VPD-OE_Agent_20260709/VPD-OE_Agent/data/raw/ZY/ZY08.xls,广告投放,G11,11
historical_600_unknown_rule,ZY08,3,P2,本地,0.0,src_db71d98a0a37,origin data/VPD-OE_Agent_20260709/VPD-OE_Agent/data/raw/ZY/ZY08.xls,广告投放,C12,12
historical_600_unknown_rule,ZY08,3,P2,区域,0.0,src_db71d98a0a37,origin data/VPD-OE_Agent_20260709/VPD-OE_Agent/data/raw/ZY/ZY08.xls,广告投放,D12,12
historical_600_unknown_rule,ZY08,3,P2,国内,0.0,src_db71d98a0a37,origin data/VPD-OE_Agent_20260709/VPD-OE_Agent/data/raw/ZY/ZY08.xls,广告投放,E12,12
historical_600_unknown_rule,ZY08,3,P2,亚洲,0.0,src_db71d98a0a37,origin data/VPD-OE_Agent_20260709/VPD-OE_Agent/data/raw/ZY/ZY08.xls,广告投放,F12,12
historical_600_unknown_rule,ZY08,3,P2,国际,0.0,src_db71d98a0a37,origin data/VPD-OE_Agent_20260709/VPD-OE_Agent/data/raw/ZY/ZY08.xls,广告投放,G12,12
historical_600_unknown_rule,ZY08,3,P3,本地,0.0,src_db71d98a0a37,origin data/VPD-OE_Agent_20260709/VPD-OE_Agent/data/raw/ZY/ZY08.xls,广告投放,C13,13
historical_600_unknown_rule,ZY08,3,P3,区域,0.0,src_db71d98a0a37,origin data/VPD-OE_Agent_20260709/VPD-OE_Agent/data/raw/ZY/ZY08.xls,广告投放,D13,13
historical_600_unknown_rule,ZY08,3,P3,国内,0.0,src_db71d98a0a37,origin data/VPD-OE_Agent_20260709/VPD-OE_Agent/data/raw/ZY/ZY08.xls,广告投放,E13,13
historical_600_unknown_rule,ZY08,3,P3,亚洲,0.0,src_db71d98a0a37,origin data/VPD-OE_Agent_20260709/VPD-OE_Agent/data/raw/ZY/ZY08.xls,广告投放,F13,13
historical_600_unknown_rule,ZY08,3,P3,国际,0.0,src_db71d98a0a37,origin data/VPD-OE_Agent_20260709/VPD-OE_Agent/data/raw/ZY/ZY08.xls,广告投放,G13,13
historical_600_unknown_rule,ZY08,3,P4,本地,10.0,src_db71d98a0a37,origin data/VPD-OE_Agent_20260709/VPD-OE_Agent/data/raw/ZY/ZY08.xls,广告投放,C14,14
historical_600_unknown_rule,ZY08,3,P4,区域,0.0,src_db71d98a0a37,origin data/VPD-OE_Agent_20260709/VPD-OE_Agent/data/raw/ZY/ZY08.xls,广告投放,D14,14
historical_600_unknown_rule,ZY08,3,P4,国内,0.0,src_db71d98a0a37,origin data/VPD-OE_Agent_20260709/VPD-OE_Agent/data/raw/ZY/ZY08.xls,广告投放,E14,14
historical_600_unknown_rule,ZY08,3,P4,亚洲,0.0,src_db71d98a0a37,origin data/VPD-OE_Agent_20260709/VPD-OE_Agent/data/raw/ZY/ZY08.xls,广告投放,F14,14
historical_600_unknown_rule,ZY08,3,P4,国际,0.0,src_db71d98a0a37,origin data/VPD-OE_Agent_20260709/VPD-OE_Agent/data/raw/ZY/ZY08.xls,广告投放,G14,14
historical_600_unknown_rule,ZY08,4,P1,本地,10.0,src_db71d98a0a37,origin data/VPD-OE_Agent_20260709/VPD-OE_Agent/data/raw/ZY/ZY08.xls,广告投放,C18,18
historical_600_unknown_rule,ZY08,4,P1,区域,0.0,src_db71d98a0a37,origin data/VPD-OE_Agent_20260709/VPD-OE_Agent/data/raw/ZY/ZY08.xls,广告投放,D18,18
historical_600_unknown_rule,ZY08,4,P1,国内,0.0,src_db71d98a0a37,origin data/VPD-OE_Agent_20260709/VPD-OE_Agent/data/raw/ZY/ZY08.xls,广告投放,E18,18
historical_600_unknown_rule,ZY08,4,P1,亚洲,10.0,src_db71d98a0a37,origin data/VPD-OE_Agent_20260709/VPD-OE_Agent/data/raw/ZY/ZY08.xls,广告投放,F18,18
historical_600_unknown_rule,ZY08,4,P1,国际,0.0,src_db71d98a0a37,origin data/VPD-OE_Agent_20260709/VPD-OE_Agent/data/raw/ZY/ZY08.xls,广告投放,G18,18
historical_600_unknown_rule,ZY08,4,P2,本地,0.0,src_db71d98a0a37,origin data/VPD-OE_Agent_20260709/VPD-OE_Agent/data/raw/ZY/ZY08.xls,广告投放,C19,19
historical_600_unknown_rule,ZY08,4,P2,区域,0.0,src_db71d98a0a37,origin data/VPD-OE_Agent_20260709/VPD-OE_Agent/data/raw/ZY/ZY08.xls,广告投放,D19,19
historical_600_unknown_rule,ZY08,4,P2,国内,0.0,src_db71d98a0a37,origin data/VPD-OE_Agent_20260709/VPD-OE_Agent/data/raw/ZY/ZY08.xls,广告投放,E19,19
historical_600_unknown_rule,ZY08,4,P2,亚洲,0.0,src_db71d98a0a37,origin data/VPD-OE_Agent_20260709/VPD-OE_Agent/data/raw/ZY/ZY08.xls,广告投放,F19,19
historical_600_unknown_rule,ZY08,4,P2,国际,0.0,src_db71d98a0a37,origin data/VPD-OE_Agent_20260709/VPD-OE_Agent/data/raw/ZY/ZY08.xls,广告投放,G19,19
historical_600_unknown_rule,ZY08,4,P3,本地,0.0,src_db71d98a0a37,origin data/VPD-OE_Agent_20260709/VPD-OE_Agent/data/raw/ZY/ZY08.xls,广告投放,C20,20
historical_600_unknown_rule,ZY08,4,P3,区域,0.0,src_db71d98a0a37,origin data/VPD-OE_Agent_20260709/VPD-OE_Agent/data/raw/ZY/ZY08.xls,广告投放,D20,20
historical_600_unknown_rule,ZY08,4,P3,国内,0.0,src_db71d98a0a37,origin data/VPD-OE_Agent_20260709/VPD-OE_Agent/data/raw/ZY/ZY08.xls,广告投放,E20,20
historical_600_unknown_rule,ZY08,4,P3,亚洲,0.0,src_db71d98a0a37,origin data/VPD-OE_Agent_20260709/VPD-OE_Agent/data/raw/ZY/ZY08.xls,广告投放,F20,20
historical_600_unknown_rule,ZY08,4,P3,国际,0.0,src_db71d98a0a37,origin data/VPD-OE_Agent_20260709/VPD-OE_Agent/data/raw/ZY/ZY08.xls,广告投放,G20,20
historical_600_unknown_rule,ZY08,4,P4,本地,12.0,src_db71d98a0a37,origin data/VPD-OE_Agent_20260709/VPD-OE_Agent/data/raw/ZY/ZY08.xls,广告投放,C21,21
historical_600_unknown_rule,ZY08,4,P4,区域,10.0,src_db71d98a0a37,origin data/VPD-OE_Agent_20260709/VPD-OE_Agent/data/raw/ZY/ZY08.xls,广告投放,D21,21
historical_600_unknown_rule,ZY08,4,P4,国内,0.0,src_db71d98a0a37,origin data/VPD-OE_Agent_20260709/VPD-OE_Agent/data/raw/ZY/ZY08.xls,广告投放,E21,21
historical_600_unknown_rule,ZY08,4,P4,亚洲,0.0,src_db71d98a0a37,origin data/VPD-OE_Agent_20260709/VPD-OE_Agent/data/raw/ZY/ZY08.xls,广告投放,F21,21
historical_600_unknown_rule,ZY08,4,P4,国际,0.0,src_db71d98a0a37,origin data/VPD-OE_Agent_20260709/VPD-OE_Agent/data/raw/ZY/ZY08.xls,广告投放,G21,21
historical_600_unknown_rule,ZY08,5,P1,本地,12.0,src_db71d98a0a37,origin data/VPD-OE_Agent_20260709/VPD-OE_Agent/data/raw/ZY/ZY08.xls,广告投放,C25,25
historical_600_unknown_rule,ZY08,5,P1,区域,0.0,src_db71d98a0a37,origin data/VPD-OE_Agent_20260709/VPD-OE_Agent/data/raw/ZY/ZY08.xls,广告投放,D25,25
historical_600_unknown_rule,ZY08,5,P1,国内,0.0,src_db71d98a0a37,origin data/VPD-OE_Agent_20260709/VPD-OE_Agent/data/raw/ZY/ZY08.xls,广告投放,E25,25
historical_600_unknown_rule,ZY08,5,P1,亚洲,0.0,src_db71d98a0a37,origin data/VPD-OE_Agent_20260709/VPD-OE_Agent/data/raw/ZY/ZY08.xls,广告投放,F25,25
historical_600_unknown_rule,ZY08,5,P1,国际,0.0,src_db71d98a0a37,origin data/VPD-OE_Agent_20260709/VPD-OE_Agent/data/raw/ZY/ZY08.xls,广告投放,G25,25
historical_600_unknown_rule,ZY08,5,P2,本地,0.0,src_db71d98a0a37,origin data/VPD-OE_Agent_20260709/VPD-OE_Agent/data/raw/ZY/ZY08.xls,广告投放,C26,26
historical_600_unknown_rule,ZY08,5,P2,区域,0.0,src_db71d98a0a37,origin data/VPD-OE_Agent_20260709/VPD-OE_Agent/data/raw/ZY/ZY08.xls,广告投放,D26,26
historical_600_unknown_rule,ZY08,5,P2,国内,0.0,src_db71d98a0a37,origin data/VPD-OE_Agent_20260709/VPD-OE_Agent/data/raw/ZY/ZY08.xls,广告投放,E26,26
historical_600_unknown_rule,ZY08,5,P2,亚洲,0.0,src_db71d98a0a37,origin data/VPD-OE_Agent_20260709/VPD-OE_Agent/data/raw/ZY/ZY08.xls,广告投放,F26,26
historical_600_unknown_rule,ZY08,5,P2,国际,0.0,src_db71d98a0a37,origin data/VPD-OE_Agent_20260709/VPD-OE_Agent/data/raw/ZY/ZY08.xls,广告投放,G26,26
historical_600_unknown_rule,ZY08,5,P3,本地,0.0,src_db71d98a0a37,origin data/VPD-OE_Agent_20260709/VPD-OE_Agent/data/raw/ZY/ZY08.xls,广告投放,C27,27
historical_600_unknown_rule,ZY08,5,P3,区域,0.0,src_db71d98a0a37,origin data/VPD-OE_Agent_20260709/VPD-OE_Agent/data/raw/ZY/ZY08.xls,广告投放,D27,27
historical_600_unknown_rule,ZY08,5,P3,国内,0.0,src_db71d98a0a37,origin data/VPD-OE_Agent_20260709/VPD-OE_Agent/data/raw/ZY/ZY08.xls,广告投放,E27,27
historical_600_unknown_rule,ZY08,5,P3,亚洲,0.0,src_db71d98a0a37,origin data/VPD-OE_Agent_20260709/VPD-OE_Agent/data/raw/ZY/ZY08.xls,广告投放,F27,27
historical_600_unknown_rule,ZY08,5,P3,国际,0.0,src_db71d98a0a37,origin data/VPD-OE_Agent_20260709/VPD-OE_Agent/data/raw/ZY/ZY08.xls,广告投放,G27,27
historical_600_unknown_rule,ZY08,5,P4,本地,36.0,src_db71d98a0a37,origin data/VPD-OE_Agent_20260709/VPD-OE_Agent/data/raw/ZY/ZY08.xls,广告投放,C28,28
historical_600_unknown_rule,ZY08,5,P4,区域,0.0,src_db71d98a0a37,origin data/VPD-OE_Agent_20260709/VPD-OE_Agent/data/raw/ZY/ZY08.xls,广告投放,D28,28
historical_600_unknown_rule,ZY08,5,P4,国内,0.0,src_db71d98a0a37,origin data/VPD-OE_Agent_20260709/VPD-OE_Agent/data/raw/ZY/ZY08.xls,广告投放,E28,28
historical_600_unknown_rule,ZY08,5,P4,亚洲,31.0,src_db71d98a0a37,origin data/VPD-OE_Agent_20260709/VPD-OE_Agent/data/raw/ZY/ZY08.xls,广告投放,F28,28
historical_600_unknown_rule,ZY08,5,P4,国际,0.0,src_db71d98a0a37,origin data/VPD-OE_Agent_20260709/VPD-OE_Agent/data/raw/ZY/ZY08.xls,广告投放,G28,28
historical_600_unknown_rule,ZY08,6,P1,本地,0.0,src_db71d98a0a37,origin data/VPD-OE_Agent_20260709/VPD-OE_Agent/data/raw/ZY/ZY08.xls,广告投放,C32,32
historical_600_unknown_rule,ZY08,6,P1,区域,0.0,src_db71d98a0a37,origin data/VPD-OE_Agent_20260709/VPD-OE_Agent/data/raw/ZY/ZY08.xls,广告投放,D32,32
historical_600_unknown_rule,ZY08,6,P1,国内,0.0,src_db71d98a0a37,origin data/VPD-OE_Agent_20260709/VPD-OE_Agent/data/raw/ZY/ZY08.xls,广告投放,E32,32
historical_600_unknown_rule,ZY08,6,P1,亚洲,0.0,src_db71d98a0a37,origin data/VPD-OE_Agent_20260709/VPD-OE_Agent/data/raw/ZY/ZY08.xls,广告投放,F32,32
historical_600_unknown_rule,ZY08,6,P1,国际,0.0,src_db71d98a0a37,origin data/VPD-OE_Agent_20260709/VPD-OE_Agent/data/raw/ZY/ZY08.xls,广告投放,G32,32
historical_600_unknown_rule,ZY08,6,P2,本地,0.0,src_db71d98a0a37,origin data/VPD-OE_Agent_20260709/VPD-OE_Agent/data/raw/ZY/ZY08.xls,广告投放,C33,33
historical_600_unknown_rule,ZY08,6,P2,区域,0.0,src_db71d98a0a37,origin data/VPD-OE_Agent_20260709/VPD-OE_Agent/data/raw/ZY/ZY08.xls,广告投放,D33,33
historical_600_unknown_rule,ZY08,6,P2,国内,0.0,src_db71d98a0a37,origin data/VPD-OE_Agent_20260709/VPD-OE_Agent/data/raw/ZY/ZY08.xls,广告投放,E33,33
historical_600_unknown_rule,ZY08,6,P2,亚洲,0.0,src_db71d98a0a37,origin data/VPD-OE_Agent_20260709/VPD-OE_Agent/data/raw/ZY/ZY08.xls,广告投放,F33,33
historical_600_unknown_rule,ZY08,6,P2,国际,0.0,src_db71d98a0a37,origin data/VPD-OE_Agent_20260709/VPD-OE_Agent/data/raw/ZY/ZY08.xls,广告投放,G33,33
historical_600_unknown_rule,ZY08,6,P3,本地,0.0,src_db71d98a0a37,origin data/VPD-OE_Agent_20260709/VPD-OE_Agent/data/raw/ZY/ZY08.xls,广告投放,C34,34
historical_600_unknown_rule,ZY08,6,P3,区域,0.0,src_db71d98a0a37,origin data/VPD-OE_Agent_20260709/VPD-OE_Agent/data/raw/ZY/ZY08.xls,广告投放,D34,34
historical_600_unknown_rule,ZY08,6,P3,国内,0.0,src_db71d98a0a37,origin data/VPD-OE_Agent_20260709/VPD-OE_Agent/data/raw/ZY/ZY08.xls,广告投放,E34,34
historical_600_unknown_rule,ZY08,6,P3,亚洲,0.0,src_db71d98a0a37,origin data/VPD-OE_Agent_20260709/VPD-OE_Agent/data/raw/ZY/ZY08.xls,广告投放,F34,34
historical_600_unknown_rule,ZY08,6,P3,国际,0.0,src_db71d98a0a37,origin data/VPD-OE_Agent_20260709/VPD-OE_Agent/data/raw/ZY/ZY08.xls,广告投放,G34,34
historical_600_unknown_rule,ZY08,6,P4,本地,0.0,src_db71d98a0a37,origin data/VPD-OE_Agent_20260709/VPD-OE_Agent/data/raw/ZY/ZY08.xls,广告投放,C35,35
historical_600_unknown_rule,ZY08,6,P4,区域,0.0,src_db71d98a0a37,origin data/VPD-OE_Agent_20260709/VPD-OE_Agent/data/raw/ZY/ZY08.xls,广告投放,D35,35
historical_600_unknown_rule,ZY08,6,P4,国内,0.0,src_db71d98a0a37,origin data/VPD-OE_Agent_20260709/VPD-OE_Agent/data/raw/ZY/ZY08.xls,广告投放,E35,35
historical_600_unknown_rule,ZY08,6,P4,亚洲,0.0,src_db71d98a0a37,origin data/VPD-OE_Agent_20260709/VPD-OE_Agent/data/raw/ZY/ZY08.xls,广告投放,F35,35
historical_600_unknown_rule,ZY08,6,P4,国际,0.0,src_db71d98a0a37,origin data/VPD-OE_Agent_20260709/VPD-OE_Agent/data/raw/ZY/ZY08.xls,广告投放,G35,35
historical_600_unknown_rule,ZY09,2,P1,本地,0.0,src_57c289f9896a,origin data/VPD-OE_Agent_20260709/VPD-OE_Agent/data/raw/ZY/ZY09.xls,广告投放,C4,4
historical_600_unknown_rule,ZY09,2,P1,区域,0.0,src_57c289f9896a,origin data/VPD-OE_Agent_20260709/VPD-OE_Agent/data/raw/ZY/ZY09.xls,广告投放,D4,4
historical_600_unknown_rule,ZY09,2,P1,国内,0.0,src_57c289f9896a,origin data/VPD-OE_Agent_20260709/VPD-OE_Agent/data/raw/ZY/ZY09.xls,广告投放,E4,4
historical_600_unknown_rule,ZY09,2,P1,亚洲,0.0,src_57c289f9896a,origin data/VPD-OE_Agent_20260709/VPD-OE_Agent/data/raw/ZY/ZY09.xls,广告投放,F4,4
historical_600_unknown_rule,ZY09,2,P1,国际,0.0,src_57c289f9896a,origin data/VPD-OE_Agent_20260709/VPD-OE_Agent/data/raw/ZY/ZY09.xls,广告投放,G4,4
historical_600_unknown_rule,ZY09,2,P2,本地,20.0,src_57c289f9896a,origin data/VPD-OE_Agent_20260709/VPD-OE_Agent/data/raw/ZY/ZY09.xls,广告投放,C5,5
historical_600_unknown_rule,ZY09,2,P2,区域,10.0,src_57c289f9896a,origin data/VPD-OE_Agent_20260709/VPD-OE_Agent/data/raw/ZY/ZY09.xls,广告投放,D5,5
historical_600_unknown_rule,ZY09,2,P2,国内,0.0,src_57c289f9896a,origin data/VPD-OE_Agent_20260709/VPD-OE_Agent/data/raw/ZY/ZY09.xls,广告投放,E5,5
historical_600_unknown_rule,ZY09,2,P2,亚洲,0.0,src_57c289f9896a,origin data/VPD-OE_Agent_20260709/VPD-OE_Agent/data/raw/ZY/ZY09.xls,广告投放,F5,5
historical_600_unknown_rule,ZY09,2,P2,国际,0.0,src_57c289f9896a,origin data/VPD-OE_Agent_20260709/VPD-OE_Agent/data/raw/ZY/ZY09.xls,广告投放,G5,5
historical_600_unknown_rule,ZY09,2,P3,本地,10.0,src_57c289f9896a,origin data/VPD-OE_Agent_20260709/VPD-OE_Agent/data/raw/ZY/ZY09.xls,广告投放,C6,6
historical_600_unknown_rule,ZY09,2,P3,区域,10.0,src_57c289f9896a,origin data/VPD-OE_Agent_20260709/VPD-OE_Agent/data/raw/ZY/ZY09.xls,广告投放,D6,6
historical_600_unknown_rule,ZY09,2,P3,国内,0.0,src_57c289f9896a,origin data/VPD-OE_Agent_20260709/VPD-OE_Agent/data/raw/ZY/ZY09.xls,广告投放,E6,6
historical_600_unknown_rule,ZY09,2,P3,亚洲,0.0,src_57c289f9896a,origin data/VPD-OE_Agent_20260709/VPD-OE_Agent/data/raw/ZY/ZY09.xls,广告投放,F6,6
historical_600_unknown_rule,ZY09,2,P3,国际,0.0,src_57c289f9896a,origin data/VPD-OE_Agent_20260709/VPD-OE_Agent/data/raw/ZY/ZY09.xls,广告投放,G6,6
historical_600_unknown_rule,ZY09,2,P4,本地,0.0,src_57c289f9896a,origin data/VPD-OE_Agent_20260709/VPD-OE_Agent/data/raw/ZY/ZY09.xls,广告投放,C7,7
historical_600_unknown_rule,ZY09,2,P4,区域,0.0,src_57c289f9896a,origin data/VPD-OE_Agent_20260709/VPD-OE_Agent/data/raw/ZY/ZY09.xls,广告投放,D7,7
historical_600_unknown_rule,ZY09,2,P4,国内,0.0,src_57c289f9896a,origin data/VPD-OE_Agent_20260709/VPD-OE_Agent/data/raw/ZY/ZY09.xls,广告投放,E7,7
historical_600_unknown_rule,ZY09,2,P4,亚洲,0.0,src_57c289f9896a,origin data/VPD-OE_Agent_20260709/VPD-OE_Agent/data/raw/ZY/ZY09.xls,广告投放,F7,7
historical_600_unknown_rule,ZY09,2,P4,国际,0.0,src_57c289f9896a,origin data/VPD-OE_Agent_20260709/VPD-OE_Agent/data/raw/ZY/ZY09.xls,广告投放,G7,7
historical_600_unknown_rule,ZY09,3,P1,本地,0.0,src_57c289f9896a,origin data/VPD-OE_Agent_20260709/VPD-OE_Agent/data/raw/ZY/ZY09.xls,广告投放,C11,11
historical_600_unknown_rule,ZY09,3,P1,区域,0.0,src_57c289f9896a,origin data/VPD-OE_Agent_20260709/VPD-OE_Agent/data/raw/ZY/ZY09.xls,广告投放,D11,11
historical_600_unknown_rule,ZY09,3,P1,国内,0.0,src_57c289f9896a,origin data/VPD-OE_Agent_20260709/VPD-OE_Agent/data/raw/ZY/ZY09.xls,广告投放,E11,11
historical_600_unknown_rule,ZY09,3,P1,亚洲,0.0,src_57c289f9896a,origin data/VPD-OE_Agent_20260709/VPD-OE_Agent/data/raw/ZY/ZY09.xls,广告投放,F11,11
historical_600_unknown_rule,ZY09,3,P1,国际,0.0,src_57c289f9896a,origin data/VPD-OE_Agent_20260709/VPD-OE_Agent/data/raw/ZY/ZY09.xls,广告投放,G11,11
historical_600_unknown_rule,ZY09,3,P2,本地,0.0,src_57c289f9896a,origin data/VPD-OE_Agent_20260709/VPD-OE_Agent/data/raw/ZY/ZY09.xls,广告投放,C12,12
historical_600_unknown_rule,ZY09,3,P2,区域,0.0,src_57c289f9896a,origin data/VPD-OE_Agent_20260709/VPD-OE_Agent/data/raw/ZY/ZY09.xls,广告投放,D12,12
historical_600_unknown_rule,ZY09,3,P2,国内,0.0,src_57c289f9896a,origin data/VPD-OE_Agent_20260709/VPD-OE_Agent/data/raw/ZY/ZY09.xls,广告投放,E12,12
historical_600_unknown_rule,ZY09,3,P2,亚洲,0.0,src_57c289f9896a,origin data/VPD-OE_Agent_20260709/VPD-OE_Agent/data/raw/ZY/ZY09.xls,广告投放,F12,12
historical_600_unknown_rule,ZY09,3,P2,国际,0.0,src_57c289f9896a,origin data/VPD-OE_Agent_20260709/VPD-OE_Agent/data/raw/ZY/ZY09.xls,广告投放,G12,12
historical_600_unknown_rule,ZY09,3,P3,本地,33.0,src_57c289f9896a,origin data/VPD-OE_Agent_20260709/VPD-OE_Agent/data/raw/ZY/ZY09.xls,广告投放,C13,13
historical_600_unknown_rule,ZY09,3,P3,区域,12.0,src_57c289f9896a,origin data/VPD-OE_Agent_20260709/VPD-OE_Agent/data/raw/ZY/ZY09.xls,广告投放,D13,13
historical_600_unknown_rule,ZY09,3,P3,国内,0.0,src_57c289f9896a,origin data/VPD-OE_Agent_20260709/VPD-OE_Agent/data/raw/ZY/ZY09.xls,广告投放,E13,13
historical_600_unknown_rule,ZY09,3,P3,亚洲,0.0,src_57c289f9896a,origin data/VPD-OE_Agent_20260709/VPD-OE_Agent/data/raw/ZY/ZY09.xls,广告投放,F13,13
historical_600_unknown_rule,ZY09,3,P3,国际,0.0,src_57c289f9896a,origin data/VPD-OE_Agent_20260709/VPD-OE_Agent/data/raw/ZY/ZY09.xls,广告投放,G13,13
historical_600_unknown_rule,ZY09,3,P4,本地,0.0,src_57c289f9896a,origin data/VPD-OE_Agent_20260709/VPD-OE_Agent/data/raw/ZY/ZY09.xls,广告投放,C14,14
historical_600_unknown_rule,ZY09,3,P4,区域,0.0,src_57c289f9896a,origin data/VPD-OE_Agent_20260709/VPD-OE_Agent/data/raw/ZY/ZY09.xls,广告投放,D14,14
historical_600_unknown_rule,ZY09,3,P4,国内,0.0,src_57c289f9896a,origin data/VPD-OE_Agent_20260709/VPD-OE_Agent/data/raw/ZY/ZY09.xls,广告投放,E14,14
historical_600_unknown_rule,ZY09,3,P4,亚洲,0.0,src_57c289f9896a,origin data/VPD-OE_Agent_20260709/VPD-OE_Agent/data/raw/ZY/ZY09.xls,广告投放,F14,14
historical_600_unknown_rule,ZY09,3,P4,国际,0.0,src_57c289f9896a,origin data/VPD-OE_Agent_20260709/VPD-OE_Agent/data/raw/ZY/ZY09.xls,广告投放,G14,14
historical_600_unknown_rule,ZY09,4,P1,本地,0.0,src_57c289f9896a,origin data/VPD-OE_Agent_20260709/VPD-OE_Agent/data/raw/ZY/ZY09.xls,广告投放,C18,18
historical_600_unknown_rule,ZY09,4,P1,区域,0.0,src_57c289f9896a,origin data/VPD-OE_Agent_20260709/VPD-OE_Agent/data/raw/ZY/ZY09.xls,广告投放,D18,18
historical_600_unknown_rule,ZY09,4,P1,国内,0.0,src_57c289f9896a,origin data/VPD-OE_Agent_20260709/VPD-OE_Agent/data/raw/ZY/ZY09.xls,广告投放,E18,18
historical_600_unknown_rule,ZY09,4,P1,亚洲,0.0,src_57c289f9896a,origin data/VPD-OE_Agent_20260709/VPD-OE_Agent/data/raw/ZY/ZY09.xls,广告投放,F18,18
historical_600_unknown_rule,ZY09,4,P1,国际,0.0,src_57c289f9896a,origin data/VPD-OE_Agent_20260709/VPD-OE_Agent/data/raw/ZY/ZY09.xls,广告投放,G18,18
historical_600_unknown_rule,ZY09,4,P2,本地,0.0,src_57c289f9896a,origin data/VPD-OE_Agent_20260709/VPD-OE_Agent/data/raw/ZY/ZY09.xls,广告投放,C19,19
historical_600_unknown_rule,ZY09,4,P2,区域,0.0,src_57c289f9896a,origin data/VPD-OE_Agent_20260709/VPD-OE_Agent/data/raw/ZY/ZY09.xls,广告投放,D19,19
historical_600_unknown_rule,ZY09,4,P2,国内,0.0,src_57c289f9896a,origin data/VPD-OE_Agent_20260709/VPD-OE_Agent/data/raw/ZY/ZY09.xls,广告投放,E19,19
historical_600_unknown_rule,ZY09,4,P2,亚洲,0.0,src_57c289f9896a,origin data/VPD-OE_Agent_20260709/VPD-OE_Agent/data/raw/ZY/ZY09.xls,广告投放,F19,19
historical_600_unknown_rule,ZY09,4,P2,国际,0.0,src_57c289f9896a,origin data/VPD-OE_Agent_20260709/VPD-OE_Agent/data/raw/ZY/ZY09.xls,广告投放,G19,19
historical_600_unknown_rule,ZY09,4,P3,本地,42.0,src_57c289f9896a,origin data/VPD-OE_Agent_20260709/VPD-OE_Agent/data/raw/ZY/ZY09.xls,广告投放,C20,20
historical_600_unknown_rule,ZY09,4,P3,区域,13.0,src_57c289f9896a,origin data/VPD-OE_Agent_20260709/VPD-OE_Agent/data/raw/ZY/ZY09.xls,广告投放,D20,20
historical_600_unknown_rule,ZY09,4,P3,国内,0.0,src_57c289f9896a,origin data/VPD-OE_Agent_20260709/VPD-OE_Agent/data/raw/ZY/ZY09.xls,广告投放,E20,20
historical_600_unknown_rule,ZY09,4,P3,亚洲,0.0,src_57c289f9896a,origin data/VPD-OE_Agent_20260709/VPD-OE_Agent/data/raw/ZY/ZY09.xls,广告投放,F20,20
historical_600_unknown_rule,ZY09,4,P3,国际,0.0,src_57c289f9896a,origin data/VPD-OE_Agent_20260709/VPD-OE_Agent/data/raw/ZY/ZY09.xls,广告投放,G20,20
historical_600_unknown_rule,ZY09,4,P4,本地,0.0,src_57c289f9896a,origin data/VPD-OE_Agent_20260709/VPD-OE_Agent/data/raw/ZY/ZY09.xls,广告投放,C21,21
historical_600_unknown_rule,ZY09,4,P4,区域,0.0,src_57c289f9896a,origin data/VPD-OE_Agent_20260709/VPD-OE_Agent/data/raw/ZY/ZY09.xls,广告投放,D21,21
historical_600_unknown_rule,ZY09,4,P4,国内,0.0,src_57c289f9896a,origin data/VPD-OE_Agent_20260709/VPD-OE_Agent/data/raw/ZY/ZY09.xls,广告投放,E21,21
historical_600_unknown_rule,ZY09,4,P4,亚洲,0.0,src_57c289f9896a,origin data/VPD-OE_Agent_20260709/VPD-OE_Agent/data/raw/ZY/ZY09.xls,广告投放,F21,21
historical_600_unknown_rule,ZY09,4,P4,国际,0.0,src_57c289f9896a,origin data/VPD-OE_Agent_20260709/VPD-OE_Agent/data/raw/ZY/ZY09.xls,广告投放,G21,21
historical_600_unknown_rule,ZY09,5,P1,本地,0.0,src_57c289f9896a,origin data/VPD-OE_Agent_20260709/VPD-OE_Agent/data/raw/ZY/ZY09.xls,广告投放,C25,25
historical_600_unknown_rule,ZY09,5,P1,区域,0.0,src_57c289f9896a,origin data/VPD-OE_Agent_20260709/VPD-OE_Agent/data/raw/ZY/ZY09.xls,广告投放,D25,25
historical_600_unknown_rule,ZY09,5,P1,国内,0.0,src_57c289f9896a,origin data/VPD-OE_Agent_20260709/VPD-OE_Agent/data/raw/ZY/ZY09.xls,广告投放,E25,25
historical_600_unknown_rule,ZY09,5,P1,亚洲,0.0,src_57c289f9896a,origin data/VPD-OE_Agent_20260709/VPD-OE_Agent/data/raw/ZY/ZY09.xls,广告投放,F25,25
historical_600_unknown_rule,ZY09,5,P1,国际,0.0,src_57c289f9896a,origin data/VPD-OE_Agent_20260709/VPD-OE_Agent/data/raw/ZY/ZY09.xls,广告投放,G25,25
historical_600_unknown_rule,ZY09,5,P2,本地,0.0,src_57c289f9896a,origin data/VPD-OE_Agent_20260709/VPD-OE_Agent/data/raw/ZY/ZY09.xls,广告投放,C26,26
historical_600_unknown_rule,ZY09,5,P2,区域,0.0,src_57c289f9896a,origin data/VPD-OE_Agent_20260709/VPD-OE_Agent/data/raw/ZY/ZY09.xls,广告投放,D26,26
historical_600_unknown_rule,ZY09,5,P2,国内,0.0,src_57c289f9896a,origin data/VPD-OE_Agent_20260709/VPD-OE_Agent/data/raw/ZY/ZY09.xls,广告投放,E26,26
historical_600_unknown_rule,ZY09,5,P2,亚洲,0.0,src_57c289f9896a,origin data/VPD-OE_Agent_20260709/VPD-OE_Agent/data/raw/ZY/ZY09.xls,广告投放,F26,26
historical_600_unknown_rule,ZY09,5,P2,国际,0.0,src_57c289f9896a,origin data/VPD-OE_Agent_20260709/VPD-OE_Agent/data/raw/ZY/ZY09.xls,广告投放,G26,26
historical_600_unknown_rule,ZY09,5,P3,本地,13.0,src_57c289f9896a,origin data/VPD-OE_Agent_20260709/VPD-OE_Agent/data/raw/ZY/ZY09.xls,广告投放,C27,27
historical_600_unknown_rule,ZY09,5,P3,区域,42.0,src_57c289f9896a,origin data/VPD-OE_Agent_20260709/VPD-OE_Agent/data/raw/ZY/ZY09.xls,广告投放,D27,27
historical_600_unknown_rule,ZY09,5,P3,国内,0.0,src_57c289f9896a,origin data/VPD-OE_Agent_20260709/VPD-OE_Agent/data/raw/ZY/ZY09.xls,广告投放,E27,27
historical_600_unknown_rule,ZY09,5,P3,亚洲,0.0,src_57c289f9896a,origin data/VPD-OE_Agent_20260709/VPD-OE_Agent/data/raw/ZY/ZY09.xls,广告投放,F27,27
historical_600_unknown_rule,ZY09,5,P3,国际,0.0,src_57c289f9896a,origin data/VPD-OE_Agent_20260709/VPD-OE_Agent/data/raw/ZY/ZY09.xls,广告投放,G27,27
historical_600_unknown_rule,ZY09,5,P4,本地,0.0,src_57c289f9896a,origin data/VPD-OE_Agent_20260709/VPD-OE_Agent/data/raw/ZY/ZY09.xls,广告投放,C28,28
historical_600_unknown_rule,ZY09,5,P4,区域,0.0,src_57c289f9896a,origin data/VPD-OE_Agent_20260709/VPD-OE_Agent/data/raw/ZY/ZY09.xls,广告投放,D28,28
historical_600_unknown_rule,ZY09,5,P4,国内,0.0,src_57c289f9896a,origin data/VPD-OE_Agent_20260709/VPD-OE_Agent/data/raw/ZY/ZY09.xls,广告投放,E28,28
historical_600_unknown_rule,ZY09,5,P4,亚洲,0.0,src_57c289f9896a,origin data/VPD-OE_Agent_20260709/VPD-OE_Agent/data/raw/ZY/ZY09.xls,广告投放,F28,28
historical_600_unknown_rule,ZY09,5,P4,国际,0.0,src_57c289f9896a,origin data/VPD-OE_Agent_20260709/VPD-OE_Agent/data/raw/ZY/ZY09.xls,广告投放,G28,28
historical_600_unknown_rule,ZY09,6,P1,本地,0.0,src_57c289f9896a,origin data/VPD-OE_Agent_20260709/VPD-OE_Agent/data/raw/ZY/ZY09.xls,广告投放,C32,32
historical_600_unknown_rule,ZY09,6,P1,区域,0.0,src_57c289f9896a,origin data/VPD-OE_Agent_20260709/VPD-OE_Agent/data/raw/ZY/ZY09.xls,广告投放,D32,32
historical_600_unknown_rule,ZY09,6,P1,国内,0.0,src_57c289f9896a,origin data/VPD-OE_Agent_20260709/VPD-OE_Agent/data/raw/ZY/ZY09.xls,广告投放,E32,32
historical_600_unknown_rule,ZY09,6,P1,亚洲,0.0,src_57c289f9896a,origin data/VPD-OE_Agent_20260709/VPD-OE_Agent/data/raw/ZY/ZY09.xls,广告投放,F32,32
historical_600_unknown_rule,ZY09,6,P1,国际,0.0,src_57c289f9896a,origin data/VPD-OE_Agent_20260709/VPD-OE_Agent/data/raw/ZY/ZY09.xls,广告投放,G32,32
historical_600_unknown_rule,ZY09,6,P2,本地,0.0,src_57c289f9896a,origin data/VPD-OE_Agent_20260709/VPD-OE_Agent/data/raw/ZY/ZY09.xls,广告投放,C33,33
historical_600_unknown_rule,ZY09,6,P2,区域,0.0,src_57c289f9896a,origin data/VPD-OE_Agent_20260709/VPD-OE_Agent/data/raw/ZY/ZY09.xls,广告投放,D33,33
historical_600_unknown_rule,ZY09,6,P2,国内,0.0,src_57c289f9896a,origin data/VPD-OE_Agent_20260709/VPD-OE_Agent/data/raw/ZY/ZY09.xls,广告投放,E33,33
historical_600_unknown_rule,ZY09,6,P2,亚洲,0.0,src_57c289f9896a,origin data/VPD-OE_Agent_20260709/VPD-OE_Agent/data/raw/ZY/ZY09.xls,广告投放,F33,33
historical_600_unknown_rule,ZY09,6,P2,国际,0.0,src_57c289f9896a,origin data/VPD-OE_Agent_20260709/VPD-OE_Agent/data/raw/ZY/ZY09.xls,广告投放,G33,33
historical_600_unknown_rule,ZY09,6,P3,本地,0.0,src_57c289f9896a,origin data/VPD-OE_Agent_20260709/VPD-OE_Agent/data/raw/ZY/ZY09.xls,广告投放,C34,34
historical_600_unknown_rule,ZY09,6,P3,区域,0.0,src_57c289f9896a,origin data/VPD-OE_Agent_20260709/VPD-OE_Agent/data/raw/ZY/ZY09.xls,广告投放,D34,34
historical_600_unknown_rule,ZY09,6,P3,国内,0.0,src_57c289f9896a,origin data/VPD-OE_Agent_20260709/VPD-OE_Agent/data/raw/ZY/ZY09.xls,广告投放,E34,34
historical_600_unknown_rule,ZY09,6,P3,亚洲,0.0,src_57c289f9896a,origin data/VPD-OE_Agent_20260709/VPD-OE_Agent/data/raw/ZY/ZY09.xls,广告投放,F34,34
historical_600_unknown_rule,ZY09,6,P3,国际,0.0,src_57c289f9896a,origin data/VPD-OE_Agent_20260709/VPD-OE_Agent/data/raw/ZY/ZY09.xls,广告投放,G34,34
historical_600_unknown_rule,ZY09,6,P4,本地,0.0,src_57c289f9896a,origin data/VPD-OE_Agent_20260709/VPD-OE_Agent/data/raw/ZY/ZY09.xls,广告投放,C35,35
historical_600_unknown_rule,ZY09,6,P4,区域,0.0,src_57c289f9896a,origin data/VPD-OE_Agent_20260709/VPD-OE_Agent/data/raw/ZY/ZY09.xls,广告投放,D35,35
historical_600_unknown_rule,ZY09,6,P4,国内,0.0,src_57c289f9896a,origin data/VPD-OE_Agent_20260709/VPD-OE_Agent/data/raw/ZY/ZY09.xls,广告投放,E35,35
historical_600_unknown_rule,ZY09,6,P4,亚洲,0.0,src_57c289f9896a,origin data/VPD-OE_Agent_20260709/VPD-OE_Agent/data/raw/ZY/ZY09.xls,广告投放,F35,35
historical_600_unknown_rule,ZY09,6,P4,国际,0.0,src_57c289f9896a,origin data/VPD-OE_Agent_20260709/VPD-OE_Agent/data/raw/ZY/ZY09.xls,广告投放,G35,35
historical_600_unknown_rule,ZY10,2,P1,本地,0.0,src_0bc478da983d,origin data/VPD-OE_Agent_20260709/VPD-OE_Agent/data/raw/ZY/ZY10.xls,广告投放,C4,4
historical_600_unknown_rule,ZY10,2,P1,区域,0.0,src_0bc478da983d,origin data/VPD-OE_Agent_20260709/VPD-OE_Agent/data/raw/ZY/ZY10.xls,广告投放,D4,4
historical_600_unknown_rule,ZY10,2,P1,国内,0.0,src_0bc478da983d,origin data/VPD-OE_Agent_20260709/VPD-OE_Agent/data/raw/ZY/ZY10.xls,广告投放,E4,4
historical_600_unknown_rule,ZY10,2,P1,亚洲,0.0,src_0bc478da983d,origin data/VPD-OE_Agent_20260709/VPD-OE_Agent/data/raw/ZY/ZY10.xls,广告投放,F4,4
historical_600_unknown_rule,ZY10,2,P1,国际,0.0,src_0bc478da983d,origin data/VPD-OE_Agent_20260709/VPD-OE_Agent/data/raw/ZY/ZY10.xls,广告投放,G4,4
historical_600_unknown_rule,ZY10,2,P2,本地,0.0,src_0bc478da983d,origin data/VPD-OE_Agent_20260709/VPD-OE_Agent/data/raw/ZY/ZY10.xls,广告投放,C5,5
historical_600_unknown_rule,ZY10,2,P2,区域,0.0,src_0bc478da983d,origin data/VPD-OE_Agent_20260709/VPD-OE_Agent/data/raw/ZY/ZY10.xls,广告投放,D5,5
historical_600_unknown_rule,ZY10,2,P2,国内,0.0,src_0bc478da983d,origin data/VPD-OE_Agent_20260709/VPD-OE_Agent/data/raw/ZY/ZY10.xls,广告投放,E5,5
historical_600_unknown_rule,ZY10,2,P2,亚洲,0.0,src_0bc478da983d,origin data/VPD-OE_Agent_20260709/VPD-OE_Agent/data/raw/ZY/ZY10.xls,广告投放,F5,5
historical_600_unknown_rule,ZY10,2,P2,国际,0.0,src_0bc478da983d,origin data/VPD-OE_Agent_20260709/VPD-OE_Agent/data/raw/ZY/ZY10.xls,广告投放,G5,5
historical_600_unknown_rule,ZY10,2,P3,本地,15.0,src_0bc478da983d,origin data/VPD-OE_Agent_20260709/VPD-OE_Agent/data/raw/ZY/ZY10.xls,广告投放,C6,6
historical_600_unknown_rule,ZY10,2,P3,区域,0.0,src_0bc478da983d,origin data/VPD-OE_Agent_20260709/VPD-OE_Agent/data/raw/ZY/ZY10.xls,广告投放,D6,6
historical_600_unknown_rule,ZY10,2,P3,国内,0.0,src_0bc478da983d,origin data/VPD-OE_Agent_20260709/VPD-OE_Agent/data/raw/ZY/ZY10.xls,广告投放,E6,6
historical_600_unknown_rule,ZY10,2,P3,亚洲,0.0,src_0bc478da983d,origin data/VPD-OE_Agent_20260709/VPD-OE_Agent/data/raw/ZY/ZY10.xls,广告投放,F6,6
historical_600_unknown_rule,ZY10,2,P3,国际,0.0,src_0bc478da983d,origin data/VPD-OE_Agent_20260709/VPD-OE_Agent/data/raw/ZY/ZY10.xls,广告投放,G6,6
historical_600_unknown_rule,ZY10,2,P4,本地,35.0,src_0bc478da983d,origin data/VPD-OE_Agent_20260709/VPD-OE_Agent/data/raw/ZY/ZY10.xls,广告投放,C7,7
historical_600_unknown_rule,ZY10,2,P4,区域,10.0,src_0bc478da983d,origin data/VPD-OE_Agent_20260709/VPD-OE_Agent/data/raw/ZY/ZY10.xls,广告投放,D7,7
historical_600_unknown_rule,ZY10,2,P4,国内,0.0,src_0bc478da983d,origin data/VPD-OE_Agent_20260709/VPD-OE_Agent/data/raw/ZY/ZY10.xls,广告投放,E7,7
historical_600_unknown_rule,ZY10,2,P4,亚洲,0.0,src_0bc478da983d,origin data/VPD-OE_Agent_20260709/VPD-OE_Agent/data/raw/ZY/ZY10.xls,广告投放,F7,7
historical_600_unknown_rule,ZY10,2,P4,国际,0.0,src_0bc478da983d,origin data/VPD-OE_Agent_20260709/VPD-OE_Agent/data/raw/ZY/ZY10.xls,广告投放,G7,7
historical_600_unknown_rule,ZY10,3,P1,本地,0.0,src_0bc478da983d,origin data/VPD-OE_Agent_20260709/VPD-OE_Agent/data/raw/ZY/ZY10.xls,广告投放,C11,11
historical_600_unknown_rule,ZY10,3,P1,区域,0.0,src_0bc478da983d,origin data/VPD-OE_Agent_20260709/VPD-OE_Agent/data/raw/ZY/ZY10.xls,广告投放,D11,11
historical_600_unknown_rule,ZY10,3,P1,国内,0.0,src_0bc478da983d,origin data/VPD-OE_Agent_20260709/VPD-OE_Agent/data/raw/ZY/ZY10.xls,广告投放,E11,11
historical_600_unknown_rule,ZY10,3,P1,亚洲,0.0,src_0bc478da983d,origin data/VPD-OE_Agent_20260709/VPD-OE_Agent/data/raw/ZY/ZY10.xls,广告投放,F11,11
historical_600_unknown_rule,ZY10,3,P1,国际,0.0,src_0bc478da983d,origin data/VPD-OE_Agent_20260709/VPD-OE_Agent/data/raw/ZY/ZY10.xls,广告投放,G11,11
historical_600_unknown_rule,ZY10,3,P2,本地,0.0,src_0bc478da983d,origin data/VPD-OE_Agent_20260709/VPD-OE_Agent/data/raw/ZY/ZY10.xls,广告投放,C12,12
historical_600_unknown_rule,ZY10,3,P2,区域,0.0,src_0bc478da983d,origin data/VPD-OE_Agent_20260709/VPD-OE_Agent/data/raw/ZY/ZY10.xls,广告投放,D12,12
historical_600_unknown_rule,ZY10,3,P2,国内,0.0,src_0bc478da983d,origin data/VPD-OE_Agent_20260709/VPD-OE_Agent/data/raw/ZY/ZY10.xls,广告投放,E12,12
historical_600_unknown_rule,ZY10,3,P2,亚洲,0.0,src_0bc478da983d,origin data/VPD-OE_Agent_20260709/VPD-OE_Agent/data/raw/ZY/ZY10.xls,广告投放,F12,12
historical_600_unknown_rule,ZY10,3,P2,国际,0.0,src_0bc478da983d,origin data/VPD-OE_Agent_20260709/VPD-OE_Agent/data/raw/ZY/ZY10.xls,广告投放,G12,12
historical_600_unknown_rule,ZY10,3,P3,本地,0.0,src_0bc478da983d,origin data/VPD-OE_Agent_20260709/VPD-OE_Agent/data/raw/ZY/ZY10.xls,广告投放,C13,13
historical_600_unknown_rule,ZY10,3,P3,区域,0.0,src_0bc478da983d,origin data/VPD-OE_Agent_20260709/VPD-OE_Agent/data/raw/ZY/ZY10.xls,广告投放,D13,13
historical_600_unknown_rule,ZY10,3,P3,国内,0.0,src_0bc478da983d,origin data/VPD-OE_Agent_20260709/VPD-OE_Agent/data/raw/ZY/ZY10.xls,广告投放,E13,13
historical_600_unknown_rule,ZY10,3,P3,亚洲,0.0,src_0bc478da983d,origin data/VPD-OE_Agent_20260709/VPD-OE_Agent/data/raw/ZY/ZY10.xls,广告投放,F13,13
historical_600_unknown_rule,ZY10,3,P3,国际,0.0,src_0bc478da983d,origin data/VPD-OE_Agent_20260709/VPD-OE_Agent/data/raw/ZY/ZY10.xls,广告投放,G13,13
historical_600_unknown_rule,ZY10,3,P4,本地,15.0,src_0bc478da983d,origin data/VPD-OE_Agent_20260709/VPD-OE_Agent/data/raw/ZY/ZY10.xls,广告投放,C14,14
historical_600_unknown_rule,ZY10,3,P4,区域,0.0,src_0bc478da983d,origin data/VPD-OE_Agent_20260709/VPD-OE_Agent/data/raw/ZY/ZY10.xls,广告投放,D14,14
historical_600_unknown_rule,ZY10,3,P4,国内,15.0,src_0bc478da983d,origin data/VPD-OE_Agent_20260709/VPD-OE_Agent/data/raw/ZY/ZY10.xls,广告投放,E14,14
historical_600_unknown_rule,ZY10,3,P4,亚洲,0.0,src_0bc478da983d,origin data/VPD-OE_Agent_20260709/VPD-OE_Agent/data/raw/ZY/ZY10.xls,广告投放,F14,14
historical_600_unknown_rule,ZY10,3,P4,国际,0.0,src_0bc478da983d,origin data/VPD-OE_Agent_20260709/VPD-OE_Agent/data/raw/ZY/ZY10.xls,广告投放,G14,14
historical_600_unknown_rule,ZY10,4,P1,本地,0.0,src_0bc478da983d,origin data/VPD-OE_Agent_20260709/VPD-OE_Agent/data/raw/ZY/ZY10.xls,广告投放,C18,18
historical_600_unknown_rule,ZY10,4,P1,区域,0.0,src_0bc478da983d,origin data/VPD-OE_Agent_20260709/VPD-OE_Agent/data/raw/ZY/ZY10.xls,广告投放,D18,18
historical_600_unknown_rule,ZY10,4,P1,国内,0.0,src_0bc478da983d,origin data/VPD-OE_Agent_20260709/VPD-OE_Agent/data/raw/ZY/ZY10.xls,广告投放,E18,18
historical_600_unknown_rule,ZY10,4,P1,亚洲,0.0,src_0bc478da983d,origin data/VPD-OE_Agent_20260709/VPD-OE_Agent/data/raw/ZY/ZY10.xls,广告投放,F18,18
historical_600_unknown_rule,ZY10,4,P1,国际,0.0,src_0bc478da983d,origin data/VPD-OE_Agent_20260709/VPD-OE_Agent/data/raw/ZY/ZY10.xls,广告投放,G18,18
historical_600_unknown_rule,ZY10,4,P2,本地,0.0,src_0bc478da983d,origin data/VPD-OE_Agent_20260709/VPD-OE_Agent/data/raw/ZY/ZY10.xls,广告投放,C19,19
historical_600_unknown_rule,ZY10,4,P2,区域,0.0,src_0bc478da983d,origin data/VPD-OE_Agent_20260709/VPD-OE_Agent/data/raw/ZY/ZY10.xls,广告投放,D19,19
historical_600_unknown_rule,ZY10,4,P2,国内,0.0,src_0bc478da983d,origin data/VPD-OE_Agent_20260709/VPD-OE_Agent/data/raw/ZY/ZY10.xls,广告投放,E19,19
historical_600_unknown_rule,ZY10,4,P2,亚洲,0.0,src_0bc478da983d,origin data/VPD-OE_Agent_20260709/VPD-OE_Agent/data/raw/ZY/ZY10.xls,广告投放,F19,19
historical_600_unknown_rule,ZY10,4,P2,国际,0.0,src_0bc478da983d,origin data/VPD-OE_Agent_20260709/VPD-OE_Agent/data/raw/ZY/ZY10.xls,广告投放,G19,19
historical_600_unknown_rule,ZY10,4,P3,本地,14.0,src_0bc478da983d,origin data/VPD-OE_Agent_20260709/VPD-OE_Agent/data/raw/ZY/ZY10.xls,广告投放,C20,20
historical_600_unknown_rule,ZY10,4,P3,区域,0.0,src_0bc478da983d,origin data/VPD-OE_Agent_20260709/VPD-OE_Agent/data/raw/ZY/ZY10.xls,广告投放,D20,20
historical_600_unknown_rule,ZY10,4,P3,国内,0.0,src_0bc478da983d,origin data/VPD-OE_Agent_20260709/VPD-OE_Agent/data/raw/ZY/ZY10.xls,广告投放,E20,20
historical_600_unknown_rule,ZY10,4,P3,亚洲,14.0,src_0bc478da983d,origin data/VPD-OE_Agent_20260709/VPD-OE_Agent/data/raw/ZY/ZY10.xls,广告投放,F20,20
historical_600_unknown_rule,ZY10,4,P3,国际,0.0,src_0bc478da983d,origin data/VPD-OE_Agent_20260709/VPD-OE_Agent/data/raw/ZY/ZY10.xls,广告投放,G20,20
historical_600_unknown_rule,ZY10,4,P4,本地,35.0,src_0bc478da983d,origin data/VPD-OE_Agent_20260709/VPD-OE_Agent/data/raw/ZY/ZY10.xls,广告投放,C21,21
historical_600_unknown_rule,ZY10,4,P4,区域,0.0,src_0bc478da983d,origin data/VPD-OE_Agent_20260709/VPD-OE_Agent/data/raw/ZY/ZY10.xls,广告投放,D21,21
historical_600_unknown_rule,ZY10,4,P4,国内,13.0,src_0bc478da983d,origin data/VPD-OE_Agent_20260709/VPD-OE_Agent/data/raw/ZY/ZY10.xls,广告投放,E21,21
historical_600_unknown_rule,ZY10,4,P4,亚洲,35.0,src_0bc478da983d,origin data/VPD-OE_Agent_20260709/VPD-OE_Agent/data/raw/ZY/ZY10.xls,广告投放,F21,21
historical_600_unknown_rule,ZY10,4,P4,国际,0.0,src_0bc478da983d,origin data/VPD-OE_Agent_20260709/VPD-OE_Agent/data/raw/ZY/ZY10.xls,广告投放,G21,21
historical_600_unknown_rule,ZY10,5,P1,本地,0.0,src_0bc478da983d,origin data/VPD-OE_Agent_20260709/VPD-OE_Agent/data/raw/ZY/ZY10.xls,广告投放,C25,25
historical_600_unknown_rule,ZY10,5,P1,区域,0.0,src_0bc478da983d,origin data/VPD-OE_Agent_20260709/VPD-OE_Agent/data/raw/ZY/ZY10.xls,广告投放,D25,25
historical_600_unknown_rule,ZY10,5,P1,国内,0.0,src_0bc478da983d,origin data/VPD-OE_Agent_20260709/VPD-OE_Agent/data/raw/ZY/ZY10.xls,广告投放,E25,25
historical_600_unknown_rule,ZY10,5,P1,亚洲,0.0,src_0bc478da983d,origin data/VPD-OE_Agent_20260709/VPD-OE_Agent/data/raw/ZY/ZY10.xls,广告投放,F25,25
historical_600_unknown_rule,ZY10,5,P1,国际,35.0,src_0bc478da983d,origin data/VPD-OE_Agent_20260709/VPD-OE_Agent/data/raw/ZY/ZY10.xls,广告投放,G25,25
historical_600_unknown_rule,ZY10,5,P2,本地,0.0,src_0bc478da983d,origin data/VPD-OE_Agent_20260709/VPD-OE_Agent/data/raw/ZY/ZY10.xls,广告投放,C26,26
historical_600_unknown_rule,ZY10,5,P2,区域,0.0,src_0bc478da983d,origin data/VPD-OE_Agent_20260709/VPD-OE_Agent/data/raw/ZY/ZY10.xls,广告投放,D26,26
historical_600_unknown_rule,ZY10,5,P2,国内,0.0,src_0bc478da983d,origin data/VPD-OE_Agent_20260709/VPD-OE_Agent/data/raw/ZY/ZY10.xls,广告投放,E26,26
historical_600_unknown_rule,ZY10,5,P2,亚洲,0.0,src_0bc478da983d,origin data/VPD-OE_Agent_20260709/VPD-OE_Agent/data/raw/ZY/ZY10.xls,广告投放,F26,26
historical_600_unknown_rule,ZY10,5,P2,国际,0.0,src_0bc478da983d,origin data/VPD-OE_Agent_20260709/VPD-OE_Agent/data/raw/ZY/ZY10.xls,广告投放,G26,26
historical_600_unknown_rule,ZY10,5,P3,本地,0.0,src_0bc478da983d,origin data/VPD-OE_Agent_20260709/VPD-OE_Agent/data/raw/ZY/ZY10.xls,广告投放,C27,27
historical_600_unknown_rule,ZY10,5,P3,区域,14.0,src_0bc478da983d,origin data/VPD-OE_Agent_20260709/VPD-OE_Agent/data/raw/ZY/ZY10.xls,广告投放,D27,27
historical_600_unknown_rule,ZY10,5,P3,国内,0.0,src_0bc478da983d,origin data/VPD-OE_Agent_20260709/VPD-OE_Agent/data/raw/ZY/ZY10.xls,广告投放,E27,27
historical_600_unknown_rule,ZY10,5,P3,亚洲,0.0,src_0bc478da983d,origin data/VPD-OE_Agent_20260709/VPD-OE_Agent/data/raw/ZY/ZY10.xls,广告投放,F27,27
historical_600_unknown_rule,ZY10,5,P3,国际,14.0,src_0bc478da983d,origin data/VPD-OE_Agent_20260709/VPD-OE_Agent/data/raw/ZY/ZY10.xls,广告投放,G27,27
historical_600_unknown_rule,ZY10,5,P4,本地,35.0,src_0bc478da983d,origin data/VPD-OE_Agent_20260709/VPD-OE_Agent/data/raw/ZY/ZY10.xls,广告投放,C28,28
historical_600_unknown_rule,ZY10,5,P4,区域,0.0,src_0bc478da983d,origin data/VPD-OE_Agent_20260709/VPD-OE_Agent/data/raw/ZY/ZY10.xls,广告投放,D28,28
historical_600_unknown_rule,ZY10,5,P4,国内,0.0,src_0bc478da983d,origin data/VPD-OE_Agent_20260709/VPD-OE_Agent/data/raw/ZY/ZY10.xls,广告投放,E28,28
historical_600_unknown_rule,ZY10,5,P4,亚洲,35.0,src_0bc478da983d,origin data/VPD-OE_Agent_20260709/VPD-OE_Agent/data/raw/ZY/ZY10.xls,广告投放,F28,28
historical_600_unknown_rule,ZY10,5,P4,国际,0.0,src_0bc478da983d,origin data/VPD-OE_Agent_20260709/VPD-OE_Agent/data/raw/ZY/ZY10.xls,广告投放,G28,28
historical_600_unknown_rule,ZY10,6,P1,本地,0.0,src_0bc478da983d,origin data/VPD-OE_Agent_20260709/VPD-OE_Agent/data/raw/ZY/ZY10.xls,广告投放,C32,32
historical_600_unknown_rule,ZY10,6,P1,区域,0.0,src_0bc478da983d,origin data/VPD-OE_Agent_20260709/VPD-OE_Agent/data/raw/ZY/ZY10.xls,广告投放,D32,32
historical_600_unknown_rule,ZY10,6,P1,国内,0.0,src_0bc478da983d,origin data/VPD-OE_Agent_20260709/VPD-OE_Agent/data/raw/ZY/ZY10.xls,广告投放,E32,32
historical_600_unknown_rule,ZY10,6,P1,亚洲,0.0,src_0bc478da983d,origin data/VPD-OE_Agent_20260709/VPD-OE_Agent/data/raw/ZY/ZY10.xls,广告投放,F32,32
historical_600_unknown_rule,ZY10,6,P1,国际,0.0,src_0bc478da983d,origin data/VPD-OE_Agent_20260709/VPD-OE_Agent/data/raw/ZY/ZY10.xls,广告投放,G32,32
historical_600_unknown_rule,ZY10,6,P2,本地,0.0,src_0bc478da983d,origin data/VPD-OE_Agent_20260709/VPD-OE_Agent/data/raw/ZY/ZY10.xls,广告投放,C33,33
historical_600_unknown_rule,ZY10,6,P2,区域,0.0,src_0bc478da983d,origin data/VPD-OE_Agent_20260709/VPD-OE_Agent/data/raw/ZY/ZY10.xls,广告投放,D33,33
historical_600_unknown_rule,ZY10,6,P2,国内,0.0,src_0bc478da983d,origin data/VPD-OE_Agent_20260709/VPD-OE_Agent/data/raw/ZY/ZY10.xls,广告投放,E33,33
historical_600_unknown_rule,ZY10,6,P2,亚洲,0.0,src_0bc478da983d,origin data/VPD-OE_Agent_20260709/VPD-OE_Agent/data/raw/ZY/ZY10.xls,广告投放,F33,33
historical_600_unknown_rule,ZY10,6,P2,国际,0.0,src_0bc478da983d,origin data/VPD-OE_Agent_20260709/VPD-OE_Agent/data/raw/ZY/ZY10.xls,广告投放,G33,33
historical_600_unknown_rule,ZY10,6,P3,本地,0.0,src_0bc478da983d,origin data/VPD-OE_Agent_20260709/VPD-OE_Agent/data/raw/ZY/ZY10.xls,广告投放,C34,34
historical_600_unknown_rule,ZY10,6,P3,区域,0.0,src_0bc478da983d,origin data/VPD-OE_Agent_20260709/VPD-OE_Agent/data/raw/ZY/ZY10.xls,广告投放,D34,34
historical_600_unknown_rule,ZY10,6,P3,国内,0.0,src_0bc478da983d,origin data/VPD-OE_Agent_20260709/VPD-OE_Agent/data/raw/ZY/ZY10.xls,广告投放,E34,34
historical_600_unknown_rule,ZY10,6,P3,亚洲,0.0,src_0bc478da983d,origin data/VPD-OE_Agent_20260709/VPD-OE_Agent/data/raw/ZY/ZY10.xls,广告投放,F34,34
historical_600_unknown_rule,ZY10,6,P3,国际,0.0,src_0bc478da983d,origin data/VPD-OE_Agent_20260709/VPD-OE_Agent/data/raw/ZY/ZY10.xls,广告投放,G34,34
historical_600_unknown_rule,ZY10,6,P4,本地,0.0,src_0bc478da983d,origin data/VPD-OE_Agent_20260709/VPD-OE_Agent/data/raw/ZY/ZY10.xls,广告投放,C35,35
historical_600_unknown_rule,ZY10,6,P4,区域,0.0,src_0bc478da983d,origin data/VPD-OE_Agent_20260709/VPD-OE_Agent/data/raw/ZY/ZY10.xls,广告投放,D35,35
historical_600_unknown_rule,ZY10,6,P4,国内,0.0,src_0bc478da983d,origin data/VPD-OE_Agent_20260709/VPD-OE_Agent/data/raw/ZY/ZY10.xls,广告投放,E35,35
historical_600_unknown_rule,ZY10,6,P4,亚洲,0.0,src_0bc478da983d,origin data/VPD-OE_Agent_20260709/VPD-OE_Agent/data/raw/ZY/ZY10.xls,广告投放,F35,35
historical_600_unknown_rule,ZY10,6,P4,国际,0.0,src_0bc478da983d,origin data/VPD-OE_Agent_20260709/VPD-OE_Agent/data/raw/ZY/ZY10.xls,广告投放,G35,35
historical_600_unknown_rule,ZY11,2,P1,本地,0.0,src_1179379453a7,origin data/VPD-OE_Agent_20260709/VPD-OE_Agent/data/raw/ZY/ZY11.xls,广告投放,C4,4
historical_600_unknown_rule,ZY11,2,P1,区域,0.0,src_1179379453a7,origin data/VPD-OE_Agent_20260709/VPD-OE_Agent/data/raw/ZY/ZY11.xls,广告投放,D4,4
historical_600_unknown_rule,ZY11,2,P1,国内,0.0,src_1179379453a7,origin data/VPD-OE_Agent_20260709/VPD-OE_Agent/data/raw/ZY/ZY11.xls,广告投放,E4,4
historical_600_unknown_rule,ZY11,2,P1,亚洲,0.0,src_1179379453a7,origin data/VPD-OE_Agent_20260709/VPD-OE_Agent/data/raw/ZY/ZY11.xls,广告投放,F4,4
historical_600_unknown_rule,ZY11,2,P1,国际,0.0,src_1179379453a7,origin data/VPD-OE_Agent_20260709/VPD-OE_Agent/data/raw/ZY/ZY11.xls,广告投放,G4,4
historical_600_unknown_rule,ZY11,2,P2,本地,30.0,src_1179379453a7,origin data/VPD-OE_Agent_20260709/VPD-OE_Agent/data/raw/ZY/ZY11.xls,广告投放,C5,5
historical_600_unknown_rule,ZY11,2,P2,区域,30.0,src_1179379453a7,origin data/VPD-OE_Agent_20260709/VPD-OE_Agent/data/raw/ZY/ZY11.xls,广告投放,D5,5
historical_600_unknown_rule,ZY11,2,P2,国内,0.0,src_1179379453a7,origin data/VPD-OE_Agent_20260709/VPD-OE_Agent/data/raw/ZY/ZY11.xls,广告投放,E5,5
historical_600_unknown_rule,ZY11,2,P2,亚洲,0.0,src_1179379453a7,origin data/VPD-OE_Agent_20260709/VPD-OE_Agent/data/raw/ZY/ZY11.xls,广告投放,F5,5
historical_600_unknown_rule,ZY11,2,P2,国际,0.0,src_1179379453a7,origin data/VPD-OE_Agent_20260709/VPD-OE_Agent/data/raw/ZY/ZY11.xls,广告投放,G5,5
historical_600_unknown_rule,ZY11,2,P3,本地,0.0,src_1179379453a7,origin data/VPD-OE_Agent_20260709/VPD-OE_Agent/data/raw/ZY/ZY11.xls,广告投放,C6,6
historical_600_unknown_rule,ZY11,2,P3,区域,0.0,src_1179379453a7,origin data/VPD-OE_Agent_20260709/VPD-OE_Agent/data/raw/ZY/ZY11.xls,广告投放,D6,6
historical_600_unknown_rule,ZY11,2,P3,国内,0.0,src_1179379453a7,origin data/VPD-OE_Agent_20260709/VPD-OE_Agent/data/raw/ZY/ZY11.xls,广告投放,E6,6
historical_600_unknown_rule,ZY11,2,P3,亚洲,0.0,src_1179379453a7,origin data/VPD-OE_Agent_20260709/VPD-OE_Agent/data/raw/ZY/ZY11.xls,广告投放,F6,6
historical_600_unknown_rule,ZY11,2,P3,国际,0.0,src_1179379453a7,origin data/VPD-OE_Agent_20260709/VPD-OE_Agent/data/raw/ZY/ZY11.xls,广告投放,G6,6
historical_600_unknown_rule,ZY11,2,P4,本地,0.0,src_1179379453a7,origin data/VPD-OE_Agent_20260709/VPD-OE_Agent/data/raw/ZY/ZY11.xls,广告投放,C7,7
historical_600_unknown_rule,ZY11,2,P4,区域,0.0,src_1179379453a7,origin data/VPD-OE_Agent_20260709/VPD-OE_Agent/data/raw/ZY/ZY11.xls,广告投放,D7,7
historical_600_unknown_rule,ZY11,2,P4,国内,0.0,src_1179379453a7,origin data/VPD-OE_Agent_20260709/VPD-OE_Agent/data/raw/ZY/ZY11.xls,广告投放,E7,7
historical_600_unknown_rule,ZY11,2,P4,亚洲,0.0,src_1179379453a7,origin data/VPD-OE_Agent_20260709/VPD-OE_Agent/data/raw/ZY/ZY11.xls,广告投放,F7,7
historical_600_unknown_rule,ZY11,2,P4,国际,0.0,src_1179379453a7,origin data/VPD-OE_Agent_20260709/VPD-OE_Agent/data/raw/ZY/ZY11.xls,广告投放,G7,7
historical_600_unknown_rule,ZY11,3,P1,本地,0.0,src_1179379453a7,origin data/VPD-OE_Agent_20260709/VPD-OE_Agent/data/raw/ZY/ZY11.xls,广告投放,C11,11
historical_600_unknown_rule,ZY11,3,P1,区域,0.0,src_1179379453a7,origin data/VPD-OE_Agent_20260709/VPD-OE_Agent/data/raw/ZY/ZY11.xls,广告投放,D11,11
historical_600_unknown_rule,ZY11,3,P1,国内,0.0,src_1179379453a7,origin data/VPD-OE_Agent_20260709/VPD-OE_Agent/data/raw/ZY/ZY11.xls,广告投放,E11,11
historical_600_unknown_rule,ZY11,3,P1,亚洲,0.0,src_1179379453a7,origin data/VPD-OE_Agent_20260709/VPD-OE_Agent/data/raw/ZY/ZY11.xls,广告投放,F11,11
historical_600_unknown_rule,ZY11,3,P1,国际,0.0,src_1179379453a7,origin data/VPD-OE_Agent_20260709/VPD-OE_Agent/data/raw/ZY/ZY11.xls,广告投放,G11,11
historical_600_unknown_rule,ZY11,3,P2,本地,30.0,src_1179379453a7,origin data/VPD-OE_Agent_20260709/VPD-OE_Agent/data/raw/ZY/ZY11.xls,广告投放,C12,12
historical_600_unknown_rule,ZY11,3,P2,区域,30.0,src_1179379453a7,origin data/VPD-OE_Agent_20260709/VPD-OE_Agent/data/raw/ZY/ZY11.xls,广告投放,D12,12
historical_600_unknown_rule,ZY11,3,P2,国内,0.0,src_1179379453a7,origin data/VPD-OE_Agent_20260709/VPD-OE_Agent/data/raw/ZY/ZY11.xls,广告投放,E12,12
historical_600_unknown_rule,ZY11,3,P2,亚洲,0.0,src_1179379453a7,origin data/VPD-OE_Agent_20260709/VPD-OE_Agent/data/raw/ZY/ZY11.xls,广告投放,F12,12
historical_600_unknown_rule,ZY11,3,P2,国际,0.0,src_1179379453a7,origin data/VPD-OE_Agent_20260709/VPD-OE_Agent/data/raw/ZY/ZY11.xls,广告投放,G12,12
historical_600_unknown_rule,ZY11,3,P3,本地,0.0,src_1179379453a7,origin data/VPD-OE_Agent_20260709/VPD-OE_Agent/data/raw/ZY/ZY11.xls,广告投放,C13,13
historical_600_unknown_rule,ZY11,3,P3,区域,0.0,src_1179379453a7,origin data/VPD-OE_Agent_20260709/VPD-OE_Agent/data/raw/ZY/ZY11.xls,广告投放,D13,13
historical_600_unknown_rule,ZY11,3,P3,国内,0.0,src_1179379453a7,origin data/VPD-OE_Agent_20260709/VPD-OE_Agent/data/raw/ZY/ZY11.xls,广告投放,E13,13
historical_600_unknown_rule,ZY11,3,P3,亚洲,0.0,src_1179379453a7,origin data/VPD-OE_Agent_20260709/VPD-OE_Agent/data/raw/ZY/ZY11.xls,广告投放,F13,13
historical_600_unknown_rule,ZY11,3,P3,国际,0.0,src_1179379453a7,origin data/VPD-OE_Agent_20260709/VPD-OE_Agent/data/raw/ZY/ZY11.xls,广告投放,G13,13
historical_600_unknown_rule,ZY11,3,P4,本地,0.0,src_1179379453a7,origin data/VPD-OE_Agent_20260709/VPD-OE_Agent/data/raw/ZY/ZY11.xls,广告投放,C14,14
historical_600_unknown_rule,ZY11,3,P4,区域,0.0,src_1179379453a7,origin data/VPD-OE_Agent_20260709/VPD-OE_Agent/data/raw/ZY/ZY11.xls,广告投放,D14,14
historical_600_unknown_rule,ZY11,3,P4,国内,0.0,src_1179379453a7,origin data/VPD-OE_Agent_20260709/VPD-OE_Agent/data/raw/ZY/ZY11.xls,广告投放,E14,14
historical_600_unknown_rule,ZY11,3,P4,亚洲,0.0,src_1179379453a7,origin data/VPD-OE_Agent_20260709/VPD-OE_Agent/data/raw/ZY/ZY11.xls,广告投放,F14,14
historical_600_unknown_rule,ZY11,3,P4,国际,0.0,src_1179379453a7,origin data/VPD-OE_Agent_20260709/VPD-OE_Agent/data/raw/ZY/ZY11.xls,广告投放,G14,14
historical_600_unknown_rule,ZY11,4,P1,本地,0.0,src_1179379453a7,origin data/VPD-OE_Agent_20260709/VPD-OE_Agent/data/raw/ZY/ZY11.xls,广告投放,C18,18
historical_600_unknown_rule,ZY11,4,P1,区域,0.0,src_1179379453a7,origin data/VPD-OE_Agent_20260709/VPD-OE_Agent/data/raw/ZY/ZY11.xls,广告投放,D18,18
historical_600_unknown_rule,ZY11,4,P1,国内,0.0,src_1179379453a7,origin data/VPD-OE_Agent_20260709/VPD-OE_Agent/data/raw/ZY/ZY11.xls,广告投放,E18,18
historical_600_unknown_rule,ZY11,4,P1,亚洲,0.0,src_1179379453a7,origin data/VPD-OE_Agent_20260709/VPD-OE_Agent/data/raw/ZY/ZY11.xls,广告投放,F18,18
historical_600_unknown_rule,ZY11,4,P1,国际,0.0,src_1179379453a7,origin data/VPD-OE_Agent_20260709/VPD-OE_Agent/data/raw/ZY/ZY11.xls,广告投放,G18,18
historical_600_unknown_rule,ZY11,4,P2,本地,30.0,src_1179379453a7,origin data/VPD-OE_Agent_20260709/VPD-OE_Agent/data/raw/ZY/ZY11.xls,广告投放,C19,19
historical_600_unknown_rule,ZY11,4,P2,区域,30.0,src_1179379453a7,origin data/VPD-OE_Agent_20260709/VPD-OE_Agent/data/raw/ZY/ZY11.xls,广告投放,D19,19
historical_600_unknown_rule,ZY11,4,P2,国内,0.0,src_1179379453a7,origin data/VPD-OE_Agent_20260709/VPD-OE_Agent/data/raw/ZY/ZY11.xls,广告投放,E19,19
historical_600_unknown_rule,ZY11,4,P2,亚洲,0.0,src_1179379453a7,origin data/VPD-OE_Agent_20260709/VPD-OE_Agent/data/raw/ZY/ZY11.xls,广告投放,F19,19
historical_600_unknown_rule,ZY11,4,P2,国际,0.0,src_1179379453a7,origin data/VPD-OE_Agent_20260709/VPD-OE_Agent/data/raw/ZY/ZY11.xls,广告投放,G19,19
historical_600_unknown_rule,ZY11,4,P3,本地,0.0,src_1179379453a7,origin data/VPD-OE_Agent_20260709/VPD-OE_Agent/data/raw/ZY/ZY11.xls,广告投放,C20,20
historical_600_unknown_rule,ZY11,4,P3,区域,0.0,src_1179379453a7,origin data/VPD-OE_Agent_20260709/VPD-OE_Agent/data/raw/ZY/ZY11.xls,广告投放,D20,20
historical_600_unknown_rule,ZY11,4,P3,国内,0.0,src_1179379453a7,origin data/VPD-OE_Agent_20260709/VPD-OE_Agent/data/raw/ZY/ZY11.xls,广告投放,E20,20
historical_600_unknown_rule,ZY11,4,P3,亚洲,0.0,src_1179379453a7,origin data/VPD-OE_Agent_20260709/VPD-OE_Agent/data/raw/ZY/ZY11.xls,广告投放,F20,20
historical_600_unknown_rule,ZY11,4,P3,国际,0.0,src_1179379453a7,origin data/VPD-OE_Agent_20260709/VPD-OE_Agent/data/raw/ZY/ZY11.xls,广告投放,G20,20
historical_600_unknown_rule,ZY11,4,P4,本地,0.0,src_1179379453a7,origin data/VPD-OE_Agent_20260709/VPD-OE_Agent/data/raw/ZY/ZY11.xls,广告投放,C21,21
historical_600_unknown_rule,ZY11,4,P4,区域,0.0,src_1179379453a7,origin data/VPD-OE_Agent_20260709/VPD-OE_Agent/data/raw/ZY/ZY11.xls,广告投放,D21,21
historical_600_unknown_rule,ZY11,4,P4,国内,0.0,src_1179379453a7,origin data/VPD-OE_Agent_20260709/VPD-OE_Agent/data/raw/ZY/ZY11.xls,广告投放,E21,21
historical_600_unknown_rule,ZY11,4,P4,亚洲,0.0,src_1179379453a7,origin data/VPD-OE_Agent_20260709/VPD-OE_Agent/data/raw/ZY/ZY11.xls,广告投放,F21,21
historical_600_unknown_rule,ZY11,4,P4,国际,0.0,src_1179379453a7,origin data/VPD-OE_Agent_20260709/VPD-OE_Agent/data/raw/ZY/ZY11.xls,广告投放,G21,21
historical_600_unknown_rule,ZY11,5,P1,本地,0.0,src_1179379453a7,origin data/VPD-OE_Agent_20260709/VPD-OE_Agent/data/raw/ZY/ZY11.xls,广告投放,C25,25
historical_600_unknown_rule,ZY11,5,P1,区域,0.0,src_1179379453a7,origin data/VPD-OE_Agent_20260709/VPD-OE_Agent/data/raw/ZY/ZY11.xls,广告投放,D25,25
historical_600_unknown_rule,ZY11,5,P1,国内,0.0,src_1179379453a7,origin data/VPD-OE_Agent_20260709/VPD-OE_Agent/data/raw/ZY/ZY11.xls,广告投放,E25,25
historical_600_unknown_rule,ZY11,5,P1,亚洲,0.0,src_1179379453a7,origin data/VPD-OE_Agent_20260709/VPD-OE_Agent/data/raw/ZY/ZY11.xls,广告投放,F25,25
historical_600_unknown_rule,ZY11,5,P1,国际,0.0,src_1179379453a7,origin data/VPD-OE_Agent_20260709/VPD-OE_Agent/data/raw/ZY/ZY11.xls,广告投放,G25,25
historical_600_unknown_rule,ZY11,5,P2,本地,30.0,src_1179379453a7,origin data/VPD-OE_Agent_20260709/VPD-OE_Agent/data/raw/ZY/ZY11.xls,广告投放,C26,26
historical_600_unknown_rule,ZY11,5,P2,区域,30.0,src_1179379453a7,origin data/VPD-OE_Agent_20260709/VPD-OE_Agent/data/raw/ZY/ZY11.xls,广告投放,D26,26
historical_600_unknown_rule,ZY11,5,P2,国内,0.0,src_1179379453a7,origin data/VPD-OE_Agent_20260709/VPD-OE_Agent/data/raw/ZY/ZY11.xls,广告投放,E26,26
historical_600_unknown_rule,ZY11,5,P2,亚洲,0.0,src_1179379453a7,origin data/VPD-OE_Agent_20260709/VPD-OE_Agent/data/raw/ZY/ZY11.xls,广告投放,F26,26
historical_600_unknown_rule,ZY11,5,P2,国际,0.0,src_1179379453a7,origin data/VPD-OE_Agent_20260709/VPD-OE_Agent/data/raw/ZY/ZY11.xls,广告投放,G26,26
historical_600_unknown_rule,ZY11,5,P3,本地,0.0,src_1179379453a7,origin data/VPD-OE_Agent_20260709/VPD-OE_Agent/data/raw/ZY/ZY11.xls,广告投放,C27,27
historical_600_unknown_rule,ZY11,5,P3,区域,0.0,src_1179379453a7,origin data/VPD-OE_Agent_20260709/VPD-OE_Agent/data/raw/ZY/ZY11.xls,广告投放,D27,27
historical_600_unknown_rule,ZY11,5,P3,国内,0.0,src_1179379453a7,origin data/VPD-OE_Agent_20260709/VPD-OE_Agent/data/raw/ZY/ZY11.xls,广告投放,E27,27
historical_600_unknown_rule,ZY11,5,P3,亚洲,0.0,src_1179379453a7,origin data/VPD-OE_Agent_20260709/VPD-OE_Agent/data/raw/ZY/ZY11.xls,广告投放,F27,27
historical_600_unknown_rule,ZY11,5,P3,国际,0.0,src_1179379453a7,origin data/VPD-OE_Agent_20260709/VPD-OE_Agent/data/raw/ZY/ZY11.xls,广告投放,G27,27
historical_600_unknown_rule,ZY11,5,P4,本地,0.0,src_1179379453a7,origin data/VPD-OE_Agent_20260709/VPD-OE_Agent/data/raw/ZY/ZY11.xls,广告投放,C28,28
historical_600_unknown_rule,ZY11,5,P4,区域,0.0,src_1179379453a7,origin data/VPD-OE_Agent_20260709/VPD-OE_Agent/data/raw/ZY/ZY11.xls,广告投放,D28,28
historical_600_unknown_rule,ZY11,5,P4,国内,0.0,src_1179379453a7,origin data/VPD-OE_Agent_20260709/VPD-OE_Agent/data/raw/ZY/ZY11.xls,广告投放,E28,28
historical_600_unknown_rule,ZY11,5,P4,亚洲,0.0,src_1179379453a7,origin data/VPD-OE_Agent_20260709/VPD-OE_Agent/data/raw/ZY/ZY11.xls,广告投放,F28,28
historical_600_unknown_rule,ZY11,5,P4,国际,0.0,src_1179379453a7,origin data/VPD-OE_Agent_20260709/VPD-OE_Agent/data/raw/ZY/ZY11.xls,广告投放,G28,28
historical_600_unknown_rule,ZY11,6,P1,本地,0.0,src_1179379453a7,origin data/VPD-OE_Agent_20260709/VPD-OE_Agent/data/raw/ZY/ZY11.xls,广告投放,C32,32
historical_600_unknown_rule,ZY11,6,P1,区域,0.0,src_1179379453a7,origin data/VPD-OE_Agent_20260709/VPD-OE_Agent/data/raw/ZY/ZY11.xls,广告投放,D32,32
historical_600_unknown_rule,ZY11,6,P1,国内,0.0,src_1179379453a7,origin data/VPD-OE_Agent_20260709/VPD-OE_Agent/data/raw/ZY/ZY11.xls,广告投放,E32,32
historical_600_unknown_rule,ZY11,6,P1,亚洲,0.0,src_1179379453a7,origin data/VPD-OE_Agent_20260709/VPD-OE_Agent/data/raw/ZY/ZY11.xls,广告投放,F32,32
historical_600_unknown_rule,ZY11,6,P1,国际,0.0,src_1179379453a7,origin data/VPD-OE_Agent_20260709/VPD-OE_Agent/data/raw/ZY/ZY11.xls,广告投放,G32,32
historical_600_unknown_rule,ZY11,6,P2,本地,0.0,src_1179379453a7,origin data/VPD-OE_Agent_20260709/VPD-OE_Agent/data/raw/ZY/ZY11.xls,广告投放,C33,33
historical_600_unknown_rule,ZY11,6,P2,区域,0.0,src_1179379453a7,origin data/VPD-OE_Agent_20260709/VPD-OE_Agent/data/raw/ZY/ZY11.xls,广告投放,D33,33
historical_600_unknown_rule,ZY11,6,P2,国内,0.0,src_1179379453a7,origin data/VPD-OE_Agent_20260709/VPD-OE_Agent/data/raw/ZY/ZY11.xls,广告投放,E33,33
historical_600_unknown_rule,ZY11,6,P2,亚洲,0.0,src_1179379453a7,origin data/VPD-OE_Agent_20260709/VPD-OE_Agent/data/raw/ZY/ZY11.xls,广告投放,F33,33
historical_600_unknown_rule,ZY11,6,P2,国际,0.0,src_1179379453a7,origin data/VPD-OE_Agent_20260709/VPD-OE_Agent/data/raw/ZY/ZY11.xls,广告投放,G33,33
historical_600_unknown_rule,ZY11,6,P3,本地,0.0,src_1179379453a7,origin data/VPD-OE_Agent_20260709/VPD-OE_Agent/data/raw/ZY/ZY11.xls,广告投放,C34,34
historical_600_unknown_rule,ZY11,6,P3,区域,0.0,src_1179379453a7,origin data/VPD-OE_Agent_20260709/VPD-OE_Agent/data/raw/ZY/ZY11.xls,广告投放,D34,34
historical_600_unknown_rule,ZY11,6,P3,国内,0.0,src_1179379453a7,origin data/VPD-OE_Agent_20260709/VPD-OE_Agent/data/raw/ZY/ZY11.xls,广告投放,E34,34
historical_600_unknown_rule,ZY11,6,P3,亚洲,0.0,src_1179379453a7,origin data/VPD-OE_Agent_20260709/VPD-OE_Agent/data/raw/ZY/ZY11.xls,广告投放,F34,34
historical_600_unknown_rule,ZY11,6,P3,国际,0.0,src_1179379453a7,origin data/VPD-OE_Agent_20260709/VPD-OE_Agent/data/raw/ZY/ZY11.xls,广告投放,G34,34
historical_600_unknown_rule,ZY11,6,P4,本地,0.0,src_1179379453a7,origin data/VPD-OE_Agent_20260709/VPD-OE_Agent/data/raw/ZY/ZY11.xls,广告投放,C35,35
historical_600_unknown_rule,ZY11,6,P4,区域,0.0,src_1179379453a7,origin data/VPD-OE_Agent_20260709/VPD-OE_Agent/data/raw/ZY/ZY11.xls,广告投放,D35,35
historical_600_unknown_rule,ZY11,6,P4,国内,0.0,src_1179379453a7,origin data/VPD-OE_Agent_20260709/VPD-OE_Agent/data/raw/ZY/ZY11.xls,广告投放,E35,35
historical_600_unknown_rule,ZY11,6,P4,亚洲,0.0,src_1179379453a7,origin data/VPD-OE_Agent_20260709/VPD-OE_Agent/data/raw/ZY/ZY11.xls,广告投放,F35,35
historical_600_unknown_rule,ZY11,6,P4,国际,0.0,src_1179379453a7,origin data/VPD-OE_Agent_20260709/VPD-OE_Agent/data/raw/ZY/ZY11.xls,广告投放,G35,35
historical_600_unknown_rule,ZY12,2,P1,本地,0.0,src_7818187d1176,origin data/VPD-OE_Agent_20260709/VPD-OE_Agent/data/raw/ZY/ZY12.xls,广告投放,C4,4
historical_600_unknown_rule,ZY12,2,P1,区域,0.0,src_7818187d1176,origin data/VPD-OE_Agent_20260709/VPD-OE_Agent/data/raw/ZY/ZY12.xls,广告投放,D4,4
historical_600_unknown_rule,ZY12,2,P1,国内,0.0,src_7818187d1176,origin data/VPD-OE_Agent_20260709/VPD-OE_Agent/data/raw/ZY/ZY12.xls,广告投放,E4,4
historical_600_unknown_rule,ZY12,2,P1,亚洲,0.0,src_7818187d1176,origin data/VPD-OE_Agent_20260709/VPD-OE_Agent/data/raw/ZY/ZY12.xls,广告投放,F4,4
historical_600_unknown_rule,ZY12,2,P1,国际,0.0,src_7818187d1176,origin data/VPD-OE_Agent_20260709/VPD-OE_Agent/data/raw/ZY/ZY12.xls,广告投放,G4,4
historical_600_unknown_rule,ZY12,2,P2,本地,0.0,src_7818187d1176,origin data/VPD-OE_Agent_20260709/VPD-OE_Agent/data/raw/ZY/ZY12.xls,广告投放,C5,5
historical_600_unknown_rule,ZY12,2,P2,区域,0.0,src_7818187d1176,origin data/VPD-OE_Agent_20260709/VPD-OE_Agent/data/raw/ZY/ZY12.xls,广告投放,D5,5
historical_600_unknown_rule,ZY12,2,P2,国内,0.0,src_7818187d1176,origin data/VPD-OE_Agent_20260709/VPD-OE_Agent/data/raw/ZY/ZY12.xls,广告投放,E5,5
historical_600_unknown_rule,ZY12,2,P2,亚洲,0.0,src_7818187d1176,origin data/VPD-OE_Agent_20260709/VPD-OE_Agent/data/raw/ZY/ZY12.xls,广告投放,F5,5
historical_600_unknown_rule,ZY12,2,P2,国际,0.0,src_7818187d1176,origin data/VPD-OE_Agent_20260709/VPD-OE_Agent/data/raw/ZY/ZY12.xls,广告投放,G5,5
historical_600_unknown_rule,ZY12,2,P3,本地,0.0,src_7818187d1176,origin data/VPD-OE_Agent_20260709/VPD-OE_Agent/data/raw/ZY/ZY12.xls,广告投放,C6,6
historical_600_unknown_rule,ZY12,2,P3,区域,0.0,src_7818187d1176,origin data/VPD-OE_Agent_20260709/VPD-OE_Agent/data/raw/ZY/ZY12.xls,广告投放,D6,6
historical_600_unknown_rule,ZY12,2,P3,国内,0.0,src_7818187d1176,origin data/VPD-OE_Agent_20260709/VPD-OE_Agent/data/raw/ZY/ZY12.xls,广告投放,E6,6
historical_600_unknown_rule,ZY12,2,P3,亚洲,0.0,src_7818187d1176,origin data/VPD-OE_Agent_20260709/VPD-OE_Agent/data/raw/ZY/ZY12.xls,广告投放,F6,6
historical_600_unknown_rule,ZY12,2,P3,国际,0.0,src_7818187d1176,origin data/VPD-OE_Agent_20260709/VPD-OE_Agent/data/raw/ZY/ZY12.xls,广告投放,G6,6
historical_600_unknown_rule,ZY12,2,P4,本地,0.0,src_7818187d1176,origin data/VPD-OE_Agent_20260709/VPD-OE_Agent/data/raw/ZY/ZY12.xls,广告投放,C7,7
historical_600_unknown_rule,ZY12,2,P4,区域,0.0,src_7818187d1176,origin data/VPD-OE_Agent_20260709/VPD-OE_Agent/data/raw/ZY/ZY12.xls,广告投放,D7,7
historical_600_unknown_rule,ZY12,2,P4,国内,0.0,src_7818187d1176,origin data/VPD-OE_Agent_20260709/VPD-OE_Agent/data/raw/ZY/ZY12.xls,广告投放,E7,7
historical_600_unknown_rule,ZY12,2,P4,亚洲,0.0,src_7818187d1176,origin data/VPD-OE_Agent_20260709/VPD-OE_Agent/data/raw/ZY/ZY12.xls,广告投放,F7,7
historical_600_unknown_rule,ZY12,2,P4,国际,0.0,src_7818187d1176,origin data/VPD-OE_Agent_20260709/VPD-OE_Agent/data/raw/ZY/ZY12.xls,广告投放,G7,7
historical_600_unknown_rule,ZY12,3,P1,本地,0.0,src_7818187d1176,origin data/VPD-OE_Agent_20260709/VPD-OE_Agent/data/raw/ZY/ZY12.xls,广告投放,C11,11
historical_600_unknown_rule,ZY12,3,P1,区域,0.0,src_7818187d1176,origin data/VPD-OE_Agent_20260709/VPD-OE_Agent/data/raw/ZY/ZY12.xls,广告投放,D11,11
historical_600_unknown_rule,ZY12,3,P1,国内,0.0,src_7818187d1176,origin data/VPD-OE_Agent_20260709/VPD-OE_Agent/data/raw/ZY/ZY12.xls,广告投放,E11,11
historical_600_unknown_rule,ZY12,3,P1,亚洲,0.0,src_7818187d1176,origin data/VPD-OE_Agent_20260709/VPD-OE_Agent/data/raw/ZY/ZY12.xls,广告投放,F11,11
historical_600_unknown_rule,ZY12,3,P1,国际,0.0,src_7818187d1176,origin data/VPD-OE_Agent_20260709/VPD-OE_Agent/data/raw/ZY/ZY12.xls,广告投放,G11,11
historical_600_unknown_rule,ZY12,3,P2,本地,0.0,src_7818187d1176,origin data/VPD-OE_Agent_20260709/VPD-OE_Agent/data/raw/ZY/ZY12.xls,广告投放,C12,12
historical_600_unknown_rule,ZY12,3,P2,区域,0.0,src_7818187d1176,origin data/VPD-OE_Agent_20260709/VPD-OE_Agent/data/raw/ZY/ZY12.xls,广告投放,D12,12
historical_600_unknown_rule,ZY12,3,P2,国内,0.0,src_7818187d1176,origin data/VPD-OE_Agent_20260709/VPD-OE_Agent/data/raw/ZY/ZY12.xls,广告投放,E12,12
historical_600_unknown_rule,ZY12,3,P2,亚洲,0.0,src_7818187d1176,origin data/VPD-OE_Agent_20260709/VPD-OE_Agent/data/raw/ZY/ZY12.xls,广告投放,F12,12
historical_600_unknown_rule,ZY12,3,P2,国际,0.0,src_7818187d1176,origin data/VPD-OE_Agent_20260709/VPD-OE_Agent/data/raw/ZY/ZY12.xls,广告投放,G12,12
historical_600_unknown_rule,ZY12,3,P3,本地,0.0,src_7818187d1176,origin data/VPD-OE_Agent_20260709/VPD-OE_Agent/data/raw/ZY/ZY12.xls,广告投放,C13,13
historical_600_unknown_rule,ZY12,3,P3,区域,0.0,src_7818187d1176,origin data/VPD-OE_Agent_20260709/VPD-OE_Agent/data/raw/ZY/ZY12.xls,广告投放,D13,13
historical_600_unknown_rule,ZY12,3,P3,国内,0.0,src_7818187d1176,origin data/VPD-OE_Agent_20260709/VPD-OE_Agent/data/raw/ZY/ZY12.xls,广告投放,E13,13
historical_600_unknown_rule,ZY12,3,P3,亚洲,0.0,src_7818187d1176,origin data/VPD-OE_Agent_20260709/VPD-OE_Agent/data/raw/ZY/ZY12.xls,广告投放,F13,13
historical_600_unknown_rule,ZY12,3,P3,国际,0.0,src_7818187d1176,origin data/VPD-OE_Agent_20260709/VPD-OE_Agent/data/raw/ZY/ZY12.xls,广告投放,G13,13
historical_600_unknown_rule,ZY12,3,P4,本地,0.0,src_7818187d1176,origin data/VPD-OE_Agent_20260709/VPD-OE_Agent/data/raw/ZY/ZY12.xls,广告投放,C14,14
historical_600_unknown_rule,ZY12,3,P4,区域,0.0,src_7818187d1176,origin data/VPD-OE_Agent_20260709/VPD-OE_Agent/data/raw/ZY/ZY12.xls,广告投放,D14,14
historical_600_unknown_rule,ZY12,3,P4,国内,0.0,src_7818187d1176,origin data/VPD-OE_Agent_20260709/VPD-OE_Agent/data/raw/ZY/ZY12.xls,广告投放,E14,14
historical_600_unknown_rule,ZY12,3,P4,亚洲,0.0,src_7818187d1176,origin data/VPD-OE_Agent_20260709/VPD-OE_Agent/data/raw/ZY/ZY12.xls,广告投放,F14,14
historical_600_unknown_rule,ZY12,3,P4,国际,0.0,src_7818187d1176,origin data/VPD-OE_Agent_20260709/VPD-OE_Agent/data/raw/ZY/ZY12.xls,广告投放,G14,14
historical_600_unknown_rule,ZY12,4,P1,本地,0.0,src_7818187d1176,origin data/VPD-OE_Agent_20260709/VPD-OE_Agent/data/raw/ZY/ZY12.xls,广告投放,C18,18
historical_600_unknown_rule,ZY12,4,P1,区域,0.0,src_7818187d1176,origin data/VPD-OE_Agent_20260709/VPD-OE_Agent/data/raw/ZY/ZY12.xls,广告投放,D18,18
historical_600_unknown_rule,ZY12,4,P1,国内,0.0,src_7818187d1176,origin data/VPD-OE_Agent_20260709/VPD-OE_Agent/data/raw/ZY/ZY12.xls,广告投放,E18,18
historical_600_unknown_rule,ZY12,4,P1,亚洲,0.0,src_7818187d1176,origin data/VPD-OE_Agent_20260709/VPD-OE_Agent/data/raw/ZY/ZY12.xls,广告投放,F18,18
historical_600_unknown_rule,ZY12,4,P1,国际,0.0,src_7818187d1176,origin data/VPD-OE_Agent_20260709/VPD-OE_Agent/data/raw/ZY/ZY12.xls,广告投放,G18,18
historical_600_unknown_rule,ZY12,4,P2,本地,0.0,src_7818187d1176,origin data/VPD-OE_Agent_20260709/VPD-OE_Agent/data/raw/ZY/ZY12.xls,广告投放,C19,19
historical_600_unknown_rule,ZY12,4,P2,区域,0.0,src_7818187d1176,origin data/VPD-OE_Agent_20260709/VPD-OE_Agent/data/raw/ZY/ZY12.xls,广告投放,D19,19
historical_600_unknown_rule,ZY12,4,P2,国内,0.0,src_7818187d1176,origin data/VPD-OE_Agent_20260709/VPD-OE_Agent/data/raw/ZY/ZY12.xls,广告投放,E19,19
historical_600_unknown_rule,ZY12,4,P2,亚洲,0.0,src_7818187d1176,origin data/VPD-OE_Agent_20260709/VPD-OE_Agent/data/raw/ZY/ZY12.xls,广告投放,F19,19
historical_600_unknown_rule,ZY12,4,P2,国际,0.0,src_7818187d1176,origin data/VPD-OE_Agent_20260709/VPD-OE_Agent/data/raw/ZY/ZY12.xls,广告投放,G19,19
historical_600_unknown_rule,ZY12,4,P3,本地,0.0,src_7818187d1176,origin data/VPD-OE_Agent_20260709/VPD-OE_Agent/data/raw/ZY/ZY12.xls,广告投放,C20,20
historical_600_unknown_rule,ZY12,4,P3,区域,0.0,src_7818187d1176,origin data/VPD-OE_Agent_20260709/VPD-OE_Agent/data/raw/ZY/ZY12.xls,广告投放,D20,20
historical_600_unknown_rule,ZY12,4,P3,国内,0.0,src_7818187d1176,origin data/VPD-OE_Agent_20260709/VPD-OE_Agent/data/raw/ZY/ZY12.xls,广告投放,E20,20
historical_600_unknown_rule,ZY12,4,P3,亚洲,0.0,src_7818187d1176,origin data/VPD-OE_Agent_20260709/VPD-OE_Agent/data/raw/ZY/ZY12.xls,广告投放,F20,20
historical_600_unknown_rule,ZY12,4,P3,国际,0.0,src_7818187d1176,origin data/VPD-OE_Agent_20260709/VPD-OE_Agent/data/raw/ZY/ZY12.xls,广告投放,G20,20
historical_600_unknown_rule,ZY12,4,P4,本地,0.0,src_7818187d1176,origin data/VPD-OE_Agent_20260709/VPD-OE_Agent/data/raw/ZY/ZY12.xls,广告投放,C21,21
historical_600_unknown_rule,ZY12,4,P4,区域,0.0,src_7818187d1176,origin data/VPD-OE_Agent_20260709/VPD-OE_Agent/data/raw/ZY/ZY12.xls,广告投放,D21,21
historical_600_unknown_rule,ZY12,4,P4,国内,0.0,src_7818187d1176,origin data/VPD-OE_Agent_20260709/VPD-OE_Agent/data/raw/ZY/ZY12.xls,广告投放,E21,21
historical_600_unknown_rule,ZY12,4,P4,亚洲,0.0,src_7818187d1176,origin data/VPD-OE_Agent_20260709/VPD-OE_Agent/data/raw/ZY/ZY12.xls,广告投放,F21,21
historical_600_unknown_rule,ZY12,4,P4,国际,0.0,src_7818187d1176,origin data/VPD-OE_Agent_20260709/VPD-OE_Agent/data/raw/ZY/ZY12.xls,广告投放,G21,21
historical_600_unknown_rule,ZY12,5,P1,本地,0.0,src_7818187d1176,origin data/VPD-OE_Agent_20260709/VPD-OE_Agent/data/raw/ZY/ZY12.xls,广告投放,C25,25
historical_600_unknown_rule,ZY12,5,P1,区域,0.0,src_7818187d1176,origin data/VPD-OE_Agent_20260709/VPD-OE_Agent/data/raw/ZY/ZY12.xls,广告投放,D25,25
historical_600_unknown_rule,ZY12,5,P1,国内,0.0,src_7818187d1176,origin data/VPD-OE_Agent_20260709/VPD-OE_Agent/data/raw/ZY/ZY12.xls,广告投放,E25,25
historical_600_unknown_rule,ZY12,5,P1,亚洲,0.0,src_7818187d1176,origin data/VPD-OE_Agent_20260709/VPD-OE_Agent/data/raw/ZY/ZY12.xls,广告投放,F25,25
historical_600_unknown_rule,ZY12,5,P1,国际,0.0,src_7818187d1176,origin data/VPD-OE_Agent_20260709/VPD-OE_Agent/data/raw/ZY/ZY12.xls,广告投放,G25,25
historical_600_unknown_rule,ZY12,5,P2,本地,0.0,src_7818187d1176,origin data/VPD-OE_Agent_20260709/VPD-OE_Agent/data/raw/ZY/ZY12.xls,广告投放,C26,26
historical_600_unknown_rule,ZY12,5,P2,区域,0.0,src_7818187d1176,origin data/VPD-OE_Agent_20260709/VPD-OE_Agent/data/raw/ZY/ZY12.xls,广告投放,D26,26
historical_600_unknown_rule,ZY12,5,P2,国内,0.0,src_7818187d1176,origin data/VPD-OE_Agent_20260709/VPD-OE_Agent/data/raw/ZY/ZY12.xls,广告投放,E26,26
historical_600_unknown_rule,ZY12,5,P2,亚洲,0.0,src_7818187d1176,origin data/VPD-OE_Agent_20260709/VPD-OE_Agent/data/raw/ZY/ZY12.xls,广告投放,F26,26
historical_600_unknown_rule,ZY12,5,P2,国际,0.0,src_7818187d1176,origin data/VPD-OE_Agent_20260709/VPD-OE_Agent/data/raw/ZY/ZY12.xls,广告投放,G26,26
historical_600_unknown_rule,ZY12,5,P3,本地,0.0,src_7818187d1176,origin data/VPD-OE_Agent_20260709/VPD-OE_Agent/data/raw/ZY/ZY12.xls,广告投放,C27,27
historical_600_unknown_rule,ZY12,5,P3,区域,0.0,src_7818187d1176,origin data/VPD-OE_Agent_20260709/VPD-OE_Agent/data/raw/ZY/ZY12.xls,广告投放,D27,27
historical_600_unknown_rule,ZY12,5,P3,国内,0.0,src_7818187d1176,origin data/VPD-OE_Agent_20260709/VPD-OE_Agent/data/raw/ZY/ZY12.xls,广告投放,E27,27
historical_600_unknown_rule,ZY12,5,P3,亚洲,0.0,src_7818187d1176,origin data/VPD-OE_Agent_20260709/VPD-OE_Agent/data/raw/ZY/ZY12.xls,广告投放,F27,27
historical_600_unknown_rule,ZY12,5,P3,国际,0.0,src_7818187d1176,origin data/VPD-OE_Agent_20260709/VPD-OE_Agent/data/raw/ZY/ZY12.xls,广告投放,G27,27
historical_600_unknown_rule,ZY12,5,P4,本地,0.0,src_7818187d1176,origin data/VPD-OE_Agent_20260709/VPD-OE_Agent/data/raw/ZY/ZY12.xls,广告投放,C28,28
historical_600_unknown_rule,ZY12,5,P4,区域,0.0,src_7818187d1176,origin data/VPD-OE_Agent_20260709/VPD-OE_Agent/data/raw/ZY/ZY12.xls,广告投放,D28,28
historical_600_unknown_rule,ZY12,5,P4,国内,0.0,src_7818187d1176,origin data/VPD-OE_Agent_20260709/VPD-OE_Agent/data/raw/ZY/ZY12.xls,广告投放,E28,28
historical_600_unknown_rule,ZY12,5,P4,亚洲,0.0,src_7818187d1176,origin data/VPD-OE_Agent_20260709/VPD-OE_Agent/data/raw/ZY/ZY12.xls,广告投放,F28,28
historical_600_unknown_rule,ZY12,5,P4,国际,0.0,src_7818187d1176,origin data/VPD-OE_Agent_20260709/VPD-OE_Agent/data/raw/ZY/ZY12.xls,广告投放,G28,28
historical_600_unknown_rule,ZY12,6,P1,本地,0.0,src_7818187d1176,origin data/VPD-OE_Agent_20260709/VPD-OE_Agent/data/raw/ZY/ZY12.xls,广告投放,C32,32
historical_600_unknown_rule,ZY12,6,P1,区域,0.0,src_7818187d1176,origin data/VPD-OE_Agent_20260709/VPD-OE_Agent/data/raw/ZY/ZY12.xls,广告投放,D32,32
historical_600_unknown_rule,ZY12,6,P1,国内,0.0,src_7818187d1176,origin data/VPD-OE_Agent_20260709/VPD-OE_Agent/data/raw/ZY/ZY12.xls,广告投放,E32,32
historical_600_unknown_rule,ZY12,6,P1,亚洲,0.0,src_7818187d1176,origin data/VPD-OE_Agent_20260709/VPD-OE_Agent/data/raw/ZY/ZY12.xls,广告投放,F32,32
historical_600_unknown_rule,ZY12,6,P1,国际,0.0,src_7818187d1176,origin data/VPD-OE_Agent_20260709/VPD-OE_Agent/data/raw/ZY/ZY12.xls,广告投放,G32,32
historical_600_unknown_rule,ZY12,6,P2,本地,0.0,src_7818187d1176,origin data/VPD-OE_Agent_20260709/VPD-OE_Agent/data/raw/ZY/ZY12.xls,广告投放,C33,33
historical_600_unknown_rule,ZY12,6,P2,区域,0.0,src_7818187d1176,origin data/VPD-OE_Agent_20260709/VPD-OE_Agent/data/raw/ZY/ZY12.xls,广告投放,D33,33
historical_600_unknown_rule,ZY12,6,P2,国内,0.0,src_7818187d1176,origin data/VPD-OE_Agent_20260709/VPD-OE_Agent/data/raw/ZY/ZY12.xls,广告投放,E33,33
historical_600_unknown_rule,ZY12,6,P2,亚洲,0.0,src_7818187d1176,origin data/VPD-OE_Agent_20260709/VPD-OE_Agent/data/raw/ZY/ZY12.xls,广告投放,F33,33
historical_600_unknown_rule,ZY12,6,P2,国际,0.0,src_7818187d1176,origin data/VPD-OE_Agent_20260709/VPD-OE_Agent/data/raw/ZY/ZY12.xls,广告投放,G33,33
historical_600_unknown_rule,ZY12,6,P3,本地,0.0,src_7818187d1176,origin data/VPD-OE_Agent_20260709/VPD-OE_Agent/data/raw/ZY/ZY12.xls,广告投放,C34,34
historical_600_unknown_rule,ZY12,6,P3,区域,0.0,src_7818187d1176,origin data/VPD-OE_Agent_20260709/VPD-OE_Agent/data/raw/ZY/ZY12.xls,广告投放,D34,34
historical_600_unknown_rule,ZY12,6,P3,国内,0.0,src_7818187d1176,origin data/VPD-OE_Agent_20260709/VPD-OE_Agent/data/raw/ZY/ZY12.xls,广告投放,E34,34
historical_600_unknown_rule,ZY12,6,P3,亚洲,0.0,src_7818187d1176,origin data/VPD-OE_Agent_20260709/VPD-OE_Agent/data/raw/ZY/ZY12.xls,广告投放,F34,34
historical_600_unknown_rule,ZY12,6,P3,国际,0.0,src_7818187d1176,origin data/VPD-OE_Agent_20260709/VPD-OE_Agent/data/raw/ZY/ZY12.xls,广告投放,G34,34
historical_600_unknown_rule,ZY12,6,P4,本地,0.0,src_7818187d1176,origin data/VPD-OE_Agent_20260709/VPD-OE_Agent/data/raw/ZY/ZY12.xls,广告投放,C35,35
historical_600_unknown_rule,ZY12,6,P4,区域,0.0,src_7818187d1176,origin data/VPD-OE_Agent_20260709/VPD-OE_Agent/data/raw/ZY/ZY12.xls,广告投放,D35,35
historical_600_unknown_rule,ZY12,6,P4,国内,0.0,src_7818187d1176,origin data/VPD-OE_Agent_20260709/VPD-OE_Agent/data/raw/ZY/ZY12.xls,广告投放,E35,35
historical_600_unknown_rule,ZY12,6,P4,亚洲,0.0,src_7818187d1176,origin data/VPD-OE_Agent_20260709/VPD-OE_Agent/data/raw/ZY/ZY12.xls,广告投放,F35,35
historical_600_unknown_rule,ZY12,6,P4,国际,0.0,src_7818187d1176,origin data/VPD-OE_Agent_20260709/VPD-OE_Agent/data/raw/ZY/ZY12.xls,广告投放,G35,35
historical_600_unknown_rule,ZY13,2,P1,本地,0.0,src_766e2c00d61c,origin data/VPD-OE_Agent_20260709/VPD-OE_Agent/data/raw/ZY/ZY13.xls,广告投放,C4,4
historical_600_unknown_rule,ZY13,2,P1,区域,0.0,src_766e2c00d61c,origin data/VPD-OE_Agent_20260709/VPD-OE_Agent/data/raw/ZY/ZY13.xls,广告投放,D4,4
historical_600_unknown_rule,ZY13,2,P1,国内,0.0,src_766e2c00d61c,origin data/VPD-OE_Agent_20260709/VPD-OE_Agent/data/raw/ZY/ZY13.xls,广告投放,E4,4
historical_600_unknown_rule,ZY13,2,P1,亚洲,0.0,src_766e2c00d61c,origin data/VPD-OE_Agent_20260709/VPD-OE_Agent/data/raw/ZY/ZY13.xls,广告投放,F4,4
historical_600_unknown_rule,ZY13,2,P1,国际,0.0,src_766e2c00d61c,origin data/VPD-OE_Agent_20260709/VPD-OE_Agent/data/raw/ZY/ZY13.xls,广告投放,G4,4
historical_600_unknown_rule,ZY13,2,P2,本地,0.0,src_766e2c00d61c,origin data/VPD-OE_Agent_20260709/VPD-OE_Agent/data/raw/ZY/ZY13.xls,广告投放,C5,5
historical_600_unknown_rule,ZY13,2,P2,区域,0.0,src_766e2c00d61c,origin data/VPD-OE_Agent_20260709/VPD-OE_Agent/data/raw/ZY/ZY13.xls,广告投放,D5,5
historical_600_unknown_rule,ZY13,2,P2,国内,0.0,src_766e2c00d61c,origin data/VPD-OE_Agent_20260709/VPD-OE_Agent/data/raw/ZY/ZY13.xls,广告投放,E5,5
historical_600_unknown_rule,ZY13,2,P2,亚洲,0.0,src_766e2c00d61c,origin data/VPD-OE_Agent_20260709/VPD-OE_Agent/data/raw/ZY/ZY13.xls,广告投放,F5,5
historical_600_unknown_rule,ZY13,2,P2,国际,0.0,src_766e2c00d61c,origin data/VPD-OE_Agent_20260709/VPD-OE_Agent/data/raw/ZY/ZY13.xls,广告投放,G5,5
historical_600_unknown_rule,ZY13,2,P3,本地,0.0,src_766e2c00d61c,origin data/VPD-OE_Agent_20260709/VPD-OE_Agent/data/raw/ZY/ZY13.xls,广告投放,C6,6
historical_600_unknown_rule,ZY13,2,P3,区域,0.0,src_766e2c00d61c,origin data/VPD-OE_Agent_20260709/VPD-OE_Agent/data/raw/ZY/ZY13.xls,广告投放,D6,6
historical_600_unknown_rule,ZY13,2,P3,国内,0.0,src_766e2c00d61c,origin data/VPD-OE_Agent_20260709/VPD-OE_Agent/data/raw/ZY/ZY13.xls,广告投放,E6,6
historical_600_unknown_rule,ZY13,2,P3,亚洲,0.0,src_766e2c00d61c,origin data/VPD-OE_Agent_20260709/VPD-OE_Agent/data/raw/ZY/ZY13.xls,广告投放,F6,6
historical_600_unknown_rule,ZY13,2,P3,国际,0.0,src_766e2c00d61c,origin data/VPD-OE_Agent_20260709/VPD-OE_Agent/data/raw/ZY/ZY13.xls,广告投放,G6,6
historical_600_unknown_rule,ZY13,2,P4,本地,47.0,src_766e2c00d61c,origin data/VPD-OE_Agent_20260709/VPD-OE_Agent/data/raw/ZY/ZY13.xls,广告投放,C7,7
historical_600_unknown_rule,ZY13,2,P4,区域,13.0,src_766e2c00d61c,origin data/VPD-OE_Agent_20260709/VPD-OE_Agent/data/raw/ZY/ZY13.xls,广告投放,D7,7
historical_600_unknown_rule,ZY13,2,P4,国内,0.0,src_766e2c00d61c,origin data/VPD-OE_Agent_20260709/VPD-OE_Agent/data/raw/ZY/ZY13.xls,广告投放,E7,7
historical_600_unknown_rule,ZY13,2,P4,亚洲,0.0,src_766e2c00d61c,origin data/VPD-OE_Agent_20260709/VPD-OE_Agent/data/raw/ZY/ZY13.xls,广告投放,F7,7
historical_600_unknown_rule,ZY13,2,P4,国际,0.0,src_766e2c00d61c,origin data/VPD-OE_Agent_20260709/VPD-OE_Agent/data/raw/ZY/ZY13.xls,广告投放,G7,7
historical_600_unknown_rule,ZY13,3,P1,本地,0.0,src_766e2c00d61c,origin data/VPD-OE_Agent_20260709/VPD-OE_Agent/data/raw/ZY/ZY13.xls,广告投放,C11,11
historical_600_unknown_rule,ZY13,3,P1,区域,0.0,src_766e2c00d61c,origin data/VPD-OE_Agent_20260709/VPD-OE_Agent/data/raw/ZY/ZY13.xls,广告投放,D11,11
historical_600_unknown_rule,ZY13,3,P1,国内,0.0,src_766e2c00d61c,origin data/VPD-OE_Agent_20260709/VPD-OE_Agent/data/raw/ZY/ZY13.xls,广告投放,E11,11
historical_600_unknown_rule,ZY13,3,P1,亚洲,0.0,src_766e2c00d61c,origin data/VPD-OE_Agent_20260709/VPD-OE_Agent/data/raw/ZY/ZY13.xls,广告投放,F11,11
historical_600_unknown_rule,ZY13,3,P1,国际,0.0,src_766e2c00d61c,origin data/VPD-OE_Agent_20260709/VPD-OE_Agent/data/raw/ZY/ZY13.xls,广告投放,G11,11
historical_600_unknown_rule,ZY13,3,P2,本地,0.0,src_766e2c00d61c,origin data/VPD-OE_Agent_20260709/VPD-OE_Agent/data/raw/ZY/ZY13.xls,广告投放,C12,12
historical_600_unknown_rule,ZY13,3,P2,区域,0.0,src_766e2c00d61c,origin data/VPD-OE_Agent_20260709/VPD-OE_Agent/data/raw/ZY/ZY13.xls,广告投放,D12,12
historical_600_unknown_rule,ZY13,3,P2,国内,0.0,src_766e2c00d61c,origin data/VPD-OE_Agent_20260709/VPD-OE_Agent/data/raw/ZY/ZY13.xls,广告投放,E12,12
historical_600_unknown_rule,ZY13,3,P2,亚洲,0.0,src_766e2c00d61c,origin data/VPD-OE_Agent_20260709/VPD-OE_Agent/data/raw/ZY/ZY13.xls,广告投放,F12,12
historical_600_unknown_rule,ZY13,3,P2,国际,0.0,src_766e2c00d61c,origin data/VPD-OE_Agent_20260709/VPD-OE_Agent/data/raw/ZY/ZY13.xls,广告投放,G12,12
historical_600_unknown_rule,ZY13,3,P3,本地,0.0,src_766e2c00d61c,origin data/VPD-OE_Agent_20260709/VPD-OE_Agent/data/raw/ZY/ZY13.xls,广告投放,C13,13
historical_600_unknown_rule,ZY13,3,P3,区域,0.0,src_766e2c00d61c,origin data/VPD-OE_Agent_20260709/VPD-OE_Agent/data/raw/ZY/ZY13.xls,广告投放,D13,13
historical_600_unknown_rule,ZY13,3,P3,国内,0.0,src_766e2c00d61c,origin data/VPD-OE_Agent_20260709/VPD-OE_Agent/data/raw/ZY/ZY13.xls,广告投放,E13,13
historical_600_unknown_rule,ZY13,3,P3,亚洲,0.0,src_766e2c00d61c,origin data/VPD-OE_Agent_20260709/VPD-OE_Agent/data/raw/ZY/ZY13.xls,广告投放,F13,13
historical_600_unknown_rule,ZY13,3,P3,国际,0.0,src_766e2c00d61c,origin data/VPD-OE_Agent_20260709/VPD-OE_Agent/data/raw/ZY/ZY13.xls,广告投放,G13,13
historical_600_unknown_rule,ZY13,3,P4,本地,34.0,src_766e2c00d61c,origin data/VPD-OE_Agent_20260709/VPD-OE_Agent/data/raw/ZY/ZY13.xls,广告投放,C14,14
historical_600_unknown_rule,ZY13,3,P4,区域,13.0,src_766e2c00d61c,origin data/VPD-OE_Agent_20260709/VPD-OE_Agent/data/raw/ZY/ZY13.xls,广告投放,D14,14
historical_600_unknown_rule,ZY13,3,P4,国内,13.0,src_766e2c00d61c,origin data/VPD-OE_Agent_20260709/VPD-OE_Agent/data/raw/ZY/ZY13.xls,广告投放,E14,14
historical_600_unknown_rule,ZY13,3,P4,亚洲,0.0,src_766e2c00d61c,origin data/VPD-OE_Agent_20260709/VPD-OE_Agent/data/raw/ZY/ZY13.xls,广告投放,F14,14
historical_600_unknown_rule,ZY13,3,P4,国际,0.0,src_766e2c00d61c,origin data/VPD-OE_Agent_20260709/VPD-OE_Agent/data/raw/ZY/ZY13.xls,广告投放,G14,14
historical_600_unknown_rule,ZY13,4,P1,本地,0.0,src_766e2c00d61c,origin data/VPD-OE_Agent_20260709/VPD-OE_Agent/data/raw/ZY/ZY13.xls,广告投放,C18,18
historical_600_unknown_rule,ZY13,4,P1,区域,0.0,src_766e2c00d61c,origin data/VPD-OE_Agent_20260709/VPD-OE_Agent/data/raw/ZY/ZY13.xls,广告投放,D18,18
historical_600_unknown_rule,ZY13,4,P1,国内,0.0,src_766e2c00d61c,origin data/VPD-OE_Agent_20260709/VPD-OE_Agent/data/raw/ZY/ZY13.xls,广告投放,E18,18
historical_600_unknown_rule,ZY13,4,P1,亚洲,0.0,src_766e2c00d61c,origin data/VPD-OE_Agent_20260709/VPD-OE_Agent/data/raw/ZY/ZY13.xls,广告投放,F18,18
historical_600_unknown_rule,ZY13,4,P1,国际,0.0,src_766e2c00d61c,origin data/VPD-OE_Agent_20260709/VPD-OE_Agent/data/raw/ZY/ZY13.xls,广告投放,G18,18
historical_600_unknown_rule,ZY13,4,P2,本地,0.0,src_766e2c00d61c,origin data/VPD-OE_Agent_20260709/VPD-OE_Agent/data/raw/ZY/ZY13.xls,广告投放,C19,19
historical_600_unknown_rule,ZY13,4,P2,区域,0.0,src_766e2c00d61c,origin data/VPD-OE_Agent_20260709/VPD-OE_Agent/data/raw/ZY/ZY13.xls,广告投放,D19,19
historical_600_unknown_rule,ZY13,4,P2,国内,0.0,src_766e2c00d61c,origin data/VPD-OE_Agent_20260709/VPD-OE_Agent/data/raw/ZY/ZY13.xls,广告投放,E19,19
historical_600_unknown_rule,ZY13,4,P2,亚洲,0.0,src_766e2c00d61c,origin data/VPD-OE_Agent_20260709/VPD-OE_Agent/data/raw/ZY/ZY13.xls,广告投放,F19,19
historical_600_unknown_rule,ZY13,4,P2,国际,0.0,src_766e2c00d61c,origin data/VPD-OE_Agent_20260709/VPD-OE_Agent/data/raw/ZY/ZY13.xls,广告投放,G19,19
historical_600_unknown_rule,ZY13,4,P3,本地,35.0,src_766e2c00d61c,origin data/VPD-OE_Agent_20260709/VPD-OE_Agent/data/raw/ZY/ZY13.xls,广告投放,C20,20
historical_600_unknown_rule,ZY13,4,P3,区域,0.0,src_766e2c00d61c,origin data/VPD-OE_Agent_20260709/VPD-OE_Agent/data/raw/ZY/ZY13.xls,广告投放,D20,20
historical_600_unknown_rule,ZY13,4,P3,国内,0.0,src_766e2c00d61c,origin data/VPD-OE_Agent_20260709/VPD-OE_Agent/data/raw/ZY/ZY13.xls,广告投放,E20,20
historical_600_unknown_rule,ZY13,4,P3,亚洲,15.0,src_766e2c00d61c,origin data/VPD-OE_Agent_20260709/VPD-OE_Agent/data/raw/ZY/ZY13.xls,广告投放,F20,20
historical_600_unknown_rule,ZY13,4,P3,国际,0.0,src_766e2c00d61c,origin data/VPD-OE_Agent_20260709/VPD-OE_Agent/data/raw/ZY/ZY13.xls,广告投放,G20,20
historical_600_unknown_rule,ZY13,4,P4,本地,34.0,src_766e2c00d61c,origin data/VPD-OE_Agent_20260709/VPD-OE_Agent/data/raw/ZY/ZY13.xls,广告投放,C21,21
historical_600_unknown_rule,ZY13,4,P4,区域,31.0,src_766e2c00d61c,origin data/VPD-OE_Agent_20260709/VPD-OE_Agent/data/raw/ZY/ZY13.xls,广告投放,D21,21
historical_600_unknown_rule,ZY13,4,P4,国内,31.0,src_766e2c00d61c,origin data/VPD-OE_Agent_20260709/VPD-OE_Agent/data/raw/ZY/ZY13.xls,广告投放,E21,21
historical_600_unknown_rule,ZY13,4,P4,亚洲,34.0,src_766e2c00d61c,origin data/VPD-OE_Agent_20260709/VPD-OE_Agent/data/raw/ZY/ZY13.xls,广告投放,F21,21
historical_600_unknown_rule,ZY13,4,P4,国际,0.0,src_766e2c00d61c,origin data/VPD-OE_Agent_20260709/VPD-OE_Agent/data/raw/ZY/ZY13.xls,广告投放,G21,21
historical_600_unknown_rule,ZY13,5,P1,本地,0.0,src_766e2c00d61c,origin data/VPD-OE_Agent_20260709/VPD-OE_Agent/data/raw/ZY/ZY13.xls,广告投放,C25,25
historical_600_unknown_rule,ZY13,5,P1,区域,0.0,src_766e2c00d61c,origin data/VPD-OE_Agent_20260709/VPD-OE_Agent/data/raw/ZY/ZY13.xls,广告投放,D25,25
historical_600_unknown_rule,ZY13,5,P1,国内,0.0,src_766e2c00d61c,origin data/VPD-OE_Agent_20260709/VPD-OE_Agent/data/raw/ZY/ZY13.xls,广告投放,E25,25
historical_600_unknown_rule,ZY13,5,P1,亚洲,0.0,src_766e2c00d61c,origin data/VPD-OE_Agent_20260709/VPD-OE_Agent/data/raw/ZY/ZY13.xls,广告投放,F25,25
historical_600_unknown_rule,ZY13,5,P1,国际,0.0,src_766e2c00d61c,origin data/VPD-OE_Agent_20260709/VPD-OE_Agent/data/raw/ZY/ZY13.xls,广告投放,G25,25
historical_600_unknown_rule,ZY13,5,P2,本地,0.0,src_766e2c00d61c,origin data/VPD-OE_Agent_20260709/VPD-OE_Agent/data/raw/ZY/ZY13.xls,广告投放,C26,26
historical_600_unknown_rule,ZY13,5,P2,区域,0.0,src_766e2c00d61c,origin data/VPD-OE_Agent_20260709/VPD-OE_Agent/data/raw/ZY/ZY13.xls,广告投放,D26,26
historical_600_unknown_rule,ZY13,5,P2,国内,0.0,src_766e2c00d61c,origin data/VPD-OE_Agent_20260709/VPD-OE_Agent/data/raw/ZY/ZY13.xls,广告投放,E26,26
historical_600_unknown_rule,ZY13,5,P2,亚洲,0.0,src_766e2c00d61c,origin data/VPD-OE_Agent_20260709/VPD-OE_Agent/data/raw/ZY/ZY13.xls,广告投放,F26,26
historical_600_unknown_rule,ZY13,5,P2,国际,0.0,src_766e2c00d61c,origin data/VPD-OE_Agent_20260709/VPD-OE_Agent/data/raw/ZY/ZY13.xls,广告投放,G26,26
historical_600_unknown_rule,ZY13,5,P3,本地,0.0,src_766e2c00d61c,origin data/VPD-OE_Agent_20260709/VPD-OE_Agent/data/raw/ZY/ZY13.xls,广告投放,C27,27
historical_600_unknown_rule,ZY13,5,P3,区域,33.0,src_766e2c00d61c,origin data/VPD-OE_Agent_20260709/VPD-OE_Agent/data/raw/ZY/ZY13.xls,广告投放,D27,27
historical_600_unknown_rule,ZY13,5,P3,国内,0.0,src_766e2c00d61c,origin data/VPD-OE_Agent_20260709/VPD-OE_Agent/data/raw/ZY/ZY13.xls,广告投放,E27,27
historical_600_unknown_rule,ZY13,5,P3,亚洲,13.0,src_766e2c00d61c,origin data/VPD-OE_Agent_20260709/VPD-OE_Agent/data/raw/ZY/ZY13.xls,广告投放,F27,27
historical_600_unknown_rule,ZY13,5,P3,国际,14.0,src_766e2c00d61c,origin data/VPD-OE_Agent_20260709/VPD-OE_Agent/data/raw/ZY/ZY13.xls,广告投放,G27,27
historical_600_unknown_rule,ZY13,5,P4,本地,32.0,src_766e2c00d61c,origin data/VPD-OE_Agent_20260709/VPD-OE_Agent/data/raw/ZY/ZY13.xls,广告投放,C28,28
historical_600_unknown_rule,ZY13,5,P4,区域,17.0,src_766e2c00d61c,origin data/VPD-OE_Agent_20260709/VPD-OE_Agent/data/raw/ZY/ZY13.xls,广告投放,D28,28
historical_600_unknown_rule,ZY13,5,P4,国内,31.0,src_766e2c00d61c,origin data/VPD-OE_Agent_20260709/VPD-OE_Agent/data/raw/ZY/ZY13.xls,广告投放,E28,28
historical_600_unknown_rule,ZY13,5,P4,亚洲,47.0,src_766e2c00d61c,origin data/VPD-OE_Agent_20260709/VPD-OE_Agent/data/raw/ZY/ZY13.xls,广告投放,F28,28
historical_600_unknown_rule,ZY13,5,P4,国际,0.0,src_766e2c00d61c,origin data/VPD-OE_Agent_20260709/VPD-OE_Agent/data/raw/ZY/ZY13.xls,广告投放,G28,28
historical_600_unknown_rule,ZY13,6,P1,本地,0.0,src_766e2c00d61c,origin data/VPD-OE_Agent_20260709/VPD-OE_Agent/data/raw/ZY/ZY13.xls,广告投放,C32,32
historical_600_unknown_rule,ZY13,6,P1,区域,0.0,src_766e2c00d61c,origin data/VPD-OE_Agent_20260709/VPD-OE_Agent/data/raw/ZY/ZY13.xls,广告投放,D32,32
historical_600_unknown_rule,ZY13,6,P1,国内,0.0,src_766e2c00d61c,origin data/VPD-OE_Agent_20260709/VPD-OE_Agent/data/raw/ZY/ZY13.xls,广告投放,E32,32
historical_600_unknown_rule,ZY13,6,P1,亚洲,0.0,src_766e2c00d61c,origin data/VPD-OE_Agent_20260709/VPD-OE_Agent/data/raw/ZY/ZY13.xls,广告投放,F32,32
historical_600_unknown_rule,ZY13,6,P1,国际,0.0,src_766e2c00d61c,origin data/VPD-OE_Agent_20260709/VPD-OE_Agent/data/raw/ZY/ZY13.xls,广告投放,G32,32
historical_600_unknown_rule,ZY13,6,P2,本地,0.0,src_766e2c00d61c,origin data/VPD-OE_Agent_20260709/VPD-OE_Agent/data/raw/ZY/ZY13.xls,广告投放,C33,33
historical_600_unknown_rule,ZY13,6,P2,区域,0.0,src_766e2c00d61c,origin data/VPD-OE_Agent_20260709/VPD-OE_Agent/data/raw/ZY/ZY13.xls,广告投放,D33,33
historical_600_unknown_rule,ZY13,6,P2,国内,0.0,src_766e2c00d61c,origin data/VPD-OE_Agent_20260709/VPD-OE_Agent/data/raw/ZY/ZY13.xls,广告投放,E33,33
historical_600_unknown_rule,ZY13,6,P2,亚洲,0.0,src_766e2c00d61c,origin data/VPD-OE_Agent_20260709/VPD-OE_Agent/data/raw/ZY/ZY13.xls,广告投放,F33,33
historical_600_unknown_rule,ZY13,6,P2,国际,0.0,src_766e2c00d61c,origin data/VPD-OE_Agent_20260709/VPD-OE_Agent/data/raw/ZY/ZY13.xls,广告投放,G33,33
historical_600_unknown_rule,ZY13,6,P3,本地,0.0,src_766e2c00d61c,origin data/VPD-OE_Agent_20260709/VPD-OE_Agent/data/raw/ZY/ZY13.xls,广告投放,C34,34
historical_600_unknown_rule,ZY13,6,P3,区域,0.0,src_766e2c00d61c,origin data/VPD-OE_Agent_20260709/VPD-OE_Agent/data/raw/ZY/ZY13.xls,广告投放,D34,34
historical_600_unknown_rule,ZY13,6,P3,国内,0.0,src_766e2c00d61c,origin data/VPD-OE_Agent_20260709/VPD-OE_Agent/data/raw/ZY/ZY13.xls,广告投放,E34,34
historical_600_unknown_rule,ZY13,6,P3,亚洲,0.0,src_766e2c00d61c,origin data/VPD-OE_Agent_20260709/VPD-OE_Agent/data/raw/ZY/ZY13.xls,广告投放,F34,34
historical_600_unknown_rule,ZY13,6,P3,国际,0.0,src_766e2c00d61c,origin data/VPD-OE_Agent_20260709/VPD-OE_Agent/data/raw/ZY/ZY13.xls,广告投放,G34,34
historical_600_unknown_rule,ZY13,6,P4,本地,0.0,src_766e2c00d61c,origin data/VPD-OE_Agent_20260709/VPD-OE_Agent/data/raw/ZY/ZY13.xls,广告投放,C35,35
historical_600_unknown_rule,ZY13,6,P4,区域,0.0,src_766e2c00d61c,origin data/VPD-OE_Agent_20260709/VPD-OE_Agent/data/raw/ZY/ZY13.xls,广告投放,D35,35
historical_600_unknown_rule,ZY13,6,P4,国内,0.0,src_766e2c00d61c,origin data/VPD-OE_Agent_20260709/VPD-OE_Agent/data/raw/ZY/ZY13.xls,广告投放,E35,35
historical_600_unknown_rule,ZY13,6,P4,亚洲,0.0,src_766e2c00d61c,origin data/VPD-OE_Agent_20260709/VPD-OE_Agent/data/raw/ZY/ZY13.xls,广告投放,F35,35
historical_600_unknown_rule,ZY13,6,P4,国际,0.0,src_766e2c00d61c,origin data/VPD-OE_Agent_20260709/VPD-OE_Agent/data/raw/ZY/ZY13.xls,广告投放,G35,35
historical_600_unknown_rule,ZY14,2,P1,本地,0.0,src_27029786bf11,origin data/VPD-OE_Agent_20260709/VPD-OE_Agent/data/raw/ZY/ZY14.xls,广告投放,C4,4
historical_600_unknown_rule,ZY14,2,P1,区域,0.0,src_27029786bf11,origin data/VPD-OE_Agent_20260709/VPD-OE_Agent/data/raw/ZY/ZY14.xls,广告投放,D4,4
historical_600_unknown_rule,ZY14,2,P1,国内,0.0,src_27029786bf11,origin data/VPD-OE_Agent_20260709/VPD-OE_Agent/data/raw/ZY/ZY14.xls,广告投放,E4,4
historical_600_unknown_rule,ZY14,2,P1,亚洲,0.0,src_27029786bf11,origin data/VPD-OE_Agent_20260709/VPD-OE_Agent/data/raw/ZY/ZY14.xls,广告投放,F4,4
historical_600_unknown_rule,ZY14,2,P1,国际,0.0,src_27029786bf11,origin data/VPD-OE_Agent_20260709/VPD-OE_Agent/data/raw/ZY/ZY14.xls,广告投放,G4,4
historical_600_unknown_rule,ZY14,2,P2,本地,19.0,src_27029786bf11,origin data/VPD-OE_Agent_20260709/VPD-OE_Agent/data/raw/ZY/ZY14.xls,广告投放,C5,5
historical_600_unknown_rule,ZY14,2,P2,区域,40.0,src_27029786bf11,origin data/VPD-OE_Agent_20260709/VPD-OE_Agent/data/raw/ZY/ZY14.xls,广告投放,D5,5
historical_600_unknown_rule,ZY14,2,P2,国内,0.0,src_27029786bf11,origin data/VPD-OE_Agent_20260709/VPD-OE_Agent/data/raw/ZY/ZY14.xls,广告投放,E5,5
historical_600_unknown_rule,ZY14,2,P2,亚洲,0.0,src_27029786bf11,origin data/VPD-OE_Agent_20260709/VPD-OE_Agent/data/raw/ZY/ZY14.xls,广告投放,F5,5
historical_600_unknown_rule,ZY14,2,P2,国际,0.0,src_27029786bf11,origin data/VPD-OE_Agent_20260709/VPD-OE_Agent/data/raw/ZY/ZY14.xls,广告投放,G5,5
historical_600_unknown_rule,ZY14,2,P3,本地,40.0,src_27029786bf11,origin data/VPD-OE_Agent_20260709/VPD-OE_Agent/data/raw/ZY/ZY14.xls,广告投放,C6,6
historical_600_unknown_rule,ZY14,2,P3,区域,19.0,src_27029786bf11,origin data/VPD-OE_Agent_20260709/VPD-OE_Agent/data/raw/ZY/ZY14.xls,广告投放,D6,6
historical_600_unknown_rule,ZY14,2,P3,国内,0.0,src_27029786bf11,origin data/VPD-OE_Agent_20260709/VPD-OE_Agent/data/raw/ZY/ZY14.xls,广告投放,E6,6
historical_600_unknown_rule,ZY14,2,P3,亚洲,0.0,src_27029786bf11,origin data/VPD-OE_Agent_20260709/VPD-OE_Agent/data/raw/ZY/ZY14.xls,广告投放,F6,6
historical_600_unknown_rule,ZY14,2,P3,国际,0.0,src_27029786bf11,origin data/VPD-OE_Agent_20260709/VPD-OE_Agent/data/raw/ZY/ZY14.xls,广告投放,G6,6
historical_600_unknown_rule,ZY14,2,P4,本地,0.0,src_27029786bf11,origin data/VPD-OE_Agent_20260709/VPD-OE_Agent/data/raw/ZY/ZY14.xls,广告投放,C7,7
historical_600_unknown_rule,ZY14,2,P4,区域,0.0,src_27029786bf11,origin data/VPD-OE_Agent_20260709/VPD-OE_Agent/data/raw/ZY/ZY14.xls,广告投放,D7,7
historical_600_unknown_rule,ZY14,2,P4,国内,0.0,src_27029786bf11,origin data/VPD-OE_Agent_20260709/VPD-OE_Agent/data/raw/ZY/ZY14.xls,广告投放,E7,7
historical_600_unknown_rule,ZY14,2,P4,亚洲,0.0,src_27029786bf11,origin data/VPD-OE_Agent_20260709/VPD-OE_Agent/data/raw/ZY/ZY14.xls,广告投放,F7,7
historical_600_unknown_rule,ZY14,2,P4,国际,0.0,src_27029786bf11,origin data/VPD-OE_Agent_20260709/VPD-OE_Agent/data/raw/ZY/ZY14.xls,广告投放,G7,7
historical_600_unknown_rule,ZY14,3,P1,本地,0.0,src_27029786bf11,origin data/VPD-OE_Agent_20260709/VPD-OE_Agent/data/raw/ZY/ZY14.xls,广告投放,C11,11
historical_600_unknown_rule,ZY14,3,P1,区域,0.0,src_27029786bf11,origin data/VPD-OE_Agent_20260709/VPD-OE_Agent/data/raw/ZY/ZY14.xls,广告投放,D11,11
historical_600_unknown_rule,ZY14,3,P1,国内,0.0,src_27029786bf11,origin data/VPD-OE_Agent_20260709/VPD-OE_Agent/data/raw/ZY/ZY14.xls,广告投放,E11,11
historical_600_unknown_rule,ZY14,3,P1,亚洲,0.0,src_27029786bf11,origin data/VPD-OE_Agent_20260709/VPD-OE_Agent/data/raw/ZY/ZY14.xls,广告投放,F11,11
historical_600_unknown_rule,ZY14,3,P1,国际,0.0,src_27029786bf11,origin data/VPD-OE_Agent_20260709/VPD-OE_Agent/data/raw/ZY/ZY14.xls,广告投放,G11,11
historical_600_unknown_rule,ZY14,3,P2,本地,30.0,src_27029786bf11,origin data/VPD-OE_Agent_20260709/VPD-OE_Agent/data/raw/ZY/ZY14.xls,广告投放,C12,12
historical_600_unknown_rule,ZY14,3,P2,区域,0.0,src_27029786bf11,origin data/VPD-OE_Agent_20260709/VPD-OE_Agent/data/raw/ZY/ZY14.xls,广告投放,D12,12
historical_600_unknown_rule,ZY14,3,P2,国内,40.0,src_27029786bf11,origin data/VPD-OE_Agent_20260709/VPD-OE_Agent/data/raw/ZY/ZY14.xls,广告投放,E12,12
historical_600_unknown_rule,ZY14,3,P2,亚洲,0.0,src_27029786bf11,origin data/VPD-OE_Agent_20260709/VPD-OE_Agent/data/raw/ZY/ZY14.xls,广告投放,F12,12
historical_600_unknown_rule,ZY14,3,P2,国际,0.0,src_27029786bf11,origin data/VPD-OE_Agent_20260709/VPD-OE_Agent/data/raw/ZY/ZY14.xls,广告投放,G12,12
historical_600_unknown_rule,ZY14,3,P3,本地,40.0,src_27029786bf11,origin data/VPD-OE_Agent_20260709/VPD-OE_Agent/data/raw/ZY/ZY14.xls,广告投放,C13,13
historical_600_unknown_rule,ZY14,3,P3,区域,0.0,src_27029786bf11,origin data/VPD-OE_Agent_20260709/VPD-OE_Agent/data/raw/ZY/ZY14.xls,广告投放,D13,13
historical_600_unknown_rule,ZY14,3,P3,国内,30.0,src_27029786bf11,origin data/VPD-OE_Agent_20260709/VPD-OE_Agent/data/raw/ZY/ZY14.xls,广告投放,E13,13
historical_600_unknown_rule,ZY14,3,P3,亚洲,0.0,src_27029786bf11,origin data/VPD-OE_Agent_20260709/VPD-OE_Agent/data/raw/ZY/ZY14.xls,广告投放,F13,13
historical_600_unknown_rule,ZY14,3,P3,国际,0.0,src_27029786bf11,origin data/VPD-OE_Agent_20260709/VPD-OE_Agent/data/raw/ZY/ZY14.xls,广告投放,G13,13
historical_600_unknown_rule,ZY14,3,P4,本地,0.0,src_27029786bf11,origin data/VPD-OE_Agent_20260709/VPD-OE_Agent/data/raw/ZY/ZY14.xls,广告投放,C14,14
historical_600_unknown_rule,ZY14,3,P4,区域,0.0,src_27029786bf11,origin data/VPD-OE_Agent_20260709/VPD-OE_Agent/data/raw/ZY/ZY14.xls,广告投放,D14,14
historical_600_unknown_rule,ZY14,3,P4,国内,0.0,src_27029786bf11,origin data/VPD-OE_Agent_20260709/VPD-OE_Agent/data/raw/ZY/ZY14.xls,广告投放,E14,14
historical_600_unknown_rule,ZY14,3,P4,亚洲,0.0,src_27029786bf11,origin data/VPD-OE_Agent_20260709/VPD-OE_Agent/data/raw/ZY/ZY14.xls,广告投放,F14,14
historical_600_unknown_rule,ZY14,3,P4,国际,0.0,src_27029786bf11,origin data/VPD-OE_Agent_20260709/VPD-OE_Agent/data/raw/ZY/ZY14.xls,广告投放,G14,14
historical_600_unknown_rule,ZY14,4,P1,本地,0.0,src_27029786bf11,origin data/VPD-OE_Agent_20260709/VPD-OE_Agent/data/raw/ZY/ZY14.xls,广告投放,C18,18
historical_600_unknown_rule,ZY14,4,P1,区域,0.0,src_27029786bf11,origin data/VPD-OE_Agent_20260709/VPD-OE_Agent/data/raw/ZY/ZY14.xls,广告投放,D18,18
historical_600_unknown_rule,ZY14,4,P1,国内,0.0,src_27029786bf11,origin data/VPD-OE_Agent_20260709/VPD-OE_Agent/data/raw/ZY/ZY14.xls,广告投放,E18,18
historical_600_unknown_rule,ZY14,4,P1,亚洲,0.0,src_27029786bf11,origin data/VPD-OE_Agent_20260709/VPD-OE_Agent/data/raw/ZY/ZY14.xls,广告投放,F18,18
historical_600_unknown_rule,ZY14,4,P1,国际,0.0,src_27029786bf11,origin data/VPD-OE_Agent_20260709/VPD-OE_Agent/data/raw/ZY/ZY14.xls,广告投放,G18,18
historical_600_unknown_rule,ZY14,4,P2,本地,25.0,src_27029786bf11,origin data/VPD-OE_Agent_20260709/VPD-OE_Agent/data/raw/ZY/ZY14.xls,广告投放,C19,19
historical_600_unknown_rule,ZY14,4,P2,区域,45.0,src_27029786bf11,origin data/VPD-OE_Agent_20260709/VPD-OE_Agent/data/raw/ZY/ZY14.xls,广告投放,D19,19
historical_600_unknown_rule,ZY14,4,P2,国内,0.0,src_27029786bf11,origin data/VPD-OE_Agent_20260709/VPD-OE_Agent/data/raw/ZY/ZY14.xls,广告投放,E19,19
historical_600_unknown_rule,ZY14,4,P2,亚洲,0.0,src_27029786bf11,origin data/VPD-OE_Agent_20260709/VPD-OE_Agent/data/raw/ZY/ZY14.xls,广告投放,F19,19
historical_600_unknown_rule,ZY14,4,P2,国际,0.0,src_27029786bf11,origin data/VPD-OE_Agent_20260709/VPD-OE_Agent/data/raw/ZY/ZY14.xls,广告投放,G19,19
historical_600_unknown_rule,ZY14,4,P3,本地,0.0,src_27029786bf11,origin data/VPD-OE_Agent_20260709/VPD-OE_Agent/data/raw/ZY/ZY14.xls,广告投放,C20,20
historical_600_unknown_rule,ZY14,4,P3,区域,25.0,src_27029786bf11,origin data/VPD-OE_Agent_20260709/VPD-OE_Agent/data/raw/ZY/ZY14.xls,广告投放,D20,20
historical_600_unknown_rule,ZY14,4,P3,国内,0.0,src_27029786bf11,origin data/VPD-OE_Agent_20260709/VPD-OE_Agent/data/raw/ZY/ZY14.xls,广告投放,E20,20
historical_600_unknown_rule,ZY14,4,P3,亚洲,45.0,src_27029786bf11,origin data/VPD-OE_Agent_20260709/VPD-OE_Agent/data/raw/ZY/ZY14.xls,广告投放,F20,20
historical_600_unknown_rule,ZY14,4,P3,国际,0.0,src_27029786bf11,origin data/VPD-OE_Agent_20260709/VPD-OE_Agent/data/raw/ZY/ZY14.xls,广告投放,G20,20
historical_600_unknown_rule,ZY14,4,P4,本地,0.0,src_27029786bf11,origin data/VPD-OE_Agent_20260709/VPD-OE_Agent/data/raw/ZY/ZY14.xls,广告投放,C21,21
historical_600_unknown_rule,ZY14,4,P4,区域,0.0,src_27029786bf11,origin data/VPD-OE_Agent_20260709/VPD-OE_Agent/data/raw/ZY/ZY14.xls,广告投放,D21,21
historical_600_unknown_rule,ZY14,4,P4,国内,0.0,src_27029786bf11,origin data/VPD-OE_Agent_20260709/VPD-OE_Agent/data/raw/ZY/ZY14.xls,广告投放,E21,21
historical_600_unknown_rule,ZY14,4,P4,亚洲,0.0,src_27029786bf11,origin data/VPD-OE_Agent_20260709/VPD-OE_Agent/data/raw/ZY/ZY14.xls,广告投放,F21,21
historical_600_unknown_rule,ZY14,4,P4,国际,0.0,src_27029786bf11,origin data/VPD-OE_Agent_20260709/VPD-OE_Agent/data/raw/ZY/ZY14.xls,广告投放,G21,21
historical_600_unknown_rule,ZY14,5,P1,本地,0.0,src_27029786bf11,origin data/VPD-OE_Agent_20260709/VPD-OE_Agent/data/raw/ZY/ZY14.xls,广告投放,C25,25
historical_600_unknown_rule,ZY14,5,P1,区域,0.0,src_27029786bf11,origin data/VPD-OE_Agent_20260709/VPD-OE_Agent/data/raw/ZY/ZY14.xls,广告投放,D25,25
historical_600_unknown_rule,ZY14,5,P1,国内,0.0,src_27029786bf11,origin data/VPD-OE_Agent_20260709/VPD-OE_Agent/data/raw/ZY/ZY14.xls,广告投放,E25,25
historical_600_unknown_rule,ZY14,5,P1,亚洲,0.0,src_27029786bf11,origin data/VPD-OE_Agent_20260709/VPD-OE_Agent/data/raw/ZY/ZY14.xls,广告投放,F25,25
historical_600_unknown_rule,ZY14,5,P1,国际,0.0,src_27029786bf11,origin data/VPD-OE_Agent_20260709/VPD-OE_Agent/data/raw/ZY/ZY14.xls,广告投放,G25,25
historical_600_unknown_rule,ZY14,5,P2,本地,0.0,src_27029786bf11,origin data/VPD-OE_Agent_20260709/VPD-OE_Agent/data/raw/ZY/ZY14.xls,广告投放,C26,26
historical_600_unknown_rule,ZY14,5,P2,区域,0.0,src_27029786bf11,origin data/VPD-OE_Agent_20260709/VPD-OE_Agent/data/raw/ZY/ZY14.xls,广告投放,D26,26
historical_600_unknown_rule,ZY14,5,P2,国内,40.0,src_27029786bf11,origin data/VPD-OE_Agent_20260709/VPD-OE_Agent/data/raw/ZY/ZY14.xls,广告投放,E26,26
historical_600_unknown_rule,ZY14,5,P2,亚洲,0.0,src_27029786bf11,origin data/VPD-OE_Agent_20260709/VPD-OE_Agent/data/raw/ZY/ZY14.xls,广告投放,F26,26
historical_600_unknown_rule,ZY14,5,P2,国际,30.0,src_27029786bf11,origin data/VPD-OE_Agent_20260709/VPD-OE_Agent/data/raw/ZY/ZY14.xls,广告投放,G26,26
historical_600_unknown_rule,ZY14,5,P3,本地,0.0,src_27029786bf11,origin data/VPD-OE_Agent_20260709/VPD-OE_Agent/data/raw/ZY/ZY14.xls,广告投放,C27,27
historical_600_unknown_rule,ZY14,5,P3,区域,40.0,src_27029786bf11,origin data/VPD-OE_Agent_20260709/VPD-OE_Agent/data/raw/ZY/ZY14.xls,广告投放,D27,27
historical_600_unknown_rule,ZY14,5,P3,国内,0.0,src_27029786bf11,origin data/VPD-OE_Agent_20260709/VPD-OE_Agent/data/raw/ZY/ZY14.xls,广告投放,E27,27
historical_600_unknown_rule,ZY14,5,P3,亚洲,20.0,src_27029786bf11,origin data/VPD-OE_Agent_20260709/VPD-OE_Agent/data/raw/ZY/ZY14.xls,广告投放,F27,27
historical_600_unknown_rule,ZY14,5,P3,国际,20.0,src_27029786bf11,origin data/VPD-OE_Agent_20260709/VPD-OE_Agent/data/raw/ZY/ZY14.xls,广告投放,G27,27
historical_600_unknown_rule,ZY14,5,P4,本地,0.0,src_27029786bf11,origin data/VPD-OE_Agent_20260709/VPD-OE_Agent/data/raw/ZY/ZY14.xls,广告投放,C28,28
historical_600_unknown_rule,ZY14,5,P4,区域,0.0,src_27029786bf11,origin data/VPD-OE_Agent_20260709/VPD-OE_Agent/data/raw/ZY/ZY14.xls,广告投放,D28,28
historical_600_unknown_rule,ZY14,5,P4,国内,0.0,src_27029786bf11,origin data/VPD-OE_Agent_20260709/VPD-OE_Agent/data/raw/ZY/ZY14.xls,广告投放,E28,28
historical_600_unknown_rule,ZY14,5,P4,亚洲,0.0,src_27029786bf11,origin data/VPD-OE_Agent_20260709/VPD-OE_Agent/data/raw/ZY/ZY14.xls,广告投放,F28,28
historical_600_unknown_rule,ZY14,5,P4,国际,0.0,src_27029786bf11,origin data/VPD-OE_Agent_20260709/VPD-OE_Agent/data/raw/ZY/ZY14.xls,广告投放,G28,28
historical_600_unknown_rule,ZY14,6,P1,本地,0.0,src_27029786bf11,origin data/VPD-OE_Agent_20260709/VPD-OE_Agent/data/raw/ZY/ZY14.xls,广告投放,C32,32
historical_600_unknown_rule,ZY14,6,P1,区域,0.0,src_27029786bf11,origin data/VPD-OE_Agent_20260709/VPD-OE_Agent/data/raw/ZY/ZY14.xls,广告投放,D32,32
historical_600_unknown_rule,ZY14,6,P1,国内,0.0,src_27029786bf11,origin data/VPD-OE_Agent_20260709/VPD-OE_Agent/data/raw/ZY/ZY14.xls,广告投放,E32,32
historical_600_unknown_rule,ZY14,6,P1,亚洲,0.0,src_27029786bf11,origin data/VPD-OE_Agent_20260709/VPD-OE_Agent/data/raw/ZY/ZY14.xls,广告投放,F32,32
historical_600_unknown_rule,ZY14,6,P1,国际,0.0,src_27029786bf11,origin data/VPD-OE_Agent_20260709/VPD-OE_Agent/data/raw/ZY/ZY14.xls,广告投放,G32,32
historical_600_unknown_rule,ZY14,6,P2,本地,0.0,src_27029786bf11,origin data/VPD-OE_Agent_20260709/VPD-OE_Agent/data/raw/ZY/ZY14.xls,广告投放,C33,33
historical_600_unknown_rule,ZY14,6,P2,区域,0.0,src_27029786bf11,origin data/VPD-OE_Agent_20260709/VPD-OE_Agent/data/raw/ZY/ZY14.xls,广告投放,D33,33
historical_600_unknown_rule,ZY14,6,P2,国内,0.0,src_27029786bf11,origin data/VPD-OE_Agent_20260709/VPD-OE_Agent/data/raw/ZY/ZY14.xls,广告投放,E33,33
historical_600_unknown_rule,ZY14,6,P2,亚洲,0.0,src_27029786bf11,origin data/VPD-OE_Agent_20260709/VPD-OE_Agent/data/raw/ZY/ZY14.xls,广告投放,F33,33
historical_600_unknown_rule,ZY14,6,P2,国际,0.0,src_27029786bf11,origin data/VPD-OE_Agent_20260709/VPD-OE_Agent/data/raw/ZY/ZY14.xls,广告投放,G33,33
historical_600_unknown_rule,ZY14,6,P3,本地,0.0,src_27029786bf11,origin data/VPD-OE_Agent_20260709/VPD-OE_Agent/data/raw/ZY/ZY14.xls,广告投放,C34,34
historical_600_unknown_rule,ZY14,6,P3,区域,0.0,src_27029786bf11,origin data/VPD-OE_Agent_20260709/VPD-OE_Agent/data/raw/ZY/ZY14.xls,广告投放,D34,34
historical_600_unknown_rule,ZY14,6,P3,国内,0.0,src_27029786bf11,origin data/VPD-OE_Agent_20260709/VPD-OE_Agent/data/raw/ZY/ZY14.xls,广告投放,E34,34
historical_600_unknown_rule,ZY14,6,P3,亚洲,0.0,src_27029786bf11,origin data/VPD-OE_Agent_20260709/VPD-OE_Agent/data/raw/ZY/ZY14.xls,广告投放,F34,34
historical_600_unknown_rule,ZY14,6,P3,国际,0.0,src_27029786bf11,origin data/VPD-OE_Agent_20260709/VPD-OE_Agent/data/raw/ZY/ZY14.xls,广告投放,G34,34
historical_600_unknown_rule,ZY14,6,P4,本地,0.0,src_27029786bf11,origin data/VPD-OE_Agent_20260709/VPD-OE_Agent/data/raw/ZY/ZY14.xls,广告投放,C35,35
historical_600_unknown_rule,ZY14,6,P4,区域,0.0,src_27029786bf11,origin data/VPD-OE_Agent_20260709/VPD-OE_Agent/data/raw/ZY/ZY14.xls,广告投放,D35,35
historical_600_unknown_rule,ZY14,6,P4,国内,0.0,src_27029786bf11,origin data/VPD-OE_Agent_20260709/VPD-OE_Agent/data/raw/ZY/ZY14.xls,广告投放,E35,35
historical_600_unknown_rule,ZY14,6,P4,亚洲,0.0,src_27029786bf11,origin data/VPD-OE_Agent_20260709/VPD-OE_Agent/data/raw/ZY/ZY14.xls,广告投放,F35,35
historical_600_unknown_rule,ZY14,6,P4,国际,0.0,src_27029786bf11,origin data/VPD-OE_Agent_20260709/VPD-OE_Agent/data/raw/ZY/ZY14.xls,广告投放,G35,35
historical_600_unknown_rule,ZY15,2,P1,本地,0.0,src_4d43a1bf1514,origin data/VPD-OE_Agent_20260709/VPD-OE_Agent/data/raw/ZY/ZY15.xls,广告投放,C4,4
historical_600_unknown_rule,ZY15,2,P1,区域,0.0,src_4d43a1bf1514,origin data/VPD-OE_Agent_20260709/VPD-OE_Agent/data/raw/ZY/ZY15.xls,广告投放,D4,4
historical_600_unknown_rule,ZY15,2,P1,国内,0.0,src_4d43a1bf1514,origin data/VPD-OE_Agent_20260709/VPD-OE_Agent/data/raw/ZY/ZY15.xls,广告投放,E4,4
historical_600_unknown_rule,ZY15,2,P1,亚洲,0.0,src_4d43a1bf1514,origin data/VPD-OE_Agent_20260709/VPD-OE_Agent/data/raw/ZY/ZY15.xls,广告投放,F4,4
historical_600_unknown_rule,ZY15,2,P1,国际,0.0,src_4d43a1bf1514,origin data/VPD-OE_Agent_20260709/VPD-OE_Agent/data/raw/ZY/ZY15.xls,广告投放,G4,4
historical_600_unknown_rule,ZY15,2,P2,本地,0.0,src_4d43a1bf1514,origin data/VPD-OE_Agent_20260709/VPD-OE_Agent/data/raw/ZY/ZY15.xls,广告投放,C5,5
historical_600_unknown_rule,ZY15,2,P2,区域,0.0,src_4d43a1bf1514,origin data/VPD-OE_Agent_20260709/VPD-OE_Agent/data/raw/ZY/ZY15.xls,广告投放,D5,5
historical_600_unknown_rule,ZY15,2,P2,国内,0.0,src_4d43a1bf1514,origin data/VPD-OE_Agent_20260709/VPD-OE_Agent/data/raw/ZY/ZY15.xls,广告投放,E5,5
historical_600_unknown_rule,ZY15,2,P2,亚洲,0.0,src_4d43a1bf1514,origin data/VPD-OE_Agent_20260709/VPD-OE_Agent/data/raw/ZY/ZY15.xls,广告投放,F5,5
historical_600_unknown_rule,ZY15,2,P2,国际,0.0,src_4d43a1bf1514,origin data/VPD-OE_Agent_20260709/VPD-OE_Agent/data/raw/ZY/ZY15.xls,广告投放,G5,5
historical_600_unknown_rule,ZY15,2,P3,本地,0.0,src_4d43a1bf1514,origin data/VPD-OE_Agent_20260709/VPD-OE_Agent/data/raw/ZY/ZY15.xls,广告投放,C6,6
historical_600_unknown_rule,ZY15,2,P3,区域,0.0,src_4d43a1bf1514,origin data/VPD-OE_Agent_20260709/VPD-OE_Agent/data/raw/ZY/ZY15.xls,广告投放,D6,6
historical_600_unknown_rule,ZY15,2,P3,国内,0.0,src_4d43a1bf1514,origin data/VPD-OE_Agent_20260709/VPD-OE_Agent/data/raw/ZY/ZY15.xls,广告投放,E6,6
historical_600_unknown_rule,ZY15,2,P3,亚洲,0.0,src_4d43a1bf1514,origin data/VPD-OE_Agent_20260709/VPD-OE_Agent/data/raw/ZY/ZY15.xls,广告投放,F6,6
historical_600_unknown_rule,ZY15,2,P3,国际,0.0,src_4d43a1bf1514,origin data/VPD-OE_Agent_20260709/VPD-OE_Agent/data/raw/ZY/ZY15.xls,广告投放,G6,6
historical_600_unknown_rule,ZY15,2,P4,本地,19.0,src_4d43a1bf1514,origin data/VPD-OE_Agent_20260709/VPD-OE_Agent/data/raw/ZY/ZY15.xls,广告投放,C7,7
historical_600_unknown_rule,ZY15,2,P4,区域,0.0,src_4d43a1bf1514,origin data/VPD-OE_Agent_20260709/VPD-OE_Agent/data/raw/ZY/ZY15.xls,广告投放,D7,7
historical_600_unknown_rule,ZY15,2,P4,国内,0.0,src_4d43a1bf1514,origin data/VPD-OE_Agent_20260709/VPD-OE_Agent/data/raw/ZY/ZY15.xls,广告投放,E7,7
historical_600_unknown_rule,ZY15,2,P4,亚洲,0.0,src_4d43a1bf1514,origin data/VPD-OE_Agent_20260709/VPD-OE_Agent/data/raw/ZY/ZY15.xls,广告投放,F7,7
historical_600_unknown_rule,ZY15,2,P4,国际,0.0,src_4d43a1bf1514,origin data/VPD-OE_Agent_20260709/VPD-OE_Agent/data/raw/ZY/ZY15.xls,广告投放,G7,7
historical_600_unknown_rule,ZY15,3,P1,本地,0.0,src_4d43a1bf1514,origin data/VPD-OE_Agent_20260709/VPD-OE_Agent/data/raw/ZY/ZY15.xls,广告投放,C11,11
historical_600_unknown_rule,ZY15,3,P1,区域,0.0,src_4d43a1bf1514,origin data/VPD-OE_Agent_20260709/VPD-OE_Agent/data/raw/ZY/ZY15.xls,广告投放,D11,11
historical_600_unknown_rule,ZY15,3,P1,国内,0.0,src_4d43a1bf1514,origin data/VPD-OE_Agent_20260709/VPD-OE_Agent/data/raw/ZY/ZY15.xls,广告投放,E11,11
historical_600_unknown_rule,ZY15,3,P1,亚洲,0.0,src_4d43a1bf1514,origin data/VPD-OE_Agent_20260709/VPD-OE_Agent/data/raw/ZY/ZY15.xls,广告投放,F11,11
historical_600_unknown_rule,ZY15,3,P1,国际,0.0,src_4d43a1bf1514,origin data/VPD-OE_Agent_20260709/VPD-OE_Agent/data/raw/ZY/ZY15.xls,广告投放,G11,11
historical_600_unknown_rule,ZY15,3,P2,本地,0.0,src_4d43a1bf1514,origin data/VPD-OE_Agent_20260709/VPD-OE_Agent/data/raw/ZY/ZY15.xls,广告投放,C12,12
historical_600_unknown_rule,ZY15,3,P2,区域,0.0,src_4d43a1bf1514,origin data/VPD-OE_Agent_20260709/VPD-OE_Agent/data/raw/ZY/ZY15.xls,广告投放,D12,12
historical_600_unknown_rule,ZY15,3,P2,国内,0.0,src_4d43a1bf1514,origin data/VPD-OE_Agent_20260709/VPD-OE_Agent/data/raw/ZY/ZY15.xls,广告投放,E12,12
historical_600_unknown_rule,ZY15,3,P2,亚洲,0.0,src_4d43a1bf1514,origin data/VPD-OE_Agent_20260709/VPD-OE_Agent/data/raw/ZY/ZY15.xls,广告投放,F12,12
historical_600_unknown_rule,ZY15,3,P2,国际,0.0,src_4d43a1bf1514,origin data/VPD-OE_Agent_20260709/VPD-OE_Agent/data/raw/ZY/ZY15.xls,广告投放,G12,12
historical_600_unknown_rule,ZY15,3,P3,本地,0.0,src_4d43a1bf1514,origin data/VPD-OE_Agent_20260709/VPD-OE_Agent/data/raw/ZY/ZY15.xls,广告投放,C13,13
historical_600_unknown_rule,ZY15,3,P3,区域,0.0,src_4d43a1bf1514,origin data/VPD-OE_Agent_20260709/VPD-OE_Agent/data/raw/ZY/ZY15.xls,广告投放,D13,13
historical_600_unknown_rule,ZY15,3,P3,国内,0.0,src_4d43a1bf1514,origin data/VPD-OE_Agent_20260709/VPD-OE_Agent/data/raw/ZY/ZY15.xls,广告投放,E13,13
historical_600_unknown_rule,ZY15,3,P3,亚洲,0.0,src_4d43a1bf1514,origin data/VPD-OE_Agent_20260709/VPD-OE_Agent/data/raw/ZY/ZY15.xls,广告投放,F13,13
historical_600_unknown_rule,ZY15,3,P3,国际,0.0,src_4d43a1bf1514,origin data/VPD-OE_Agent_20260709/VPD-OE_Agent/data/raw/ZY/ZY15.xls,广告投放,G13,13
historical_600_unknown_rule,ZY15,3,P4,本地,0.0,src_4d43a1bf1514,origin data/VPD-OE_Agent_20260709/VPD-OE_Agent/data/raw/ZY/ZY15.xls,广告投放,C14,14
historical_600_unknown_rule,ZY15,3,P4,区域,0.0,src_4d43a1bf1514,origin data/VPD-OE_Agent_20260709/VPD-OE_Agent/data/raw/ZY/ZY15.xls,广告投放,D14,14
historical_600_unknown_rule,ZY15,3,P4,国内,0.0,src_4d43a1bf1514,origin data/VPD-OE_Agent_20260709/VPD-OE_Agent/data/raw/ZY/ZY15.xls,广告投放,E14,14
historical_600_unknown_rule,ZY15,3,P4,亚洲,0.0,src_4d43a1bf1514,origin data/VPD-OE_Agent_20260709/VPD-OE_Agent/data/raw/ZY/ZY15.xls,广告投放,F14,14
historical_600_unknown_rule,ZY15,3,P4,国际,0.0,src_4d43a1bf1514,origin data/VPD-OE_Agent_20260709/VPD-OE_Agent/data/raw/ZY/ZY15.xls,广告投放,G14,14
historical_600_unknown_rule,ZY15,4,P1,本地,0.0,src_4d43a1bf1514,origin data/VPD-OE_Agent_20260709/VPD-OE_Agent/data/raw/ZY/ZY15.xls,广告投放,C18,18
historical_600_unknown_rule,ZY15,4,P1,区域,0.0,src_4d43a1bf1514,origin data/VPD-OE_Agent_20260709/VPD-OE_Agent/data/raw/ZY/ZY15.xls,广告投放,D18,18
historical_600_unknown_rule,ZY15,4,P1,国内,0.0,src_4d43a1bf1514,origin data/VPD-OE_Agent_20260709/VPD-OE_Agent/data/raw/ZY/ZY15.xls,广告投放,E18,18
historical_600_unknown_rule,ZY15,4,P1,亚洲,0.0,src_4d43a1bf1514,origin data/VPD-OE_Agent_20260709/VPD-OE_Agent/data/raw/ZY/ZY15.xls,广告投放,F18,18
historical_600_unknown_rule,ZY15,4,P1,国际,0.0,src_4d43a1bf1514,origin data/VPD-OE_Agent_20260709/VPD-OE_Agent/data/raw/ZY/ZY15.xls,广告投放,G18,18
historical_600_unknown_rule,ZY15,4,P2,本地,0.0,src_4d43a1bf1514,origin data/VPD-OE_Agent_20260709/VPD-OE_Agent/data/raw/ZY/ZY15.xls,广告投放,C19,19
historical_600_unknown_rule,ZY15,4,P2,区域,0.0,src_4d43a1bf1514,origin data/VPD-OE_Agent_20260709/VPD-OE_Agent/data/raw/ZY/ZY15.xls,广告投放,D19,19
historical_600_unknown_rule,ZY15,4,P2,国内,0.0,src_4d43a1bf1514,origin data/VPD-OE_Agent_20260709/VPD-OE_Agent/data/raw/ZY/ZY15.xls,广告投放,E19,19
historical_600_unknown_rule,ZY15,4,P2,亚洲,0.0,src_4d43a1bf1514,origin data/VPD-OE_Agent_20260709/VPD-OE_Agent/data/raw/ZY/ZY15.xls,广告投放,F19,19
historical_600_unknown_rule,ZY15,4,P2,国际,0.0,src_4d43a1bf1514,origin data/VPD-OE_Agent_20260709/VPD-OE_Agent/data/raw/ZY/ZY15.xls,广告投放,G19,19
historical_600_unknown_rule,ZY15,4,P3,本地,0.0,src_4d43a1bf1514,origin data/VPD-OE_Agent_20260709/VPD-OE_Agent/data/raw/ZY/ZY15.xls,广告投放,C20,20
historical_600_unknown_rule,ZY15,4,P3,区域,0.0,src_4d43a1bf1514,origin data/VPD-OE_Agent_20260709/VPD-OE_Agent/data/raw/ZY/ZY15.xls,广告投放,D20,20
historical_600_unknown_rule,ZY15,4,P3,国内,0.0,src_4d43a1bf1514,origin data/VPD-OE_Agent_20260709/VPD-OE_Agent/data/raw/ZY/ZY15.xls,广告投放,E20,20
historical_600_unknown_rule,ZY15,4,P3,亚洲,0.0,src_4d43a1bf1514,origin data/VPD-OE_Agent_20260709/VPD-OE_Agent/data/raw/ZY/ZY15.xls,广告投放,F20,20
historical_600_unknown_rule,ZY15,4,P3,国际,0.0,src_4d43a1bf1514,origin data/VPD-OE_Agent_20260709/VPD-OE_Agent/data/raw/ZY/ZY15.xls,广告投放,G20,20
historical_600_unknown_rule,ZY15,4,P4,本地,0.0,src_4d43a1bf1514,origin data/VPD-OE_Agent_20260709/VPD-OE_Agent/data/raw/ZY/ZY15.xls,广告投放,C21,21
historical_600_unknown_rule,ZY15,4,P4,区域,0.0,src_4d43a1bf1514,origin data/VPD-OE_Agent_20260709/VPD-OE_Agent/data/raw/ZY/ZY15.xls,广告投放,D21,21
historical_600_unknown_rule,ZY15,4,P4,国内,72.0,src_4d43a1bf1514,origin data/VPD-OE_Agent_20260709/VPD-OE_Agent/data/raw/ZY/ZY15.xls,广告投放,E21,21
historical_600_unknown_rule,ZY15,4,P4,亚洲,72.0,src_4d43a1bf1514,origin data/VPD-OE_Agent_20260709/VPD-OE_Agent/data/raw/ZY/ZY15.xls,广告投放,F21,21
historical_600_unknown_rule,ZY15,4,P4,国际,0.0,src_4d43a1bf1514,origin data/VPD-OE_Agent_20260709/VPD-OE_Agent/data/raw/ZY/ZY15.xls,广告投放,G21,21
historical_600_unknown_rule,ZY15,5,P1,本地,0.0,src_4d43a1bf1514,origin data/VPD-OE_Agent_20260709/VPD-OE_Agent/data/raw/ZY/ZY15.xls,广告投放,C25,25
historical_600_unknown_rule,ZY15,5,P1,区域,0.0,src_4d43a1bf1514,origin data/VPD-OE_Agent_20260709/VPD-OE_Agent/data/raw/ZY/ZY15.xls,广告投放,D25,25
historical_600_unknown_rule,ZY15,5,P1,国内,0.0,src_4d43a1bf1514,origin data/VPD-OE_Agent_20260709/VPD-OE_Agent/data/raw/ZY/ZY15.xls,广告投放,E25,25
historical_600_unknown_rule,ZY15,5,P1,亚洲,0.0,src_4d43a1bf1514,origin data/VPD-OE_Agent_20260709/VPD-OE_Agent/data/raw/ZY/ZY15.xls,广告投放,F25,25
historical_600_unknown_rule,ZY15,5,P1,国际,0.0,src_4d43a1bf1514,origin data/VPD-OE_Agent_20260709/VPD-OE_Agent/data/raw/ZY/ZY15.xls,广告投放,G25,25
historical_600_unknown_rule,ZY15,5,P2,本地,0.0,src_4d43a1bf1514,origin data/VPD-OE_Agent_20260709/VPD-OE_Agent/data/raw/ZY/ZY15.xls,广告投放,C26,26
historical_600_unknown_rule,ZY15,5,P2,区域,0.0,src_4d43a1bf1514,origin data/VPD-OE_Agent_20260709/VPD-OE_Agent/data/raw/ZY/ZY15.xls,广告投放,D26,26
historical_600_unknown_rule,ZY15,5,P2,国内,0.0,src_4d43a1bf1514,origin data/VPD-OE_Agent_20260709/VPD-OE_Agent/data/raw/ZY/ZY15.xls,广告投放,E26,26
historical_600_unknown_rule,ZY15,5,P2,亚洲,0.0,src_4d43a1bf1514,origin data/VPD-OE_Agent_20260709/VPD-OE_Agent/data/raw/ZY/ZY15.xls,广告投放,F26,26
historical_600_unknown_rule,ZY15,5,P2,国际,0.0,src_4d43a1bf1514,origin data/VPD-OE_Agent_20260709/VPD-OE_Agent/data/raw/ZY/ZY15.xls,广告投放,G26,26
historical_600_unknown_rule,ZY15,5,P3,本地,0.0,src_4d43a1bf1514,origin data/VPD-OE_Agent_20260709/VPD-OE_Agent/data/raw/ZY/ZY15.xls,广告投放,C27,27
historical_600_unknown_rule,ZY15,5,P3,区域,0.0,src_4d43a1bf1514,origin data/VPD-OE_Agent_20260709/VPD-OE_Agent/data/raw/ZY/ZY15.xls,广告投放,D27,27
historical_600_unknown_rule,ZY15,5,P3,国内,0.0,src_4d43a1bf1514,origin data/VPD-OE_Agent_20260709/VPD-OE_Agent/data/raw/ZY/ZY15.xls,广告投放,E27,27
historical_600_unknown_rule,ZY15,5,P3,亚洲,0.0,src_4d43a1bf1514,origin data/VPD-OE_Agent_20260709/VPD-OE_Agent/data/raw/ZY/ZY15.xls,广告投放,F27,27
historical_600_unknown_rule,ZY15,5,P3,国际,0.0,src_4d43a1bf1514,origin data/VPD-OE_Agent_20260709/VPD-OE_Agent/data/raw/ZY/ZY15.xls,广告投放,G27,27
historical_600_unknown_rule,ZY15,5,P4,本地,0.0,src_4d43a1bf1514,origin data/VPD-OE_Agent_20260709/VPD-OE_Agent/data/raw/ZY/ZY15.xls,广告投放,C28,28
historical_600_unknown_rule,ZY15,5,P4,区域,65.0,src_4d43a1bf1514,origin data/VPD-OE_Agent_20260709/VPD-OE_Agent/data/raw/ZY/ZY15.xls,广告投放,D28,28
historical_600_unknown_rule,ZY15,5,P4,国内,0.0,src_4d43a1bf1514,origin data/VPD-OE_Agent_20260709/VPD-OE_Agent/data/raw/ZY/ZY15.xls,广告投放,E28,28
historical_600_unknown_rule,ZY15,5,P4,亚洲,65.0,src_4d43a1bf1514,origin data/VPD-OE_Agent_20260709/VPD-OE_Agent/data/raw/ZY/ZY15.xls,广告投放,F28,28
historical_600_unknown_rule,ZY15,5,P4,国际,0.0,src_4d43a1bf1514,origin data/VPD-OE_Agent_20260709/VPD-OE_Agent/data/raw/ZY/ZY15.xls,广告投放,G28,28
historical_600_unknown_rule,ZY15,6,P1,本地,0.0,src_4d43a1bf1514,origin data/VPD-OE_Agent_20260709/VPD-OE_Agent/data/raw/ZY/ZY15.xls,广告投放,C32,32
historical_600_unknown_rule,ZY15,6,P1,区域,0.0,src_4d43a1bf1514,origin data/VPD-OE_Agent_20260709/VPD-OE_Agent/data/raw/ZY/ZY15.xls,广告投放,D32,32
historical_600_unknown_rule,ZY15,6,P1,国内,0.0,src_4d43a1bf1514,origin data/VPD-OE_Agent_20260709/VPD-OE_Agent/data/raw/ZY/ZY15.xls,广告投放,E32,32
historical_600_unknown_rule,ZY15,6,P1,亚洲,0.0,src_4d43a1bf1514,origin data/VPD-OE_Agent_20260709/VPD-OE_Agent/data/raw/ZY/ZY15.xls,广告投放,F32,32
historical_600_unknown_rule,ZY15,6,P1,国际,0.0,src_4d43a1bf1514,origin data/VPD-OE_Agent_20260709/VPD-OE_Agent/data/raw/ZY/ZY15.xls,广告投放,G32,32
historical_600_unknown_rule,ZY15,6,P2,本地,0.0,src_4d43a1bf1514,origin data/VPD-OE_Agent_20260709/VPD-OE_Agent/data/raw/ZY/ZY15.xls,广告投放,C33,33
historical_600_unknown_rule,ZY15,6,P2,区域,0.0,src_4d43a1bf1514,origin data/VPD-OE_Agent_20260709/VPD-OE_Agent/data/raw/ZY/ZY15.xls,广告投放,D33,33
historical_600_unknown_rule,ZY15,6,P2,国内,0.0,src_4d43a1bf1514,origin data/VPD-OE_Agent_20260709/VPD-OE_Agent/data/raw/ZY/ZY15.xls,广告投放,E33,33
historical_600_unknown_rule,ZY15,6,P2,亚洲,0.0,src_4d43a1bf1514,origin data/VPD-OE_Agent_20260709/VPD-OE_Agent/data/raw/ZY/ZY15.xls,广告投放,F33,33
historical_600_unknown_rule,ZY15,6,P2,国际,0.0,src_4d43a1bf1514,origin data/VPD-OE_Agent_20260709/VPD-OE_Agent/data/raw/ZY/ZY15.xls,广告投放,G33,33
historical_600_unknown_rule,ZY15,6,P3,本地,0.0,src_4d43a1bf1514,origin data/VPD-OE_Agent_20260709/VPD-OE_Agent/data/raw/ZY/ZY15.xls,广告投放,C34,34
historical_600_unknown_rule,ZY15,6,P3,区域,0.0,src_4d43a1bf1514,origin data/VPD-OE_Agent_20260709/VPD-OE_Agent/data/raw/ZY/ZY15.xls,广告投放,D34,34
historical_600_unknown_rule,ZY15,6,P3,国内,0.0,src_4d43a1bf1514,origin data/VPD-OE_Agent_20260709/VPD-OE_Agent/data/raw/ZY/ZY15.xls,广告投放,E34,34
historical_600_unknown_rule,ZY15,6,P3,亚洲,0.0,src_4d43a1bf1514,origin data/VPD-OE_Agent_20260709/VPD-OE_Agent/data/raw/ZY/ZY15.xls,广告投放,F34,34
historical_600_unknown_rule,ZY15,6,P3,国际,0.0,src_4d43a1bf1514,origin data/VPD-OE_Agent_20260709/VPD-OE_Agent/data/raw/ZY/ZY15.xls,广告投放,G34,34
historical_600_unknown_rule,ZY15,6,P4,本地,0.0,src_4d43a1bf1514,origin data/VPD-OE_Agent_20260709/VPD-OE_Agent/data/raw/ZY/ZY15.xls,广告投放,C35,35
historical_600_unknown_rule,ZY15,6,P4,区域,0.0,src_4d43a1bf1514,origin data/VPD-OE_Agent_20260709/VPD-OE_Agent/data/raw/ZY/ZY15.xls,广告投放,D35,35
historical_600_unknown_rule,ZY15,6,P4,国内,0.0,src_4d43a1bf1514,origin data/VPD-OE_Agent_20260709/VPD-OE_Agent/data/raw/ZY/ZY15.xls,广告投放,E35,35
historical_600_unknown_rule,ZY15,6,P4,亚洲,0.0,src_4d43a1bf1514,origin data/VPD-OE_Agent_20260709/VPD-OE_Agent/data/raw/ZY/ZY15.xls,广告投放,F35,35
historical_600_unknown_rule,ZY15,6,P4,国际,0.0,src_4d43a1bf1514,origin data/VPD-OE_Agent_20260709/VPD-OE_Agent/data/raw/ZY/ZY15.xls,广告投放,G35,35
historical_600_unknown_rule,ZY16,2,P1,本地,0.0,src_2f4d529bc792,origin data/VPD-OE_Agent_20260709/VPD-OE_Agent/data/raw/ZY/ZY16.xls,广告投放,C4,4
historical_600_unknown_rule,ZY16,2,P1,区域,0.0,src_2f4d529bc792,origin data/VPD-OE_Agent_20260709/VPD-OE_Agent/data/raw/ZY/ZY16.xls,广告投放,D4,4
historical_600_unknown_rule,ZY16,2,P1,国内,0.0,src_2f4d529bc792,origin data/VPD-OE_Agent_20260709/VPD-OE_Agent/data/raw/ZY/ZY16.xls,广告投放,E4,4
historical_600_unknown_rule,ZY16,2,P1,亚洲,0.0,src_2f4d529bc792,origin data/VPD-OE_Agent_20260709/VPD-OE_Agent/data/raw/ZY/ZY16.xls,广告投放,F4,4
historical_600_unknown_rule,ZY16,2,P1,国际,0.0,src_2f4d529bc792,origin data/VPD-OE_Agent_20260709/VPD-OE_Agent/data/raw/ZY/ZY16.xls,广告投放,G4,4
historical_600_unknown_rule,ZY16,2,P2,本地,38.0,src_2f4d529bc792,origin data/VPD-OE_Agent_20260709/VPD-OE_Agent/data/raw/ZY/ZY16.xls,广告投放,C5,5
historical_600_unknown_rule,ZY16,2,P2,区域,18.0,src_2f4d529bc792,origin data/VPD-OE_Agent_20260709/VPD-OE_Agent/data/raw/ZY/ZY16.xls,广告投放,D5,5
historical_600_unknown_rule,ZY16,2,P2,国内,0.0,src_2f4d529bc792,origin data/VPD-OE_Agent_20260709/VPD-OE_Agent/data/raw/ZY/ZY16.xls,广告投放,E5,5
historical_600_unknown_rule,ZY16,2,P2,亚洲,0.0,src_2f4d529bc792,origin data/VPD-OE_Agent_20260709/VPD-OE_Agent/data/raw/ZY/ZY16.xls,广告投放,F5,5
historical_600_unknown_rule,ZY16,2,P2,国际,0.0,src_2f4d529bc792,origin data/VPD-OE_Agent_20260709/VPD-OE_Agent/data/raw/ZY/ZY16.xls,广告投放,G5,5
historical_600_unknown_rule,ZY16,2,P3,本地,0.0,src_2f4d529bc792,origin data/VPD-OE_Agent_20260709/VPD-OE_Agent/data/raw/ZY/ZY16.xls,广告投放,C6,6
historical_600_unknown_rule,ZY16,2,P3,区域,0.0,src_2f4d529bc792,origin data/VPD-OE_Agent_20260709/VPD-OE_Agent/data/raw/ZY/ZY16.xls,广告投放,D6,6
historical_600_unknown_rule,ZY16,2,P3,国内,0.0,src_2f4d529bc792,origin data/VPD-OE_Agent_20260709/VPD-OE_Agent/data/raw/ZY/ZY16.xls,广告投放,E6,6
historical_600_unknown_rule,ZY16,2,P3,亚洲,0.0,src_2f4d529bc792,origin data/VPD-OE_Agent_20260709/VPD-OE_Agent/data/raw/ZY/ZY16.xls,广告投放,F6,6
historical_600_unknown_rule,ZY16,2,P3,国际,0.0,src_2f4d529bc792,origin data/VPD-OE_Agent_20260709/VPD-OE_Agent/data/raw/ZY/ZY16.xls,广告投放,G6,6
historical_600_unknown_rule,ZY16,2,P4,本地,0.0,src_2f4d529bc792,origin data/VPD-OE_Agent_20260709/VPD-OE_Agent/data/raw/ZY/ZY16.xls,广告投放,C7,7
historical_600_unknown_rule,ZY16,2,P4,区域,0.0,src_2f4d529bc792,origin data/VPD-OE_Agent_20260709/VPD-OE_Agent/data/raw/ZY/ZY16.xls,广告投放,D7,7
historical_600_unknown_rule,ZY16,2,P4,国内,0.0,src_2f4d529bc792,origin data/VPD-OE_Agent_20260709/VPD-OE_Agent/data/raw/ZY/ZY16.xls,广告投放,E7,7
historical_600_unknown_rule,ZY16,2,P4,亚洲,0.0,src_2f4d529bc792,origin data/VPD-OE_Agent_20260709/VPD-OE_Agent/data/raw/ZY/ZY16.xls,广告投放,F7,7
historical_600_unknown_rule,ZY16,2,P4,国际,0.0,src_2f4d529bc792,origin data/VPD-OE_Agent_20260709/VPD-OE_Agent/data/raw/ZY/ZY16.xls,广告投放,G7,7
historical_600_unknown_rule,ZY16,3,P1,本地,0.0,src_2f4d529bc792,origin data/VPD-OE_Agent_20260709/VPD-OE_Agent/data/raw/ZY/ZY16.xls,广告投放,C11,11
historical_600_unknown_rule,ZY16,3,P1,区域,0.0,src_2f4d529bc792,origin data/VPD-OE_Agent_20260709/VPD-OE_Agent/data/raw/ZY/ZY16.xls,广告投放,D11,11
historical_600_unknown_rule,ZY16,3,P1,国内,0.0,src_2f4d529bc792,origin data/VPD-OE_Agent_20260709/VPD-OE_Agent/data/raw/ZY/ZY16.xls,广告投放,E11,11
historical_600_unknown_rule,ZY16,3,P1,亚洲,0.0,src_2f4d529bc792,origin data/VPD-OE_Agent_20260709/VPD-OE_Agent/data/raw/ZY/ZY16.xls,广告投放,F11,11
historical_600_unknown_rule,ZY16,3,P1,国际,0.0,src_2f4d529bc792,origin data/VPD-OE_Agent_20260709/VPD-OE_Agent/data/raw/ZY/ZY16.xls,广告投放,G11,11
historical_600_unknown_rule,ZY16,3,P2,本地,18.0,src_2f4d529bc792,origin data/VPD-OE_Agent_20260709/VPD-OE_Agent/data/raw/ZY/ZY16.xls,广告投放,C12,12
historical_600_unknown_rule,ZY16,3,P2,区域,18.0,src_2f4d529bc792,origin data/VPD-OE_Agent_20260709/VPD-OE_Agent/data/raw/ZY/ZY16.xls,广告投放,D12,12
historical_600_unknown_rule,ZY16,3,P2,国内,18.0,src_2f4d529bc792,origin data/VPD-OE_Agent_20260709/VPD-OE_Agent/data/raw/ZY/ZY16.xls,广告投放,E12,12
historical_600_unknown_rule,ZY16,3,P2,亚洲,0.0,src_2f4d529bc792,origin data/VPD-OE_Agent_20260709/VPD-OE_Agent/data/raw/ZY/ZY16.xls,广告投放,F12,12
historical_600_unknown_rule,ZY16,3,P2,国际,0.0,src_2f4d529bc792,origin data/VPD-OE_Agent_20260709/VPD-OE_Agent/data/raw/ZY/ZY16.xls,广告投放,G12,12
historical_600_unknown_rule,ZY16,3,P3,本地,0.0,src_2f4d529bc792,origin data/VPD-OE_Agent_20260709/VPD-OE_Agent/data/raw/ZY/ZY16.xls,广告投放,C13,13
historical_600_unknown_rule,ZY16,3,P3,区域,0.0,src_2f4d529bc792,origin data/VPD-OE_Agent_20260709/VPD-OE_Agent/data/raw/ZY/ZY16.xls,广告投放,D13,13
historical_600_unknown_rule,ZY16,3,P3,国内,0.0,src_2f4d529bc792,origin data/VPD-OE_Agent_20260709/VPD-OE_Agent/data/raw/ZY/ZY16.xls,广告投放,E13,13
historical_600_unknown_rule,ZY16,3,P3,亚洲,0.0,src_2f4d529bc792,origin data/VPD-OE_Agent_20260709/VPD-OE_Agent/data/raw/ZY/ZY16.xls,广告投放,F13,13
historical_600_unknown_rule,ZY16,3,P3,国际,0.0,src_2f4d529bc792,origin data/VPD-OE_Agent_20260709/VPD-OE_Agent/data/raw/ZY/ZY16.xls,广告投放,G13,13
historical_600_unknown_rule,ZY16,3,P4,本地,0.0,src_2f4d529bc792,origin data/VPD-OE_Agent_20260709/VPD-OE_Agent/data/raw/ZY/ZY16.xls,广告投放,C14,14
historical_600_unknown_rule,ZY16,3,P4,区域,0.0,src_2f4d529bc792,origin data/VPD-OE_Agent_20260709/VPD-OE_Agent/data/raw/ZY/ZY16.xls,广告投放,D14,14
historical_600_unknown_rule,ZY16,3,P4,国内,0.0,src_2f4d529bc792,origin data/VPD-OE_Agent_20260709/VPD-OE_Agent/data/raw/ZY/ZY16.xls,广告投放,E14,14
historical_600_unknown_rule,ZY16,3,P4,亚洲,0.0,src_2f4d529bc792,origin data/VPD-OE_Agent_20260709/VPD-OE_Agent/data/raw/ZY/ZY16.xls,广告投放,F14,14
historical_600_unknown_rule,ZY16,3,P4,国际,0.0,src_2f4d529bc792,origin data/VPD-OE_Agent_20260709/VPD-OE_Agent/data/raw/ZY/ZY16.xls,广告投放,G14,14
historical_600_unknown_rule,ZY16,4,P1,本地,0.0,src_2f4d529bc792,origin data/VPD-OE_Agent_20260709/VPD-OE_Agent/data/raw/ZY/ZY16.xls,广告投放,C18,18
historical_600_unknown_rule,ZY16,4,P1,区域,0.0,src_2f4d529bc792,origin data/VPD-OE_Agent_20260709/VPD-OE_Agent/data/raw/ZY/ZY16.xls,广告投放,D18,18
historical_600_unknown_rule,ZY16,4,P1,国内,0.0,src_2f4d529bc792,origin data/VPD-OE_Agent_20260709/VPD-OE_Agent/data/raw/ZY/ZY16.xls,广告投放,E18,18
historical_600_unknown_rule,ZY16,4,P1,亚洲,0.0,src_2f4d529bc792,origin data/VPD-OE_Agent_20260709/VPD-OE_Agent/data/raw/ZY/ZY16.xls,广告投放,F18,18
historical_600_unknown_rule,ZY16,4,P1,国际,0.0,src_2f4d529bc792,origin data/VPD-OE_Agent_20260709/VPD-OE_Agent/data/raw/ZY/ZY16.xls,广告投放,G18,18
historical_600_unknown_rule,ZY16,4,P2,本地,18.0,src_2f4d529bc792,origin data/VPD-OE_Agent_20260709/VPD-OE_Agent/data/raw/ZY/ZY16.xls,广告投放,C19,19
historical_600_unknown_rule,ZY16,4,P2,区域,38.0,src_2f4d529bc792,origin data/VPD-OE_Agent_20260709/VPD-OE_Agent/data/raw/ZY/ZY16.xls,广告投放,D19,19
historical_600_unknown_rule,ZY16,4,P2,国内,13.0,src_2f4d529bc792,origin data/VPD-OE_Agent_20260709/VPD-OE_Agent/data/raw/ZY/ZY16.xls,广告投放,E19,19
historical_600_unknown_rule,ZY16,4,P2,亚洲,23.0,src_2f4d529bc792,origin data/VPD-OE_Agent_20260709/VPD-OE_Agent/data/raw/ZY/ZY16.xls,广告投放,F19,19
historical_600_unknown_rule,ZY16,4,P2,国际,0.0,src_2f4d529bc792,origin data/VPD-OE_Agent_20260709/VPD-OE_Agent/data/raw/ZY/ZY16.xls,广告投放,G19,19
historical_600_unknown_rule,ZY16,4,P3,本地,0.0,src_2f4d529bc792,origin data/VPD-OE_Agent_20260709/VPD-OE_Agent/data/raw/ZY/ZY16.xls,广告投放,C20,20
historical_600_unknown_rule,ZY16,4,P3,区域,0.0,src_2f4d529bc792,origin data/VPD-OE_Agent_20260709/VPD-OE_Agent/data/raw/ZY/ZY16.xls,广告投放,D20,20
historical_600_unknown_rule,ZY16,4,P3,国内,0.0,src_2f4d529bc792,origin data/VPD-OE_Agent_20260709/VPD-OE_Agent/data/raw/ZY/ZY16.xls,广告投放,E20,20
historical_600_unknown_rule,ZY16,4,P3,亚洲,0.0,src_2f4d529bc792,origin data/VPD-OE_Agent_20260709/VPD-OE_Agent/data/raw/ZY/ZY16.xls,广告投放,F20,20
historical_600_unknown_rule,ZY16,4,P3,国际,0.0,src_2f4d529bc792,origin data/VPD-OE_Agent_20260709/VPD-OE_Agent/data/raw/ZY/ZY16.xls,广告投放,G20,20
historical_600_unknown_rule,ZY16,4,P4,本地,0.0,src_2f4d529bc792,origin data/VPD-OE_Agent_20260709/VPD-OE_Agent/data/raw/ZY/ZY16.xls,广告投放,C21,21
historical_600_unknown_rule,ZY16,4,P4,区域,0.0,src_2f4d529bc792,origin data/VPD-OE_Agent_20260709/VPD-OE_Agent/data/raw/ZY/ZY16.xls,广告投放,D21,21
historical_600_unknown_rule,ZY16,4,P4,国内,0.0,src_2f4d529bc792,origin data/VPD-OE_Agent_20260709/VPD-OE_Agent/data/raw/ZY/ZY16.xls,广告投放,E21,21
historical_600_unknown_rule,ZY16,4,P4,亚洲,0.0,src_2f4d529bc792,origin data/VPD-OE_Agent_20260709/VPD-OE_Agent/data/raw/ZY/ZY16.xls,广告投放,F21,21
historical_600_unknown_rule,ZY16,4,P4,国际,0.0,src_2f4d529bc792,origin data/VPD-OE_Agent_20260709/VPD-OE_Agent/data/raw/ZY/ZY16.xls,广告投放,G21,21
historical_600_unknown_rule,ZY16,5,P1,本地,0.0,src_2f4d529bc792,origin data/VPD-OE_Agent_20260709/VPD-OE_Agent/data/raw/ZY/ZY16.xls,广告投放,C25,25
historical_600_unknown_rule,ZY16,5,P1,区域,0.0,src_2f4d529bc792,origin data/VPD-OE_Agent_20260709/VPD-OE_Agent/data/raw/ZY/ZY16.xls,广告投放,D25,25
historical_600_unknown_rule,ZY16,5,P1,国内,0.0,src_2f4d529bc792,origin data/VPD-OE_Agent_20260709/VPD-OE_Agent/data/raw/ZY/ZY16.xls,广告投放,E25,25
historical_600_unknown_rule,ZY16,5,P1,亚洲,0.0,src_2f4d529bc792,origin data/VPD-OE_Agent_20260709/VPD-OE_Agent/data/raw/ZY/ZY16.xls,广告投放,F25,25
historical_600_unknown_rule,ZY16,5,P1,国际,0.0,src_2f4d529bc792,origin data/VPD-OE_Agent_20260709/VPD-OE_Agent/data/raw/ZY/ZY16.xls,广告投放,G25,25
historical_600_unknown_rule,ZY16,5,P2,本地,0.0,src_2f4d529bc792,origin data/VPD-OE_Agent_20260709/VPD-OE_Agent/data/raw/ZY/ZY16.xls,广告投放,C26,26
historical_600_unknown_rule,ZY16,5,P2,区域,0.0,src_2f4d529bc792,origin data/VPD-OE_Agent_20260709/VPD-OE_Agent/data/raw/ZY/ZY16.xls,广告投放,D26,26
historical_600_unknown_rule,ZY16,5,P2,国内,30.0,src_2f4d529bc792,origin data/VPD-OE_Agent_20260709/VPD-OE_Agent/data/raw/ZY/ZY16.xls,广告投放,E26,26
historical_600_unknown_rule,ZY16,5,P2,亚洲,0.0,src_2f4d529bc792,origin data/VPD-OE_Agent_20260709/VPD-OE_Agent/data/raw/ZY/ZY16.xls,广告投放,F26,26
historical_600_unknown_rule,ZY16,5,P2,国际,13.0,src_2f4d529bc792,origin data/VPD-OE_Agent_20260709/VPD-OE_Agent/data/raw/ZY/ZY16.xls,广告投放,G26,26
historical_600_unknown_rule,ZY16,5,P3,本地,0.0,src_2f4d529bc792,origin data/VPD-OE_Agent_20260709/VPD-OE_Agent/data/raw/ZY/ZY16.xls,广告投放,C27,27
historical_600_unknown_rule,ZY16,5,P3,区域,0.0,src_2f4d529bc792,origin data/VPD-OE_Agent_20260709/VPD-OE_Agent/data/raw/ZY/ZY16.xls,广告投放,D27,27
historical_600_unknown_rule,ZY16,5,P3,国内,0.0,src_2f4d529bc792,origin data/VPD-OE_Agent_20260709/VPD-OE_Agent/data/raw/ZY/ZY16.xls,广告投放,E27,27
historical_600_unknown_rule,ZY16,5,P3,亚洲,0.0,src_2f4d529bc792,origin data/VPD-OE_Agent_20260709/VPD-OE_Agent/data/raw/ZY/ZY16.xls,广告投放,F27,27
historical_600_unknown_rule,ZY16,5,P3,国际,0.0,src_2f4d529bc792,origin data/VPD-OE_Agent_20260709/VPD-OE_Agent/data/raw/ZY/ZY16.xls,广告投放,G27,27
historical_600_unknown_rule,ZY16,5,P4,本地,0.0,src_2f4d529bc792,origin data/VPD-OE_Agent_20260709/VPD-OE_Agent/data/raw/ZY/ZY16.xls,广告投放,C28,28
historical_600_unknown_rule,ZY16,5,P4,区域,0.0,src_2f4d529bc792,origin data/VPD-OE_Agent_20260709/VPD-OE_Agent/data/raw/ZY/ZY16.xls,广告投放,D28,28
historical_600_unknown_rule,ZY16,5,P4,国内,0.0,src_2f4d529bc792,origin data/VPD-OE_Agent_20260709/VPD-OE_Agent/data/raw/ZY/ZY16.xls,广告投放,E28,28
historical_600_unknown_rule,ZY16,5,P4,亚洲,0.0,src_2f4d529bc792,origin data/VPD-OE_Agent_20260709/VPD-OE_Agent/data/raw/ZY/ZY16.xls,广告投放,F28,28
historical_600_unknown_rule,ZY16,5,P4,国际,0.0,src_2f4d529bc792,origin data/VPD-OE_Agent_20260709/VPD-OE_Agent/data/raw/ZY/ZY16.xls,广告投放,G28,28
historical_600_unknown_rule,ZY16,6,P1,本地,0.0,src_2f4d529bc792,origin data/VPD-OE_Agent_20260709/VPD-OE_Agent/data/raw/ZY/ZY16.xls,广告投放,C32,32
historical_600_unknown_rule,ZY16,6,P1,区域,0.0,src_2f4d529bc792,origin data/VPD-OE_Agent_20260709/VPD-OE_Agent/data/raw/ZY/ZY16.xls,广告投放,D32,32
historical_600_unknown_rule,ZY16,6,P1,国内,0.0,src_2f4d529bc792,origin data/VPD-OE_Agent_20260709/VPD-OE_Agent/data/raw/ZY/ZY16.xls,广告投放,E32,32
historical_600_unknown_rule,ZY16,6,P1,亚洲,0.0,src_2f4d529bc792,origin data/VPD-OE_Agent_20260709/VPD-OE_Agent/data/raw/ZY/ZY16.xls,广告投放,F32,32
historical_600_unknown_rule,ZY16,6,P1,国际,0.0,src_2f4d529bc792,origin data/VPD-OE_Agent_20260709/VPD-OE_Agent/data/raw/ZY/ZY16.xls,广告投放,G32,32
historical_600_unknown_rule,ZY16,6,P2,本地,0.0,src_2f4d529bc792,origin data/VPD-OE_Agent_20260709/VPD-OE_Agent/data/raw/ZY/ZY16.xls,广告投放,C33,33
historical_600_unknown_rule,ZY16,6,P2,区域,0.0,src_2f4d529bc792,origin data/VPD-OE_Agent_20260709/VPD-OE_Agent/data/raw/ZY/ZY16.xls,广告投放,D33,33
historical_600_unknown_rule,ZY16,6,P2,国内,0.0,src_2f4d529bc792,origin data/VPD-OE_Agent_20260709/VPD-OE_Agent/data/raw/ZY/ZY16.xls,广告投放,E33,33
historical_600_unknown_rule,ZY16,6,P2,亚洲,0.0,src_2f4d529bc792,origin data/VPD-OE_Agent_20260709/VPD-OE_Agent/data/raw/ZY/ZY16.xls,广告投放,F33,33
historical_600_unknown_rule,ZY16,6,P2,国际,0.0,src_2f4d529bc792,origin data/VPD-OE_Agent_20260709/VPD-OE_Agent/data/raw/ZY/ZY16.xls,广告投放,G33,33
historical_600_unknown_rule,ZY16,6,P3,本地,0.0,src_2f4d529bc792,origin data/VPD-OE_Agent_20260709/VPD-OE_Agent/data/raw/ZY/ZY16.xls,广告投放,C34,34
historical_600_unknown_rule,ZY16,6,P3,区域,0.0,src_2f4d529bc792,origin data/VPD-OE_Agent_20260709/VPD-OE_Agent/data/raw/ZY/ZY16.xls,广告投放,D34,34
historical_600_unknown_rule,ZY16,6,P3,国内,0.0,src_2f4d529bc792,origin data/VPD-OE_Agent_20260709/VPD-OE_Agent/data/raw/ZY/ZY16.xls,广告投放,E34,34
historical_600_unknown_rule,ZY16,6,P3,亚洲,0.0,src_2f4d529bc792,origin data/VPD-OE_Agent_20260709/VPD-OE_Agent/data/raw/ZY/ZY16.xls,广告投放,F34,34
historical_600_unknown_rule,ZY16,6,P3,国际,0.0,src_2f4d529bc792,origin data/VPD-OE_Agent_20260709/VPD-OE_Agent/data/raw/ZY/ZY16.xls,广告投放,G34,34
historical_600_unknown_rule,ZY16,6,P4,本地,0.0,src_2f4d529bc792,origin data/VPD-OE_Agent_20260709/VPD-OE_Agent/data/raw/ZY/ZY16.xls,广告投放,C35,35
historical_600_unknown_rule,ZY16,6,P4,区域,0.0,src_2f4d529bc792,origin data/VPD-OE_Agent_20260709/VPD-OE_Agent/data/raw/ZY/ZY16.xls,广告投放,D35,35
historical_600_unknown_rule,ZY16,6,P4,国内,0.0,src_2f4d529bc792,origin data/VPD-OE_Agent_20260709/VPD-OE_Agent/data/raw/ZY/ZY16.xls,广告投放,E35,35
historical_600_unknown_rule,ZY16,6,P4,亚洲,0.0,src_2f4d529bc792,origin data/VPD-OE_Agent_20260709/VPD-OE_Agent/data/raw/ZY/ZY16.xls,广告投放,F35,35
historical_600_unknown_rule,ZY16,6,P4,国际,0.0,src_2f4d529bc792,origin data/VPD-OE_Agent_20260709/VPD-OE_Agent/data/raw/ZY/ZY16.xls,广告投放,G35,35
historical_600_unknown_rule,ZY17,2,P1,本地,0.0,src_6d538319baf4,origin data/VPD-OE_Agent_20260709/VPD-OE_Agent/data/raw/ZY/ZY17.xls,广告投放,C4,4
historical_600_unknown_rule,ZY17,2,P1,区域,0.0,src_6d538319baf4,origin data/VPD-OE_Agent_20260709/VPD-OE_Agent/data/raw/ZY/ZY17.xls,广告投放,D4,4
historical_600_unknown_rule,ZY17,2,P1,国内,0.0,src_6d538319baf4,origin data/VPD-OE_Agent_20260709/VPD-OE_Agent/data/raw/ZY/ZY17.xls,广告投放,E4,4
historical_600_unknown_rule,ZY17,2,P1,亚洲,0.0,src_6d538319baf4,origin data/VPD-OE_Agent_20260709/VPD-OE_Agent/data/raw/ZY/ZY17.xls,广告投放,F4,4
historical_600_unknown_rule,ZY17,2,P1,国际,0.0,src_6d538319baf4,origin data/VPD-OE_Agent_20260709/VPD-OE_Agent/data/raw/ZY/ZY17.xls,广告投放,G4,4
historical_600_unknown_rule,ZY17,2,P2,本地,0.0,src_6d538319baf4,origin data/VPD-OE_Agent_20260709/VPD-OE_Agent/data/raw/ZY/ZY17.xls,广告投放,C5,5
historical_600_unknown_rule,ZY17,2,P2,区域,0.0,src_6d538319baf4,origin data/VPD-OE_Agent_20260709/VPD-OE_Agent/data/raw/ZY/ZY17.xls,广告投放,D5,5
historical_600_unknown_rule,ZY17,2,P2,国内,0.0,src_6d538319baf4,origin data/VPD-OE_Agent_20260709/VPD-OE_Agent/data/raw/ZY/ZY17.xls,广告投放,E5,5
historical_600_unknown_rule,ZY17,2,P2,亚洲,0.0,src_6d538319baf4,origin data/VPD-OE_Agent_20260709/VPD-OE_Agent/data/raw/ZY/ZY17.xls,广告投放,F5,5
historical_600_unknown_rule,ZY17,2,P2,国际,0.0,src_6d538319baf4,origin data/VPD-OE_Agent_20260709/VPD-OE_Agent/data/raw/ZY/ZY17.xls,广告投放,G5,5
historical_600_unknown_rule,ZY17,2,P3,本地,0.0,src_6d538319baf4,origin data/VPD-OE_Agent_20260709/VPD-OE_Agent/data/raw/ZY/ZY17.xls,广告投放,C6,6
historical_600_unknown_rule,ZY17,2,P3,区域,0.0,src_6d538319baf4,origin data/VPD-OE_Agent_20260709/VPD-OE_Agent/data/raw/ZY/ZY17.xls,广告投放,D6,6
historical_600_unknown_rule,ZY17,2,P3,国内,0.0,src_6d538319baf4,origin data/VPD-OE_Agent_20260709/VPD-OE_Agent/data/raw/ZY/ZY17.xls,广告投放,E6,6
historical_600_unknown_rule,ZY17,2,P3,亚洲,0.0,src_6d538319baf4,origin data/VPD-OE_Agent_20260709/VPD-OE_Agent/data/raw/ZY/ZY17.xls,广告投放,F6,6
historical_600_unknown_rule,ZY17,2,P3,国际,0.0,src_6d538319baf4,origin data/VPD-OE_Agent_20260709/VPD-OE_Agent/data/raw/ZY/ZY17.xls,广告投放,G6,6
historical_600_unknown_rule,ZY17,2,P4,本地,32.0,src_6d538319baf4,origin data/VPD-OE_Agent_20260709/VPD-OE_Agent/data/raw/ZY/ZY17.xls,广告投放,C7,7
historical_600_unknown_rule,ZY17,2,P4,区域,10.0,src_6d538319baf4,origin data/VPD-OE_Agent_20260709/VPD-OE_Agent/data/raw/ZY/ZY17.xls,广告投放,D7,7
historical_600_unknown_rule,ZY17,2,P4,国内,0.0,src_6d538319baf4,origin data/VPD-OE_Agent_20260709/VPD-OE_Agent/data/raw/ZY/ZY17.xls,广告投放,E7,7
historical_600_unknown_rule,ZY17,2,P4,亚洲,0.0,src_6d538319baf4,origin data/VPD-OE_Agent_20260709/VPD-OE_Agent/data/raw/ZY/ZY17.xls,广告投放,F7,7
historical_600_unknown_rule,ZY17,2,P4,国际,0.0,src_6d538319baf4,origin data/VPD-OE_Agent_20260709/VPD-OE_Agent/data/raw/ZY/ZY17.xls,广告投放,G7,7
historical_600_unknown_rule,ZY17,3,P1,本地,0.0,src_6d538319baf4,origin data/VPD-OE_Agent_20260709/VPD-OE_Agent/data/raw/ZY/ZY17.xls,广告投放,C11,11
historical_600_unknown_rule,ZY17,3,P1,区域,0.0,src_6d538319baf4,origin data/VPD-OE_Agent_20260709/VPD-OE_Agent/data/raw/ZY/ZY17.xls,广告投放,D11,11
historical_600_unknown_rule,ZY17,3,P1,国内,0.0,src_6d538319baf4,origin data/VPD-OE_Agent_20260709/VPD-OE_Agent/data/raw/ZY/ZY17.xls,广告投放,E11,11
historical_600_unknown_rule,ZY17,3,P1,亚洲,0.0,src_6d538319baf4,origin data/VPD-OE_Agent_20260709/VPD-OE_Agent/data/raw/ZY/ZY17.xls,广告投放,F11,11
historical_600_unknown_rule,ZY17,3,P1,国际,0.0,src_6d538319baf4,origin data/VPD-OE_Agent_20260709/VPD-OE_Agent/data/raw/ZY/ZY17.xls,广告投放,G11,11
historical_600_unknown_rule,ZY17,3,P2,本地,0.0,src_6d538319baf4,origin data/VPD-OE_Agent_20260709/VPD-OE_Agent/data/raw/ZY/ZY17.xls,广告投放,C12,12
historical_600_unknown_rule,ZY17,3,P2,区域,0.0,src_6d538319baf4,origin data/VPD-OE_Agent_20260709/VPD-OE_Agent/data/raw/ZY/ZY17.xls,广告投放,D12,12
historical_600_unknown_rule,ZY17,3,P2,国内,0.0,src_6d538319baf4,origin data/VPD-OE_Agent_20260709/VPD-OE_Agent/data/raw/ZY/ZY17.xls,广告投放,E12,12
historical_600_unknown_rule,ZY17,3,P2,亚洲,0.0,src_6d538319baf4,origin data/VPD-OE_Agent_20260709/VPD-OE_Agent/data/raw/ZY/ZY17.xls,广告投放,F12,12
historical_600_unknown_rule,ZY17,3,P2,国际,0.0,src_6d538319baf4,origin data/VPD-OE_Agent_20260709/VPD-OE_Agent/data/raw/ZY/ZY17.xls,广告投放,G12,12
historical_600_unknown_rule,ZY17,3,P3,本地,0.0,src_6d538319baf4,origin data/VPD-OE_Agent_20260709/VPD-OE_Agent/data/raw/ZY/ZY17.xls,广告投放,C13,13
historical_600_unknown_rule,ZY17,3,P3,区域,0.0,src_6d538319baf4,origin data/VPD-OE_Agent_20260709/VPD-OE_Agent/data/raw/ZY/ZY17.xls,广告投放,D13,13
historical_600_unknown_rule,ZY17,3,P3,国内,0.0,src_6d538319baf4,origin data/VPD-OE_Agent_20260709/VPD-OE_Agent/data/raw/ZY/ZY17.xls,广告投放,E13,13
historical_600_unknown_rule,ZY17,3,P3,亚洲,0.0,src_6d538319baf4,origin data/VPD-OE_Agent_20260709/VPD-OE_Agent/data/raw/ZY/ZY17.xls,广告投放,F13,13
historical_600_unknown_rule,ZY17,3,P3,国际,0.0,src_6d538319baf4,origin data/VPD-OE_Agent_20260709/VPD-OE_Agent/data/raw/ZY/ZY17.xls,广告投放,G13,13
historical_600_unknown_rule,ZY17,3,P4,本地,17.0,src_6d538319baf4,origin data/VPD-OE_Agent_20260709/VPD-OE_Agent/data/raw/ZY/ZY17.xls,广告投放,C14,14
historical_600_unknown_rule,ZY17,3,P4,区域,13.0,src_6d538319baf4,origin data/VPD-OE_Agent_20260709/VPD-OE_Agent/data/raw/ZY/ZY17.xls,广告投放,D14,14
historical_600_unknown_rule,ZY17,3,P4,国内,13.0,src_6d538319baf4,origin data/VPD-OE_Agent_20260709/VPD-OE_Agent/data/raw/ZY/ZY17.xls,广告投放,E14,14
historical_600_unknown_rule,ZY17,3,P4,亚洲,0.0,src_6d538319baf4,origin data/VPD-OE_Agent_20260709/VPD-OE_Agent/data/raw/ZY/ZY17.xls,广告投放,F14,14
historical_600_unknown_rule,ZY17,3,P4,国际,0.0,src_6d538319baf4,origin data/VPD-OE_Agent_20260709/VPD-OE_Agent/data/raw/ZY/ZY17.xls,广告投放,G14,14
historical_600_unknown_rule,ZY17,4,P1,本地,0.0,src_6d538319baf4,origin data/VPD-OE_Agent_20260709/VPD-OE_Agent/data/raw/ZY/ZY17.xls,广告投放,C18,18
historical_600_unknown_rule,ZY17,4,P1,区域,0.0,src_6d538319baf4,origin data/VPD-OE_Agent_20260709/VPD-OE_Agent/data/raw/ZY/ZY17.xls,广告投放,D18,18
historical_600_unknown_rule,ZY17,4,P1,国内,0.0,src_6d538319baf4,origin data/VPD-OE_Agent_20260709/VPD-OE_Agent/data/raw/ZY/ZY17.xls,广告投放,E18,18
historical_600_unknown_rule,ZY17,4,P1,亚洲,0.0,src_6d538319baf4,origin data/VPD-OE_Agent_20260709/VPD-OE_Agent/data/raw/ZY/ZY17.xls,广告投放,F18,18
historical_600_unknown_rule,ZY17,4,P1,国际,0.0,src_6d538319baf4,origin data/VPD-OE_Agent_20260709/VPD-OE_Agent/data/raw/ZY/ZY17.xls,广告投放,G18,18
historical_600_unknown_rule,ZY17,4,P2,本地,0.0,src_6d538319baf4,origin data/VPD-OE_Agent_20260709/VPD-OE_Agent/data/raw/ZY/ZY17.xls,广告投放,C19,19
historical_600_unknown_rule,ZY17,4,P2,区域,0.0,src_6d538319baf4,origin data/VPD-OE_Agent_20260709/VPD-OE_Agent/data/raw/ZY/ZY17.xls,广告投放,D19,19
historical_600_unknown_rule,ZY17,4,P2,国内,0.0,src_6d538319baf4,origin data/VPD-OE_Agent_20260709/VPD-OE_Agent/data/raw/ZY/ZY17.xls,广告投放,E19,19
historical_600_unknown_rule,ZY17,4,P2,亚洲,0.0,src_6d538319baf4,origin data/VPD-OE_Agent_20260709/VPD-OE_Agent/data/raw/ZY/ZY17.xls,广告投放,F19,19
historical_600_unknown_rule,ZY17,4,P2,国际,0.0,src_6d538319baf4,origin data/VPD-OE_Agent_20260709/VPD-OE_Agent/data/raw/ZY/ZY17.xls,广告投放,G19,19
historical_600_unknown_rule,ZY17,4,P3,本地,0.0,src_6d538319baf4,origin data/VPD-OE_Agent_20260709/VPD-OE_Agent/data/raw/ZY/ZY17.xls,广告投放,C20,20
historical_600_unknown_rule,ZY17,4,P3,区域,0.0,src_6d538319baf4,origin data/VPD-OE_Agent_20260709/VPD-OE_Agent/data/raw/ZY/ZY17.xls,广告投放,D20,20
historical_600_unknown_rule,ZY17,4,P3,国内,0.0,src_6d538319baf4,origin data/VPD-OE_Agent_20260709/VPD-OE_Agent/data/raw/ZY/ZY17.xls,广告投放,E20,20
historical_600_unknown_rule,ZY17,4,P3,亚洲,0.0,src_6d538319baf4,origin data/VPD-OE_Agent_20260709/VPD-OE_Agent/data/raw/ZY/ZY17.xls,广告投放,F20,20
historical_600_unknown_rule,ZY17,4,P3,国际,0.0,src_6d538319baf4,origin data/VPD-OE_Agent_20260709/VPD-OE_Agent/data/raw/ZY/ZY17.xls,广告投放,G20,20
historical_600_unknown_rule,ZY17,4,P4,本地,12.0,src_6d538319baf4,origin data/VPD-OE_Agent_20260709/VPD-OE_Agent/data/raw/ZY/ZY17.xls,广告投放,C21,21
historical_600_unknown_rule,ZY17,4,P4,区域,12.0,src_6d538319baf4,origin data/VPD-OE_Agent_20260709/VPD-OE_Agent/data/raw/ZY/ZY17.xls,广告投放,D21,21
historical_600_unknown_rule,ZY17,4,P4,国内,12.0,src_6d538319baf4,origin data/VPD-OE_Agent_20260709/VPD-OE_Agent/data/raw/ZY/ZY17.xls,广告投放,E21,21
historical_600_unknown_rule,ZY17,4,P4,亚洲,12.0,src_6d538319baf4,origin data/VPD-OE_Agent_20260709/VPD-OE_Agent/data/raw/ZY/ZY17.xls,广告投放,F21,21
historical_600_unknown_rule,ZY17,4,P4,国际,0.0,src_6d538319baf4,origin data/VPD-OE_Agent_20260709/VPD-OE_Agent/data/raw/ZY/ZY17.xls,广告投放,G21,21
historical_600_unknown_rule,ZY17,5,P1,本地,0.0,src_6d538319baf4,origin data/VPD-OE_Agent_20260709/VPD-OE_Agent/data/raw/ZY/ZY17.xls,广告投放,C25,25
historical_600_unknown_rule,ZY17,5,P1,区域,0.0,src_6d538319baf4,origin data/VPD-OE_Agent_20260709/VPD-OE_Agent/data/raw/ZY/ZY17.xls,广告投放,D25,25
historical_600_unknown_rule,ZY17,5,P1,国内,0.0,src_6d538319baf4,origin data/VPD-OE_Agent_20260709/VPD-OE_Agent/data/raw/ZY/ZY17.xls,广告投放,E25,25
historical_600_unknown_rule,ZY17,5,P1,亚洲,0.0,src_6d538319baf4,origin data/VPD-OE_Agent_20260709/VPD-OE_Agent/data/raw/ZY/ZY17.xls,广告投放,F25,25
historical_600_unknown_rule,ZY17,5,P1,国际,10.0,src_6d538319baf4,origin data/VPD-OE_Agent_20260709/VPD-OE_Agent/data/raw/ZY/ZY17.xls,广告投放,G25,25
historical_600_unknown_rule,ZY17,5,P2,本地,0.0,src_6d538319baf4,origin data/VPD-OE_Agent_20260709/VPD-OE_Agent/data/raw/ZY/ZY17.xls,广告投放,C26,26
historical_600_unknown_rule,ZY17,5,P2,区域,0.0,src_6d538319baf4,origin data/VPD-OE_Agent_20260709/VPD-OE_Agent/data/raw/ZY/ZY17.xls,广告投放,D26,26
historical_600_unknown_rule,ZY17,5,P2,国内,0.0,src_6d538319baf4,origin data/VPD-OE_Agent_20260709/VPD-OE_Agent/data/raw/ZY/ZY17.xls,广告投放,E26,26
historical_600_unknown_rule,ZY17,5,P2,亚洲,0.0,src_6d538319baf4,origin data/VPD-OE_Agent_20260709/VPD-OE_Agent/data/raw/ZY/ZY17.xls,广告投放,F26,26
historical_600_unknown_rule,ZY17,5,P2,国际,0.0,src_6d538319baf4,origin data/VPD-OE_Agent_20260709/VPD-OE_Agent/data/raw/ZY/ZY17.xls,广告投放,G26,26
historical_600_unknown_rule,ZY17,5,P3,本地,0.0,src_6d538319baf4,origin data/VPD-OE_Agent_20260709/VPD-OE_Agent/data/raw/ZY/ZY17.xls,广告投放,C27,27
historical_600_unknown_rule,ZY17,5,P3,区域,0.0,src_6d538319baf4,origin data/VPD-OE_Agent_20260709/VPD-OE_Agent/data/raw/ZY/ZY17.xls,广告投放,D27,27
historical_600_unknown_rule,ZY17,5,P3,国内,0.0,src_6d538319baf4,origin data/VPD-OE_Agent_20260709/VPD-OE_Agent/data/raw/ZY/ZY17.xls,广告投放,E27,27
historical_600_unknown_rule,ZY17,5,P3,亚洲,0.0,src_6d538319baf4,origin data/VPD-OE_Agent_20260709/VPD-OE_Agent/data/raw/ZY/ZY17.xls,广告投放,F27,27
historical_600_unknown_rule,ZY17,5,P3,国际,0.0,src_6d538319baf4,origin data/VPD-OE_Agent_20260709/VPD-OE_Agent/data/raw/ZY/ZY17.xls,广告投放,G27,27
historical_600_unknown_rule,ZY17,5,P4,本地,20.0,src_6d538319baf4,origin data/VPD-OE_Agent_20260709/VPD-OE_Agent/data/raw/ZY/ZY17.xls,广告投放,C28,28
historical_600_unknown_rule,ZY17,5,P4,区域,20.0,src_6d538319baf4,origin data/VPD-OE_Agent_20260709/VPD-OE_Agent/data/raw/ZY/ZY17.xls,广告投放,D28,28
historical_600_unknown_rule,ZY17,5,P4,国内,30.0,src_6d538319baf4,origin data/VPD-OE_Agent_20260709/VPD-OE_Agent/data/raw/ZY/ZY17.xls,广告投放,E28,28
historical_600_unknown_rule,ZY17,5,P4,亚洲,30.0,src_6d538319baf4,origin data/VPD-OE_Agent_20260709/VPD-OE_Agent/data/raw/ZY/ZY17.xls,广告投放,F28,28
historical_600_unknown_rule,ZY17,5,P4,国际,0.0,src_6d538319baf4,origin data/VPD-OE_Agent_20260709/VPD-OE_Agent/data/raw/ZY/ZY17.xls,广告投放,G28,28
historical_600_unknown_rule,ZY17,6,P1,本地,0.0,src_6d538319baf4,origin data/VPD-OE_Agent_20260709/VPD-OE_Agent/data/raw/ZY/ZY17.xls,广告投放,C32,32
historical_600_unknown_rule,ZY17,6,P1,区域,0.0,src_6d538319baf4,origin data/VPD-OE_Agent_20260709/VPD-OE_Agent/data/raw/ZY/ZY17.xls,广告投放,D32,32
historical_600_unknown_rule,ZY17,6,P1,国内,0.0,src_6d538319baf4,origin data/VPD-OE_Agent_20260709/VPD-OE_Agent/data/raw/ZY/ZY17.xls,广告投放,E32,32
historical_600_unknown_rule,ZY17,6,P1,亚洲,0.0,src_6d538319baf4,origin data/VPD-OE_Agent_20260709/VPD-OE_Agent/data/raw/ZY/ZY17.xls,广告投放,F32,32
historical_600_unknown_rule,ZY17,6,P1,国际,0.0,src_6d538319baf4,origin data/VPD-OE_Agent_20260709/VPD-OE_Agent/data/raw/ZY/ZY17.xls,广告投放,G32,32
historical_600_unknown_rule,ZY17,6,P2,本地,0.0,src_6d538319baf4,origin data/VPD-OE_Agent_20260709/VPD-OE_Agent/data/raw/ZY/ZY17.xls,广告投放,C33,33
historical_600_unknown_rule,ZY17,6,P2,区域,0.0,src_6d538319baf4,origin data/VPD-OE_Agent_20260709/VPD-OE_Agent/data/raw/ZY/ZY17.xls,广告投放,D33,33
historical_600_unknown_rule,ZY17,6,P2,国内,0.0,src_6d538319baf4,origin data/VPD-OE_Agent_20260709/VPD-OE_Agent/data/raw/ZY/ZY17.xls,广告投放,E33,33
historical_600_unknown_rule,ZY17,6,P2,亚洲,0.0,src_6d538319baf4,origin data/VPD-OE_Agent_20260709/VPD-OE_Agent/data/raw/ZY/ZY17.xls,广告投放,F33,33
historical_600_unknown_rule,ZY17,6,P2,国际,0.0,src_6d538319baf4,origin data/VPD-OE_Agent_20260709/VPD-OE_Agent/data/raw/ZY/ZY17.xls,广告投放,G33,33
historical_600_unknown_rule,ZY17,6,P3,本地,0.0,src_6d538319baf4,origin data/VPD-OE_Agent_20260709/VPD-OE_Agent/data/raw/ZY/ZY17.xls,广告投放,C34,34
historical_600_unknown_rule,ZY17,6,P3,区域,0.0,src_6d538319baf4,origin data/VPD-OE_Agent_20260709/VPD-OE_Agent/data/raw/ZY/ZY17.xls,广告投放,D34,34
historical_600_unknown_rule,ZY17,6,P3,国内,0.0,src_6d538319baf4,origin data/VPD-OE_Agent_20260709/VPD-OE_Agent/data/raw/ZY/ZY17.xls,广告投放,E34,34
historical_600_unknown_rule,ZY17,6,P3,亚洲,0.0,src_6d538319baf4,origin data/VPD-OE_Agent_20260709/VPD-OE_Agent/data/raw/ZY/ZY17.xls,广告投放,F34,34
historical_600_unknown_rule,ZY17,6,P3,国际,0.0,src_6d538319baf4,origin data/VPD-OE_Agent_20260709/VPD-OE_Agent/data/raw/ZY/ZY17.xls,广告投放,G34,34
historical_600_unknown_rule,ZY17,6,P4,本地,0.0,src_6d538319baf4,origin data/VPD-OE_Agent_20260709/VPD-OE_Agent/data/raw/ZY/ZY17.xls,广告投放,C35,35
historical_600_unknown_rule,ZY17,6,P4,区域,0.0,src_6d538319baf4,origin data/VPD-OE_Agent_20260709/VPD-OE_Agent/data/raw/ZY/ZY17.xls,广告投放,D35,35
historical_600_unknown_rule,ZY17,6,P4,国内,0.0,src_6d538319baf4,origin data/VPD-OE_Agent_20260709/VPD-OE_Agent/data/raw/ZY/ZY17.xls,广告投放,E35,35
historical_600_unknown_rule,ZY17,6,P4,亚洲,0.0,src_6d538319baf4,origin data/VPD-OE_Agent_20260709/VPD-OE_Agent/data/raw/ZY/ZY17.xls,广告投放,F35,35
historical_600_unknown_rule,ZY17,6,P4,国际,0.0,src_6d538319baf4,origin data/VPD-OE_Agent_20260709/VPD-OE_Agent/data/raw/ZY/ZY17.xls,广告投放,G35,35
historical_600_unknown_rule,ZY18,2,P1,本地,0.0,src_0b7d3b6dcc61,origin data/VPD-OE_Agent_20260709/VPD-OE_Agent/data/raw/ZY/ZY18.xls,广告投放,C4,4
historical_600_unknown_rule,ZY18,2,P1,区域,0.0,src_0b7d3b6dcc61,origin data/VPD-OE_Agent_20260709/VPD-OE_Agent/data/raw/ZY/ZY18.xls,广告投放,D4,4
historical_600_unknown_rule,ZY18,2,P1,国内,0.0,src_0b7d3b6dcc61,origin data/VPD-OE_Agent_20260709/VPD-OE_Agent/data/raw/ZY/ZY18.xls,广告投放,E4,4
historical_600_unknown_rule,ZY18,2,P1,亚洲,0.0,src_0b7d3b6dcc61,origin data/VPD-OE_Agent_20260709/VPD-OE_Agent/data/raw/ZY/ZY18.xls,广告投放,F4,4
historical_600_unknown_rule,ZY18,2,P1,国际,0.0,src_0b7d3b6dcc61,origin data/VPD-OE_Agent_20260709/VPD-OE_Agent/data/raw/ZY/ZY18.xls,广告投放,G4,4
historical_600_unknown_rule,ZY18,2,P2,本地,0.0,src_0b7d3b6dcc61,origin data/VPD-OE_Agent_20260709/VPD-OE_Agent/data/raw/ZY/ZY18.xls,广告投放,C5,5
historical_600_unknown_rule,ZY18,2,P2,区域,0.0,src_0b7d3b6dcc61,origin data/VPD-OE_Agent_20260709/VPD-OE_Agent/data/raw/ZY/ZY18.xls,广告投放,D5,5
historical_600_unknown_rule,ZY18,2,P2,国内,0.0,src_0b7d3b6dcc61,origin data/VPD-OE_Agent_20260709/VPD-OE_Agent/data/raw/ZY/ZY18.xls,广告投放,E5,5
historical_600_unknown_rule,ZY18,2,P2,亚洲,0.0,src_0b7d3b6dcc61,origin data/VPD-OE_Agent_20260709/VPD-OE_Agent/data/raw/ZY/ZY18.xls,广告投放,F5,5
historical_600_unknown_rule,ZY18,2,P2,国际,0.0,src_0b7d3b6dcc61,origin data/VPD-OE_Agent_20260709/VPD-OE_Agent/data/raw/ZY/ZY18.xls,广告投放,G5,5
historical_600_unknown_rule,ZY18,2,P3,本地,0.0,src_0b7d3b6dcc61,origin data/VPD-OE_Agent_20260709/VPD-OE_Agent/data/raw/ZY/ZY18.xls,广告投放,C6,6
historical_600_unknown_rule,ZY18,2,P3,区域,0.0,src_0b7d3b6dcc61,origin data/VPD-OE_Agent_20260709/VPD-OE_Agent/data/raw/ZY/ZY18.xls,广告投放,D6,6
historical_600_unknown_rule,ZY18,2,P3,国内,0.0,src_0b7d3b6dcc61,origin data/VPD-OE_Agent_20260709/VPD-OE_Agent/data/raw/ZY/ZY18.xls,广告投放,E6,6
historical_600_unknown_rule,ZY18,2,P3,亚洲,0.0,src_0b7d3b6dcc61,origin data/VPD-OE_Agent_20260709/VPD-OE_Agent/data/raw/ZY/ZY18.xls,广告投放,F6,6
historical_600_unknown_rule,ZY18,2,P3,国际,0.0,src_0b7d3b6dcc61,origin data/VPD-OE_Agent_20260709/VPD-OE_Agent/data/raw/ZY/ZY18.xls,广告投放,G6,6
historical_600_unknown_rule,ZY18,2,P4,本地,0.0,src_0b7d3b6dcc61,origin data/VPD-OE_Agent_20260709/VPD-OE_Agent/data/raw/ZY/ZY18.xls,广告投放,C7,7
historical_600_unknown_rule,ZY18,2,P4,区域,0.0,src_0b7d3b6dcc61,origin data/VPD-OE_Agent_20260709/VPD-OE_Agent/data/raw/ZY/ZY18.xls,广告投放,D7,7
historical_600_unknown_rule,ZY18,2,P4,国内,0.0,src_0b7d3b6dcc61,origin data/VPD-OE_Agent_20260709/VPD-OE_Agent/data/raw/ZY/ZY18.xls,广告投放,E7,7
historical_600_unknown_rule,ZY18,2,P4,亚洲,0.0,src_0b7d3b6dcc61,origin data/VPD-OE_Agent_20260709/VPD-OE_Agent/data/raw/ZY/ZY18.xls,广告投放,F7,7
historical_600_unknown_rule,ZY18,2,P4,国际,0.0,src_0b7d3b6dcc61,origin data/VPD-OE_Agent_20260709/VPD-OE_Agent/data/raw/ZY/ZY18.xls,广告投放,G7,7
historical_600_unknown_rule,ZY18,3,P1,本地,0.0,src_0b7d3b6dcc61,origin data/VPD-OE_Agent_20260709/VPD-OE_Agent/data/raw/ZY/ZY18.xls,广告投放,C11,11
historical_600_unknown_rule,ZY18,3,P1,区域,0.0,src_0b7d3b6dcc61,origin data/VPD-OE_Agent_20260709/VPD-OE_Agent/data/raw/ZY/ZY18.xls,广告投放,D11,11
historical_600_unknown_rule,ZY18,3,P1,国内,0.0,src_0b7d3b6dcc61,origin data/VPD-OE_Agent_20260709/VPD-OE_Agent/data/raw/ZY/ZY18.xls,广告投放,E11,11
historical_600_unknown_rule,ZY18,3,P1,亚洲,0.0,src_0b7d3b6dcc61,origin data/VPD-OE_Agent_20260709/VPD-OE_Agent/data/raw/ZY/ZY18.xls,广告投放,F11,11
historical_600_unknown_rule,ZY18,3,P1,国际,0.0,src_0b7d3b6dcc61,origin data/VPD-OE_Agent_20260709/VPD-OE_Agent/data/raw/ZY/ZY18.xls,广告投放,G11,11
historical_600_unknown_rule,ZY18,3,P2,本地,0.0,src_0b7d3b6dcc61,origin data/VPD-OE_Agent_20260709/VPD-OE_Agent/data/raw/ZY/ZY18.xls,广告投放,C12,12
historical_600_unknown_rule,ZY18,3,P2,区域,0.0,src_0b7d3b6dcc61,origin data/VPD-OE_Agent_20260709/VPD-OE_Agent/data/raw/ZY/ZY18.xls,广告投放,D12,12
historical_600_unknown_rule,ZY18,3,P2,国内,0.0,src_0b7d3b6dcc61,origin data/VPD-OE_Agent_20260709/VPD-OE_Agent/data/raw/ZY/ZY18.xls,广告投放,E12,12
historical_600_unknown_rule,ZY18,3,P2,亚洲,0.0,src_0b7d3b6dcc61,origin data/VPD-OE_Agent_20260709/VPD-OE_Agent/data/raw/ZY/ZY18.xls,广告投放,F12,12
historical_600_unknown_rule,ZY18,3,P2,国际,0.0,src_0b7d3b6dcc61,origin data/VPD-OE_Agent_20260709/VPD-OE_Agent/data/raw/ZY/ZY18.xls,广告投放,G12,12
historical_600_unknown_rule,ZY18,3,P3,本地,0.0,src_0b7d3b6dcc61,origin data/VPD-OE_Agent_20260709/VPD-OE_Agent/data/raw/ZY/ZY18.xls,广告投放,C13,13
historical_600_unknown_rule,ZY18,3,P3,区域,0.0,src_0b7d3b6dcc61,origin data/VPD-OE_Agent_20260709/VPD-OE_Agent/data/raw/ZY/ZY18.xls,广告投放,D13,13
historical_600_unknown_rule,ZY18,3,P3,国内,0.0,src_0b7d3b6dcc61,origin data/VPD-OE_Agent_20260709/VPD-OE_Agent/data/raw/ZY/ZY18.xls,广告投放,E13,13
historical_600_unknown_rule,ZY18,3,P3,亚洲,0.0,src_0b7d3b6dcc61,origin data/VPD-OE_Agent_20260709/VPD-OE_Agent/data/raw/ZY/ZY18.xls,广告投放,F13,13
historical_600_unknown_rule,ZY18,3,P3,国际,0.0,src_0b7d3b6dcc61,origin data/VPD-OE_Agent_20260709/VPD-OE_Agent/data/raw/ZY/ZY18.xls,广告投放,G13,13
historical_600_unknown_rule,ZY18,3,P4,本地,0.0,src_0b7d3b6dcc61,origin data/VPD-OE_Agent_20260709/VPD-OE_Agent/data/raw/ZY/ZY18.xls,广告投放,C14,14
historical_600_unknown_rule,ZY18,3,P4,区域,0.0,src_0b7d3b6dcc61,origin data/VPD-OE_Agent_20260709/VPD-OE_Agent/data/raw/ZY/ZY18.xls,广告投放,D14,14
historical_600_unknown_rule,ZY18,3,P4,国内,0.0,src_0b7d3b6dcc61,origin data/VPD-OE_Agent_20260709/VPD-OE_Agent/data/raw/ZY/ZY18.xls,广告投放,E14,14
historical_600_unknown_rule,ZY18,3,P4,亚洲,0.0,src_0b7d3b6dcc61,origin data/VPD-OE_Agent_20260709/VPD-OE_Agent/data/raw/ZY/ZY18.xls,广告投放,F14,14
historical_600_unknown_rule,ZY18,3,P4,国际,0.0,src_0b7d3b6dcc61,origin data/VPD-OE_Agent_20260709/VPD-OE_Agent/data/raw/ZY/ZY18.xls,广告投放,G14,14
historical_600_unknown_rule,ZY18,4,P1,本地,0.0,src_0b7d3b6dcc61,origin data/VPD-OE_Agent_20260709/VPD-OE_Agent/data/raw/ZY/ZY18.xls,广告投放,C18,18
historical_600_unknown_rule,ZY18,4,P1,区域,0.0,src_0b7d3b6dcc61,origin data/VPD-OE_Agent_20260709/VPD-OE_Agent/data/raw/ZY/ZY18.xls,广告投放,D18,18
historical_600_unknown_rule,ZY18,4,P1,国内,0.0,src_0b7d3b6dcc61,origin data/VPD-OE_Agent_20260709/VPD-OE_Agent/data/raw/ZY/ZY18.xls,广告投放,E18,18
historical_600_unknown_rule,ZY18,4,P1,亚洲,0.0,src_0b7d3b6dcc61,origin data/VPD-OE_Agent_20260709/VPD-OE_Agent/data/raw/ZY/ZY18.xls,广告投放,F18,18
historical_600_unknown_rule,ZY18,4,P1,国际,0.0,src_0b7d3b6dcc61,origin data/VPD-OE_Agent_20260709/VPD-OE_Agent/data/raw/ZY/ZY18.xls,广告投放,G18,18
historical_600_unknown_rule,ZY18,4,P2,本地,0.0,src_0b7d3b6dcc61,origin data/VPD-OE_Agent_20260709/VPD-OE_Agent/data/raw/ZY/ZY18.xls,广告投放,C19,19
historical_600_unknown_rule,ZY18,4,P2,区域,0.0,src_0b7d3b6dcc61,origin data/VPD-OE_Agent_20260709/VPD-OE_Agent/data/raw/ZY/ZY18.xls,广告投放,D19,19
historical_600_unknown_rule,ZY18,4,P2,国内,0.0,src_0b7d3b6dcc61,origin data/VPD-OE_Agent_20260709/VPD-OE_Agent/data/raw/ZY/ZY18.xls,广告投放,E19,19
historical_600_unknown_rule,ZY18,4,P2,亚洲,0.0,src_0b7d3b6dcc61,origin data/VPD-OE_Agent_20260709/VPD-OE_Agent/data/raw/ZY/ZY18.xls,广告投放,F19,19
historical_600_unknown_rule,ZY18,4,P2,国际,0.0,src_0b7d3b6dcc61,origin data/VPD-OE_Agent_20260709/VPD-OE_Agent/data/raw/ZY/ZY18.xls,广告投放,G19,19
historical_600_unknown_rule,ZY18,4,P3,本地,0.0,src_0b7d3b6dcc61,origin data/VPD-OE_Agent_20260709/VPD-OE_Agent/data/raw/ZY/ZY18.xls,广告投放,C20,20
historical_600_unknown_rule,ZY18,4,P3,区域,0.0,src_0b7d3b6dcc61,origin data/VPD-OE_Agent_20260709/VPD-OE_Agent/data/raw/ZY/ZY18.xls,广告投放,D20,20
historical_600_unknown_rule,ZY18,4,P3,国内,0.0,src_0b7d3b6dcc61,origin data/VPD-OE_Agent_20260709/VPD-OE_Agent/data/raw/ZY/ZY18.xls,广告投放,E20,20
historical_600_unknown_rule,ZY18,4,P3,亚洲,0.0,src_0b7d3b6dcc61,origin data/VPD-OE_Agent_20260709/VPD-OE_Agent/data/raw/ZY/ZY18.xls,广告投放,F20,20
historical_600_unknown_rule,ZY18,4,P3,国际,0.0,src_0b7d3b6dcc61,origin data/VPD-OE_Agent_20260709/VPD-OE_Agent/data/raw/ZY/ZY18.xls,广告投放,G20,20
historical_600_unknown_rule,ZY18,4,P4,本地,0.0,src_0b7d3b6dcc61,origin data/VPD-OE_Agent_20260709/VPD-OE_Agent/data/raw/ZY/ZY18.xls,广告投放,C21,21
historical_600_unknown_rule,ZY18,4,P4,区域,0.0,src_0b7d3b6dcc61,origin data/VPD-OE_Agent_20260709/VPD-OE_Agent/data/raw/ZY/ZY18.xls,广告投放,D21,21
historical_600_unknown_rule,ZY18,4,P4,国内,0.0,src_0b7d3b6dcc61,origin data/VPD-OE_Agent_20260709/VPD-OE_Agent/data/raw/ZY/ZY18.xls,广告投放,E21,21
historical_600_unknown_rule,ZY18,4,P4,亚洲,0.0,src_0b7d3b6dcc61,origin data/VPD-OE_Agent_20260709/VPD-OE_Agent/data/raw/ZY/ZY18.xls,广告投放,F21,21
historical_600_unknown_rule,ZY18,4,P4,国际,0.0,src_0b7d3b6dcc61,origin data/VPD-OE_Agent_20260709/VPD-OE_Agent/data/raw/ZY/ZY18.xls,广告投放,G21,21
historical_600_unknown_rule,ZY18,5,P1,本地,0.0,src_0b7d3b6dcc61,origin data/VPD-OE_Agent_20260709/VPD-OE_Agent/data/raw/ZY/ZY18.xls,广告投放,C25,25
historical_600_unknown_rule,ZY18,5,P1,区域,0.0,src_0b7d3b6dcc61,origin data/VPD-OE_Agent_20260709/VPD-OE_Agent/data/raw/ZY/ZY18.xls,广告投放,D25,25
historical_600_unknown_rule,ZY18,5,P1,国内,0.0,src_0b7d3b6dcc61,origin data/VPD-OE_Agent_20260709/VPD-OE_Agent/data/raw/ZY/ZY18.xls,广告投放,E25,25
historical_600_unknown_rule,ZY18,5,P1,亚洲,0.0,src_0b7d3b6dcc61,origin data/VPD-OE_Agent_20260709/VPD-OE_Agent/data/raw/ZY/ZY18.xls,广告投放,F25,25
historical_600_unknown_rule,ZY18,5,P1,国际,0.0,src_0b7d3b6dcc61,origin data/VPD-OE_Agent_20260709/VPD-OE_Agent/data/raw/ZY/ZY18.xls,广告投放,G25,25
historical_600_unknown_rule,ZY18,5,P2,本地,0.0,src_0b7d3b6dcc61,origin data/VPD-OE_Agent_20260709/VPD-OE_Agent/data/raw/ZY/ZY18.xls,广告投放,C26,26
historical_600_unknown_rule,ZY18,5,P2,区域,0.0,src_0b7d3b6dcc61,origin data/VPD-OE_Agent_20260709/VPD-OE_Agent/data/raw/ZY/ZY18.xls,广告投放,D26,26
historical_600_unknown_rule,ZY18,5,P2,国内,0.0,src_0b7d3b6dcc61,origin data/VPD-OE_Agent_20260709/VPD-OE_Agent/data/raw/ZY/ZY18.xls,广告投放,E26,26
historical_600_unknown_rule,ZY18,5,P2,亚洲,0.0,src_0b7d3b6dcc61,origin data/VPD-OE_Agent_20260709/VPD-OE_Agent/data/raw/ZY/ZY18.xls,广告投放,F26,26
historical_600_unknown_rule,ZY18,5,P2,国际,0.0,src_0b7d3b6dcc61,origin data/VPD-OE_Agent_20260709/VPD-OE_Agent/data/raw/ZY/ZY18.xls,广告投放,G26,26
historical_600_unknown_rule,ZY18,5,P3,本地,0.0,src_0b7d3b6dcc61,origin data/VPD-OE_Agent_20260709/VPD-OE_Agent/data/raw/ZY/ZY18.xls,广告投放,C27,27
historical_600_unknown_rule,ZY18,5,P3,区域,0.0,src_0b7d3b6dcc61,origin data/VPD-OE_Agent_20260709/VPD-OE_Agent/data/raw/ZY/ZY18.xls,广告投放,D27,27
historical_600_unknown_rule,ZY18,5,P3,国内,0.0,src_0b7d3b6dcc61,origin data/VPD-OE_Agent_20260709/VPD-OE_Agent/data/raw/ZY/ZY18.xls,广告投放,E27,27
historical_600_unknown_rule,ZY18,5,P3,亚洲,0.0,src_0b7d3b6dcc61,origin data/VPD-OE_Agent_20260709/VPD-OE_Agent/data/raw/ZY/ZY18.xls,广告投放,F27,27
historical_600_unknown_rule,ZY18,5,P3,国际,0.0,src_0b7d3b6dcc61,origin data/VPD-OE_Agent_20260709/VPD-OE_Agent/data/raw/ZY/ZY18.xls,广告投放,G27,27
historical_600_unknown_rule,ZY18,5,P4,本地,0.0,src_0b7d3b6dcc61,origin data/VPD-OE_Agent_20260709/VPD-OE_Agent/data/raw/ZY/ZY18.xls,广告投放,C28,28
historical_600_unknown_rule,ZY18,5,P4,区域,0.0,src_0b7d3b6dcc61,origin data/VPD-OE_Agent_20260709/VPD-OE_Agent/data/raw/ZY/ZY18.xls,广告投放,D28,28
historical_600_unknown_rule,ZY18,5,P4,国内,0.0,src_0b7d3b6dcc61,origin data/VPD-OE_Agent_20260709/VPD-OE_Agent/data/raw/ZY/ZY18.xls,广告投放,E28,28
historical_600_unknown_rule,ZY18,5,P4,亚洲,0.0,src_0b7d3b6dcc61,origin data/VPD-OE_Agent_20260709/VPD-OE_Agent/data/raw/ZY/ZY18.xls,广告投放,F28,28
historical_600_unknown_rule,ZY18,5,P4,国际,0.0,src_0b7d3b6dcc61,origin data/VPD-OE_Agent_20260709/VPD-OE_Agent/data/raw/ZY/ZY18.xls,广告投放,G28,28
historical_600_unknown_rule,ZY18,6,P1,本地,0.0,src_0b7d3b6dcc61,origin data/VPD-OE_Agent_20260709/VPD-OE_Agent/data/raw/ZY/ZY18.xls,广告投放,C32,32
historical_600_unknown_rule,ZY18,6,P1,区域,0.0,src_0b7d3b6dcc61,origin data/VPD-OE_Agent_20260709/VPD-OE_Agent/data/raw/ZY/ZY18.xls,广告投放,D32,32
historical_600_unknown_rule,ZY18,6,P1,国内,0.0,src_0b7d3b6dcc61,origin data/VPD-OE_Agent_20260709/VPD-OE_Agent/data/raw/ZY/ZY18.xls,广告投放,E32,32
historical_600_unknown_rule,ZY18,6,P1,亚洲,0.0,src_0b7d3b6dcc61,origin data/VPD-OE_Agent_20260709/VPD-OE_Agent/data/raw/ZY/ZY18.xls,广告投放,F32,32
historical_600_unknown_rule,ZY18,6,P1,国际,0.0,src_0b7d3b6dcc61,origin data/VPD-OE_Agent_20260709/VPD-OE_Agent/data/raw/ZY/ZY18.xls,广告投放,G32,32
historical_600_unknown_rule,ZY18,6,P2,本地,0.0,src_0b7d3b6dcc61,origin data/VPD-OE_Agent_20260709/VPD-OE_Agent/data/raw/ZY/ZY18.xls,广告投放,C33,33
historical_600_unknown_rule,ZY18,6,P2,区域,0.0,src_0b7d3b6dcc61,origin data/VPD-OE_Agent_20260709/VPD-OE_Agent/data/raw/ZY/ZY18.xls,广告投放,D33,33
historical_600_unknown_rule,ZY18,6,P2,国内,0.0,src_0b7d3b6dcc61,origin data/VPD-OE_Agent_20260709/VPD-OE_Agent/data/raw/ZY/ZY18.xls,广告投放,E33,33
historical_600_unknown_rule,ZY18,6,P2,亚洲,0.0,src_0b7d3b6dcc61,origin data/VPD-OE_Agent_20260709/VPD-OE_Agent/data/raw/ZY/ZY18.xls,广告投放,F33,33
historical_600_unknown_rule,ZY18,6,P2,国际,0.0,src_0b7d3b6dcc61,origin data/VPD-OE_Agent_20260709/VPD-OE_Agent/data/raw/ZY/ZY18.xls,广告投放,G33,33
historical_600_unknown_rule,ZY18,6,P3,本地,0.0,src_0b7d3b6dcc61,origin data/VPD-OE_Agent_20260709/VPD-OE_Agent/data/raw/ZY/ZY18.xls,广告投放,C34,34
historical_600_unknown_rule,ZY18,6,P3,区域,0.0,src_0b7d3b6dcc61,origin data/VPD-OE_Agent_20260709/VPD-OE_Agent/data/raw/ZY/ZY18.xls,广告投放,D34,34
historical_600_unknown_rule,ZY18,6,P3,国内,0.0,src_0b7d3b6dcc61,origin data/VPD-OE_Agent_20260709/VPD-OE_Agent/data/raw/ZY/ZY18.xls,广告投放,E34,34
historical_600_unknown_rule,ZY18,6,P3,亚洲,0.0,src_0b7d3b6dcc61,origin data/VPD-OE_Agent_20260709/VPD-OE_Agent/data/raw/ZY/ZY18.xls,广告投放,F34,34
historical_600_unknown_rule,ZY18,6,P3,国际,0.0,src_0b7d3b6dcc61,origin data/VPD-OE_Agent_20260709/VPD-OE_Agent/data/raw/ZY/ZY18.xls,广告投放,G34,34
historical_600_unknown_rule,ZY18,6,P4,本地,0.0,src_0b7d3b6dcc61,origin data/VPD-OE_Agent_20260709/VPD-OE_Agent/data/raw/ZY/ZY18.xls,广告投放,C35,35
historical_600_unknown_rule,ZY18,6,P4,区域,0.0,src_0b7d3b6dcc61,origin data/VPD-OE_Agent_20260709/VPD-OE_Agent/data/raw/ZY/ZY18.xls,广告投放,D35,35
historical_600_unknown_rule,ZY18,6,P4,国内,0.0,src_0b7d3b6dcc61,origin data/VPD-OE_Agent_20260709/VPD-OE_Agent/data/raw/ZY/ZY18.xls,广告投放,E35,35
historical_600_unknown_rule,ZY18,6,P4,亚洲,0.0,src_0b7d3b6dcc61,origin data/VPD-OE_Agent_20260709/VPD-OE_Agent/data/raw/ZY/ZY18.xls,广告投放,F35,35
historical_600_unknown_rule,ZY18,6,P4,国际,0.0,src_0b7d3b6dcc61,origin data/VPD-OE_Agent_20260709/VPD-OE_Agent/data/raw/ZY/ZY18.xls,广告投放,G35,35
