record_id,competition_id,team_id,transaction_id,sequence_in_source,year,quarter,action,amount_wan,balance_wan,note,source_id,source_path,source_sheet,source_row
1fb2e296fccecdf6,historical_600_unknown_rule,ZY02,2241,1,1,1,Pay_Capital,600.0,600.0,"公司成立,股东注资",src_bef4b86b4c71,origin data/VPD-OE_Agent_20260709/VPD-OE_Agent/data/raw/ZY/ZY02.xls,现金流量表,4
543540afc61da4bc,historical_600_unknown_rule,ZY02,2317,2,1,1,Rent_Workshop,-40.0,560.0,租用[大厂房],src_bef4b86b4c71,origin data/VPD-OE_Agent_20260709/VPD-OE_Agent/data/raw/ZY/ZY02.xls,现金流量表,5
52931859458ad59d,historical_600_unknown_rule,ZY02,2359,3,1,1,Buy_ProductLine,-50.0,510.0,订购[自动线]生产[P2],src_bef4b86b4c71,origin data/VPD-OE_Agent_20260709/VPD-OE_Agent/data/raw/ZY/ZY02.xls,现金流量表,6
b0d1b48ddad1d469,historical_600_unknown_rule,ZY02,2397,4,1,1,Buy_ProductLine,-50.0,460.0,订购[自动线]生产[P3],src_bef4b86b4c71,origin data/VPD-OE_Agent_20260709/VPD-OE_Agent/data/raw/ZY/ZY02.xls,现金流量表,7
3b17a508e69577cd,historical_600_unknown_rule,ZY02,2422,5,1,1,Develop_Product,-20.0,440.0,产品生产资格投资: P2 P3,src_bef4b86b4c71,origin data/VPD-OE_Agent_20260709/VPD-OE_Agent/data/raw/ZY/ZY02.xls,现金流量表,8
f1f667c13843def3,historical_600_unknown_rule,ZY02,2426,6,1,1,Pay_Overhaul,-10.0,430.0,支付行政管理费,src_bef4b86b4c71,origin data/VPD-OE_Agent_20260709/VPD-OE_Agent/data/raw/ZY/ZY02.xls,现金流量表,9
dc4034f8b3beadf3,historical_600_unknown_rule,ZY02,2431,7,1,2,Invest_ProductLine,-100.0,330.0,投资在建生产线,src_bef4b86b4c71,origin data/VPD-OE_Agent_20260709/VPD-OE_Agent/data/raw/ZY/ZY02.xls,现金流量表,10
fad228d1717cb145,historical_600_unknown_rule,ZY02,2440,8,1,2,Buy_Material,0.0,330.0,订购原料 R3:2 R4:2,src_bef4b86b4c71,origin data/VPD-OE_Agent_20260709/VPD-OE_Agent/data/raw/ZY/ZY02.xls,现金流量表,11
e5bdcf0357f010b4,historical_600_unknown_rule,ZY02,2446,9,1,2,Develop_Product,-20.0,310.0,产品生产资格投资: P2 P3,src_bef4b86b4c71,origin data/VPD-OE_Agent_20260709/VPD-OE_Agent/data/raw/ZY/ZY02.xls,现金流量表,12
68f2c0cb608f2eb3,historical_600_unknown_rule,ZY02,2449,10,1,2,Pay_Overhaul,-10.0,300.0,支付行政管理费,src_bef4b86b4c71,origin data/VPD-OE_Agent_20260709/VPD-OE_Agent/data/raw/ZY/ZY02.xls,现金流量表,13
993477166297fe94,historical_600_unknown_rule,ZY02,2471,11,1,3,Invest_ProductLine,-100.0,200.0,投资在建生产线,src_bef4b86b4c71,origin data/VPD-OE_Agent_20260709/VPD-OE_Agent/data/raw/ZY/ZY02.xls,现金流量表,14
a553e984c6f12a5a,historical_600_unknown_rule,ZY02,2492,12,1,3,Buy_Material,0.0,200.0,订购原料 R1:2 R2:2 R3:2,src_bef4b86b4c71,origin data/VPD-OE_Agent_20260709/VPD-OE_Agent/data/raw/ZY/ZY02.xls,现金流量表,15
a12715583d71a09a,historical_600_unknown_rule,ZY02,2494,13,1,3,Develop_Product,-20.0,180.0,产品生产资格投资: P2 P3,src_bef4b86b4c71,origin data/VPD-OE_Agent_20260709/VPD-OE_Agent/data/raw/ZY/ZY02.xls,现金流量表,16
59a10dc23eef7d9f,historical_600_unknown_rule,ZY02,2495,14,1,3,Pay_Overhaul,-10.0,170.0,支付行政管理费,src_bef4b86b4c71,origin data/VPD-OE_Agent_20260709/VPD-OE_Agent/data/raw/ZY/ZY02.xls,现金流量表,17
3b7a1a4f986bdf9f,historical_600_unknown_rule,ZY02,2501,15,1,4,Short_Loan,200.0,370.0,申请:4季 200W的短期贷款,src_bef4b86b4c71,origin data/VPD-OE_Agent_20260709/VPD-OE_Agent/data/raw/ZY/ZY02.xls,现金流量表,18
97d1e7eeca983b08,historical_600_unknown_rule,ZY02,2502,16,1,4,Pay_Material,-80.0,290.0,支付原料费 R3:2 R4:2 R1:2 R2:2,src_bef4b86b4c71,origin data/VPD-OE_Agent_20260709/VPD-OE_Agent/data/raw/ZY/ZY02.xls,现金流量表,19
1c844f14aa2b4599,historical_600_unknown_rule,ZY02,2504,17,1,4,Product_Produce,-10.0,280.0,167:P2,src_bef4b86b4c71,origin data/VPD-OE_Agent_20260709/VPD-OE_Agent/data/raw/ZY/ZY02.xls,现金流量表,20
839f292794be646d,historical_600_unknown_rule,ZY02,2508,18,1,4,Buy_Material,0.0,280.0,订购原料 R2:1 R3:1,src_bef4b86b4c71,origin data/VPD-OE_Agent_20260709/VPD-OE_Agent/data/raw/ZY/ZY02.xls,现金流量表,21
5f1227fc76835100,historical_600_unknown_rule,ZY02,2510,19,1,4,Develop_ISO,-10.0,270.0,"ISO认证资格投资,开发：ISO9000",src_bef4b86b4c71,origin data/VPD-OE_Agent_20260709/VPD-OE_Agent/data/raw/ZY/ZY02.xls,现金流量表,22
a0c6f5897b1c7943,historical_600_unknown_rule,ZY02,2516,20,1,4,Develop_Market,-30.0,240.0,"市场开拓资格投资,开发项目:本地 区域 国内",src_bef4b86b4c71,origin data/VPD-OE_Agent_20260709/VPD-OE_Agent/data/raw/ZY/ZY02.xls,现金流量表,23
5abf2d215dbd354e,historical_600_unknown_rule,ZY02,2522,21,1,4,Develop_Product,-10.0,230.0,产品生产资格投资: P3,src_bef4b86b4c71,origin data/VPD-OE_Agent_20260709/VPD-OE_Agent/data/raw/ZY/ZY02.xls,现金流量表,24
97f66c447e3b7eb8,historical_600_unknown_rule,ZY02,2524,22,1,4,Pay_Overhaul,-10.0,220.0,支付行政管理费,src_bef4b86b4c71,origin data/VPD-OE_Agent_20260709/VPD-OE_Agent/data/raw/ZY/ZY02.xls,现金流量表,25
c2e2514864f18c6a,historical_600_unknown_rule,ZY02,2525,23,1,4,Pay_Maintenance,-20.0,200.0,支付维护费,src_bef4b86b4c71,origin data/VPD-OE_Agent_20260709/VPD-OE_Agent/data/raw/ZY/ZY02.xls,现金流量表,26
96bb878add6e2dd6,historical_600_unknown_rule,ZY02,2654,24,2,1,Pay_AD,-32.0,168.0,广告投放,src_bef4b86b4c71,origin data/VPD-OE_Agent_20260709/VPD-OE_Agent/data/raw/ZY/ZY02.xls,现金流量表,27
2b69211bee2390c4,historical_600_unknown_rule,ZY02,3099,25,2,1,Long_Loan,400.0,568.0,申请:4年 400W的长期贷款,src_bef4b86b4c71,origin data/VPD-OE_Agent_20260709/VPD-OE_Agent/data/raw/ZY/ZY02.xls,现金流量表,28
ddf80e20b6d6a5b2,historical_600_unknown_rule,ZY02,3100,26,2,1,Pay_Material,-30.0,538.0,支付原料费 R3:2 R2:1,src_bef4b86b4c71,origin data/VPD-OE_Agent_20260709/VPD-OE_Agent/data/raw/ZY/ZY02.xls,现金流量表,29
03f0358572e28484,historical_600_unknown_rule,ZY02,3101,27,2,1,Buy_ProductLine,-50.0,488.0,订购[自动线]生产[P3],src_bef4b86b4c71,origin data/VPD-OE_Agent_20260709/VPD-OE_Agent/data/raw/ZY/ZY02.xls,现金流量表,30
6794d9cd048e8699,historical_600_unknown_rule,ZY02,3109,28,2,1,Buy_Material,0.0,488.0,订购原料 R1:2 R2:2 R3:2 R4:2,src_bef4b86b4c71,origin data/VPD-OE_Agent_20260709/VPD-OE_Agent/data/raw/ZY/ZY02.xls,现金流量表,31
329e3e4326124fc4,historical_600_unknown_rule,ZY02,3113,29,2,1,Product_Produce,-20.0,468.0,167:P2 173:P3,src_bef4b86b4c71,origin data/VPD-OE_Agent_20260709/VPD-OE_Agent/data/raw/ZY/ZY02.xls,现金流量表,32
02ad73cde66061a5,historical_600_unknown_rule,ZY02,3114,30,2,1,Renew_Workshop,-40.0,428.0,厂房续租,src_bef4b86b4c71,origin data/VPD-OE_Agent_20260709/VPD-OE_Agent/data/raw/ZY/ZY02.xls,现金流量表,33
6c18c67b40723443,historical_600_unknown_rule,ZY02,3115,31,2,1,Pay_Overhaul,-10.0,418.0,支付行政管理费,src_bef4b86b4c71,origin data/VPD-OE_Agent_20260709/VPD-OE_Agent/data/raw/ZY/ZY02.xls,现金流量表,34
75ef9cb7a080c6e6,historical_600_unknown_rule,ZY02,3116,32,2,2,Pay_Material,-50.0,368.0,支付原料费 R3:1 R1:2 R2:2,src_bef4b86b4c71,origin data/VPD-OE_Agent_20260709/VPD-OE_Agent/data/raw/ZY/ZY02.xls,现金流量表,35
a964d2a9496185c7,historical_600_unknown_rule,ZY02,3117,33,2,2,Invest_ProductLine,-50.0,318.0,投资在建生产线,src_bef4b86b4c71,origin data/VPD-OE_Agent_20260709/VPD-OE_Agent/data/raw/ZY/ZY02.xls,现金流量表,36
c9224739008a911d,historical_600_unknown_rule,ZY02,3120,34,2,2,Product_Produce,-20.0,298.0,167:P2 173:P3,src_bef4b86b4c71,origin data/VPD-OE_Agent_20260709/VPD-OE_Agent/data/raw/ZY/ZY02.xls,现金流量表,37
ad4c4a7606e98f43,historical_600_unknown_rule,ZY02,3121,35,2,2,Pay_Overhaul,-10.0,288.0,支付行政管理费,src_bef4b86b4c71,origin data/VPD-OE_Agent_20260709/VPD-OE_Agent/data/raw/ZY/ZY02.xls,现金流量表,38
f3d63a16a5278c45,historical_600_unknown_rule,ZY02,3144,36,2,3,Short_Loan,300.0,588.0,申请:4季 300W的短期贷款,src_bef4b86b4c71,origin data/VPD-OE_Agent_20260709/VPD-OE_Agent/data/raw/ZY/ZY02.xls,现金流量表,39
a6c45e26416f850c,historical_600_unknown_rule,ZY02,3145,37,2,3,Pay_Material,-40.0,548.0,支付原料费 R3:2 R4:2,src_bef4b86b4c71,origin data/VPD-OE_Agent_20260709/VPD-OE_Agent/data/raw/ZY/ZY02.xls,现金流量表,40
e3d9e5a3987dae79,historical_600_unknown_rule,ZY02,3146,38,2,3,Invest_ProductLine,-50.0,498.0,投资在建生产线,src_bef4b86b4c71,origin data/VPD-OE_Agent_20260709/VPD-OE_Agent/data/raw/ZY/ZY02.xls,现金流量表,41
6ce73d952dfb9377,historical_600_unknown_rule,ZY02,3147,39,2,3,Buy_Material,0.0,498.0,订购原料 R2:1 R3:2 R4:1,src_bef4b86b4c71,origin data/VPD-OE_Agent_20260709/VPD-OE_Agent/data/raw/ZY/ZY02.xls,现金流量表,42
c1d5690496201033,historical_600_unknown_rule,ZY02,3148,40,2,3,Product_Produce,-20.0,478.0,167:P2 173:P3,src_bef4b86b4c71,origin data/VPD-OE_Agent_20260709/VPD-OE_Agent/data/raw/ZY/ZY02.xls,现金流量表,43
143b5fcf2fbdd8da,historical_600_unknown_rule,ZY02,3149,41,2,3,Pay_Overhaul,-10.0,468.0,支付行政管理费,src_bef4b86b4c71,origin data/VPD-OE_Agent_20260709/VPD-OE_Agent/data/raw/ZY/ZY02.xls,现金流量表,44
8bfa127ecdfbd977,historical_600_unknown_rule,ZY02,3150,42,2,4,Pay_Short_Loan,-210.0,258.0,短贷还本息,src_bef4b86b4c71,origin data/VPD-OE_Agent_20260709/VPD-OE_Agent/data/raw/ZY/ZY02.xls,现金流量表,45
c5d0ad9eba8bd46b,historical_600_unknown_rule,ZY02,3151,43,2,4,Pay_Material,-10.0,248.0,支付原料费 R2:1,src_bef4b86b4c71,origin data/VPD-OE_Agent_20260709/VPD-OE_Agent/data/raw/ZY/ZY02.xls,现金流量表,46
8e1d7e91183fe3a7,historical_600_unknown_rule,ZY02,3152,44,2,4,Emergency_Buy_Material,-20.0,228.0,"紧急采购原料，数量分别为：0,0,1,0",src_bef4b86b4c71,origin data/VPD-OE_Agent_20260709/VPD-OE_Agent/data/raw/ZY/ZY02.xls,现金流量表,47
6158ef4379945a20,historical_600_unknown_rule,ZY02,3153,45,2,4,Product_Produce,-10.0,218.0,173:P3,src_bef4b86b4c71,origin data/VPD-OE_Agent_20260709/VPD-OE_Agent/data/raw/ZY/ZY02.xls,现金流量表,48
5a04b5e9bbd01611,historical_600_unknown_rule,ZY02,3154,46,2,4,Buy_Material,0.0,218.0,订购原料 R1:2 R3:2 R4:2,src_bef4b86b4c71,origin data/VPD-OE_Agent_20260709/VPD-OE_Agent/data/raw/ZY/ZY02.xls,现金流量表,49
fc3715e4de24e0c4,historical_600_unknown_rule,ZY02,3155,47,2,4,Update_Receivable,172.0,390.0,更新应收款,src_bef4b86b4c71,origin data/VPD-OE_Agent_20260709/VPD-OE_Agent/data/raw/ZY/ZY02.xls,现金流量表,50
76c2b3c5e0f6aa31,historical_600_unknown_rule,ZY02,3156,48,2,4,Emergency_Buy_Product,-90.0,300.0,"紧急采购产品，数量分别为：0,1,0,0",src_bef4b86b4c71,origin data/VPD-OE_Agent_20260709/VPD-OE_Agent/data/raw/ZY/ZY02.xls,现金流量表,51
7f711320e1e6ea0a,historical_600_unknown_rule,ZY02,3157,49,2,4,Develop_ISO,-10.0,290.0,"ISO认证资格投资,开发：ISO9000",src_bef4b86b4c71,origin data/VPD-OE_Agent_20260709/VPD-OE_Agent/data/raw/ZY/ZY02.xls,现金流量表,52
480cabd52ce0f5c4,historical_600_unknown_rule,ZY02,3158,50,2,4,Develop_Market,-10.0,280.0,"市场开拓资格投资,开发项目:国内",src_bef4b86b4c71,origin data/VPD-OE_Agent_20260709/VPD-OE_Agent/data/raw/ZY/ZY02.xls,现金流量表,53
40e94738723bf784,historical_600_unknown_rule,ZY02,3159,51,2,4,Pay_Overhaul,-10.0,270.0,支付行政管理费,src_bef4b86b4c71,origin data/VPD-OE_Agent_20260709/VPD-OE_Agent/data/raw/ZY/ZY02.xls,现金流量表,54
181bfe850f620688,historical_600_unknown_rule,ZY02,3160,52,2,4,Pay_Maintenance,-30.0,240.0,支付维护费,src_bef4b86b4c71,origin data/VPD-OE_Agent_20260709/VPD-OE_Agent/data/raw/ZY/ZY02.xls,现金流量表,55
91e78702b9203a01,historical_600_unknown_rule,ZY02,3256,53,3,1,Pay_Long_Loan,-40.0,200.0,支付长贷本息,src_bef4b86b4c71,origin data/VPD-OE_Agent_20260709/VPD-OE_Agent/data/raw/ZY/ZY02.xls,现金流量表,56
ee6465cfb27a9151,historical_600_unknown_rule,ZY02,3257,54,3,1,Pay_AD,-66.0,134.0,广告投放,src_bef4b86b4c71,origin data/VPD-OE_Agent_20260709/VPD-OE_Agent/data/raw/ZY/ZY02.xls,现金流量表,57
b409e0e42be4935e,historical_600_unknown_rule,ZY02,3271,55,3,1,Auction_Win,-10.0,124.0,竞单成功，获得订单:J32-0014,src_bef4b86b4c71,origin data/VPD-OE_Agent_20260709/VPD-OE_Agent/data/raw/ZY/ZY02.xls,现金流量表,58
36f51e18ffd0b53c,historical_600_unknown_rule,ZY02,3426,56,3,1,Long_Loan,200.0,324.0,申请:5年 200W的长期贷款,src_bef4b86b4c71,origin data/VPD-OE_Agent_20260709/VPD-OE_Agent/data/raw/ZY/ZY02.xls,现金流量表,59
42fa241ae25d8702,historical_600_unknown_rule,ZY02,3440,57,3,1,Pay_Material,-50.0,274.0,支付原料费 R3:2 R4:1 R1:2,src_bef4b86b4c71,origin data/VPD-OE_Agent_20260709/VPD-OE_Agent/data/raw/ZY/ZY02.xls,现金流量表,60
0437009f48638a6f,historical_600_unknown_rule,ZY02,3506,58,3,1,Buy_Material,0.0,274.0,订购原料 R1:4 R2:1 R3:4 R4:2,src_bef4b86b4c71,origin data/VPD-OE_Agent_20260709/VPD-OE_Agent/data/raw/ZY/ZY02.xls,现金流量表,61
586de959cc88dd65,historical_600_unknown_rule,ZY02,3519,59,3,1,Emergency_Buy_Material,-40.0,234.0,"紧急采购原料，数量分别为：0,0,1,1",src_bef4b86b4c71,origin data/VPD-OE_Agent_20260709/VPD-OE_Agent/data/raw/ZY/ZY02.xls,现金流量表,62
4c4ef78c609cd76a,historical_600_unknown_rule,ZY02,3526,60,3,1,Product_Produce,-30.0,204.0,167:P2 173:P3 212:P3,src_bef4b86b4c71,origin data/VPD-OE_Agent_20260709/VPD-OE_Agent/data/raw/ZY/ZY02.xls,现金流量表,63
cf2469af35fb7db0,historical_600_unknown_rule,ZY02,3533,61,3,1,Update_Receivable,91.0,295.0,更新应收款,src_bef4b86b4c71,origin data/VPD-OE_Agent_20260709/VPD-OE_Agent/data/raw/ZY/ZY02.xls,现金流量表,64
9b70cbd598030e16,historical_600_unknown_rule,ZY02,3542,62,3,1,Renew_Workshop,-40.0,255.0,厂房续租,src_bef4b86b4c71,origin data/VPD-OE_Agent_20260709/VPD-OE_Agent/data/raw/ZY/ZY02.xls,现金流量表,65
16ebd4d8ce973a01,historical_600_unknown_rule,ZY02,3543,63,3,1,Pay_Overhaul,-10.0,245.0,支付行政管理费,src_bef4b86b4c71,origin data/VPD-OE_Agent_20260709/VPD-OE_Agent/data/raw/ZY/ZY02.xls,现金流量表,66
ae9c415c32f51589,historical_600_unknown_rule,ZY02,3567,64,3,2,Pay_Material,-90.0,155.0,支付原料费 R3:2 R4:2 R1:4 R2:1,src_bef4b86b4c71,origin data/VPD-OE_Agent_20260709/VPD-OE_Agent/data/raw/ZY/ZY02.xls,现金流量表,67
cf6cf00d5729f15a,historical_600_unknown_rule,ZY02,3590,65,3,2,Emergency_Buy_Material,-20.0,135.0,"紧急采购原料，数量分别为：0,0,1,0",src_bef4b86b4c71,origin data/VPD-OE_Agent_20260709/VPD-OE_Agent/data/raw/ZY/ZY02.xls,现金流量表,68
03300513f76452fe,historical_600_unknown_rule,ZY02,3609,66,3,2,Product_Produce,-30.0,105.0,167:P2 173:P3 212:P3,src_bef4b86b4c71,origin data/VPD-OE_Agent_20260709/VPD-OE_Agent/data/raw/ZY/ZY02.xls,现金流量表,69
a364b85e762ed5da,historical_600_unknown_rule,ZY02,3623,67,3,2,Discount,352.0,457.0,"1期贴现:0W,2期贴现:392W,3期贴现:0W,4期贴现:0W",src_bef4b86b4c71,origin data/VPD-OE_Agent_20260709/VPD-OE_Agent/data/raw/ZY/ZY02.xls,现金流量表,70
2ee754084cce21b3,historical_600_unknown_rule,ZY02,3629,68,3,2,Buy_Material,0.0,457.0,订购原料 R1:2 R3:2 R4:2,src_bef4b86b4c71,origin data/VPD-OE_Agent_20260709/VPD-OE_Agent/data/raw/ZY/ZY02.xls,现金流量表,71
4992916ecca581c3,historical_600_unknown_rule,ZY02,3633,69,3,2,Pay_Overhaul,-10.0,447.0,支付行政管理费,src_bef4b86b4c71,origin data/VPD-OE_Agent_20260709/VPD-OE_Agent/data/raw/ZY/ZY02.xls,现金流量表,72
a9c182c0507f011e,historical_600_unknown_rule,ZY02,3637,70,3,3,Pay_Short_Loan,-315.0,132.0,短贷还本息,src_bef4b86b4c71,origin data/VPD-OE_Agent_20260709/VPD-OE_Agent/data/raw/ZY/ZY02.xls,现金流量表,73
a54510f826a2e294,historical_600_unknown_rule,ZY02,3645,71,3,3,Short_Loan,100.0,232.0,申请:4季 100W的短期贷款,src_bef4b86b4c71,origin data/VPD-OE_Agent_20260709/VPD-OE_Agent/data/raw/ZY/ZY02.xls,现金流量表,74
6f18d7d4c13e3c95,historical_600_unknown_rule,ZY02,3655,72,3,3,Pay_Material,-80.0,152.0,支付原料费 R3:4 R4:2 R1:2,src_bef4b86b4c71,origin data/VPD-OE_Agent_20260709/VPD-OE_Agent/data/raw/ZY/ZY02.xls,现金流量表,75
ed0b0bd87ff98e60,historical_600_unknown_rule,ZY02,3670,73,3,3,Product_Produce,-30.0,122.0,167:P2 173:P3 212:P3,src_bef4b86b4c71,origin data/VPD-OE_Agent_20260709/VPD-OE_Agent/data/raw/ZY/ZY02.xls,现金流量表,76
b344c2501e09521c,historical_600_unknown_rule,ZY02,3689,74,3,3,Buy_Material,0.0,122.0,订购原料 R3:1 R4:2,src_bef4b86b4c71,origin data/VPD-OE_Agent_20260709/VPD-OE_Agent/data/raw/ZY/ZY02.xls,现金流量表,77
b2100b6cb3f669d7,historical_600_unknown_rule,ZY02,3692,75,3,3,Pay_Overhaul,-10.0,112.0,支付行政管理费,src_bef4b86b4c71,origin data/VPD-OE_Agent_20260709/VPD-OE_Agent/data/raw/ZY/ZY02.xls,现金流量表,78
760560368d007285,historical_600_unknown_rule,ZY02,3695,76,3,4,Pay_Material,-40.0,72.0,支付原料费 R3:2 R4:2,src_bef4b86b4c71,origin data/VPD-OE_Agent_20260709/VPD-OE_Agent/data/raw/ZY/ZY02.xls,现金流量表,79
0e639fb18c857027,historical_600_unknown_rule,ZY02,3697,77,3,4,Product_Produce,-20.0,52.0,173:P3 212:P3,src_bef4b86b4c71,origin data/VPD-OE_Agent_20260709/VPD-OE_Agent/data/raw/ZY/ZY02.xls,现金流量表,80
b4720f4589d9fa09,historical_600_unknown_rule,ZY02,3709,78,3,4,Buy_Material,0.0,52.0,订购原料 R1:2 R3:2 R4:2,src_bef4b86b4c71,origin data/VPD-OE_Agent_20260709/VPD-OE_Agent/data/raw/ZY/ZY02.xls,现金流量表,81
f64a0042c0ed464c,historical_600_unknown_rule,ZY02,3713,79,3,4,Discount,90.0,142.0,"1期贴现:0W,2期贴现:100W,3期贴现:0W,4期贴现:0W",src_bef4b86b4c71,origin data/VPD-OE_Agent_20260709/VPD-OE_Agent/data/raw/ZY/ZY02.xls,现金流量表,82
b69194beb1ca0a7c,historical_600_unknown_rule,ZY02,3717,80,3,4,Pay_Overhaul,-10.0,132.0,支付行政管理费,src_bef4b86b4c71,origin data/VPD-OE_Agent_20260709/VPD-OE_Agent/data/raw/ZY/ZY02.xls,现金流量表,83
1a5a34d24e607867,historical_600_unknown_rule,ZY02,3718,81,3,4,Pay_Maintenance,-30.0,102.0,支付维护费,src_bef4b86b4c71,origin data/VPD-OE_Agent_20260709/VPD-OE_Agent/data/raw/ZY/ZY02.xls,现金流量表,84
9a0bd13d6b38b257,historical_600_unknown_rule,ZY02,3759,82,4,1,Pay_Long_Loan,-60.0,42.0,支付长贷本息,src_bef4b86b4c71,origin data/VPD-OE_Agent_20260709/VPD-OE_Agent/data/raw/ZY/ZY02.xls,现金流量表,85
7b27133a75a3f640,historical_600_unknown_rule,ZY02,3760,83,4,1,Pay_AD,-38.0,4.0,广告投放,src_bef4b86b4c71,origin data/VPD-OE_Agent_20260709/VPD-OE_Agent/data/raw/ZY/ZY02.xls,现金流量表,86
5801881a97101d59,historical_600_unknown_rule,ZY02,4126,84,4,1,Discount,90.0,94.0,"1期贴现:100W,2期贴现:0W,3期贴现:0W,4期贴现:0W",src_bef4b86b4c71,origin data/VPD-OE_Agent_20260709/VPD-OE_Agent/data/raw/ZY/ZY02.xls,现金流量表,87
728c563de3f584b8,historical_600_unknown_rule,ZY02,4127,85,4,1,Pay_Material,-50.0,44.0,支付原料费 R3:1 R4:2 R1:2,src_bef4b86b4c71,origin data/VPD-OE_Agent_20260709/VPD-OE_Agent/data/raw/ZY/ZY02.xls,现金流量表,88
d55bfd3e65aba769,historical_600_unknown_rule,ZY02,4128,86,4,1,Discount,90.0,134.0,"1期贴现:100W,2期贴现:0W,3期贴现:0W,4期贴现:0W",src_bef4b86b4c71,origin data/VPD-OE_Agent_20260709/VPD-OE_Agent/data/raw/ZY/ZY02.xls,现金流量表,89
3e49bcf2ba819161,historical_600_unknown_rule,ZY02,4129,87,4,1,Buy_Material,0.0,134.0,订购原料 R1:2 R3:2 R4:2,src_bef4b86b4c71,origin data/VPD-OE_Agent_20260709/VPD-OE_Agent/data/raw/ZY/ZY02.xls,现金流量表,90
f53ec2f9ee768032,historical_600_unknown_rule,ZY02,4130,88,4,1,Product_Produce,-20.0,114.0,173:P3 212:P3,src_bef4b86b4c71,origin data/VPD-OE_Agent_20260709/VPD-OE_Agent/data/raw/ZY/ZY02.xls,现金流量表,91
f76c567ff54bfd48,historical_600_unknown_rule,ZY02,4131,89,4,1,Update_Receivable,203.0,317.0,更新应收款,src_bef4b86b4c71,origin data/VPD-OE_Agent_20260709/VPD-OE_Agent/data/raw/ZY/ZY02.xls,现金流量表,92
80aca4a41fb2ca9a,historical_600_unknown_rule,ZY02,4132,90,4,1,Renew_Workshop,-40.0,277.0,厂房续租,src_bef4b86b4c71,origin data/VPD-OE_Agent_20260709/VPD-OE_Agent/data/raw/ZY/ZY02.xls,现金流量表,93
e7cd8318f832c99c,historical_600_unknown_rule,ZY02,4133,91,4,1,Pay_Overhaul,-10.0,267.0,支付行政管理费,src_bef4b86b4c71,origin data/VPD-OE_Agent_20260709/VPD-OE_Agent/data/raw/ZY/ZY02.xls,现金流量表,94
bf9557e704972084,historical_600_unknown_rule,ZY02,4134,92,4,2,Pay_Material,-60.0,207.0,支付原料费 R3:2 R4:2 R1:2,src_bef4b86b4c71,origin data/VPD-OE_Agent_20260709/VPD-OE_Agent/data/raw/ZY/ZY02.xls,现金流量表,95
cd4b7d5a3efc1258,historical_600_unknown_rule,ZY02,4135,93,4,2,Buy_Material,0.0,207.0,订购原料 R1:2 R2:1 R3:3 R4:2,src_bef4b86b4c71,origin data/VPD-OE_Agent_20260709/VPD-OE_Agent/data/raw/ZY/ZY02.xls,现金流量表,96
f9f7918c19444fe0,historical_600_unknown_rule,ZY02,4136,94,4,2,Product_Produce,-20.0,187.0,173:P3 212:P3,src_bef4b86b4c71,origin data/VPD-OE_Agent_20260709/VPD-OE_Agent/data/raw/ZY/ZY02.xls,现金流量表,97
83e8e2912688a66a,historical_600_unknown_rule,ZY02,4137,95,4,2,Update_Receivable,181.0,368.0,更新应收款,src_bef4b86b4c71,origin data/VPD-OE_Agent_20260709/VPD-OE_Agent/data/raw/ZY/ZY02.xls,现金流量表,98
b874483de226d24e,historical_600_unknown_rule,ZY02,4138,96,4,2,Sell_Product,250.0,618.0,订单交货,src_bef4b86b4c71,origin data/VPD-OE_Agent_20260709/VPD-OE_Agent/data/raw/ZY/ZY02.xls,现金流量表,99
3d32f7ecc3a05100,historical_600_unknown_rule,ZY02,4139,97,4,2,Pay_Overhaul,-10.0,608.0,支付行政管理费,src_bef4b86b4c71,origin data/VPD-OE_Agent_20260709/VPD-OE_Agent/data/raw/ZY/ZY02.xls,现金流量表,100
c5080cb25e684ea4,historical_600_unknown_rule,ZY02,4140,98,4,3,Pay_Short_Loan,-105.0,503.0,短贷还本息,src_bef4b86b4c71,origin data/VPD-OE_Agent_20260709/VPD-OE_Agent/data/raw/ZY/ZY02.xls,现金流量表,101
f486bc000e6e6ca5,historical_600_unknown_rule,ZY02,4141,99,4,3,Pay_Material,-70.0,433.0,支付原料费 R3:2 R4:2 R1:2 R2:1,src_bef4b86b4c71,origin data/VPD-OE_Agent_20260709/VPD-OE_Agent/data/raw/ZY/ZY02.xls,现金流量表,102
924e39512f9638d8,historical_600_unknown_rule,ZY02,4142,100,4,3,Buy_Material,0.0,433.0,订购原料 R1:2 R3:3 R4:2,src_bef4b86b4c71,origin data/VPD-OE_Agent_20260709/VPD-OE_Agent/data/raw/ZY/ZY02.xls,现金流量表,103
7b33be2bb6a549d0,historical_600_unknown_rule,ZY02,4143,101,4,3,Product_Produce,-20.0,413.0,173:P3 212:P3,src_bef4b86b4c71,origin data/VPD-OE_Agent_20260709/VPD-OE_Agent/data/raw/ZY/ZY02.xls,现金流量表,104
916e7fbc65155ef3,historical_600_unknown_rule,ZY02,4144,102,4,3,Pay_Overhaul,-10.0,403.0,支付行政管理费,src_bef4b86b4c71,origin data/VPD-OE_Agent_20260709/VPD-OE_Agent/data/raw/ZY/ZY02.xls,现金流量表,105
882b39652b1c8520,historical_600_unknown_rule,ZY02,4145,103,4,4,Pay_Material,-70.0,333.0,支付原料费 R3:3 R4:2 R1:2,src_bef4b86b4c71,origin data/VPD-OE_Agent_20260709/VPD-OE_Agent/data/raw/ZY/ZY02.xls,现金流量表,106
2354953df9020f42,historical_600_unknown_rule,ZY02,4146,104,4,4,Buy_Material,0.0,333.0,订购原料 R1:2 R2:1 R3:3 R4:2,src_bef4b86b4c71,origin data/VPD-OE_Agent_20260709/VPD-OE_Agent/data/raw/ZY/ZY02.xls,现金流量表,107
af77e62b60daf8fc,historical_600_unknown_rule,ZY02,4147,105,4,4,Product_Produce,-30.0,303.0,167:P2 173:P3 212:P3,src_bef4b86b4c71,origin data/VPD-OE_Agent_20260709/VPD-OE_Agent/data/raw/ZY/ZY02.xls,现金流量表,108
217ac1a2c73dbae4,historical_600_unknown_rule,ZY02,4148,106,4,4,Update_Receivable,252.0,555.0,更新应收款,src_bef4b86b4c71,origin data/VPD-OE_Agent_20260709/VPD-OE_Agent/data/raw/ZY/ZY02.xls,现金流量表,109
4042f90b6d2c53e6,historical_600_unknown_rule,ZY02,4149,107,4,4,Pay_Overhaul,-10.0,545.0,支付行政管理费,src_bef4b86b4c71,origin data/VPD-OE_Agent_20260709/VPD-OE_Agent/data/raw/ZY/ZY02.xls,现金流量表,110
33eae8763fc9bec6,historical_600_unknown_rule,ZY02,4150,108,4,4,Pay_Maintenance,-30.0,515.0,支付维护费,src_bef4b86b4c71,origin data/VPD-OE_Agent_20260709/VPD-OE_Agent/data/raw/ZY/ZY02.xls,现金流量表,111
4b75c5235c238144,historical_600_unknown_rule,ZY02,4151,109,5,1,Pay_Long_Loan,-60.0,455.0,支付长贷本息,src_bef4b86b4c71,origin data/VPD-OE_Agent_20260709/VPD-OE_Agent/data/raw/ZY/ZY02.xls,现金流量表,112
4285af5f1b9f7b48,historical_600_unknown_rule,ZY02,4152,110,5,1,Pay_AD,-68.0,387.0,广告投放,src_bef4b86b4c71,origin data/VPD-OE_Agent_20260709/VPD-OE_Agent/data/raw/ZY/ZY02.xls,现金流量表,113
3afb4c1f84d2ec36,historical_600_unknown_rule,ZY02,4498,111,5,1,Pay_Material,-80.0,307.0,支付原料费 R3:3 R4:2 R1:2 R2:1,src_bef4b86b4c71,origin data/VPD-OE_Agent_20260709/VPD-OE_Agent/data/raw/ZY/ZY02.xls,现金流量表,114
8cb1b4031e5153b9,historical_600_unknown_rule,ZY02,4515,112,5,1,Buy_Material,0.0,307.0,订购原料 R1:2 R2:1 R3:3 R4:2,src_bef4b86b4c71,origin data/VPD-OE_Agent_20260709/VPD-OE_Agent/data/raw/ZY/ZY02.xls,现金流量表,115
d9e9b57cedd5d577,historical_600_unknown_rule,ZY02,4523,113,5,1,Product_Produce,-30.0,277.0,167:P2 173:P3 212:P3,src_bef4b86b4c71,origin data/VPD-OE_Agent_20260709/VPD-OE_Agent/data/raw/ZY/ZY02.xls,现金流量表,116
a0f4914a8146bf89,historical_600_unknown_rule,ZY02,4558,114,5,1,Renew_Workshop,-40.0,237.0,厂房续租,src_bef4b86b4c71,origin data/VPD-OE_Agent_20260709/VPD-OE_Agent/data/raw/ZY/ZY02.xls,现金流量表,117
e343bdaffb5b5ed1,historical_600_unknown_rule,ZY02,4559,115,5,1,Pay_Overhaul,-10.0,227.0,支付行政管理费,src_bef4b86b4c71,origin data/VPD-OE_Agent_20260709/VPD-OE_Agent/data/raw/ZY/ZY02.xls,现金流量表,118
dc5056d230282236,historical_600_unknown_rule,ZY02,4580,116,5,2,Pay_Material,-80.0,147.0,支付原料费 R3:3 R4:2 R1:2 R2:1,src_bef4b86b4c71,origin data/VPD-OE_Agent_20260709/VPD-OE_Agent/data/raw/ZY/ZY02.xls,现金流量表,119
fb36c331d9a8fa4d,historical_600_unknown_rule,ZY02,4595,117,5,2,Buy_Material,0.0,147.0,订购原料 R1:2 R2:1 R3:3 R4:2,src_bef4b86b4c71,origin data/VPD-OE_Agent_20260709/VPD-OE_Agent/data/raw/ZY/ZY02.xls,现金流量表,120
9c5a1eafb00e73c6,historical_600_unknown_rule,ZY02,4600,118,5,2,Product_Produce,-30.0,117.0,167:P2 173:P3 212:P3,src_bef4b86b4c71,origin data/VPD-OE_Agent_20260709/VPD-OE_Agent/data/raw/ZY/ZY02.xls,现金流量表,121
a8fd921dedcfb598,historical_600_unknown_rule,ZY02,4617,119,5,2,Update_Receivable,233.0,350.0,更新应收款,src_bef4b86b4c71,origin data/VPD-OE_Agent_20260709/VPD-OE_Agent/data/raw/ZY/ZY02.xls,现金流量表,122
21989b935fbda72c,historical_600_unknown_rule,ZY02,4624,120,5,2,Pay_Overhaul,-10.0,340.0,支付行政管理费,src_bef4b86b4c71,origin data/VPD-OE_Agent_20260709/VPD-OE_Agent/data/raw/ZY/ZY02.xls,现金流量表,123
4082e70fcc5da389,historical_600_unknown_rule,ZY02,4628,121,5,3,Pay_Material,-80.0,260.0,支付原料费 R3:3 R4:2 R1:2 R2:1,src_bef4b86b4c71,origin data/VPD-OE_Agent_20260709/VPD-OE_Agent/data/raw/ZY/ZY02.xls,现金流量表,124
b08c3a333c1b43ad,historical_600_unknown_rule,ZY02,4652,122,5,3,Buy_Material,0.0,260.0,订购原料 R1:2 R2:1 R3:3 R4:2,src_bef4b86b4c71,origin data/VPD-OE_Agent_20260709/VPD-OE_Agent/data/raw/ZY/ZY02.xls,现金流量表,125
e1bfcdceebec4b90,historical_600_unknown_rule,ZY02,4655,123,5,3,Product_Produce,-30.0,230.0,167:P2 173:P3 212:P3,src_bef4b86b4c71,origin data/VPD-OE_Agent_20260709/VPD-OE_Agent/data/raw/ZY/ZY02.xls,现金流量表,126
d52499c63bf26ba8,historical_600_unknown_rule,ZY02,4699,124,5,3,Pay_Overhaul,-10.0,220.0,支付行政管理费,src_bef4b86b4c71,origin data/VPD-OE_Agent_20260709/VPD-OE_Agent/data/raw/ZY/ZY02.xls,现金流量表,127
12c2669535d29e04,historical_600_unknown_rule,ZY02,5046,125,5,4,Pay_Material,-80.0,140.0,支付原料费 R3:3 R4:2 R1:2 R2:1,src_bef4b86b4c71,origin data/VPD-OE_Agent_20260709/VPD-OE_Agent/data/raw/ZY/ZY02.xls,现金流量表,128
003c0a72ed04b47b,historical_600_unknown_rule,ZY02,5047,126,5,4,Buy_Material,0.0,140.0,订购原料 R3:1 R4:2,src_bef4b86b4c71,origin data/VPD-OE_Agent_20260709/VPD-OE_Agent/data/raw/ZY/ZY02.xls,现金流量表,129
c8322d7a1d98317a,historical_600_unknown_rule,ZY02,5050,127,5,4,Product_Produce,-30.0,110.0,167:P2 173:P3 212:P3,src_bef4b86b4c71,origin data/VPD-OE_Agent_20260709/VPD-OE_Agent/data/raw/ZY/ZY02.xls,现金流量表,130
70b675b0ba60fbb6,historical_600_unknown_rule,ZY02,5056,128,5,4,Pay_Overhaul,-10.0,100.0,支付行政管理费,src_bef4b86b4c71,origin data/VPD-OE_Agent_20260709/VPD-OE_Agent/data/raw/ZY/ZY02.xls,现金流量表,131
10dc33c0ccd12ca8,historical_600_unknown_rule,ZY02,5057,129,5,4,Pay_Maintenance,-30.0,70.0,支付维护费,src_bef4b86b4c71,origin data/VPD-OE_Agent_20260709/VPD-OE_Agent/data/raw/ZY/ZY02.xls,现金流量表,132
5f9312ecebe3e850,historical_600_unknown_rule,ZY03,2442,1,1,1,Pay_Capital,600.0,600.0,"公司成立,股东注资",src_e3cd51a93aa1,origin data/VPD-OE_Agent_20260709/VPD-OE_Agent/data/raw/ZY/ZY03.xls,现金流量表,4
9adf5395941268f1,historical_600_unknown_rule,ZY03,2447,2,1,1,Develop_Product,-20.0,580.0,产品生产资格投资: P2 P3,src_e3cd51a93aa1,origin data/VPD-OE_Agent_20260709/VPD-OE_Agent/data/raw/ZY/ZY03.xls,现金流量表,5
f9533d9bdb1de80b,historical_600_unknown_rule,ZY03,2448,3,1,1,Pay_Overhaul,-10.0,570.0,支付行政管理费,src_e3cd51a93aa1,origin data/VPD-OE_Agent_20260709/VPD-OE_Agent/data/raw/ZY/ZY03.xls,现金流量表,6
0a387c2d7ccc6d9a,historical_600_unknown_rule,ZY03,2450,4,1,2,Rent_Workshop,-40.0,530.0,租用[大厂房],src_e3cd51a93aa1,origin data/VPD-OE_Agent_20260709/VPD-OE_Agent/data/raw/ZY/ZY03.xls,现金流量表,7
f194f0d860937ac3,historical_600_unknown_rule,ZY03,2454,5,1,2,Buy_ProductLine,-50.0,480.0,订购[自动线]生产[P2],src_e3cd51a93aa1,origin data/VPD-OE_Agent_20260709/VPD-OE_Agent/data/raw/ZY/ZY03.xls,现金流量表,8
54d85a8891afdb0d,historical_600_unknown_rule,ZY03,2455,6,1,2,Buy_ProductLine,-50.0,430.0,订购[自动线]生产[P2],src_e3cd51a93aa1,origin data/VPD-OE_Agent_20260709/VPD-OE_Agent/data/raw/ZY/ZY03.xls,现金流量表,9
516c68ded1ab0827,historical_600_unknown_rule,ZY03,2456,7,1,2,Buy_ProductLine,-50.0,380.0,订购[自动线]生产[P3],src_e3cd51a93aa1,origin data/VPD-OE_Agent_20260709/VPD-OE_Agent/data/raw/ZY/ZY03.xls,现金流量表,10
c080f6cc5a039af4,historical_600_unknown_rule,ZY03,2457,8,1,2,Buy_ProductLine,-50.0,330.0,订购[自动线]生产[P3],src_e3cd51a93aa1,origin data/VPD-OE_Agent_20260709/VPD-OE_Agent/data/raw/ZY/ZY03.xls,现金流量表,11
cfa5d2cdde56a2db,historical_600_unknown_rule,ZY03,2460,9,1,2,Develop_Product,-20.0,310.0,产品生产资格投资: P2 P3,src_e3cd51a93aa1,origin data/VPD-OE_Agent_20260709/VPD-OE_Agent/data/raw/ZY/ZY03.xls,现金流量表,12
8bfd8539ac52a1f8,historical_600_unknown_rule,ZY03,2461,10,1,2,Pay_Overhaul,-10.0,300.0,支付行政管理费,src_e3cd51a93aa1,origin data/VPD-OE_Agent_20260709/VPD-OE_Agent/data/raw/ZY/ZY03.xls,现金流量表,13
0acad032ab1cd5d7,historical_600_unknown_rule,ZY03,2465,11,1,3,Short_Loan,309.0,609.0,申请:4季 309W的短期贷款,src_e3cd51a93aa1,origin data/VPD-OE_Agent_20260709/VPD-OE_Agent/data/raw/ZY/ZY03.xls,现金流量表,14
2059c82b17eb1294,historical_600_unknown_rule,ZY03,2466,12,1,3,Invest_ProductLine,-200.0,409.0,投资在建生产线,src_e3cd51a93aa1,origin data/VPD-OE_Agent_20260709/VPD-OE_Agent/data/raw/ZY/ZY03.xls,现金流量表,15
370e36d0b83c1eeb,historical_600_unknown_rule,ZY03,2469,13,1,3,Buy_Material,0.0,409.0,订购原料 R3:4 R4:2,src_e3cd51a93aa1,origin data/VPD-OE_Agent_20260709/VPD-OE_Agent/data/raw/ZY/ZY03.xls,现金流量表,16
f4edd0e908b374b2,historical_600_unknown_rule,ZY03,2474,14,1,3,Develop_Product,-20.0,389.0,产品生产资格投资: P2 P3,src_e3cd51a93aa1,origin data/VPD-OE_Agent_20260709/VPD-OE_Agent/data/raw/ZY/ZY03.xls,现金流量表,17
cfadbc93fb306006,historical_600_unknown_rule,ZY03,2475,15,1,3,Pay_Overhaul,-10.0,379.0,支付行政管理费,src_e3cd51a93aa1,origin data/VPD-OE_Agent_20260709/VPD-OE_Agent/data/raw/ZY/ZY03.xls,现金流量表,18
b69c5d183f833feb,historical_600_unknown_rule,ZY03,2476,16,1,4,Short_Loan,309.0,688.0,申请:4季 309W的短期贷款,src_e3cd51a93aa1,origin data/VPD-OE_Agent_20260709/VPD-OE_Agent/data/raw/ZY/ZY03.xls,现金流量表,19
16b139ab794b8a33,historical_600_unknown_rule,ZY03,2481,17,1,4,Buy_Material,0.0,688.0,订购原料 R1:2 R2:2 R3:4 R4:2,src_e3cd51a93aa1,origin data/VPD-OE_Agent_20260709/VPD-OE_Agent/data/raw/ZY/ZY03.xls,现金流量表,20
9e8d12315194b94c,historical_600_unknown_rule,ZY03,2483,18,1,4,Invest_ProductLine,-200.0,488.0,投资在建生产线,src_e3cd51a93aa1,origin data/VPD-OE_Agent_20260709/VPD-OE_Agent/data/raw/ZY/ZY03.xls,现金流量表,21
297a6af2069c4ea4,historical_600_unknown_rule,ZY03,2488,19,1,4,Develop_Product,-10.0,478.0,产品生产资格投资: P3,src_e3cd51a93aa1,origin data/VPD-OE_Agent_20260709/VPD-OE_Agent/data/raw/ZY/ZY03.xls,现金流量表,22
0a09c27827289edd,historical_600_unknown_rule,ZY03,2489,20,1,4,Develop_Market,-50.0,428.0,"市场开拓资格投资,开发项目:本地 区域 国内 亚洲 国际",src_e3cd51a93aa1,origin data/VPD-OE_Agent_20260709/VPD-OE_Agent/data/raw/ZY/ZY03.xls,现金流量表,23
4aff69129a160698,historical_600_unknown_rule,ZY03,2491,21,1,4,Develop_ISO,-30.0,398.0,"ISO认证资格投资,开发：ISO9000 ISO14000",src_e3cd51a93aa1,origin data/VPD-OE_Agent_20260709/VPD-OE_Agent/data/raw/ZY/ZY03.xls,现金流量表,24
34352ba135b22da0,historical_600_unknown_rule,ZY03,2493,22,1,4,Pay_Overhaul,-10.0,388.0,支付行政管理费,src_e3cd51a93aa1,origin data/VPD-OE_Agent_20260709/VPD-OE_Agent/data/raw/ZY/ZY03.xls,现金流量表,25
65cda878958da7c7,historical_600_unknown_rule,ZY03,2672,23,2,1,Pay_AD,-62.0,326.0,广告投放,src_e3cd51a93aa1,origin data/VPD-OE_Agent_20260709/VPD-OE_Agent/data/raw/ZY/ZY03.xls,现金流量表,26
f693c29e0af387fd,historical_600_unknown_rule,ZY03,2687,24,2,1,Long_Loan,492.0,818.0,申请:5年 492W的长期贷款,src_e3cd51a93aa1,origin data/VPD-OE_Agent_20260709/VPD-OE_Agent/data/raw/ZY/ZY03.xls,现金流量表,27
63abfe0363689b4e,historical_600_unknown_rule,ZY03,2697,25,2,1,Pay_Material,-100.0,718.0,支付原料费 R3:4 R4:2 R1:2 R2:2,src_e3cd51a93aa1,origin data/VPD-OE_Agent_20260709/VPD-OE_Agent/data/raw/ZY/ZY03.xls,现金流量表,28
9aa394d882f1ceed,historical_600_unknown_rule,ZY03,2710,26,2,1,Buy_Material,0.0,718.0,订购原料 R1:2 R2:2 R3:4 R4:2,src_e3cd51a93aa1,origin data/VPD-OE_Agent_20260709/VPD-OE_Agent/data/raw/ZY/ZY03.xls,现金流量表,29
2148e42b99353222,historical_600_unknown_rule,ZY03,2712,27,2,1,Product_Produce,-40.0,678.0,183:P2 184:P2 185:P3 186:P3,src_e3cd51a93aa1,origin data/VPD-OE_Agent_20260709/VPD-OE_Agent/data/raw/ZY/ZY03.xls,现金流量表,30
bb1385734e6b9276,historical_600_unknown_rule,ZY03,2764,28,2,1,Pay_Overhaul,-10.0,668.0,支付行政管理费,src_e3cd51a93aa1,origin data/VPD-OE_Agent_20260709/VPD-OE_Agent/data/raw/ZY/ZY03.xls,现金流量表,31
ae2651a94393dee4,historical_600_unknown_rule,ZY03,2787,29,2,2,Pay_Material,-100.0,568.0,支付原料费 R3:4 R4:2 R1:2 R2:2,src_e3cd51a93aa1,origin data/VPD-OE_Agent_20260709/VPD-OE_Agent/data/raw/ZY/ZY03.xls,现金流量表,32
03647b61385965fd,historical_600_unknown_rule,ZY03,2794,30,2,2,Buy_Material,0.0,568.0,订购原料 R1:2 R2:2 R3:4 R4:2,src_e3cd51a93aa1,origin data/VPD-OE_Agent_20260709/VPD-OE_Agent/data/raw/ZY/ZY03.xls,现金流量表,33
6f3cbc24655dadaf,historical_600_unknown_rule,ZY03,2797,31,2,2,Product_Produce,-40.0,528.0,183:P2 184:P2 185:P3 186:P3,src_e3cd51a93aa1,origin data/VPD-OE_Agent_20260709/VPD-OE_Agent/data/raw/ZY/ZY03.xls,现金流量表,34
e75670bb41fae382,historical_600_unknown_rule,ZY03,2824,32,2,2,Renew_Workshop,-40.0,488.0,厂房续租,src_e3cd51a93aa1,origin data/VPD-OE_Agent_20260709/VPD-OE_Agent/data/raw/ZY/ZY03.xls,现金流量表,35
3ea7d4ac9adc80e6,historical_600_unknown_rule,ZY03,2825,33,2,2,Pay_Overhaul,-10.0,478.0,支付行政管理费,src_e3cd51a93aa1,origin data/VPD-OE_Agent_20260709/VPD-OE_Agent/data/raw/ZY/ZY03.xls,现金流量表,36
8d29e65cb7b4e4a1,historical_600_unknown_rule,ZY03,2827,34,2,3,Pay_Short_Loan,-324.0,154.0,短贷还本息,src_e3cd51a93aa1,origin data/VPD-OE_Agent_20260709/VPD-OE_Agent/data/raw/ZY/ZY03.xls,现金流量表,37
e5b52bb7cac046f1,historical_600_unknown_rule,ZY03,2938,35,2,3,Short_Loan,309.0,463.0,申请:4季 309W的短期贷款,src_e3cd51a93aa1,origin data/VPD-OE_Agent_20260709/VPD-OE_Agent/data/raw/ZY/ZY03.xls,现金流量表,38
692f55c7369c0101,historical_600_unknown_rule,ZY03,2941,36,2,3,Pay_Material,-100.0,363.0,支付原料费 R3:4 R4:2 R1:2 R2:2,src_e3cd51a93aa1,origin data/VPD-OE_Agent_20260709/VPD-OE_Agent/data/raw/ZY/ZY03.xls,现金流量表,39
fd1786f92101a8db,historical_600_unknown_rule,ZY03,2947,37,2,3,Buy_Material,0.0,363.0,订购原料 R1:2 R2:2 R3:4 R4:2,src_e3cd51a93aa1,origin data/VPD-OE_Agent_20260709/VPD-OE_Agent/data/raw/ZY/ZY03.xls,现金流量表,40
75737470e83fe1da,historical_600_unknown_rule,ZY03,2949,38,2,3,Product_Produce,-40.0,323.0,183:P2 184:P2 185:P3 186:P3,src_e3cd51a93aa1,origin data/VPD-OE_Agent_20260709/VPD-OE_Agent/data/raw/ZY/ZY03.xls,现金流量表,41
3a0211cfdb9e9403,historical_600_unknown_rule,ZY03,2956,39,2,3,Pay_Overhaul,-10.0,313.0,支付行政管理费,src_e3cd51a93aa1,origin data/VPD-OE_Agent_20260709/VPD-OE_Agent/data/raw/ZY/ZY03.xls,现金流量表,42
ee373b6943712b9c,historical_600_unknown_rule,ZY03,2964,40,2,4,Discount,9.0,322.0,"1期贴现:0W,2期贴现:10W,3期贴现:0W,4期贴现:0W",src_e3cd51a93aa1,origin data/VPD-OE_Agent_20260709/VPD-OE_Agent/data/raw/ZY/ZY03.xls,现金流量表,43
84ba01108daa9597,historical_600_unknown_rule,ZY03,2982,41,2,4,Discount,9.0,331.0,"1期贴现:0W,2期贴现:10W,3期贴现:0W,4期贴现:0W",src_e3cd51a93aa1,origin data/VPD-OE_Agent_20260709/VPD-OE_Agent/data/raw/ZY/ZY03.xls,现金流量表,44
b59479456c0180ef,historical_600_unknown_rule,ZY03,2992,42,2,4,Pay_Short_Loan,-324.0,7.0,短贷还本息,src_e3cd51a93aa1,origin data/VPD-OE_Agent_20260709/VPD-OE_Agent/data/raw/ZY/ZY03.xls,现金流量表,45
77427dbe1184d53f,historical_600_unknown_rule,ZY03,2994,43,2,4,Short_Loan,309.0,316.0,申请:4季 309W的短期贷款,src_e3cd51a93aa1,origin data/VPD-OE_Agent_20260709/VPD-OE_Agent/data/raw/ZY/ZY03.xls,现金流量表,46
cb2c04057e8a8d86,historical_600_unknown_rule,ZY03,2997,44,2,4,Pay_Material,-100.0,216.0,支付原料费 R3:4 R4:2 R1:2 R2:2,src_e3cd51a93aa1,origin data/VPD-OE_Agent_20260709/VPD-OE_Agent/data/raw/ZY/ZY03.xls,现金流量表,47
934f33a7f602d262,historical_600_unknown_rule,ZY03,2998,45,2,4,Buy_Material,0.0,216.0,订购原料 R1:2 R2:2 R3:4 R4:2,src_e3cd51a93aa1,origin data/VPD-OE_Agent_20260709/VPD-OE_Agent/data/raw/ZY/ZY03.xls,现金流量表,48
a7d80651b189de66,historical_600_unknown_rule,ZY03,2999,46,2,4,Product_Produce,-40.0,176.0,183:P2 184:P2 185:P3 186:P3,src_e3cd51a93aa1,origin data/VPD-OE_Agent_20260709/VPD-OE_Agent/data/raw/ZY/ZY03.xls,现金流量表,49
a5a07156c252a7ed,historical_600_unknown_rule,ZY03,3000,47,2,4,Update_Receivable,190.0,366.0,更新应收款,src_e3cd51a93aa1,origin data/VPD-OE_Agent_20260709/VPD-OE_Agent/data/raw/ZY/ZY03.xls,现金流量表,50
4967a56528dbad69,historical_600_unknown_rule,ZY03,3001,48,2,4,Develop_ISO,-30.0,336.0,"ISO认证资格投资,开发：ISO9000 ISO14000",src_e3cd51a93aa1,origin data/VPD-OE_Agent_20260709/VPD-OE_Agent/data/raw/ZY/ZY03.xls,现金流量表,51
70d1eafaebcbcb28,historical_600_unknown_rule,ZY03,3004,49,2,4,Develop_Market,-30.0,306.0,"市场开拓资格投资,开发项目:国内 亚洲 国际",src_e3cd51a93aa1,origin data/VPD-OE_Agent_20260709/VPD-OE_Agent/data/raw/ZY/ZY03.xls,现金流量表,52
f64b16791f6edb56,historical_600_unknown_rule,ZY03,3097,50,2,4,Pay_Overhaul,-10.0,296.0,支付行政管理费,src_e3cd51a93aa1,origin data/VPD-OE_Agent_20260709/VPD-OE_Agent/data/raw/ZY/ZY03.xls,现金流量表,53
0a8c893315cd012f,historical_600_unknown_rule,ZY03,3098,51,2,4,Pay_Maintenance,-40.0,256.0,支付维护费,src_e3cd51a93aa1,origin data/VPD-OE_Agent_20260709/VPD-OE_Agent/data/raw/ZY/ZY03.xls,现金流量表,54
795301f285e0102d,historical_600_unknown_rule,ZY03,3254,52,3,1,Pay_Long_Loan,-49.0,207.0,支付长贷本息,src_e3cd51a93aa1,origin data/VPD-OE_Agent_20260709/VPD-OE_Agent/data/raw/ZY/ZY03.xls,现金流量表,55
c8893d728f90d025,historical_600_unknown_rule,ZY03,3255,53,3,1,Pay_AD,-54.0,153.0,广告投放,src_e3cd51a93aa1,origin data/VPD-OE_Agent_20260709/VPD-OE_Agent/data/raw/ZY/ZY03.xls,现金流量表,56
88ebc3e40563e3e9,historical_600_unknown_rule,ZY03,3269,54,3,1,Auction_Win,-10.0,143.0,竞单成功，获得订单:J31-0011,src_e3cd51a93aa1,origin data/VPD-OE_Agent_20260709/VPD-OE_Agent/data/raw/ZY/ZY03.xls,现金流量表,57
25aa17045c1a4626,historical_600_unknown_rule,ZY03,3278,55,3,1,Long_Loan,504.0,647.0,申请:5年 504W的长期贷款,src_e3cd51a93aa1,origin data/VPD-OE_Agent_20260709/VPD-OE_Agent/data/raw/ZY/ZY03.xls,现金流量表,58
3a0449aa5bbfe812,historical_600_unknown_rule,ZY03,3282,56,3,1,Pay_Material,-100.0,547.0,支付原料费 R3:4 R4:2 R1:2 R2:2,src_e3cd51a93aa1,origin data/VPD-OE_Agent_20260709/VPD-OE_Agent/data/raw/ZY/ZY03.xls,现金流量表,59
3090effbbef5f8a0,historical_600_unknown_rule,ZY03,3286,57,3,1,Buy_Material,0.0,547.0,订购原料 R1:2 R2:2 R3:4 R4:2,src_e3cd51a93aa1,origin data/VPD-OE_Agent_20260709/VPD-OE_Agent/data/raw/ZY/ZY03.xls,现金流量表,60
baa60431609d2ec9,historical_600_unknown_rule,ZY03,3293,58,3,1,Product_Produce,-40.0,507.0,183:P2 184:P2 185:P3 186:P3,src_e3cd51a93aa1,origin data/VPD-OE_Agent_20260709/VPD-OE_Agent/data/raw/ZY/ZY03.xls,现金流量表,61
edff207672567cda,historical_600_unknown_rule,ZY03,3297,59,3,1,Update_Receivable,240.0,747.0,更新应收款,src_e3cd51a93aa1,origin data/VPD-OE_Agent_20260709/VPD-OE_Agent/data/raw/ZY/ZY03.xls,现金流量表,62
c58e5efbd1fe72e7,historical_600_unknown_rule,ZY03,3315,60,3,1,Pay_Overhaul,-10.0,737.0,支付行政管理费,src_e3cd51a93aa1,origin data/VPD-OE_Agent_20260709/VPD-OE_Agent/data/raw/ZY/ZY03.xls,现金流量表,63
cba392dcc91a5985,historical_600_unknown_rule,ZY03,3320,61,3,2,Pay_Material,-100.0,637.0,支付原料费 R3:4 R4:2 R1:2 R2:2,src_e3cd51a93aa1,origin data/VPD-OE_Agent_20260709/VPD-OE_Agent/data/raw/ZY/ZY03.xls,现金流量表,64
96074eb6fa786fd7,historical_600_unknown_rule,ZY03,3332,62,3,2,Buy_Material,0.0,637.0,订购原料 R1:2 R2:2 R3:4 R4:2,src_e3cd51a93aa1,origin data/VPD-OE_Agent_20260709/VPD-OE_Agent/data/raw/ZY/ZY03.xls,现金流量表,65
a02e2eb83592bffe,historical_600_unknown_rule,ZY03,3335,63,3,2,Product_Produce,-40.0,597.0,183:P2 184:P2 185:P3 186:P3,src_e3cd51a93aa1,origin data/VPD-OE_Agent_20260709/VPD-OE_Agent/data/raw/ZY/ZY03.xls,现金流量表,66
be77af059863e28c,historical_600_unknown_rule,ZY03,3360,64,3,2,Renew_Workshop,-40.0,557.0,厂房续租,src_e3cd51a93aa1,origin data/VPD-OE_Agent_20260709/VPD-OE_Agent/data/raw/ZY/ZY03.xls,现金流量表,67
63a7a33bb6ba761e,historical_600_unknown_rule,ZY03,3361,65,3,2,Pay_Overhaul,-10.0,547.0,支付行政管理费,src_e3cd51a93aa1,origin data/VPD-OE_Agent_20260709/VPD-OE_Agent/data/raw/ZY/ZY03.xls,现金流量表,68
881e029e7b410582,historical_600_unknown_rule,ZY03,3363,66,3,3,Pay_Short_Loan,-324.0,223.0,短贷还本息,src_e3cd51a93aa1,origin data/VPD-OE_Agent_20260709/VPD-OE_Agent/data/raw/ZY/ZY03.xls,现金流量表,69
49a3967f26a916b7,historical_600_unknown_rule,ZY03,3368,67,3,3,Short_Loan,309.0,532.0,申请:4季 309W的短期贷款,src_e3cd51a93aa1,origin data/VPD-OE_Agent_20260709/VPD-OE_Agent/data/raw/ZY/ZY03.xls,现金流量表,70
57fdce6e42584871,historical_600_unknown_rule,ZY03,3369,68,3,3,Pay_Material,-100.0,432.0,支付原料费 R3:4 R4:2 R1:2 R2:2,src_e3cd51a93aa1,origin data/VPD-OE_Agent_20260709/VPD-OE_Agent/data/raw/ZY/ZY03.xls,现金流量表,71
1d52a27a4800f5ee,historical_600_unknown_rule,ZY03,3375,69,3,3,Buy_Material,0.0,432.0,订购原料 R1:2 R2:2 R3:4 R4:2,src_e3cd51a93aa1,origin data/VPD-OE_Agent_20260709/VPD-OE_Agent/data/raw/ZY/ZY03.xls,现金流量表,72
6846287b63dedea0,historical_600_unknown_rule,ZY03,3377,70,3,3,Product_Produce,-40.0,392.0,183:P2 184:P2 185:P3 186:P3,src_e3cd51a93aa1,origin data/VPD-OE_Agent_20260709/VPD-OE_Agent/data/raw/ZY/ZY03.xls,现金流量表,73
52ed4c1e5fc585ef,historical_600_unknown_rule,ZY03,3382,71,3,3,Update_Receivable,614.0,1006.0,更新应收款,src_e3cd51a93aa1,origin data/VPD-OE_Agent_20260709/VPD-OE_Agent/data/raw/ZY/ZY03.xls,现金流量表,74
848f7dbce5cec062,historical_600_unknown_rule,ZY03,3402,72,3,3,Pay_Overhaul,-10.0,996.0,支付行政管理费,src_e3cd51a93aa1,origin data/VPD-OE_Agent_20260709/VPD-OE_Agent/data/raw/ZY/ZY03.xls,现金流量表,75
504b04e1deeeceac,historical_600_unknown_rule,ZY03,3406,73,3,4,Pay_Short_Loan,-324.0,672.0,短贷还本息,src_e3cd51a93aa1,origin data/VPD-OE_Agent_20260709/VPD-OE_Agent/data/raw/ZY/ZY03.xls,现金流量表,76
db8f11edef237c9a,historical_600_unknown_rule,ZY03,3719,74,3,4,Short_Loan,309.0,981.0,申请:4季 309W的短期贷款,src_e3cd51a93aa1,origin data/VPD-OE_Agent_20260709/VPD-OE_Agent/data/raw/ZY/ZY03.xls,现金流量表,77
7364d0d20f650838,historical_600_unknown_rule,ZY03,3720,75,3,4,Pay_Material,-100.0,881.0,支付原料费 R3:4 R4:2 R1:2 R2:2,src_e3cd51a93aa1,origin data/VPD-OE_Agent_20260709/VPD-OE_Agent/data/raw/ZY/ZY03.xls,现金流量表,78
e102177efed6fe92,historical_600_unknown_rule,ZY03,3721,76,3,4,Buy_Material,0.0,881.0,订购原料 R1:2 R2:2 R3:4 R4:2,src_e3cd51a93aa1,origin data/VPD-OE_Agent_20260709/VPD-OE_Agent/data/raw/ZY/ZY03.xls,现金流量表,79
ad2d4fa82251168e,historical_600_unknown_rule,ZY03,3722,77,3,4,Product_Produce,-40.0,841.0,183:P2 184:P2 185:P3 186:P3,src_e3cd51a93aa1,origin data/VPD-OE_Agent_20260709/VPD-OE_Agent/data/raw/ZY/ZY03.xls,现金流量表,80
e259bca386f0cff2,historical_600_unknown_rule,ZY03,3723,78,3,4,Emergency_Buy_Product,-120.0,721.0,"紧急采购产品，数量分别为：0,0,1,0",src_e3cd51a93aa1,origin data/VPD-OE_Agent_20260709/VPD-OE_Agent/data/raw/ZY/ZY03.xls,现金流量表,81
9e157e72e1075db3,historical_600_unknown_rule,ZY03,3724,79,3,4,Update_Receivable,590.0,1311.0,更新应收款,src_e3cd51a93aa1,origin data/VPD-OE_Agent_20260709/VPD-OE_Agent/data/raw/ZY/ZY03.xls,现金流量表,82
39790f829beeb61a,historical_600_unknown_rule,ZY03,3725,80,3,4,Develop_Market,-20.0,1291.0,"市场开拓资格投资,开发项目:亚洲 国际",src_e3cd51a93aa1,origin data/VPD-OE_Agent_20260709/VPD-OE_Agent/data/raw/ZY/ZY03.xls,现金流量表,83
f160ced130680a92,historical_600_unknown_rule,ZY03,3726,81,3,4,Pay_Overhaul,-10.0,1281.0,支付行政管理费,src_e3cd51a93aa1,origin data/VPD-OE_Agent_20260709/VPD-OE_Agent/data/raw/ZY/ZY03.xls,现金流量表,84
7b06ca33439acaef,historical_600_unknown_rule,ZY03,3727,82,3,4,Pay_Maintenance,-40.0,1241.0,支付维护费,src_e3cd51a93aa1,origin data/VPD-OE_Agent_20260709/VPD-OE_Agent/data/raw/ZY/ZY03.xls,现金流量表,85
5b5486e74c534ec4,historical_600_unknown_rule,ZY03,3742,83,4,1,Pay_Tax,-51.0,1190.0,支付上一年税金,src_e3cd51a93aa1,origin data/VPD-OE_Agent_20260709/VPD-OE_Agent/data/raw/ZY/ZY03.xls,现金流量表,86
14dff7aaffd9391e,historical_600_unknown_rule,ZY03,3743,84,4,1,Pay_Long_Loan,-100.0,1090.0,支付长贷本息,src_e3cd51a93aa1,origin data/VPD-OE_Agent_20260709/VPD-OE_Agent/data/raw/ZY/ZY03.xls,现金流量表,87
db8ec370759d5f9c,historical_600_unknown_rule,ZY03,3744,85,4,1,Pay_AD,-86.0,1004.0,广告投放,src_e3cd51a93aa1,origin data/VPD-OE_Agent_20260709/VPD-OE_Agent/data/raw/ZY/ZY03.xls,现金流量表,88
e4474521a15e6754,historical_600_unknown_rule,ZY03,4311,86,4,1,Pay_Material,-100.0,904.0,支付原料费 R3:4 R4:2 R1:2 R2:2,src_e3cd51a93aa1,origin data/VPD-OE_Agent_20260709/VPD-OE_Agent/data/raw/ZY/ZY03.xls,现金流量表,89
b2bae43290931d34,historical_600_unknown_rule,ZY03,4312,87,4,1,Buy_Material,0.0,904.0,订购原料 R1:2 R2:2 R3:4 R4:2,src_e3cd51a93aa1,origin data/VPD-OE_Agent_20260709/VPD-OE_Agent/data/raw/ZY/ZY03.xls,现金流量表,90
3527f6c1c4633223,historical_600_unknown_rule,ZY03,4313,88,4,1,Product_Produce,-40.0,864.0,183:P2 184:P2 185:P3 186:P3,src_e3cd51a93aa1,origin data/VPD-OE_Agent_20260709/VPD-OE_Agent/data/raw/ZY/ZY03.xls,现金流量表,91
6fa23b9ea477c953,historical_600_unknown_rule,ZY03,4314,89,4,1,Update_Receivable,243.0,1107.0,更新应收款,src_e3cd51a93aa1,origin data/VPD-OE_Agent_20260709/VPD-OE_Agent/data/raw/ZY/ZY03.xls,现金流量表,92
c649bd8c3f3b38b1,historical_600_unknown_rule,ZY03,4315,90,4,1,Develop_Product,-20.0,1087.0,产品生产资格投资: P1 P4,src_e3cd51a93aa1,origin data/VPD-OE_Agent_20260709/VPD-OE_Agent/data/raw/ZY/ZY03.xls,现金流量表,93
91deaac8e756ec21,historical_600_unknown_rule,ZY03,4316,91,4,1,Pay_Overhaul,-10.0,1077.0,支付行政管理费,src_e3cd51a93aa1,origin data/VPD-OE_Agent_20260709/VPD-OE_Agent/data/raw/ZY/ZY03.xls,现金流量表,94
16549191292c1aa0,historical_600_unknown_rule,ZY03,4317,92,4,2,Pay_Material,-100.0,977.0,支付原料费 R3:4 R4:2 R1:2 R2:2,src_e3cd51a93aa1,origin data/VPD-OE_Agent_20260709/VPD-OE_Agent/data/raw/ZY/ZY03.xls,现金流量表,95
a314feab4cc3c747,historical_600_unknown_rule,ZY03,4318,93,4,2,Buy_Material,0.0,977.0,订购原料 R1:2 R2:2 R3:4 R4:2,src_e3cd51a93aa1,origin data/VPD-OE_Agent_20260709/VPD-OE_Agent/data/raw/ZY/ZY03.xls,现金流量表,96
6e960bba9dc0bcbc,historical_600_unknown_rule,ZY03,4319,94,4,2,Rent_Workshop,-40.0,937.0,租用[大厂房],src_e3cd51a93aa1,origin data/VPD-OE_Agent_20260709/VPD-OE_Agent/data/raw/ZY/ZY03.xls,现金流量表,97
baf607fb2f9ab6a5,historical_600_unknown_rule,ZY03,4320,95,4,2,Buy_ProductLine,-50.0,887.0,订购[自动线]生产[P2],src_e3cd51a93aa1,origin data/VPD-OE_Agent_20260709/VPD-OE_Agent/data/raw/ZY/ZY03.xls,现金流量表,98
7e4762b52034b3ef,historical_600_unknown_rule,ZY03,4321,96,4,2,Buy_ProductLine,-50.0,837.0,订购[自动线]生产[P2],src_e3cd51a93aa1,origin data/VPD-OE_Agent_20260709/VPD-OE_Agent/data/raw/ZY/ZY03.xls,现金流量表,99
b1ccd7fb3503f60c,historical_600_unknown_rule,ZY03,4322,97,4,2,Buy_ProductLine,-50.0,787.0,订购[自动线]生产[P3],src_e3cd51a93aa1,origin data/VPD-OE_Agent_20260709/VPD-OE_Agent/data/raw/ZY/ZY03.xls,现金流量表,100
a816d5e16f5dfbb5,historical_600_unknown_rule,ZY03,4323,98,4,2,Buy_ProductLine,-50.0,737.0,订购[自动线]生产[P3],src_e3cd51a93aa1,origin data/VPD-OE_Agent_20260709/VPD-OE_Agent/data/raw/ZY/ZY03.xls,现金流量表,101
abe5476097c1eef4,historical_600_unknown_rule,ZY03,4324,99,4,2,Product_Produce,-40.0,697.0,183:P2 184:P2 185:P3 186:P3,src_e3cd51a93aa1,origin data/VPD-OE_Agent_20260709/VPD-OE_Agent/data/raw/ZY/ZY03.xls,现金流量表,102
0bd7d4710c49eb5b,historical_600_unknown_rule,ZY03,4325,100,4,2,Develop_Product,-20.0,677.0,产品生产资格投资: P1 P4,src_e3cd51a93aa1,origin data/VPD-OE_Agent_20260709/VPD-OE_Agent/data/raw/ZY/ZY03.xls,现金流量表,103
4e5be6423f8a18ab,historical_600_unknown_rule,ZY03,4326,101,4,2,Renew_Workshop,-40.0,637.0,厂房续租,src_e3cd51a93aa1,origin data/VPD-OE_Agent_20260709/VPD-OE_Agent/data/raw/ZY/ZY03.xls,现金流量表,104
2f341175b64e5d49,historical_600_unknown_rule,ZY03,4327,102,4,2,Pay_Overhaul,-10.0,627.0,支付行政管理费,src_e3cd51a93aa1,origin data/VPD-OE_Agent_20260709/VPD-OE_Agent/data/raw/ZY/ZY03.xls,现金流量表,105
a61bb0232dc534a7,historical_600_unknown_rule,ZY03,4328,103,4,3,Pay_Short_Loan,-324.0,303.0,短贷还本息,src_e3cd51a93aa1,origin data/VPD-OE_Agent_20260709/VPD-OE_Agent/data/raw/ZY/ZY03.xls,现金流量表,106
b7a3ea17012f9f6d,historical_600_unknown_rule,ZY03,4329,104,4,3,Short_Loan,309.0,612.0,申请:4季 309W的短期贷款,src_e3cd51a93aa1,origin data/VPD-OE_Agent_20260709/VPD-OE_Agent/data/raw/ZY/ZY03.xls,现金流量表,107
b017d566ec8a9754,historical_600_unknown_rule,ZY03,4330,105,4,3,Pay_Material,-100.0,512.0,支付原料费 R3:4 R4:2 R1:2 R2:2,src_e3cd51a93aa1,origin data/VPD-OE_Agent_20260709/VPD-OE_Agent/data/raw/ZY/ZY03.xls,现金流量表,108
f1aff41e22cdcb6f,historical_600_unknown_rule,ZY03,4331,106,4,3,Invest_ProductLine,-200.0,312.0,投资在建生产线,src_e3cd51a93aa1,origin data/VPD-OE_Agent_20260709/VPD-OE_Agent/data/raw/ZY/ZY03.xls,现金流量表,109
4f98b671488ec49d,historical_600_unknown_rule,ZY03,4332,107,4,3,Product_Produce,-40.0,272.0,183:P2 184:P2 185:P3 186:P3,src_e3cd51a93aa1,origin data/VPD-OE_Agent_20260709/VPD-OE_Agent/data/raw/ZY/ZY03.xls,现金流量表,110
1697b0b797be9efa,historical_600_unknown_rule,ZY03,4333,108,4,3,Buy_Material,0.0,272.0,订购原料 R1:2 R2:2 R3:8 R4:4,src_e3cd51a93aa1,origin data/VPD-OE_Agent_20260709/VPD-OE_Agent/data/raw/ZY/ZY03.xls,现金流量表,111
8a4c3a4c1b60e84e,historical_600_unknown_rule,ZY03,4334,109,4,3,Update_Receivable,584.0,856.0,更新应收款,src_e3cd51a93aa1,origin data/VPD-OE_Agent_20260709/VPD-OE_Agent/data/raw/ZY/ZY03.xls,现金流量表,112
2ae1a6c79127aa11,historical_600_unknown_rule,ZY03,4335,110,4,3,Develop_Product,-10.0,846.0,产品生产资格投资: P4,src_e3cd51a93aa1,origin data/VPD-OE_Agent_20260709/VPD-OE_Agent/data/raw/ZY/ZY03.xls,现金流量表,113
230974987d00c52a,historical_600_unknown_rule,ZY03,4336,111,4,3,Pay_Overhaul,-10.0,836.0,支付行政管理费,src_e3cd51a93aa1,origin data/VPD-OE_Agent_20260709/VPD-OE_Agent/data/raw/ZY/ZY03.xls,现金流量表,114
1d11f481df24a9de,historical_600_unknown_rule,ZY03,4337,112,4,4,Pay_Short_Loan,-324.0,512.0,短贷还本息,src_e3cd51a93aa1,origin data/VPD-OE_Agent_20260709/VPD-OE_Agent/data/raw/ZY/ZY03.xls,现金流量表,115
c2b2f96381647bf9,historical_600_unknown_rule,ZY03,4338,113,4,4,Short_Loan,309.0,821.0,申请:4季 309W的短期贷款,src_e3cd51a93aa1,origin data/VPD-OE_Agent_20260709/VPD-OE_Agent/data/raw/ZY/ZY03.xls,现金流量表,116
290e6d34b5deb45a,historical_600_unknown_rule,ZY03,4339,114,4,4,Pay_Material,-100.0,721.0,支付原料费 R3:4 R4:2 R1:2 R2:2,src_e3cd51a93aa1,origin data/VPD-OE_Agent_20260709/VPD-OE_Agent/data/raw/ZY/ZY03.xls,现金流量表,117
923382e5fa83021a,historical_600_unknown_rule,ZY03,4340,115,4,4,Buy_Material,0.0,721.0,订购原料 R1:4 R2:4 R3:8 R4:4,src_e3cd51a93aa1,origin data/VPD-OE_Agent_20260709/VPD-OE_Agent/data/raw/ZY/ZY03.xls,现金流量表,118
9e89bccf632fef3a,historical_600_unknown_rule,ZY03,4341,116,4,4,Invest_ProductLine,-200.0,521.0,投资在建生产线,src_e3cd51a93aa1,origin data/VPD-OE_Agent_20260709/VPD-OE_Agent/data/raw/ZY/ZY03.xls,现金流量表,119
9316b85e4df5fbde,historical_600_unknown_rule,ZY03,4342,117,4,4,Product_Produce,-40.0,481.0,183:P2 184:P2 185:P3 186:P3,src_e3cd51a93aa1,origin data/VPD-OE_Agent_20260709/VPD-OE_Agent/data/raw/ZY/ZY03.xls,现金流量表,120
7eaa9ab04bd19d91,historical_600_unknown_rule,ZY03,4343,118,4,4,Update_Receivable,262.0,743.0,更新应收款,src_e3cd51a93aa1,origin data/VPD-OE_Agent_20260709/VPD-OE_Agent/data/raw/ZY/ZY03.xls,现金流量表,121
a44a06855ff7523a,historical_600_unknown_rule,ZY03,4344,119,4,4,Develop_Market,-10.0,733.0,"市场开拓资格投资,开发项目:国际",src_e3cd51a93aa1,origin data/VPD-OE_Agent_20260709/VPD-OE_Agent/data/raw/ZY/ZY03.xls,现金流量表,122
b8498fe8cdf10e9a,historical_600_unknown_rule,ZY03,4345,120,4,4,Develop_Product,-10.0,723.0,产品生产资格投资: P4,src_e3cd51a93aa1,origin data/VPD-OE_Agent_20260709/VPD-OE_Agent/data/raw/ZY/ZY03.xls,现金流量表,123
526d4d5b6b9627f4,historical_600_unknown_rule,ZY03,4346,121,4,4,Pay_Overhaul,-10.0,713.0,支付行政管理费,src_e3cd51a93aa1,origin data/VPD-OE_Agent_20260709/VPD-OE_Agent/data/raw/ZY/ZY03.xls,现金流量表,124
cfd73aeadcdab56c,historical_600_unknown_rule,ZY03,4347,122,4,4,Pay_Maintenance,-40.0,673.0,支付维护费,src_e3cd51a93aa1,origin data/VPD-OE_Agent_20260709/VPD-OE_Agent/data/raw/ZY/ZY03.xls,现金流量表,125
e4515aa4c6b0b5c5,historical_600_unknown_rule,ZY03,4450,123,5,1,Pay_Long_Loan,-100.0,573.0,支付长贷本息,src_e3cd51a93aa1,origin data/VPD-OE_Agent_20260709/VPD-OE_Agent/data/raw/ZY/ZY03.xls,现金流量表,126
f046d1b635db09ee,historical_600_unknown_rule,ZY03,4451,124,5,1,Pay_AD,-22.0,551.0,广告投放,src_e3cd51a93aa1,origin data/VPD-OE_Agent_20260709/VPD-OE_Agent/data/raw/ZY/ZY03.xls,现金流量表,127
458bd55a94a86e13,historical_600_unknown_rule,ZY03,4475,125,5,1,Auction_Win,-10.0,541.0,竞单成功，获得订单:J51-0021,src_e3cd51a93aa1,origin data/VPD-OE_Agent_20260709/VPD-OE_Agent/data/raw/ZY/ZY03.xls,现金流量表,128
8a6f8e2e1734f3dd,historical_600_unknown_rule,ZY03,4476,126,5,1,Auction_Win,-10.0,531.0,竞单成功，获得订单:J52-0022,src_e3cd51a93aa1,origin data/VPD-OE_Agent_20260709/VPD-OE_Agent/data/raw/ZY/ZY03.xls,现金流量表,129
d4a65966959224c5,historical_600_unknown_rule,ZY03,4479,127,5,1,Auction_Win,-10.0,521.0,竞单成功，获得订单:J51-0026,src_e3cd51a93aa1,origin data/VPD-OE_Agent_20260709/VPD-OE_Agent/data/raw/ZY/ZY03.xls,现金流量表,130
ac8ab09b980b88b6,historical_600_unknown_rule,ZY03,4480,128,5,1,Auction_Win,-10.0,511.0,竞单成功，获得订单:J52-0027,src_e3cd51a93aa1,origin data/VPD-OE_Agent_20260709/VPD-OE_Agent/data/raw/ZY/ZY03.xls,现金流量表,131
aef6aafd1adec8ac,historical_600_unknown_rule,ZY03,4482,129,5,1,Auction_Win,-10.0,501.0,竞单成功，获得订单:J53-0029,src_e3cd51a93aa1,origin data/VPD-OE_Agent_20260709/VPD-OE_Agent/data/raw/ZY/ZY03.xls,现金流量表,132
80eb92c908d4353d,historical_600_unknown_rule,ZY03,4896,130,5,1,Long_Loan,633.0,1134.0,申请:5年 633W的长期贷款,src_e3cd51a93aa1,origin data/VPD-OE_Agent_20260709/VPD-OE_Agent/data/raw/ZY/ZY03.xls,现金流量表,133
5923d807c5ffe001,historical_600_unknown_rule,ZY03,4899,131,5,1,Pay_Material,-200.0,934.0,支付原料费 R3:8 R4:4 R1:4 R2:4,src_e3cd51a93aa1,origin data/VPD-OE_Agent_20260709/VPD-OE_Agent/data/raw/ZY/ZY03.xls,现金流量表,134
09f356a2ba616927,historical_600_unknown_rule,ZY03,4903,132,5,1,Buy_Material,0.0,934.0,订购原料 R1:4 R2:4 R3:8 R4:4,src_e3cd51a93aa1,origin data/VPD-OE_Agent_20260709/VPD-OE_Agent/data/raw/ZY/ZY03.xls,现金流量表,135
f9ebd8dfd8c9d67d,historical_600_unknown_rule,ZY03,4905,133,5,1,Buy_Workshop,-300.0,634.0,购买[大厂房],src_e3cd51a93aa1,origin data/VPD-OE_Agent_20260709/VPD-OE_Agent/data/raw/ZY/ZY03.xls,现金流量表,136
84a62f4afaf96286,historical_600_unknown_rule,ZY03,4932,134,5,1,Buy_ProductLine,-50.0,584.0,订购[自动线]生产[P2],src_e3cd51a93aa1,origin data/VPD-OE_Agent_20260709/VPD-OE_Agent/data/raw/ZY/ZY03.xls,现金流量表,137
8cf3f596011c0582,historical_600_unknown_rule,ZY03,4933,135,5,1,Buy_ProductLine,-50.0,534.0,订购[自动线]生产[P2],src_e3cd51a93aa1,origin data/VPD-OE_Agent_20260709/VPD-OE_Agent/data/raw/ZY/ZY03.xls,现金流量表,138
67984eb70ce24b1b,historical_600_unknown_rule,ZY03,4934,136,5,1,Buy_ProductLine,-50.0,484.0,订购[自动线]生产[P3],src_e3cd51a93aa1,origin data/VPD-OE_Agent_20260709/VPD-OE_Agent/data/raw/ZY/ZY03.xls,现金流量表,139
82e5a2c44342ca14,historical_600_unknown_rule,ZY03,4935,137,5,1,Buy_ProductLine,-50.0,434.0,订购[自动线]生产[P3],src_e3cd51a93aa1,origin data/VPD-OE_Agent_20260709/VPD-OE_Agent/data/raw/ZY/ZY03.xls,现金流量表,140
5505068cc5c3441d,historical_600_unknown_rule,ZY03,4937,138,5,1,Product_Produce,-80.0,354.0,183:P2 184:P2 185:P3 186:P3 241:P2 242:P2 243:P3 244:P3,src_e3cd51a93aa1,origin data/VPD-OE_Agent_20260709/VPD-OE_Agent/data/raw/ZY/ZY03.xls,现金流量表,141
605d105d2d0918bd,historical_600_unknown_rule,ZY03,4941,139,5,1,Update_Receivable,240.0,594.0,更新应收款,src_e3cd51a93aa1,origin data/VPD-OE_Agent_20260709/VPD-OE_Agent/data/raw/ZY/ZY03.xls,现金流量表,142
3ddabaecc75d8594,historical_600_unknown_rule,ZY03,4944,140,5,1,Develop_Product,-10.0,584.0,产品生产资格投资: P4,src_e3cd51a93aa1,origin data/VPD-OE_Agent_20260709/VPD-OE_Agent/data/raw/ZY/ZY03.xls,现金流量表,143
14dd72bf9625973f,historical_600_unknown_rule,ZY03,4945,141,5,1,Pay_Overhaul,-10.0,574.0,支付行政管理费,src_e3cd51a93aa1,origin data/VPD-OE_Agent_20260709/VPD-OE_Agent/data/raw/ZY/ZY03.xls,现金流量表,144
349fa2240d1e2574,historical_600_unknown_rule,ZY03,4950,142,5,2,Pay_Material,-200.0,374.0,支付原料费 R3:8 R4:4 R1:4 R2:4,src_e3cd51a93aa1,origin data/VPD-OE_Agent_20260709/VPD-OE_Agent/data/raw/ZY/ZY03.xls,现金流量表,145
6d7758a61b82643a,historical_600_unknown_rule,ZY03,4953,143,5,2,Product_Produce,-80.0,294.0,183:P2 184:P2 185:P3 186:P3 241:P2 242:P2 243:P3 244:P3,src_e3cd51a93aa1,origin data/VPD-OE_Agent_20260709/VPD-OE_Agent/data/raw/ZY/ZY03.xls,现金流量表,146
fcadec051acb988a,historical_600_unknown_rule,ZY03,4955,144,5,2,Buy_Material,0.0,294.0,订购原料 R1:4,src_e3cd51a93aa1,origin data/VPD-OE_Agent_20260709/VPD-OE_Agent/data/raw/ZY/ZY03.xls,现金流量表,147
d8fd19a7258bba5f,historical_600_unknown_rule,ZY03,4956,145,5,2,Invest_ProductLine,-200.0,94.0,投资在建生产线,src_e3cd51a93aa1,origin data/VPD-OE_Agent_20260709/VPD-OE_Agent/data/raw/ZY/ZY03.xls,现金流量表,148
1c4c14e63539442a,historical_600_unknown_rule,ZY03,4959,146,5,2,Update_Receivable,250.0,344.0,更新应收款,src_e3cd51a93aa1,origin data/VPD-OE_Agent_20260709/VPD-OE_Agent/data/raw/ZY/ZY03.xls,现金流量表,149
05c44ffccdb06615,historical_600_unknown_rule,ZY03,4962,147,5,2,Renew_Workshop,-80.0,264.0,厂房续租,src_e3cd51a93aa1,origin data/VPD-OE_Agent_20260709/VPD-OE_Agent/data/raw/ZY/ZY03.xls,现金流量表,150
798d555753f48bec,historical_600_unknown_rule,ZY03,4963,148,5,2,Pay_Overhaul,-10.0,254.0,支付行政管理费,src_e3cd51a93aa1,origin data/VPD-OE_Agent_20260709/VPD-OE_Agent/data/raw/ZY/ZY03.xls,现金流量表,151
2301467b54be2baf,historical_600_unknown_rule,ZY03,4971,149,5,3,Discount,450.0,704.0,"1期贴现:500W,2期贴现:0W,3期贴现:0W,4期贴现:0W",src_e3cd51a93aa1,origin data/VPD-OE_Agent_20260709/VPD-OE_Agent/data/raw/ZY/ZY03.xls,现金流量表,152
e7be820e15113f56,historical_600_unknown_rule,ZY03,4973,150,5,3,Pay_Short_Loan,-324.0,380.0,短贷还本息,src_e3cd51a93aa1,origin data/VPD-OE_Agent_20260709/VPD-OE_Agent/data/raw/ZY/ZY03.xls,现金流量表,153
09dc55c8c6228462,historical_600_unknown_rule,ZY03,4974,151,5,3,Short_Loan,309.0,689.0,申请:4季 309W的短期贷款,src_e3cd51a93aa1,origin data/VPD-OE_Agent_20260709/VPD-OE_Agent/data/raw/ZY/ZY03.xls,现金流量表,154
286c5a2766abc9fd,historical_600_unknown_rule,ZY03,4975,152,5,3,Pay_Material,-160.0,529.0,支付原料费 R3:8 R4:4 R1:4,src_e3cd51a93aa1,origin data/VPD-OE_Agent_20260709/VPD-OE_Agent/data/raw/ZY/ZY03.xls,现金流量表,155
39cb66cf365bf00f,historical_600_unknown_rule,ZY03,4976,153,5,3,Product_Produce,-40.0,489.0,185:P3 186:P3 243:P3 244:P3,src_e3cd51a93aa1,origin data/VPD-OE_Agent_20260709/VPD-OE_Agent/data/raw/ZY/ZY03.xls,现金流量表,156
44dbec88c60e3af3,historical_600_unknown_rule,ZY03,4978,154,5,3,Invest_ProductLine,-200.0,289.0,投资在建生产线,src_e3cd51a93aa1,origin data/VPD-OE_Agent_20260709/VPD-OE_Agent/data/raw/ZY/ZY03.xls,现金流量表,157
da24182df6140b26,historical_600_unknown_rule,ZY03,4979,155,5,3,Update_Receivable,649.0,938.0,更新应收款,src_e3cd51a93aa1,origin data/VPD-OE_Agent_20260709/VPD-OE_Agent/data/raw/ZY/ZY03.xls,现金流量表,158
0a0f9c4de0e7ae77,historical_600_unknown_rule,ZY03,4986,156,5,3,Pay_Overhaul,-10.0,928.0,支付行政管理费,src_e3cd51a93aa1,origin data/VPD-OE_Agent_20260709/VPD-OE_Agent/data/raw/ZY/ZY03.xls,现金流量表,159
19e273c960519e05,historical_600_unknown_rule,ZY03,4987,157,5,4,Pay_Short_Loan,-324.0,604.0,短贷还本息,src_e3cd51a93aa1,origin data/VPD-OE_Agent_20260709/VPD-OE_Agent/data/raw/ZY/ZY03.xls,现金流量表,160
cb652c2c62112cb4,historical_600_unknown_rule,ZY03,4988,158,5,4,Short_Loan,309.0,913.0,申请:4季 309W的短期贷款,src_e3cd51a93aa1,origin data/VPD-OE_Agent_20260709/VPD-OE_Agent/data/raw/ZY/ZY03.xls,现金流量表,161
321cacc6a62c613e,historical_600_unknown_rule,ZY03,4989,159,5,4,Buy_Workshop,-300.0,613.0,购买[大厂房],src_e3cd51a93aa1,origin data/VPD-OE_Agent_20260709/VPD-OE_Agent/data/raw/ZY/ZY03.xls,现金流量表,162
f0c7fc1cabe51524,historical_600_unknown_rule,ZY03,4990,160,5,4,Update_Receivable,160.0,773.0,更新应收款,src_e3cd51a93aa1,origin data/VPD-OE_Agent_20260709/VPD-OE_Agent/data/raw/ZY/ZY03.xls,现金流量表,163
0007f3a20578cf6c,historical_600_unknown_rule,ZY03,4994,161,5,4,RentTOBuy_Workshop,-300.0,473.0,大厂房(58)租转买,src_e3cd51a93aa1,origin data/VPD-OE_Agent_20260709/VPD-OE_Agent/data/raw/ZY/ZY03.xls,现金流量表,164
6e4efd23de377989,historical_600_unknown_rule,ZY03,4998,162,5,4,RentTOBuy_Workshop,-300.0,173.0,大厂房(76)租转买,src_e3cd51a93aa1,origin data/VPD-OE_Agent_20260709/VPD-OE_Agent/data/raw/ZY/ZY03.xls,现金流量表,165
c75c82f2e55b5621,historical_600_unknown_rule,ZY03,5003,163,5,4,Pay_Overhaul,-10.0,163.0,支付行政管理费,src_e3cd51a93aa1,origin data/VPD-OE_Agent_20260709/VPD-OE_Agent/data/raw/ZY/ZY03.xls,现金流量表,166
478290447ca5b2cf,historical_600_unknown_rule,ZY03,5004,164,5,4,Pay_Maintenance,-120.0,43.0,支付维护费,src_e3cd51a93aa1,origin data/VPD-OE_Agent_20260709/VPD-OE_Agent/data/raw/ZY/ZY03.xls,现金流量表,167
18260849c701b4fc,historical_600_unknown_rule,ZY04,2234,1,1,1,Pay_Capital,600.0,600.0,"公司成立,股东注资",src_158092ee4fdb,origin data/VPD-OE_Agent_20260709/VPD-OE_Agent/data/raw/ZY/ZY04.xls,现金流量表,4
c6049e867ba1fe94,historical_600_unknown_rule,ZY04,2246,2,1,1,Long_Loan,1000.0,1600.0,申请:5年 1000W的长期贷款,src_158092ee4fdb,origin data/VPD-OE_Agent_20260709/VPD-OE_Agent/data/raw/ZY/ZY04.xls,现金流量表,5
2ee9011885cdc8cc,historical_600_unknown_rule,ZY04,2274,3,1,1,Rent_Workshop,-40.0,1560.0,租用[大厂房],src_158092ee4fdb,origin data/VPD-OE_Agent_20260709/VPD-OE_Agent/data/raw/ZY/ZY04.xls,现金流量表,6
5bf7311ddf07955a,historical_600_unknown_rule,ZY04,2296,4,1,1,Develop_Product,-20.0,1540.0,产品生产资格投资: P2 P3,src_158092ee4fdb,origin data/VPD-OE_Agent_20260709/VPD-OE_Agent/data/raw/ZY/ZY04.xls,现金流量表,7
e9d2f620d9a7c943,historical_600_unknown_rule,ZY04,2306,5,1,1,Pay_Overhaul,-10.0,1530.0,支付行政管理费,src_158092ee4fdb,origin data/VPD-OE_Agent_20260709/VPD-OE_Agent/data/raw/ZY/ZY04.xls,现金流量表,8
2a8f3df2eb0c88cb,historical_600_unknown_rule,ZY04,2315,6,1,2,Buy_ProductLine,-50.0,1480.0,订购[自动线]生产[P2],src_158092ee4fdb,origin data/VPD-OE_Agent_20260709/VPD-OE_Agent/data/raw/ZY/ZY04.xls,现金流量表,9
5686dac97f1e37d2,historical_600_unknown_rule,ZY04,2316,7,1,2,Buy_ProductLine,-50.0,1430.0,订购[自动线]生产[P2],src_158092ee4fdb,origin data/VPD-OE_Agent_20260709/VPD-OE_Agent/data/raw/ZY/ZY04.xls,现金流量表,10
041c480060f7ba81,historical_600_unknown_rule,ZY04,2319,8,1,2,Buy_ProductLine,-50.0,1380.0,订购[自动线]生产[P3],src_158092ee4fdb,origin data/VPD-OE_Agent_20260709/VPD-OE_Agent/data/raw/ZY/ZY04.xls,现金流量表,11
70a422551d3b53d1,historical_600_unknown_rule,ZY04,2320,9,1,2,Buy_ProductLine,-50.0,1330.0,订购[自动线]生产[P3],src_158092ee4fdb,origin data/VPD-OE_Agent_20260709/VPD-OE_Agent/data/raw/ZY/ZY04.xls,现金流量表,12
9a6a932d94f33f9a,historical_600_unknown_rule,ZY04,2341,10,1,2,Develop_Product,-20.0,1310.0,产品生产资格投资: P2 P3,src_158092ee4fdb,origin data/VPD-OE_Agent_20260709/VPD-OE_Agent/data/raw/ZY/ZY04.xls,现金流量表,13
54620e350295ed34,historical_600_unknown_rule,ZY04,2346,11,1,2,Pay_Overhaul,-10.0,1300.0,支付行政管理费,src_158092ee4fdb,origin data/VPD-OE_Agent_20260709/VPD-OE_Agent/data/raw/ZY/ZY04.xls,现金流量表,14
227283d42fcca511,historical_600_unknown_rule,ZY04,2395,12,1,3,Buy_Material,0.0,1300.0,订购原料 R3:4 R4:2,src_158092ee4fdb,origin data/VPD-OE_Agent_20260709/VPD-OE_Agent/data/raw/ZY/ZY04.xls,现金流量表,15
a5415fa7b8d16bd3,historical_600_unknown_rule,ZY04,2400,13,1,3,Invest_ProductLine,-200.0,1100.0,投资在建生产线,src_158092ee4fdb,origin data/VPD-OE_Agent_20260709/VPD-OE_Agent/data/raw/ZY/ZY04.xls,现金流量表,16
cdc94edf80a4cf76,historical_600_unknown_rule,ZY04,2404,14,1,3,Develop_Product,-20.0,1080.0,产品生产资格投资: P2 P3,src_158092ee4fdb,origin data/VPD-OE_Agent_20260709/VPD-OE_Agent/data/raw/ZY/ZY04.xls,现金流量表,17
ee0a94c5eddaeb11,historical_600_unknown_rule,ZY04,2408,15,1,3,Pay_Overhaul,-10.0,1070.0,支付行政管理费,src_158092ee4fdb,origin data/VPD-OE_Agent_20260709/VPD-OE_Agent/data/raw/ZY/ZY04.xls,现金流量表,18
925de94b9dcf81f8,historical_600_unknown_rule,ZY04,2443,16,1,4,Short_Loan,300.0,1370.0,申请:4季 300W的短期贷款,src_158092ee4fdb,origin data/VPD-OE_Agent_20260709/VPD-OE_Agent/data/raw/ZY/ZY04.xls,现金流量表,19
fff8433db90651ad,historical_600_unknown_rule,ZY04,2451,17,1,4,Buy_Material,0.0,1370.0,订购原料 R1:2 R2:2 R3:4 R4:2,src_158092ee4fdb,origin data/VPD-OE_Agent_20260709/VPD-OE_Agent/data/raw/ZY/ZY04.xls,现金流量表,20
3e3b09012a911368,historical_600_unknown_rule,ZY04,2453,18,1,4,Invest_ProductLine,-200.0,1170.0,投资在建生产线,src_158092ee4fdb,origin data/VPD-OE_Agent_20260709/VPD-OE_Agent/data/raw/ZY/ZY04.xls,现金流量表,21
084454b78c6e47fa,historical_600_unknown_rule,ZY04,2459,19,1,4,Develop_Product,-10.0,1160.0,产品生产资格投资: P3,src_158092ee4fdb,origin data/VPD-OE_Agent_20260709/VPD-OE_Agent/data/raw/ZY/ZY04.xls,现金流量表,22
9bad93335f9d05cb,historical_600_unknown_rule,ZY04,2464,20,1,4,Develop_Market,-40.0,1120.0,"市场开拓资格投资,开发项目:本地 区域 国内 亚洲",src_158092ee4fdb,origin data/VPD-OE_Agent_20260709/VPD-OE_Agent/data/raw/ZY/ZY04.xls,现金流量表,23
e3e9feeb91b4849e,historical_600_unknown_rule,ZY04,2479,21,1,4,Pay_Overhaul,-10.0,1110.0,支付行政管理费,src_158092ee4fdb,origin data/VPD-OE_Agent_20260709/VPD-OE_Agent/data/raw/ZY/ZY04.xls,现金流量表,24
52d60743e8d9d954,historical_600_unknown_rule,ZY04,2668,22,2,1,Pay_Long_Loan,-100.0,1010.0,支付长贷本息,src_158092ee4fdb,origin data/VPD-OE_Agent_20260709/VPD-OE_Agent/data/raw/ZY/ZY04.xls,现金流量表,25
cae8a4e0c50f7ee1,historical_600_unknown_rule,ZY04,2669,23,2,1,Pay_AD,-68.0,942.0,广告投放,src_158092ee4fdb,origin data/VPD-OE_Agent_20260709/VPD-OE_Agent/data/raw/ZY/ZY04.xls,现金流量表,26
a742bde0e883e284,historical_600_unknown_rule,ZY04,2702,24,2,1,Pay_Material,-100.0,842.0,支付原料费 R3:4 R4:2 R1:2 R2:2,src_158092ee4fdb,origin data/VPD-OE_Agent_20260709/VPD-OE_Agent/data/raw/ZY/ZY04.xls,现金流量表,27
b517018044021e45,historical_600_unknown_rule,ZY04,2709,25,2,1,Buy_Material,0.0,842.0,订购原料 R1:2 R2:2 R3:4 R4:2,src_158092ee4fdb,origin data/VPD-OE_Agent_20260709/VPD-OE_Agent/data/raw/ZY/ZY04.xls,现金流量表,28
93e23cec4a53efa4,historical_600_unknown_rule,ZY04,2714,26,2,1,Product_Produce,-40.0,802.0,156:P2 157:P2 158:P3 159:P3,src_158092ee4fdb,origin data/VPD-OE_Agent_20260709/VPD-OE_Agent/data/raw/ZY/ZY04.xls,现金流量表,29
8fbde9a7ad73cc01,historical_600_unknown_rule,ZY04,2727,27,2,1,Renew_Workshop,-40.0,762.0,厂房续租,src_158092ee4fdb,origin data/VPD-OE_Agent_20260709/VPD-OE_Agent/data/raw/ZY/ZY04.xls,现金流量表,30
498514cfeda79b3a,historical_600_unknown_rule,ZY04,2728,28,2,1,Pay_Overhaul,-10.0,752.0,支付行政管理费,src_158092ee4fdb,origin data/VPD-OE_Agent_20260709/VPD-OE_Agent/data/raw/ZY/ZY04.xls,现金流量表,31
5fd05cc1f009c23d,historical_600_unknown_rule,ZY04,2743,29,2,2,Pay_Material,-100.0,652.0,支付原料费 R3:4 R4:2 R1:2 R2:2,src_158092ee4fdb,origin data/VPD-OE_Agent_20260709/VPD-OE_Agent/data/raw/ZY/ZY04.xls,现金流量表,32
05b42075b1258485,historical_600_unknown_rule,ZY04,2747,30,2,2,Buy_Material,0.0,652.0,订购原料 R1:2 R2:2 R3:4 R4:2,src_158092ee4fdb,origin data/VPD-OE_Agent_20260709/VPD-OE_Agent/data/raw/ZY/ZY04.xls,现金流量表,33
5fd0d8b832e2f437,historical_600_unknown_rule,ZY04,2753,31,2,2,Product_Produce,-40.0,612.0,156:P2 157:P2 158:P3 159:P3,src_158092ee4fdb,origin data/VPD-OE_Agent_20260709/VPD-OE_Agent/data/raw/ZY/ZY04.xls,现金流量表,34
854010c022670f5e,historical_600_unknown_rule,ZY04,2760,32,2,2,Pay_Overhaul,-10.0,602.0,支付行政管理费,src_158092ee4fdb,origin data/VPD-OE_Agent_20260709/VPD-OE_Agent/data/raw/ZY/ZY04.xls,现金流量表,35
eee568a93d4bea55,historical_600_unknown_rule,ZY04,2768,33,2,3,Pay_Material,-100.0,502.0,支付原料费 R3:4 R4:2 R1:2 R2:2,src_158092ee4fdb,origin data/VPD-OE_Agent_20260709/VPD-OE_Agent/data/raw/ZY/ZY04.xls,现金流量表,36
f300d89176abc76b,historical_600_unknown_rule,ZY04,2791,34,2,3,Buy_Material,0.0,502.0,订购原料 R1:2 R2:2 R3:4 R4:2,src_158092ee4fdb,origin data/VPD-OE_Agent_20260709/VPD-OE_Agent/data/raw/ZY/ZY04.xls,现金流量表,37
13abf2fe233a2ef2,historical_600_unknown_rule,ZY04,2802,35,2,3,Product_Produce,-40.0,462.0,156:P2 157:P2 158:P3 159:P3,src_158092ee4fdb,origin data/VPD-OE_Agent_20260709/VPD-OE_Agent/data/raw/ZY/ZY04.xls,现金流量表,38
cd6a89022217439a,historical_600_unknown_rule,ZY04,2869,36,2,3,Pay_Overhaul,-10.0,452.0,支付行政管理费,src_158092ee4fdb,origin data/VPD-OE_Agent_20260709/VPD-OE_Agent/data/raw/ZY/ZY04.xls,现金流量表,39
937f76c9f5877937,historical_600_unknown_rule,ZY04,2871,37,2,4,Pay_Short_Loan,-315.0,137.0,短贷还本息,src_158092ee4fdb,origin data/VPD-OE_Agent_20260709/VPD-OE_Agent/data/raw/ZY/ZY04.xls,现金流量表,40
1a6a4d7db2eea94c,historical_600_unknown_rule,ZY04,3104,38,2,4,Short_Loan,228.0,365.0,申请:4季 228W的短期贷款,src_158092ee4fdb,origin data/VPD-OE_Agent_20260709/VPD-OE_Agent/data/raw/ZY/ZY04.xls,现金流量表,41
ba0a9ee6f2cd1bc9,historical_600_unknown_rule,ZY04,3105,39,2,4,Pay_Material,-100.0,265.0,支付原料费 R3:4 R4:2 R1:2 R2:2,src_158092ee4fdb,origin data/VPD-OE_Agent_20260709/VPD-OE_Agent/data/raw/ZY/ZY04.xls,现金流量表,42
0511513666344bc7,historical_600_unknown_rule,ZY04,3106,40,2,4,Buy_Material,0.0,265.0,订购原料 R1:2 R2:2 R3:4 R4:2,src_158092ee4fdb,origin data/VPD-OE_Agent_20260709/VPD-OE_Agent/data/raw/ZY/ZY04.xls,现金流量表,43
6f3115abb6908be0,historical_600_unknown_rule,ZY04,3107,41,2,4,Product_Produce,-40.0,225.0,156:P2 157:P2 158:P3 159:P3,src_158092ee4fdb,origin data/VPD-OE_Agent_20260709/VPD-OE_Agent/data/raw/ZY/ZY04.xls,现金流量表,44
b7fb6eb3a9fb099b,historical_600_unknown_rule,ZY04,3108,42,2,4,Develop_Market,-20.0,205.0,"市场开拓资格投资,开发项目:国内 亚洲",src_158092ee4fdb,origin data/VPD-OE_Agent_20260709/VPD-OE_Agent/data/raw/ZY/ZY04.xls,现金流量表,45
a6411754a48780a0,historical_600_unknown_rule,ZY04,3110,43,2,4,Develop_ISO,-30.0,175.0,"ISO认证资格投资,开发：ISO9000 ISO14000",src_158092ee4fdb,origin data/VPD-OE_Agent_20260709/VPD-OE_Agent/data/raw/ZY/ZY04.xls,现金流量表,46
cd98148c82f4b826,historical_600_unknown_rule,ZY04,3111,44,2,4,Pay_Overhaul,-10.0,165.0,支付行政管理费,src_158092ee4fdb,origin data/VPD-OE_Agent_20260709/VPD-OE_Agent/data/raw/ZY/ZY04.xls,现金流量表,47
951f19fd5e724ecd,historical_600_unknown_rule,ZY04,3112,45,2,4,Pay_Maintenance,-40.0,125.0,支付维护费,src_158092ee4fdb,origin data/VPD-OE_Agent_20260709/VPD-OE_Agent/data/raw/ZY/ZY04.xls,现金流量表,48
0e2126cb46c97db2,historical_600_unknown_rule,ZY04,3250,46,3,1,Discount,243.0,368.0,"1期贴现:270W,2期贴现:0W,3期贴现:0W,4期贴现:0W",src_158092ee4fdb,origin data/VPD-OE_Agent_20260709/VPD-OE_Agent/data/raw/ZY/ZY04.xls,现金流量表,49
d38a6f7be528ac8c,historical_600_unknown_rule,ZY04,3251,47,3,1,Discount,180.0,548.0,"1期贴现:0W,2期贴现:200W,3期贴现:0W,4期贴现:0W",src_158092ee4fdb,origin data/VPD-OE_Agent_20260709/VPD-OE_Agent/data/raw/ZY/ZY04.xls,现金流量表,50
13d8d5284444577e,historical_600_unknown_rule,ZY04,3252,48,3,1,Pay_Long_Loan,-100.0,448.0,支付长贷本息,src_158092ee4fdb,origin data/VPD-OE_Agent_20260709/VPD-OE_Agent/data/raw/ZY/ZY04.xls,现金流量表,51
64d0a98646f791f6,historical_600_unknown_rule,ZY04,3253,49,3,1,Pay_AD,-164.0,284.0,广告投放,src_158092ee4fdb,origin data/VPD-OE_Agent_20260709/VPD-OE_Agent/data/raw/ZY/ZY04.xls,现金流量表,52
e4adb17c231af984,historical_600_unknown_rule,ZY04,3295,50,3,1,Pay_Material,-100.0,184.0,支付原料费 R3:4 R4:2 R1:2 R2:2,src_158092ee4fdb,origin data/VPD-OE_Agent_20260709/VPD-OE_Agent/data/raw/ZY/ZY04.xls,现金流量表,53
58cec098266f1f82,historical_600_unknown_rule,ZY04,3308,51,3,1,Buy_Material,0.0,184.0,订购原料 R1:2 R2:2 R3:4 R4:2,src_158092ee4fdb,origin data/VPD-OE_Agent_20260709/VPD-OE_Agent/data/raw/ZY/ZY04.xls,现金流量表,54
d98364aa1c63d85a,historical_600_unknown_rule,ZY04,3313,52,3,1,Product_Produce,-40.0,144.0,156:P2 157:P2 158:P3 159:P3,src_158092ee4fdb,origin data/VPD-OE_Agent_20260709/VPD-OE_Agent/data/raw/ZY/ZY04.xls,现金流量表,55
02e2c19b1fabd059,historical_600_unknown_rule,ZY04,3317,53,3,1,Update_Receivable,2.0,146.0,更新应收款,src_158092ee4fdb,origin data/VPD-OE_Agent_20260709/VPD-OE_Agent/data/raw/ZY/ZY04.xls,现金流量表,56
5fb68525b9bc9765,historical_600_unknown_rule,ZY04,3447,54,3,1,Renew_Workshop,-40.0,106.0,厂房续租,src_158092ee4fdb,origin data/VPD-OE_Agent_20260709/VPD-OE_Agent/data/raw/ZY/ZY04.xls,现金流量表,57
05acf2430f06fb2b,historical_600_unknown_rule,ZY04,3448,55,3,1,Pay_Overhaul,-10.0,96.0,支付行政管理费,src_158092ee4fdb,origin data/VPD-OE_Agent_20260709/VPD-OE_Agent/data/raw/ZY/ZY04.xls,现金流量表,58
42e4885e5d916243,historical_600_unknown_rule,ZY04,3535,56,3,2,Discount,72.0,168.0,"1期贴现:80W,2期贴现:0W,3期贴现:0W,4期贴现:0W",src_158092ee4fdb,origin data/VPD-OE_Agent_20260709/VPD-OE_Agent/data/raw/ZY/ZY04.xls,现金流量表,59
2d6ad9c0a76f14f4,historical_600_unknown_rule,ZY04,3538,57,3,2,Pay_Material,-100.0,68.0,支付原料费 R3:4 R4:2 R1:2 R2:2,src_158092ee4fdb,origin data/VPD-OE_Agent_20260709/VPD-OE_Agent/data/raw/ZY/ZY04.xls,现金流量表,60
10343b8d1375392d,historical_600_unknown_rule,ZY04,3573,58,3,2,Buy_Material,0.0,68.0,订购原料 R1:2 R2:2 R3:4 R4:2,src_158092ee4fdb,origin data/VPD-OE_Agent_20260709/VPD-OE_Agent/data/raw/ZY/ZY04.xls,现金流量表,61
943fb26c37f3faac,historical_600_unknown_rule,ZY04,3581,59,3,2,Product_Produce,-40.0,28.0,156:P2 157:P2 158:P3 159:P3,src_158092ee4fdb,origin data/VPD-OE_Agent_20260709/VPD-OE_Agent/data/raw/ZY/ZY04.xls,现金流量表,62
6faf86f02ab0189a,historical_600_unknown_rule,ZY04,3582,60,3,2,Update_Receivable,1.0,29.0,更新应收款,src_158092ee4fdb,origin data/VPD-OE_Agent_20260709/VPD-OE_Agent/data/raw/ZY/ZY04.xls,现金流量表,63
c9b2c38b512c8de6,historical_600_unknown_rule,ZY04,3598,61,3,2,Pay_Overhaul,-10.0,19.0,支付行政管理费,src_158092ee4fdb,origin data/VPD-OE_Agent_20260709/VPD-OE_Agent/data/raw/ZY/ZY04.xls,现金流量表,64
b515f6ff7ee2b8fd,historical_600_unknown_rule,ZY04,3607,62,3,3,Discount,90.0,109.0,"1期贴现:100W,2期贴现:0W,3期贴现:0W,4期贴现:0W",src_158092ee4fdb,origin data/VPD-OE_Agent_20260709/VPD-OE_Agent/data/raw/ZY/ZY04.xls,现金流量表,65
b7b0319e70f0be19,historical_600_unknown_rule,ZY04,3613,63,3,3,Pay_Material,-100.0,9.0,支付原料费 R3:4 R4:2 R1:2 R2:2,src_158092ee4fdb,origin data/VPD-OE_Agent_20260709/VPD-OE_Agent/data/raw/ZY/ZY04.xls,现金流量表,66
71035ecc19659423,historical_600_unknown_rule,ZY04,3620,64,3,3,Discount,90.0,99.0,"1期贴现:100W,2期贴现:0W,3期贴现:0W,4期贴现:0W",src_158092ee4fdb,origin data/VPD-OE_Agent_20260709/VPD-OE_Agent/data/raw/ZY/ZY04.xls,现金流量表,67
bc8f5e59c1bc16b9,historical_600_unknown_rule,ZY04,3622,65,3,3,Buy_Material,0.0,99.0,订购原料 R1:2 R2:2 R3:4 R4:2,src_158092ee4fdb,origin data/VPD-OE_Agent_20260709/VPD-OE_Agent/data/raw/ZY/ZY04.xls,现金流量表,68
144225a8b579e695,historical_600_unknown_rule,ZY04,3624,66,3,3,Product_Produce,-40.0,59.0,156:P2 157:P2 158:P3 159:P3,src_158092ee4fdb,origin data/VPD-OE_Agent_20260709/VPD-OE_Agent/data/raw/ZY/ZY04.xls,现金流量表,69
e979394a0f5d35e6,historical_600_unknown_rule,ZY04,3625,67,3,3,Update_Receivable,402.0,461.0,更新应收款,src_158092ee4fdb,origin data/VPD-OE_Agent_20260709/VPD-OE_Agent/data/raw/ZY/ZY04.xls,现金流量表,70
c4567061f5894c95,historical_600_unknown_rule,ZY04,3628,68,3,3,Pay_Overhaul,-10.0,451.0,支付行政管理费,src_158092ee4fdb,origin data/VPD-OE_Agent_20260709/VPD-OE_Agent/data/raw/ZY/ZY04.xls,现金流量表,71
8cc3f2e32a696eb2,historical_600_unknown_rule,ZY04,3631,69,3,4,Pay_Short_Loan,-239.0,212.0,短贷还本息,src_158092ee4fdb,origin data/VPD-OE_Agent_20260709/VPD-OE_Agent/data/raw/ZY/ZY04.xls,现金流量表,72
fe893dca35dd8ed5,historical_600_unknown_rule,ZY04,3646,70,3,4,Short_Loan,108.0,320.0,申请:4季 108W的短期贷款,src_158092ee4fdb,origin data/VPD-OE_Agent_20260709/VPD-OE_Agent/data/raw/ZY/ZY04.xls,现金流量表,73
ea145bba4c9d1733,historical_600_unknown_rule,ZY04,3648,71,3,4,Pay_Material,-100.0,220.0,支付原料费 R3:4 R4:2 R1:2 R2:2,src_158092ee4fdb,origin data/VPD-OE_Agent_20260709/VPD-OE_Agent/data/raw/ZY/ZY04.xls,现金流量表,74
41d632b961ec3eae,historical_600_unknown_rule,ZY04,3651,72,3,4,Buy_Material,0.0,220.0,订购原料 R1:2 R2:2 R3:4 R4:2,src_158092ee4fdb,origin data/VPD-OE_Agent_20260709/VPD-OE_Agent/data/raw/ZY/ZY04.xls,现金流量表,75
62c700db0fbe59d7,historical_600_unknown_rule,ZY04,3652,73,3,4,Product_Produce,-40.0,180.0,156:P2 157:P2 158:P3 159:P3,src_158092ee4fdb,origin data/VPD-OE_Agent_20260709/VPD-OE_Agent/data/raw/ZY/ZY04.xls,现金流量表,76
2e172d59268fbd6b,historical_600_unknown_rule,ZY04,3660,74,3,4,Develop_Market,-20.0,160.0,"市场开拓资格投资,开发项目:亚洲 国际",src_158092ee4fdb,origin data/VPD-OE_Agent_20260709/VPD-OE_Agent/data/raw/ZY/ZY04.xls,现金流量表,77
52c9d6d61972ab55,historical_600_unknown_rule,ZY04,3662,75,3,4,Develop_ISO,-30.0,130.0,"ISO认证资格投资,开发：ISO9000 ISO14000",src_158092ee4fdb,origin data/VPD-OE_Agent_20260709/VPD-OE_Agent/data/raw/ZY/ZY04.xls,现金流量表,78
863bd3f10e73124a,historical_600_unknown_rule,ZY04,3690,76,3,4,Pay_Overhaul,-10.0,120.0,支付行政管理费,src_158092ee4fdb,origin data/VPD-OE_Agent_20260709/VPD-OE_Agent/data/raw/ZY/ZY04.xls,现金流量表,79
14677308c26234ac,historical_600_unknown_rule,ZY04,3691,77,3,4,Pay_Maintenance,-40.0,80.0,支付维护费,src_158092ee4fdb,origin data/VPD-OE_Agent_20260709/VPD-OE_Agent/data/raw/ZY/ZY04.xls,现金流量表,80
1a2a3d82bc3ccb89,historical_600_unknown_rule,ZY04,3758,78,4,1,Discount,270.0,350.0,"1期贴现:0W,2期贴现:300W,3期贴现:0W,4期贴现:0W",src_158092ee4fdb,origin data/VPD-OE_Agent_20260709/VPD-OE_Agent/data/raw/ZY/ZY04.xls,现金流量表,81
d81e625636b65dd3,historical_600_unknown_rule,ZY04,3761,79,4,1,Pay_Long_Loan,-100.0,250.0,支付长贷本息,src_158092ee4fdb,origin data/VPD-OE_Agent_20260709/VPD-OE_Agent/data/raw/ZY/ZY04.xls,现金流量表,82
24e90c9c1cf1676b,historical_600_unknown_rule,ZY04,3762,80,4,1,Pay_AD,-148.0,102.0,广告投放,src_158092ee4fdb,origin data/VPD-OE_Agent_20260709/VPD-OE_Agent/data/raw/ZY/ZY04.xls,现金流量表,83
d95e1dba4f513b79,historical_600_unknown_rule,ZY04,3763,81,4,1,Discount,90.0,192.0,"1期贴现:0W,2期贴现:100W,3期贴现:0W,4期贴现:0W",src_158092ee4fdb,origin data/VPD-OE_Agent_20260709/VPD-OE_Agent/data/raw/ZY/ZY04.xls,现金流量表,84
ffd0364610f528f2,historical_600_unknown_rule,ZY04,3764,82,4,1,Discount,180.0,372.0,"1期贴现:0W,2期贴现:200W,3期贴现:0W,4期贴现:0W",src_158092ee4fdb,origin data/VPD-OE_Agent_20260709/VPD-OE_Agent/data/raw/ZY/ZY04.xls,现金流量表,85
0bf6238ac922cb9b,historical_600_unknown_rule,ZY04,3871,83,4,1,Pay_Material,-100.0,272.0,支付原料费 R3:4 R4:2 R1:2 R2:2,src_158092ee4fdb,origin data/VPD-OE_Agent_20260709/VPD-OE_Agent/data/raw/ZY/ZY04.xls,现金流量表,86
47a7dc68a531776f,historical_600_unknown_rule,ZY04,3872,84,4,1,Buy_Material,0.0,272.0,订购原料 R1:2 R2:2 R3:4 R4:2,src_158092ee4fdb,origin data/VPD-OE_Agent_20260709/VPD-OE_Agent/data/raw/ZY/ZY04.xls,现金流量表,87
2e8428a462540429,historical_600_unknown_rule,ZY04,3874,85,4,1,Product_Produce,-40.0,232.0,156:P2 157:P2 158:P3 159:P3,src_158092ee4fdb,origin data/VPD-OE_Agent_20260709/VPD-OE_Agent/data/raw/ZY/ZY04.xls,现金流量表,88
fb933d62aea30aa6,historical_600_unknown_rule,ZY04,3876,86,4,1,Renew_Workshop,-40.0,192.0,厂房续租,src_158092ee4fdb,origin data/VPD-OE_Agent_20260709/VPD-OE_Agent/data/raw/ZY/ZY04.xls,现金流量表,89
b5a2ebd66a84ef17,historical_600_unknown_rule,ZY04,3877,87,4,1,Pay_Overhaul,-10.0,182.0,支付行政管理费,src_158092ee4fdb,origin data/VPD-OE_Agent_20260709/VPD-OE_Agent/data/raw/ZY/ZY04.xls,现金流量表,90
1e04b54f04242a83,historical_600_unknown_rule,ZY04,3878,88,4,2,Pay_Material,-100.0,82.0,支付原料费 R3:4 R4:2 R1:2 R2:2,src_158092ee4fdb,origin data/VPD-OE_Agent_20260709/VPD-OE_Agent/data/raw/ZY/ZY04.xls,现金流量表,91
cc17fe0e34923545,historical_600_unknown_rule,ZY04,3880,89,4,2,Buy_Material,0.0,82.0,订购原料 R1:2 R2:2 R3:4 R4:2,src_158092ee4fdb,origin data/VPD-OE_Agent_20260709/VPD-OE_Agent/data/raw/ZY/ZY04.xls,现金流量表,92
85813d7545cd71d7,historical_600_unknown_rule,ZY04,3882,90,4,2,Product_Produce,-40.0,42.0,156:P2 157:P2 158:P3 159:P3,src_158092ee4fdb,origin data/VPD-OE_Agent_20260709/VPD-OE_Agent/data/raw/ZY/ZY04.xls,现金流量表,93
d3a7836f2323e0be,historical_600_unknown_rule,ZY04,3883,91,4,2,Update_Receivable,258.0,300.0,更新应收款,src_158092ee4fdb,origin data/VPD-OE_Agent_20260709/VPD-OE_Agent/data/raw/ZY/ZY04.xls,现金流量表,94
47d10c10ef3c1693,historical_600_unknown_rule,ZY04,3884,92,4,2,Pay_Overhaul,-10.0,290.0,支付行政管理费,src_158092ee4fdb,origin data/VPD-OE_Agent_20260709/VPD-OE_Agent/data/raw/ZY/ZY04.xls,现金流量表,95
a66ad957eed35f27,historical_600_unknown_rule,ZY04,3897,93,4,3,Pay_Material,-100.0,190.0,支付原料费 R3:4 R4:2 R1:2 R2:2,src_158092ee4fdb,origin data/VPD-OE_Agent_20260709/VPD-OE_Agent/data/raw/ZY/ZY04.xls,现金流量表,96
af2150530828c902,historical_600_unknown_rule,ZY04,3900,94,4,3,Buy_Material,0.0,190.0,订购原料 R1:2 R2:2 R3:4 R4:2,src_158092ee4fdb,origin data/VPD-OE_Agent_20260709/VPD-OE_Agent/data/raw/ZY/ZY04.xls,现金流量表,97
55a5d95a99e75040,historical_600_unknown_rule,ZY04,3901,95,4,3,Product_Produce,-40.0,150.0,156:P2 157:P2 158:P3 159:P3,src_158092ee4fdb,origin data/VPD-OE_Agent_20260709/VPD-OE_Agent/data/raw/ZY/ZY04.xls,现金流量表,98
faa6baa55de8d3c0,historical_600_unknown_rule,ZY04,3912,96,4,3,Pay_Overhaul,-10.0,140.0,支付行政管理费,src_158092ee4fdb,origin data/VPD-OE_Agent_20260709/VPD-OE_Agent/data/raw/ZY/ZY04.xls,现金流量表,99
66742b3f3f230897,historical_600_unknown_rule,ZY04,3913,97,4,4,Pay_Short_Loan,-113.0,27.0,短贷还本息,src_158092ee4fdb,origin data/VPD-OE_Agent_20260709/VPD-OE_Agent/data/raw/ZY/ZY04.xls,现金流量表,100
a611206694263c2b,historical_600_unknown_rule,ZY04,3914,98,4,4,Short_Loan,200.0,227.0,申请:4季 200W的短期贷款,src_158092ee4fdb,origin data/VPD-OE_Agent_20260709/VPD-OE_Agent/data/raw/ZY/ZY04.xls,现金流量表,101
030d183a0392cad0,historical_600_unknown_rule,ZY04,3915,99,4,4,Pay_Material,-100.0,127.0,支付原料费 R3:4 R4:2 R1:2 R2:2,src_158092ee4fdb,origin data/VPD-OE_Agent_20260709/VPD-OE_Agent/data/raw/ZY/ZY04.xls,现金流量表,102
9f9da633a1bc047f,historical_600_unknown_rule,ZY04,3916,100,4,4,Buy_Material,0.0,127.0,订购原料 R1:2 R2:2 R3:4 R4:2,src_158092ee4fdb,origin data/VPD-OE_Agent_20260709/VPD-OE_Agent/data/raw/ZY/ZY04.xls,现金流量表,103
5550a2dfa492210a,historical_600_unknown_rule,ZY04,3917,101,4,4,Product_Produce,-40.0,87.0,156:P2 157:P2 158:P3 159:P3,src_158092ee4fdb,origin data/VPD-OE_Agent_20260709/VPD-OE_Agent/data/raw/ZY/ZY04.xls,现金流量表,104
911b0c894663ab60,historical_600_unknown_rule,ZY04,3918,102,4,4,Update_Receivable,341.0,428.0,更新应收款,src_158092ee4fdb,origin data/VPD-OE_Agent_20260709/VPD-OE_Agent/data/raw/ZY/ZY04.xls,现金流量表,105
3f627c20b9691f3b,historical_600_unknown_rule,ZY04,3919,103,4,4,Pay_Overhaul,-10.0,418.0,支付行政管理费,src_158092ee4fdb,origin data/VPD-OE_Agent_20260709/VPD-OE_Agent/data/raw/ZY/ZY04.xls,现金流量表,106
1742233a0381ff88,historical_600_unknown_rule,ZY04,3920,104,4,4,Pay_Maintenance,-40.0,378.0,支付维护费,src_158092ee4fdb,origin data/VPD-OE_Agent_20260709/VPD-OE_Agent/data/raw/ZY/ZY04.xls,现金流量表,107
414c31b404019840,historical_600_unknown_rule,ZY04,4463,105,5,1,Pay_Long_Loan,-100.0,278.0,支付长贷本息,src_158092ee4fdb,origin data/VPD-OE_Agent_20260709/VPD-OE_Agent/data/raw/ZY/ZY04.xls,现金流量表,108
c3de68e8e67f1133,historical_600_unknown_rule,ZY04,4464,106,5,1,Pay_AD,-146.0,132.0,广告投放,src_158092ee4fdb,origin data/VPD-OE_Agent_20260709/VPD-OE_Agent/data/raw/ZY/ZY04.xls,现金流量表,109
e1bd6b7f1dc35b47,historical_600_unknown_rule,ZY04,4465,107,5,1,Discount,9.0,141.0,"1期贴现:10W,2期贴现:0W,3期贴现:0W,4期贴现:0W",src_158092ee4fdb,origin data/VPD-OE_Agent_20260709/VPD-OE_Agent/data/raw/ZY/ZY04.xls,现金流量表,110
cbadc24508b45b5a,historical_600_unknown_rule,ZY04,4522,108,5,1,Short_Loan,336.0,477.0,申请:4季 336W的短期贷款,src_158092ee4fdb,origin data/VPD-OE_Agent_20260709/VPD-OE_Agent/data/raw/ZY/ZY04.xls,现金流量表,111
1d2c9afb1e527a2b,historical_600_unknown_rule,ZY04,4527,109,5,1,Pay_Material,-100.0,377.0,支付原料费 R3:4 R4:2 R1:2 R2:2,src_158092ee4fdb,origin data/VPD-OE_Agent_20260709/VPD-OE_Agent/data/raw/ZY/ZY04.xls,现金流量表,112
3ff115d7226d121c,historical_600_unknown_rule,ZY04,4535,110,5,1,Buy_Material,0.0,377.0,订购原料 R1:2 R2:2 R3:4 R4:2,src_158092ee4fdb,origin data/VPD-OE_Agent_20260709/VPD-OE_Agent/data/raw/ZY/ZY04.xls,现金流量表,113
0c7516f9dfac5d34,historical_600_unknown_rule,ZY04,4608,111,5,1,Product_Produce,-40.0,337.0,156:P2 157:P2 158:P3 159:P3,src_158092ee4fdb,origin data/VPD-OE_Agent_20260709/VPD-OE_Agent/data/raw/ZY/ZY04.xls,现金流量表,114
82ad350b4d01c3ba,historical_600_unknown_rule,ZY04,4619,112,5,1,Update_Receivable,324.0,661.0,更新应收款,src_158092ee4fdb,origin data/VPD-OE_Agent_20260709/VPD-OE_Agent/data/raw/ZY/ZY04.xls,现金流量表,115
b6e6188fd8fe03cb,historical_600_unknown_rule,ZY04,4718,113,5,1,RentTOBuy_Workshop,-300.0,361.0,大厂房(49)租转买,src_158092ee4fdb,origin data/VPD-OE_Agent_20260709/VPD-OE_Agent/data/raw/ZY/ZY04.xls,现金流量表,116
ea2ed577871b5ddf,historical_600_unknown_rule,ZY04,4732,114,5,1,Pay_Overhaul,-10.0,351.0,支付行政管理费,src_158092ee4fdb,origin data/VPD-OE_Agent_20260709/VPD-OE_Agent/data/raw/ZY/ZY04.xls,现金流量表,117
4c62de2802b62dee,historical_600_unknown_rule,ZY04,4739,115,5,2,Pay_Material,-100.0,251.0,支付原料费 R3:4 R4:2 R1:2 R2:2,src_158092ee4fdb,origin data/VPD-OE_Agent_20260709/VPD-OE_Agent/data/raw/ZY/ZY04.xls,现金流量表,118
b63cb0dd0eff3f6e,historical_600_unknown_rule,ZY04,4756,116,5,2,Buy_Material,0.0,251.0,订购原料 R1:2 R2:2,src_158092ee4fdb,origin data/VPD-OE_Agent_20260709/VPD-OE_Agent/data/raw/ZY/ZY04.xls,现金流量表,119
49fc665f63c96269,historical_600_unknown_rule,ZY04,4759,117,5,2,Product_Produce,-40.0,211.0,156:P2 157:P2 158:P3 159:P3,src_158092ee4fdb,origin data/VPD-OE_Agent_20260709/VPD-OE_Agent/data/raw/ZY/ZY04.xls,现金流量表,120
dd3c646d94b1c72d,historical_600_unknown_rule,ZY04,4760,118,5,2,Update_Receivable,430.0,641.0,更新应收款,src_158092ee4fdb,origin data/VPD-OE_Agent_20260709/VPD-OE_Agent/data/raw/ZY/ZY04.xls,现金流量表,121
b4f46b1bd2f4362d,historical_600_unknown_rule,ZY04,4770,119,5,2,Develop_Product,-10.0,631.0,产品生产资格投资: P1,src_158092ee4fdb,origin data/VPD-OE_Agent_20260709/VPD-OE_Agent/data/raw/ZY/ZY04.xls,现金流量表,122
38bb9f121f4eb650,historical_600_unknown_rule,ZY04,4772,120,5,2,Pay_Overhaul,-10.0,621.0,支付行政管理费,src_158092ee4fdb,origin data/VPD-OE_Agent_20260709/VPD-OE_Agent/data/raw/ZY/ZY04.xls,现金流量表,123
85d1d3a91a6cdb0b,historical_600_unknown_rule,ZY04,4780,121,5,3,Pay_Material,-100.0,521.0,支付原料费 R3:4 R4:2 R1:2 R2:2,src_158092ee4fdb,origin data/VPD-OE_Agent_20260709/VPD-OE_Agent/data/raw/ZY/ZY04.xls,现金流量表,124
1a4cf90221ffc9d1,historical_600_unknown_rule,ZY04,4790,122,5,3,Product_Produce,-40.0,481.0,156:P2 157:P2 158:P3 159:P3,src_158092ee4fdb,origin data/VPD-OE_Agent_20260709/VPD-OE_Agent/data/raw/ZY/ZY04.xls,现金流量表,125
17522c2fefdfc35f,historical_600_unknown_rule,ZY04,4810,123,5,3,Buy_Workshop,-300.0,181.0,购买[大厂房],src_158092ee4fdb,origin data/VPD-OE_Agent_20260709/VPD-OE_Agent/data/raw/ZY/ZY04.xls,现金流量表,126
480ef4bb51560dae,historical_600_unknown_rule,ZY04,4812,124,5,3,Update_Receivable,131.0,312.0,更新应收款,src_158092ee4fdb,origin data/VPD-OE_Agent_20260709/VPD-OE_Agent/data/raw/ZY/ZY04.xls,现金流量表,127
f70740d24b1109c4,historical_600_unknown_rule,ZY04,4814,125,5,3,Develop_Product,-10.0,302.0,产品生产资格投资: P1,src_158092ee4fdb,origin data/VPD-OE_Agent_20260709/VPD-OE_Agent/data/raw/ZY/ZY04.xls,现金流量表,128
ce6b7eb048e9bfe2,historical_600_unknown_rule,ZY04,4817,126,5,3,Pay_Overhaul,-10.0,292.0,支付行政管理费,src_158092ee4fdb,origin data/VPD-OE_Agent_20260709/VPD-OE_Agent/data/raw/ZY/ZY04.xls,现金流量表,129
95b64ea8c26ffa66,historical_600_unknown_rule,ZY04,4819,127,5,4,Pay_Short_Loan,-210.0,82.0,短贷还本息,src_158092ee4fdb,origin data/VPD-OE_Agent_20260709/VPD-OE_Agent/data/raw/ZY/ZY04.xls,现金流量表,130
692e43e540138c2e,historical_600_unknown_rule,ZY04,4826,128,5,4,Short_Loan,200.0,282.0,申请:4季 200W的短期贷款,src_158092ee4fdb,origin data/VPD-OE_Agent_20260709/VPD-OE_Agent/data/raw/ZY/ZY04.xls,现金流量表,131
c67d4d7b49fc80a8,historical_600_unknown_rule,ZY04,4844,129,5,4,Buy_ProductLine,-50.0,232.0,订购[手工线]生产[P1],src_158092ee4fdb,origin data/VPD-OE_Agent_20260709/VPD-OE_Agent/data/raw/ZY/ZY04.xls,现金流量表,132
8a7a83f4aae92b0f,historical_600_unknown_rule,ZY04,4846,130,5,4,Buy_ProductLine,-50.0,182.0,订购[手工线]生产[P1],src_158092ee4fdb,origin data/VPD-OE_Agent_20260709/VPD-OE_Agent/data/raw/ZY/ZY04.xls,现金流量表,133
a929fc5a63edc28d,historical_600_unknown_rule,ZY04,4848,131,5,4,Buy_ProductLine,-50.0,132.0,订购[手工线]生产[P1],src_158092ee4fdb,origin data/VPD-OE_Agent_20260709/VPD-OE_Agent/data/raw/ZY/ZY04.xls,现金流量表,134
333e93c90a9aa0fa,historical_600_unknown_rule,ZY04,4851,132,5,4,Buy_ProductLine,-50.0,82.0,订购[手工线]生产[P1],src_158092ee4fdb,origin data/VPD-OE_Agent_20260709/VPD-OE_Agent/data/raw/ZY/ZY04.xls,现金流量表,135
6184e44ec55433c5,historical_600_unknown_rule,ZY04,4859,133,5,4,Update_Receivable,422.0,504.0,更新应收款,src_158092ee4fdb,origin data/VPD-OE_Agent_20260709/VPD-OE_Agent/data/raw/ZY/ZY04.xls,现金流量表,136
223fc701fcea9434,historical_600_unknown_rule,ZY04,4884,134,5,4,Pay_Overhaul,-10.0,494.0,支付行政管理费,src_158092ee4fdb,origin data/VPD-OE_Agent_20260709/VPD-OE_Agent/data/raw/ZY/ZY04.xls,现金流量表,137
7c78fe5fbea0d1cb,historical_600_unknown_rule,ZY04,4885,135,5,4,Pay_Maintenance,-80.0,414.0,支付维护费,src_158092ee4fdb,origin data/VPD-OE_Agent_20260709/VPD-OE_Agent/data/raw/ZY/ZY04.xls,现金流量表,138
c7ab9896ab9789b7,historical_600_unknown_rule,ZY05,2620,1,1,1,Pay_Capital,600.0,600.0,"公司成立,股东注资",src_33c96cbd4d19,origin data/VPD-OE_Agent_20260709/VPD-OE_Agent/data/raw/ZY/ZY05.xls,现金流量表,4
f1dabbadd1485d30,historical_600_unknown_rule,ZY05,2621,2,1,1,Long_Loan,454.0,1054.0,申请:5年 454W的长期贷款,src_33c96cbd4d19,origin data/VPD-OE_Agent_20260709/VPD-OE_Agent/data/raw/ZY/ZY05.xls,现金流量表,5
ba4df7449f9821ed,historical_600_unknown_rule,ZY05,2623,3,1,1,Rent_Workshop,-40.0,1014.0,租用[大厂房],src_33c96cbd4d19,origin data/VPD-OE_Agent_20260709/VPD-OE_Agent/data/raw/ZY/ZY05.xls,现金流量表,6
5e9c7ebc3c20dd78,historical_600_unknown_rule,ZY05,2624,4,1,1,Buy_ProductLine,-50.0,964.0,订购[自动线]生产[P2],src_33c96cbd4d19,origin data/VPD-OE_Agent_20260709/VPD-OE_Agent/data/raw/ZY/ZY05.xls,现金流量表,7
d5ddce3d0847d452,historical_600_unknown_rule,ZY05,2626,5,1,1,Buy_ProductLine,-50.0,914.0,订购[自动线]生产[P2],src_33c96cbd4d19,origin data/VPD-OE_Agent_20260709/VPD-OE_Agent/data/raw/ZY/ZY05.xls,现金流量表,8
a60bdbb52db58e39,historical_600_unknown_rule,ZY05,2627,6,1,1,Buy_ProductLine,-50.0,864.0,订购[自动线]生产[P3],src_33c96cbd4d19,origin data/VPD-OE_Agent_20260709/VPD-OE_Agent/data/raw/ZY/ZY05.xls,现金流量表,9
3752a46625b9c8fe,historical_600_unknown_rule,ZY05,2628,7,1,1,Buy_ProductLine,-50.0,814.0,订购[自动线]生产[P3],src_33c96cbd4d19,origin data/VPD-OE_Agent_20260709/VPD-OE_Agent/data/raw/ZY/ZY05.xls,现金流量表,10
0c39c08b0682d741,historical_600_unknown_rule,ZY05,2629,8,1,1,Develop_Product,-20.0,794.0,产品生产资格投资: P2 P3,src_33c96cbd4d19,origin data/VPD-OE_Agent_20260709/VPD-OE_Agent/data/raw/ZY/ZY05.xls,现金流量表,11
a6d0f347dab7490a,historical_600_unknown_rule,ZY05,2630,9,1,1,Pay_Overhaul,-10.0,784.0,支付行政管理费,src_33c96cbd4d19,origin data/VPD-OE_Agent_20260709/VPD-OE_Agent/data/raw/ZY/ZY05.xls,现金流量表,12
716d89cfd0c3dcc6,historical_600_unknown_rule,ZY05,2631,10,1,2,Invest_ProductLine,-200.0,584.0,投资在建生产线,src_33c96cbd4d19,origin data/VPD-OE_Agent_20260709/VPD-OE_Agent/data/raw/ZY/ZY05.xls,现金流量表,13
e587ab446831afd2,historical_600_unknown_rule,ZY05,2632,11,1,2,Develop_Product,-20.0,564.0,产品生产资格投资: P2 P3,src_33c96cbd4d19,origin data/VPD-OE_Agent_20260709/VPD-OE_Agent/data/raw/ZY/ZY05.xls,现金流量表,14
a0290884327d74e9,historical_600_unknown_rule,ZY05,2634,12,1,2,Pay_Overhaul,-10.0,554.0,支付行政管理费,src_33c96cbd4d19,origin data/VPD-OE_Agent_20260709/VPD-OE_Agent/data/raw/ZY/ZY05.xls,现金流量表,15
4cc0fd84156a53c5,historical_600_unknown_rule,ZY05,2637,13,1,3,Buy_Material,0.0,554.0,订购原料 R3:4 R4:2,src_33c96cbd4d19,origin data/VPD-OE_Agent_20260709/VPD-OE_Agent/data/raw/ZY/ZY05.xls,现金流量表,16
4f8893bf21791438,historical_600_unknown_rule,ZY05,2638,14,1,3,Develop_Product,-20.0,534.0,产品生产资格投资: P2 P3,src_33c96cbd4d19,origin data/VPD-OE_Agent_20260709/VPD-OE_Agent/data/raw/ZY/ZY05.xls,现金流量表,17
2f1693e3fbd8e36a,historical_600_unknown_rule,ZY05,2639,15,1,3,Pay_Overhaul,-10.0,524.0,支付行政管理费,src_33c96cbd4d19,origin data/VPD-OE_Agent_20260709/VPD-OE_Agent/data/raw/ZY/ZY05.xls,现金流量表,18
1866dd6d558ed548,historical_600_unknown_rule,ZY05,2640,16,1,4,Buy_Material,0.0,524.0,订购原料 R1:2 R2:2 R3:4 R4:2,src_33c96cbd4d19,origin data/VPD-OE_Agent_20260709/VPD-OE_Agent/data/raw/ZY/ZY05.xls,现金流量表,19
f0ec240e58b29782,historical_600_unknown_rule,ZY05,2641,17,1,4,Invest_ProductLine,-200.0,324.0,投资在建生产线,src_33c96cbd4d19,origin data/VPD-OE_Agent_20260709/VPD-OE_Agent/data/raw/ZY/ZY05.xls,现金流量表,20
43b9b7bcf3a7c830,historical_600_unknown_rule,ZY05,2642,18,1,4,Develop_Product,-10.0,314.0,产品生产资格投资: P3,src_33c96cbd4d19,origin data/VPD-OE_Agent_20260709/VPD-OE_Agent/data/raw/ZY/ZY05.xls,现金流量表,21
45a1859902880afe,historical_600_unknown_rule,ZY05,2643,19,1,4,Develop_ISO,-30.0,284.0,"ISO认证资格投资,开发：ISO9000 ISO14000",src_33c96cbd4d19,origin data/VPD-OE_Agent_20260709/VPD-OE_Agent/data/raw/ZY/ZY05.xls,现金流量表,22
ec0447b50e387749,historical_600_unknown_rule,ZY05,2644,20,1,4,Develop_Market,-50.0,234.0,"市场开拓资格投资,开发项目:本地 区域 国内 亚洲 国际",src_33c96cbd4d19,origin data/VPD-OE_Agent_20260709/VPD-OE_Agent/data/raw/ZY/ZY05.xls,现金流量表,23
f04ba199a682e5da,historical_600_unknown_rule,ZY05,2645,21,1,4,Pay_Overhaul,-10.0,224.0,支付行政管理费,src_33c96cbd4d19,origin data/VPD-OE_Agent_20260709/VPD-OE_Agent/data/raw/ZY/ZY05.xls,现金流量表,24
c2569d852639daa5,historical_600_unknown_rule,ZY05,2652,22,2,1,Pay_Long_Loan,-45.0,179.0,支付长贷本息,src_33c96cbd4d19,origin data/VPD-OE_Agent_20260709/VPD-OE_Agent/data/raw/ZY/ZY05.xls,现金流量表,25
1256981c5a2d01b9,historical_600_unknown_rule,ZY05,2653,23,2,1,Pay_AD,-77.0,102.0,广告投放,src_33c96cbd4d19,origin data/VPD-OE_Agent_20260709/VPD-OE_Agent/data/raw/ZY/ZY05.xls,现金流量表,26
60dae4f47453b1e6,historical_600_unknown_rule,ZY05,3005,24,2,1,Long_Loan,504.0,606.0,申请:5年 504W的长期贷款,src_33c96cbd4d19,origin data/VPD-OE_Agent_20260709/VPD-OE_Agent/data/raw/ZY/ZY05.xls,现金流量表,27
065559e512e068b1,historical_600_unknown_rule,ZY05,3006,25,2,1,Pay_Material,-100.0,506.0,支付原料费 R3:4 R4:2 R1:2 R2:2,src_33c96cbd4d19,origin data/VPD-OE_Agent_20260709/VPD-OE_Agent/data/raw/ZY/ZY05.xls,现金流量表,28
59438c5a3f5ac74e,historical_600_unknown_rule,ZY05,3008,26,2,1,Buy_Material,0.0,506.0,订购原料 R1:2 R2:2 R3:4 R4:2,src_33c96cbd4d19,origin data/VPD-OE_Agent_20260709/VPD-OE_Agent/data/raw/ZY/ZY05.xls,现金流量表,29
9133a9b317e089c1,historical_600_unknown_rule,ZY05,3010,27,2,1,Product_Produce,-40.0,466.0,204:P2 205:P2 206:P3 207:P3,src_33c96cbd4d19,origin data/VPD-OE_Agent_20260709/VPD-OE_Agent/data/raw/ZY/ZY05.xls,现金流量表,30
11ad4fb728dd44f6,historical_600_unknown_rule,ZY05,3011,28,2,1,Renew_Workshop,-40.0,426.0,厂房续租,src_33c96cbd4d19,origin data/VPD-OE_Agent_20260709/VPD-OE_Agent/data/raw/ZY/ZY05.xls,现金流量表,31
7aca040e9d514f7e,historical_600_unknown_rule,ZY05,3012,29,2,1,Pay_Overhaul,-10.0,416.0,支付行政管理费,src_33c96cbd4d19,origin data/VPD-OE_Agent_20260709/VPD-OE_Agent/data/raw/ZY/ZY05.xls,现金流量表,32
6e4f844f95ce40fe,historical_600_unknown_rule,ZY05,3014,30,2,2,Pay_Material,-100.0,316.0,支付原料费 R3:4 R4:2 R1:2 R2:2,src_33c96cbd4d19,origin data/VPD-OE_Agent_20260709/VPD-OE_Agent/data/raw/ZY/ZY05.xls,现金流量表,33
7dcf9ab5598c2884,historical_600_unknown_rule,ZY05,3015,31,2,2,Buy_Material,0.0,316.0,订购原料 R1:2 R2:2 R3:4 R4:2,src_33c96cbd4d19,origin data/VPD-OE_Agent_20260709/VPD-OE_Agent/data/raw/ZY/ZY05.xls,现金流量表,34
c10e965a42c04c84,historical_600_unknown_rule,ZY05,3017,32,2,2,Product_Produce,-40.0,276.0,204:P2 205:P2 206:P3 207:P3,src_33c96cbd4d19,origin data/VPD-OE_Agent_20260709/VPD-OE_Agent/data/raw/ZY/ZY05.xls,现金流量表,35
71947836885cdb43,historical_600_unknown_rule,ZY05,3021,33,2,2,Develop_Product,-10.0,266.0,产品生产资格投资: P1,src_33c96cbd4d19,origin data/VPD-OE_Agent_20260709/VPD-OE_Agent/data/raw/ZY/ZY05.xls,现金流量表,36
f27b1bbc7d38940e,historical_600_unknown_rule,ZY05,3022,34,2,2,Pay_Overhaul,-10.0,256.0,支付行政管理费,src_33c96cbd4d19,origin data/VPD-OE_Agent_20260709/VPD-OE_Agent/data/raw/ZY/ZY05.xls,现金流量表,37
3150008f31a48df9,historical_600_unknown_rule,ZY05,3023,35,2,3,Pay_Material,-100.0,156.0,支付原料费 R3:4 R4:2 R1:2 R2:2,src_33c96cbd4d19,origin data/VPD-OE_Agent_20260709/VPD-OE_Agent/data/raw/ZY/ZY05.xls,现金流量表,38
26ed02cbb93eac21,historical_600_unknown_rule,ZY05,3025,36,2,3,Buy_Material,0.0,156.0,订购原料 R1:2 R2:2 R3:4 R4:2,src_33c96cbd4d19,origin data/VPD-OE_Agent_20260709/VPD-OE_Agent/data/raw/ZY/ZY05.xls,现金流量表,39
95cbecaf4586dbb9,historical_600_unknown_rule,ZY05,3027,37,2,3,Product_Produce,-40.0,116.0,204:P2 205:P2 206:P3 207:P3,src_33c96cbd4d19,origin data/VPD-OE_Agent_20260709/VPD-OE_Agent/data/raw/ZY/ZY05.xls,现金流量表,40
fff416c974384e4c,historical_600_unknown_rule,ZY05,3029,38,2,3,Update_Receivable,171.0,287.0,更新应收款,src_33c96cbd4d19,origin data/VPD-OE_Agent_20260709/VPD-OE_Agent/data/raw/ZY/ZY05.xls,现金流量表,41
463666c8c5769537,historical_600_unknown_rule,ZY05,3031,39,2,3,Develop_Product,-10.0,277.0,产品生产资格投资: P1,src_33c96cbd4d19,origin data/VPD-OE_Agent_20260709/VPD-OE_Agent/data/raw/ZY/ZY05.xls,现金流量表,42
12d13d0f1d83cae0,historical_600_unknown_rule,ZY05,3032,40,2,3,Pay_Overhaul,-10.0,267.0,支付行政管理费,src_33c96cbd4d19,origin data/VPD-OE_Agent_20260709/VPD-OE_Agent/data/raw/ZY/ZY05.xls,现金流量表,43
b4c37998988df68a,historical_600_unknown_rule,ZY05,3034,41,2,4,Pay_Material,-100.0,167.0,支付原料费 R3:4 R4:2 R1:2 R2:2,src_33c96cbd4d19,origin data/VPD-OE_Agent_20260709/VPD-OE_Agent/data/raw/ZY/ZY05.xls,现金流量表,44
3b0580a461bf0269,historical_600_unknown_rule,ZY05,3035,42,2,4,Buy_Material,0.0,167.0,订购原料 R1:2 R2:2 R3:4 R4:2,src_33c96cbd4d19,origin data/VPD-OE_Agent_20260709/VPD-OE_Agent/data/raw/ZY/ZY05.xls,现金流量表,45
8273ac83b616f709,historical_600_unknown_rule,ZY05,3037,43,2,4,Product_Produce,-40.0,127.0,204:P2 205:P2 206:P3 207:P3,src_33c96cbd4d19,origin data/VPD-OE_Agent_20260709/VPD-OE_Agent/data/raw/ZY/ZY05.xls,现金流量表,46
660c83e0ddf3af99,historical_600_unknown_rule,ZY05,3040,44,2,4,Develop_ISO,-30.0,97.0,"ISO认证资格投资,开发：ISO9000 ISO14000",src_33c96cbd4d19,origin data/VPD-OE_Agent_20260709/VPD-OE_Agent/data/raw/ZY/ZY05.xls,现金流量表,47
7eedbfc950f94acf,historical_600_unknown_rule,ZY05,3044,45,2,4,Develop_Market,-30.0,67.0,"市场开拓资格投资,开发项目:国内 亚洲 国际",src_33c96cbd4d19,origin data/VPD-OE_Agent_20260709/VPD-OE_Agent/data/raw/ZY/ZY05.xls,现金流量表,48
74f8e7f46bb2e8aa,historical_600_unknown_rule,ZY05,3118,46,2,4,Pay_Overhaul,-10.0,57.0,支付行政管理费,src_33c96cbd4d19,origin data/VPD-OE_Agent_20260709/VPD-OE_Agent/data/raw/ZY/ZY05.xls,现金流量表,49
acd9334440fdd1c5,historical_600_unknown_rule,ZY05,3119,47,2,4,Pay_Maintenance,-40.0,17.0,支付维护费,src_33c96cbd4d19,origin data/VPD-OE_Agent_20260709/VPD-OE_Agent/data/raw/ZY/ZY05.xls,现金流量表,50
966b6291e8c0c107,historical_600_unknown_rule,ZY05,3241,48,3,1,Discount,135.0,152.0,"1期贴现:150W,2期贴现:0W,3期贴现:0W,4期贴现:0W",src_33c96cbd4d19,origin data/VPD-OE_Agent_20260709/VPD-OE_Agent/data/raw/ZY/ZY05.xls,现金流量表,51
1f792e392527dfa3,historical_600_unknown_rule,ZY05,3247,49,3,1,Discount,90.0,242.0,"1期贴现:100W,2期贴现:0W,3期贴现:0W,4期贴现:0W",src_33c96cbd4d19,origin data/VPD-OE_Agent_20260709/VPD-OE_Agent/data/raw/ZY/ZY05.xls,现金流量表,52
16a9a15284616b51,historical_600_unknown_rule,ZY05,3248,50,3,1,Pay_Long_Loan,-96.0,146.0,支付长贷本息,src_33c96cbd4d19,origin data/VPD-OE_Agent_20260709/VPD-OE_Agent/data/raw/ZY/ZY05.xls,现金流量表,53
317372693b8c6674,historical_600_unknown_rule,ZY05,3249,51,3,1,Pay_AD,-60.0,86.0,广告投放,src_33c96cbd4d19,origin data/VPD-OE_Agent_20260709/VPD-OE_Agent/data/raw/ZY/ZY05.xls,现金流量表,54
9f54493675db140b,historical_600_unknown_rule,ZY05,3266,52,3,1,Auction_Win,-10.0,76.0,竞单成功，获得订单:J31-0003,src_33c96cbd4d19,origin data/VPD-OE_Agent_20260709/VPD-OE_Agent/data/raw/ZY/ZY05.xls,现金流量表,55
659a6d5efce56b8a,historical_600_unknown_rule,ZY05,3270,53,3,1,Auction_Win,-10.0,66.0,竞单成功，获得订单:J31-0012,src_33c96cbd4d19,origin data/VPD-OE_Agent_20260709/VPD-OE_Agent/data/raw/ZY/ZY05.xls,现金流量表,56
6e193e15ddedd99c,historical_600_unknown_rule,ZY05,3273,54,3,1,Auction_Win,-10.0,56.0,竞单成功，获得订单:J33-0016,src_33c96cbd4d19,origin data/VPD-OE_Agent_20260709/VPD-OE_Agent/data/raw/ZY/ZY05.xls,现金流量表,57
6f61b865e12d6603,historical_600_unknown_rule,ZY05,3310,55,3,1,Long_Loan,206.0,262.0,申请:5年 206W的长期贷款,src_33c96cbd4d19,origin data/VPD-OE_Agent_20260709/VPD-OE_Agent/data/raw/ZY/ZY05.xls,现金流量表,58
dd06d70b0435bb0e,historical_600_unknown_rule,ZY05,3354,56,3,1,Pay_Material,-100.0,162.0,支付原料费 R3:4 R4:2 R1:2 R2:2,src_33c96cbd4d19,origin data/VPD-OE_Agent_20260709/VPD-OE_Agent/data/raw/ZY/ZY05.xls,现金流量表,59
84af0ac4a430be13,historical_600_unknown_rule,ZY05,3364,57,3,1,Buy_Material,0.0,162.0,订购原料 R1:2 R2:2 R3:4 R4:2,src_33c96cbd4d19,origin data/VPD-OE_Agent_20260709/VPD-OE_Agent/data/raw/ZY/ZY05.xls,现金流量表,60
6e07a5c53329d7f4,historical_600_unknown_rule,ZY05,3371,58,3,1,Product_Produce,-40.0,122.0,204:P2 205:P2 206:P3 207:P3,src_33c96cbd4d19,origin data/VPD-OE_Agent_20260709/VPD-OE_Agent/data/raw/ZY/ZY05.xls,现金流量表,61
bbd82303e33a3934,historical_600_unknown_rule,ZY05,3376,59,3,1,Update_Receivable,72.0,194.0,更新应收款,src_33c96cbd4d19,origin data/VPD-OE_Agent_20260709/VPD-OE_Agent/data/raw/ZY/ZY05.xls,现金流量表,62
fe6fe5923732b0c2,historical_600_unknown_rule,ZY05,3427,60,3,1,Renew_Workshop,-40.0,154.0,厂房续租,src_33c96cbd4d19,origin data/VPD-OE_Agent_20260709/VPD-OE_Agent/data/raw/ZY/ZY05.xls,现金流量表,63
1b22ac6c45beb36b,historical_600_unknown_rule,ZY05,3428,61,3,1,Pay_Overhaul,-10.0,144.0,支付行政管理费,src_33c96cbd4d19,origin data/VPD-OE_Agent_20260709/VPD-OE_Agent/data/raw/ZY/ZY05.xls,现金流量表,64
8b00c29584f57bfe,historical_600_unknown_rule,ZY05,3441,62,3,2,Pay_Material,-100.0,44.0,支付原料费 R3:4 R4:2 R1:2 R2:2,src_33c96cbd4d19,origin data/VPD-OE_Agent_20260709/VPD-OE_Agent/data/raw/ZY/ZY05.xls,现金流量表,65
7722319106f4a938,historical_600_unknown_rule,ZY05,3442,63,3,2,Buy_Material,0.0,44.0,订购原料 R1:2 R2:2 R3:4 R4:2,src_33c96cbd4d19,origin data/VPD-OE_Agent_20260709/VPD-OE_Agent/data/raw/ZY/ZY05.xls,现金流量表,66
7bcacccab43ed34e,historical_600_unknown_rule,ZY05,3445,64,3,2,Product_Produce,-40.0,4.0,204:P2 205:P2 206:P3 207:P3,src_33c96cbd4d19,origin data/VPD-OE_Agent_20260709/VPD-OE_Agent/data/raw/ZY/ZY05.xls,现金流量表,67
0c1fb16d3f64f4bf,historical_600_unknown_rule,ZY05,3458,65,3,2,Discount,45.0,49.0,"1期贴现:50W,2期贴现:0W,3期贴现:0W,4期贴现:0W",src_33c96cbd4d19,origin data/VPD-OE_Agent_20260709/VPD-OE_Agent/data/raw/ZY/ZY05.xls,现金流量表,68
8fe6dd986d159fd6,historical_600_unknown_rule,ZY05,3472,66,3,2,Pay_Overhaul,-10.0,39.0,支付行政管理费,src_33c96cbd4d19,origin data/VPD-OE_Agent_20260709/VPD-OE_Agent/data/raw/ZY/ZY05.xls,现金流量表,69
b32380d964126f4e,historical_600_unknown_rule,ZY05,3486,67,3,3,Discount,90.0,129.0,"1期贴现:100W,2期贴现:0W,3期贴现:0W,4期贴现:0W",src_33c96cbd4d19,origin data/VPD-OE_Agent_20260709/VPD-OE_Agent/data/raw/ZY/ZY05.xls,现金流量表,70
46432abbd9cdbb1e,historical_600_unknown_rule,ZY05,3490,68,3,3,Pay_Material,-100.0,29.0,支付原料费 R3:4 R4:2 R1:2 R2:2,src_33c96cbd4d19,origin data/VPD-OE_Agent_20260709/VPD-OE_Agent/data/raw/ZY/ZY05.xls,现金流量表,71
8d925af2e686cb25,historical_600_unknown_rule,ZY05,3493,69,3,3,Buy_Material,0.0,29.0,订购原料 R1:2 R2:2 R3:4 R4:2,src_33c96cbd4d19,origin data/VPD-OE_Agent_20260709/VPD-OE_Agent/data/raw/ZY/ZY05.xls,现金流量表,72
31de8efa7b38757f,historical_600_unknown_rule,ZY05,3516,70,3,3,Discount,9.0,38.0,"1期贴现:11W,2期贴现:0W,3期贴现:0W,4期贴现:0W",src_33c96cbd4d19,origin data/VPD-OE_Agent_20260709/VPD-OE_Agent/data/raw/ZY/ZY05.xls,现金流量表,73
4d3fedfc1e706ea0,historical_600_unknown_rule,ZY05,3527,71,3,3,Discount,3.0,41.0,"1期贴现:4W,2期贴现:0W,3期贴现:0W,4期贴现:0W",src_33c96cbd4d19,origin data/VPD-OE_Agent_20260709/VPD-OE_Agent/data/raw/ZY/ZY05.xls,现金流量表,74
eb59fd8794c9a5c9,historical_600_unknown_rule,ZY05,3528,72,3,3,Product_Produce,-40.0,1.0,204:P2 205:P2 206:P3 207:P3,src_33c96cbd4d19,origin data/VPD-OE_Agent_20260709/VPD-OE_Agent/data/raw/ZY/ZY05.xls,现金流量表,75
5446d8d153977a74,historical_600_unknown_rule,ZY05,3532,73,3,3,Update_Receivable,480.0,481.0,更新应收款,src_33c96cbd4d19,origin data/VPD-OE_Agent_20260709/VPD-OE_Agent/data/raw/ZY/ZY05.xls,现金流量表,76
6d868c4bdaad4ea7,historical_600_unknown_rule,ZY05,3539,74,3,3,Emergency_Buy_Product,-240.0,241.0,"紧急采购产品，数量分别为：0,0,2,0",src_33c96cbd4d19,origin data/VPD-OE_Agent_20260709/VPD-OE_Agent/data/raw/ZY/ZY05.xls,现金流量表,77
96adac241ab2a5fe,historical_600_unknown_rule,ZY05,3544,75,3,3,Pay_Overhaul,-10.0,231.0,支付行政管理费,src_33c96cbd4d19,origin data/VPD-OE_Agent_20260709/VPD-OE_Agent/data/raw/ZY/ZY05.xls,现金流量表,78
e7f60cc25fdc24cf,historical_600_unknown_rule,ZY05,3551,76,3,4,Pay_Material,-100.0,131.0,支付原料费 R3:4 R4:2 R1:2 R2:2,src_33c96cbd4d19,origin data/VPD-OE_Agent_20260709/VPD-OE_Agent/data/raw/ZY/ZY05.xls,现金流量表,79
3547848551244258,historical_600_unknown_rule,ZY05,3556,77,3,4,Buy_Material,0.0,131.0,订购原料 R1:2 R2:2 R3:4 R4:2,src_33c96cbd4d19,origin data/VPD-OE_Agent_20260709/VPD-OE_Agent/data/raw/ZY/ZY05.xls,现金流量表,80
1c179210c4c094ae,historical_600_unknown_rule,ZY05,3558,78,3,4,Product_Produce,-40.0,91.0,204:P2 205:P2 206:P3 207:P3,src_33c96cbd4d19,origin data/VPD-OE_Agent_20260709/VPD-OE_Agent/data/raw/ZY/ZY05.xls,现金流量表,81
9ada812cb5cd0439,historical_600_unknown_rule,ZY05,3559,79,3,4,Update_Receivable,121.0,212.0,更新应收款,src_33c96cbd4d19,origin data/VPD-OE_Agent_20260709/VPD-OE_Agent/data/raw/ZY/ZY05.xls,现金流量表,82
f3101819cfffa420,historical_600_unknown_rule,ZY05,3561,80,3,4,Sell_Product,480.0,692.0,订单交货,src_33c96cbd4d19,origin data/VPD-OE_Agent_20260709/VPD-OE_Agent/data/raw/ZY/ZY05.xls,现金流量表,83
3ef97a823ab930ca,historical_600_unknown_rule,ZY05,3566,81,3,4,Develop_Market,-20.0,672.0,"市场开拓资格投资,开发项目:亚洲 国际",src_33c96cbd4d19,origin data/VPD-OE_Agent_20260709/VPD-OE_Agent/data/raw/ZY/ZY05.xls,现金流量表,84
48f66f848944b48e,historical_600_unknown_rule,ZY05,3569,82,3,4,Pay_Overhaul,-10.0,662.0,支付行政管理费,src_33c96cbd4d19,origin data/VPD-OE_Agent_20260709/VPD-OE_Agent/data/raw/ZY/ZY05.xls,现金流量表,85
95654e970c4e2786,historical_600_unknown_rule,ZY05,3570,83,3,4,Pay_Maintenance,-40.0,622.0,支付维护费,src_33c96cbd4d19,origin data/VPD-OE_Agent_20260709/VPD-OE_Agent/data/raw/ZY/ZY05.xls,现金流量表,86
0557e0e3a7f3d5bc,historical_600_unknown_rule,ZY05,3747,84,4,1,Pay_Tax,-115.0,507.0,支付上一年税金,src_33c96cbd4d19,origin data/VPD-OE_Agent_20260709/VPD-OE_Agent/data/raw/ZY/ZY05.xls,现金流量表,87
06a12c071da4b44d,historical_600_unknown_rule,ZY05,3748,85,4,1,Pay_Long_Loan,-116.0,391.0,支付长贷本息,src_33c96cbd4d19,origin data/VPD-OE_Agent_20260709/VPD-OE_Agent/data/raw/ZY/ZY05.xls,现金流量表,88
0db321f45fe1666d,historical_600_unknown_rule,ZY05,3749,86,4,1,Pay_AD,-111.0,280.0,广告投放,src_33c96cbd4d19,origin data/VPD-OE_Agent_20260709/VPD-OE_Agent/data/raw/ZY/ZY05.xls,现金流量表,89
dc053edf4fa8ffdb,historical_600_unknown_rule,ZY05,4186,87,4,1,Pay_Material,-100.0,180.0,支付原料费 R3:4 R4:2 R1:2 R2:2,src_33c96cbd4d19,origin data/VPD-OE_Agent_20260709/VPD-OE_Agent/data/raw/ZY/ZY05.xls,现金流量表,90
dccee917f0f4ca82,historical_600_unknown_rule,ZY05,4200,88,4,1,Buy_Material,0.0,180.0,订购原料 R1:2 R2:2 R3:4 R4:2,src_33c96cbd4d19,origin data/VPD-OE_Agent_20260709/VPD-OE_Agent/data/raw/ZY/ZY05.xls,现金流量表,91
fe507a3abdeb483f,historical_600_unknown_rule,ZY05,4204,89,4,1,Rent_Workshop,-40.0,140.0,租用[大厂房],src_33c96cbd4d19,origin data/VPD-OE_Agent_20260709/VPD-OE_Agent/data/raw/ZY/ZY05.xls,现金流量表,92
ef39fb083b4d2d7e,historical_600_unknown_rule,ZY05,4205,90,4,1,Product_Produce,-40.0,100.0,204:P2 205:P2 206:P3 207:P3,src_33c96cbd4d19,origin data/VPD-OE_Agent_20260709/VPD-OE_Agent/data/raw/ZY/ZY05.xls,现金流量表,93
50e44936529b7eaa,historical_600_unknown_rule,ZY05,4206,91,4,1,Update_Receivable,710.0,810.0,更新应收款,src_33c96cbd4d19,origin data/VPD-OE_Agent_20260709/VPD-OE_Agent/data/raw/ZY/ZY05.xls,现金流量表,94
af6a8e81ee5542f0,historical_600_unknown_rule,ZY05,4217,92,4,1,Develop_Product,-10.0,800.0,产品生产资格投资: P4,src_33c96cbd4d19,origin data/VPD-OE_Agent_20260709/VPD-OE_Agent/data/raw/ZY/ZY05.xls,现金流量表,95
02248a2a6ade30ee,historical_600_unknown_rule,ZY05,4218,93,4,1,Renew_Workshop,-40.0,760.0,厂房续租,src_33c96cbd4d19,origin data/VPD-OE_Agent_20260709/VPD-OE_Agent/data/raw/ZY/ZY05.xls,现金流量表,96
65400882edbfc8e5,historical_600_unknown_rule,ZY05,4219,94,4,1,Pay_Overhaul,-10.0,750.0,支付行政管理费,src_33c96cbd4d19,origin data/VPD-OE_Agent_20260709/VPD-OE_Agent/data/raw/ZY/ZY05.xls,现金流量表,97
9db97dd31c480dff,historical_600_unknown_rule,ZY05,4221,95,4,2,Pay_Material,-100.0,650.0,支付原料费 R3:4 R4:2 R1:2 R2:2,src_33c96cbd4d19,origin data/VPD-OE_Agent_20260709/VPD-OE_Agent/data/raw/ZY/ZY05.xls,现金流量表,98
39ee96ae91566da6,historical_600_unknown_rule,ZY05,4222,96,4,2,Buy_Material,0.0,650.0,订购原料 R1:2 R2:2 R3:4 R4:2,src_33c96cbd4d19,origin data/VPD-OE_Agent_20260709/VPD-OE_Agent/data/raw/ZY/ZY05.xls,现金流量表,99
d89858a33dd12b55,historical_600_unknown_rule,ZY05,4223,97,4,2,Buy_ProductLine,-50.0,600.0,订购[自动线]生产[P1],src_33c96cbd4d19,origin data/VPD-OE_Agent_20260709/VPD-OE_Agent/data/raw/ZY/ZY05.xls,现金流量表,100
61b687a63098f892,historical_600_unknown_rule,ZY05,4225,98,4,2,Buy_ProductLine,-50.0,550.0,订购[自动线]生产[P1],src_33c96cbd4d19,origin data/VPD-OE_Agent_20260709/VPD-OE_Agent/data/raw/ZY/ZY05.xls,现金流量表,101
874d369adbba57ef,historical_600_unknown_rule,ZY05,4231,99,4,2,Product_Produce,-40.0,510.0,204:P2 205:P2 206:P3 207:P3,src_33c96cbd4d19,origin data/VPD-OE_Agent_20260709/VPD-OE_Agent/data/raw/ZY/ZY05.xls,现金流量表,102
d2838e598022341a,historical_600_unknown_rule,ZY05,4234,100,4,2,Update_Receivable,273.0,783.0,更新应收款,src_33c96cbd4d19,origin data/VPD-OE_Agent_20260709/VPD-OE_Agent/data/raw/ZY/ZY05.xls,现金流量表,103
a736b0be82082161,historical_600_unknown_rule,ZY05,4235,101,4,2,Develop_Product,-10.0,773.0,产品生产资格投资: P4,src_33c96cbd4d19,origin data/VPD-OE_Agent_20260709/VPD-OE_Agent/data/raw/ZY/ZY05.xls,现金流量表,104
778876c8fed4632f,historical_600_unknown_rule,ZY05,4236,102,4,2,Pay_Overhaul,-10.0,763.0,支付行政管理费,src_33c96cbd4d19,origin data/VPD-OE_Agent_20260709/VPD-OE_Agent/data/raw/ZY/ZY05.xls,现金流量表,105
f1ff20b71cf643a9,historical_600_unknown_rule,ZY05,4237,103,4,3,Pay_Material,-100.0,663.0,支付原料费 R3:4 R4:2 R1:2 R2:2,src_33c96cbd4d19,origin data/VPD-OE_Agent_20260709/VPD-OE_Agent/data/raw/ZY/ZY05.xls,现金流量表,106
dcdd2ff0c9a26322,historical_600_unknown_rule,ZY05,4238,104,4,3,Buy_Material,0.0,663.0,订购原料 R1:2 R2:2 R3:4 R4:2,src_33c96cbd4d19,origin data/VPD-OE_Agent_20260709/VPD-OE_Agent/data/raw/ZY/ZY05.xls,现金流量表,107
e9bcc7cf678152e1,historical_600_unknown_rule,ZY05,4239,105,4,3,Invest_ProductLine,-100.0,563.0,投资在建生产线,src_33c96cbd4d19,origin data/VPD-OE_Agent_20260709/VPD-OE_Agent/data/raw/ZY/ZY05.xls,现金流量表,108
090103bc9d8826bd,historical_600_unknown_rule,ZY05,4240,106,4,3,Product_Produce,-40.0,523.0,204:P2 205:P2 206:P3 207:P3,src_33c96cbd4d19,origin data/VPD-OE_Agent_20260709/VPD-OE_Agent/data/raw/ZY/ZY05.xls,现金流量表,109
d7b621eac44ef913,historical_600_unknown_rule,ZY05,4241,107,4,3,Update_Receivable,381.0,904.0,更新应收款,src_33c96cbd4d19,origin data/VPD-OE_Agent_20260709/VPD-OE_Agent/data/raw/ZY/ZY05.xls,现金流量表,110
620ea357a448ef1d,historical_600_unknown_rule,ZY05,4243,108,4,3,Develop_Product,-10.0,894.0,产品生产资格投资: P4,src_33c96cbd4d19,origin data/VPD-OE_Agent_20260709/VPD-OE_Agent/data/raw/ZY/ZY05.xls,现金流量表,111
1cd08ba1e8241d0a,historical_600_unknown_rule,ZY05,4244,109,4,3,Pay_Overhaul,-10.0,884.0,支付行政管理费,src_33c96cbd4d19,origin data/VPD-OE_Agent_20260709/VPD-OE_Agent/data/raw/ZY/ZY05.xls,现金流量表,112
1e1d7ac7e43d683c,historical_600_unknown_rule,ZY05,4245,110,4,4,Pay_Material,-100.0,784.0,支付原料费 R3:4 R4:2 R1:2 R2:2,src_33c96cbd4d19,origin data/VPD-OE_Agent_20260709/VPD-OE_Agent/data/raw/ZY/ZY05.xls,现金流量表,113
0b11f684ecaab535,historical_600_unknown_rule,ZY05,4248,111,4,4,Buy_Material,0.0,784.0,订购原料 R1:4 R2:2 R3:4 R4:2,src_33c96cbd4d19,origin data/VPD-OE_Agent_20260709/VPD-OE_Agent/data/raw/ZY/ZY05.xls,现金流量表,114
74233af3c9b6ad24,historical_600_unknown_rule,ZY05,4249,112,4,4,Invest_ProductLine,-100.0,684.0,投资在建生产线,src_33c96cbd4d19,origin data/VPD-OE_Agent_20260709/VPD-OE_Agent/data/raw/ZY/ZY05.xls,现金流量表,115
512eedd7e6784b09,historical_600_unknown_rule,ZY05,4250,113,4,4,Product_Produce,-40.0,644.0,204:P2 205:P2 206:P3 207:P3,src_33c96cbd4d19,origin data/VPD-OE_Agent_20260709/VPD-OE_Agent/data/raw/ZY/ZY05.xls,现金流量表,116
bb03b692d9ca935d,historical_600_unknown_rule,ZY05,4252,114,4,4,Update_Receivable,524.0,1168.0,更新应收款,src_33c96cbd4d19,origin data/VPD-OE_Agent_20260709/VPD-OE_Agent/data/raw/ZY/ZY05.xls,现金流量表,117
109a18f91c8e9f6f,historical_600_unknown_rule,ZY05,4255,115,4,4,Develop_Product,-10.0,1158.0,产品生产资格投资: P4,src_33c96cbd4d19,origin data/VPD-OE_Agent_20260709/VPD-OE_Agent/data/raw/ZY/ZY05.xls,现金流量表,118
8d5c5cf87c10cd42,historical_600_unknown_rule,ZY05,4257,116,4,4,Develop_Market,-10.0,1148.0,"市场开拓资格投资,开发项目:国际",src_33c96cbd4d19,origin data/VPD-OE_Agent_20260709/VPD-OE_Agent/data/raw/ZY/ZY05.xls,现金流量表,119
1cdd05ba9523914d,historical_600_unknown_rule,ZY05,4261,117,4,4,Pay_Overhaul,-10.0,1138.0,支付行政管理费,src_33c96cbd4d19,origin data/VPD-OE_Agent_20260709/VPD-OE_Agent/data/raw/ZY/ZY05.xls,现金流量表,120
5f45a9f9e87f3cba,historical_600_unknown_rule,ZY05,4262,118,4,4,Pay_Maintenance,-40.0,1098.0,支付维护费,src_33c96cbd4d19,origin data/VPD-OE_Agent_20260709/VPD-OE_Agent/data/raw/ZY/ZY05.xls,现金流量表,121
d857f0862e419289,historical_600_unknown_rule,ZY05,4440,119,5,1,Pay_Long_Loan,-116.0,982.0,支付长贷本息,src_33c96cbd4d19,origin data/VPD-OE_Agent_20260709/VPD-OE_Agent/data/raw/ZY/ZY05.xls,现金流量表,122
ed8a307190608f5a,historical_600_unknown_rule,ZY05,4441,120,5,1,Pay_AD,-87.0,895.0,广告投放,src_33c96cbd4d19,origin data/VPD-OE_Agent_20260709/VPD-OE_Agent/data/raw/ZY/ZY05.xls,现金流量表,123
79fd2f6e4fcd08b1,historical_600_unknown_rule,ZY05,4484,121,5,1,Auction_Win,-10.0,885.0,竞单成功，获得订单:J54-0031,src_33c96cbd4d19,origin data/VPD-OE_Agent_20260709/VPD-OE_Agent/data/raw/ZY/ZY05.xls,现金流量表,124
32b372b85e7779b8,historical_600_unknown_rule,ZY05,4493,122,5,1,Long_Loan,1458.0,2343.0,申请:5年 1458W的长期贷款,src_33c96cbd4d19,origin data/VPD-OE_Agent_20260709/VPD-OE_Agent/data/raw/ZY/ZY05.xls,现金流量表,125
f2b4ab1361cd1d66,historical_600_unknown_rule,ZY05,4499,123,5,1,Pay_Material,-120.0,2223.0,支付原料费 R3:4 R4:2 R1:4 R2:2,src_33c96cbd4d19,origin data/VPD-OE_Agent_20260709/VPD-OE_Agent/data/raw/ZY/ZY05.xls,现金流量表,126
f6a560d237d83ab5,historical_600_unknown_rule,ZY05,4503,124,5,1,Buy_Material,0.0,2223.0,订购原料 R1:4 R2:2 R3:4 R4:2,src_33c96cbd4d19,origin data/VPD-OE_Agent_20260709/VPD-OE_Agent/data/raw/ZY/ZY05.xls,现金流量表,127
32713650a0998351,historical_600_unknown_rule,ZY05,4504,125,5,1,Product_Produce,-60.0,2163.0,204:P2 205:P2 206:P3 207:P3 239:P1 240:P1,src_33c96cbd4d19,origin data/VPD-OE_Agent_20260709/VPD-OE_Agent/data/raw/ZY/ZY05.xls,现金流量表,128
7fe4299019e8c6aa,historical_600_unknown_rule,ZY05,4516,126,5,1,Buy_ProductLine,-50.0,2113.0,订购[自动线]生产[P4],src_33c96cbd4d19,origin data/VPD-OE_Agent_20260709/VPD-OE_Agent/data/raw/ZY/ZY05.xls,现金流量表,129
950ba187051ece3b,historical_600_unknown_rule,ZY05,4521,127,5,1,Buy_ProductLine,-50.0,2063.0,订购[自动线]生产[P4],src_33c96cbd4d19,origin data/VPD-OE_Agent_20260709/VPD-OE_Agent/data/raw/ZY/ZY05.xls,现金流量表,130
6f7474b6da62889c,historical_600_unknown_rule,ZY05,4554,128,5,1,Develop_Product,-10.0,2053.0,产品生产资格投资: P4,src_33c96cbd4d19,origin data/VPD-OE_Agent_20260709/VPD-OE_Agent/data/raw/ZY/ZY05.xls,现金流量表,131
c9a4bff207fcc8bb,historical_600_unknown_rule,ZY05,4560,129,5,1,Renew_Workshop,-80.0,1973.0,厂房续租,src_33c96cbd4d19,origin data/VPD-OE_Agent_20260709/VPD-OE_Agent/data/raw/ZY/ZY05.xls,现金流量表,132
c25b9919907d3928,historical_600_unknown_rule,ZY05,4561,130,5,1,Pay_Overhaul,-10.0,1963.0,支付行政管理费,src_33c96cbd4d19,origin data/VPD-OE_Agent_20260709/VPD-OE_Agent/data/raw/ZY/ZY05.xls,现金流量表,133
12427f9d10c9a5d4,historical_600_unknown_rule,ZY05,4577,131,5,2,Pay_Material,-120.0,1843.0,支付原料费 R3:4 R4:2 R1:4 R2:2,src_33c96cbd4d19,origin data/VPD-OE_Agent_20260709/VPD-OE_Agent/data/raw/ZY/ZY05.xls,现金流量表,134
52e99443ba30e19a,historical_600_unknown_rule,ZY05,4587,132,5,2,Buy_Material,0.0,1843.0,订购原料 R1:3 R2:2 R3:4 R4:2,src_33c96cbd4d19,origin data/VPD-OE_Agent_20260709/VPD-OE_Agent/data/raw/ZY/ZY05.xls,现金流量表,135
4adea7522166d379,historical_600_unknown_rule,ZY05,4598,133,5,2,Buy_Workshop,-300.0,1543.0,购买[大厂房],src_33c96cbd4d19,origin data/VPD-OE_Agent_20260709/VPD-OE_Agent/data/raw/ZY/ZY05.xls,现金流量表,136
da80d0ca19fa6985,historical_600_unknown_rule,ZY05,4607,134,5,2,Product_Produce,-60.0,1483.0,204:P2 205:P2 206:P3 207:P3 239:P1 240:P1,src_33c96cbd4d19,origin data/VPD-OE_Agent_20260709/VPD-OE_Agent/data/raw/ZY/ZY05.xls,现金流量表,137
f15823677970593a,historical_600_unknown_rule,ZY05,4620,135,5,2,Invest_ProductLine,-100.0,1383.0,投资在建生产线,src_33c96cbd4d19,origin data/VPD-OE_Agent_20260709/VPD-OE_Agent/data/raw/ZY/ZY05.xls,现金流量表,138
959d2982f3a38c47,historical_600_unknown_rule,ZY05,4629,136,5,2,Buy_ProductLine,-100.0,1283.0,订购[半自动]生产[P2],src_33c96cbd4d19,origin data/VPD-OE_Agent_20260709/VPD-OE_Agent/data/raw/ZY/ZY05.xls,现金流量表,139
bb2d23598e35856d,historical_600_unknown_rule,ZY05,4632,137,5,2,Buy_ProductLine,-100.0,1183.0,订购[半自动]生产[P2],src_33c96cbd4d19,origin data/VPD-OE_Agent_20260709/VPD-OE_Agent/data/raw/ZY/ZY05.xls,现金流量表,140
df71314ecd4443db,historical_600_unknown_rule,ZY05,4651,138,5,2,Buy_ProductLine,-100.0,1083.0,订购[半自动]生产[P3],src_33c96cbd4d19,origin data/VPD-OE_Agent_20260709/VPD-OE_Agent/data/raw/ZY/ZY05.xls,现金流量表,141
b635607035fbdf82,historical_600_unknown_rule,ZY05,4654,139,5,2,Buy_ProductLine,-100.0,983.0,订购[半自动]生产[P3],src_33c96cbd4d19,origin data/VPD-OE_Agent_20260709/VPD-OE_Agent/data/raw/ZY/ZY05.xls,现金流量表,142
5bb52c3a72ea5822,historical_600_unknown_rule,ZY05,4660,140,5,2,Update_Receivable,358.0,1341.0,更新应收款,src_33c96cbd4d19,origin data/VPD-OE_Agent_20260709/VPD-OE_Agent/data/raw/ZY/ZY05.xls,现金流量表,143
00410594def3f9a6,historical_600_unknown_rule,ZY05,4676,141,5,2,Pay_Overhaul,-10.0,1331.0,支付行政管理费,src_33c96cbd4d19,origin data/VPD-OE_Agent_20260709/VPD-OE_Agent/data/raw/ZY/ZY05.xls,现金流量表,144
2167fff7200dc2dd,historical_600_unknown_rule,ZY05,4689,142,5,3,Pay_Material,-110.0,1221.0,支付原料费 R3:4 R4:2 R1:3 R2:2,src_33c96cbd4d19,origin data/VPD-OE_Agent_20260709/VPD-OE_Agent/data/raw/ZY/ZY05.xls,现金流量表,145
083488429ee2bf45,historical_600_unknown_rule,ZY05,4692,143,5,3,Buy_Material,0.0,1221.0,订购原料 R1:2 R2:2,src_33c96cbd4d19,origin data/VPD-OE_Agent_20260709/VPD-OE_Agent/data/raw/ZY/ZY05.xls,现金流量表,146
54cf728aa5b44987,historical_600_unknown_rule,ZY05,4733,144,5,3,Product_Produce,-50.0,1171.0,204:P2 205:P2 206:P3 207:P3 239:P1,src_33c96cbd4d19,origin data/VPD-OE_Agent_20260709/VPD-OE_Agent/data/raw/ZY/ZY05.xls,现金流量表,147
a4526e19f78f76a0,historical_600_unknown_rule,ZY05,4736,145,5,3,Invest_ProductLine,-100.0,1071.0,投资在建生产线,src_33c96cbd4d19,origin data/VPD-OE_Agent_20260709/VPD-OE_Agent/data/raw/ZY/ZY05.xls,现金流量表,148
fdf94089a27a034d,historical_600_unknown_rule,ZY05,4745,146,5,3,Buy_Workshop,-300.0,771.0,购买[大厂房],src_33c96cbd4d19,origin data/VPD-OE_Agent_20260709/VPD-OE_Agent/data/raw/ZY/ZY05.xls,现金流量表,149
3b04a3ed8f89e4de,historical_600_unknown_rule,ZY05,4750,147,5,3,Buy_ProductLine,-100.0,671.0,订购[半自动]生产[P2],src_33c96cbd4d19,origin data/VPD-OE_Agent_20260709/VPD-OE_Agent/data/raw/ZY/ZY05.xls,现金流量表,150
143adfa8b9bc3a5d,historical_600_unknown_rule,ZY05,4754,148,5,3,Buy_ProductLine,-100.0,571.0,订购[半自动]生产[P3],src_33c96cbd4d19,origin data/VPD-OE_Agent_20260709/VPD-OE_Agent/data/raw/ZY/ZY05.xls,现金流量表,151
563db569eb0d6584,historical_600_unknown_rule,ZY05,4755,149,5,3,Buy_ProductLine,-100.0,471.0,订购[半自动]生产[P1],src_33c96cbd4d19,origin data/VPD-OE_Agent_20260709/VPD-OE_Agent/data/raw/ZY/ZY05.xls,现金流量表,152
64dba747d5b97bf4,historical_600_unknown_rule,ZY05,4757,150,5,3,Buy_ProductLine,-100.0,371.0,订购[半自动]生产[P4],src_33c96cbd4d19,origin data/VPD-OE_Agent_20260709/VPD-OE_Agent/data/raw/ZY/ZY05.xls,现金流量表,153
dda67a882b0a1910,historical_600_unknown_rule,ZY05,4761,151,5,3,Pay_Overhaul,-10.0,361.0,支付行政管理费,src_33c96cbd4d19,origin data/VPD-OE_Agent_20260709/VPD-OE_Agent/data/raw/ZY/ZY05.xls,现金流量表,154
e0bdf62ce41788a1,historical_600_unknown_rule,ZY05,4762,152,5,4,Pay_Material,-100.0,261.0,支付原料费 R3:4 R4:2 R1:2 R2:2,src_33c96cbd4d19,origin data/VPD-OE_Agent_20260709/VPD-OE_Agent/data/raw/ZY/ZY05.xls,现金流量表,155
88158c3d172ce187,historical_600_unknown_rule,ZY05,4777,153,5,4,Update_Receivable,162.0,423.0,更新应收款,src_33c96cbd4d19,origin data/VPD-OE_Agent_20260709/VPD-OE_Agent/data/raw/ZY/ZY05.xls,现金流量表,156
09f50880bca06652,historical_600_unknown_rule,ZY05,4788,154,5,4,RentTOBuy_Workshop,-300.0,123.0,大厂房(64)租转买,src_33c96cbd4d19,origin data/VPD-OE_Agent_20260709/VPD-OE_Agent/data/raw/ZY/ZY05.xls,现金流量表,157
ebe0b937103603fd,historical_600_unknown_rule,ZY05,4803,155,5,4,Discount,306.0,429.0,"1期贴现:340W,2期贴现:0W,3期贴现:0W,4期贴现:0W",src_33c96cbd4d19,origin data/VPD-OE_Agent_20260709/VPD-OE_Agent/data/raw/ZY/ZY05.xls,现金流量表,158
88a692ca84990e03,historical_600_unknown_rule,ZY05,4806,156,5,4,RentTOBuy_Workshop,-300.0,129.0,大厂房(75)租转买,src_33c96cbd4d19,origin data/VPD-OE_Agent_20260709/VPD-OE_Agent/data/raw/ZY/ZY05.xls,现金流量表,159
9fb3b9096077af13,historical_600_unknown_rule,ZY05,4839,157,5,4,Discount,72.0,201.0,"1期贴现:80W,2期贴现:0W,3期贴现:0W,4期贴现:0W",src_33c96cbd4d19,origin data/VPD-OE_Agent_20260709/VPD-OE_Agent/data/raw/ZY/ZY05.xls,现金流量表,160
d626c6c4e3da75fc,historical_600_unknown_rule,ZY05,4841,158,5,4,Pay_Overhaul,-10.0,191.0,支付行政管理费,src_33c96cbd4d19,origin data/VPD-OE_Agent_20260709/VPD-OE_Agent/data/raw/ZY/ZY05.xls,现金流量表,161
891e11e2ad294609,historical_600_unknown_rule,ZY05,4842,159,5,4,Pay_Maintenance,-160.0,31.0,支付维护费,src_33c96cbd4d19,origin data/VPD-OE_Agent_20260709/VPD-OE_Agent/data/raw/ZY/ZY05.xls,现金流量表,162
b0287b79ed435235,historical_600_unknown_rule,ZY06,2269,1,1,1,Pay_Capital,600.0,600.0,"公司成立,股东注资",src_aa724dd3736a,origin data/VPD-OE_Agent_20260709/VPD-OE_Agent/data/raw/ZY/ZY06.xls,现金流量表,4
97ca88c548ca259a,historical_600_unknown_rule,ZY06,2554,2,1,1,Long_Loan,304.0,904.0,申请:5年 304W的长期贷款,src_aa724dd3736a,origin data/VPD-OE_Agent_20260709/VPD-OE_Agent/data/raw/ZY/ZY06.xls,现金流量表,5
96fe042166d68acc,historical_600_unknown_rule,ZY06,2555,3,1,1,Rent_Workshop,-40.0,864.0,租用[大厂房],src_aa724dd3736a,origin data/VPD-OE_Agent_20260709/VPD-OE_Agent/data/raw/ZY/ZY06.xls,现金流量表,6
86e45ed2696de928,historical_600_unknown_rule,ZY06,2557,4,1,1,Develop_Product,-10.0,854.0,产品生产资格投资: P4,src_aa724dd3736a,origin data/VPD-OE_Agent_20260709/VPD-OE_Agent/data/raw/ZY/ZY06.xls,现金流量表,7
223f045ccef51258,historical_600_unknown_rule,ZY06,2581,5,1,1,Pay_Overhaul,-10.0,844.0,支付行政管理费,src_aa724dd3736a,origin data/VPD-OE_Agent_20260709/VPD-OE_Agent/data/raw/ZY/ZY06.xls,现金流量表,8
c77a60f46d7a6555,historical_600_unknown_rule,ZY06,2582,6,1,2,Develop_Product,-10.0,834.0,产品生产资格投资: P4,src_aa724dd3736a,origin data/VPD-OE_Agent_20260709/VPD-OE_Agent/data/raw/ZY/ZY06.xls,现金流量表,9
d5032a468772a970,historical_600_unknown_rule,ZY06,2583,7,1,2,Pay_Overhaul,-10.0,824.0,支付行政管理费,src_aa724dd3736a,origin data/VPD-OE_Agent_20260709/VPD-OE_Agent/data/raw/ZY/ZY06.xls,现金流量表,10
fe1cc853ef57192b,historical_600_unknown_rule,ZY06,2584,8,1,3,Buy_ProductLine,-50.0,774.0,订购[自动线]生产[P4],src_aa724dd3736a,origin data/VPD-OE_Agent_20260709/VPD-OE_Agent/data/raw/ZY/ZY06.xls,现金流量表,11
d02ec0f9f3eb9f83,historical_600_unknown_rule,ZY06,2585,9,1,3,Buy_ProductLine,-50.0,724.0,订购[自动线]生产[P4],src_aa724dd3736a,origin data/VPD-OE_Agent_20260709/VPD-OE_Agent/data/raw/ZY/ZY06.xls,现金流量表,12
03a3cba40987d354,historical_600_unknown_rule,ZY06,2586,10,1,3,Buy_ProductLine,-50.0,674.0,订购[自动线]生产[P4],src_aa724dd3736a,origin data/VPD-OE_Agent_20260709/VPD-OE_Agent/data/raw/ZY/ZY06.xls,现金流量表,13
7e21d7b152939f13,historical_600_unknown_rule,ZY06,2587,11,1,3,Buy_ProductLine,-50.0,624.0,订购[自动线]生产[P4],src_aa724dd3736a,origin data/VPD-OE_Agent_20260709/VPD-OE_Agent/data/raw/ZY/ZY06.xls,现金流量表,14
f70881c9d1c73e39,historical_600_unknown_rule,ZY06,2588,12,1,3,Develop_Product,-10.0,614.0,产品生产资格投资: P4,src_aa724dd3736a,origin data/VPD-OE_Agent_20260709/VPD-OE_Agent/data/raw/ZY/ZY06.xls,现金流量表,15
787b4c93e6fda9fe,historical_600_unknown_rule,ZY06,2589,13,1,3,Pay_Overhaul,-10.0,604.0,支付行政管理费,src_aa724dd3736a,origin data/VPD-OE_Agent_20260709/VPD-OE_Agent/data/raw/ZY/ZY06.xls,现金流量表,16
06883f68d83abe6e,historical_600_unknown_rule,ZY06,2590,14,1,4,Buy_Material,0.0,604.0,订购原料 R3:4 R4:4,src_aa724dd3736a,origin data/VPD-OE_Agent_20260709/VPD-OE_Agent/data/raw/ZY/ZY06.xls,现金流量表,17
915292912945cf50,historical_600_unknown_rule,ZY06,2591,15,1,4,Invest_ProductLine,-200.0,404.0,投资在建生产线,src_aa724dd3736a,origin data/VPD-OE_Agent_20260709/VPD-OE_Agent/data/raw/ZY/ZY06.xls,现金流量表,18
f99b36b1f111a3ed,historical_600_unknown_rule,ZY06,2592,16,1,4,Develop_Product,-10.0,394.0,产品生产资格投资: P4,src_aa724dd3736a,origin data/VPD-OE_Agent_20260709/VPD-OE_Agent/data/raw/ZY/ZY06.xls,现金流量表,19
92f22c07d49ce4d0,historical_600_unknown_rule,ZY06,2593,17,1,4,Develop_Market,-40.0,354.0,"市场开拓资格投资,开发项目:本地 区域 国内 亚洲",src_aa724dd3736a,origin data/VPD-OE_Agent_20260709/VPD-OE_Agent/data/raw/ZY/ZY06.xls,现金流量表,20
83eff7819cbef27d,historical_600_unknown_rule,ZY06,2594,18,1,4,Develop_ISO,-10.0,344.0,"ISO认证资格投资,开发：ISO9000",src_aa724dd3736a,origin data/VPD-OE_Agent_20260709/VPD-OE_Agent/data/raw/ZY/ZY06.xls,现金流量表,21
be36dd4d767dfaf8,historical_600_unknown_rule,ZY06,2595,19,1,4,Pay_Overhaul,-10.0,334.0,支付行政管理费,src_aa724dd3736a,origin data/VPD-OE_Agent_20260709/VPD-OE_Agent/data/raw/ZY/ZY06.xls,现金流量表,22
e9022f5090c20c41,historical_600_unknown_rule,ZY06,2666,20,2,1,Pay_Long_Loan,-30.0,304.0,支付长贷本息,src_aa724dd3736a,origin data/VPD-OE_Agent_20260709/VPD-OE_Agent/data/raw/ZY/ZY06.xls,现金流量表,23
1e12e24d3bd615c9,historical_600_unknown_rule,ZY06,2667,21,2,1,Pay_AD,-22.0,282.0,广告投放,src_aa724dd3736a,origin data/VPD-OE_Agent_20260709/VPD-OE_Agent/data/raw/ZY/ZY06.xls,现金流量表,24
1062f008b1c74d5c,historical_600_unknown_rule,ZY06,2700,22,2,1,Long_Loan,304.0,586.0,申请:5年 304W的长期贷款,src_aa724dd3736a,origin data/VPD-OE_Agent_20260709/VPD-OE_Agent/data/raw/ZY/ZY06.xls,现金流量表,25
d5773ecfd7c9477c,historical_600_unknown_rule,ZY06,2719,23,2,1,Buy_Material,0.0,586.0,订购原料 R2:8 R3:4 R4:4,src_aa724dd3736a,origin data/VPD-OE_Agent_20260709/VPD-OE_Agent/data/raw/ZY/ZY06.xls,现金流量表,26
2445d1e6eec51281,historical_600_unknown_rule,ZY06,2725,24,2,1,Invest_ProductLine,-200.0,386.0,投资在建生产线,src_aa724dd3736a,origin data/VPD-OE_Agent_20260709/VPD-OE_Agent/data/raw/ZY/ZY06.xls,现金流量表,27
e97f0ba5c2399d95,historical_600_unknown_rule,ZY06,2733,25,2,1,Develop_Product,-10.0,376.0,产品生产资格投资: P4,src_aa724dd3736a,origin data/VPD-OE_Agent_20260709/VPD-OE_Agent/data/raw/ZY/ZY06.xls,现金流量表,28
3674dd8a6a6b6705,historical_600_unknown_rule,ZY06,2739,26,2,1,Renew_Workshop,-40.0,336.0,厂房续租,src_aa724dd3736a,origin data/VPD-OE_Agent_20260709/VPD-OE_Agent/data/raw/ZY/ZY06.xls,现金流量表,29
659b6cd598928590,historical_600_unknown_rule,ZY06,2740,27,2,1,Pay_Overhaul,-10.0,326.0,支付行政管理费,src_aa724dd3736a,origin data/VPD-OE_Agent_20260709/VPD-OE_Agent/data/raw/ZY/ZY06.xls,现金流量表,30
acab1830234d89e9,historical_600_unknown_rule,ZY06,2767,28,2,2,Short_Loan,189.0,515.0,申请:4季 189W的短期贷款,src_aa724dd3736a,origin data/VPD-OE_Agent_20260709/VPD-OE_Agent/data/raw/ZY/ZY06.xls,现金流量表,31
4916087ae28bb7f6,historical_600_unknown_rule,ZY06,2773,29,2,2,Pay_Material,-160.0,355.0,支付原料费 R3:4 R4:4 R2:8,src_aa724dd3736a,origin data/VPD-OE_Agent_20260709/VPD-OE_Agent/data/raw/ZY/ZY06.xls,现金流量表,32
bddbacf59172eae7,historical_600_unknown_rule,ZY06,2783,30,2,2,Buy_Material,0.0,355.0,订购原料 R2:8 R3:4 R4:4,src_aa724dd3736a,origin data/VPD-OE_Agent_20260709/VPD-OE_Agent/data/raw/ZY/ZY06.xls,现金流量表,33
9b4d5488a8fe575d,historical_600_unknown_rule,ZY06,2789,31,2,2,Product_Produce,-40.0,315.0,195:P4 196:P4 197:P4 198:P4,src_aa724dd3736a,origin data/VPD-OE_Agent_20260709/VPD-OE_Agent/data/raw/ZY/ZY06.xls,现金流量表,34
c3d3ab478126b5a5,historical_600_unknown_rule,ZY06,2801,32,2,2,Pay_Overhaul,-10.0,305.0,支付行政管理费,src_aa724dd3736a,origin data/VPD-OE_Agent_20260709/VPD-OE_Agent/data/raw/ZY/ZY06.xls,现金流量表,35
8f994814c79c2e46,historical_600_unknown_rule,ZY06,2809,33,2,3,Short_Loan,149.0,454.0,申请:4季 149W的短期贷款,src_aa724dd3736a,origin data/VPD-OE_Agent_20260709/VPD-OE_Agent/data/raw/ZY/ZY06.xls,现金流量表,36
0eb43df6f7c1651a,historical_600_unknown_rule,ZY06,2812,34,2,3,Pay_Material,-160.0,294.0,支付原料费 R3:4 R4:4 R2:8,src_aa724dd3736a,origin data/VPD-OE_Agent_20260709/VPD-OE_Agent/data/raw/ZY/ZY06.xls,现金流量表,37
f17333c2c35bfaa6,historical_600_unknown_rule,ZY06,2822,35,2,3,Buy_Material,0.0,294.0,订购原料 R2:8 R3:4 R4:4,src_aa724dd3736a,origin data/VPD-OE_Agent_20260709/VPD-OE_Agent/data/raw/ZY/ZY06.xls,现金流量表,38
592159c27c6c53dc,historical_600_unknown_rule,ZY06,2826,36,2,3,Product_Produce,-40.0,254.0,195:P4 196:P4 197:P4 198:P4,src_aa724dd3736a,origin data/VPD-OE_Agent_20260709/VPD-OE_Agent/data/raw/ZY/ZY06.xls,现金流量表,39
08ec9d2a81f642b3,historical_600_unknown_rule,ZY06,2995,37,2,3,Pay_Overhaul,-10.0,244.0,支付行政管理费,src_aa724dd3736a,origin data/VPD-OE_Agent_20260709/VPD-OE_Agent/data/raw/ZY/ZY06.xls,现金流量表,40
1920aef0561433a6,historical_600_unknown_rule,ZY06,3124,38,2,4,Short_Loan,108.0,352.0,申请:4季 108W的短期贷款,src_aa724dd3736a,origin data/VPD-OE_Agent_20260709/VPD-OE_Agent/data/raw/ZY/ZY06.xls,现金流量表,41
9a93ae7e787e2f41,historical_600_unknown_rule,ZY06,3125,39,2,4,Pay_Material,-160.0,192.0,支付原料费 R3:4 R4:4 R2:8,src_aa724dd3736a,origin data/VPD-OE_Agent_20260709/VPD-OE_Agent/data/raw/ZY/ZY06.xls,现金流量表,42
54f07e9373d27d50,historical_600_unknown_rule,ZY06,3126,40,2,4,Buy_Material,0.0,192.0,订购原料 R2:8 R3:4 R4:4,src_aa724dd3736a,origin data/VPD-OE_Agent_20260709/VPD-OE_Agent/data/raw/ZY/ZY06.xls,现金流量表,43
73750da957a16b20,historical_600_unknown_rule,ZY06,3128,41,2,4,Product_Produce,-40.0,152.0,195:P4 196:P4 197:P4 198:P4,src_aa724dd3736a,origin data/VPD-OE_Agent_20260709/VPD-OE_Agent/data/raw/ZY/ZY06.xls,现金流量表,44
13d4a0b1f19b1bb4,historical_600_unknown_rule,ZY06,3131,42,2,4,Develop_Market,-20.0,132.0,"市场开拓资格投资,开发项目:国内 亚洲",src_aa724dd3736a,origin data/VPD-OE_Agent_20260709/VPD-OE_Agent/data/raw/ZY/ZY06.xls,现金流量表,45
620665b9c6022b18,historical_600_unknown_rule,ZY06,3132,43,2,4,Develop_ISO,-10.0,122.0,"ISO认证资格投资,开发：ISO9000",src_aa724dd3736a,origin data/VPD-OE_Agent_20260709/VPD-OE_Agent/data/raw/ZY/ZY06.xls,现金流量表,46
3cbaa6eb50e3afbd,historical_600_unknown_rule,ZY06,3133,44,2,4,Pay_Overhaul,-10.0,112.0,支付行政管理费,src_aa724dd3736a,origin data/VPD-OE_Agent_20260709/VPD-OE_Agent/data/raw/ZY/ZY06.xls,现金流量表,47
3040783d607b8c79,historical_600_unknown_rule,ZY06,3134,45,2,4,Pay_Maintenance,-40.0,72.0,支付维护费,src_aa724dd3736a,origin data/VPD-OE_Agent_20260709/VPD-OE_Agent/data/raw/ZY/ZY06.xls,现金流量表,48
24d582513870ccae,historical_600_unknown_rule,ZY06,3163,46,3,1,Discount,270.0,342.0,"1期贴现:300W,2期贴现:0W,3期贴现:0W,4期贴现:0W",src_aa724dd3736a,origin data/VPD-OE_Agent_20260709/VPD-OE_Agent/data/raw/ZY/ZY06.xls,现金流量表,49
7a400c20e9341a8d,historical_600_unknown_rule,ZY06,3164,47,3,1,Pay_Tax,-23.0,319.0,支付上一年税金,src_aa724dd3736a,origin data/VPD-OE_Agent_20260709/VPD-OE_Agent/data/raw/ZY/ZY06.xls,现金流量表,50
5a040e0af7c85b83,historical_600_unknown_rule,ZY06,3165,48,3,1,Pay_Long_Loan,-61.0,258.0,支付长贷本息,src_aa724dd3736a,origin data/VPD-OE_Agent_20260709/VPD-OE_Agent/data/raw/ZY/ZY06.xls,现金流量表,51
9d5bbd0863d5cd5e,historical_600_unknown_rule,ZY06,3166,49,3,1,Pay_AD,-30.0,228.0,广告投放,src_aa724dd3736a,origin data/VPD-OE_Agent_20260709/VPD-OE_Agent/data/raw/ZY/ZY06.xls,现金流量表,52
6e85200947fd15af,historical_600_unknown_rule,ZY06,3463,50,3,1,Short_Loan,184.0,412.0,申请:4季 184W的短期贷款,src_aa724dd3736a,origin data/VPD-OE_Agent_20260709/VPD-OE_Agent/data/raw/ZY/ZY06.xls,现金流量表,53
be4b83f0cac74ecf,historical_600_unknown_rule,ZY06,3466,51,3,1,Pay_Material,-160.0,252.0,支付原料费 R3:4 R4:4 R2:8,src_aa724dd3736a,origin data/VPD-OE_Agent_20260709/VPD-OE_Agent/data/raw/ZY/ZY06.xls,现金流量表,54
b051d9452d762e30,historical_600_unknown_rule,ZY06,3471,52,3,1,Buy_Material,0.0,252.0,订购原料 R2:8 R3:4 R4:4,src_aa724dd3736a,origin data/VPD-OE_Agent_20260709/VPD-OE_Agent/data/raw/ZY/ZY06.xls,现金流量表,55
b4942a0e8ea828a9,historical_600_unknown_rule,ZY06,3478,53,3,1,Product_Produce,-40.0,212.0,195:P4 196:P4 197:P4 198:P4,src_aa724dd3736a,origin data/VPD-OE_Agent_20260709/VPD-OE_Agent/data/raw/ZY/ZY06.xls,现金流量表,56
34b33a1c0d5c0309,historical_600_unknown_rule,ZY06,3487,54,3,1,Update_Receivable,102.0,314.0,更新应收款,src_aa724dd3736a,origin data/VPD-OE_Agent_20260709/VPD-OE_Agent/data/raw/ZY/ZY06.xls,现金流量表,57
207ba9898e6b953f,historical_600_unknown_rule,ZY06,3549,55,3,1,Renew_Workshop,-40.0,274.0,厂房续租,src_aa724dd3736a,origin data/VPD-OE_Agent_20260709/VPD-OE_Agent/data/raw/ZY/ZY06.xls,现金流量表,58
8d35ad4edaa5c656,historical_600_unknown_rule,ZY06,3550,56,3,1,Pay_Overhaul,-10.0,264.0,支付行政管理费,src_aa724dd3736a,origin data/VPD-OE_Agent_20260709/VPD-OE_Agent/data/raw/ZY/ZY06.xls,现金流量表,59
978703c60a087119,historical_600_unknown_rule,ZY06,3554,57,3,2,Pay_Short_Loan,-198.0,66.0,短贷还本息,src_aa724dd3736a,origin data/VPD-OE_Agent_20260709/VPD-OE_Agent/data/raw/ZY/ZY06.xls,现金流量表,60
7dda8308a041c443,historical_600_unknown_rule,ZY06,3658,58,3,2,Short_Loan,309.0,375.0,申请:4季 309W的短期贷款,src_aa724dd3736a,origin data/VPD-OE_Agent_20260709/VPD-OE_Agent/data/raw/ZY/ZY06.xls,现金流量表,61
1054f651ad6c2961,historical_600_unknown_rule,ZY06,3659,59,3,2,Pay_Material,-160.0,215.0,支付原料费 R3:4 R4:4 R2:8,src_aa724dd3736a,origin data/VPD-OE_Agent_20260709/VPD-OE_Agent/data/raw/ZY/ZY06.xls,现金流量表,62
f947503804a7a40b,historical_600_unknown_rule,ZY06,3661,60,3,2,Buy_Material,0.0,215.0,订购原料 R2:8 R3:4 R4:4,src_aa724dd3736a,origin data/VPD-OE_Agent_20260709/VPD-OE_Agent/data/raw/ZY/ZY06.xls,现金流量表,63
7a5a1b6eb38eda1c,historical_600_unknown_rule,ZY06,3663,61,3,2,Product_Produce,-40.0,175.0,195:P4 196:P4 197:P4 198:P4,src_aa724dd3736a,origin data/VPD-OE_Agent_20260709/VPD-OE_Agent/data/raw/ZY/ZY06.xls,现金流量表,64
4b65e649bc06d747,historical_600_unknown_rule,ZY06,3667,62,3,2,Pay_Overhaul,-10.0,165.0,支付行政管理费,src_aa724dd3736a,origin data/VPD-OE_Agent_20260709/VPD-OE_Agent/data/raw/ZY/ZY06.xls,现金流量表,65
4708cccf82041624,historical_600_unknown_rule,ZY06,3669,63,3,3,Pay_Short_Loan,-156.0,9.0,短贷还本息,src_aa724dd3736a,origin data/VPD-OE_Agent_20260709/VPD-OE_Agent/data/raw/ZY/ZY06.xls,现金流量表,66
7a44d4b6cf962f91,historical_600_unknown_rule,ZY06,3675,64,3,3,Short_Loan,199.0,208.0,申请:4季 199W的短期贷款,src_aa724dd3736a,origin data/VPD-OE_Agent_20260709/VPD-OE_Agent/data/raw/ZY/ZY06.xls,现金流量表,67
00365fd10fdcc1da,historical_600_unknown_rule,ZY06,3676,65,3,3,Pay_Material,-160.0,48.0,支付原料费 R3:4 R4:4 R2:8,src_aa724dd3736a,origin data/VPD-OE_Agent_20260709/VPD-OE_Agent/data/raw/ZY/ZY06.xls,现金流量表,68
1684aff9716dd75f,historical_600_unknown_rule,ZY06,3677,66,3,3,Buy_Material,0.0,48.0,订购原料 R2:8 R3:4 R4:4,src_aa724dd3736a,origin data/VPD-OE_Agent_20260709/VPD-OE_Agent/data/raw/ZY/ZY06.xls,现金流量表,69
75d7ca4d39a90d52,historical_600_unknown_rule,ZY06,3678,67,3,3,Product_Produce,-40.0,8.0,195:P4 196:P4 197:P4 198:P4,src_aa724dd3736a,origin data/VPD-OE_Agent_20260709/VPD-OE_Agent/data/raw/ZY/ZY06.xls,现金流量表,70
a7e5052a7b4d3f2e,historical_600_unknown_rule,ZY06,3679,68,3,3,Update_Receivable,471.0,479.0,更新应收款,src_aa724dd3736a,origin data/VPD-OE_Agent_20260709/VPD-OE_Agent/data/raw/ZY/ZY06.xls,现金流量表,71
6693c0f8bb527008,historical_600_unknown_rule,ZY06,3683,69,3,3,Pay_Overhaul,-10.0,469.0,支付行政管理费,src_aa724dd3736a,origin data/VPD-OE_Agent_20260709/VPD-OE_Agent/data/raw/ZY/ZY06.xls,现金流量表,72
1e1fc39aec70cf85,historical_600_unknown_rule,ZY06,3687,70,3,4,Pay_Short_Loan,-113.0,356.0,短贷还本息,src_aa724dd3736a,origin data/VPD-OE_Agent_20260709/VPD-OE_Agent/data/raw/ZY/ZY06.xls,现金流量表,73
2e8ed50cd2c77ebd,historical_600_unknown_rule,ZY06,3700,71,3,4,Pay_Material,-160.0,196.0,支付原料费 R3:4 R4:4 R2:8,src_aa724dd3736a,origin data/VPD-OE_Agent_20260709/VPD-OE_Agent/data/raw/ZY/ZY06.xls,现金流量表,74
a71780343df88fcd,historical_600_unknown_rule,ZY06,3703,72,3,4,Buy_Material,0.0,196.0,订购原料 R2:8 R3:4 R4:4,src_aa724dd3736a,origin data/VPD-OE_Agent_20260709/VPD-OE_Agent/data/raw/ZY/ZY06.xls,现金流量表,75
307af3e7d988c33d,historical_600_unknown_rule,ZY06,3704,73,3,4,Product_Produce,-40.0,156.0,195:P4 196:P4 197:P4 198:P4,src_aa724dd3736a,origin data/VPD-OE_Agent_20260709/VPD-OE_Agent/data/raw/ZY/ZY06.xls,现金流量表,76
1e879bf53bbb086c,historical_600_unknown_rule,ZY06,3705,74,3,4,Update_Receivable,613.0,769.0,更新应收款,src_aa724dd3736a,origin data/VPD-OE_Agent_20260709/VPD-OE_Agent/data/raw/ZY/ZY06.xls,现金流量表,77
ed3f446fa4bee32f,historical_600_unknown_rule,ZY06,3710,75,3,4,Develop_Market,-10.0,759.0,"市场开拓资格投资,开发项目:亚洲",src_aa724dd3736a,origin data/VPD-OE_Agent_20260709/VPD-OE_Agent/data/raw/ZY/ZY06.xls,现金流量表,78
2930f0e6c76170f7,historical_600_unknown_rule,ZY06,3714,76,3,4,Pay_Overhaul,-10.0,749.0,支付行政管理费,src_aa724dd3736a,origin data/VPD-OE_Agent_20260709/VPD-OE_Agent/data/raw/ZY/ZY06.xls,现金流量表,79
798a940179764c41,historical_600_unknown_rule,ZY06,3715,77,3,4,Pay_Maintenance,-40.0,709.0,支付维护费,src_aa724dd3736a,origin data/VPD-OE_Agent_20260709/VPD-OE_Agent/data/raw/ZY/ZY06.xls,现金流量表,80
baf71a5ffd0ae6b4,historical_600_unknown_rule,ZY06,3739,78,4,1,Pay_Tax,-108.0,601.0,支付上一年税金,src_aa724dd3736a,origin data/VPD-OE_Agent_20260709/VPD-OE_Agent/data/raw/ZY/ZY06.xls,现金流量表,81
09a321d1ffb068d4,historical_600_unknown_rule,ZY06,3740,79,4,1,Pay_Long_Loan,-61.0,540.0,支付长贷本息,src_aa724dd3736a,origin data/VPD-OE_Agent_20260709/VPD-OE_Agent/data/raw/ZY/ZY06.xls,现金流量表,82
b040633bd8f6f6bd,historical_600_unknown_rule,ZY06,3741,80,4,1,Pay_AD,-45.0,495.0,广告投放,src_aa724dd3736a,origin data/VPD-OE_Agent_20260709/VPD-OE_Agent/data/raw/ZY/ZY06.xls,现金流量表,83
8a5267c2ad5deaf6,historical_600_unknown_rule,ZY06,3797,81,4,1,Pay_Short_Loan,-193.0,302.0,短贷还本息,src_aa724dd3736a,origin data/VPD-OE_Agent_20260709/VPD-OE_Agent/data/raw/ZY/ZY06.xls,现金流量表,84
b4eb0972c6749c39,historical_600_unknown_rule,ZY06,3798,82,4,1,Pay_Material,-160.0,142.0,支付原料费 R3:4 R4:4 R2:8,src_aa724dd3736a,origin data/VPD-OE_Agent_20260709/VPD-OE_Agent/data/raw/ZY/ZY06.xls,现金流量表,85
ed5deeb3b1b3e9d2,historical_600_unknown_rule,ZY06,3799,83,4,1,Buy_Material,0.0,142.0,订购原料 R2:8 R3:4 R4:4,src_aa724dd3736a,origin data/VPD-OE_Agent_20260709/VPD-OE_Agent/data/raw/ZY/ZY06.xls,现金流量表,86
0e90ae2074d2a059,historical_600_unknown_rule,ZY06,3800,84,4,1,Product_Produce,-40.0,102.0,195:P4 196:P4 197:P4 198:P4,src_aa724dd3736a,origin data/VPD-OE_Agent_20260709/VPD-OE_Agent/data/raw/ZY/ZY06.xls,现金流量表,87
1be75b497d426f39,historical_600_unknown_rule,ZY06,3801,85,4,1,Update_Receivable,511.0,613.0,更新应收款,src_aa724dd3736a,origin data/VPD-OE_Agent_20260709/VPD-OE_Agent/data/raw/ZY/ZY06.xls,现金流量表,88
868b54103ab01a6f,historical_600_unknown_rule,ZY06,3802,86,4,1,Renew_Workshop,-40.0,573.0,厂房续租,src_aa724dd3736a,origin data/VPD-OE_Agent_20260709/VPD-OE_Agent/data/raw/ZY/ZY06.xls,现金流量表,89
a4579500f3eb60f5,historical_600_unknown_rule,ZY06,3803,87,4,1,Pay_Overhaul,-10.0,563.0,支付行政管理费,src_aa724dd3736a,origin data/VPD-OE_Agent_20260709/VPD-OE_Agent/data/raw/ZY/ZY06.xls,现金流量表,90
9bdd7078e2c11611,historical_600_unknown_rule,ZY06,3804,88,4,2,Pay_Short_Loan,-324.0,239.0,短贷还本息,src_aa724dd3736a,origin data/VPD-OE_Agent_20260709/VPD-OE_Agent/data/raw/ZY/ZY06.xls,现金流量表,91
4e4b9afe7241462b,historical_600_unknown_rule,ZY06,3811,89,4,2,Pay_Material,-160.0,79.0,支付原料费 R3:4 R4:4 R2:8,src_aa724dd3736a,origin data/VPD-OE_Agent_20260709/VPD-OE_Agent/data/raw/ZY/ZY06.xls,现金流量表,92
869efb4791ce5ec7,historical_600_unknown_rule,ZY06,3814,90,4,2,Buy_Material,0.0,79.0,订购原料 R2:8 R3:4 R4:4,src_aa724dd3736a,origin data/VPD-OE_Agent_20260709/VPD-OE_Agent/data/raw/ZY/ZY06.xls,现金流量表,93
4078a259986ea548,historical_600_unknown_rule,ZY06,3815,91,4,2,Product_Produce,-40.0,39.0,195:P4 196:P4 197:P4 198:P4,src_aa724dd3736a,origin data/VPD-OE_Agent_20260709/VPD-OE_Agent/data/raw/ZY/ZY06.xls,现金流量表,94
d074d94009b61e30,historical_600_unknown_rule,ZY06,3817,92,4,2,Update_Receivable,813.0,852.0,更新应收款,src_aa724dd3736a,origin data/VPD-OE_Agent_20260709/VPD-OE_Agent/data/raw/ZY/ZY06.xls,现金流量表,95
7344b43cea6d0131,historical_600_unknown_rule,ZY06,3819,93,4,2,Pay_Overhaul,-10.0,842.0,支付行政管理费,src_aa724dd3736a,origin data/VPD-OE_Agent_20260709/VPD-OE_Agent/data/raw/ZY/ZY06.xls,现金流量表,96
f168281ffb3c2620,historical_600_unknown_rule,ZY06,3820,94,4,3,Pay_Short_Loan,-209.0,633.0,短贷还本息,src_aa724dd3736a,origin data/VPD-OE_Agent_20260709/VPD-OE_Agent/data/raw/ZY/ZY06.xls,现金流量表,97
9ab26aaa518cd13b,historical_600_unknown_rule,ZY06,3828,95,4,3,Pay_Material,-160.0,473.0,支付原料费 R3:4 R4:4 R2:8,src_aa724dd3736a,origin data/VPD-OE_Agent_20260709/VPD-OE_Agent/data/raw/ZY/ZY06.xls,现金流量表,98
938c1111f9535c91,historical_600_unknown_rule,ZY06,3843,96,4,3,Product_Produce,-40.0,433.0,195:P4 196:P4 197:P4 198:P4,src_aa724dd3736a,origin data/VPD-OE_Agent_20260709/VPD-OE_Agent/data/raw/ZY/ZY06.xls,现金流量表,99
8fe271eb040051ed,historical_600_unknown_rule,ZY06,3844,97,4,3,Pay_Overhaul,-10.0,423.0,支付行政管理费,src_aa724dd3736a,origin data/VPD-OE_Agent_20260709/VPD-OE_Agent/data/raw/ZY/ZY06.xls,现金流量表,100
3585b3d72624256e,historical_600_unknown_rule,ZY06,3846,98,4,4,Pay_Material,-80.0,343.0,支付原料费 R3:4 R4:4,src_aa724dd3736a,origin data/VPD-OE_Agent_20260709/VPD-OE_Agent/data/raw/ZY/ZY06.xls,现金流量表,101
53f91cfb664b36b3,historical_600_unknown_rule,ZY06,3848,99,4,4,Update_Receivable,282.0,625.0,更新应收款,src_aa724dd3736a,origin data/VPD-OE_Agent_20260709/VPD-OE_Agent/data/raw/ZY/ZY06.xls,现金流量表,102
244a83e74ec32ad8,historical_600_unknown_rule,ZY06,3855,100,4,4,Pay_Overhaul,-10.0,615.0,支付行政管理费,src_aa724dd3736a,origin data/VPD-OE_Agent_20260709/VPD-OE_Agent/data/raw/ZY/ZY06.xls,现金流量表,103
523db1ef2c6a9715,historical_600_unknown_rule,ZY06,3856,101,4,4,Pay_Maintenance,-40.0,575.0,支付维护费,src_aa724dd3736a,origin data/VPD-OE_Agent_20260709/VPD-OE_Agent/data/raw/ZY/ZY06.xls,现金流量表,104
c074d291ba4bf577,historical_600_unknown_rule,ZY06,4472,102,5,1,Pay_Long_Loan,-61.0,514.0,支付长贷本息,src_aa724dd3736a,origin data/VPD-OE_Agent_20260709/VPD-OE_Agent/data/raw/ZY/ZY06.xls,现金流量表,105
e98fdd13251190b0,historical_600_unknown_rule,ZY06,4473,103,5,1,Pay_AD,-138.0,376.0,广告投放,src_aa724dd3736a,origin data/VPD-OE_Agent_20260709/VPD-OE_Agent/data/raw/ZY/ZY06.xls,现金流量表,106
5aca67533266b2bf,historical_600_unknown_rule,ZY06,4610,104,5,1,Buy_Material,0.0,376.0,订购原料 R2:8 R3:4 R4:4,src_aa724dd3736a,origin data/VPD-OE_Agent_20260709/VPD-OE_Agent/data/raw/ZY/ZY06.xls,现金流量表,107
08d89c133c4e2742,historical_600_unknown_rule,ZY06,4656,105,5,1,Renew_Workshop,-40.0,336.0,厂房续租,src_aa724dd3736a,origin data/VPD-OE_Agent_20260709/VPD-OE_Agent/data/raw/ZY/ZY06.xls,现金流量表,108
c009c547b4c4928c,historical_600_unknown_rule,ZY06,4657,106,5,1,Pay_Overhaul,-10.0,326.0,支付行政管理费,src_aa724dd3736a,origin data/VPD-OE_Agent_20260709/VPD-OE_Agent/data/raw/ZY/ZY06.xls,现金流量表,109
5467fde5252148e2,historical_600_unknown_rule,ZY06,4775,107,5,2,Pay_Material,-80.0,246.0,支付原料费 R2:8,src_aa724dd3736a,origin data/VPD-OE_Agent_20260709/VPD-OE_Agent/data/raw/ZY/ZY06.xls,现金流量表,110
50ddb4d1915d4945,historical_600_unknown_rule,ZY06,4778,108,5,2,Buy_Material,0.0,246.0,订购原料 R2:8,src_aa724dd3736a,origin data/VPD-OE_Agent_20260709/VPD-OE_Agent/data/raw/ZY/ZY06.xls,现金流量表,111
9a53b0713734a5cf,historical_600_unknown_rule,ZY06,4787,109,5,2,Product_Produce,-40.0,206.0,195:P4 196:P4 197:P4 198:P4,src_aa724dd3736a,origin data/VPD-OE_Agent_20260709/VPD-OE_Agent/data/raw/ZY/ZY06.xls,现金流量表,112
fc86cf68aea29f49,historical_600_unknown_rule,ZY06,4792,110,5,2,Pay_Overhaul,-10.0,196.0,支付行政管理费,src_aa724dd3736a,origin data/VPD-OE_Agent_20260709/VPD-OE_Agent/data/raw/ZY/ZY06.xls,现金流量表,113
18f4c30299986ab2,historical_600_unknown_rule,ZY06,4855,111,5,3,Short_Loan,29.0,225.0,申请:4季 29W的短期贷款,src_aa724dd3736a,origin data/VPD-OE_Agent_20260709/VPD-OE_Agent/data/raw/ZY/ZY06.xls,现金流量表,114
dcf93fd76b60e2a6,historical_600_unknown_rule,ZY06,4856,112,5,3,Pay_Material,-160.0,65.0,支付原料费 R3:4 R4:4 R2:8,src_aa724dd3736a,origin data/VPD-OE_Agent_20260709/VPD-OE_Agent/data/raw/ZY/ZY06.xls,现金流量表,115
054cf37e8050db56,historical_600_unknown_rule,ZY06,4857,113,5,3,Product_Produce,-40.0,25.0,195:P4 196:P4 197:P4 198:P4,src_aa724dd3736a,origin data/VPD-OE_Agent_20260709/VPD-OE_Agent/data/raw/ZY/ZY06.xls,现金流量表,116
914be1450e26e347,historical_600_unknown_rule,ZY06,4863,114,5,3,Update_Receivable,847.0,872.0,更新应收款,src_aa724dd3736a,origin data/VPD-OE_Agent_20260709/VPD-OE_Agent/data/raw/ZY/ZY06.xls,现金流量表,117
26f62f9e78255fcd,historical_600_unknown_rule,ZY06,4871,115,5,3,Pay_Overhaul,-10.0,862.0,支付行政管理费,src_aa724dd3736a,origin data/VPD-OE_Agent_20260709/VPD-OE_Agent/data/raw/ZY/ZY06.xls,现金流量表,118
b3551bb7b734c176,historical_600_unknown_rule,ZY06,5073,116,5,4,Buy_Workshop,-300.0,562.0,购买[大厂房],src_aa724dd3736a,origin data/VPD-OE_Agent_20260709/VPD-OE_Agent/data/raw/ZY/ZY06.xls,现金流量表,119
ff87cb03ce2efae0,historical_600_unknown_rule,ZY06,5074,117,5,4,Buy_Workshop,-300.0,262.0,购买[大厂房],src_aa724dd3736a,origin data/VPD-OE_Agent_20260709/VPD-OE_Agent/data/raw/ZY/ZY06.xls,现金流量表,120
861719ac2e595299,historical_600_unknown_rule,ZY06,5075,118,5,4,Discount,244.0,506.0,"1期贴现:0W,2期贴现:272W,3期贴现:0W,4期贴现:0W",src_aa724dd3736a,origin data/VPD-OE_Agent_20260709/VPD-OE_Agent/data/raw/ZY/ZY06.xls,现金流量表,121
14abeeed6b7ab994,historical_600_unknown_rule,ZY06,5076,119,5,4,Buy_Workshop,-300.0,206.0,购买[大厂房],src_aa724dd3736a,origin data/VPD-OE_Agent_20260709/VPD-OE_Agent/data/raw/ZY/ZY06.xls,现金流量表,122
07e92d2c797d8cc8,historical_600_unknown_rule,ZY06,5077,120,5,4,Buy_ProductLine,-50.0,156.0,订购[手工线]生产[P4],src_aa724dd3736a,origin data/VPD-OE_Agent_20260709/VPD-OE_Agent/data/raw/ZY/ZY06.xls,现金流量表,123
d0acff7198566f22,historical_600_unknown_rule,ZY06,5078,121,5,4,Buy_ProductLine,-50.0,106.0,订购[手工线]生产[P4],src_aa724dd3736a,origin data/VPD-OE_Agent_20260709/VPD-OE_Agent/data/raw/ZY/ZY06.xls,现金流量表,124
3a2e406b7785f9bb,historical_600_unknown_rule,ZY06,5079,122,5,4,Buy_ProductLine,-50.0,56.0,订购[手工线]生产[P4],src_aa724dd3736a,origin data/VPD-OE_Agent_20260709/VPD-OE_Agent/data/raw/ZY/ZY06.xls,现金流量表,125
1a00e211b7e3cfd9,historical_600_unknown_rule,ZY06,5080,123,5,4,Buy_ProductLine,-50.0,6.0,订购[手工线]生产[P4],src_aa724dd3736a,origin data/VPD-OE_Agent_20260709/VPD-OE_Agent/data/raw/ZY/ZY06.xls,现金流量表,126
9261ce63a03dda99,historical_600_unknown_rule,ZY06,5081,124,5,4,Discount,90.0,96.0,"1期贴现:0W,2期贴现:100W,3期贴现:0W,4期贴现:0W",src_aa724dd3736a,origin data/VPD-OE_Agent_20260709/VPD-OE_Agent/data/raw/ZY/ZY06.xls,现金流量表,127
f097ca44f4072a67,historical_600_unknown_rule,ZY06,5082,125,5,4,Pay_Overhaul,-10.0,86.0,支付行政管理费,src_aa724dd3736a,origin data/VPD-OE_Agent_20260709/VPD-OE_Agent/data/raw/ZY/ZY06.xls,现金流量表,128
6ee0fe00788a7a4a,historical_600_unknown_rule,ZY06,5083,126,5,4,Pay_Maintenance,-80.0,6.0,支付维护费,src_aa724dd3736a,origin data/VPD-OE_Agent_20260709/VPD-OE_Agent/data/raw/ZY/ZY06.xls,现金流量表,129
2ff41ed8b3e0b959,historical_600_unknown_rule,ZY07,2252,1,1,1,Pay_Capital,600.0,600.0,"公司成立,股东注资",src_610d5b6cd311,origin data/VPD-OE_Agent_20260709/VPD-OE_Agent/data/raw/ZY/ZY07.xls,现金流量表,4
9d5235a6e223e1a7,historical_600_unknown_rule,ZY07,2302,2,1,1,Develop_Product,-20.0,580.0,产品生产资格投资: P2 P3,src_610d5b6cd311,origin data/VPD-OE_Agent_20260709/VPD-OE_Agent/data/raw/ZY/ZY07.xls,现金流量表,5
41a3fd37e39fda66,historical_600_unknown_rule,ZY07,2303,3,1,1,Pay_Overhaul,-10.0,570.0,支付行政管理费,src_610d5b6cd311,origin data/VPD-OE_Agent_20260709/VPD-OE_Agent/data/raw/ZY/ZY07.xls,现金流量表,6
b80e15b3fa58e690,historical_600_unknown_rule,ZY07,2305,4,1,2,Rent_Workshop,-40.0,530.0,租用[大厂房],src_610d5b6cd311,origin data/VPD-OE_Agent_20260709/VPD-OE_Agent/data/raw/ZY/ZY07.xls,现金流量表,7
81920ddcc0c9c903,historical_600_unknown_rule,ZY07,2307,5,1,2,Buy_ProductLine,-50.0,480.0,订购[自动线]生产[P2],src_610d5b6cd311,origin data/VPD-OE_Agent_20260709/VPD-OE_Agent/data/raw/ZY/ZY07.xls,现金流量表,8
0a019fb5bca20484,historical_600_unknown_rule,ZY07,2309,6,1,2,Buy_ProductLine,-50.0,430.0,订购[自动线]生产[P2],src_610d5b6cd311,origin data/VPD-OE_Agent_20260709/VPD-OE_Agent/data/raw/ZY/ZY07.xls,现金流量表,9
bc03a2afae099401,historical_600_unknown_rule,ZY07,2310,7,1,2,Buy_ProductLine,-50.0,380.0,订购[自动线]生产[P3],src_610d5b6cd311,origin data/VPD-OE_Agent_20260709/VPD-OE_Agent/data/raw/ZY/ZY07.xls,现金流量表,10
6cc928cd81e93c8a,historical_600_unknown_rule,ZY07,2311,8,1,2,Buy_ProductLine,-50.0,330.0,订购[自动线]生产[P3],src_610d5b6cd311,origin data/VPD-OE_Agent_20260709/VPD-OE_Agent/data/raw/ZY/ZY07.xls,现金流量表,11
c7e6959e91462836,historical_600_unknown_rule,ZY07,2312,9,1,2,Develop_Product,-20.0,310.0,产品生产资格投资: P2 P3,src_610d5b6cd311,origin data/VPD-OE_Agent_20260709/VPD-OE_Agent/data/raw/ZY/ZY07.xls,现金流量表,12
995df6eb51effab8,historical_600_unknown_rule,ZY07,2313,10,1,2,Pay_Overhaul,-10.0,300.0,支付行政管理费,src_610d5b6cd311,origin data/VPD-OE_Agent_20260709/VPD-OE_Agent/data/raw/ZY/ZY07.xls,现金流量表,13
36286507b297a8ba,historical_600_unknown_rule,ZY07,2332,11,1,3,Short_Loan,309.0,609.0,申请:4季 309W的短期贷款,src_610d5b6cd311,origin data/VPD-OE_Agent_20260709/VPD-OE_Agent/data/raw/ZY/ZY07.xls,现金流量表,14
5911c52aa2be0503,historical_600_unknown_rule,ZY07,2335,12,1,3,Invest_ProductLine,-200.0,409.0,投资在建生产线,src_610d5b6cd311,origin data/VPD-OE_Agent_20260709/VPD-OE_Agent/data/raw/ZY/ZY07.xls,现金流量表,15
e8249547b62c7552,historical_600_unknown_rule,ZY07,2352,13,1,3,Buy_Material,0.0,409.0,订购原料 R3:4 R4:2,src_610d5b6cd311,origin data/VPD-OE_Agent_20260709/VPD-OE_Agent/data/raw/ZY/ZY07.xls,现金流量表,16
b8e62fdb248d276d,historical_600_unknown_rule,ZY07,2355,14,1,3,Develop_Product,-20.0,389.0,产品生产资格投资: P2 P3,src_610d5b6cd311,origin data/VPD-OE_Agent_20260709/VPD-OE_Agent/data/raw/ZY/ZY07.xls,现金流量表,17
d74f5f3a04ad7488,historical_600_unknown_rule,ZY07,2357,15,1,3,Pay_Overhaul,-10.0,379.0,支付行政管理费,src_610d5b6cd311,origin data/VPD-OE_Agent_20260709/VPD-OE_Agent/data/raw/ZY/ZY07.xls,现金流量表,18
4196b4ccc2038d64,historical_600_unknown_rule,ZY07,2361,16,1,4,Short_Loan,309.0,688.0,申请:4季 309W的短期贷款,src_610d5b6cd311,origin data/VPD-OE_Agent_20260709/VPD-OE_Agent/data/raw/ZY/ZY07.xls,现金流量表,19
82d2f996dbd37d7c,historical_600_unknown_rule,ZY07,2363,17,1,4,Buy_Material,0.0,688.0,订购原料 R1:2 R2:2 R3:4 R4:2,src_610d5b6cd311,origin data/VPD-OE_Agent_20260709/VPD-OE_Agent/data/raw/ZY/ZY07.xls,现金流量表,20
7082304b1a1c36e5,historical_600_unknown_rule,ZY07,2364,18,1,4,Invest_ProductLine,-200.0,488.0,投资在建生产线,src_610d5b6cd311,origin data/VPD-OE_Agent_20260709/VPD-OE_Agent/data/raw/ZY/ZY07.xls,现金流量表,21
e552da44087aac7a,historical_600_unknown_rule,ZY07,2370,19,1,4,Develop_Product,-10.0,478.0,产品生产资格投资: P3,src_610d5b6cd311,origin data/VPD-OE_Agent_20260709/VPD-OE_Agent/data/raw/ZY/ZY07.xls,现金流量表,22
6eed6849c365daed,historical_600_unknown_rule,ZY07,2372,20,1,4,Develop_ISO,-30.0,448.0,"ISO认证资格投资,开发：ISO9000 ISO14000",src_610d5b6cd311,origin data/VPD-OE_Agent_20260709/VPD-OE_Agent/data/raw/ZY/ZY07.xls,现金流量表,23
d439c992274604c1,historical_600_unknown_rule,ZY07,2373,21,1,4,Develop_Market,-50.0,398.0,"市场开拓资格投资,开发项目:本地 区域 国内 亚洲 国际",src_610d5b6cd311,origin data/VPD-OE_Agent_20260709/VPD-OE_Agent/data/raw/ZY/ZY07.xls,现金流量表,24
ec0412559a5d35d6,historical_600_unknown_rule,ZY07,2378,22,1,4,Pay_Overhaul,-10.0,388.0,支付行政管理费,src_610d5b6cd311,origin data/VPD-OE_Agent_20260709/VPD-OE_Agent/data/raw/ZY/ZY07.xls,现金流量表,25
06e136ebcad18838,historical_600_unknown_rule,ZY07,2665,23,2,1,Pay_AD,-60.0,328.0,广告投放,src_610d5b6cd311,origin data/VPD-OE_Agent_20260709/VPD-OE_Agent/data/raw/ZY/ZY07.xls,现金流量表,26
23fbd294d53c88c2,historical_600_unknown_rule,ZY07,2682,24,2,1,Long_Loan,484.0,812.0,申请:5年 484W的长期贷款,src_610d5b6cd311,origin data/VPD-OE_Agent_20260709/VPD-OE_Agent/data/raw/ZY/ZY07.xls,现金流量表,27
5c437aee231acf31,historical_600_unknown_rule,ZY07,2685,25,2,1,Pay_Material,-100.0,712.0,支付原料费 R3:4 R4:2 R1:2 R2:2,src_610d5b6cd311,origin data/VPD-OE_Agent_20260709/VPD-OE_Agent/data/raw/ZY/ZY07.xls,现金流量表,28
c9dd6b0c9e9b5538,historical_600_unknown_rule,ZY07,2690,26,2,1,Product_Produce,-40.0,672.0,152:P2 153:P2 154:P3 155:P3,src_610d5b6cd311,origin data/VPD-OE_Agent_20260709/VPD-OE_Agent/data/raw/ZY/ZY07.xls,现金流量表,29
d3f2a0ac9c6894f2,historical_600_unknown_rule,ZY07,2696,27,2,1,Buy_Material,0.0,672.0,订购原料 R1:2 R2:2 R3:4 R4:2,src_610d5b6cd311,origin data/VPD-OE_Agent_20260709/VPD-OE_Agent/data/raw/ZY/ZY07.xls,现金流量表,30
9b3be202bdde7294,historical_600_unknown_rule,ZY07,2703,28,2,1,Pay_Overhaul,-10.0,662.0,支付行政管理费,src_610d5b6cd311,origin data/VPD-OE_Agent_20260709/VPD-OE_Agent/data/raw/ZY/ZY07.xls,现金流量表,31
3786432895886cbb,historical_600_unknown_rule,ZY07,2707,29,2,2,Pay_Material,-100.0,562.0,支付原料费 R3:4 R4:2 R1:2 R2:2,src_610d5b6cd311,origin data/VPD-OE_Agent_20260709/VPD-OE_Agent/data/raw/ZY/ZY07.xls,现金流量表,32
b8d0e427999748ac,historical_600_unknown_rule,ZY07,2711,30,2,2,Product_Produce,-40.0,522.0,152:P2 153:P2 154:P3 155:P3,src_610d5b6cd311,origin data/VPD-OE_Agent_20260709/VPD-OE_Agent/data/raw/ZY/ZY07.xls,现金流量表,33
ea04ce2ab0357e79,historical_600_unknown_rule,ZY07,2713,31,2,2,Buy_Material,0.0,522.0,订购原料 R1:2 R2:2 R3:4 R4:2,src_610d5b6cd311,origin data/VPD-OE_Agent_20260709/VPD-OE_Agent/data/raw/ZY/ZY07.xls,现金流量表,34
708b1dae517e5798,historical_600_unknown_rule,ZY07,2716,32,2,2,Renew_Workshop,-40.0,482.0,厂房续租,src_610d5b6cd311,origin data/VPD-OE_Agent_20260709/VPD-OE_Agent/data/raw/ZY/ZY07.xls,现金流量表,35
09786520c90b789f,historical_600_unknown_rule,ZY07,2717,33,2,2,Pay_Overhaul,-10.0,472.0,支付行政管理费,src_610d5b6cd311,origin data/VPD-OE_Agent_20260709/VPD-OE_Agent/data/raw/ZY/ZY07.xls,现金流量表,36
6ade0a6984d5acce,historical_600_unknown_rule,ZY07,2720,34,2,3,Pay_Short_Loan,-324.0,148.0,短贷还本息,src_610d5b6cd311,origin data/VPD-OE_Agent_20260709/VPD-OE_Agent/data/raw/ZY/ZY07.xls,现金流量表,37
fc6f9f14c41ad5f6,historical_600_unknown_rule,ZY07,2732,35,2,3,Short_Loan,309.0,457.0,申请:4季 309W的短期贷款,src_610d5b6cd311,origin data/VPD-OE_Agent_20260709/VPD-OE_Agent/data/raw/ZY/ZY07.xls,现金流量表,38
67f4c6ec268acade,historical_600_unknown_rule,ZY07,2734,36,2,3,Pay_Material,-100.0,357.0,支付原料费 R3:4 R4:2 R1:2 R2:2,src_610d5b6cd311,origin data/VPD-OE_Agent_20260709/VPD-OE_Agent/data/raw/ZY/ZY07.xls,现金流量表,39
4a178d9fdfe025ce,historical_600_unknown_rule,ZY07,2741,37,2,3,Product_Produce,-40.0,317.0,152:P2 153:P2 154:P3 155:P3,src_610d5b6cd311,origin data/VPD-OE_Agent_20260709/VPD-OE_Agent/data/raw/ZY/ZY07.xls,现金流量表,40
9bc46df582f0897d,historical_600_unknown_rule,ZY07,2749,38,2,3,Buy_Material,0.0,317.0,订购原料 R1:2 R2:2 R3:4 R4:2,src_610d5b6cd311,origin data/VPD-OE_Agent_20260709/VPD-OE_Agent/data/raw/ZY/ZY07.xls,现金流量表,41
3f024d96652b4499,historical_600_unknown_rule,ZY07,2754,39,2,3,Pay_Overhaul,-10.0,307.0,支付行政管理费,src_610d5b6cd311,origin data/VPD-OE_Agent_20260709/VPD-OE_Agent/data/raw/ZY/ZY07.xls,现金流量表,42
2ff792b436d06b84,historical_600_unknown_rule,ZY07,2766,40,2,4,Discount,245.0,552.0,"1期贴现:0W,2期贴现:273W,3期贴现:0W,4期贴现:0W",src_610d5b6cd311,origin data/VPD-OE_Agent_20260709/VPD-OE_Agent/data/raw/ZY/ZY07.xls,现金流量表,43
f658090ab75124c5,historical_600_unknown_rule,ZY07,2816,41,2,4,Pay_Short_Loan,-324.0,228.0,短贷还本息,src_610d5b6cd311,origin data/VPD-OE_Agent_20260709/VPD-OE_Agent/data/raw/ZY/ZY07.xls,现金流量表,44
56230f12db0bca8d,historical_600_unknown_rule,ZY07,2836,42,2,4,Short_Loan,309.0,537.0,申请:4季 309W的短期贷款,src_610d5b6cd311,origin data/VPD-OE_Agent_20260709/VPD-OE_Agent/data/raw/ZY/ZY07.xls,现金流量表,45
fa7f96ad9175bd6d,historical_600_unknown_rule,ZY07,2849,43,2,4,Pay_Material,-100.0,437.0,支付原料费 R3:4 R4:2 R1:2 R2:2,src_610d5b6cd311,origin data/VPD-OE_Agent_20260709/VPD-OE_Agent/data/raw/ZY/ZY07.xls,现金流量表,46
34e4ecb8f83ce2c7,historical_600_unknown_rule,ZY07,2861,44,2,4,Buy_Material,0.0,437.0,订购原料 R1:2 R2:2 R3:4 R4:2,src_610d5b6cd311,origin data/VPD-OE_Agent_20260709/VPD-OE_Agent/data/raw/ZY/ZY07.xls,现金流量表,47
3a8af55087c0f775,historical_600_unknown_rule,ZY07,2863,45,2,4,Product_Produce,-40.0,397.0,152:P2 153:P2 154:P3 155:P3,src_610d5b6cd311,origin data/VPD-OE_Agent_20260709/VPD-OE_Agent/data/raw/ZY/ZY07.xls,现金流量表,48
6529813cdfcadf3b,historical_600_unknown_rule,ZY07,2881,46,2,4,Develop_Market,-30.0,367.0,"市场开拓资格投资,开发项目:国内 亚洲 国际",src_610d5b6cd311,origin data/VPD-OE_Agent_20260709/VPD-OE_Agent/data/raw/ZY/ZY07.xls,现金流量表,49
388cf6fbed4e5b00,historical_600_unknown_rule,ZY07,2883,47,2,4,Develop_ISO,-30.0,337.0,"ISO认证资格投资,开发：ISO9000 ISO14000",src_610d5b6cd311,origin data/VPD-OE_Agent_20260709/VPD-OE_Agent/data/raw/ZY/ZY07.xls,现金流量表,50
cd4e58960a6943b5,historical_600_unknown_rule,ZY07,2890,48,2,4,Pay_Overhaul,-10.0,327.0,支付行政管理费,src_610d5b6cd311,origin data/VPD-OE_Agent_20260709/VPD-OE_Agent/data/raw/ZY/ZY07.xls,现金流量表,51
b7cfe70b8201c785,historical_600_unknown_rule,ZY07,2891,49,2,4,Pay_Maintenance,-40.0,287.0,支付维护费,src_610d5b6cd311,origin data/VPD-OE_Agent_20260709/VPD-OE_Agent/data/raw/ZY/ZY07.xls,现金流量表,52
6597179908dc1e05,historical_600_unknown_rule,ZY07,3233,50,3,1,Pay_Long_Loan,-48.0,239.0,支付长贷本息,src_610d5b6cd311,origin data/VPD-OE_Agent_20260709/VPD-OE_Agent/data/raw/ZY/ZY07.xls,现金流量表,53
3220d96500754d8f,historical_600_unknown_rule,ZY07,3234,51,3,1,Pay_AD,-42.0,197.0,广告投放,src_610d5b6cd311,origin data/VPD-OE_Agent_20260709/VPD-OE_Agent/data/raw/ZY/ZY07.xls,现金流量表,54
ca7a79fbfbf7dd84,historical_600_unknown_rule,ZY07,3268,52,3,1,Auction_Win,-10.0,187.0,竞单成功，获得订单:J32-0006,src_610d5b6cd311,origin data/VPD-OE_Agent_20260709/VPD-OE_Agent/data/raw/ZY/ZY07.xls,现金流量表,55
9b47629441eb14b8,historical_600_unknown_rule,ZY07,3285,53,3,1,Long_Loan,504.0,691.0,申请:1年 504W的长期贷款,src_610d5b6cd311,origin data/VPD-OE_Agent_20260709/VPD-OE_Agent/data/raw/ZY/ZY07.xls,现金流量表,56
271b5f8f2e0241a2,historical_600_unknown_rule,ZY07,3294,54,3,1,Pay_Material,-100.0,591.0,支付原料费 R3:4 R4:2 R1:2 R2:2,src_610d5b6cd311,origin data/VPD-OE_Agent_20260709/VPD-OE_Agent/data/raw/ZY/ZY07.xls,现金流量表,57
261bd5be165b1185,historical_600_unknown_rule,ZY07,3303,55,3,1,Buy_Material,0.0,591.0,订购原料 R1:2 R2:2 R3:4 R4:2,src_610d5b6cd311,origin data/VPD-OE_Agent_20260709/VPD-OE_Agent/data/raw/ZY/ZY07.xls,现金流量表,58
613d5e8cc4390fe8,historical_600_unknown_rule,ZY07,3304,56,3,1,Product_Produce,-40.0,551.0,152:P2 153:P2 154:P3 155:P3,src_610d5b6cd311,origin data/VPD-OE_Agent_20260709/VPD-OE_Agent/data/raw/ZY/ZY07.xls,现金流量表,59
90d80c1d86a9a48c,historical_600_unknown_rule,ZY07,3319,57,3,1,Pay_Overhaul,-10.0,541.0,支付行政管理费,src_610d5b6cd311,origin data/VPD-OE_Agent_20260709/VPD-OE_Agent/data/raw/ZY/ZY07.xls,现金流量表,60
c2af065fdcb6d162,historical_600_unknown_rule,ZY07,3326,58,3,2,Pay_Material,-100.0,441.0,支付原料费 R3:4 R4:2 R1:2 R2:2,src_610d5b6cd311,origin data/VPD-OE_Agent_20260709/VPD-OE_Agent/data/raw/ZY/ZY07.xls,现金流量表,61
e8a72d2558eecbee,historical_600_unknown_rule,ZY07,3330,59,3,2,Buy_Material,0.0,441.0,订购原料 R1:2 R2:2 R3:4 R4:2,src_610d5b6cd311,origin data/VPD-OE_Agent_20260709/VPD-OE_Agent/data/raw/ZY/ZY07.xls,现金流量表,62
457d7aea14569d13,historical_600_unknown_rule,ZY07,3333,60,3,2,Product_Produce,-40.0,401.0,152:P2 153:P2 154:P3 155:P3,src_610d5b6cd311,origin data/VPD-OE_Agent_20260709/VPD-OE_Agent/data/raw/ZY/ZY07.xls,现金流量表,63
ccdb2ca298fc2f41,historical_600_unknown_rule,ZY07,3340,61,3,2,Update_Receivable,270.0,671.0,更新应收款,src_610d5b6cd311,origin data/VPD-OE_Agent_20260709/VPD-OE_Agent/data/raw/ZY/ZY07.xls,现金流量表,64
5811ca0135a63a45,historical_600_unknown_rule,ZY07,3355,62,3,2,Renew_Workshop,-40.0,631.0,厂房续租,src_610d5b6cd311,origin data/VPD-OE_Agent_20260709/VPD-OE_Agent/data/raw/ZY/ZY07.xls,现金流量表,65
7791ddd940bec72d,historical_600_unknown_rule,ZY07,3356,63,3,2,Pay_Overhaul,-10.0,621.0,支付行政管理费,src_610d5b6cd311,origin data/VPD-OE_Agent_20260709/VPD-OE_Agent/data/raw/ZY/ZY07.xls,现金流量表,66
e5dd3b082b6945b6,historical_600_unknown_rule,ZY07,3365,64,3,3,Pay_Short_Loan,-324.0,297.0,短贷还本息,src_610d5b6cd311,origin data/VPD-OE_Agent_20260709/VPD-OE_Agent/data/raw/ZY/ZY07.xls,现金流量表,67
6f084015f54027aa,historical_600_unknown_rule,ZY07,3381,65,3,3,Short_Loan,309.0,606.0,申请:4季 309W的短期贷款,src_610d5b6cd311,origin data/VPD-OE_Agent_20260709/VPD-OE_Agent/data/raw/ZY/ZY07.xls,现金流量表,68
4d91d759337f60e7,historical_600_unknown_rule,ZY07,3384,66,3,3,Pay_Material,-100.0,506.0,支付原料费 R3:4 R4:2 R1:2 R2:2,src_610d5b6cd311,origin data/VPD-OE_Agent_20260709/VPD-OE_Agent/data/raw/ZY/ZY07.xls,现金流量表,69
bd2497964031b01b,historical_600_unknown_rule,ZY07,3386,67,3,3,Buy_Material,0.0,506.0,订购原料 R1:2 R2:2 R3:4 R4:2,src_610d5b6cd311,origin data/VPD-OE_Agent_20260709/VPD-OE_Agent/data/raw/ZY/ZY07.xls,现金流量表,70
61595a88e4c867d9,historical_600_unknown_rule,ZY07,3390,68,3,3,Product_Produce,-40.0,466.0,152:P2 153:P2 154:P3 155:P3,src_610d5b6cd311,origin data/VPD-OE_Agent_20260709/VPD-OE_Agent/data/raw/ZY/ZY07.xls,现金流量表,71
93182c1ffc508e52,historical_600_unknown_rule,ZY07,3392,69,3,3,Update_Receivable,313.0,779.0,更新应收款,src_610d5b6cd311,origin data/VPD-OE_Agent_20260709/VPD-OE_Agent/data/raw/ZY/ZY07.xls,现金流量表,72
c36c7ca49a0692e9,historical_600_unknown_rule,ZY07,3394,70,3,3,Pay_Overhaul,-10.0,769.0,支付行政管理费,src_610d5b6cd311,origin data/VPD-OE_Agent_20260709/VPD-OE_Agent/data/raw/ZY/ZY07.xls,现金流量表,73
be0b22876c3d8a32,historical_600_unknown_rule,ZY07,3396,71,3,4,Pay_Short_Loan,-324.0,445.0,短贷还本息,src_610d5b6cd311,origin data/VPD-OE_Agent_20260709/VPD-OE_Agent/data/raw/ZY/ZY07.xls,现金流量表,74
e18f8fabbc5114b8,historical_600_unknown_rule,ZY07,3403,72,3,4,Short_Loan,309.0,754.0,申请:4季 309W的短期贷款,src_610d5b6cd311,origin data/VPD-OE_Agent_20260709/VPD-OE_Agent/data/raw/ZY/ZY07.xls,现金流量表,75
fe428e543202d114,historical_600_unknown_rule,ZY07,3407,73,3,4,Pay_Material,-100.0,654.0,支付原料费 R3:4 R4:2 R1:2 R2:2,src_610d5b6cd311,origin data/VPD-OE_Agent_20260709/VPD-OE_Agent/data/raw/ZY/ZY07.xls,现金流量表,76
26b63f566c18a62a,historical_600_unknown_rule,ZY07,3415,74,3,4,Buy_Material,0.0,654.0,订购原料 R1:2 R2:2 R3:4 R4:2,src_610d5b6cd311,origin data/VPD-OE_Agent_20260709/VPD-OE_Agent/data/raw/ZY/ZY07.xls,现金流量表,77
af05113ba43a1bcf,historical_600_unknown_rule,ZY07,3417,75,3,4,Product_Produce,-40.0,614.0,152:P2 153:P2 154:P3 155:P3,src_610d5b6cd311,origin data/VPD-OE_Agent_20260709/VPD-OE_Agent/data/raw/ZY/ZY07.xls,现金流量表,78
49e0bc4751d7b25c,historical_600_unknown_rule,ZY07,3422,76,3,4,Update_Receivable,555.0,1169.0,更新应收款,src_610d5b6cd311,origin data/VPD-OE_Agent_20260709/VPD-OE_Agent/data/raw/ZY/ZY07.xls,现金流量表,79
69c48b6919cdbc84,historical_600_unknown_rule,ZY07,3439,77,3,4,Develop_Market,-20.0,1149.0,"市场开拓资格投资,开发项目:亚洲 国际",src_610d5b6cd311,origin data/VPD-OE_Agent_20260709/VPD-OE_Agent/data/raw/ZY/ZY07.xls,现金流量表,80
4195deea000299bc,historical_600_unknown_rule,ZY07,3443,78,3,4,Pay_Overhaul,-10.0,1139.0,支付行政管理费,src_610d5b6cd311,origin data/VPD-OE_Agent_20260709/VPD-OE_Agent/data/raw/ZY/ZY07.xls,现金流量表,81
37cf798ea6741192,historical_600_unknown_rule,ZY07,3444,79,3,4,Pay_Maintenance,-40.0,1099.0,支付维护费,src_610d5b6cd311,origin data/VPD-OE_Agent_20260709/VPD-OE_Agent/data/raw/ZY/ZY07.xls,现金流量表,82
81c685de17d89a96,historical_600_unknown_rule,ZY07,3733,80,4,1,Pay_Tax,-49.0,1050.0,支付上一年税金,src_610d5b6cd311,origin data/VPD-OE_Agent_20260709/VPD-OE_Agent/data/raw/ZY/ZY07.xls,现金流量表,83
d1a6cde761a73e6d,historical_600_unknown_rule,ZY07,3734,81,4,1,Pay_Long_Loan,-603.0,447.0,支付长贷本息,src_610d5b6cd311,origin data/VPD-OE_Agent_20260709/VPD-OE_Agent/data/raw/ZY/ZY07.xls,现金流量表,84
1f243f85ed9b2a17,historical_600_unknown_rule,ZY07,3735,82,4,1,Pay_AD,-104.0,343.0,广告投放,src_610d5b6cd311,origin data/VPD-OE_Agent_20260709/VPD-OE_Agent/data/raw/ZY/ZY07.xls,现金流量表,85
be7367fa5de664c2,historical_600_unknown_rule,ZY07,4283,83,4,1,Long_Loan,1134.0,1477.0,申请:5年 1134W的长期贷款,src_610d5b6cd311,origin data/VPD-OE_Agent_20260709/VPD-OE_Agent/data/raw/ZY/ZY07.xls,现金流量表,86
ec38156490d91b0f,historical_600_unknown_rule,ZY07,4284,84,4,1,Pay_Material,-100.0,1377.0,支付原料费 R3:4 R4:2 R1:2 R2:2,src_610d5b6cd311,origin data/VPD-OE_Agent_20260709/VPD-OE_Agent/data/raw/ZY/ZY07.xls,现金流量表,87
61d21f2818897f54,historical_600_unknown_rule,ZY07,4285,85,4,1,Buy_Material,0.0,1377.0,订购原料 R1:2 R2:2 R3:4 R4:2,src_610d5b6cd311,origin data/VPD-OE_Agent_20260709/VPD-OE_Agent/data/raw/ZY/ZY07.xls,现金流量表,88
1d07e061883d2004,historical_600_unknown_rule,ZY07,4286,86,4,1,Product_Produce,-40.0,1337.0,152:P2 153:P2 154:P3 155:P3,src_610d5b6cd311,origin data/VPD-OE_Agent_20260709/VPD-OE_Agent/data/raw/ZY/ZY07.xls,现金流量表,89
b6ebcd3e6ffa9452,historical_600_unknown_rule,ZY07,4287,87,4,1,Update_Receivable,349.0,1686.0,更新应收款,src_610d5b6cd311,origin data/VPD-OE_Agent_20260709/VPD-OE_Agent/data/raw/ZY/ZY07.xls,现金流量表,90
d3c388180f38fc04,historical_600_unknown_rule,ZY07,4288,88,4,1,Pay_Overhaul,-10.0,1676.0,支付行政管理费,src_610d5b6cd311,origin data/VPD-OE_Agent_20260709/VPD-OE_Agent/data/raw/ZY/ZY07.xls,现金流量表,91
a55bb25c057a4e1f,historical_600_unknown_rule,ZY07,4289,89,4,2,Pay_Material,-100.0,1576.0,支付原料费 R3:4 R4:2 R1:2 R2:2,src_610d5b6cd311,origin data/VPD-OE_Agent_20260709/VPD-OE_Agent/data/raw/ZY/ZY07.xls,现金流量表,92
24e588589c512fdd,historical_600_unknown_rule,ZY07,4290,90,4,2,Buy_Material,0.0,1576.0,订购原料 R1:2 R2:2 R3:4 R4:2,src_610d5b6cd311,origin data/VPD-OE_Agent_20260709/VPD-OE_Agent/data/raw/ZY/ZY07.xls,现金流量表,93
1710a6405de8564c,historical_600_unknown_rule,ZY07,4291,91,4,2,Product_Produce,-40.0,1536.0,152:P2 153:P2 154:P3 155:P3,src_610d5b6cd311,origin data/VPD-OE_Agent_20260709/VPD-OE_Agent/data/raw/ZY/ZY07.xls,现金流量表,94
ec509d236bc9cbd0,historical_600_unknown_rule,ZY07,4292,92,4,2,Update_Receivable,253.0,1789.0,更新应收款,src_610d5b6cd311,origin data/VPD-OE_Agent_20260709/VPD-OE_Agent/data/raw/ZY/ZY07.xls,现金流量表,95
ebe2ef213b669608,historical_600_unknown_rule,ZY07,4293,93,4,2,Renew_Workshop,-40.0,1749.0,厂房续租,src_610d5b6cd311,origin data/VPD-OE_Agent_20260709/VPD-OE_Agent/data/raw/ZY/ZY07.xls,现金流量表,96
8effac4ae7e47f1d,historical_600_unknown_rule,ZY07,4294,94,4,2,Pay_Overhaul,-10.0,1739.0,支付行政管理费,src_610d5b6cd311,origin data/VPD-OE_Agent_20260709/VPD-OE_Agent/data/raw/ZY/ZY07.xls,现金流量表,97
d9be5df099589974,historical_600_unknown_rule,ZY07,4295,95,4,3,Pay_Short_Loan,-324.0,1415.0,短贷还本息,src_610d5b6cd311,origin data/VPD-OE_Agent_20260709/VPD-OE_Agent/data/raw/ZY/ZY07.xls,现金流量表,98
b794945adb43b343,historical_600_unknown_rule,ZY07,4296,96,4,3,Short_Loan,309.0,1724.0,申请:4季 309W的短期贷款,src_610d5b6cd311,origin data/VPD-OE_Agent_20260709/VPD-OE_Agent/data/raw/ZY/ZY07.xls,现金流量表,99
9d14988b94669ff9,historical_600_unknown_rule,ZY07,4297,97,4,3,Pay_Material,-100.0,1624.0,支付原料费 R3:4 R4:2 R1:2 R2:2,src_610d5b6cd311,origin data/VPD-OE_Agent_20260709/VPD-OE_Agent/data/raw/ZY/ZY07.xls,现金流量表,100
5c31f66483624bc1,historical_600_unknown_rule,ZY07,4298,98,4,3,Buy_Material,0.0,1624.0,订购原料 R1:2 R2:2 R3:4 R4:2,src_610d5b6cd311,origin data/VPD-OE_Agent_20260709/VPD-OE_Agent/data/raw/ZY/ZY07.xls,现金流量表,101
ceca1a71e5a4150f,historical_600_unknown_rule,ZY07,4299,99,4,3,Product_Produce,-40.0,1584.0,152:P2 153:P2 154:P3 155:P3,src_610d5b6cd311,origin data/VPD-OE_Agent_20260709/VPD-OE_Agent/data/raw/ZY/ZY07.xls,现金流量表,102
37743cc3211730ab,historical_600_unknown_rule,ZY07,4300,100,4,3,Update_Receivable,333.0,1917.0,更新应收款,src_610d5b6cd311,origin data/VPD-OE_Agent_20260709/VPD-OE_Agent/data/raw/ZY/ZY07.xls,现金流量表,103
0dffa5b306a1c192,historical_600_unknown_rule,ZY07,4301,101,4,3,Pay_Overhaul,-10.0,1907.0,支付行政管理费,src_610d5b6cd311,origin data/VPD-OE_Agent_20260709/VPD-OE_Agent/data/raw/ZY/ZY07.xls,现金流量表,104
b67b8dd9b296f88e,historical_600_unknown_rule,ZY07,4302,102,4,4,Pay_Short_Loan,-324.0,1583.0,短贷还本息,src_610d5b6cd311,origin data/VPD-OE_Agent_20260709/VPD-OE_Agent/data/raw/ZY/ZY07.xls,现金流量表,105
e897e404751351df,historical_600_unknown_rule,ZY07,4303,103,4,4,Short_Loan,309.0,1892.0,申请:4季 309W的短期贷款,src_610d5b6cd311,origin data/VPD-OE_Agent_20260709/VPD-OE_Agent/data/raw/ZY/ZY07.xls,现金流量表,106
9673048c9c018377,historical_600_unknown_rule,ZY07,4304,104,4,4,Pay_Material,-100.0,1792.0,支付原料费 R3:4 R4:2 R1:2 R2:2,src_610d5b6cd311,origin data/VPD-OE_Agent_20260709/VPD-OE_Agent/data/raw/ZY/ZY07.xls,现金流量表,107
647d900cf54051da,historical_600_unknown_rule,ZY07,4305,105,4,4,Buy_Material,0.0,1792.0,订购原料 R1:2 R2:2 R3:4 R4:2,src_610d5b6cd311,origin data/VPD-OE_Agent_20260709/VPD-OE_Agent/data/raw/ZY/ZY07.xls,现金流量表,108
30191e7747324c40,historical_600_unknown_rule,ZY07,4306,106,4,4,Product_Produce,-40.0,1752.0,152:P2 153:P2 154:P3 155:P3,src_610d5b6cd311,origin data/VPD-OE_Agent_20260709/VPD-OE_Agent/data/raw/ZY/ZY07.xls,现金流量表,109
4781b20e7d5e7fe6,historical_600_unknown_rule,ZY07,4307,107,4,4,Update_Receivable,170.0,1922.0,更新应收款,src_610d5b6cd311,origin data/VPD-OE_Agent_20260709/VPD-OE_Agent/data/raw/ZY/ZY07.xls,现金流量表,110
7bd4fa7c2d45cc6f,historical_600_unknown_rule,ZY07,4308,108,4,4,Develop_Market,-10.0,1912.0,"市场开拓资格投资,开发项目:国际",src_610d5b6cd311,origin data/VPD-OE_Agent_20260709/VPD-OE_Agent/data/raw/ZY/ZY07.xls,现金流量表,111
aec9d8a3c267b180,historical_600_unknown_rule,ZY07,4309,109,4,4,Pay_Overhaul,-10.0,1902.0,支付行政管理费,src_610d5b6cd311,origin data/VPD-OE_Agent_20260709/VPD-OE_Agent/data/raw/ZY/ZY07.xls,现金流量表,112
73824672642555f7,historical_600_unknown_rule,ZY07,4310,110,4,4,Pay_Maintenance,-40.0,1862.0,支付维护费,src_610d5b6cd311,origin data/VPD-OE_Agent_20260709/VPD-OE_Agent/data/raw/ZY/ZY07.xls,现金流量表,113
1d7e2b5cfaff67a6,historical_600_unknown_rule,ZY07,4460,111,5,1,Pay_Tax,-11.0,1851.0,支付上一年税金,src_610d5b6cd311,origin data/VPD-OE_Agent_20260709/VPD-OE_Agent/data/raw/ZY/ZY07.xls,现金流量表,114
006d59b95dd47a23,historical_600_unknown_rule,ZY07,4461,112,5,1,Pay_Long_Loan,-162.0,1689.0,支付长贷本息,src_610d5b6cd311,origin data/VPD-OE_Agent_20260709/VPD-OE_Agent/data/raw/ZY/ZY07.xls,现金流量表,115
d0cc22de68c17b52,historical_600_unknown_rule,ZY07,4462,113,5,1,Pay_AD,-30.0,1659.0,广告投放,src_610d5b6cd311,origin data/VPD-OE_Agent_20260709/VPD-OE_Agent/data/raw/ZY/ZY07.xls,现金流量表,116
96d323ed423abf05,historical_600_unknown_rule,ZY07,4506,114,5,1,Long_Loan,104.0,1763.0,申请:5年 104W的长期贷款,src_610d5b6cd311,origin data/VPD-OE_Agent_20260709/VPD-OE_Agent/data/raw/ZY/ZY07.xls,现金流量表,117
5a02247d9ed2ed43,historical_600_unknown_rule,ZY07,4512,115,5,1,Pay_Material,-100.0,1663.0,支付原料费 R3:4 R4:2 R1:2 R2:2,src_610d5b6cd311,origin data/VPD-OE_Agent_20260709/VPD-OE_Agent/data/raw/ZY/ZY07.xls,现金流量表,118
5faf9ba642690f77,historical_600_unknown_rule,ZY07,4525,116,5,1,Buy_Material,0.0,1663.0,订购原料 R1:2 R2:2 R3:4 R4:2,src_610d5b6cd311,origin data/VPD-OE_Agent_20260709/VPD-OE_Agent/data/raw/ZY/ZY07.xls,现金流量表,119
58a1ff2bf3a56d85,historical_600_unknown_rule,ZY07,4529,117,5,1,Product_Produce,-40.0,1623.0,152:P2 153:P2 154:P3 155:P3,src_610d5b6cd311,origin data/VPD-OE_Agent_20260709/VPD-OE_Agent/data/raw/ZY/ZY07.xls,现金流量表,120
e43b90e481aef27c,historical_600_unknown_rule,ZY07,4530,118,5,1,Update_Receivable,122.0,1745.0,更新应收款,src_610d5b6cd311,origin data/VPD-OE_Agent_20260709/VPD-OE_Agent/data/raw/ZY/ZY07.xls,现金流量表,121
c4a943e5ede1620e,historical_600_unknown_rule,ZY07,4539,119,5,1,Pay_Overhaul,-10.0,1735.0,支付行政管理费,src_610d5b6cd311,origin data/VPD-OE_Agent_20260709/VPD-OE_Agent/data/raw/ZY/ZY07.xls,现金流量表,122
d1ff763c5a1d54f4,historical_600_unknown_rule,ZY07,4546,120,5,2,Pay_Material,-100.0,1635.0,支付原料费 R3:4 R4:2 R1:2 R2:2,src_610d5b6cd311,origin data/VPD-OE_Agent_20260709/VPD-OE_Agent/data/raw/ZY/ZY07.xls,现金流量表,123
d521756b7295401b,historical_600_unknown_rule,ZY07,4549,121,5,2,Buy_Material,0.0,1635.0,订购原料 R1:2 R2:2 R3:4 R4:2,src_610d5b6cd311,origin data/VPD-OE_Agent_20260709/VPD-OE_Agent/data/raw/ZY/ZY07.xls,现金流量表,124
5aef1c11fe1f7b26,historical_600_unknown_rule,ZY07,4551,122,5,2,Product_Produce,-40.0,1595.0,152:P2 153:P2 154:P3 155:P3,src_610d5b6cd311,origin data/VPD-OE_Agent_20260709/VPD-OE_Agent/data/raw/ZY/ZY07.xls,现金流量表,125
6af044a383273859,historical_600_unknown_rule,ZY07,4553,123,5,2,Update_Receivable,383.0,1978.0,更新应收款,src_610d5b6cd311,origin data/VPD-OE_Agent_20260709/VPD-OE_Agent/data/raw/ZY/ZY07.xls,现金流量表,126
ea83401ed35eb81c,historical_600_unknown_rule,ZY07,4562,124,5,2,Renew_Workshop,-40.0,1938.0,厂房续租,src_610d5b6cd311,origin data/VPD-OE_Agent_20260709/VPD-OE_Agent/data/raw/ZY/ZY07.xls,现金流量表,127
d8208bbfc0cb9733,historical_600_unknown_rule,ZY07,4563,125,5,2,Pay_Overhaul,-10.0,1928.0,支付行政管理费,src_610d5b6cd311,origin data/VPD-OE_Agent_20260709/VPD-OE_Agent/data/raw/ZY/ZY07.xls,现金流量表,128
69a38cbbb06ee17d,historical_600_unknown_rule,ZY07,4570,126,5,3,Pay_Short_Loan,-324.0,1604.0,短贷还本息,src_610d5b6cd311,origin data/VPD-OE_Agent_20260709/VPD-OE_Agent/data/raw/ZY/ZY07.xls,现金流量表,129
fb7016fd65711917,historical_600_unknown_rule,ZY07,4572,127,5,3,Short_Loan,309.0,1913.0,申请:4季 309W的短期贷款,src_610d5b6cd311,origin data/VPD-OE_Agent_20260709/VPD-OE_Agent/data/raw/ZY/ZY07.xls,现金流量表,130
74c3658b7147aa0e,historical_600_unknown_rule,ZY07,4576,128,5,3,Pay_Material,-100.0,1813.0,支付原料费 R3:4 R4:2 R1:2 R2:2,src_610d5b6cd311,origin data/VPD-OE_Agent_20260709/VPD-OE_Agent/data/raw/ZY/ZY07.xls,现金流量表,131
243f3ac75de57caf,historical_600_unknown_rule,ZY07,4589,129,5,3,Product_Produce,-40.0,1773.0,152:P2 153:P2 154:P3 155:P3,src_610d5b6cd311,origin data/VPD-OE_Agent_20260709/VPD-OE_Agent/data/raw/ZY/ZY07.xls,现金流量表,132
06a2824921cb5f31,historical_600_unknown_rule,ZY07,4596,130,5,3,Buy_Material,0.0,1773.0,订购原料 R1:2 R2:2,src_610d5b6cd311,origin data/VPD-OE_Agent_20260709/VPD-OE_Agent/data/raw/ZY/ZY07.xls,现金流量表,133
3cda6453b1be61e3,historical_600_unknown_rule,ZY07,4603,131,5,3,Update_Receivable,313.0,2086.0,更新应收款,src_610d5b6cd311,origin data/VPD-OE_Agent_20260709/VPD-OE_Agent/data/raw/ZY/ZY07.xls,现金流量表,134
e28109e803a860f7,historical_600_unknown_rule,ZY07,4618,132,5,3,Pay_Overhaul,-10.0,2076.0,支付行政管理费,src_610d5b6cd311,origin data/VPD-OE_Agent_20260709/VPD-OE_Agent/data/raw/ZY/ZY07.xls,现金流量表,135
33267b58fd05b5f4,historical_600_unknown_rule,ZY07,4625,133,5,4,Pay_Short_Loan,-324.0,1752.0,短贷还本息,src_610d5b6cd311,origin data/VPD-OE_Agent_20260709/VPD-OE_Agent/data/raw/ZY/ZY07.xls,现金流量表,136
b9ca3ff0432b6cb0,historical_600_unknown_rule,ZY07,4627,134,5,4,Short_Loan,309.0,2061.0,申请:4季 309W的短期贷款,src_610d5b6cd311,origin data/VPD-OE_Agent_20260709/VPD-OE_Agent/data/raw/ZY/ZY07.xls,现金流量表,137
f14bd33773bcbb24,historical_600_unknown_rule,ZY07,4634,135,5,4,Pay_Material,-100.0,1961.0,支付原料费 R3:4 R4:2 R1:2 R2:2,src_610d5b6cd311,origin data/VPD-OE_Agent_20260709/VPD-OE_Agent/data/raw/ZY/ZY07.xls,现金流量表,138
de85b78945b68075,historical_600_unknown_rule,ZY07,4647,136,5,4,Product_Produce,-40.0,1921.0,152:P2 153:P2 154:P3 155:P3,src_610d5b6cd311,origin data/VPD-OE_Agent_20260709/VPD-OE_Agent/data/raw/ZY/ZY07.xls,现金流量表,139
b04519b3f2d9fde4,historical_600_unknown_rule,ZY07,4666,137,5,4,Pay_Overhaul,-10.0,1911.0,支付行政管理费,src_610d5b6cd311,origin data/VPD-OE_Agent_20260709/VPD-OE_Agent/data/raw/ZY/ZY07.xls,现金流量表,140
f31e27491c8aacaf,historical_600_unknown_rule,ZY07,4667,138,5,4,Pay_Maintenance,-40.0,1871.0,支付维护费,src_610d5b6cd311,origin data/VPD-OE_Agent_20260709/VPD-OE_Agent/data/raw/ZY/ZY07.xls,现金流量表,141
6041e03eb6212b1d,historical_600_unknown_rule,ZY08,2219,1,1,1,Pay_Capital,600.0,600.0,"公司成立,股东注资",src_db71d98a0a37,origin data/VPD-OE_Agent_20260709/VPD-OE_Agent/data/raw/ZY/ZY08.xls,现金流量表,4
a615a6547812e196,historical_600_unknown_rule,ZY08,2256,2,1,1,Rent_Workshop,-40.0,560.0,租用[大厂房],src_db71d98a0a37,origin data/VPD-OE_Agent_20260709/VPD-OE_Agent/data/raw/ZY/ZY08.xls,现金流量表,5
76b48f27245c72fc,historical_600_unknown_rule,ZY08,2367,3,1,1,Buy_ProductLine,-50.0,510.0,订购[自动线]生产[P1],src_db71d98a0a37,origin data/VPD-OE_Agent_20260709/VPD-OE_Agent/data/raw/ZY/ZY08.xls,现金流量表,6
81010ccbfee7c707,historical_600_unknown_rule,ZY08,2436,4,1,1,Buy_ProductLine,-50.0,460.0,订购[自动线]生产[P4],src_db71d98a0a37,origin data/VPD-OE_Agent_20260709/VPD-OE_Agent/data/raw/ZY/ZY08.xls,现金流量表,7
ece72f1c286720c0,historical_600_unknown_rule,ZY08,2509,5,1,1,Buy_ProductLine,-50.0,410.0,订购[自动线]生产[P1],src_db71d98a0a37,origin data/VPD-OE_Agent_20260709/VPD-OE_Agent/data/raw/ZY/ZY08.xls,现金流量表,8
b6ca18e68080a017,historical_600_unknown_rule,ZY08,2519,6,1,1,Develop_Product,-20.0,390.0,产品生产资格投资: P1 P4,src_db71d98a0a37,origin data/VPD-OE_Agent_20260709/VPD-OE_Agent/data/raw/ZY/ZY08.xls,现金流量表,9
34717e2886267e18,historical_600_unknown_rule,ZY08,2520,7,1,1,Pay_Overhaul,-10.0,380.0,支付行政管理费,src_db71d98a0a37,origin data/VPD-OE_Agent_20260709/VPD-OE_Agent/data/raw/ZY/ZY08.xls,现金流量表,10
27d7f53c330e7f67,historical_600_unknown_rule,ZY08,2529,8,1,2,Invest_ProductLine,-150.0,230.0,投资在建生产线,src_db71d98a0a37,origin data/VPD-OE_Agent_20260709/VPD-OE_Agent/data/raw/ZY/ZY08.xls,现金流量表,11
69cdd525cc6ac127,historical_600_unknown_rule,ZY08,2532,9,1,2,Develop_Product,-20.0,210.0,产品生产资格投资: P1 P4,src_db71d98a0a37,origin data/VPD-OE_Agent_20260709/VPD-OE_Agent/data/raw/ZY/ZY08.xls,现金流量表,12
a34096ad91fee080,historical_600_unknown_rule,ZY08,2533,10,1,2,Pay_Overhaul,-10.0,200.0,支付行政管理费,src_db71d98a0a37,origin data/VPD-OE_Agent_20260709/VPD-OE_Agent/data/raw/ZY/ZY08.xls,现金流量表,13
230db4f5217b2de7,historical_600_unknown_rule,ZY08,2541,11,1,3,Short_Loan,208.0,408.0,申请:4季 208W的短期贷款,src_db71d98a0a37,origin data/VPD-OE_Agent_20260709/VPD-OE_Agent/data/raw/ZY/ZY08.xls,现金流量表,14
068d8b1baf3779d1,historical_600_unknown_rule,ZY08,2544,12,1,3,Develop_Product,-10.0,398.0,产品生产资格投资: P4,src_db71d98a0a37,origin data/VPD-OE_Agent_20260709/VPD-OE_Agent/data/raw/ZY/ZY08.xls,现金流量表,15
cc2ca720cb2e155d,historical_600_unknown_rule,ZY08,2545,13,1,3,Pay_Overhaul,-10.0,388.0,支付行政管理费,src_db71d98a0a37,origin data/VPD-OE_Agent_20260709/VPD-OE_Agent/data/raw/ZY/ZY08.xls,现金流量表,16
480fbcfeddde87d3,historical_600_unknown_rule,ZY08,2546,14,1,4,Buy_Material,0.0,388.0,订购原料 R1:2 R3:1 R4:1,src_db71d98a0a37,origin data/VPD-OE_Agent_20260709/VPD-OE_Agent/data/raw/ZY/ZY08.xls,现金流量表,17
a27f4fd2a6d5d167,historical_600_unknown_rule,ZY08,2548,15,1,4,Invest_ProductLine,-150.0,238.0,投资在建生产线,src_db71d98a0a37,origin data/VPD-OE_Agent_20260709/VPD-OE_Agent/data/raw/ZY/ZY08.xls,现金流量表,18
9abeed265df67b65,historical_600_unknown_rule,ZY08,2549,16,1,4,Develop_Product,-10.0,228.0,产品生产资格投资: P4,src_db71d98a0a37,origin data/VPD-OE_Agent_20260709/VPD-OE_Agent/data/raw/ZY/ZY08.xls,现金流量表,19
74ed55fe6b4aca46,historical_600_unknown_rule,ZY08,2551,17,1,4,Develop_Market,-20.0,208.0,"市场开拓资格投资,开发项目:本地 亚洲",src_db71d98a0a37,origin data/VPD-OE_Agent_20260709/VPD-OE_Agent/data/raw/ZY/ZY08.xls,现金流量表,20
15fe5664417b97e6,historical_600_unknown_rule,ZY08,2552,18,1,4,Develop_ISO,-10.0,198.0,"ISO认证资格投资,开发：ISO9000",src_db71d98a0a37,origin data/VPD-OE_Agent_20260709/VPD-OE_Agent/data/raw/ZY/ZY08.xls,现金流量表,21
6246f33c22d046ea,historical_600_unknown_rule,ZY08,2553,19,1,4,Pay_Overhaul,-10.0,188.0,支付行政管理费,src_db71d98a0a37,origin data/VPD-OE_Agent_20260709/VPD-OE_Agent/data/raw/ZY/ZY08.xls,现金流量表,22
295020b67b0eebec,historical_600_unknown_rule,ZY08,2678,20,2,1,Pay_AD,-40.0,148.0,广告投放,src_db71d98a0a37,origin data/VPD-OE_Agent_20260709/VPD-OE_Agent/data/raw/ZY/ZY08.xls,现金流量表,23
502798855356615a,historical_600_unknown_rule,ZY08,2829,21,2,1,Long_Loan,1004.0,1152.0,申请:5年 1004W的长期贷款,src_db71d98a0a37,origin data/VPD-OE_Agent_20260709/VPD-OE_Agent/data/raw/ZY/ZY08.xls,现金流量表,24
11b7f614a97a76ef,historical_600_unknown_rule,ZY08,2833,22,2,1,Pay_Material,-20.0,1132.0,支付原料费 R1:2,src_db71d98a0a37,origin data/VPD-OE_Agent_20260709/VPD-OE_Agent/data/raw/ZY/ZY08.xls,现金流量表,25
a1925f454b08fc69,historical_600_unknown_rule,ZY08,2838,23,2,1,Buy_ProductLine,-50.0,1082.0,订购[自动线]生产[P4],src_db71d98a0a37,origin data/VPD-OE_Agent_20260709/VPD-OE_Agent/data/raw/ZY/ZY08.xls,现金流量表,26
5e35aae8b2df489f,historical_600_unknown_rule,ZY08,2868,24,2,1,Product_Produce,-20.0,1062.0,168:P1 187:P1,src_db71d98a0a37,origin data/VPD-OE_Agent_20260709/VPD-OE_Agent/data/raw/ZY/ZY08.xls,现金流量表,27
77141897c80a3e3d,historical_600_unknown_rule,ZY08,2872,25,2,1,Buy_Material,0.0,1062.0,订购原料 R1:2 R2:2 R3:1 R4:1,src_db71d98a0a37,origin data/VPD-OE_Agent_20260709/VPD-OE_Agent/data/raw/ZY/ZY08.xls,现金流量表,28
28f20adc8ee87109,historical_600_unknown_rule,ZY08,3036,26,2,1,Develop_Product,-10.0,1052.0,产品生产资格投资: P4,src_db71d98a0a37,origin data/VPD-OE_Agent_20260709/VPD-OE_Agent/data/raw/ZY/ZY08.xls,现金流量表,29
686135b5ff6b6725,historical_600_unknown_rule,ZY08,3038,27,2,1,Renew_Workshop,-40.0,1012.0,厂房续租,src_db71d98a0a37,origin data/VPD-OE_Agent_20260709/VPD-OE_Agent/data/raw/ZY/ZY08.xls,现金流量表,30
f3921c23bf9a8274,historical_600_unknown_rule,ZY08,3039,28,2,1,Pay_Overhaul,-10.0,1002.0,支付行政管理费,src_db71d98a0a37,origin data/VPD-OE_Agent_20260709/VPD-OE_Agent/data/raw/ZY/ZY08.xls,现金流量表,31
ff0423ccc773581f,historical_600_unknown_rule,ZY08,3043,29,2,2,Pay_Material,-60.0,942.0,支付原料费 R3:1 R4:1 R1:2 R2:2,src_db71d98a0a37,origin data/VPD-OE_Agent_20260709/VPD-OE_Agent/data/raw/ZY/ZY08.xls,现金流量表,32
e7b641836e4b3725,historical_600_unknown_rule,ZY08,3045,30,2,2,Product_Produce,-30.0,912.0,168:P1 182:P4 187:P1,src_db71d98a0a37,origin data/VPD-OE_Agent_20260709/VPD-OE_Agent/data/raw/ZY/ZY08.xls,现金流量表,33
23f15fabdbba5819,historical_600_unknown_rule,ZY08,3048,31,2,2,Invest_ProductLine,-50.0,862.0,投资在建生产线,src_db71d98a0a37,origin data/VPD-OE_Agent_20260709/VPD-OE_Agent/data/raw/ZY/ZY08.xls,现金流量表,34
f6a7713222bee6db,historical_600_unknown_rule,ZY08,3050,32,2,2,Buy_Material,0.0,862.0,订购原料 R1:2 R2:2 R3:1 R4:1,src_db71d98a0a37,origin data/VPD-OE_Agent_20260709/VPD-OE_Agent/data/raw/ZY/ZY08.xls,现金流量表,35
904317c301248a92,historical_600_unknown_rule,ZY08,3053,33,2,2,Pay_Overhaul,-10.0,852.0,支付行政管理费,src_db71d98a0a37,origin data/VPD-OE_Agent_20260709/VPD-OE_Agent/data/raw/ZY/ZY08.xls,现金流量表,36
aeb9bbb3e327e9b3,historical_600_unknown_rule,ZY08,3055,34,2,3,Pay_Short_Loan,-218.0,634.0,短贷还本息,src_db71d98a0a37,origin data/VPD-OE_Agent_20260709/VPD-OE_Agent/data/raw/ZY/ZY08.xls,现金流量表,37
a1af65ab931435df,historical_600_unknown_rule,ZY08,3057,35,2,3,Pay_Material,-60.0,574.0,支付原料费 R3:1 R4:1 R1:2 R2:2,src_db71d98a0a37,origin data/VPD-OE_Agent_20260709/VPD-OE_Agent/data/raw/ZY/ZY08.xls,现金流量表,38
252190aa7f9d53c1,historical_600_unknown_rule,ZY08,3062,36,2,3,Product_Produce,-30.0,544.0,168:P1 182:P4 187:P1,src_db71d98a0a37,origin data/VPD-OE_Agent_20260709/VPD-OE_Agent/data/raw/ZY/ZY08.xls,现金流量表,39
9dae3d6a6a43b160,historical_600_unknown_rule,ZY08,3084,37,2,3,Buy_Material,0.0,544.0,订购原料 R1:2 R2:2 R3:2 R4:2,src_db71d98a0a37,origin data/VPD-OE_Agent_20260709/VPD-OE_Agent/data/raw/ZY/ZY08.xls,现金流量表,40
58531a0c9ab26ef3,historical_600_unknown_rule,ZY08,3087,38,2,3,Pay_Overhaul,-10.0,534.0,支付行政管理费,src_db71d98a0a37,origin data/VPD-OE_Agent_20260709/VPD-OE_Agent/data/raw/ZY/ZY08.xls,现金流量表,41
2d26dd3fb158db32,historical_600_unknown_rule,ZY08,3090,39,2,4,Pay_Material,-60.0,474.0,支付原料费 R3:1 R4:1 R1:2 R2:2,src_db71d98a0a37,origin data/VPD-OE_Agent_20260709/VPD-OE_Agent/data/raw/ZY/ZY08.xls,现金流量表,42
d3cc9a16d57a187c,historical_600_unknown_rule,ZY08,3091,40,2,4,Product_Produce,-30.0,444.0,168:P1 182:P4 187:P1,src_db71d98a0a37,origin data/VPD-OE_Agent_20260709/VPD-OE_Agent/data/raw/ZY/ZY08.xls,现金流量表,43
313440243984edca,historical_600_unknown_rule,ZY08,3092,41,2,4,Invest_ProductLine,-50.0,394.0,投资在建生产线,src_db71d98a0a37,origin data/VPD-OE_Agent_20260709/VPD-OE_Agent/data/raw/ZY/ZY08.xls,现金流量表,44
3372933114a32df2,historical_600_unknown_rule,ZY08,3093,42,2,4,Develop_Market,-20.0,374.0,"市场开拓资格投资,开发项目:区域 亚洲",src_db71d98a0a37,origin data/VPD-OE_Agent_20260709/VPD-OE_Agent/data/raw/ZY/ZY08.xls,现金流量表,45
e669458e28a95040,historical_600_unknown_rule,ZY08,3094,43,2,4,Develop_ISO,-10.0,364.0,"ISO认证资格投资,开发：ISO9000",src_db71d98a0a37,origin data/VPD-OE_Agent_20260709/VPD-OE_Agent/data/raw/ZY/ZY08.xls,现金流量表,46
e9eff7c694794c32,historical_600_unknown_rule,ZY08,3095,44,2,4,Pay_Overhaul,-10.0,354.0,支付行政管理费,src_db71d98a0a37,origin data/VPD-OE_Agent_20260709/VPD-OE_Agent/data/raw/ZY/ZY08.xls,现金流量表,47
e61317fee736c95a,historical_600_unknown_rule,ZY08,3096,45,2,4,Pay_Maintenance,-30.0,324.0,支付维护费,src_db71d98a0a37,origin data/VPD-OE_Agent_20260709/VPD-OE_Agent/data/raw/ZY/ZY08.xls,现金流量表,48
6fa3dfa7e3f11679,historical_600_unknown_rule,ZY08,3258,46,3,1,Pay_Long_Loan,-100.0,224.0,支付长贷本息,src_db71d98a0a37,origin data/VPD-OE_Agent_20260709/VPD-OE_Agent/data/raw/ZY/ZY08.xls,现金流量表,49
a20558e9fc27af5d,historical_600_unknown_rule,ZY08,3259,47,3,1,Pay_AD,-20.0,204.0,广告投放,src_db71d98a0a37,origin data/VPD-OE_Agent_20260709/VPD-OE_Agent/data/raw/ZY/ZY08.xls,现金流量表,50
afb35b9b3d260f59,historical_600_unknown_rule,ZY08,3264,48,3,1,Auction_Win,-10.0,194.0,竞单成功，获得订单:J31-0001,src_db71d98a0a37,origin data/VPD-OE_Agent_20260709/VPD-OE_Agent/data/raw/ZY/ZY08.xls,现金流量表,51
b4fc48e353467ada,historical_600_unknown_rule,ZY08,3265,49,3,1,Auction_Win,-10.0,184.0,竞单成功，获得订单:J31-0002,src_db71d98a0a37,origin data/VPD-OE_Agent_20260709/VPD-OE_Agent/data/raw/ZY/ZY08.xls,现金流量表,52
e43b3336c0d3e674,historical_600_unknown_rule,ZY08,3401,50,3,1,Short_Loan,68.0,252.0,申请:4季 68W的短期贷款,src_db71d98a0a37,origin data/VPD-OE_Agent_20260709/VPD-OE_Agent/data/raw/ZY/ZY08.xls,现金流量表,53
131e8a3127f49237,historical_600_unknown_rule,ZY08,3405,51,3,1,Pay_Material,-40.0,212.0,支付原料费 R3:2 R4:2,src_db71d98a0a37,origin data/VPD-OE_Agent_20260709/VPD-OE_Agent/data/raw/ZY/ZY08.xls,现金流量表,54
66407ba4dff3a8de,historical_600_unknown_rule,ZY08,3416,52,3,1,Emergency_Buy_Material,-120.0,92.0,"紧急采购原料，数量分别为：2,4,0,0",src_db71d98a0a37,origin data/VPD-OE_Agent_20260709/VPD-OE_Agent/data/raw/ZY/ZY08.xls,现金流量表,55
525d3cac1d3b8a14,historical_600_unknown_rule,ZY08,3419,53,3,1,Product_Produce,-40.0,52.0,168:P1 182:P4 187:P1 210:P4,src_db71d98a0a37,origin data/VPD-OE_Agent_20260709/VPD-OE_Agent/data/raw/ZY/ZY08.xls,现金流量表,56
353952b9a0382ae0,historical_600_unknown_rule,ZY08,3423,54,3,1,Buy_Material,0.0,52.0,订购原料 R1:2 R2:4 R3:2 R4:2,src_db71d98a0a37,origin data/VPD-OE_Agent_20260709/VPD-OE_Agent/data/raw/ZY/ZY08.xls,现金流量表,57
a0bd524b41ad69f7,historical_600_unknown_rule,ZY08,3430,55,3,1,Update_Receivable,252.0,304.0,更新应收款,src_db71d98a0a37,origin data/VPD-OE_Agent_20260709/VPD-OE_Agent/data/raw/ZY/ZY08.xls,现金流量表,58
3a20e24fe73fcb1b,historical_600_unknown_rule,ZY08,3436,56,3,1,Renew_Workshop,-40.0,264.0,厂房续租,src_db71d98a0a37,origin data/VPD-OE_Agent_20260709/VPD-OE_Agent/data/raw/ZY/ZY08.xls,现金流量表,59
dc1faee43b162e99,historical_600_unknown_rule,ZY08,3437,57,3,1,Pay_Overhaul,-10.0,254.0,支付行政管理费,src_db71d98a0a37,origin data/VPD-OE_Agent_20260709/VPD-OE_Agent/data/raw/ZY/ZY08.xls,现金流量表,60
f61285685b77d7bf,historical_600_unknown_rule,ZY08,3449,58,3,2,Pay_Material,-60.0,194.0,支付原料费 R1:2 R2:4,src_db71d98a0a37,origin data/VPD-OE_Agent_20260709/VPD-OE_Agent/data/raw/ZY/ZY08.xls,现金流量表,61
f3e5be7174218b14,historical_600_unknown_rule,ZY08,3455,59,3,2,Emergency_Buy_Material,-80.0,114.0,"紧急采购原料，数量分别为：0,0,2,2",src_db71d98a0a37,origin data/VPD-OE_Agent_20260709/VPD-OE_Agent/data/raw/ZY/ZY08.xls,现金流量表,62
7d6cc0ef21367a1e,historical_600_unknown_rule,ZY08,3460,60,3,2,Product_Produce,-40.0,74.0,168:P1 182:P4 187:P1 210:P4,src_db71d98a0a37,origin data/VPD-OE_Agent_20260709/VPD-OE_Agent/data/raw/ZY/ZY08.xls,现金流量表,63
4a4d9e2e63b4c167,historical_600_unknown_rule,ZY08,3464,61,3,2,Buy_Material,0.0,74.0,订购原料 R1:2 R2:4 R3:2 R4:2,src_db71d98a0a37,origin data/VPD-OE_Agent_20260709/VPD-OE_Agent/data/raw/ZY/ZY08.xls,现金流量表,64
25e28f1c0bf0b01d,historical_600_unknown_rule,ZY08,3468,62,3,2,Update_Receivable,133.0,207.0,更新应收款,src_db71d98a0a37,origin data/VPD-OE_Agent_20260709/VPD-OE_Agent/data/raw/ZY/ZY08.xls,现金流量表,65
642b6c7d09c57a54,historical_600_unknown_rule,ZY08,3469,63,3,2,Pay_Overhaul,-10.0,197.0,支付行政管理费,src_db71d98a0a37,origin data/VPD-OE_Agent_20260709/VPD-OE_Agent/data/raw/ZY/ZY08.xls,现金流量表,66
52707fb13861691e,historical_600_unknown_rule,ZY08,3480,64,3,3,Pay_Material,-100.0,97.0,支付原料费 R3:2 R4:2 R1:2 R2:4,src_db71d98a0a37,origin data/VPD-OE_Agent_20260709/VPD-OE_Agent/data/raw/ZY/ZY08.xls,现金流量表,67
389e8c9738016761,historical_600_unknown_rule,ZY08,3484,65,3,3,Product_Produce,-40.0,57.0,168:P1 182:P4 187:P1 210:P4,src_db71d98a0a37,origin data/VPD-OE_Agent_20260709/VPD-OE_Agent/data/raw/ZY/ZY08.xls,现金流量表,68
c9e7761de00d30cc,historical_600_unknown_rule,ZY08,3494,66,3,3,Buy_Material,0.0,57.0,订购原料 R1:2 R2:4 R3:2 R4:2,src_db71d98a0a37,origin data/VPD-OE_Agent_20260709/VPD-OE_Agent/data/raw/ZY/ZY08.xls,现金流量表,69
378953dd05758481,historical_600_unknown_rule,ZY08,3498,67,3,3,Update_Receivable,102.0,159.0,更新应收款,src_db71d98a0a37,origin data/VPD-OE_Agent_20260709/VPD-OE_Agent/data/raw/ZY/ZY08.xls,现金流量表,70
957cfc51bd530103,historical_600_unknown_rule,ZY08,3503,68,3,3,Sell_Product,180.0,339.0,订单交货,src_db71d98a0a37,origin data/VPD-OE_Agent_20260709/VPD-OE_Agent/data/raw/ZY/ZY08.xls,现金流量表,71
c24b2d2ed0359337,historical_600_unknown_rule,ZY08,3508,69,3,3,Pay_Overhaul,-10.0,329.0,支付行政管理费,src_db71d98a0a37,origin data/VPD-OE_Agent_20260709/VPD-OE_Agent/data/raw/ZY/ZY08.xls,现金流量表,72
7fd63d49d5107d92,historical_600_unknown_rule,ZY08,3510,70,3,4,Pay_Material,-100.0,229.0,支付原料费 R3:2 R4:2 R1:2 R2:4,src_db71d98a0a37,origin data/VPD-OE_Agent_20260709/VPD-OE_Agent/data/raw/ZY/ZY08.xls,现金流量表,73
ca733ef2215bdd56,historical_600_unknown_rule,ZY08,3513,71,3,4,Product_Produce,-40.0,189.0,168:P1 182:P4 187:P1 210:P4,src_db71d98a0a37,origin data/VPD-OE_Agent_20260709/VPD-OE_Agent/data/raw/ZY/ZY08.xls,现金流量表,74
ce7760341eb6c5c7,historical_600_unknown_rule,ZY08,3518,72,3,4,Buy_Material,0.0,189.0,订购原料 R1:2 R2:4 R3:2 R4:2,src_db71d98a0a37,origin data/VPD-OE_Agent_20260709/VPD-OE_Agent/data/raw/ZY/ZY08.xls,现金流量表,75
c8dc7aadae076f45,historical_600_unknown_rule,ZY08,3522,73,3,4,Update_Receivable,141.0,330.0,更新应收款,src_db71d98a0a37,origin data/VPD-OE_Agent_20260709/VPD-OE_Agent/data/raw/ZY/ZY08.xls,现金流量表,76
ea7bc74ca5d75f5e,historical_600_unknown_rule,ZY08,3529,74,3,4,Develop_Market,-10.0,320.0,"市场开拓资格投资,开发项目:亚洲",src_db71d98a0a37,origin data/VPD-OE_Agent_20260709/VPD-OE_Agent/data/raw/ZY/ZY08.xls,现金流量表,77
dce8efc058d94b12,historical_600_unknown_rule,ZY08,3546,75,3,4,Develop_ISO,-20.0,300.0,"ISO认证资格投资,开发：ISO14000",src_db71d98a0a37,origin data/VPD-OE_Agent_20260709/VPD-OE_Agent/data/raw/ZY/ZY08.xls,现金流量表,78
92cd8f6baaecb18a,historical_600_unknown_rule,ZY08,3552,76,3,4,Pay_Overhaul,-10.0,290.0,支付行政管理费,src_db71d98a0a37,origin data/VPD-OE_Agent_20260709/VPD-OE_Agent/data/raw/ZY/ZY08.xls,现金流量表,79
40c5720bfecb578d,historical_600_unknown_rule,ZY08,3553,77,3,4,Pay_Maintenance,-40.0,250.0,支付维护费,src_db71d98a0a37,origin data/VPD-OE_Agent_20260709/VPD-OE_Agent/data/raw/ZY/ZY08.xls,现金流量表,80
870347a420493fed,historical_600_unknown_rule,ZY08,3752,78,4,1,Pay_Tax,-27.0,223.0,支付上一年税金,src_db71d98a0a37,origin data/VPD-OE_Agent_20260709/VPD-OE_Agent/data/raw/ZY/ZY08.xls,现金流量表,81
9f2b3ef4446e81b0,historical_600_unknown_rule,ZY08,3753,79,4,1,Pay_Long_Loan,-100.0,123.0,支付长贷本息,src_db71d98a0a37,origin data/VPD-OE_Agent_20260709/VPD-OE_Agent/data/raw/ZY/ZY08.xls,现金流量表,82
b5d707069ebdaad8,historical_600_unknown_rule,ZY08,3754,80,4,1,Pay_AD,-42.0,81.0,广告投放,src_db71d98a0a37,origin data/VPD-OE_Agent_20260709/VPD-OE_Agent/data/raw/ZY/ZY08.xls,现金流量表,83
4694ceea00fcb840,historical_600_unknown_rule,ZY08,3805,81,4,1,Pay_Short_Loan,-71.0,10.0,短贷还本息,src_db71d98a0a37,origin data/VPD-OE_Agent_20260709/VPD-OE_Agent/data/raw/ZY/ZY08.xls,现金流量表,84
8a14e739cb6fcfe5,historical_600_unknown_rule,ZY08,3806,82,4,1,Short_Loan,168.0,178.0,申请:4季 168W的短期贷款,src_db71d98a0a37,origin data/VPD-OE_Agent_20260709/VPD-OE_Agent/data/raw/ZY/ZY08.xls,现金流量表,85
4e3bca49a7d0197f,historical_600_unknown_rule,ZY08,3807,83,4,1,Pay_Material,-100.0,78.0,支付原料费 R3:2 R4:2 R1:2 R2:4,src_db71d98a0a37,origin data/VPD-OE_Agent_20260709/VPD-OE_Agent/data/raw/ZY/ZY08.xls,现金流量表,86
dba3c71777d53010,historical_600_unknown_rule,ZY08,3808,84,4,1,Buy_Material,0.0,78.0,订购原料 R1:2 R2:4 R3:2 R4:2,src_db71d98a0a37,origin data/VPD-OE_Agent_20260709/VPD-OE_Agent/data/raw/ZY/ZY08.xls,现金流量表,87
95ef86c65f964e16,historical_600_unknown_rule,ZY08,3809,85,4,1,Product_Produce,-40.0,38.0,168:P1 182:P4 187:P1 210:P4,src_db71d98a0a37,origin data/VPD-OE_Agent_20260709/VPD-OE_Agent/data/raw/ZY/ZY08.xls,现金流量表,88
a5565920672be39c,historical_600_unknown_rule,ZY08,3810,86,4,1,Update_Receivable,160.0,198.0,更新应收款,src_db71d98a0a37,origin data/VPD-OE_Agent_20260709/VPD-OE_Agent/data/raw/ZY/ZY08.xls,现金流量表,89
1d79a590c8dfb36c,historical_600_unknown_rule,ZY08,3812,87,4,1,Renew_Workshop,-40.0,158.0,厂房续租,src_db71d98a0a37,origin data/VPD-OE_Agent_20260709/VPD-OE_Agent/data/raw/ZY/ZY08.xls,现金流量表,90
6818114bd257527a,historical_600_unknown_rule,ZY08,3813,88,4,1,Pay_Overhaul,-10.0,148.0,支付行政管理费,src_db71d98a0a37,origin data/VPD-OE_Agent_20260709/VPD-OE_Agent/data/raw/ZY/ZY08.xls,现金流量表,91
0eedd1531432fed0,historical_600_unknown_rule,ZY08,3816,89,4,2,Pay_Material,-100.0,48.0,支付原料费 R3:2 R4:2 R1:2 R2:4,src_db71d98a0a37,origin data/VPD-OE_Agent_20260709/VPD-OE_Agent/data/raw/ZY/ZY08.xls,现金流量表,92
5ca2b4112f39e86d,historical_600_unknown_rule,ZY08,3818,90,4,2,Product_Produce,-40.0,8.0,168:P1 182:P4 187:P1 210:P4,src_db71d98a0a37,origin data/VPD-OE_Agent_20260709/VPD-OE_Agent/data/raw/ZY/ZY08.xls,现金流量表,93
74734f61bbafc2ae,historical_600_unknown_rule,ZY08,3823,91,4,2,Buy_Material,0.0,8.0,订购原料 R1:2 R2:4 R3:2 R4:2,src_db71d98a0a37,origin data/VPD-OE_Agent_20260709/VPD-OE_Agent/data/raw/ZY/ZY08.xls,现金流量表,94
809448f45d3d5848,historical_600_unknown_rule,ZY08,3824,92,4,2,Update_Receivable,720.0,728.0,更新应收款,src_db71d98a0a37,origin data/VPD-OE_Agent_20260709/VPD-OE_Agent/data/raw/ZY/ZY08.xls,现金流量表,95
89b9f85fc07ab748,historical_600_unknown_rule,ZY08,3825,93,4,2,Sell_Product,380.0,1108.0,订单交货,src_db71d98a0a37,origin data/VPD-OE_Agent_20260709/VPD-OE_Agent/data/raw/ZY/ZY08.xls,现金流量表,96
714d212bca736401,historical_600_unknown_rule,ZY08,3826,94,4,2,Pay_Overhaul,-10.0,1098.0,支付行政管理费,src_db71d98a0a37,origin data/VPD-OE_Agent_20260709/VPD-OE_Agent/data/raw/ZY/ZY08.xls,现金流量表,97
4fa8f7fbc9891db6,historical_600_unknown_rule,ZY08,3827,95,4,3,Pay_Material,-100.0,998.0,支付原料费 R3:2 R4:2 R1:2 R2:4,src_db71d98a0a37,origin data/VPD-OE_Agent_20260709/VPD-OE_Agent/data/raw/ZY/ZY08.xls,现金流量表,98
087fbe0a77dba811,historical_600_unknown_rule,ZY08,3851,96,4,3,Buy_Material,0.0,998.0,订购原料 R1:2 R2:4 R3:4 R4:4,src_db71d98a0a37,origin data/VPD-OE_Agent_20260709/VPD-OE_Agent/data/raw/ZY/ZY08.xls,现金流量表,99
bfec8e7349a95a50,historical_600_unknown_rule,ZY08,3852,97,4,3,Rent_Workshop,-30.0,968.0,租用[小厂房],src_db71d98a0a37,origin data/VPD-OE_Agent_20260709/VPD-OE_Agent/data/raw/ZY/ZY08.xls,现金流量表,100
9cc7110d0fbdfea5,historical_600_unknown_rule,ZY08,3853,98,4,3,Buy_ProductLine,-50.0,918.0,订购[自动线]生产[P4],src_db71d98a0a37,origin data/VPD-OE_Agent_20260709/VPD-OE_Agent/data/raw/ZY/ZY08.xls,现金流量表,101
fc8feff43be3ef75,historical_600_unknown_rule,ZY08,3854,99,4,3,Product_Produce,-40.0,878.0,168:P1 182:P4 187:P1 210:P4,src_db71d98a0a37,origin data/VPD-OE_Agent_20260709/VPD-OE_Agent/data/raw/ZY/ZY08.xls,现金流量表,102
487107d897dee14d,historical_600_unknown_rule,ZY08,3857,100,4,3,Pay_Overhaul,-10.0,868.0,支付行政管理费,src_db71d98a0a37,origin data/VPD-OE_Agent_20260709/VPD-OE_Agent/data/raw/ZY/ZY08.xls,现金流量表,103
aecc1d10e0772d7d,historical_600_unknown_rule,ZY08,3858,101,4,4,Pay_Material,-100.0,768.0,支付原料费 R3:2 R4:2 R1:2 R2:4,src_db71d98a0a37,origin data/VPD-OE_Agent_20260709/VPD-OE_Agent/data/raw/ZY/ZY08.xls,现金流量表,104
3d0200d278ff0813,historical_600_unknown_rule,ZY08,3859,102,4,4,Invest_ProductLine,-50.0,718.0,投资在建生产线,src_db71d98a0a37,origin data/VPD-OE_Agent_20260709/VPD-OE_Agent/data/raw/ZY/ZY08.xls,现金流量表,105
5509d16082366977,historical_600_unknown_rule,ZY08,3860,103,4,4,Product_Produce,-40.0,678.0,168:P1 182:P4 187:P1 210:P4,src_db71d98a0a37,origin data/VPD-OE_Agent_20260709/VPD-OE_Agent/data/raw/ZY/ZY08.xls,现金流量表,106
143b7299a9de3749,historical_600_unknown_rule,ZY08,3861,104,4,4,Buy_Material,0.0,678.0,订购原料 R1:2 R2:8 R3:3 R4:3,src_db71d98a0a37,origin data/VPD-OE_Agent_20260709/VPD-OE_Agent/data/raw/ZY/ZY08.xls,现金流量表,107
f653a21c84e7fa33,historical_600_unknown_rule,ZY08,3862,105,4,4,Develop_ISO,-20.0,658.0,"ISO认证资格投资,开发：ISO14000",src_db71d98a0a37,origin data/VPD-OE_Agent_20260709/VPD-OE_Agent/data/raw/ZY/ZY08.xls,现金流量表,108
cdca77a23963f9de,historical_600_unknown_rule,ZY08,3863,106,4,4,Develop_Market,-10.0,648.0,"市场开拓资格投资,开发项目:国内",src_db71d98a0a37,origin data/VPD-OE_Agent_20260709/VPD-OE_Agent/data/raw/ZY/ZY08.xls,现金流量表,109
98166a2d28f4c4b8,historical_600_unknown_rule,ZY08,3866,107,4,4,Pay_Overhaul,-10.0,638.0,支付行政管理费,src_db71d98a0a37,origin data/VPD-OE_Agent_20260709/VPD-OE_Agent/data/raw/ZY/ZY08.xls,现金流量表,110
feed33dc28ac0713,historical_600_unknown_rule,ZY08,3867,108,4,4,Pay_Maintenance,-40.0,598.0,支付维护费,src_db71d98a0a37,origin data/VPD-OE_Agent_20260709/VPD-OE_Agent/data/raw/ZY/ZY08.xls,现金流量表,111
507ae6f3741d9c0f,historical_600_unknown_rule,ZY08,4466,109,5,1,Pay_Tax,-20.0,578.0,支付上一年税金,src_db71d98a0a37,origin data/VPD-OE_Agent_20260709/VPD-OE_Agent/data/raw/ZY/ZY08.xls,现金流量表,112
1f61f222f106eec6,historical_600_unknown_rule,ZY08,4467,110,5,1,Pay_Long_Loan,-100.0,478.0,支付长贷本息,src_db71d98a0a37,origin data/VPD-OE_Agent_20260709/VPD-OE_Agent/data/raw/ZY/ZY08.xls,现金流量表,113
ad0c53973c0531c8,historical_600_unknown_rule,ZY08,4468,111,5,1,Pay_AD,-79.0,399.0,广告投放,src_db71d98a0a37,origin data/VPD-OE_Agent_20260709/VPD-OE_Agent/data/raw/ZY/ZY08.xls,现金流量表,114
8c7bb49a7cd4fd15,historical_600_unknown_rule,ZY08,4487,112,5,1,Auction_Win,-10.0,389.0,竞单成功，获得订单:J52-0036,src_db71d98a0a37,origin data/VPD-OE_Agent_20260709/VPD-OE_Agent/data/raw/ZY/ZY08.xls,现金流量表,115
6a0b52664ee5adca,historical_600_unknown_rule,ZY08,4491,113,5,1,Auction_Win,-10.0,379.0,竞单成功，获得订单:J54-0040,src_db71d98a0a37,origin data/VPD-OE_Agent_20260709/VPD-OE_Agent/data/raw/ZY/ZY08.xls,现金流量表,116
36f29733bbab813a,historical_600_unknown_rule,ZY08,4495,114,5,1,Pay_Short_Loan,-176.0,203.0,短贷还本息,src_db71d98a0a37,origin data/VPD-OE_Agent_20260709/VPD-OE_Agent/data/raw/ZY/ZY08.xls,现金流量表,117
c6e91ef547de046e,historical_600_unknown_rule,ZY08,4573,115,5,1,Short_Loan,188.0,391.0,申请:4季 188W的短期贷款,src_db71d98a0a37,origin data/VPD-OE_Agent_20260709/VPD-OE_Agent/data/raw/ZY/ZY08.xls,现金流量表,118
eda5db5ba05d8e0b,historical_600_unknown_rule,ZY08,4575,116,5,1,Pay_Material,-180.0,211.0,支付原料费 R3:4 R4:4 R1:2 R2:8,src_db71d98a0a37,origin data/VPD-OE_Agent_20260709/VPD-OE_Agent/data/raw/ZY/ZY08.xls,现金流量表,119
d8e4d247ccdf73ea,historical_600_unknown_rule,ZY08,4578,117,5,1,Invest_ProductLine,-50.0,161.0,投资在建生产线,src_db71d98a0a37,origin data/VPD-OE_Agent_20260709/VPD-OE_Agent/data/raw/ZY/ZY08.xls,现金流量表,120
1a02c12984597b3c,historical_600_unknown_rule,ZY08,4583,118,5,1,Buy_ProductLine,-50.0,111.0,订购[手工线]生产[P4],src_db71d98a0a37,origin data/VPD-OE_Agent_20260709/VPD-OE_Agent/data/raw/ZY/ZY08.xls,现金流量表,121
01d806ed2978c521,historical_600_unknown_rule,ZY08,4597,119,5,1,Buy_ProductLine,-50.0,61.0,订购[手工线]生产[P4],src_db71d98a0a37,origin data/VPD-OE_Agent_20260709/VPD-OE_Agent/data/raw/ZY/ZY08.xls,现金流量表,122
1e94f264cac668cc,historical_600_unknown_rule,ZY08,4604,120,5,1,Product_Produce,-60.0,1.0,168:P1 182:P4 187:P1 210:P4 251:P4 252:P4,src_db71d98a0a37,origin data/VPD-OE_Agent_20260709/VPD-OE_Agent/data/raw/ZY/ZY08.xls,现金流量表,123
8d223392a650a36b,historical_600_unknown_rule,ZY08,4637,121,5,1,Buy_Material,0.0,1.0,订购原料 R1:2 R2:6 R3:2 R4:2,src_db71d98a0a37,origin data/VPD-OE_Agent_20260709/VPD-OE_Agent/data/raw/ZY/ZY08.xls,现金流量表,124
05a5c68ea4109a59,historical_600_unknown_rule,ZY08,4646,122,5,1,Update_Receivable,381.0,382.0,更新应收款,src_db71d98a0a37,origin data/VPD-OE_Agent_20260709/VPD-OE_Agent/data/raw/ZY/ZY08.xls,现金流量表,125
b70c8670fca9ca2a,historical_600_unknown_rule,ZY08,4677,123,5,1,Develop_Product,-20.0,362.0,产品生产资格投资: P2 P3,src_db71d98a0a37,origin data/VPD-OE_Agent_20260709/VPD-OE_Agent/data/raw/ZY/ZY08.xls,现金流量表,126
be741d7af98f7f59,historical_600_unknown_rule,ZY08,4682,124,5,1,Renew_Workshop,-40.0,322.0,厂房续租,src_db71d98a0a37,origin data/VPD-OE_Agent_20260709/VPD-OE_Agent/data/raw/ZY/ZY08.xls,现金流量表,127
80eea804c1458566,historical_600_unknown_rule,ZY08,4683,125,5,1,Pay_Overhaul,-10.0,312.0,支付行政管理费,src_db71d98a0a37,origin data/VPD-OE_Agent_20260709/VPD-OE_Agent/data/raw/ZY/ZY08.xls,现金流量表,128
71a42ac3cb9a28d8,historical_600_unknown_rule,ZY08,4694,126,5,2,Pay_Material,-140.0,172.0,支付原料费 R3:3 R4:3 R1:2 R2:6,src_db71d98a0a37,origin data/VPD-OE_Agent_20260709/VPD-OE_Agent/data/raw/ZY/ZY08.xls,现金流量表,129
8994411d14b690db,historical_600_unknown_rule,ZY08,4696,127,5,2,Product_Produce,-50.0,122.0,168:P1 182:P4 187:P1 210:P4 230:P4,src_db71d98a0a37,origin data/VPD-OE_Agent_20260709/VPD-OE_Agent/data/raw/ZY/ZY08.xls,现金流量表,130
5727b122a7138266,historical_600_unknown_rule,ZY08,4712,128,5,2,Buy_Material,0.0,122.0,订购原料 R1:2 R2:4,src_db71d98a0a37,origin data/VPD-OE_Agent_20260709/VPD-OE_Agent/data/raw/ZY/ZY08.xls,现金流量表,131
f766faf0905c1af1,historical_600_unknown_rule,ZY08,4719,129,5,2,Update_Receivable,202.0,324.0,更新应收款,src_db71d98a0a37,origin data/VPD-OE_Agent_20260709/VPD-OE_Agent/data/raw/ZY/ZY08.xls,现金流量表,132
dc677f630e894e5d,historical_600_unknown_rule,ZY08,4723,130,5,2,Develop_Product,-20.0,304.0,产品生产资格投资: P2 P3,src_db71d98a0a37,origin data/VPD-OE_Agent_20260709/VPD-OE_Agent/data/raw/ZY/ZY08.xls,现金流量表,133
cecf9c43adc159f6,historical_600_unknown_rule,ZY08,4724,131,5,2,Pay_Overhaul,-10.0,294.0,支付行政管理费,src_db71d98a0a37,origin data/VPD-OE_Agent_20260709/VPD-OE_Agent/data/raw/ZY/ZY08.xls,现金流量表,134
c0211247b8ce9d19,historical_600_unknown_rule,ZY08,4726,132,5,3,Pay_Material,-100.0,194.0,支付原料费 R3:2 R4:2 R1:2 R2:4,src_db71d98a0a37,origin data/VPD-OE_Agent_20260709/VPD-OE_Agent/data/raw/ZY/ZY08.xls,现金流量表,135
b2315e5e8a71dbe3,historical_600_unknown_rule,ZY08,4728,133,5,3,Product_Produce,-40.0,154.0,168:P1 187:P1 210:P4 230:P4,src_db71d98a0a37,origin data/VPD-OE_Agent_20260709/VPD-OE_Agent/data/raw/ZY/ZY08.xls,现金流量表,136
7f5ac28963c91b44,historical_600_unknown_rule,ZY08,4743,134,5,3,Develop_Product,-20.0,134.0,产品生产资格投资: P2 P3,src_db71d98a0a37,origin data/VPD-OE_Agent_20260709/VPD-OE_Agent/data/raw/ZY/ZY08.xls,现金流量表,137
d54b5b568735bdb6,historical_600_unknown_rule,ZY08,4746,135,5,3,Renew_Workshop,-30.0,104.0,厂房续租,src_db71d98a0a37,origin data/VPD-OE_Agent_20260709/VPD-OE_Agent/data/raw/ZY/ZY08.xls,现金流量表,138
35c310e75bd3ba1b,historical_600_unknown_rule,ZY08,4747,136,5,3,Pay_Overhaul,-10.0,94.0,支付行政管理费,src_db71d98a0a37,origin data/VPD-OE_Agent_20260709/VPD-OE_Agent/data/raw/ZY/ZY08.xls,现金流量表,139
1d06195d03487abf,historical_600_unknown_rule,ZY08,4888,137,5,4,Short_Loan,510.0,604.0,申请:4季 510W的短期贷款,src_db71d98a0a37,origin data/VPD-OE_Agent_20260709/VPD-OE_Agent/data/raw/ZY/ZY08.xls,现金流量表,140
5dd902de5f333ca3,historical_600_unknown_rule,ZY08,4891,138,5,4,Develop_Product,-10.0,594.0,产品生产资格投资: P3,src_db71d98a0a37,origin data/VPD-OE_Agent_20260709/VPD-OE_Agent/data/raw/ZY/ZY08.xls,现金流量表,141
773e809acba7f5da,historical_600_unknown_rule,ZY08,4893,139,5,4,Develop_Market,-10.0,584.0,"市场开拓资格投资,开发项目:国内",src_db71d98a0a37,origin data/VPD-OE_Agent_20260709/VPD-OE_Agent/data/raw/ZY/ZY08.xls,现金流量表,142
997da8ba8d6be46a,historical_600_unknown_rule,ZY08,4898,140,5,4,RentTOBuy_Workshop,-300.0,284.0,大厂房(47)租转买,src_db71d98a0a37,origin data/VPD-OE_Agent_20260709/VPD-OE_Agent/data/raw/ZY/ZY08.xls,现金流量表,143
883c1ca629ad142c,historical_600_unknown_rule,ZY08,4901,141,5,4,RentTOBuy_Workshop,-200.0,84.0,小厂房(71)租转买,src_db71d98a0a37,origin data/VPD-OE_Agent_20260709/VPD-OE_Agent/data/raw/ZY/ZY08.xls,现金流量表,144
17ce61ce1c0dc0ea,historical_600_unknown_rule,ZY08,4906,142,5,4,Pay_Overhaul,-10.0,74.0,支付行政管理费,src_db71d98a0a37,origin data/VPD-OE_Agent_20260709/VPD-OE_Agent/data/raw/ZY/ZY08.xls,现金流量表,145
a7b8902ae23eae84,historical_600_unknown_rule,ZY08,4907,143,5,4,Pay_Maintenance,-70.0,4.0,支付维护费,src_db71d98a0a37,origin data/VPD-OE_Agent_20260709/VPD-OE_Agent/data/raw/ZY/ZY08.xls,现金流量表,146
ef12de5783f6d50f,historical_600_unknown_rule,ZY09,2221,1,1,1,Pay_Capital,600.0,600.0,"公司成立,股东注资",src_57c289f9896a,origin data/VPD-OE_Agent_20260709/VPD-OE_Agent/data/raw/ZY/ZY09.xls,现金流量表,4
c8301962ccde10d1,historical_600_unknown_rule,ZY09,2240,2,1,1,Long_Loan,900.0,1500.0,申请:5年 900W的长期贷款,src_57c289f9896a,origin data/VPD-OE_Agent_20260709/VPD-OE_Agent/data/raw/ZY/ZY09.xls,现金流量表,5
f2809bd15ef60023,historical_600_unknown_rule,ZY09,2254,3,1,1,Rent_Workshop,-30.0,1470.0,租用[小厂房],src_57c289f9896a,origin data/VPD-OE_Agent_20260709/VPD-OE_Agent/data/raw/ZY/ZY09.xls,现金流量表,6
dff389e3fe75013d,historical_600_unknown_rule,ZY09,2278,4,1,1,Buy_ProductLine,-50.0,1420.0,订购[柔性线]生产[P2],src_57c289f9896a,origin data/VPD-OE_Agent_20260709/VPD-OE_Agent/data/raw/ZY/ZY09.xls,现金流量表,7
2998a4e3f4857240,historical_600_unknown_rule,ZY09,2283,5,1,1,Buy_ProductLine,-50.0,1370.0,订购[自动线]生产[P2],src_57c289f9896a,origin data/VPD-OE_Agent_20260709/VPD-OE_Agent/data/raw/ZY/ZY09.xls,现金流量表,8
e48413ea15a9de8f,historical_600_unknown_rule,ZY09,2285,6,1,1,Buy_ProductLine,-50.0,1320.0,订购[自动线]生产[P3],src_57c289f9896a,origin data/VPD-OE_Agent_20260709/VPD-OE_Agent/data/raw/ZY/ZY09.xls,现金流量表,9
ba96962aa265030d,historical_600_unknown_rule,ZY09,2439,7,1,1,Buy_Material,0.0,1320.0,订购原料 R1:4 R2:7 R3:11 R4:4,src_57c289f9896a,origin data/VPD-OE_Agent_20260709/VPD-OE_Agent/data/raw/ZY/ZY09.xls,现金流量表,10
128d21bae77c6f17,historical_600_unknown_rule,ZY09,2467,8,1,1,Develop_Product,-20.0,1300.0,产品生产资格投资: P2 P3,src_57c289f9896a,origin data/VPD-OE_Agent_20260709/VPD-OE_Agent/data/raw/ZY/ZY09.xls,现金流量表,11
499154a5755bc50f,historical_600_unknown_rule,ZY09,2498,9,1,1,Pay_Overhaul,-10.0,1290.0,支付行政管理费,src_57c289f9896a,origin data/VPD-OE_Agent_20260709/VPD-OE_Agent/data/raw/ZY/ZY09.xls,现金流量表,12
16b82d71434453f7,historical_600_unknown_rule,ZY09,2505,10,1,2,Pay_Material,-110.0,1180.0,支付原料费 R1:4 R2:7,src_57c289f9896a,origin data/VPD-OE_Agent_20260709/VPD-OE_Agent/data/raw/ZY/ZY09.xls,现金流量表,13
993da998f38175fc,historical_600_unknown_rule,ZY09,2507,11,1,2,Invest_ProductLine,-150.0,1030.0,投资在建生产线,src_57c289f9896a,origin data/VPD-OE_Agent_20260709/VPD-OE_Agent/data/raw/ZY/ZY09.xls,现金流量表,14
5f9b450e9a0b349c,historical_600_unknown_rule,ZY09,2511,12,1,2,Develop_Product,-20.0,1010.0,产品生产资格投资: P2 P3,src_57c289f9896a,origin data/VPD-OE_Agent_20260709/VPD-OE_Agent/data/raw/ZY/ZY09.xls,现金流量表,15
56cdd7bdc980f2a0,historical_600_unknown_rule,ZY09,2513,13,1,2,Pay_Overhaul,-10.0,1000.0,支付行政管理费,src_57c289f9896a,origin data/VPD-OE_Agent_20260709/VPD-OE_Agent/data/raw/ZY/ZY09.xls,现金流量表,16
d49d17caaaf839ea,historical_600_unknown_rule,ZY09,2517,14,1,3,Pay_Material,-150.0,850.0,支付原料费 R3:11 R4:4,src_57c289f9896a,origin data/VPD-OE_Agent_20260709/VPD-OE_Agent/data/raw/ZY/ZY09.xls,现金流量表,17
54e5c209701d1311,historical_600_unknown_rule,ZY09,2518,15,1,3,Invest_ProductLine,-150.0,700.0,投资在建生产线,src_57c289f9896a,origin data/VPD-OE_Agent_20260709/VPD-OE_Agent/data/raw/ZY/ZY09.xls,现金流量表,18
08c21ae38da55ce1,historical_600_unknown_rule,ZY09,2526,16,1,3,Develop_Product,-20.0,680.0,产品生产资格投资: P2 P3,src_57c289f9896a,origin data/VPD-OE_Agent_20260709/VPD-OE_Agent/data/raw/ZY/ZY09.xls,现金流量表,19
f82ebcb14448d79f,historical_600_unknown_rule,ZY09,2527,17,1,3,Pay_Overhaul,-10.0,670.0,支付行政管理费,src_57c289f9896a,origin data/VPD-OE_Agent_20260709/VPD-OE_Agent/data/raw/ZY/ZY09.xls,现金流量表,20
62546c95a6b5af53,historical_600_unknown_rule,ZY09,2655,18,1,4,Invest_ProductLine,-50.0,620.0,投资在建生产线,src_57c289f9896a,origin data/VPD-OE_Agent_20260709/VPD-OE_Agent/data/raw/ZY/ZY09.xls,现金流量表,21
d8228891e73acebe,historical_600_unknown_rule,ZY09,2656,19,1,4,Product_Produce,-10.0,610.0,147:P2,src_57c289f9896a,origin data/VPD-OE_Agent_20260709/VPD-OE_Agent/data/raw/ZY/ZY09.xls,现金流量表,22
368fe80f41266fe1,historical_600_unknown_rule,ZY09,2657,20,1,4,Develop_Product,-10.0,600.0,产品生产资格投资: P3,src_57c289f9896a,origin data/VPD-OE_Agent_20260709/VPD-OE_Agent/data/raw/ZY/ZY09.xls,现金流量表,23
45941b2fee4dba5a,historical_600_unknown_rule,ZY09,2658,21,1,4,Develop_Market,-20.0,580.0,"市场开拓资格投资,开发项目:本地 区域",src_57c289f9896a,origin data/VPD-OE_Agent_20260709/VPD-OE_Agent/data/raw/ZY/ZY09.xls,现金流量表,24
ac0ce4745fe622eb,historical_600_unknown_rule,ZY09,2659,22,1,4,Develop_ISO,-10.0,570.0,"ISO认证资格投资,开发：ISO9000",src_57c289f9896a,origin data/VPD-OE_Agent_20260709/VPD-OE_Agent/data/raw/ZY/ZY09.xls,现金流量表,25
8b91bfb53f1bf9e4,historical_600_unknown_rule,ZY09,2660,23,1,4,Pay_Overhaul,-10.0,560.0,支付行政管理费,src_57c289f9896a,origin data/VPD-OE_Agent_20260709/VPD-OE_Agent/data/raw/ZY/ZY09.xls,现金流量表,26
a485f244238e3e62,historical_600_unknown_rule,ZY09,2661,24,1,4,Pay_Maintenance,-20.0,540.0,支付维护费,src_57c289f9896a,origin data/VPD-OE_Agent_20260709/VPD-OE_Agent/data/raw/ZY/ZY09.xls,现金流量表,27
50b9678ac61b2fa9,historical_600_unknown_rule,ZY09,2673,25,2,1,Pay_Long_Loan,-90.0,450.0,支付长贷本息,src_57c289f9896a,origin data/VPD-OE_Agent_20260709/VPD-OE_Agent/data/raw/ZY/ZY09.xls,现金流量表,28
45f76044131c7816,historical_600_unknown_rule,ZY09,2674,26,2,1,Pay_AD,-50.0,400.0,广告投放,src_57c289f9896a,origin data/VPD-OE_Agent_20260709/VPD-OE_Agent/data/raw/ZY/ZY09.xls,现金流量表,29
5d81aa44a60fbd8f,historical_600_unknown_rule,ZY09,2750,27,2,1,Product_Produce,-30.0,370.0,146:P2 147:P2 148:P3,src_57c289f9896a,origin data/VPD-OE_Agent_20260709/VPD-OE_Agent/data/raw/ZY/ZY09.xls,现金流量表,30
adc3fdf9996f7c5b,historical_600_unknown_rule,ZY09,2777,28,2,1,Renew_Workshop,-30.0,340.0,厂房续租,src_57c289f9896a,origin data/VPD-OE_Agent_20260709/VPD-OE_Agent/data/raw/ZY/ZY09.xls,现金流量表,31
56931b1a7d5a9cb0,historical_600_unknown_rule,ZY09,2778,29,2,1,Pay_Overhaul,-10.0,330.0,支付行政管理费,src_57c289f9896a,origin data/VPD-OE_Agent_20260709/VPD-OE_Agent/data/raw/ZY/ZY09.xls,现金流量表,32
f4668d626a2b22d6,historical_600_unknown_rule,ZY09,2855,30,2,2,Buy_Material,0.0,330.0,订购原料 R1:4 R3:4 R4:4,src_57c289f9896a,origin data/VPD-OE_Agent_20260709/VPD-OE_Agent/data/raw/ZY/ZY09.xls,现金流量表,33
59531a9948b05f7d,historical_600_unknown_rule,ZY09,2876,31,2,2,Product_Produce,-30.0,300.0,146:P2 147:P2 148:P3,src_57c289f9896a,origin data/VPD-OE_Agent_20260709/VPD-OE_Agent/data/raw/ZY/ZY09.xls,现金流量表,34
030a798b609412f2,historical_600_unknown_rule,ZY09,2889,32,2,2,Pay_Overhaul,-10.0,290.0,支付行政管理费,src_57c289f9896a,origin data/VPD-OE_Agent_20260709/VPD-OE_Agent/data/raw/ZY/ZY09.xls,现金流量表,35
93fcdf2d3c7215d0,historical_600_unknown_rule,ZY09,2895,33,2,3,Pay_Material,-40.0,250.0,支付原料费 R1:4,src_57c289f9896a,origin data/VPD-OE_Agent_20260709/VPD-OE_Agent/data/raw/ZY/ZY09.xls,现金流量表,36
f7b600c1d958033b,historical_600_unknown_rule,ZY09,2901,34,2,3,Product_Produce,-20.0,230.0,146:P2 147:P2,src_57c289f9896a,origin data/VPD-OE_Agent_20260709/VPD-OE_Agent/data/raw/ZY/ZY09.xls,现金流量表,37
570ff950c172a9b3,historical_600_unknown_rule,ZY09,2905,35,2,3,Product_Produce,-10.0,220.0,148:P3,src_57c289f9896a,origin data/VPD-OE_Agent_20260709/VPD-OE_Agent/data/raw/ZY/ZY09.xls,现金流量表,38
2568e99a8736d68e,historical_600_unknown_rule,ZY09,2977,36,2,3,Pay_Overhaul,-10.0,210.0,支付行政管理费,src_57c289f9896a,origin data/VPD-OE_Agent_20260709/VPD-OE_Agent/data/raw/ZY/ZY09.xls,现金流量表,39
b8064a116c115163,historical_600_unknown_rule,ZY09,3129,37,2,4,Pay_Material,-80.0,130.0,支付原料费 R3:4 R4:4,src_57c289f9896a,origin data/VPD-OE_Agent_20260709/VPD-OE_Agent/data/raw/ZY/ZY09.xls,现金流量表,40
0b1a727252e757e7,historical_600_unknown_rule,ZY09,3130,38,2,4,Product_Produce,-10.0,120.0,148:P3,src_57c289f9896a,origin data/VPD-OE_Agent_20260709/VPD-OE_Agent/data/raw/ZY/ZY09.xls,现金流量表,41
2bbc78ae4865237a,historical_600_unknown_rule,ZY09,3139,39,2,4,Update_Receivable,170.0,290.0,更新应收款,src_57c289f9896a,origin data/VPD-OE_Agent_20260709/VPD-OE_Agent/data/raw/ZY/ZY09.xls,现金流量表,42
86af411bd1801ab5,historical_600_unknown_rule,ZY09,3140,40,2,4,Pay_Overhaul,-10.0,280.0,支付行政管理费,src_57c289f9896a,origin data/VPD-OE_Agent_20260709/VPD-OE_Agent/data/raw/ZY/ZY09.xls,现金流量表,43
780c0a48558554a7,historical_600_unknown_rule,ZY09,3141,41,2,4,Pay_Maintenance,-30.0,250.0,支付维护费,src_57c289f9896a,origin data/VPD-OE_Agent_20260709/VPD-OE_Agent/data/raw/ZY/ZY09.xls,现金流量表,44
1440338247b71746,historical_600_unknown_rule,ZY09,3235,42,3,1,Pay_Long_Loan,-90.0,160.0,支付长贷本息,src_57c289f9896a,origin data/VPD-OE_Agent_20260709/VPD-OE_Agent/data/raw/ZY/ZY09.xls,现金流量表,45
c280f2ba66a43936,historical_600_unknown_rule,ZY09,3236,43,3,1,Pay_AD,-45.0,115.0,广告投放,src_57c289f9896a,origin data/VPD-OE_Agent_20260709/VPD-OE_Agent/data/raw/ZY/ZY09.xls,现金流量表,46
733a64669168f68f,historical_600_unknown_rule,ZY09,3309,44,3,1,Transfer,-20.0,95.0,"生产线转产,转产成P3",src_57c289f9896a,origin data/VPD-OE_Agent_20260709/VPD-OE_Agent/data/raw/ZY/ZY09.xls,现金流量表,47
d0cc8a2ca676b74d,historical_600_unknown_rule,ZY09,3451,45,3,1,Discount,45.0,140.0,"1期贴现:0W,2期贴现:50W,3期贴现:0W,4期贴现:0W",src_57c289f9896a,origin data/VPD-OE_Agent_20260709/VPD-OE_Agent/data/raw/ZY/ZY09.xls,现金流量表,48
05fa9aabc29af809,historical_600_unknown_rule,ZY09,3476,46,3,1,Buy_Material,0.0,140.0,订购原料 R1:6 R3:6 R4:6,src_57c289f9896a,origin data/VPD-OE_Agent_20260709/VPD-OE_Agent/data/raw/ZY/ZY09.xls,现金流量表,49
0c816d3f4e6c30f3,historical_600_unknown_rule,ZY09,3495,47,3,1,Product_Produce,-20.0,120.0,146:P3 148:P3,src_57c289f9896a,origin data/VPD-OE_Agent_20260709/VPD-OE_Agent/data/raw/ZY/ZY09.xls,现金流量表,50
f498920564939d36,historical_600_unknown_rule,ZY09,3563,48,3,1,Renew_Workshop,-30.0,90.0,厂房续租,src_57c289f9896a,origin data/VPD-OE_Agent_20260709/VPD-OE_Agent/data/raw/ZY/ZY09.xls,现金流量表,51
2411244f1a44d518,historical_600_unknown_rule,ZY09,3564,49,3,1,Pay_Overhaul,-10.0,80.0,支付行政管理费,src_57c289f9896a,origin data/VPD-OE_Agent_20260709/VPD-OE_Agent/data/raw/ZY/ZY09.xls,现金流量表,52
edb26f31b2992ec2,historical_600_unknown_rule,ZY09,3571,50,3,2,Pay_Material,-60.0,20.0,支付原料费 R1:6,src_57c289f9896a,origin data/VPD-OE_Agent_20260709/VPD-OE_Agent/data/raw/ZY/ZY09.xls,现金流量表,53
a3e5a746343df9e3,historical_600_unknown_rule,ZY09,3593,51,3,2,Discount,18.0,38.0,"1期贴现:20W,2期贴现:0W,3期贴现:0W,4期贴现:0W",src_57c289f9896a,origin data/VPD-OE_Agent_20260709/VPD-OE_Agent/data/raw/ZY/ZY09.xls,现金流量表,54
91e9581fdf69469d,historical_600_unknown_rule,ZY09,3595,52,3,2,Product_Produce,-20.0,18.0,146:P3 147:P3,src_57c289f9896a,origin data/VPD-OE_Agent_20260709/VPD-OE_Agent/data/raw/ZY/ZY09.xls,现金流量表,55
a13623ca70d47491,historical_600_unknown_rule,ZY09,3599,53,3,2,Update_Receivable,341.0,359.0,更新应收款,src_57c289f9896a,origin data/VPD-OE_Agent_20260709/VPD-OE_Agent/data/raw/ZY/ZY09.xls,现金流量表,56
8aceda901ec04f49,historical_600_unknown_rule,ZY09,3639,54,3,2,Pay_Overhaul,-10.0,349.0,支付行政管理费,src_57c289f9896a,origin data/VPD-OE_Agent_20260709/VPD-OE_Agent/data/raw/ZY/ZY09.xls,现金流量表,57
a39d6e9b8eb189c6,historical_600_unknown_rule,ZY09,3643,55,3,3,Pay_Material,-120.0,229.0,支付原料费 R3:6 R4:6,src_57c289f9896a,origin data/VPD-OE_Agent_20260709/VPD-OE_Agent/data/raw/ZY/ZY09.xls,现金流量表,58
9bb5056b24c74699,historical_600_unknown_rule,ZY09,3644,56,3,3,Product_Produce,-30.0,199.0,146:P3 147:P3 148:P3,src_57c289f9896a,origin data/VPD-OE_Agent_20260709/VPD-OE_Agent/data/raw/ZY/ZY09.xls,现金流量表,59
4e37c55a1cb7e4d1,historical_600_unknown_rule,ZY09,3666,57,3,3,Buy_Material,0.0,199.0,订购原料 R1:3 R3:3 R4:3,src_57c289f9896a,origin data/VPD-OE_Agent_20260709/VPD-OE_Agent/data/raw/ZY/ZY09.xls,现金流量表,60
73487a42aa687df5,historical_600_unknown_rule,ZY09,3668,58,3,3,Pay_Overhaul,-10.0,189.0,支付行政管理费,src_57c289f9896a,origin data/VPD-OE_Agent_20260709/VPD-OE_Agent/data/raw/ZY/ZY09.xls,现金流量表,61
0e6b937a66594a67,historical_600_unknown_rule,ZY09,3671,59,3,4,Pay_Material,-30.0,159.0,支付原料费 R1:3,src_57c289f9896a,origin data/VPD-OE_Agent_20260709/VPD-OE_Agent/data/raw/ZY/ZY09.xls,现金流量表,62
b045393594a4bcfd,historical_600_unknown_rule,ZY09,3672,60,3,4,Product_Produce,-30.0,129.0,146:P3 147:P3 148:P3,src_57c289f9896a,origin data/VPD-OE_Agent_20260709/VPD-OE_Agent/data/raw/ZY/ZY09.xls,现金流量表,63
b9185c46f6454b80,historical_600_unknown_rule,ZY09,3681,61,3,4,Buy_Material,0.0,129.0,订购原料 R1:3 R3:3 R4:3,src_57c289f9896a,origin data/VPD-OE_Agent_20260709/VPD-OE_Agent/data/raw/ZY/ZY09.xls,现金流量表,64
cf0eae98e8715e11,historical_600_unknown_rule,ZY09,3685,62,3,4,Update_Receivable,321.0,450.0,更新应收款,src_57c289f9896a,origin data/VPD-OE_Agent_20260709/VPD-OE_Agent/data/raw/ZY/ZY09.xls,现金流量表,65
841a3ae2ce74800e,historical_600_unknown_rule,ZY09,3708,63,3,4,Develop_ISO,-10.0,440.0,"ISO认证资格投资,开发：ISO9000",src_57c289f9896a,origin data/VPD-OE_Agent_20260709/VPD-OE_Agent/data/raw/ZY/ZY09.xls,现金流量表,66
5cdda9e15e18b8bb,historical_600_unknown_rule,ZY09,3711,64,3,4,Pay_Overhaul,-10.0,430.0,支付行政管理费,src_57c289f9896a,origin data/VPD-OE_Agent_20260709/VPD-OE_Agent/data/raw/ZY/ZY09.xls,现金流量表,67
9703a65d7610020f,historical_600_unknown_rule,ZY09,3712,65,3,4,Pay_Maintenance,-30.0,400.0,支付维护费,src_57c289f9896a,origin data/VPD-OE_Agent_20260709/VPD-OE_Agent/data/raw/ZY/ZY09.xls,现金流量表,68
37802f565a4017a0,historical_600_unknown_rule,ZY09,3750,66,4,1,Pay_Long_Loan,-90.0,310.0,支付长贷本息,src_57c289f9896a,origin data/VPD-OE_Agent_20260709/VPD-OE_Agent/data/raw/ZY/ZY09.xls,现金流量表,69
7a592fd89f3de893,historical_600_unknown_rule,ZY09,3751,67,4,1,Pay_AD,-55.0,255.0,广告投放,src_57c289f9896a,origin data/VPD-OE_Agent_20260709/VPD-OE_Agent/data/raw/ZY/ZY09.xls,现金流量表,70
70a442ca5e768949,historical_600_unknown_rule,ZY09,4386,68,4,1,Pay_Material,-90.0,165.0,支付原料费 R3:3 R4:3 R1:3,src_57c289f9896a,origin data/VPD-OE_Agent_20260709/VPD-OE_Agent/data/raw/ZY/ZY09.xls,现金流量表,71
2244ea9622aa0cad,historical_600_unknown_rule,ZY09,4387,69,4,1,Product_Produce,-30.0,135.0,146:P3 147:P3 148:P3,src_57c289f9896a,origin data/VPD-OE_Agent_20260709/VPD-OE_Agent/data/raw/ZY/ZY09.xls,现金流量表,72
59f4589ff59e3ea3,historical_600_unknown_rule,ZY09,4388,70,4,1,Renew_Workshop,-30.0,105.0,厂房续租,src_57c289f9896a,origin data/VPD-OE_Agent_20260709/VPD-OE_Agent/data/raw/ZY/ZY09.xls,现金流量表,73
8434efeb57af257e,historical_600_unknown_rule,ZY09,4389,71,4,1,Pay_Overhaul,-10.0,95.0,支付行政管理费,src_57c289f9896a,origin data/VPD-OE_Agent_20260709/VPD-OE_Agent/data/raw/ZY/ZY09.xls,现金流量表,74
1a26f1eada19b350,historical_600_unknown_rule,ZY09,4390,72,4,2,Pay_Material,-60.0,35.0,支付原料费 R3:3 R4:3,src_57c289f9896a,origin data/VPD-OE_Agent_20260709/VPD-OE_Agent/data/raw/ZY/ZY09.xls,现金流量表,75
d51163f67a97978e,historical_600_unknown_rule,ZY09,4391,73,4,2,Product_Produce,-30.0,5.0,146:P3 147:P3 148:P3,src_57c289f9896a,origin data/VPD-OE_Agent_20260709/VPD-OE_Agent/data/raw/ZY/ZY09.xls,现金流量表,76
bcee006318212bca,historical_600_unknown_rule,ZY09,4392,74,4,2,Discount,5.0,10.0,"1期贴现:0W,2期贴现:6W,3期贴现:0W,4期贴现:0W",src_57c289f9896a,origin data/VPD-OE_Agent_20260709/VPD-OE_Agent/data/raw/ZY/ZY09.xls,现金流量表,77
b64168e5b8e39f71,historical_600_unknown_rule,ZY09,4393,75,4,2,Buy_Material,0.0,10.0,订购原料 R3:6 R4:6,src_57c289f9896a,origin data/VPD-OE_Agent_20260709/VPD-OE_Agent/data/raw/ZY/ZY09.xls,现金流量表,78
c9f414e26adaa9e2,historical_600_unknown_rule,ZY09,4394,76,4,2,Pay_Overhaul,-10.0,0.0,支付行政管理费,src_57c289f9896a,origin data/VPD-OE_Agent_20260709/VPD-OE_Agent/data/raw/ZY/ZY09.xls,现金流量表,79
61646e5aebf5e989,historical_600_unknown_rule,ZY09,4395,77,4,3,Buy_Material,0.0,0.0,订购原料 R1:6,src_57c289f9896a,origin data/VPD-OE_Agent_20260709/VPD-OE_Agent/data/raw/ZY/ZY09.xls,现金流量表,80
383f686d18c9e080,historical_600_unknown_rule,ZY09,4396,78,4,3,Update_Receivable,325.0,325.0,更新应收款,src_57c289f9896a,origin data/VPD-OE_Agent_20260709/VPD-OE_Agent/data/raw/ZY/ZY09.xls,现金流量表,81
238d6631814ee792,historical_600_unknown_rule,ZY09,4397,79,4,3,Pay_Overhaul,-10.0,315.0,支付行政管理费,src_57c289f9896a,origin data/VPD-OE_Agent_20260709/VPD-OE_Agent/data/raw/ZY/ZY09.xls,现金流量表,82
5059e42c0de35101,historical_600_unknown_rule,ZY09,4432,80,4,4,Pay_Material,-180.0,135.0,支付原料费 R3:6 R4:6 R1:6,src_57c289f9896a,origin data/VPD-OE_Agent_20260709/VPD-OE_Agent/data/raw/ZY/ZY09.xls,现金流量表,83
98344a476ba39385,historical_600_unknown_rule,ZY09,4433,81,4,4,Product_Produce,-30.0,105.0,146:P3 147:P3 148:P3,src_57c289f9896a,origin data/VPD-OE_Agent_20260709/VPD-OE_Agent/data/raw/ZY/ZY09.xls,现金流量表,84
15035b7f6c41e96f,historical_600_unknown_rule,ZY09,4434,82,4,4,Update_Receivable,413.0,518.0,更新应收款,src_57c289f9896a,origin data/VPD-OE_Agent_20260709/VPD-OE_Agent/data/raw/ZY/ZY09.xls,现金流量表,85
e0147657df771e62,historical_600_unknown_rule,ZY09,4435,83,4,4,Pay_Overhaul,-10.0,508.0,支付行政管理费,src_57c289f9896a,origin data/VPD-OE_Agent_20260709/VPD-OE_Agent/data/raw/ZY/ZY09.xls,现金流量表,86
2ab7c479e1a60f77,historical_600_unknown_rule,ZY09,4436,84,4,4,Pay_Maintenance,-30.0,478.0,支付维护费,src_57c289f9896a,origin data/VPD-OE_Agent_20260709/VPD-OE_Agent/data/raw/ZY/ZY09.xls,现金流量表,87
b6fa146ac24aed01,historical_600_unknown_rule,ZY09,4458,85,5,1,Pay_Long_Loan,-90.0,388.0,支付长贷本息,src_57c289f9896a,origin data/VPD-OE_Agent_20260709/VPD-OE_Agent/data/raw/ZY/ZY09.xls,现金流量表,88
91e115b68942c789,historical_600_unknown_rule,ZY09,4459,86,5,1,Pay_AD,-55.0,333.0,广告投放,src_57c289f9896a,origin data/VPD-OE_Agent_20260709/VPD-OE_Agent/data/raw/ZY/ZY09.xls,现金流量表,89
a5b1ae2bcca7dec4,historical_600_unknown_rule,ZY09,4543,87,5,1,Buy_Material,0.0,333.0,订购原料 R1:2 R3:2 R4:2,src_57c289f9896a,origin data/VPD-OE_Agent_20260709/VPD-OE_Agent/data/raw/ZY/ZY09.xls,现金流量表,90
d0024aada905c13f,historical_600_unknown_rule,ZY09,4547,88,5,1,Product_Produce,-30.0,303.0,146:P3 147:P3 148:P3,src_57c289f9896a,origin data/VPD-OE_Agent_20260709/VPD-OE_Agent/data/raw/ZY/ZY09.xls,现金流量表,91
62a58b7523bfc6d8,historical_600_unknown_rule,ZY09,4564,89,5,1,Renew_Workshop,-30.0,273.0,厂房续租,src_57c289f9896a,origin data/VPD-OE_Agent_20260709/VPD-OE_Agent/data/raw/ZY/ZY09.xls,现金流量表,92
3e844933027f3a09,historical_600_unknown_rule,ZY09,4565,90,5,1,Pay_Overhaul,-10.0,263.0,支付行政管理费,src_57c289f9896a,origin data/VPD-OE_Agent_20260709/VPD-OE_Agent/data/raw/ZY/ZY09.xls,现金流量表,93
427e2ca809b1b65c,historical_600_unknown_rule,ZY09,4574,91,5,2,Pay_Material,-20.0,243.0,支付原料费 R1:2,src_57c289f9896a,origin data/VPD-OE_Agent_20260709/VPD-OE_Agent/data/raw/ZY/ZY09.xls,现金流量表,94
7ff1df7e7d3b1c58,historical_600_unknown_rule,ZY09,4614,92,5,2,Update_Receivable,360.0,603.0,更新应收款,src_57c289f9896a,origin data/VPD-OE_Agent_20260709/VPD-OE_Agent/data/raw/ZY/ZY09.xls,现金流量表,95
0adb8acc9b39ac0d,historical_600_unknown_rule,ZY09,4626,93,5,2,Pay_Overhaul,-10.0,593.0,支付行政管理费,src_57c289f9896a,origin data/VPD-OE_Agent_20260709/VPD-OE_Agent/data/raw/ZY/ZY09.xls,现金流量表,96
393c562c8e6cd103,historical_600_unknown_rule,ZY09,4630,94,5,3,Pay_Material,-40.0,553.0,支付原料费 R3:2 R4:2,src_57c289f9896a,origin data/VPD-OE_Agent_20260709/VPD-OE_Agent/data/raw/ZY/ZY09.xls,现金流量表,97
343876c64ffa33be,historical_600_unknown_rule,ZY09,4638,95,5,3,Product_Produce,-20.0,533.0,146:P3 147:P3,src_57c289f9896a,origin data/VPD-OE_Agent_20260709/VPD-OE_Agent/data/raw/ZY/ZY09.xls,现金流量表,98
139aeb4aa8c91a78,historical_600_unknown_rule,ZY09,4645,96,5,3,Update_Receivable,160.0,693.0,更新应收款,src_57c289f9896a,origin data/VPD-OE_Agent_20260709/VPD-OE_Agent/data/raw/ZY/ZY09.xls,现金流量表,99
e372c3f316400cd5,historical_600_unknown_rule,ZY09,4649,97,5,3,Pay_Overhaul,-10.0,683.0,支付行政管理费,src_57c289f9896a,origin data/VPD-OE_Agent_20260709/VPD-OE_Agent/data/raw/ZY/ZY09.xls,现金流量表,100
40d5765b4c4bb3d1,historical_600_unknown_rule,ZY09,4663,98,5,4,Pay_Overhaul,-10.0,673.0,支付行政管理费,src_57c289f9896a,origin data/VPD-OE_Agent_20260709/VPD-OE_Agent/data/raw/ZY/ZY09.xls,现金流量表,101
39492fda4d3e96ca,historical_600_unknown_rule,ZY09,4664,99,5,4,Pay_Maintenance,-30.0,643.0,支付维护费,src_57c289f9896a,origin data/VPD-OE_Agent_20260709/VPD-OE_Agent/data/raw/ZY/ZY09.xls,现金流量表,102
79340ffdd98563f5,historical_600_unknown_rule,ZY10,2209,1,1,1,Pay_Capital,600.0,600.0,"公司成立,股东注资",src_0bc478da983d,origin data/VPD-OE_Agent_20260709/VPD-OE_Agent/data/raw/ZY/ZY10.xls,现金流量表,4
f1cc5aa6042c7fe0,historical_600_unknown_rule,ZY10,2308,2,1,1,Long_Loan,604.0,1204.0,申请:5年 604W的长期贷款,src_0bc478da983d,origin data/VPD-OE_Agent_20260709/VPD-OE_Agent/data/raw/ZY/ZY10.xls,现金流量表,5
1aca45a0fd64d617,historical_600_unknown_rule,ZY10,2336,3,1,1,Rent_Workshop,-40.0,1164.0,租用[大厂房],src_0bc478da983d,origin data/VPD-OE_Agent_20260709/VPD-OE_Agent/data/raw/ZY/ZY10.xls,现金流量表,6
e47526dd42268785,historical_600_unknown_rule,ZY10,2358,4,1,1,Develop_Product,-20.0,1144.0,产品生产资格投资: P3 P4,src_0bc478da983d,origin data/VPD-OE_Agent_20260709/VPD-OE_Agent/data/raw/ZY/ZY10.xls,现金流量表,7
770f452c68b96098,historical_600_unknown_rule,ZY10,2365,5,1,1,Pay_Overhaul,-10.0,1134.0,支付行政管理费,src_0bc478da983d,origin data/VPD-OE_Agent_20260709/VPD-OE_Agent/data/raw/ZY/ZY10.xls,现金流量表,8
a1c7e7249a06e9aa,historical_600_unknown_rule,ZY10,2377,6,1,2,Buy_ProductLine,-50.0,1084.0,订购[自动线]生产[P3],src_0bc478da983d,origin data/VPD-OE_Agent_20260709/VPD-OE_Agent/data/raw/ZY/ZY10.xls,现金流量表,9
1909adeb82e46897,historical_600_unknown_rule,ZY10,2379,7,1,2,Buy_ProductLine,-50.0,1034.0,订购[自动线]生产[P4],src_0bc478da983d,origin data/VPD-OE_Agent_20260709/VPD-OE_Agent/data/raw/ZY/ZY10.xls,现金流量表,10
9391c5fa5faa46d9,historical_600_unknown_rule,ZY10,2380,8,1,2,Buy_ProductLine,-50.0,984.0,订购[自动线]生产[P4],src_0bc478da983d,origin data/VPD-OE_Agent_20260709/VPD-OE_Agent/data/raw/ZY/ZY10.xls,现金流量表,11
5c53be945c9ca851,historical_600_unknown_rule,ZY10,2381,9,1,2,Buy_ProductLine,-50.0,934.0,订购[自动线]生产[P4],src_0bc478da983d,origin data/VPD-OE_Agent_20260709/VPD-OE_Agent/data/raw/ZY/ZY10.xls,现金流量表,12
c1cc58d8522fd90f,historical_600_unknown_rule,ZY10,2387,10,1,2,Develop_Product,-20.0,914.0,产品生产资格投资: P3 P4,src_0bc478da983d,origin data/VPD-OE_Agent_20260709/VPD-OE_Agent/data/raw/ZY/ZY10.xls,现金流量表,13
01c376ee4fc9328e,historical_600_unknown_rule,ZY10,2392,11,1,2,Pay_Overhaul,-10.0,904.0,支付行政管理费,src_0bc478da983d,origin data/VPD-OE_Agent_20260709/VPD-OE_Agent/data/raw/ZY/ZY10.xls,现金流量表,14
f28325b0361aa64e,historical_600_unknown_rule,ZY10,2399,12,1,3,Buy_Material,0.0,904.0,订购原料 R3:1 R4:1,src_0bc478da983d,origin data/VPD-OE_Agent_20260709/VPD-OE_Agent/data/raw/ZY/ZY10.xls,现金流量表,15
05806cd13589b012,historical_600_unknown_rule,ZY10,2402,13,1,3,Invest_ProductLine,-200.0,704.0,投资在建生产线,src_0bc478da983d,origin data/VPD-OE_Agent_20260709/VPD-OE_Agent/data/raw/ZY/ZY10.xls,现金流量表,16
8d088839a06bc8a4,historical_600_unknown_rule,ZY10,2405,14,1,3,Develop_Product,-20.0,684.0,产品生产资格投资: P3 P4,src_0bc478da983d,origin data/VPD-OE_Agent_20260709/VPD-OE_Agent/data/raw/ZY/ZY10.xls,现金流量表,17
57e2fe0606a05b99,historical_600_unknown_rule,ZY10,2407,15,1,3,Pay_Overhaul,-10.0,674.0,支付行政管理费,src_0bc478da983d,origin data/VPD-OE_Agent_20260709/VPD-OE_Agent/data/raw/ZY/ZY10.xls,现金流量表,18
9de12d1df67f8287,historical_600_unknown_rule,ZY10,2437,16,1,4,Buy_Material,0.0,674.0,订购原料 R1:1 R3:4 R4:4,src_0bc478da983d,origin data/VPD-OE_Agent_20260709/VPD-OE_Agent/data/raw/ZY/ZY10.xls,现金流量表,19
5bf7df59ce35c560,historical_600_unknown_rule,ZY10,2438,17,1,4,Invest_ProductLine,-200.0,474.0,投资在建生产线,src_0bc478da983d,origin data/VPD-OE_Agent_20260709/VPD-OE_Agent/data/raw/ZY/ZY10.xls,现金流量表,20
d0d0c423268f37fb,historical_600_unknown_rule,ZY10,2441,18,1,4,Develop_Product,-20.0,454.0,产品生产资格投资: P3 P4,src_0bc478da983d,origin data/VPD-OE_Agent_20260709/VPD-OE_Agent/data/raw/ZY/ZY10.xls,现金流量表,21
a3bdefec947a94b8,historical_600_unknown_rule,ZY10,2444,19,1,4,Develop_Market,-50.0,404.0,"市场开拓资格投资,开发项目:本地 区域 国内 亚洲 国际",src_0bc478da983d,origin data/VPD-OE_Agent_20260709/VPD-OE_Agent/data/raw/ZY/ZY10.xls,现金流量表,22
5ff0088335b68fb4,historical_600_unknown_rule,ZY10,2445,20,1,4,Develop_ISO,-30.0,374.0,"ISO认证资格投资,开发：ISO9000 ISO14000",src_0bc478da983d,origin data/VPD-OE_Agent_20260709/VPD-OE_Agent/data/raw/ZY/ZY10.xls,现金流量表,23
de156a57e6a778a8,historical_600_unknown_rule,ZY10,2452,21,1,4,Pay_Overhaul,-10.0,364.0,支付行政管理费,src_0bc478da983d,origin data/VPD-OE_Agent_20260709/VPD-OE_Agent/data/raw/ZY/ZY10.xls,现金流量表,24
5b52beb0ccc4e1ef,historical_600_unknown_rule,ZY10,2670,22,2,1,Pay_Long_Loan,-60.0,304.0,支付长贷本息,src_0bc478da983d,origin data/VPD-OE_Agent_20260709/VPD-OE_Agent/data/raw/ZY/ZY10.xls,现金流量表,25
d3d685a606366604,historical_600_unknown_rule,ZY10,2671,23,2,1,Pay_AD,-60.0,244.0,广告投放,src_0bc478da983d,origin data/VPD-OE_Agent_20260709/VPD-OE_Agent/data/raw/ZY/ZY10.xls,现金流量表,26
cbb42821cc87ee2e,historical_600_unknown_rule,ZY10,2763,24,2,1,Pay_Material,-30.0,214.0,支付原料费 R3:1 R4:1 R1:1,src_0bc478da983d,origin data/VPD-OE_Agent_20260709/VPD-OE_Agent/data/raw/ZY/ZY10.xls,现金流量表,27
732941e39fda67a2,historical_600_unknown_rule,ZY10,2770,25,2,1,Buy_Material,0.0,214.0,订购原料 R1:1 R2:6 R3:4 R4:4,src_0bc478da983d,origin data/VPD-OE_Agent_20260709/VPD-OE_Agent/data/raw/ZY/ZY10.xls,现金流量表,28
89e38ee266806294,historical_600_unknown_rule,ZY10,2774,26,2,1,Product_Produce,-10.0,204.0,169:P3,src_0bc478da983d,origin data/VPD-OE_Agent_20260709/VPD-OE_Agent/data/raw/ZY/ZY10.xls,现金流量表,29
85e8e8f7dd9cd228,historical_600_unknown_rule,ZY10,2782,27,2,1,Develop_Product,-10.0,194.0,产品生产资格投资: P4,src_0bc478da983d,origin data/VPD-OE_Agent_20260709/VPD-OE_Agent/data/raw/ZY/ZY10.xls,现金流量表,30
ff0e82265c916fdc,historical_600_unknown_rule,ZY10,2795,28,2,1,Renew_Workshop,-40.0,154.0,厂房续租,src_0bc478da983d,origin data/VPD-OE_Agent_20260709/VPD-OE_Agent/data/raw/ZY/ZY10.xls,现金流量表,31
80f8136525a42274,historical_600_unknown_rule,ZY10,2796,29,2,1,Pay_Overhaul,-10.0,144.0,支付行政管理费,src_0bc478da983d,origin data/VPD-OE_Agent_20260709/VPD-OE_Agent/data/raw/ZY/ZY10.xls,现金流量表,32
8c801a5ecd48ab15,historical_600_unknown_rule,ZY10,2807,30,2,2,Short_Loan,209.0,353.0,申请:4季 209W的短期贷款,src_0bc478da983d,origin data/VPD-OE_Agent_20260709/VPD-OE_Agent/data/raw/ZY/ZY10.xls,现金流量表,33
0a0ddfa00b94b469,historical_600_unknown_rule,ZY10,2810,31,2,2,Pay_Material,-150.0,203.0,支付原料费 R3:4 R4:4 R1:1 R2:6,src_0bc478da983d,origin data/VPD-OE_Agent_20260709/VPD-OE_Agent/data/raw/ZY/ZY10.xls,现金流量表,34
68186d74c9f789bc,historical_600_unknown_rule,ZY10,2814,32,2,2,Buy_Material,0.0,203.0,订购原料 R1:1 R2:6 R3:4 R4:4,src_0bc478da983d,origin data/VPD-OE_Agent_20260709/VPD-OE_Agent/data/raw/ZY/ZY10.xls,现金流量表,35
6f4d3b9732fe39ea,historical_600_unknown_rule,ZY10,2817,33,2,2,Product_Produce,-40.0,163.0,169:P3 170:P4 171:P4 172:P4,src_0bc478da983d,origin data/VPD-OE_Agent_20260709/VPD-OE_Agent/data/raw/ZY/ZY10.xls,现金流量表,36
18d05bccbbf1dbf6,historical_600_unknown_rule,ZY10,2831,34,2,2,Pay_Overhaul,-10.0,153.0,支付行政管理费,src_0bc478da983d,origin data/VPD-OE_Agent_20260709/VPD-OE_Agent/data/raw/ZY/ZY10.xls,现金流量表,37
1a36ddc8a57f7f31,historical_600_unknown_rule,ZY10,2851,35,2,3,Short_Loan,209.0,362.0,申请:4季 209W的短期贷款,src_0bc478da983d,origin data/VPD-OE_Agent_20260709/VPD-OE_Agent/data/raw/ZY/ZY10.xls,现金流量表,38
9c71770c323b50be,historical_600_unknown_rule,ZY10,2852,36,2,3,Pay_Material,-150.0,212.0,支付原料费 R3:4 R4:4 R1:1 R2:6,src_0bc478da983d,origin data/VPD-OE_Agent_20260709/VPD-OE_Agent/data/raw/ZY/ZY10.xls,现金流量表,39
e72912c6614180bd,historical_600_unknown_rule,ZY10,2862,37,2,3,Buy_Material,0.0,212.0,订购原料 R1:1 R2:6 R3:4 R4:4,src_0bc478da983d,origin data/VPD-OE_Agent_20260709/VPD-OE_Agent/data/raw/ZY/ZY10.xls,现金流量表,40
f9750159a1af0425,historical_600_unknown_rule,ZY10,2864,38,2,3,Product_Produce,-40.0,172.0,169:P3 170:P4 171:P4 172:P4,src_0bc478da983d,origin data/VPD-OE_Agent_20260709/VPD-OE_Agent/data/raw/ZY/ZY10.xls,现金流量表,41
915abd950243a1fe,historical_600_unknown_rule,ZY10,2873,39,2,3,Pay_Overhaul,-10.0,162.0,支付行政管理费,src_0bc478da983d,origin data/VPD-OE_Agent_20260709/VPD-OE_Agent/data/raw/ZY/ZY10.xls,现金流量表,42
42aef5798628461b,historical_600_unknown_rule,ZY10,2911,40,2,4,Discount,162.0,324.0,"1期贴现:0W,2期贴现:180W,3期贴现:0W,4期贴现:0W",src_0bc478da983d,origin data/VPD-OE_Agent_20260709/VPD-OE_Agent/data/raw/ZY/ZY10.xls,现金流量表,43
afd9874a4a1d0cfe,historical_600_unknown_rule,ZY10,2914,41,2,4,Pay_Material,-150.0,174.0,支付原料费 R3:4 R4:4 R1:1 R2:6,src_0bc478da983d,origin data/VPD-OE_Agent_20260709/VPD-OE_Agent/data/raw/ZY/ZY10.xls,现金流量表,44
d1fb19ee0860c1fd,historical_600_unknown_rule,ZY10,2916,42,2,4,Buy_Material,0.0,174.0,订购原料 R1:1 R2:6 R3:4 R4:4,src_0bc478da983d,origin data/VPD-OE_Agent_20260709/VPD-OE_Agent/data/raw/ZY/ZY10.xls,现金流量表,45
ff14f5bc249ea839,historical_600_unknown_rule,ZY10,2918,43,2,4,Product_Produce,-40.0,134.0,169:P3 170:P4 171:P4 172:P4,src_0bc478da983d,origin data/VPD-OE_Agent_20260709/VPD-OE_Agent/data/raw/ZY/ZY10.xls,现金流量表,46
7151dfc09fc1e61a,historical_600_unknown_rule,ZY10,2921,44,2,4,Develop_Market,-30.0,104.0,"市场开拓资格投资,开发项目:国内 亚洲 国际",src_0bc478da983d,origin data/VPD-OE_Agent_20260709/VPD-OE_Agent/data/raw/ZY/ZY10.xls,现金流量表,47
46231d2104620f0f,historical_600_unknown_rule,ZY10,2932,45,2,4,Develop_ISO,-30.0,74.0,"ISO认证资格投资,开发：ISO9000 ISO14000",src_0bc478da983d,origin data/VPD-OE_Agent_20260709/VPD-OE_Agent/data/raw/ZY/ZY10.xls,现金流量表,48
3d27f013e7bb2ab4,historical_600_unknown_rule,ZY10,2959,46,2,4,Discount,90.0,164.0,"1期贴现:0W,2期贴现:100W,3期贴现:0W,4期贴现:0W",src_0bc478da983d,origin data/VPD-OE_Agent_20260709/VPD-OE_Agent/data/raw/ZY/ZY10.xls,现金流量表,49
bea4a8cc272192b7,historical_600_unknown_rule,ZY10,2960,47,2,4,Pay_Overhaul,-10.0,154.0,支付行政管理费,src_0bc478da983d,origin data/VPD-OE_Agent_20260709/VPD-OE_Agent/data/raw/ZY/ZY10.xls,现金流量表,50
f8f472cda8266f52,historical_600_unknown_rule,ZY10,2961,48,2,4,Pay_Maintenance,-40.0,114.0,支付维护费,src_0bc478da983d,origin data/VPD-OE_Agent_20260709/VPD-OE_Agent/data/raw/ZY/ZY10.xls,现金流量表,51
ebd3a08d94b79c74,historical_600_unknown_rule,ZY10,3260,49,3,1,Pay_Tax,-2.0,112.0,支付上一年税金,src_0bc478da983d,origin data/VPD-OE_Agent_20260709/VPD-OE_Agent/data/raw/ZY/ZY10.xls,现金流量表,52
dbf28285baf07eb1,historical_600_unknown_rule,ZY10,3261,50,3,1,Pay_Long_Loan,-60.0,52.0,支付长贷本息,src_0bc478da983d,origin data/VPD-OE_Agent_20260709/VPD-OE_Agent/data/raw/ZY/ZY10.xls,现金流量表,53
27f60059cfeff515,historical_600_unknown_rule,ZY10,3262,51,3,1,Pay_AD,-30.0,22.0,广告投放,src_0bc478da983d,origin data/VPD-OE_Agent_20260709/VPD-OE_Agent/data/raw/ZY/ZY10.xls,现金流量表,54
ef728d4f6b671bbb,historical_600_unknown_rule,ZY10,3263,52,3,1,Discount,63.0,85.0,"1期贴现:0W,2期贴现:70W,3期贴现:0W,4期贴现:0W",src_0bc478da983d,origin data/VPD-OE_Agent_20260709/VPD-OE_Agent/data/raw/ZY/ZY10.xls,现金流量表,55
3de01a8f7d52bdc7,historical_600_unknown_rule,ZY10,3272,53,3,1,Auction_Win,-10.0,75.0,竞单成功，获得订单:J32-0015,src_0bc478da983d,origin data/VPD-OE_Agent_20260709/VPD-OE_Agent/data/raw/ZY/ZY10.xls,现金流量表,56
5e90f424a076c113,historical_600_unknown_rule,ZY10,3630,54,3,1,Short_Loan,209.0,284.0,申请:4季 209W的短期贷款,src_0bc478da983d,origin data/VPD-OE_Agent_20260709/VPD-OE_Agent/data/raw/ZY/ZY10.xls,现金流量表,57
e9291ee0af92e07c,historical_600_unknown_rule,ZY10,3632,55,3,1,Pay_Material,-150.0,134.0,支付原料费 R3:4 R4:4 R1:1 R2:6,src_0bc478da983d,origin data/VPD-OE_Agent_20260709/VPD-OE_Agent/data/raw/ZY/ZY10.xls,现金流量表,58
8f3cbd03f2a50aa8,historical_600_unknown_rule,ZY10,3634,56,3,1,Buy_Material,0.0,134.0,订购原料 R1:1 R2:6 R3:4 R4:4,src_0bc478da983d,origin data/VPD-OE_Agent_20260709/VPD-OE_Agent/data/raw/ZY/ZY10.xls,现金流量表,59
8ccc0f9bcb425a95,historical_600_unknown_rule,ZY10,3638,57,3,1,Product_Produce,-40.0,94.0,169:P3 170:P4 171:P4 172:P4,src_0bc478da983d,origin data/VPD-OE_Agent_20260709/VPD-OE_Agent/data/raw/ZY/ZY10.xls,现金流量表,60
7c45ec6af76492fe,historical_600_unknown_rule,ZY10,3640,58,3,1,Update_Receivable,201.0,295.0,更新应收款,src_0bc478da983d,origin data/VPD-OE_Agent_20260709/VPD-OE_Agent/data/raw/ZY/ZY10.xls,现金流量表,61
8b4c2bb9c82331ad,historical_600_unknown_rule,ZY10,3641,59,3,1,Renew_Workshop,-40.0,255.0,厂房续租,src_0bc478da983d,origin data/VPD-OE_Agent_20260709/VPD-OE_Agent/data/raw/ZY/ZY10.xls,现金流量表,62
04490e3a330f5d3b,historical_600_unknown_rule,ZY10,3642,60,3,1,Pay_Overhaul,-10.0,245.0,支付行政管理费,src_0bc478da983d,origin data/VPD-OE_Agent_20260709/VPD-OE_Agent/data/raw/ZY/ZY10.xls,现金流量表,63
8c8dfa0962509c8f,historical_600_unknown_rule,ZY10,3647,61,3,2,Pay_Short_Loan,-219.0,26.0,短贷还本息,src_0bc478da983d,origin data/VPD-OE_Agent_20260709/VPD-OE_Agent/data/raw/ZY/ZY10.xls,现金流量表,64
a37d96ddf46fc16f,historical_600_unknown_rule,ZY10,3649,62,3,2,Short_Loan,209.0,235.0,申请:4季 209W的短期贷款,src_0bc478da983d,origin data/VPD-OE_Agent_20260709/VPD-OE_Agent/data/raw/ZY/ZY10.xls,现金流量表,65
a9bd9226342a5dba,historical_600_unknown_rule,ZY10,3650,63,3,2,Pay_Material,-150.0,85.0,支付原料费 R3:4 R4:4 R1:1 R2:6,src_0bc478da983d,origin data/VPD-OE_Agent_20260709/VPD-OE_Agent/data/raw/ZY/ZY10.xls,现金流量表,66
48017e532c487a1d,historical_600_unknown_rule,ZY10,3653,64,3,2,Buy_Material,0.0,85.0,订购原料 R1:1 R2:6 R3:4 R4:4,src_0bc478da983d,origin data/VPD-OE_Agent_20260709/VPD-OE_Agent/data/raw/ZY/ZY10.xls,现金流量表,67
a29957b35f860a3c,historical_600_unknown_rule,ZY10,3654,65,3,2,Product_Produce,-40.0,45.0,169:P3 170:P4 171:P4 172:P4,src_0bc478da983d,origin data/VPD-OE_Agent_20260709/VPD-OE_Agent/data/raw/ZY/ZY10.xls,现金流量表,68
f1b03c99a5ca9b74,historical_600_unknown_rule,ZY10,3656,66,3,2,Update_Receivable,101.0,146.0,更新应收款,src_0bc478da983d,origin data/VPD-OE_Agent_20260709/VPD-OE_Agent/data/raw/ZY/ZY10.xls,现金流量表,69
7a89321896bc6395,historical_600_unknown_rule,ZY10,3657,67,3,2,Sell_Product,200.0,346.0,订单交货,src_0bc478da983d,origin data/VPD-OE_Agent_20260709/VPD-OE_Agent/data/raw/ZY/ZY10.xls,现金流量表,70
27624d572563465f,historical_600_unknown_rule,ZY10,3664,68,3,2,Pay_Overhaul,-10.0,336.0,支付行政管理费,src_0bc478da983d,origin data/VPD-OE_Agent_20260709/VPD-OE_Agent/data/raw/ZY/ZY10.xls,现金流量表,71
25fabe759442af99,historical_600_unknown_rule,ZY10,3665,69,3,3,Pay_Short_Loan,-219.0,117.0,短贷还本息,src_0bc478da983d,origin data/VPD-OE_Agent_20260709/VPD-OE_Agent/data/raw/ZY/ZY10.xls,现金流量表,72
f3b21dee6af8f610,historical_600_unknown_rule,ZY10,3680,70,3,3,Short_Loan,209.0,326.0,申请:4季 209W的短期贷款,src_0bc478da983d,origin data/VPD-OE_Agent_20260709/VPD-OE_Agent/data/raw/ZY/ZY10.xls,现金流量表,73
c9c84fc71bb16c57,historical_600_unknown_rule,ZY10,3682,71,3,3,Pay_Material,-150.0,176.0,支付原料费 R3:4 R4:4 R1:1 R2:6,src_0bc478da983d,origin data/VPD-OE_Agent_20260709/VPD-OE_Agent/data/raw/ZY/ZY10.xls,现金流量表,74
2a1eb3148e9abd86,historical_600_unknown_rule,ZY10,3684,72,3,3,Buy_Material,0.0,176.0,订购原料 R1:1 R2:6 R3:4 R4:4,src_0bc478da983d,origin data/VPD-OE_Agent_20260709/VPD-OE_Agent/data/raw/ZY/ZY10.xls,现金流量表,75
7844abe9d82c4bb1,historical_600_unknown_rule,ZY10,3686,73,3,3,Product_Produce,-40.0,136.0,169:P3 170:P4 171:P4 172:P4,src_0bc478da983d,origin data/VPD-OE_Agent_20260709/VPD-OE_Agent/data/raw/ZY/ZY10.xls,现金流量表,76
7f23104db927df45,historical_600_unknown_rule,ZY10,3688,74,3,3,Update_Receivable,985.0,1121.0,更新应收款,src_0bc478da983d,origin data/VPD-OE_Agent_20260709/VPD-OE_Agent/data/raw/ZY/ZY10.xls,现金流量表,77
d5b2b86846140bd9,historical_600_unknown_rule,ZY10,3693,75,3,3,Develop_Product,-20.0,1101.0,产品生产资格投资: P1 P2,src_0bc478da983d,origin data/VPD-OE_Agent_20260709/VPD-OE_Agent/data/raw/ZY/ZY10.xls,现金流量表,78
5b9d28aead28370d,historical_600_unknown_rule,ZY10,3694,76,3,3,Pay_Overhaul,-10.0,1091.0,支付行政管理费,src_0bc478da983d,origin data/VPD-OE_Agent_20260709/VPD-OE_Agent/data/raw/ZY/ZY10.xls,现金流量表,79
6cf8c1829c0e3c11,historical_600_unknown_rule,ZY10,3696,77,3,4,Pay_Material,-150.0,941.0,支付原料费 R3:4 R4:4 R1:1 R2:6,src_0bc478da983d,origin data/VPD-OE_Agent_20260709/VPD-OE_Agent/data/raw/ZY/ZY10.xls,现金流量表,80
9cd4e2a023e18a25,historical_600_unknown_rule,ZY10,3698,78,3,4,Buy_Material,0.0,941.0,订购原料 R1:1 R2:6 R3:4 R4:4,src_0bc478da983d,origin data/VPD-OE_Agent_20260709/VPD-OE_Agent/data/raw/ZY/ZY10.xls,现金流量表,81
d6d9cf106725b0ac,historical_600_unknown_rule,ZY10,3699,79,3,4,Product_Produce,-40.0,901.0,169:P3 170:P4 171:P4 172:P4,src_0bc478da983d,origin data/VPD-OE_Agent_20260709/VPD-OE_Agent/data/raw/ZY/ZY10.xls,现金流量表,82
348da1a1f94ea8c7,historical_600_unknown_rule,ZY10,3701,80,3,4,Develop_Product,-20.0,881.0,产品生产资格投资: P1 P2,src_0bc478da983d,origin data/VPD-OE_Agent_20260709/VPD-OE_Agent/data/raw/ZY/ZY10.xls,现金流量表,83
bf697907b4887b9d,historical_600_unknown_rule,ZY10,3702,81,3,4,Develop_Market,-20.0,861.0,"市场开拓资格投资,开发项目:亚洲 国际",src_0bc478da983d,origin data/VPD-OE_Agent_20260709/VPD-OE_Agent/data/raw/ZY/ZY10.xls,现金流量表,84
e93ec7d3f97d58d5,historical_600_unknown_rule,ZY10,3706,82,3,4,Pay_Overhaul,-10.0,851.0,支付行政管理费,src_0bc478da983d,origin data/VPD-OE_Agent_20260709/VPD-OE_Agent/data/raw/ZY/ZY10.xls,现金流量表,85
eb15ed4c973f5240,historical_600_unknown_rule,ZY10,3707,83,3,4,Pay_Maintenance,-40.0,811.0,支付维护费,src_0bc478da983d,origin data/VPD-OE_Agent_20260709/VPD-OE_Agent/data/raw/ZY/ZY10.xls,现金流量表,86
0335fa405c9f61a6,historical_600_unknown_rule,ZY10,3755,84,4,1,Pay_Tax,-6.0,805.0,支付上一年税金,src_0bc478da983d,origin data/VPD-OE_Agent_20260709/VPD-OE_Agent/data/raw/ZY/ZY10.xls,现金流量表,87
a81f10ec65ed8d20,historical_600_unknown_rule,ZY10,3756,85,4,1,Pay_Long_Loan,-60.0,745.0,支付长贷本息,src_0bc478da983d,origin data/VPD-OE_Agent_20260709/VPD-OE_Agent/data/raw/ZY/ZY10.xls,现金流量表,88
81a3791407929fcb,historical_600_unknown_rule,ZY10,3757,86,4,1,Pay_AD,-111.0,634.0,广告投放,src_0bc478da983d,origin data/VPD-OE_Agent_20260709/VPD-OE_Agent/data/raw/ZY/ZY10.xls,现金流量表,89
b4a2eaec5aee1212,historical_600_unknown_rule,ZY10,4089,87,4,1,Pay_Short_Loan,-219.0,415.0,短贷还本息,src_0bc478da983d,origin data/VPD-OE_Agent_20260709/VPD-OE_Agent/data/raw/ZY/ZY10.xls,现金流量表,90
80e543ad09496b42,historical_600_unknown_rule,ZY10,4090,88,4,1,Short_Loan,209.0,624.0,申请:4季 209W的短期贷款,src_0bc478da983d,origin data/VPD-OE_Agent_20260709/VPD-OE_Agent/data/raw/ZY/ZY10.xls,现金流量表,91
cdb7ff2a669d02bf,historical_600_unknown_rule,ZY10,4091,89,4,1,Pay_Material,-150.0,474.0,支付原料费 R3:4 R4:4 R1:1 R2:6,src_0bc478da983d,origin data/VPD-OE_Agent_20260709/VPD-OE_Agent/data/raw/ZY/ZY10.xls,现金流量表,92
92a8fe5fa08c965b,historical_600_unknown_rule,ZY10,4092,90,4,1,Buy_Material,0.0,474.0,订购原料 R1:4 R2:6 R3:4 R4:4,src_0bc478da983d,origin data/VPD-OE_Agent_20260709/VPD-OE_Agent/data/raw/ZY/ZY10.xls,现金流量表,93
904dca96cb7ba937,historical_600_unknown_rule,ZY10,4093,91,4,1,Product_Produce,-40.0,434.0,169:P3 170:P4 171:P4 172:P4,src_0bc478da983d,origin data/VPD-OE_Agent_20260709/VPD-OE_Agent/data/raw/ZY/ZY10.xls,现金流量表,94
4d4b139fae398550,historical_600_unknown_rule,ZY10,4094,92,4,1,Renew_Workshop,-40.0,394.0,厂房续租,src_0bc478da983d,origin data/VPD-OE_Agent_20260709/VPD-OE_Agent/data/raw/ZY/ZY10.xls,现金流量表,95
f819ffe58796f2ee,historical_600_unknown_rule,ZY10,4095,93,4,1,Pay_Overhaul,-10.0,384.0,支付行政管理费,src_0bc478da983d,origin data/VPD-OE_Agent_20260709/VPD-OE_Agent/data/raw/ZY/ZY10.xls,现金流量表,96
83888a1619b3c82a,historical_600_unknown_rule,ZY10,4096,94,4,2,Pay_Short_Loan,-219.0,165.0,短贷还本息,src_0bc478da983d,origin data/VPD-OE_Agent_20260709/VPD-OE_Agent/data/raw/ZY/ZY10.xls,现金流量表,97
d89d1901d3163788,historical_600_unknown_rule,ZY10,4097,95,4,2,Short_Loan,709.0,874.0,申请:4季 709W的短期贷款,src_0bc478da983d,origin data/VPD-OE_Agent_20260709/VPD-OE_Agent/data/raw/ZY/ZY10.xls,现金流量表,98
24c5378a68cd9411,historical_600_unknown_rule,ZY10,4098,96,4,2,Pay_Material,-180.0,694.0,支付原料费 R3:4 R4:4 R1:4 R2:6,src_0bc478da983d,origin data/VPD-OE_Agent_20260709/VPD-OE_Agent/data/raw/ZY/ZY10.xls,现金流量表,99
7174fb667c611084,historical_600_unknown_rule,ZY10,4099,97,4,2,Buy_Material,0.0,694.0,订购原料 R1:1 R2:6 R3:4 R4:4,src_0bc478da983d,origin data/VPD-OE_Agent_20260709/VPD-OE_Agent/data/raw/ZY/ZY10.xls,现金流量表,100
256c936f59f4e35b,historical_600_unknown_rule,ZY10,4100,98,4,2,Rent_Workshop,-30.0,664.0,租用[小厂房],src_0bc478da983d,origin data/VPD-OE_Agent_20260709/VPD-OE_Agent/data/raw/ZY/ZY10.xls,现金流量表,101
0714c37f5125a70e,historical_600_unknown_rule,ZY10,4101,99,4,2,Buy_ProductLine,-50.0,614.0,订购[手工线]生产[P1],src_0bc478da983d,origin data/VPD-OE_Agent_20260709/VPD-OE_Agent/data/raw/ZY/ZY10.xls,现金流量表,102
0fad98f9d58abed8,historical_600_unknown_rule,ZY10,4102,100,4,2,Buy_ProductLine,-50.0,564.0,订购[手工线]生产[P1],src_0bc478da983d,origin data/VPD-OE_Agent_20260709/VPD-OE_Agent/data/raw/ZY/ZY10.xls,现金流量表,103
4fde3fdf3be84166,historical_600_unknown_rule,ZY10,4103,101,4,2,Buy_ProductLine,-50.0,514.0,订购[手工线]生产[P1],src_0bc478da983d,origin data/VPD-OE_Agent_20260709/VPD-OE_Agent/data/raw/ZY/ZY10.xls,现金流量表,104
a7d4272e5f3d6194,historical_600_unknown_rule,ZY10,4104,102,4,2,Product_Produce,-70.0,444.0,169:P3 170:P4 171:P4 172:P4 236:P1 237:P1 238:P1,src_0bc478da983d,origin data/VPD-OE_Agent_20260709/VPD-OE_Agent/data/raw/ZY/ZY10.xls,现金流量表,105
ad4472992eee5a16,historical_600_unknown_rule,ZY10,4105,103,4,2,Pay_Overhaul,-10.0,434.0,支付行政管理费,src_0bc478da983d,origin data/VPD-OE_Agent_20260709/VPD-OE_Agent/data/raw/ZY/ZY10.xls,现金流量表,106
d22273453d11e43b,historical_600_unknown_rule,ZY10,4106,104,4,3,Pay_Short_Loan,-219.0,215.0,短贷还本息,src_0bc478da983d,origin data/VPD-OE_Agent_20260709/VPD-OE_Agent/data/raw/ZY/ZY10.xls,现金流量表,107
51c6c2324d2043b7,historical_600_unknown_rule,ZY10,4107,105,4,3,Pay_Material,-150.0,65.0,支付原料费 R3:4 R4:4 R1:1 R2:6,src_0bc478da983d,origin data/VPD-OE_Agent_20260709/VPD-OE_Agent/data/raw/ZY/ZY10.xls,现金流量表,108
4639596261e431c0,historical_600_unknown_rule,ZY10,4108,106,4,3,Product_Produce,-40.0,25.0,169:P3 170:P4 171:P4 172:P4,src_0bc478da983d,origin data/VPD-OE_Agent_20260709/VPD-OE_Agent/data/raw/ZY/ZY10.xls,现金流量表,109
7517f7ac8da24ff4,historical_600_unknown_rule,ZY10,4109,107,4,3,Buy_Material,0.0,25.0,订购原料 R1:1 R2:6 R3:7 R4:7,src_0bc478da983d,origin data/VPD-OE_Agent_20260709/VPD-OE_Agent/data/raw/ZY/ZY10.xls,现金流量表,110
128b8b6a5f3188e8,historical_600_unknown_rule,ZY10,4110,108,4,3,Update_Receivable,762.0,787.0,更新应收款,src_0bc478da983d,origin data/VPD-OE_Agent_20260709/VPD-OE_Agent/data/raw/ZY/ZY10.xls,现金流量表,111
dbb155560fee4c7f,historical_600_unknown_rule,ZY10,4111,109,4,3,Pay_Overhaul,-10.0,777.0,支付行政管理费,src_0bc478da983d,origin data/VPD-OE_Agent_20260709/VPD-OE_Agent/data/raw/ZY/ZY10.xls,现金流量表,112
1e3f47262a323ab3,historical_600_unknown_rule,ZY10,4112,110,4,4,Pay_Material,-150.0,627.0,支付原料费 R3:4 R4:4 R1:1 R2:6,src_0bc478da983d,origin data/VPD-OE_Agent_20260709/VPD-OE_Agent/data/raw/ZY/ZY10.xls,现金流量表,113
243471db8cb39c5f,historical_600_unknown_rule,ZY10,4113,111,4,4,Buy_Material,0.0,627.0,订购原料 R1:7 R2:6 R3:4 R4:4,src_0bc478da983d,origin data/VPD-OE_Agent_20260709/VPD-OE_Agent/data/raw/ZY/ZY10.xls,现金流量表,114
cf5aa1b5ed47c7a1,historical_600_unknown_rule,ZY10,4114,112,4,4,Product_Produce,-40.0,587.0,169:P3 170:P4 171:P4 172:P4,src_0bc478da983d,origin data/VPD-OE_Agent_20260709/VPD-OE_Agent/data/raw/ZY/ZY10.xls,现金流量表,115
8c2ff2f746b1f797,historical_600_unknown_rule,ZY10,4115,113,4,4,Update_Receivable,502.0,1089.0,更新应收款,src_0bc478da983d,origin data/VPD-OE_Agent_20260709/VPD-OE_Agent/data/raw/ZY/ZY10.xls,现金流量表,116
a9441a0626044004,historical_600_unknown_rule,ZY10,4116,114,4,4,Develop_Market,-10.0,1079.0,"市场开拓资格投资,开发项目:国际",src_0bc478da983d,origin data/VPD-OE_Agent_20260709/VPD-OE_Agent/data/raw/ZY/ZY10.xls,现金流量表,117
fe855788b1529cd6,historical_600_unknown_rule,ZY10,4117,115,4,4,Develop_Product,-10.0,1069.0,产品生产资格投资: P2,src_0bc478da983d,origin data/VPD-OE_Agent_20260709/VPD-OE_Agent/data/raw/ZY/ZY10.xls,现金流量表,118
cc6b53f836819a14,historical_600_unknown_rule,ZY10,4118,116,4,4,Pay_Overhaul,-10.0,1059.0,支付行政管理费,src_0bc478da983d,origin data/VPD-OE_Agent_20260709/VPD-OE_Agent/data/raw/ZY/ZY10.xls,现金流量表,119
ccb845e75b327bf4,historical_600_unknown_rule,ZY10,4119,117,4,4,Pay_Maintenance,-70.0,989.0,支付维护费,src_0bc478da983d,origin data/VPD-OE_Agent_20260709/VPD-OE_Agent/data/raw/ZY/ZY10.xls,现金流量表,120
e941eb151272fe6a,historical_600_unknown_rule,ZY10,4455,118,5,1,Pay_Tax,-120.0,869.0,支付上一年税金,src_0bc478da983d,origin data/VPD-OE_Agent_20260709/VPD-OE_Agent/data/raw/ZY/ZY10.xls,现金流量表,121
1edceb5015d80fe2,historical_600_unknown_rule,ZY10,4456,119,5,1,Pay_Long_Loan,-60.0,809.0,支付长贷本息,src_0bc478da983d,origin data/VPD-OE_Agent_20260709/VPD-OE_Agent/data/raw/ZY/ZY10.xls,现金流量表,122
510d0bcc2e7381ab,historical_600_unknown_rule,ZY10,4457,120,5,1,Pay_AD,-133.0,676.0,广告投放,src_0bc478da983d,origin data/VPD-OE_Agent_20260709/VPD-OE_Agent/data/raw/ZY/ZY10.xls,现金流量表,123
e6ed7cac6a230ccc,historical_600_unknown_rule,ZY10,4481,121,5,1,Auction_Win,-10.0,666.0,竞单成功，获得订单:J53-0028,src_0bc478da983d,origin data/VPD-OE_Agent_20260709/VPD-OE_Agent/data/raw/ZY/ZY10.xls,现金流量表,124
b515bb37fef3b2ea,historical_600_unknown_rule,ZY10,4490,122,5,1,Auction_Win,-10.0,656.0,竞单成功，获得订单:J54-0039,src_0bc478da983d,origin data/VPD-OE_Agent_20260709/VPD-OE_Agent/data/raw/ZY/ZY10.xls,现金流量表,125
b7f5cff0e661bceb,historical_600_unknown_rule,ZY10,4843,123,5,1,Long_Loan,1427.0,2083.0,申请:5年 1427W的长期贷款,src_0bc478da983d,origin data/VPD-OE_Agent_20260709/VPD-OE_Agent/data/raw/ZY/ZY10.xls,现金流量表,126
5d4bfed1afddf716,historical_600_unknown_rule,ZY10,4845,124,5,1,Pay_Short_Loan,-219.0,1864.0,短贷还本息,src_0bc478da983d,origin data/VPD-OE_Agent_20260709/VPD-OE_Agent/data/raw/ZY/ZY10.xls,现金流量表,127
9115eb29d00c1e03,historical_600_unknown_rule,ZY10,4853,125,5,1,Pay_Material,-270.0,1594.0,支付原料费 R3:7 R4:7 R1:7 R2:6,src_0bc478da983d,origin data/VPD-OE_Agent_20260709/VPD-OE_Agent/data/raw/ZY/ZY10.xls,现金流量表,128
d898ff5d4f544baf,historical_600_unknown_rule,ZY10,4858,126,5,1,Buy_Material,0.0,1594.0,订购原料 R1:1 R2:6 R3:4 R4:4,src_0bc478da983d,origin data/VPD-OE_Agent_20260709/VPD-OE_Agent/data/raw/ZY/ZY10.xls,现金流量表,129
cc77f66c3d641040,historical_600_unknown_rule,ZY10,4861,127,5,1,Buy_Workshop,-200.0,1394.0,购买[小厂房],src_0bc478da983d,origin data/VPD-OE_Agent_20260709/VPD-OE_Agent/data/raw/ZY/ZY10.xls,现金流量表,130
f101bfb79a40b1ac,historical_600_unknown_rule,ZY10,4865,128,5,1,Buy_ProductLine,-50.0,1344.0,订购[手工线]生产[P3],src_0bc478da983d,origin data/VPD-OE_Agent_20260709/VPD-OE_Agent/data/raw/ZY/ZY10.xls,现金流量表,131
6383a38c1f5da7bb,historical_600_unknown_rule,ZY10,4866,129,5,1,Buy_ProductLine,-50.0,1294.0,订购[手工线]生产[P3],src_0bc478da983d,origin data/VPD-OE_Agent_20260709/VPD-OE_Agent/data/raw/ZY/ZY10.xls,现金流量表,132
7ae988c1dee2da1e,historical_600_unknown_rule,ZY10,4867,130,5,1,Buy_ProductLine,-50.0,1244.0,订购[手工线]生产[P3],src_0bc478da983d,origin data/VPD-OE_Agent_20260709/VPD-OE_Agent/data/raw/ZY/ZY10.xls,现金流量表,133
b132448be2d32f99,historical_600_unknown_rule,ZY10,4868,131,5,1,Product_Produce,-100.0,1144.0,169:P3 170:P4 171:P4 172:P4 236:P1 237:P1 238:P1 279:P3 280:P3 281:P3,src_0bc478da983d,origin data/VPD-OE_Agent_20260709/VPD-OE_Agent/data/raw/ZY/ZY10.xls,现金流量表,134
f709c16308ccaf91,historical_600_unknown_rule,ZY10,4872,132,5,1,RentTOBuy_Workshop,-300.0,844.0,大厂房(54)租转买,src_0bc478da983d,origin data/VPD-OE_Agent_20260709/VPD-OE_Agent/data/raw/ZY/ZY10.xls,现金流量表,135
8dbf2e32b566c1d0,historical_600_unknown_rule,ZY10,4874,133,5,1,Pay_Overhaul,-10.0,834.0,支付行政管理费,src_0bc478da983d,origin data/VPD-OE_Agent_20260709/VPD-OE_Agent/data/raw/ZY/ZY10.xls,现金流量表,136
0314105b264e92f9,historical_600_unknown_rule,ZY10,4876,134,5,2,Pay_Short_Loan,-744.0,90.0,短贷还本息,src_0bc478da983d,origin data/VPD-OE_Agent_20260709/VPD-OE_Agent/data/raw/ZY/ZY10.xls,现金流量表,137
16914d4b436e5a44,historical_600_unknown_rule,ZY10,4892,135,5,2,Short_Loan,918.0,1008.0,申请:4季 918W的短期贷款,src_0bc478da983d,origin data/VPD-OE_Agent_20260709/VPD-OE_Agent/data/raw/ZY/ZY10.xls,现金流量表,138
0f62eaafeb8c573e,historical_600_unknown_rule,ZY10,4895,136,5,2,Pay_Material,-150.0,858.0,支付原料费 R3:4 R4:4 R1:1 R2:6,src_0bc478da983d,origin data/VPD-OE_Agent_20260709/VPD-OE_Agent/data/raw/ZY/ZY10.xls,现金流量表,139
dd92ee02625a8b49,historical_600_unknown_rule,ZY10,4900,137,5,2,Buy_Material,0.0,858.0,订购原料 R1:1 R2:6 R3:4 R4:4,src_0bc478da983d,origin data/VPD-OE_Agent_20260709/VPD-OE_Agent/data/raw/ZY/ZY10.xls,现金流量表,140
8970eb6a1e7d2ad0,historical_600_unknown_rule,ZY10,4911,138,5,2,Buy_Workshop,-300.0,558.0,购买[大厂房],src_0bc478da983d,origin data/VPD-OE_Agent_20260709/VPD-OE_Agent/data/raw/ZY/ZY10.xls,现金流量表,141
479a8e64422f8875,historical_600_unknown_rule,ZY10,4915,139,5,2,Product_Produce,-40.0,518.0,169:P3 170:P4 171:P4 172:P4,src_0bc478da983d,origin data/VPD-OE_Agent_20260709/VPD-OE_Agent/data/raw/ZY/ZY10.xls,现金流量表,142
aa277d115c60d1bc,historical_600_unknown_rule,ZY10,4918,140,5,2,Update_Receivable,1086.0,1604.0,更新应收款,src_0bc478da983d,origin data/VPD-OE_Agent_20260709/VPD-OE_Agent/data/raw/ZY/ZY10.xls,现金流量表,143
99be73a4ae078623,historical_600_unknown_rule,ZY10,4925,141,5,2,RentTOBuy_Workshop,-200.0,1404.0,小厂房(74)租转买,src_0bc478da983d,origin data/VPD-OE_Agent_20260709/VPD-OE_Agent/data/raw/ZY/ZY10.xls,现金流量表,144
5dbc665089069d89,historical_600_unknown_rule,ZY10,4947,142,5,2,Pay_Overhaul,-10.0,1394.0,支付行政管理费,src_0bc478da983d,origin data/VPD-OE_Agent_20260709/VPD-OE_Agent/data/raw/ZY/ZY10.xls,现金流量表,145
9cc11246acbfcb39,historical_600_unknown_rule,ZY10,4952,143,5,3,Pay_Material,-150.0,1244.0,支付原料费 R3:4 R4:4 R1:1 R2:6,src_0bc478da983d,origin data/VPD-OE_Agent_20260709/VPD-OE_Agent/data/raw/ZY/ZY10.xls,现金流量表,146
af5c4409ff06de52,historical_600_unknown_rule,ZY10,4954,144,5,3,Product_Produce,-40.0,1204.0,169:P3 170:P4 171:P4 172:P4,src_0bc478da983d,origin data/VPD-OE_Agent_20260709/VPD-OE_Agent/data/raw/ZY/ZY10.xls,现金流量表,147
6aff0905a6be032d,historical_600_unknown_rule,ZY10,4965,145,5,3,Buy_ProductLine,-100.0,1104.0,订购[半自动]生产[P1],src_0bc478da983d,origin data/VPD-OE_Agent_20260709/VPD-OE_Agent/data/raw/ZY/ZY10.xls,现金流量表,148
58baed33e1005dd1,historical_600_unknown_rule,ZY10,4966,146,5,3,Buy_ProductLine,-100.0,1004.0,订购[半自动]生产[P1],src_0bc478da983d,origin data/VPD-OE_Agent_20260709/VPD-OE_Agent/data/raw/ZY/ZY10.xls,现金流量表,149
0a39fc405265510a,historical_600_unknown_rule,ZY10,4968,147,5,3,Buy_ProductLine,-100.0,904.0,订购[半自动]生产[P1],src_0bc478da983d,origin data/VPD-OE_Agent_20260709/VPD-OE_Agent/data/raw/ZY/ZY10.xls,现金流量表,150
a4a80f148cc6176e,historical_600_unknown_rule,ZY10,4969,148,5,3,Buy_ProductLine,-100.0,804.0,订购[半自动]生产[P1],src_0bc478da983d,origin data/VPD-OE_Agent_20260709/VPD-OE_Agent/data/raw/ZY/ZY10.xls,现金流量表,151
db5d415d915ef106,historical_600_unknown_rule,ZY10,4977,149,5,3,Emergency_Buy_Product,-120.0,684.0,"紧急采购产品，数量分别为：2,0,0,0",src_0bc478da983d,origin data/VPD-OE_Agent_20260709/VPD-OE_Agent/data/raw/ZY/ZY10.xls,现金流量表,152
51103f9fac761822,historical_600_unknown_rule,ZY10,4980,150,5,3,Update_Receivable,183.0,867.0,更新应收款,src_0bc478da983d,origin data/VPD-OE_Agent_20260709/VPD-OE_Agent/data/raw/ZY/ZY10.xls,现金流量表,153
702c009a511e2ae8,historical_600_unknown_rule,ZY10,4982,151,5,3,Pay_Overhaul,-10.0,857.0,支付行政管理费,src_0bc478da983d,origin data/VPD-OE_Agent_20260709/VPD-OE_Agent/data/raw/ZY/ZY10.xls,现金流量表,154
0445dd5b72eacbb4,historical_600_unknown_rule,ZY10,4983,152,5,4,Pay_Material,-80.0,777.0,支付原料费 R3:4 R4:4,src_0bc478da983d,origin data/VPD-OE_Agent_20260709/VPD-OE_Agent/data/raw/ZY/ZY10.xls,现金流量表,155
f6d285b716a9df93,historical_600_unknown_rule,ZY10,4991,153,5,4,Pay_Overhaul,-10.0,767.0,支付行政管理费,src_0bc478da983d,origin data/VPD-OE_Agent_20260709/VPD-OE_Agent/data/raw/ZY/ZY10.xls,现金流量表,156
417e1b251bd69310,historical_600_unknown_rule,ZY10,4992,154,5,4,Pay_Maintenance,-140.0,627.0,支付维护费,src_0bc478da983d,origin data/VPD-OE_Agent_20260709/VPD-OE_Agent/data/raw/ZY/ZY10.xls,现金流量表,157
75e5883a26fc53f5,historical_600_unknown_rule,ZY11,2496,1,1,1,Pay_Capital,600.0,600.0,"公司成立,股东注资",src_1179379453a7,origin data/VPD-OE_Agent_20260709/VPD-OE_Agent/data/raw/ZY/ZY11.xls,现金流量表,4
0e553f1b7f9c18aa,historical_600_unknown_rule,ZY11,2499,2,1,1,Develop_Product,-10.0,590.0,产品生产资格投资: P2,src_1179379453a7,origin data/VPD-OE_Agent_20260709/VPD-OE_Agent/data/raw/ZY/ZY11.xls,现金流量表,5
2f32419160df847c,historical_600_unknown_rule,ZY11,2500,3,1,1,Pay_Overhaul,-10.0,580.0,支付行政管理费,src_1179379453a7,origin data/VPD-OE_Agent_20260709/VPD-OE_Agent/data/raw/ZY/ZY11.xls,现金流量表,6
3e3621371b9ec826,historical_600_unknown_rule,ZY11,2503,4,1,2,Short_Loan,209.0,789.0,申请:4季 209W的短期贷款,src_1179379453a7,origin data/VPD-OE_Agent_20260709/VPD-OE_Agent/data/raw/ZY/ZY11.xls,现金流量表,7
ce6cdf867190b63d,historical_600_unknown_rule,ZY11,2506,5,1,2,Rent_Workshop,-40.0,749.0,租用[大厂房],src_1179379453a7,origin data/VPD-OE_Agent_20260709/VPD-OE_Agent/data/raw/ZY/ZY11.xls,现金流量表,8
79d6d8c9b7e6544a,historical_600_unknown_rule,ZY11,2512,6,1,2,Buy_ProductLine,-50.0,699.0,订购[自动线]生产[P2],src_1179379453a7,origin data/VPD-OE_Agent_20260709/VPD-OE_Agent/data/raw/ZY/ZY11.xls,现金流量表,9
1d0353d4ca31c953,historical_600_unknown_rule,ZY11,2514,7,1,2,Buy_ProductLine,-50.0,649.0,订购[自动线]生产[P2],src_1179379453a7,origin data/VPD-OE_Agent_20260709/VPD-OE_Agent/data/raw/ZY/ZY11.xls,现金流量表,10
b0e262e50d8161a7,historical_600_unknown_rule,ZY11,2515,8,1,2,Buy_ProductLine,-50.0,599.0,订购[自动线]生产[P2],src_1179379453a7,origin data/VPD-OE_Agent_20260709/VPD-OE_Agent/data/raw/ZY/ZY11.xls,现金流量表,11
198c012e09f5d2c9,historical_600_unknown_rule,ZY11,2521,9,1,2,Develop_Product,-10.0,589.0,产品生产资格投资: P2,src_1179379453a7,origin data/VPD-OE_Agent_20260709/VPD-OE_Agent/data/raw/ZY/ZY11.xls,现金流量表,12
cd5bbc15099048cb,historical_600_unknown_rule,ZY11,2523,10,1,2,Pay_Overhaul,-10.0,579.0,支付行政管理费,src_1179379453a7,origin data/VPD-OE_Agent_20260709/VPD-OE_Agent/data/raw/ZY/ZY11.xls,现金流量表,13
104ecf40c0196371,historical_600_unknown_rule,ZY11,2530,11,1,3,Invest_ProductLine,-150.0,429.0,投资在建生产线,src_1179379453a7,origin data/VPD-OE_Agent_20260709/VPD-OE_Agent/data/raw/ZY/ZY11.xls,现金流量表,14
44edf4b2ae709522,historical_600_unknown_rule,ZY11,2534,12,1,3,Buy_Material,0.0,429.0,订购原料 R3:3,src_1179379453a7,origin data/VPD-OE_Agent_20260709/VPD-OE_Agent/data/raw/ZY/ZY11.xls,现金流量表,15
a2e906899ce49c27,historical_600_unknown_rule,ZY11,2535,13,1,3,Develop_Product,-10.0,419.0,产品生产资格投资: P2,src_1179379453a7,origin data/VPD-OE_Agent_20260709/VPD-OE_Agent/data/raw/ZY/ZY11.xls,现金流量表,16
fcc6cf0bdc58b237,historical_600_unknown_rule,ZY11,2536,14,1,3,Pay_Overhaul,-10.0,409.0,支付行政管理费,src_1179379453a7,origin data/VPD-OE_Agent_20260709/VPD-OE_Agent/data/raw/ZY/ZY11.xls,现金流量表,17
93cacb34eafa07f0,historical_600_unknown_rule,ZY11,2646,15,1,4,Buy_Material,0.0,409.0,订购原料 R2:3 R3:3,src_1179379453a7,origin data/VPD-OE_Agent_20260709/VPD-OE_Agent/data/raw/ZY/ZY11.xls,现金流量表,18
65c63d60bf49d95a,historical_600_unknown_rule,ZY11,2647,16,1,4,Invest_ProductLine,-150.0,259.0,投资在建生产线,src_1179379453a7,origin data/VPD-OE_Agent_20260709/VPD-OE_Agent/data/raw/ZY/ZY11.xls,现金流量表,19
3b63fab2523ed528,historical_600_unknown_rule,ZY11,2648,17,1,4,Develop_ISO,-30.0,229.0,"ISO认证资格投资,开发：ISO9000 ISO14000",src_1179379453a7,origin data/VPD-OE_Agent_20260709/VPD-OE_Agent/data/raw/ZY/ZY11.xls,现金流量表,20
9ced57cc704a3035,historical_600_unknown_rule,ZY11,2649,18,1,4,Develop_Market,-20.0,209.0,"市场开拓资格投资,开发项目:本地 区域",src_1179379453a7,origin data/VPD-OE_Agent_20260709/VPD-OE_Agent/data/raw/ZY/ZY11.xls,现金流量表,21
143400e10aacad06,historical_600_unknown_rule,ZY11,2650,19,1,4,Pay_Overhaul,-10.0,199.0,支付行政管理费,src_1179379453a7,origin data/VPD-OE_Agent_20260709/VPD-OE_Agent/data/raw/ZY/ZY11.xls,现金流量表,22
ef6c11cf252317b7,historical_600_unknown_rule,ZY11,2675,20,2,1,Pay_AD,-60.0,139.0,广告投放,src_1179379453a7,origin data/VPD-OE_Agent_20260709/VPD-OE_Agent/data/raw/ZY/ZY11.xls,现金流量表,23
7bf7574f9f4a54c0,historical_600_unknown_rule,ZY11,2688,21,2,1,Long_Loan,874.0,1013.0,申请:5年 874W的长期贷款,src_1179379453a7,origin data/VPD-OE_Agent_20260709/VPD-OE_Agent/data/raw/ZY/ZY11.xls,现金流量表,24
5525d90dffa64010,historical_600_unknown_rule,ZY11,2704,22,2,1,Pay_Material,-60.0,953.0,支付原料费 R3:3 R2:3,src_1179379453a7,origin data/VPD-OE_Agent_20260709/VPD-OE_Agent/data/raw/ZY/ZY11.xls,现金流量表,25
3cd87ef3c1cd946e,historical_600_unknown_rule,ZY11,2708,23,2,1,Buy_Material,0.0,953.0,订购原料 R2:3 R3:3,src_1179379453a7,origin data/VPD-OE_Agent_20260709/VPD-OE_Agent/data/raw/ZY/ZY11.xls,现金流量表,26
4f847bde54b2051a,historical_600_unknown_rule,ZY11,2715,24,2,1,Product_Produce,-30.0,923.0,188:P2 189:P2 190:P2,src_1179379453a7,origin data/VPD-OE_Agent_20260709/VPD-OE_Agent/data/raw/ZY/ZY11.xls,现金流量表,27
e23e8f1959a437ec,historical_600_unknown_rule,ZY11,2723,25,2,1,Pay_Overhaul,-10.0,913.0,支付行政管理费,src_1179379453a7,origin data/VPD-OE_Agent_20260709/VPD-OE_Agent/data/raw/ZY/ZY11.xls,现金流量表,28
fdfbaaa758af0918,historical_600_unknown_rule,ZY11,2729,26,2,2,Pay_Short_Loan,-219.0,694.0,短贷还本息,src_1179379453a7,origin data/VPD-OE_Agent_20260709/VPD-OE_Agent/data/raw/ZY/ZY11.xls,现金流量表,29
5c56739bb8094253,historical_600_unknown_rule,ZY11,2730,27,2,2,Pay_Material,-60.0,634.0,支付原料费 R3:3 R2:3,src_1179379453a7,origin data/VPD-OE_Agent_20260709/VPD-OE_Agent/data/raw/ZY/ZY11.xls,现金流量表,30
2e1a2fda53a1fe2a,historical_600_unknown_rule,ZY11,2736,28,2,2,Product_Produce,-30.0,604.0,188:P2 189:P2 190:P2,src_1179379453a7,origin data/VPD-OE_Agent_20260709/VPD-OE_Agent/data/raw/ZY/ZY11.xls,现金流量表,31
3d85ae47df8c8b30,historical_600_unknown_rule,ZY11,2742,29,2,2,Buy_Material,0.0,604.0,订购原料 R2:3 R3:3,src_1179379453a7,origin data/VPD-OE_Agent_20260709/VPD-OE_Agent/data/raw/ZY/ZY11.xls,现金流量表,32
fdb325b34044f2ff,historical_600_unknown_rule,ZY11,2745,30,2,2,Renew_Workshop,-40.0,564.0,厂房续租,src_1179379453a7,origin data/VPD-OE_Agent_20260709/VPD-OE_Agent/data/raw/ZY/ZY11.xls,现金流量表,33
11f5be0cb0bfebd2,historical_600_unknown_rule,ZY11,2746,31,2,2,Pay_Overhaul,-10.0,554.0,支付行政管理费,src_1179379453a7,origin data/VPD-OE_Agent_20260709/VPD-OE_Agent/data/raw/ZY/ZY11.xls,现金流量表,34
1e783caa12a59277,historical_600_unknown_rule,ZY11,2752,32,2,3,Pay_Material,-60.0,494.0,支付原料费 R3:3 R2:3,src_1179379453a7,origin data/VPD-OE_Agent_20260709/VPD-OE_Agent/data/raw/ZY/ZY11.xls,现金流量表,35
693c0a75e26e0e7e,historical_600_unknown_rule,ZY11,2755,33,2,3,Product_Produce,-30.0,464.0,188:P2 189:P2 190:P2,src_1179379453a7,origin data/VPD-OE_Agent_20260709/VPD-OE_Agent/data/raw/ZY/ZY11.xls,现金流量表,36
4894e6708bd4d23f,historical_600_unknown_rule,ZY11,2756,34,2,3,Buy_Material,0.0,464.0,订购原料 R2:3 R3:3,src_1179379453a7,origin data/VPD-OE_Agent_20260709/VPD-OE_Agent/data/raw/ZY/ZY11.xls,现金流量表,37
9ed750f9db2415b8,historical_600_unknown_rule,ZY11,2823,35,2,3,Pay_Overhaul,-10.0,454.0,支付行政管理费,src_1179379453a7,origin data/VPD-OE_Agent_20260709/VPD-OE_Agent/data/raw/ZY/ZY11.xls,现金流量表,38
d9246fe4dc8324b6,historical_600_unknown_rule,ZY11,2828,36,2,4,Pay_Material,-60.0,394.0,支付原料费 R3:3 R2:3,src_1179379453a7,origin data/VPD-OE_Agent_20260709/VPD-OE_Agent/data/raw/ZY/ZY11.xls,现金流量表,39
d006884afbb0717b,historical_600_unknown_rule,ZY11,2830,37,2,4,Buy_Material,0.0,394.0,订购原料 R2:3 R3:3,src_1179379453a7,origin data/VPD-OE_Agent_20260709/VPD-OE_Agent/data/raw/ZY/ZY11.xls,现金流量表,40
4eae66533c1c6e27,historical_600_unknown_rule,ZY11,2832,38,2,4,Product_Produce,-30.0,364.0,188:P2 189:P2 190:P2,src_1179379453a7,origin data/VPD-OE_Agent_20260709/VPD-OE_Agent/data/raw/ZY/ZY11.xls,现金流量表,41
1465b861737683cd,historical_600_unknown_rule,ZY11,2835,39,2,4,Update_Receivable,340.0,704.0,更新应收款,src_1179379453a7,origin data/VPD-OE_Agent_20260709/VPD-OE_Agent/data/raw/ZY/ZY11.xls,现金流量表,42
4ca153726950a379,historical_600_unknown_rule,ZY11,2843,40,2,4,Develop_ISO,-30.0,674.0,"ISO认证资格投资,开发：ISO9000 ISO14000",src_1179379453a7,origin data/VPD-OE_Agent_20260709/VPD-OE_Agent/data/raw/ZY/ZY11.xls,现金流量表,43
4404080b2de8a35d,historical_600_unknown_rule,ZY11,2847,41,2,4,Pay_Overhaul,-10.0,664.0,支付行政管理费,src_1179379453a7,origin data/VPD-OE_Agent_20260709/VPD-OE_Agent/data/raw/ZY/ZY11.xls,现金流量表,44
a231788644f710ac,historical_600_unknown_rule,ZY11,2848,42,2,4,Pay_Maintenance,-30.0,634.0,支付维护费,src_1179379453a7,origin data/VPD-OE_Agent_20260709/VPD-OE_Agent/data/raw/ZY/ZY11.xls,现金流量表,45
b13e10d9f788e117,historical_600_unknown_rule,ZY11,3102,43,3,1,Pay_Long_Loan,-87.0,547.0,支付长贷本息,src_1179379453a7,origin data/VPD-OE_Agent_20260709/VPD-OE_Agent/data/raw/ZY/ZY11.xls,现金流量表,46
406ff088a24147eb,historical_600_unknown_rule,ZY11,3103,44,3,1,Pay_AD,-60.0,487.0,广告投放,src_1179379453a7,origin data/VPD-OE_Agent_20260709/VPD-OE_Agent/data/raw/ZY/ZY11.xls,现金流量表,47
e30c958d8084018f,historical_600_unknown_rule,ZY11,3197,45,3,1,Discount,236.0,723.0,"1期贴现:263W,2期贴现:0W,3期贴现:0W,4期贴现:0W",src_1179379453a7,origin data/VPD-OE_Agent_20260709/VPD-OE_Agent/data/raw/ZY/ZY11.xls,现金流量表,48
92dd0f85db0dbd8b,historical_600_unknown_rule,ZY11,3301,46,3,1,Pay_Material,-60.0,663.0,支付原料费 R3:3 R2:3,src_1179379453a7,origin data/VPD-OE_Agent_20260709/VPD-OE_Agent/data/raw/ZY/ZY11.xls,现金流量表,49
6a628bb3beb35b7f,historical_600_unknown_rule,ZY11,3305,47,3,1,Buy_Material,0.0,663.0,订购原料 R2:3 R3:3,src_1179379453a7,origin data/VPD-OE_Agent_20260709/VPD-OE_Agent/data/raw/ZY/ZY11.xls,现金流量表,50
2c9fcc60a92cb975,historical_600_unknown_rule,ZY11,3316,48,3,1,Product_Produce,-30.0,633.0,188:P2 189:P2 190:P2,src_1179379453a7,origin data/VPD-OE_Agent_20260709/VPD-OE_Agent/data/raw/ZY/ZY11.xls,现金流量表,51
77cf727630c7cbe1,historical_600_unknown_rule,ZY11,3323,49,3,1,Pay_Overhaul,-10.0,623.0,支付行政管理费,src_1179379453a7,origin data/VPD-OE_Agent_20260709/VPD-OE_Agent/data/raw/ZY/ZY11.xls,现金流量表,52
97a4864c36c5b14e,historical_600_unknown_rule,ZY11,3328,50,3,2,Pay_Material,-60.0,563.0,支付原料费 R3:3 R2:3,src_1179379453a7,origin data/VPD-OE_Agent_20260709/VPD-OE_Agent/data/raw/ZY/ZY11.xls,现金流量表,53
09ceb7c21a8b675f,historical_600_unknown_rule,ZY11,3334,51,3,2,Buy_Material,0.0,563.0,订购原料 R2:3 R3:3,src_1179379453a7,origin data/VPD-OE_Agent_20260709/VPD-OE_Agent/data/raw/ZY/ZY11.xls,现金流量表,54
1155030c97bf2635,historical_600_unknown_rule,ZY11,3337,52,3,2,Product_Produce,-30.0,533.0,188:P2 189:P2 190:P2,src_1179379453a7,origin data/VPD-OE_Agent_20260709/VPD-OE_Agent/data/raw/ZY/ZY11.xls,现金流量表,55
ba066c09dfcd5957,historical_600_unknown_rule,ZY11,3347,53,3,2,Renew_Workshop,-40.0,493.0,厂房续租,src_1179379453a7,origin data/VPD-OE_Agent_20260709/VPD-OE_Agent/data/raw/ZY/ZY11.xls,现金流量表,56
ede4f7916e884cc7,historical_600_unknown_rule,ZY11,3348,54,3,2,Pay_Overhaul,-10.0,483.0,支付行政管理费,src_1179379453a7,origin data/VPD-OE_Agent_20260709/VPD-OE_Agent/data/raw/ZY/ZY11.xls,现金流量表,57
89386831c2eb21d1,historical_600_unknown_rule,ZY11,3351,55,3,3,Pay_Material,-60.0,423.0,支付原料费 R3:3 R2:3,src_1179379453a7,origin data/VPD-OE_Agent_20260709/VPD-OE_Agent/data/raw/ZY/ZY11.xls,现金流量表,58
5b6de990df81508f,historical_600_unknown_rule,ZY11,3370,56,3,3,Buy_Material,0.0,423.0,订购原料 R2:3 R3:3,src_1179379453a7,origin data/VPD-OE_Agent_20260709/VPD-OE_Agent/data/raw/ZY/ZY11.xls,现金流量表,59
42a3a9c82be5225d,historical_600_unknown_rule,ZY11,3373,57,3,3,Product_Produce,-30.0,393.0,188:P2 189:P2 190:P2,src_1179379453a7,origin data/VPD-OE_Agent_20260709/VPD-OE_Agent/data/raw/ZY/ZY11.xls,现金流量表,60
ee34cd3e438b2fd3,historical_600_unknown_rule,ZY11,3380,58,3,3,Pay_Overhaul,-10.0,383.0,支付行政管理费,src_1179379453a7,origin data/VPD-OE_Agent_20260709/VPD-OE_Agent/data/raw/ZY/ZY11.xls,现金流量表,61
4b9ae62e25f711d3,historical_600_unknown_rule,ZY11,3385,59,3,4,Pay_Material,-60.0,323.0,支付原料费 R3:3 R2:3,src_1179379453a7,origin data/VPD-OE_Agent_20260709/VPD-OE_Agent/data/raw/ZY/ZY11.xls,现金流量表,62
5f7294132aabf44d,historical_600_unknown_rule,ZY11,3400,60,3,4,Update_Receivable,131.0,454.0,更新应收款,src_1179379453a7,origin data/VPD-OE_Agent_20260709/VPD-OE_Agent/data/raw/ZY/ZY11.xls,现金流量表,63
05854f919dfc5b0a,historical_600_unknown_rule,ZY11,3409,61,3,4,Pay_Overhaul,-10.0,444.0,支付行政管理费,src_1179379453a7,origin data/VPD-OE_Agent_20260709/VPD-OE_Agent/data/raw/ZY/ZY11.xls,现金流量表,64
5914379a13bea74b,historical_600_unknown_rule,ZY11,3410,62,3,4,Pay_Maintenance,-30.0,414.0,支付维护费,src_1179379453a7,origin data/VPD-OE_Agent_20260709/VPD-OE_Agent/data/raw/ZY/ZY11.xls,现金流量表,65
1a4e1136bc4d2aac,historical_600_unknown_rule,ZY11,3731,63,4,1,Pay_Long_Loan,-87.0,327.0,支付长贷本息,src_1179379453a7,origin data/VPD-OE_Agent_20260709/VPD-OE_Agent/data/raw/ZY/ZY11.xls,现金流量表,66
b7c11350eac8723a,historical_600_unknown_rule,ZY11,3732,64,4,1,Pay_AD,-60.0,267.0,广告投放,src_1179379453a7,origin data/VPD-OE_Agent_20260709/VPD-OE_Agent/data/raw/ZY/ZY11.xls,现金流量表,67
20dba1ff07ae49d7,historical_600_unknown_rule,ZY11,4417,65,4,1,Pay_Material,-30.0,237.0,支付原料费 R3:3,src_1179379453a7,origin data/VPD-OE_Agent_20260709/VPD-OE_Agent/data/raw/ZY/ZY11.xls,现金流量表,68
af8df1c194b73bd8,historical_600_unknown_rule,ZY11,4418,66,4,1,Buy_Material,0.0,237.0,订购原料 R2:3 R3:3,src_1179379453a7,origin data/VPD-OE_Agent_20260709/VPD-OE_Agent/data/raw/ZY/ZY11.xls,现金流量表,69
514f6e2fdefb9951,historical_600_unknown_rule,ZY11,4419,67,4,1,Product_Produce,-30.0,207.0,188:P2 189:P2 190:P2,src_1179379453a7,origin data/VPD-OE_Agent_20260709/VPD-OE_Agent/data/raw/ZY/ZY11.xls,现金流量表,70
4f18d4153895668e,historical_600_unknown_rule,ZY11,4420,68,4,1,Update_Receivable,272.0,479.0,更新应收款,src_1179379453a7,origin data/VPD-OE_Agent_20260709/VPD-OE_Agent/data/raw/ZY/ZY11.xls,现金流量表,71
dc0097354e799317,historical_600_unknown_rule,ZY11,4421,69,4,1,Pay_Overhaul,-10.0,469.0,支付行政管理费,src_1179379453a7,origin data/VPD-OE_Agent_20260709/VPD-OE_Agent/data/raw/ZY/ZY11.xls,现金流量表,72
884984ecad38c12a,historical_600_unknown_rule,ZY11,4422,70,4,2,Pay_Material,-30.0,439.0,支付原料费 R2:3,src_1179379453a7,origin data/VPD-OE_Agent_20260709/VPD-OE_Agent/data/raw/ZY/ZY11.xls,现金流量表,73
b0bf76acc5a23290,historical_600_unknown_rule,ZY11,4423,71,4,2,Product_Produce,-30.0,409.0,188:P2 189:P2 190:P2,src_1179379453a7,origin data/VPD-OE_Agent_20260709/VPD-OE_Agent/data/raw/ZY/ZY11.xls,现金流量表,74
0adfa918de3b8a6c,historical_600_unknown_rule,ZY11,4424,72,4,2,Renew_Workshop,-40.0,369.0,厂房续租,src_1179379453a7,origin data/VPD-OE_Agent_20260709/VPD-OE_Agent/data/raw/ZY/ZY11.xls,现金流量表,75
1c6fafd241354d99,historical_600_unknown_rule,ZY11,4425,73,4,2,Pay_Overhaul,-10.0,359.0,支付行政管理费,src_1179379453a7,origin data/VPD-OE_Agent_20260709/VPD-OE_Agent/data/raw/ZY/ZY11.xls,现金流量表,76
09ab39d5945f2814,historical_600_unknown_rule,ZY11,4426,74,4,3,Pay_Material,-30.0,329.0,支付原料费 R3:3,src_1179379453a7,origin data/VPD-OE_Agent_20260709/VPD-OE_Agent/data/raw/ZY/ZY11.xls,现金流量表,77
d20acece2e1e10d7,historical_600_unknown_rule,ZY11,4427,75,4,3,Update_Receivable,384.0,713.0,更新应收款,src_1179379453a7,origin data/VPD-OE_Agent_20260709/VPD-OE_Agent/data/raw/ZY/ZY11.xls,现金流量表,78
2592f564c2800fd6,historical_600_unknown_rule,ZY11,4428,76,4,3,Pay_Overhaul,-10.0,703.0,支付行政管理费,src_1179379453a7,origin data/VPD-OE_Agent_20260709/VPD-OE_Agent/data/raw/ZY/ZY11.xls,现金流量表,79
de4e4e4d8473d5a8,historical_600_unknown_rule,ZY11,4429,77,4,4,Update_Receivable,192.0,895.0,更新应收款,src_1179379453a7,origin data/VPD-OE_Agent_20260709/VPD-OE_Agent/data/raw/ZY/ZY11.xls,现金流量表,80
a4c1b41e70fecb34,historical_600_unknown_rule,ZY11,4430,78,4,4,Pay_Overhaul,-10.0,885.0,支付行政管理费,src_1179379453a7,origin data/VPD-OE_Agent_20260709/VPD-OE_Agent/data/raw/ZY/ZY11.xls,现金流量表,81
ad0edd392d535248,historical_600_unknown_rule,ZY11,4431,79,4,4,Pay_Maintenance,-30.0,855.0,支付维护费,src_1179379453a7,origin data/VPD-OE_Agent_20260709/VPD-OE_Agent/data/raw/ZY/ZY11.xls,现金流量表,82
b5ac9765146bbe36,historical_600_unknown_rule,ZY11,4448,80,5,1,Pay_Long_Loan,-87.0,768.0,支付长贷本息,src_1179379453a7,origin data/VPD-OE_Agent_20260709/VPD-OE_Agent/data/raw/ZY/ZY11.xls,现金流量表,83
906752a1e0dc656d,historical_600_unknown_rule,ZY11,4449,81,5,1,Pay_AD,-60.0,708.0,广告投放,src_1179379453a7,origin data/VPD-OE_Agent_20260709/VPD-OE_Agent/data/raw/ZY/ZY11.xls,现金流量表,84
8424eb8c437d7909,historical_600_unknown_rule,ZY11,4889,82,5,1,Emergency_Buy_Material,-120.0,588.0,"紧急采购原料，数量分别为：0,3,3,0",src_1179379453a7,origin data/VPD-OE_Agent_20260709/VPD-OE_Agent/data/raw/ZY/ZY11.xls,现金流量表,85
6ea3a03a972a39c8,historical_600_unknown_rule,ZY11,4890,83,5,1,Product_Produce,-30.0,558.0,188:P2 189:P2 190:P2,src_1179379453a7,origin data/VPD-OE_Agent_20260709/VPD-OE_Agent/data/raw/ZY/ZY11.xls,现金流量表,86
fdb315988a37e776,historical_600_unknown_rule,ZY11,4894,84,5,1,Buy_Material,0.0,558.0,订购原料 R2:3 R3:3,src_1179379453a7,origin data/VPD-OE_Agent_20260709/VPD-OE_Agent/data/raw/ZY/ZY11.xls,现金流量表,87
917c63320d47aafa,historical_600_unknown_rule,ZY11,4904,85,5,1,Pay_Overhaul,-10.0,548.0,支付行政管理费,src_1179379453a7,origin data/VPD-OE_Agent_20260709/VPD-OE_Agent/data/raw/ZY/ZY11.xls,现金流量表,88
6187dfc9f6ee1fae,historical_600_unknown_rule,ZY11,4910,86,5,2,Pay_Material,-30.0,518.0,支付原料费 R2:3,src_1179379453a7,origin data/VPD-OE_Agent_20260709/VPD-OE_Agent/data/raw/ZY/ZY11.xls,现金流量表,89
c354ba7263b75be9,historical_600_unknown_rule,ZY11,4914,87,5,2,Buy_Material,0.0,518.0,订购原料 R2:3 R3:3,src_1179379453a7,origin data/VPD-OE_Agent_20260709/VPD-OE_Agent/data/raw/ZY/ZY11.xls,现金流量表,90
c0ba1d2dde007963,historical_600_unknown_rule,ZY11,4916,88,5,2,Product_Produce,-30.0,488.0,188:P2 189:P2 190:P2,src_1179379453a7,origin data/VPD-OE_Agent_20260709/VPD-OE_Agent/data/raw/ZY/ZY11.xls,现金流量表,91
20b5cbcd6106ae52,historical_600_unknown_rule,ZY11,4922,89,5,2,Renew_Workshop,-40.0,448.0,厂房续租,src_1179379453a7,origin data/VPD-OE_Agent_20260709/VPD-OE_Agent/data/raw/ZY/ZY11.xls,现金流量表,92
2495835585436756,historical_600_unknown_rule,ZY11,4923,90,5,2,Pay_Overhaul,-10.0,438.0,支付行政管理费,src_1179379453a7,origin data/VPD-OE_Agent_20260709/VPD-OE_Agent/data/raw/ZY/ZY11.xls,现金流量表,93
0a62211ebc865834,historical_600_unknown_rule,ZY11,4926,91,5,3,Pay_Material,-60.0,378.0,支付原料费 R3:3 R2:3,src_1179379453a7,origin data/VPD-OE_Agent_20260709/VPD-OE_Agent/data/raw/ZY/ZY11.xls,现金流量表,94
413679008149df1d,historical_600_unknown_rule,ZY11,4927,92,5,3,Buy_Material,0.0,378.0,订购原料 R2:3 R3:3,src_1179379453a7,origin data/VPD-OE_Agent_20260709/VPD-OE_Agent/data/raw/ZY/ZY11.xls,现金流量表,95
f8d7c0d75bbb0b62,historical_600_unknown_rule,ZY11,4929,93,5,3,Product_Produce,-30.0,348.0,188:P2 189:P2 190:P2,src_1179379453a7,origin data/VPD-OE_Agent_20260709/VPD-OE_Agent/data/raw/ZY/ZY11.xls,现金流量表,96
cfd74d29e27f99b2,historical_600_unknown_rule,ZY11,4930,94,5,3,Update_Receivable,142.0,490.0,更新应收款,src_1179379453a7,origin data/VPD-OE_Agent_20260709/VPD-OE_Agent/data/raw/ZY/ZY11.xls,现金流量表,97
595981cb18762ea3,historical_600_unknown_rule,ZY11,4931,95,5,3,Pay_Overhaul,-10.0,480.0,支付行政管理费,src_1179379453a7,origin data/VPD-OE_Agent_20260709/VPD-OE_Agent/data/raw/ZY/ZY11.xls,现金流量表,98
f0961e60f8c3173e,historical_600_unknown_rule,ZY11,4936,96,5,4,Pay_Material,-60.0,420.0,支付原料费 R3:3 R2:3,src_1179379453a7,origin data/VPD-OE_Agent_20260709/VPD-OE_Agent/data/raw/ZY/ZY11.xls,现金流量表,99
46242f84db8534fa,historical_600_unknown_rule,ZY11,4938,97,5,4,Product_Produce,-30.0,390.0,188:P2 189:P2 190:P2,src_1179379453a7,origin data/VPD-OE_Agent_20260709/VPD-OE_Agent/data/raw/ZY/ZY11.xls,现金流量表,100
24d95c94d03b7bdf,historical_600_unknown_rule,ZY11,4948,98,5,4,Pay_Overhaul,-10.0,380.0,支付行政管理费,src_1179379453a7,origin data/VPD-OE_Agent_20260709/VPD-OE_Agent/data/raw/ZY/ZY11.xls,现金流量表,101
62a2fdf13f41de04,historical_600_unknown_rule,ZY11,4949,99,5,4,Pay_Maintenance,-30.0,350.0,支付维护费,src_1179379453a7,origin data/VPD-OE_Agent_20260709/VPD-OE_Agent/data/raw/ZY/ZY11.xls,现金流量表,102
68e074facdf8ee30,historical_600_unknown_rule,ZY13,2596,1,1,1,Pay_Capital,600.0,600.0,"公司成立,股东注资",src_766e2c00d61c,origin data/VPD-OE_Agent_20260709/VPD-OE_Agent/data/raw/ZY/ZY13.xls,现金流量表,4
2ac314e3a7da579b,historical_600_unknown_rule,ZY13,2597,2,1,1,Long_Loan,1800.0,2400.0,申请:5年 1800W的长期贷款,src_766e2c00d61c,origin data/VPD-OE_Agent_20260709/VPD-OE_Agent/data/raw/ZY/ZY13.xls,现金流量表,5
1c7fe6ad0df38185,historical_600_unknown_rule,ZY13,2598,3,1,1,Rent_Workshop,-40.0,2360.0,租用[大厂房],src_766e2c00d61c,origin data/VPD-OE_Agent_20260709/VPD-OE_Agent/data/raw/ZY/ZY13.xls,现金流量表,6
180c289db46598a8,historical_600_unknown_rule,ZY13,2599,4,1,1,Rent_Workshop,-40.0,2320.0,租用[大厂房],src_766e2c00d61c,origin data/VPD-OE_Agent_20260709/VPD-OE_Agent/data/raw/ZY/ZY13.xls,现金流量表,7
e296da44e23cd8a7,historical_600_unknown_rule,ZY13,2600,5,1,1,Develop_Product,-10.0,2310.0,产品生产资格投资: P4,src_766e2c00d61c,origin data/VPD-OE_Agent_20260709/VPD-OE_Agent/data/raw/ZY/ZY13.xls,现金流量表,8
d951de9f7c938fba,historical_600_unknown_rule,ZY13,2601,6,1,1,Pay_Overhaul,-10.0,2300.0,支付行政管理费,src_766e2c00d61c,origin data/VPD-OE_Agent_20260709/VPD-OE_Agent/data/raw/ZY/ZY13.xls,现金流量表,9
b2c0c8d0d1b5aee0,historical_600_unknown_rule,ZY13,2602,7,1,2,Develop_Product,-10.0,2290.0,产品生产资格投资: P4,src_766e2c00d61c,origin data/VPD-OE_Agent_20260709/VPD-OE_Agent/data/raw/ZY/ZY13.xls,现金流量表,10
46b5719b3e4b1282,historical_600_unknown_rule,ZY13,2603,8,1,2,Pay_Overhaul,-10.0,2280.0,支付行政管理费,src_766e2c00d61c,origin data/VPD-OE_Agent_20260709/VPD-OE_Agent/data/raw/ZY/ZY13.xls,现金流量表,11
afb933b90c4d6dbc,historical_600_unknown_rule,ZY13,2604,9,1,3,Buy_ProductLine,-50.0,2230.0,订购[自动线]生产[P4],src_766e2c00d61c,origin data/VPD-OE_Agent_20260709/VPD-OE_Agent/data/raw/ZY/ZY13.xls,现金流量表,12
3646693d3596179b,historical_600_unknown_rule,ZY13,2605,10,1,3,Buy_ProductLine,-50.0,2180.0,订购[自动线]生产[P4],src_766e2c00d61c,origin data/VPD-OE_Agent_20260709/VPD-OE_Agent/data/raw/ZY/ZY13.xls,现金流量表,13
94f8135d8d74e96b,historical_600_unknown_rule,ZY13,2606,11,1,3,Buy_ProductLine,-50.0,2130.0,订购[自动线]生产[P4],src_766e2c00d61c,origin data/VPD-OE_Agent_20260709/VPD-OE_Agent/data/raw/ZY/ZY13.xls,现金流量表,14
8e0d892a839888bc,historical_600_unknown_rule,ZY13,2607,12,1,3,Buy_ProductLine,-50.0,2080.0,订购[自动线]生产[P4],src_766e2c00d61c,origin data/VPD-OE_Agent_20260709/VPD-OE_Agent/data/raw/ZY/ZY13.xls,现金流量表,15
4e472e87d6302fa9,historical_600_unknown_rule,ZY13,2608,13,1,3,Buy_ProductLine,-50.0,2030.0,订购[自动线]生产[P4],src_766e2c00d61c,origin data/VPD-OE_Agent_20260709/VPD-OE_Agent/data/raw/ZY/ZY13.xls,现金流量表,16
23d91c2467ca8e75,historical_600_unknown_rule,ZY13,2609,14,1,3,Develop_Product,-10.0,2020.0,产品生产资格投资: P4,src_766e2c00d61c,origin data/VPD-OE_Agent_20260709/VPD-OE_Agent/data/raw/ZY/ZY13.xls,现金流量表,17
175338ff8a2f5b04,historical_600_unknown_rule,ZY13,2610,15,1,3,Pay_Overhaul,-10.0,2010.0,支付行政管理费,src_766e2c00d61c,origin data/VPD-OE_Agent_20260709/VPD-OE_Agent/data/raw/ZY/ZY13.xls,现金流量表,18
1f1c7abc7c9305e7,historical_600_unknown_rule,ZY13,2611,16,1,4,Buy_Material,0.0,2010.0,订购原料 R3:5 R4:5,src_766e2c00d61c,origin data/VPD-OE_Agent_20260709/VPD-OE_Agent/data/raw/ZY/ZY13.xls,现金流量表,19
5fdfc775f663b612,historical_600_unknown_rule,ZY13,2612,17,1,4,Invest_ProductLine,-250.0,1760.0,投资在建生产线,src_766e2c00d61c,origin data/VPD-OE_Agent_20260709/VPD-OE_Agent/data/raw/ZY/ZY13.xls,现金流量表,20
43608a758c2afa5f,historical_600_unknown_rule,ZY13,2613,18,1,4,Develop_Product,-10.0,1750.0,产品生产资格投资: P4,src_766e2c00d61c,origin data/VPD-OE_Agent_20260709/VPD-OE_Agent/data/raw/ZY/ZY13.xls,现金流量表,21
76a560adc724d738,historical_600_unknown_rule,ZY13,2614,19,1,4,Develop_ISO,-30.0,1720.0,"ISO认证资格投资,开发：ISO9000 ISO14000",src_766e2c00d61c,origin data/VPD-OE_Agent_20260709/VPD-OE_Agent/data/raw/ZY/ZY13.xls,现金流量表,22
311b21f5cf0fe257,historical_600_unknown_rule,ZY13,2615,20,1,4,Develop_Market,-50.0,1670.0,"市场开拓资格投资,开发项目:本地 区域 国内 亚洲 国际",src_766e2c00d61c,origin data/VPD-OE_Agent_20260709/VPD-OE_Agent/data/raw/ZY/ZY13.xls,现金流量表,23
5e1a67f71e48870a,historical_600_unknown_rule,ZY13,2616,21,1,4,Pay_Overhaul,-10.0,1660.0,支付行政管理费,src_766e2c00d61c,origin data/VPD-OE_Agent_20260709/VPD-OE_Agent/data/raw/ZY/ZY13.xls,现金流量表,24
281ba67f369d4620,historical_600_unknown_rule,ZY13,2663,22,2,1,Pay_Long_Loan,-180.0,1480.0,支付长贷本息,src_766e2c00d61c,origin data/VPD-OE_Agent_20260709/VPD-OE_Agent/data/raw/ZY/ZY13.xls,现金流量表,25
191885b92a2cd79f,historical_600_unknown_rule,ZY13,2664,23,2,1,Pay_AD,-60.0,1420.0,广告投放,src_766e2c00d61c,origin data/VPD-OE_Agent_20260709/VPD-OE_Agent/data/raw/ZY/ZY13.xls,现金流量表,26
045218dd7c07d627,historical_600_unknown_rule,ZY13,2894,24,2,1,Invest_ProductLine,-250.0,1170.0,投资在建生产线,src_766e2c00d61c,origin data/VPD-OE_Agent_20260709/VPD-OE_Agent/data/raw/ZY/ZY13.xls,现金流量表,27
45e19d1a4cc3e0ed,historical_600_unknown_rule,ZY13,2902,25,2,1,Buy_Material,0.0,1170.0,订购原料 R2:10 R3:5 R4:5,src_766e2c00d61c,origin data/VPD-OE_Agent_20260709/VPD-OE_Agent/data/raw/ZY/ZY13.xls,现金流量表,28
340ab20175893f89,historical_600_unknown_rule,ZY13,2904,26,2,1,Develop_Product,-10.0,1160.0,产品生产资格投资: P4,src_766e2c00d61c,origin data/VPD-OE_Agent_20260709/VPD-OE_Agent/data/raw/ZY/ZY13.xls,现金流量表,29
8e71075c1de3c863,historical_600_unknown_rule,ZY13,2908,27,2,1,Renew_Workshop,-80.0,1080.0,厂房续租,src_766e2c00d61c,origin data/VPD-OE_Agent_20260709/VPD-OE_Agent/data/raw/ZY/ZY13.xls,现金流量表,30
c75c686e3e4fae71,historical_600_unknown_rule,ZY13,2909,28,2,1,Pay_Overhaul,-10.0,1070.0,支付行政管理费,src_766e2c00d61c,origin data/VPD-OE_Agent_20260709/VPD-OE_Agent/data/raw/ZY/ZY13.xls,现金流量表,31
a94d5fa05f24405d,historical_600_unknown_rule,ZY13,2915,29,2,2,Pay_Material,-200.0,870.0,支付原料费 R3:5 R4:5 R2:10,src_766e2c00d61c,origin data/VPD-OE_Agent_20260709/VPD-OE_Agent/data/raw/ZY/ZY13.xls,现金流量表,32
a2274667f9c579f3,historical_600_unknown_rule,ZY13,2920,30,2,2,Buy_Material,0.0,870.0,订购原料 R2:10 R3:5 R4:5,src_766e2c00d61c,origin data/VPD-OE_Agent_20260709/VPD-OE_Agent/data/raw/ZY/ZY13.xls,现金流量表,33
9665721ef5459060,historical_600_unknown_rule,ZY13,2922,31,2,2,Product_Produce,-50.0,820.0,199:P4 200:P4 201:P4 202:P4 203:P4,src_766e2c00d61c,origin data/VPD-OE_Agent_20260709/VPD-OE_Agent/data/raw/ZY/ZY13.xls,现金流量表,34
cfcd32db05772ac7,historical_600_unknown_rule,ZY13,2927,32,2,2,Pay_Overhaul,-10.0,810.0,支付行政管理费,src_766e2c00d61c,origin data/VPD-OE_Agent_20260709/VPD-OE_Agent/data/raw/ZY/ZY13.xls,现金流量表,35
5f29cd3b2c8fd0c3,historical_600_unknown_rule,ZY13,2928,33,2,3,Pay_Material,-200.0,610.0,支付原料费 R3:5 R4:5 R2:10,src_766e2c00d61c,origin data/VPD-OE_Agent_20260709/VPD-OE_Agent/data/raw/ZY/ZY13.xls,现金流量表,36
e70ee0f5c0e5ad22,historical_600_unknown_rule,ZY13,2931,34,2,3,Buy_Material,0.0,610.0,订购原料 R2:10 R3:5 R4:5,src_766e2c00d61c,origin data/VPD-OE_Agent_20260709/VPD-OE_Agent/data/raw/ZY/ZY13.xls,现金流量表,37
1a812e13b7e6962e,historical_600_unknown_rule,ZY13,2933,35,2,3,Product_Produce,-50.0,560.0,199:P4 200:P4 201:P4 202:P4 203:P4,src_766e2c00d61c,origin data/VPD-OE_Agent_20260709/VPD-OE_Agent/data/raw/ZY/ZY13.xls,现金流量表,38
9918897b4eb8f580,historical_600_unknown_rule,ZY13,2939,36,2,3,Pay_Overhaul,-10.0,550.0,支付行政管理费,src_766e2c00d61c,origin data/VPD-OE_Agent_20260709/VPD-OE_Agent/data/raw/ZY/ZY13.xls,现金流量表,39
36a3adb430cd36ab,historical_600_unknown_rule,ZY13,2943,37,2,4,Pay_Material,-200.0,350.0,支付原料费 R3:5 R4:5 R2:10,src_766e2c00d61c,origin data/VPD-OE_Agent_20260709/VPD-OE_Agent/data/raw/ZY/ZY13.xls,现金流量表,40
158225ff4dc683b5,historical_600_unknown_rule,ZY13,2948,38,2,4,Buy_Material,0.0,350.0,订购原料 R2:10 R3:5 R4:5,src_766e2c00d61c,origin data/VPD-OE_Agent_20260709/VPD-OE_Agent/data/raw/ZY/ZY13.xls,现金流量表,41
fd2c61d9d255f54a,historical_600_unknown_rule,ZY13,2951,39,2,4,Product_Produce,-50.0,300.0,199:P4 200:P4 201:P4 202:P4 203:P4,src_766e2c00d61c,origin data/VPD-OE_Agent_20260709/VPD-OE_Agent/data/raw/ZY/ZY13.xls,现金流量表,42
2d27e2ac688e9cb6,historical_600_unknown_rule,ZY13,2953,40,2,4,Update_Receivable,481.0,781.0,更新应收款,src_766e2c00d61c,origin data/VPD-OE_Agent_20260709/VPD-OE_Agent/data/raw/ZY/ZY13.xls,现金流量表,43
45d3ba09bdb677d7,historical_600_unknown_rule,ZY13,2957,41,2,4,Develop_Product,-10.0,771.0,产品生产资格投资: P3,src_766e2c00d61c,origin data/VPD-OE_Agent_20260709/VPD-OE_Agent/data/raw/ZY/ZY13.xls,现金流量表,44
881ae83d117dbb1d,historical_600_unknown_rule,ZY13,2958,42,2,4,Develop_Market,-30.0,741.0,"市场开拓资格投资,开发项目:国内 亚洲 国际",src_766e2c00d61c,origin data/VPD-OE_Agent_20260709/VPD-OE_Agent/data/raw/ZY/ZY13.xls,现金流量表,45
825ae3d8ed5391f1,historical_600_unknown_rule,ZY13,2963,43,2,4,Develop_ISO,-30.0,711.0,"ISO认证资格投资,开发：ISO9000 ISO14000",src_766e2c00d61c,origin data/VPD-OE_Agent_20260709/VPD-OE_Agent/data/raw/ZY/ZY13.xls,现金流量表,46
4d90c88995f2d203,historical_600_unknown_rule,ZY13,2979,44,2,4,Pay_Overhaul,-10.0,701.0,支付行政管理费,src_766e2c00d61c,origin data/VPD-OE_Agent_20260709/VPD-OE_Agent/data/raw/ZY/ZY13.xls,现金流量表,47
cd697e5e3579c33e,historical_600_unknown_rule,ZY13,2980,45,2,4,Pay_Maintenance,-50.0,651.0,支付维护费,src_766e2c00d61c,origin data/VPD-OE_Agent_20260709/VPD-OE_Agent/data/raw/ZY/ZY13.xls,现金流量表,48
68b9d6cfeb0c509f,historical_600_unknown_rule,ZY13,3231,46,3,1,Pay_Long_Loan,-180.0,471.0,支付长贷本息,src_766e2c00d61c,origin data/VPD-OE_Agent_20260709/VPD-OE_Agent/data/raw/ZY/ZY13.xls,现金流量表,49
6fff52eab3694bd6,historical_600_unknown_rule,ZY13,3232,47,3,1,Pay_AD,-60.0,411.0,广告投放,src_766e2c00d61c,origin data/VPD-OE_Agent_20260709/VPD-OE_Agent/data/raw/ZY/ZY13.xls,现金流量表,50
65cb51d83df7be6d,historical_600_unknown_rule,ZY13,3283,48,3,1,Pay_Material,-200.0,211.0,支付原料费 R3:5 R4:5 R2:10,src_766e2c00d61c,origin data/VPD-OE_Agent_20260709/VPD-OE_Agent/data/raw/ZY/ZY13.xls,现金流量表,51
796373d6f850afeb,historical_600_unknown_rule,ZY13,3291,49,3,1,Buy_Material,0.0,211.0,订购原料 R2:10 R3:5 R4:5,src_766e2c00d61c,origin data/VPD-OE_Agent_20260709/VPD-OE_Agent/data/raw/ZY/ZY13.xls,现金流量表,52
cdfcd2b134e52f26,historical_600_unknown_rule,ZY13,3296,50,3,1,Product_Produce,-50.0,161.0,199:P4 200:P4 201:P4 202:P4 203:P4,src_766e2c00d61c,origin data/VPD-OE_Agent_20260709/VPD-OE_Agent/data/raw/ZY/ZY13.xls,现金流量表,53
2b65f4c437f53d2b,historical_600_unknown_rule,ZY13,3311,51,3,1,Renew_Workshop,-80.0,81.0,厂房续租,src_766e2c00d61c,origin data/VPD-OE_Agent_20260709/VPD-OE_Agent/data/raw/ZY/ZY13.xls,现金流量表,54
0edd8a33c50d0dde,historical_600_unknown_rule,ZY13,3312,52,3,1,Pay_Overhaul,-10.0,71.0,支付行政管理费,src_766e2c00d61c,origin data/VPD-OE_Agent_20260709/VPD-OE_Agent/data/raw/ZY/ZY13.xls,现金流量表,55
f5aeae3f7a6e3b6d,historical_600_unknown_rule,ZY13,3324,53,3,2,Discount,180.0,251.0,"1期贴现:0W,2期贴现:200W,3期贴现:0W,4期贴现:0W",src_766e2c00d61c,origin data/VPD-OE_Agent_20260709/VPD-OE_Agent/data/raw/ZY/ZY13.xls,现金流量表,56
99d1eb95adf83d8a,historical_600_unknown_rule,ZY13,3329,54,3,2,Pay_Material,-200.0,51.0,支付原料费 R3:5 R4:5 R2:10,src_766e2c00d61c,origin data/VPD-OE_Agent_20260709/VPD-OE_Agent/data/raw/ZY/ZY13.xls,现金流量表,57
48f74dfc6eb70b86,historical_600_unknown_rule,ZY13,3345,55,3,2,Buy_Material,0.0,51.0,订购原料 R2:10 R3:5 R4:5,src_766e2c00d61c,origin data/VPD-OE_Agent_20260709/VPD-OE_Agent/data/raw/ZY/ZY13.xls,现金流量表,58
ecaba4a5f4f58ce9,historical_600_unknown_rule,ZY13,3349,56,3,2,Product_Produce,-50.0,1.0,199:P4 200:P4 201:P4 202:P4 203:P4,src_766e2c00d61c,origin data/VPD-OE_Agent_20260709/VPD-OE_Agent/data/raw/ZY/ZY13.xls,现金流量表,59
c9a44b1e38443a40,historical_600_unknown_rule,ZY13,3352,57,3,2,Update_Receivable,581.0,582.0,更新应收款,src_766e2c00d61c,origin data/VPD-OE_Agent_20260709/VPD-OE_Agent/data/raw/ZY/ZY13.xls,现金流量表,60
be493374314fa89c,historical_600_unknown_rule,ZY13,3367,58,3,2,Pay_Overhaul,-10.0,572.0,支付行政管理费,src_766e2c00d61c,origin data/VPD-OE_Agent_20260709/VPD-OE_Agent/data/raw/ZY/ZY13.xls,现金流量表,61
79bee5c20bfe41bc,historical_600_unknown_rule,ZY13,3378,59,3,3,Pay_Material,-200.0,372.0,支付原料费 R3:5 R4:5 R2:10,src_766e2c00d61c,origin data/VPD-OE_Agent_20260709/VPD-OE_Agent/data/raw/ZY/ZY13.xls,现金流量表,62
caba852d99c5eaca,historical_600_unknown_rule,ZY13,3383,60,3,3,Product_Produce,-50.0,322.0,199:P4 200:P4 201:P4 202:P4 203:P4,src_766e2c00d61c,origin data/VPD-OE_Agent_20260709/VPD-OE_Agent/data/raw/ZY/ZY13.xls,现金流量表,63
6e5767595c313146,historical_600_unknown_rule,ZY13,3387,61,3,3,Buy_ProductLine,-50.0,272.0,订购[自动线]生产[P3],src_766e2c00d61c,origin data/VPD-OE_Agent_20260709/VPD-OE_Agent/data/raw/ZY/ZY13.xls,现金流量表,64
9ffb2fbbfc352806,historical_600_unknown_rule,ZY13,3391,62,3,3,Buy_ProductLine,-50.0,222.0,订购[自动线]生产[P3],src_766e2c00d61c,origin data/VPD-OE_Agent_20260709/VPD-OE_Agent/data/raw/ZY/ZY13.xls,现金流量表,65
c6acad415c14dc7a,historical_600_unknown_rule,ZY13,3393,63,3,3,Buy_ProductLine,-50.0,172.0,订购[自动线]生产[P3],src_766e2c00d61c,origin data/VPD-OE_Agent_20260709/VPD-OE_Agent/data/raw/ZY/ZY13.xls,现金流量表,66
412acfc8afbc2b48,historical_600_unknown_rule,ZY13,3398,64,3,3,Buy_Material,0.0,172.0,订购原料 R2:10 R3:5 R4:5,src_766e2c00d61c,origin data/VPD-OE_Agent_20260709/VPD-OE_Agent/data/raw/ZY/ZY13.xls,现金流量表,67
5879bdcfa880e9b9,historical_600_unknown_rule,ZY13,3404,65,3,3,Update_Receivable,784.0,956.0,更新应收款,src_766e2c00d61c,origin data/VPD-OE_Agent_20260709/VPD-OE_Agent/data/raw/ZY/ZY13.xls,现金流量表,68
2a9e00c98b103101,historical_600_unknown_rule,ZY13,3413,66,3,3,Develop_Product,-10.0,946.0,产品生产资格投资: P3,src_766e2c00d61c,origin data/VPD-OE_Agent_20260709/VPD-OE_Agent/data/raw/ZY/ZY13.xls,现金流量表,69
84b594d5c318b757,historical_600_unknown_rule,ZY13,3418,67,3,3,Pay_Overhaul,-10.0,936.0,支付行政管理费,src_766e2c00d61c,origin data/VPD-OE_Agent_20260709/VPD-OE_Agent/data/raw/ZY/ZY13.xls,现金流量表,70
a9fcbb07f5e48ab0,historical_600_unknown_rule,ZY13,3424,68,3,4,Pay_Material,-200.0,736.0,支付原料费 R3:5 R4:5 R2:10,src_766e2c00d61c,origin data/VPD-OE_Agent_20260709/VPD-OE_Agent/data/raw/ZY/ZY13.xls,现金流量表,71
2dd7325910bf191b,historical_600_unknown_rule,ZY13,3431,69,3,4,Product_Produce,-50.0,686.0,199:P4 200:P4 201:P4 202:P4 203:P4,src_766e2c00d61c,origin data/VPD-OE_Agent_20260709/VPD-OE_Agent/data/raw/ZY/ZY13.xls,现金流量表,72
a375f4a74fe9def4,historical_600_unknown_rule,ZY13,3446,70,3,4,Buy_Material,0.0,686.0,订购原料 R2:10 R3:8 R4:8,src_766e2c00d61c,origin data/VPD-OE_Agent_20260709/VPD-OE_Agent/data/raw/ZY/ZY13.xls,现金流量表,73
2cb7372ebdf111f0,historical_600_unknown_rule,ZY13,3470,71,3,4,Invest_ProductLine,-150.0,536.0,投资在建生产线,src_766e2c00d61c,origin data/VPD-OE_Agent_20260709/VPD-OE_Agent/data/raw/ZY/ZY13.xls,现金流量表,74
27e4cc5c0b578271,historical_600_unknown_rule,ZY13,3479,72,3,4,Develop_Product,-10.0,526.0,产品生产资格投资: P3,src_766e2c00d61c,origin data/VPD-OE_Agent_20260709/VPD-OE_Agent/data/raw/ZY/ZY13.xls,现金流量表,75
725d57a8153e8a05,historical_600_unknown_rule,ZY13,3483,73,3,4,Develop_Market,-20.0,506.0,"市场开拓资格投资,开发项目:亚洲 国际",src_766e2c00d61c,origin data/VPD-OE_Agent_20260709/VPD-OE_Agent/data/raw/ZY/ZY13.xls,现金流量表,76
4c134898a7a5b2d4,historical_600_unknown_rule,ZY13,3496,74,3,4,Pay_Overhaul,-10.0,496.0,支付行政管理费,src_766e2c00d61c,origin data/VPD-OE_Agent_20260709/VPD-OE_Agent/data/raw/ZY/ZY13.xls,现金流量表,77
9e3639964b681351,historical_600_unknown_rule,ZY13,3497,75,3,4,Pay_Maintenance,-50.0,446.0,支付维护费,src_766e2c00d61c,origin data/VPD-OE_Agent_20260709/VPD-OE_Agent/data/raw/ZY/ZY13.xls,现金流量表,78
40ce98a1361f1ea4,historical_600_unknown_rule,ZY13,3635,76,4,1,Pay_Long_Loan,-180.0,266.0,支付长贷本息,src_766e2c00d61c,origin data/VPD-OE_Agent_20260709/VPD-OE_Agent/data/raw/ZY/ZY13.xls,现金流量表,79
934a5183c7c42bd3,historical_600_unknown_rule,ZY13,3636,77,4,1,Pay_AD,-180.0,86.0,广告投放,src_766e2c00d61c,origin data/VPD-OE_Agent_20260709/VPD-OE_Agent/data/raw/ZY/ZY13.xls,现金流量表,80
95c9321f8c74df5d,historical_600_unknown_rule,ZY13,3716,78,4,1,Sell_Inventory_Product,200.0,286.0,"出售库存产品,直接成本:200W",src_766e2c00d61c,origin data/VPD-OE_Agent_20260709/VPD-OE_Agent/data/raw/ZY/ZY13.xls,现金流量表,81
839dd040e6c3b6e7,historical_600_unknown_rule,ZY13,4246,79,4,1,Sell_Inventory_Product,50.0,336.0,"出售库存产品,直接成本:50W",src_766e2c00d61c,origin data/VPD-OE_Agent_20260709/VPD-OE_Agent/data/raw/ZY/ZY13.xls,现金流量表,82
c50b7f5989e5a318,historical_600_unknown_rule,ZY13,4247,80,4,1,Pay_Material,-200.0,136.0,支付原料费 R3:5 R4:5 R2:10,src_766e2c00d61c,origin data/VPD-OE_Agent_20260709/VPD-OE_Agent/data/raw/ZY/ZY13.xls,现金流量表,83
442954df07acd41f,historical_600_unknown_rule,ZY13,4251,81,4,1,Buy_Material,0.0,136.0,订购原料 R1:1 R2:10 R3:6 R4:6,src_766e2c00d61c,origin data/VPD-OE_Agent_20260709/VPD-OE_Agent/data/raw/ZY/ZY13.xls,现金流量表,84
42aa6658acdd19a4,historical_600_unknown_rule,ZY13,4253,82,4,1,Invest_ProductLine,-50.0,86.0,投资在建生产线,src_766e2c00d61c,origin data/VPD-OE_Agent_20260709/VPD-OE_Agent/data/raw/ZY/ZY13.xls,现金流量表,85
f270b20dd66551eb,historical_600_unknown_rule,ZY13,4254,83,4,1,Product_Produce,-50.0,36.0,199:P4 200:P4 201:P4 202:P4 203:P4,src_766e2c00d61c,origin data/VPD-OE_Agent_20260709/VPD-OE_Agent/data/raw/ZY/ZY13.xls,现金流量表,86
2a844003868e31fc,historical_600_unknown_rule,ZY13,4256,84,4,1,Develop_Product,-10.0,26.0,产品生产资格投资: P3,src_766e2c00d61c,origin data/VPD-OE_Agent_20260709/VPD-OE_Agent/data/raw/ZY/ZY13.xls,现金流量表,87
9b518391aaffaa8c,historical_600_unknown_rule,ZY13,4258,85,4,1,Sell_Product,371.0,397.0,订单交货,src_766e2c00d61c,origin data/VPD-OE_Agent_20260709/VPD-OE_Agent/data/raw/ZY/ZY13.xls,现金流量表,88
ef52d7a148675d93,historical_600_unknown_rule,ZY13,4259,86,4,1,Renew_Workshop,-80.0,317.0,厂房续租,src_766e2c00d61c,origin data/VPD-OE_Agent_20260709/VPD-OE_Agent/data/raw/ZY/ZY13.xls,现金流量表,89
489024b3dbbab1d4,historical_600_unknown_rule,ZY13,4260,87,4,1,Pay_Overhaul,-10.0,307.0,支付行政管理费,src_766e2c00d61c,origin data/VPD-OE_Agent_20260709/VPD-OE_Agent/data/raw/ZY/ZY13.xls,现金流量表,90
43e7a2bcfab7f6df,historical_600_unknown_rule,ZY13,4263,88,4,2,Pay_Material,-270.0,37.0,支付原料费 R3:8 R4:8 R1:1 R2:10,src_766e2c00d61c,origin data/VPD-OE_Agent_20260709/VPD-OE_Agent/data/raw/ZY/ZY13.xls,现金流量表,91
f62436a62afe0cda,historical_600_unknown_rule,ZY13,4264,89,4,2,Discount,180.0,217.0,"1期贴现:0W,2期贴现:200W,3期贴现:0W,4期贴现:0W",src_766e2c00d61c,origin data/VPD-OE_Agent_20260709/VPD-OE_Agent/data/raw/ZY/ZY13.xls,现金流量表,92
e02992b0d40f3165,historical_600_unknown_rule,ZY13,4265,90,4,2,Product_Produce,-60.0,157.0,199:P4 200:P4 201:P4 202:P4 203:P4 225:P3,src_766e2c00d61c,origin data/VPD-OE_Agent_20260709/VPD-OE_Agent/data/raw/ZY/ZY13.xls,现金流量表,93
a106761163481305,historical_600_unknown_rule,ZY13,4266,91,4,2,Buy_Material,0.0,157.0,订购原料 R1:3 R2:10 R3:8 R4:8,src_766e2c00d61c,origin data/VPD-OE_Agent_20260709/VPD-OE_Agent/data/raw/ZY/ZY13.xls,现金流量表,94
37f8f4872da9c1bc,historical_600_unknown_rule,ZY13,4267,92,4,2,Invest_ProductLine,-100.0,57.0,投资在建生产线,src_766e2c00d61c,origin data/VPD-OE_Agent_20260709/VPD-OE_Agent/data/raw/ZY/ZY13.xls,现金流量表,95
a52fb2e0efed00d4,historical_600_unknown_rule,ZY13,4268,93,4,2,Update_Receivable,310.0,367.0,更新应收款,src_766e2c00d61c,origin data/VPD-OE_Agent_20260709/VPD-OE_Agent/data/raw/ZY/ZY13.xls,现金流量表,96
aee123094222c0d8,historical_600_unknown_rule,ZY13,4269,94,4,2,Pay_Overhaul,-10.0,357.0,支付行政管理费,src_766e2c00d61c,origin data/VPD-OE_Agent_20260709/VPD-OE_Agent/data/raw/ZY/ZY13.xls,现金流量表,97
58876e5ef6633903,historical_600_unknown_rule,ZY13,4270,95,4,3,Pay_Material,-250.0,107.0,支付原料费 R3:6 R4:6 R1:3 R2:10,src_766e2c00d61c,origin data/VPD-OE_Agent_20260709/VPD-OE_Agent/data/raw/ZY/ZY13.xls,现金流量表,98
93e591cdac21f507,historical_600_unknown_rule,ZY13,4271,96,4,3,Buy_Material,0.0,107.0,订购原料 R1:3 R2:10 R3:8 R4:8,src_766e2c00d61c,origin data/VPD-OE_Agent_20260709/VPD-OE_Agent/data/raw/ZY/ZY13.xls,现金流量表,99
268314ed48efb992,historical_600_unknown_rule,ZY13,4272,97,4,3,Product_Produce,-80.0,27.0,199:P4 200:P4 201:P4 202:P4 203:P4 225:P3 226:P3 227:P3,src_766e2c00d61c,origin data/VPD-OE_Agent_20260709/VPD-OE_Agent/data/raw/ZY/ZY13.xls,现金流量表,100
58e9b4b8acc2e6b2,historical_600_unknown_rule,ZY13,4273,98,4,3,Update_Receivable,281.0,308.0,更新应收款,src_766e2c00d61c,origin data/VPD-OE_Agent_20260709/VPD-OE_Agent/data/raw/ZY/ZY13.xls,现金流量表,101
e64b3546a0cffb3f,historical_600_unknown_rule,ZY13,4274,99,4,3,Pay_Overhaul,-10.0,298.0,支付行政管理费,src_766e2c00d61c,origin data/VPD-OE_Agent_20260709/VPD-OE_Agent/data/raw/ZY/ZY13.xls,现金流量表,102
e70fdeeef94d4aba,historical_600_unknown_rule,ZY13,4275,100,4,4,Pay_Material,-290.0,8.0,支付原料费 R3:8 R4:8 R1:3 R2:10,src_766e2c00d61c,origin data/VPD-OE_Agent_20260709/VPD-OE_Agent/data/raw/ZY/ZY13.xls,现金流量表,103
06c1adfbb320d50c,historical_600_unknown_rule,ZY13,4276,101,4,4,Buy_Material,0.0,8.0,订购原料 R1:3 R2:10 R3:8 R4:8,src_766e2c00d61c,origin data/VPD-OE_Agent_20260709/VPD-OE_Agent/data/raw/ZY/ZY13.xls,现金流量表,104
091d7ebe28c9f1de,historical_600_unknown_rule,ZY13,4277,102,4,4,Discount,90.0,98.0,"1期贴现:100W,2期贴现:0W,3期贴现:0W,4期贴现:0W",src_766e2c00d61c,origin data/VPD-OE_Agent_20260709/VPD-OE_Agent/data/raw/ZY/ZY13.xls,现金流量表,105
3d7f9b2a682f2104,historical_600_unknown_rule,ZY13,4278,103,4,4,Product_Produce,-80.0,18.0,199:P4 200:P4 201:P4 202:P4 203:P4 225:P3 226:P3 227:P3,src_766e2c00d61c,origin data/VPD-OE_Agent_20260709/VPD-OE_Agent/data/raw/ZY/ZY13.xls,现金流量表,106
391eb16e94dd76c5,historical_600_unknown_rule,ZY13,4279,104,4,4,Update_Receivable,879.0,897.0,更新应收款,src_766e2c00d61c,origin data/VPD-OE_Agent_20260709/VPD-OE_Agent/data/raw/ZY/ZY13.xls,现金流量表,107
b2a1da0e4d81cd94,historical_600_unknown_rule,ZY13,4280,105,4,4,Develop_Market,-10.0,887.0,"市场开拓资格投资,开发项目:国际",src_766e2c00d61c,origin data/VPD-OE_Agent_20260709/VPD-OE_Agent/data/raw/ZY/ZY13.xls,现金流量表,108
49c0985e5d1db68e,historical_600_unknown_rule,ZY13,4281,106,4,4,Pay_Overhaul,-10.0,877.0,支付行政管理费,src_766e2c00d61c,origin data/VPD-OE_Agent_20260709/VPD-OE_Agent/data/raw/ZY/ZY13.xls,现金流量表,109
7c5ab742d56a80ce,historical_600_unknown_rule,ZY13,4282,107,4,4,Pay_Maintenance,-80.0,797.0,支付维护费,src_766e2c00d61c,origin data/VPD-OE_Agent_20260709/VPD-OE_Agent/data/raw/ZY/ZY13.xls,现金流量表,110
2773b98e069ea385,historical_600_unknown_rule,ZY13,4452,108,5,1,Pay_Tax,-60.0,737.0,支付上一年税金,src_766e2c00d61c,origin data/VPD-OE_Agent_20260709/VPD-OE_Agent/data/raw/ZY/ZY13.xls,现金流量表,111
900e9bbcdb70e767,historical_600_unknown_rule,ZY13,4453,109,5,1,Pay_Long_Loan,-180.0,557.0,支付长贷本息,src_766e2c00d61c,origin data/VPD-OE_Agent_20260709/VPD-OE_Agent/data/raw/ZY/ZY13.xls,现金流量表,112
4fc3fc6e0e1ca4bd,historical_600_unknown_rule,ZY13,4454,110,5,1,Pay_AD,-187.0,370.0,广告投放,src_766e2c00d61c,origin data/VPD-OE_Agent_20260709/VPD-OE_Agent/data/raw/ZY/ZY13.xls,现金流量表,113
64dd2d694590231a,historical_600_unknown_rule,ZY13,4483,111,5,1,Auction_Win,-10.0,360.0,竞单成功，获得订单:J53-0030,src_766e2c00d61c,origin data/VPD-OE_Agent_20260709/VPD-OE_Agent/data/raw/ZY/ZY13.xls,现金流量表,114
97ae0dbdd70e940c,historical_600_unknown_rule,ZY13,4485,112,5,1,Auction_Win,-10.0,350.0,竞单成功，获得订单:J55-0032,src_766e2c00d61c,origin data/VPD-OE_Agent_20260709/VPD-OE_Agent/data/raw/ZY/ZY13.xls,现金流量表,115
11c915d974f043e7,historical_600_unknown_rule,ZY13,4981,113,5,1,Long_Loan,534.0,884.0,申请:4年 534W的长期贷款,src_766e2c00d61c,origin data/VPD-OE_Agent_20260709/VPD-OE_Agent/data/raw/ZY/ZY13.xls,现金流量表,116
9d2cc978a30704e1,historical_600_unknown_rule,ZY13,4984,114,5,1,Pay_Material,-290.0,594.0,支付原料费 R3:8 R4:8 R1:3 R2:10,src_766e2c00d61c,origin data/VPD-OE_Agent_20260709/VPD-OE_Agent/data/raw/ZY/ZY13.xls,现金流量表,117
3eb2c706084c67b7,historical_600_unknown_rule,ZY13,4985,115,5,1,Product_Produce,-80.0,514.0,199:P4 200:P4 201:P4 202:P4 203:P4 225:P3 226:P3 227:P3,src_766e2c00d61c,origin data/VPD-OE_Agent_20260709/VPD-OE_Agent/data/raw/ZY/ZY13.xls,现金流量表,118
281c737ae3324708,historical_600_unknown_rule,ZY13,4993,116,5,1,Buy_Material,0.0,514.0,订购原料 R1:8 R2:2 R3:3 R4:3,src_766e2c00d61c,origin data/VPD-OE_Agent_20260709/VPD-OE_Agent/data/raw/ZY/ZY13.xls,现金流量表,119
d3d91eb35bdbbfbf,historical_600_unknown_rule,ZY13,4995,117,5,1,Develop_Product,-20.0,494.0,产品生产资格投资: P1 P2,src_766e2c00d61c,origin data/VPD-OE_Agent_20260709/VPD-OE_Agent/data/raw/ZY/ZY13.xls,现金流量表,120
8902c42e697ea202,historical_600_unknown_rule,ZY13,4996,118,5,1,Renew_Workshop,-80.0,414.0,厂房续租,src_766e2c00d61c,origin data/VPD-OE_Agent_20260709/VPD-OE_Agent/data/raw/ZY/ZY13.xls,现金流量表,121
c874d4b8371bfeef,historical_600_unknown_rule,ZY13,4997,119,5,1,Pay_Overhaul,-10.0,404.0,支付行政管理费,src_766e2c00d61c,origin data/VPD-OE_Agent_20260709/VPD-OE_Agent/data/raw/ZY/ZY13.xls,现金流量表,122
a839d92d57f25594,historical_600_unknown_rule,ZY13,5021,120,5,2,Pay_Material,-260.0,144.0,支付原料费 R3:8 R4:8 R1:8 R2:2,src_766e2c00d61c,origin data/VPD-OE_Agent_20260709/VPD-OE_Agent/data/raw/ZY/ZY13.xls,现金流量表,123
9f38fb7e4ad9496b,historical_600_unknown_rule,ZY13,5022,121,5,2,Product_Produce,-40.0,104.0,199:P4 225:P3 226:P3 227:P3,src_766e2c00d61c,origin data/VPD-OE_Agent_20260709/VPD-OE_Agent/data/raw/ZY/ZY13.xls,现金流量表,124
07aae8aa9ed2a2fc,historical_600_unknown_rule,ZY13,5024,122,5,2,Transfer,-80.0,24.0,"生产线转产,转产成P3",src_766e2c00d61c,origin data/VPD-OE_Agent_20260709/VPD-OE_Agent/data/raw/ZY/ZY13.xls,现金流量表,125
ba25ef5ba8789788,historical_600_unknown_rule,ZY13,5025,123,5,2,Buy_Material,0.0,24.0,订购原料 R1:2,src_766e2c00d61c,origin data/VPD-OE_Agent_20260709/VPD-OE_Agent/data/raw/ZY/ZY13.xls,现金流量表,126
a6614afbbd7b0bc3,historical_600_unknown_rule,ZY13,5026,124,5,2,Update_Receivable,492.0,516.0,更新应收款,src_766e2c00d61c,origin data/VPD-OE_Agent_20260709/VPD-OE_Agent/data/raw/ZY/ZY13.xls,现金流量表,127
449ebba0b51eef67,historical_600_unknown_rule,ZY13,5028,125,5,2,Develop_Product,-20.0,496.0,产品生产资格投资: P1 P2,src_766e2c00d61c,origin data/VPD-OE_Agent_20260709/VPD-OE_Agent/data/raw/ZY/ZY13.xls,现金流量表,128
d89cebddda9c9b6f,historical_600_unknown_rule,ZY13,5029,126,5,2,Pay_Overhaul,-10.0,486.0,支付行政管理费,src_766e2c00d61c,origin data/VPD-OE_Agent_20260709/VPD-OE_Agent/data/raw/ZY/ZY13.xls,现金流量表,129
6df8ffc3d3ccc2aa,historical_600_unknown_rule,ZY13,5030,127,5,3,Pay_Material,-80.0,406.0,支付原料费 R3:3 R4:3 R1:2,src_766e2c00d61c,origin data/VPD-OE_Agent_20260709/VPD-OE_Agent/data/raw/ZY/ZY13.xls,现金流量表,130
9b49d56ae30a1190,historical_600_unknown_rule,ZY13,5031,128,5,3,Product_Produce,-70.0,336.0,200:P3 201:P3 202:P3 203:P3 225:P3 226:P3 227:P3,src_766e2c00d61c,origin data/VPD-OE_Agent_20260709/VPD-OE_Agent/data/raw/ZY/ZY13.xls,现金流量表,131
bcab3565299bf057,historical_600_unknown_rule,ZY13,5034,129,5,3,Update_Receivable,283.0,619.0,更新应收款,src_766e2c00d61c,origin data/VPD-OE_Agent_20260709/VPD-OE_Agent/data/raw/ZY/ZY13.xls,现金流量表,132
720511b602d75e5b,historical_600_unknown_rule,ZY13,5035,130,5,3,Develop_Product,-10.0,609.0,产品生产资格投资: P2,src_766e2c00d61c,origin data/VPD-OE_Agent_20260709/VPD-OE_Agent/data/raw/ZY/ZY13.xls,现金流量表,133
b6383c732e7d0deb,historical_600_unknown_rule,ZY13,5036,131,5,3,RentTOBuy_Workshop,-300.0,309.0,大厂房(62)租转买,src_766e2c00d61c,origin data/VPD-OE_Agent_20260709/VPD-OE_Agent/data/raw/ZY/ZY13.xls,现金流量表,134
036ae2af3e98d64c,historical_600_unknown_rule,ZY13,5037,132,5,3,Pay_Overhaul,-10.0,299.0,支付行政管理费,src_766e2c00d61c,origin data/VPD-OE_Agent_20260709/VPD-OE_Agent/data/raw/ZY/ZY13.xls,现金流量表,135
e88e1524bfa133f2,historical_600_unknown_rule,ZY13,5038,133,5,4,Update_Receivable,915.0,1214.0,更新应收款,src_766e2c00d61c,origin data/VPD-OE_Agent_20260709/VPD-OE_Agent/data/raw/ZY/ZY13.xls,现金流量表,136
d62fd206c21e9d69,historical_600_unknown_rule,ZY13,5040,134,5,4,RentTOBuy_Workshop,-300.0,914.0,大厂房(63)租转买,src_766e2c00d61c,origin data/VPD-OE_Agent_20260709/VPD-OE_Agent/data/raw/ZY/ZY13.xls,现金流量表,137
b658259bea819a4e,historical_600_unknown_rule,ZY13,5043,135,5,4,Pay_Overhaul,-10.0,904.0,支付行政管理费,src_766e2c00d61c,origin data/VPD-OE_Agent_20260709/VPD-OE_Agent/data/raw/ZY/ZY13.xls,现金流量表,138
7c17b682f6266ec9,historical_600_unknown_rule,ZY13,5044,136,5,4,Pay_Maintenance,-80.0,824.0,支付维护费,src_766e2c00d61c,origin data/VPD-OE_Agent_20260709/VPD-OE_Agent/data/raw/ZY/ZY13.xls,现金流量表,139
03d07d42b7174238,historical_600_unknown_rule,ZY13,5045,137,5,4,Pay_Punish,-64.0,760.0,违约处理,src_766e2c00d61c,origin data/VPD-OE_Agent_20260709/VPD-OE_Agent/data/raw/ZY/ZY13.xls,现金流量表,140
618f4cb1953e1231,historical_600_unknown_rule,ZY14,2223,1,1,1,Pay_Capital,600.0,600.0,"公司成立,股东注资",src_27029786bf11,origin data/VPD-OE_Agent_20260709/VPD-OE_Agent/data/raw/ZY/ZY14.xls,现金流量表,4
38d9eb32ede54da7,historical_600_unknown_rule,ZY14,2406,2,1,1,Develop_Product,-20.0,580.0,产品生产资格投资: P2 P3,src_27029786bf11,origin data/VPD-OE_Agent_20260709/VPD-OE_Agent/data/raw/ZY/ZY14.xls,现金流量表,5
65349556d0dbcf93,historical_600_unknown_rule,ZY14,2561,3,1,1,Pay_Overhaul,-10.0,570.0,支付行政管理费,src_27029786bf11,origin data/VPD-OE_Agent_20260709/VPD-OE_Agent/data/raw/ZY/ZY14.xls,现金流量表,6
127187e18a936635,historical_600_unknown_rule,ZY14,2562,4,1,2,Rent_Workshop,-40.0,530.0,租用[大厂房],src_27029786bf11,origin data/VPD-OE_Agent_20260709/VPD-OE_Agent/data/raw/ZY/ZY14.xls,现金流量表,7
2d641d6ee2a86189,historical_600_unknown_rule,ZY14,2563,5,1,2,Buy_ProductLine,-50.0,480.0,订购[自动线]生产[P2],src_27029786bf11,origin data/VPD-OE_Agent_20260709/VPD-OE_Agent/data/raw/ZY/ZY14.xls,现金流量表,8
499d19d5ace4beed,historical_600_unknown_rule,ZY14,2564,6,1,2,Buy_ProductLine,-50.0,430.0,订购[自动线]生产[P2],src_27029786bf11,origin data/VPD-OE_Agent_20260709/VPD-OE_Agent/data/raw/ZY/ZY14.xls,现金流量表,9
0ff6c741e52fde13,historical_600_unknown_rule,ZY14,2565,7,1,2,Buy_ProductLine,-50.0,380.0,订购[自动线]生产[P3],src_27029786bf11,origin data/VPD-OE_Agent_20260709/VPD-OE_Agent/data/raw/ZY/ZY14.xls,现金流量表,10
334835f09b6fad79,historical_600_unknown_rule,ZY14,2566,8,1,2,Buy_ProductLine,-50.0,330.0,订购[自动线]生产[P3],src_27029786bf11,origin data/VPD-OE_Agent_20260709/VPD-OE_Agent/data/raw/ZY/ZY14.xls,现金流量表,11
361e784fae8717e0,historical_600_unknown_rule,ZY14,2567,9,1,2,Develop_Product,-20.0,310.0,产品生产资格投资: P2 P3,src_27029786bf11,origin data/VPD-OE_Agent_20260709/VPD-OE_Agent/data/raw/ZY/ZY14.xls,现金流量表,12
4569f465de880810,historical_600_unknown_rule,ZY14,2568,10,1,2,Pay_Overhaul,-10.0,300.0,支付行政管理费,src_27029786bf11,origin data/VPD-OE_Agent_20260709/VPD-OE_Agent/data/raw/ZY/ZY14.xls,现金流量表,13
b5fd6fdc94c217b8,historical_600_unknown_rule,ZY14,2569,11,1,3,Short_Loan,309.0,609.0,申请:4季 309W的短期贷款,src_27029786bf11,origin data/VPD-OE_Agent_20260709/VPD-OE_Agent/data/raw/ZY/ZY14.xls,现金流量表,14
4ff058c59d131fcb,historical_600_unknown_rule,ZY14,2570,12,1,3,Invest_ProductLine,-200.0,409.0,投资在建生产线,src_27029786bf11,origin data/VPD-OE_Agent_20260709/VPD-OE_Agent/data/raw/ZY/ZY14.xls,现金流量表,15
d0db0419fd554caa,historical_600_unknown_rule,ZY14,2571,13,1,3,Buy_Material,0.0,409.0,订购原料 R3:4 R4:2,src_27029786bf11,origin data/VPD-OE_Agent_20260709/VPD-OE_Agent/data/raw/ZY/ZY14.xls,现金流量表,16
f84ba2eee0c9303c,historical_600_unknown_rule,ZY14,2572,14,1,3,Develop_Product,-20.0,389.0,产品生产资格投资: P2 P3,src_27029786bf11,origin data/VPD-OE_Agent_20260709/VPD-OE_Agent/data/raw/ZY/ZY14.xls,现金流量表,17
e53b282ead4cf132,historical_600_unknown_rule,ZY14,2573,15,1,3,Pay_Overhaul,-10.0,379.0,支付行政管理费,src_27029786bf11,origin data/VPD-OE_Agent_20260709/VPD-OE_Agent/data/raw/ZY/ZY14.xls,现金流量表,18
336bace83e3066ae,historical_600_unknown_rule,ZY14,2574,16,1,4,Short_Loan,309.0,688.0,申请:4季 309W的短期贷款,src_27029786bf11,origin data/VPD-OE_Agent_20260709/VPD-OE_Agent/data/raw/ZY/ZY14.xls,现金流量表,19
33fc5065109ca5bc,historical_600_unknown_rule,ZY14,2575,17,1,4,Buy_Material,0.0,688.0,订购原料 R1:2 R2:2 R3:4 R4:2,src_27029786bf11,origin data/VPD-OE_Agent_20260709/VPD-OE_Agent/data/raw/ZY/ZY14.xls,现金流量表,20
2b453b810ff3e1d5,historical_600_unknown_rule,ZY14,2576,18,1,4,Invest_ProductLine,-200.0,488.0,投资在建生产线,src_27029786bf11,origin data/VPD-OE_Agent_20260709/VPD-OE_Agent/data/raw/ZY/ZY14.xls,现金流量表,21
068eb9a95842ab83,historical_600_unknown_rule,ZY14,2577,19,1,4,Develop_Product,-10.0,478.0,产品生产资格投资: P3,src_27029786bf11,origin data/VPD-OE_Agent_20260709/VPD-OE_Agent/data/raw/ZY/ZY14.xls,现金流量表,22
1414a21de910a8d1,historical_600_unknown_rule,ZY14,2578,20,1,4,Develop_Market,-50.0,428.0,"市场开拓资格投资,开发项目:本地 区域 国内 亚洲 国际",src_27029786bf11,origin data/VPD-OE_Agent_20260709/VPD-OE_Agent/data/raw/ZY/ZY14.xls,现金流量表,23
1c360f04ff420174,historical_600_unknown_rule,ZY14,2579,21,1,4,Develop_ISO,-30.0,398.0,"ISO认证资格投资,开发：ISO9000 ISO14000",src_27029786bf11,origin data/VPD-OE_Agent_20260709/VPD-OE_Agent/data/raw/ZY/ZY14.xls,现金流量表,24
67124999ebe42d0a,historical_600_unknown_rule,ZY14,2580,22,1,4,Pay_Overhaul,-10.0,388.0,支付行政管理费,src_27029786bf11,origin data/VPD-OE_Agent_20260709/VPD-OE_Agent/data/raw/ZY/ZY14.xls,现金流量表,25
e3316b68cb89dba4,historical_600_unknown_rule,ZY14,2651,23,2,1,Pay_AD,-118.0,270.0,广告投放,src_27029786bf11,origin data/VPD-OE_Agent_20260709/VPD-OE_Agent/data/raw/ZY/ZY14.xls,现金流量表,26
31648b1092087946,historical_600_unknown_rule,ZY14,2680,24,2,1,Long_Loan,492.0,762.0,申请:5年 492W的长期贷款,src_27029786bf11,origin data/VPD-OE_Agent_20260709/VPD-OE_Agent/data/raw/ZY/ZY14.xls,现金流量表,27
d12fcca1fc27a435,historical_600_unknown_rule,ZY14,2683,25,2,1,Pay_Material,-100.0,662.0,支付原料费 R3:4 R4:2 R1:2 R2:2,src_27029786bf11,origin data/VPD-OE_Agent_20260709/VPD-OE_Agent/data/raw/ZY/ZY14.xls,现金流量表,28
6a96b314a4a324ae,historical_600_unknown_rule,ZY14,2684,26,2,1,Buy_Material,0.0,662.0,订购原料 R1:2 R2:2 R3:4 R4:2,src_27029786bf11,origin data/VPD-OE_Agent_20260709/VPD-OE_Agent/data/raw/ZY/ZY14.xls,现金流量表,29
08bde8d3c626b054,historical_600_unknown_rule,ZY14,2695,27,2,1,Product_Produce,-40.0,622.0,191:P2 192:P2 193:P3 194:P3,src_27029786bf11,origin data/VPD-OE_Agent_20260709/VPD-OE_Agent/data/raw/ZY/ZY14.xls,现金流量表,30
6f42e0ffe2cee32e,historical_600_unknown_rule,ZY14,2726,28,2,1,Pay_Overhaul,-10.0,612.0,支付行政管理费,src_27029786bf11,origin data/VPD-OE_Agent_20260709/VPD-OE_Agent/data/raw/ZY/ZY14.xls,现金流量表,31
cff0dba297e3768d,historical_600_unknown_rule,ZY14,2785,29,2,2,Pay_Material,-100.0,512.0,支付原料费 R3:4 R4:2 R1:2 R2:2,src_27029786bf11,origin data/VPD-OE_Agent_20260709/VPD-OE_Agent/data/raw/ZY/ZY14.xls,现金流量表,32
0363c2740c05d20e,historical_600_unknown_rule,ZY14,2804,30,2,2,Buy_Material,0.0,512.0,订购原料 R1:2 R2:2 R3:4 R4:2,src_27029786bf11,origin data/VPD-OE_Agent_20260709/VPD-OE_Agent/data/raw/ZY/ZY14.xls,现金流量表,33
8f0fc789a48f16d1,historical_600_unknown_rule,ZY14,2806,31,2,2,Product_Produce,-40.0,472.0,191:P2 192:P2 193:P3 194:P3,src_27029786bf11,origin data/VPD-OE_Agent_20260709/VPD-OE_Agent/data/raw/ZY/ZY14.xls,现金流量表,34
15f5e29e83321cfe,historical_600_unknown_rule,ZY14,2923,32,2,2,Renew_Workshop,-40.0,432.0,厂房续租,src_27029786bf11,origin data/VPD-OE_Agent_20260709/VPD-OE_Agent/data/raw/ZY/ZY14.xls,现金流量表,35
ac286cd70d387245,historical_600_unknown_rule,ZY14,2924,33,2,2,Pay_Overhaul,-10.0,422.0,支付行政管理费,src_27029786bf11,origin data/VPD-OE_Agent_20260709/VPD-OE_Agent/data/raw/ZY/ZY14.xls,现金流量表,36
4264227d8ce7892e,historical_600_unknown_rule,ZY14,2925,34,2,3,Pay_Short_Loan,-324.0,98.0,短贷还本息,src_27029786bf11,origin data/VPD-OE_Agent_20260709/VPD-OE_Agent/data/raw/ZY/ZY14.xls,现金流量表,37
df39e76b000e6439,historical_600_unknown_rule,ZY14,2926,35,2,3,Short_Loan,309.0,407.0,申请:4季 309W的短期贷款,src_27029786bf11,origin data/VPD-OE_Agent_20260709/VPD-OE_Agent/data/raw/ZY/ZY14.xls,现金流量表,38
25fcd83adfd92e89,historical_600_unknown_rule,ZY14,2940,36,2,3,Pay_Material,-100.0,307.0,支付原料费 R3:4 R4:2 R1:2 R2:2,src_27029786bf11,origin data/VPD-OE_Agent_20260709/VPD-OE_Agent/data/raw/ZY/ZY14.xls,现金流量表,39
06b01d18395d3840,historical_600_unknown_rule,ZY14,2942,37,2,3,Buy_Material,0.0,307.0,订购原料 R1:2 R2:2 R3:4 R4:2,src_27029786bf11,origin data/VPD-OE_Agent_20260709/VPD-OE_Agent/data/raw/ZY/ZY14.xls,现金流量表,40
d9a0bad683cef45b,historical_600_unknown_rule,ZY14,2944,38,2,3,Product_Produce,-40.0,267.0,191:P2 192:P2 193:P3 194:P3,src_27029786bf11,origin data/VPD-OE_Agent_20260709/VPD-OE_Agent/data/raw/ZY/ZY14.xls,现金流量表,41
fb71cda0c2f8d7e0,historical_600_unknown_rule,ZY14,2946,39,2,3,Update_Receivable,171.0,438.0,更新应收款,src_27029786bf11,origin data/VPD-OE_Agent_20260709/VPD-OE_Agent/data/raw/ZY/ZY14.xls,现金流量表,42
4ecb71d78f6a598f,historical_600_unknown_rule,ZY14,2965,40,2,3,Pay_Overhaul,-10.0,428.0,支付行政管理费,src_27029786bf11,origin data/VPD-OE_Agent_20260709/VPD-OE_Agent/data/raw/ZY/ZY14.xls,现金流量表,43
e62b1dda701d6b8c,historical_600_unknown_rule,ZY14,2966,41,2,4,Pay_Short_Loan,-324.0,104.0,短贷还本息,src_27029786bf11,origin data/VPD-OE_Agent_20260709/VPD-OE_Agent/data/raw/ZY/ZY14.xls,现金流量表,44
cdbf9cf56336ef48,historical_600_unknown_rule,ZY14,3135,42,2,4,Short_Loan,309.0,413.0,申请:4季 309W的短期贷款,src_27029786bf11,origin data/VPD-OE_Agent_20260709/VPD-OE_Agent/data/raw/ZY/ZY14.xls,现金流量表,45
511374f7c609d623,historical_600_unknown_rule,ZY14,3136,43,2,4,Pay_Material,-100.0,313.0,支付原料费 R3:4 R4:2 R1:2 R2:2,src_27029786bf11,origin data/VPD-OE_Agent_20260709/VPD-OE_Agent/data/raw/ZY/ZY14.xls,现金流量表,46
cacc8ca6a87c5be1,historical_600_unknown_rule,ZY14,3137,44,2,4,Buy_Material,0.0,313.0,订购原料 R1:2 R2:2 R3:4 R4:2,src_27029786bf11,origin data/VPD-OE_Agent_20260709/VPD-OE_Agent/data/raw/ZY/ZY14.xls,现金流量表,47
5c543aed0bbf8715,historical_600_unknown_rule,ZY14,3138,45,2,4,Product_Produce,-40.0,273.0,191:P2 192:P2 193:P3 194:P3,src_27029786bf11,origin data/VPD-OE_Agent_20260709/VPD-OE_Agent/data/raw/ZY/ZY14.xls,现金流量表,48
07e3e1bbea546a79,historical_600_unknown_rule,ZY14,3167,46,2,4,Develop_Market,-30.0,243.0,"市场开拓资格投资,开发项目:国内 亚洲 国际",src_27029786bf11,origin data/VPD-OE_Agent_20260709/VPD-OE_Agent/data/raw/ZY/ZY14.xls,现金流量表,49
abbd4054606b855e,historical_600_unknown_rule,ZY14,3168,47,2,4,Pay_Overhaul,-10.0,233.0,支付行政管理费,src_27029786bf11,origin data/VPD-OE_Agent_20260709/VPD-OE_Agent/data/raw/ZY/ZY14.xls,现金流量表,50
3af8ff25897919bc,historical_600_unknown_rule,ZY14,3169,48,2,4,Pay_Maintenance,-40.0,193.0,支付维护费,src_27029786bf11,origin data/VPD-OE_Agent_20260709/VPD-OE_Agent/data/raw/ZY/ZY14.xls,现金流量表,51
876750fc76271115,historical_600_unknown_rule,ZY14,3240,49,3,1,Discount,90.0,283.0,"1期贴现:0W,2期贴现:100W,3期贴现:0W,4期贴现:0W",src_27029786bf11,origin data/VPD-OE_Agent_20260709/VPD-OE_Agent/data/raw/ZY/ZY14.xls,现金流量表,52
4ee4690294b08add,historical_600_unknown_rule,ZY14,3244,50,3,1,Pay_Tax,-5.0,278.0,支付上一年税金,src_27029786bf11,origin data/VPD-OE_Agent_20260709/VPD-OE_Agent/data/raw/ZY/ZY14.xls,现金流量表,53
b9aed14670a8031e,historical_600_unknown_rule,ZY14,3245,51,3,1,Pay_Long_Loan,-49.0,229.0,支付长贷本息,src_27029786bf11,origin data/VPD-OE_Agent_20260709/VPD-OE_Agent/data/raw/ZY/ZY14.xls,现金流量表,54
6eeb1181e1aa3a7b,historical_600_unknown_rule,ZY14,3246,52,3,1,Pay_AD,-140.0,89.0,广告投放,src_27029786bf11,origin data/VPD-OE_Agent_20260709/VPD-OE_Agent/data/raw/ZY/ZY14.xls,现金流量表,55
a43c407c4aa1cf34,historical_600_unknown_rule,ZY14,3277,53,3,1,Long_Loan,738.0,827.0,申请:5年 738W的长期贷款,src_27029786bf11,origin data/VPD-OE_Agent_20260709/VPD-OE_Agent/data/raw/ZY/ZY14.xls,现金流量表,56
be02f7fe26e2a62a,historical_600_unknown_rule,ZY14,3284,54,3,1,Pay_Material,-100.0,727.0,支付原料费 R3:4 R4:2 R1:2 R2:2,src_27029786bf11,origin data/VPD-OE_Agent_20260709/VPD-OE_Agent/data/raw/ZY/ZY14.xls,现金流量表,57
984da880dce9bd2a,historical_600_unknown_rule,ZY14,3289,55,3,1,Buy_Material,0.0,727.0,订购原料 R1:2 R2:2 R3:4 R4:2,src_27029786bf11,origin data/VPD-OE_Agent_20260709/VPD-OE_Agent/data/raw/ZY/ZY14.xls,现金流量表,58
704725e2bb7ebf8c,historical_600_unknown_rule,ZY14,3292,56,3,1,Product_Produce,-40.0,687.0,191:P2 192:P2 193:P3 194:P3,src_27029786bf11,origin data/VPD-OE_Agent_20260709/VPD-OE_Agent/data/raw/ZY/ZY14.xls,现金流量表,59
3f4b0e24845f818d,historical_600_unknown_rule,ZY14,3327,57,3,1,Pay_Overhaul,-10.0,677.0,支付行政管理费,src_27029786bf11,origin data/VPD-OE_Agent_20260709/VPD-OE_Agent/data/raw/ZY/ZY14.xls,现金流量表,60
0df83b1fc12c1610,historical_600_unknown_rule,ZY14,3331,58,3,2,Pay_Material,-100.0,577.0,支付原料费 R3:4 R4:2 R1:2 R2:2,src_27029786bf11,origin data/VPD-OE_Agent_20260709/VPD-OE_Agent/data/raw/ZY/ZY14.xls,现金流量表,61
3d40283521507b01,historical_600_unknown_rule,ZY14,3336,59,3,2,Buy_Material,0.0,577.0,订购原料 R1:2 R2:2 R3:4 R4:2,src_27029786bf11,origin data/VPD-OE_Agent_20260709/VPD-OE_Agent/data/raw/ZY/ZY14.xls,现金流量表,62
7d0bc4f05002ee87,historical_600_unknown_rule,ZY14,3344,60,3,2,Product_Produce,-40.0,537.0,191:P2 192:P2 193:P3 194:P3,src_27029786bf11,origin data/VPD-OE_Agent_20260709/VPD-OE_Agent/data/raw/ZY/ZY14.xls,现金流量表,63
ae7e63018fc40988,historical_600_unknown_rule,ZY14,3346,61,3,2,Update_Receivable,870.0,1407.0,更新应收款,src_27029786bf11,origin data/VPD-OE_Agent_20260709/VPD-OE_Agent/data/raw/ZY/ZY14.xls,现金流量表,64
6efe90e4b459e692,historical_600_unknown_rule,ZY14,3357,62,3,2,Renew_Workshop,-40.0,1367.0,厂房续租,src_27029786bf11,origin data/VPD-OE_Agent_20260709/VPD-OE_Agent/data/raw/ZY/ZY14.xls,现金流量表,65
f5cae6cff8320e28,historical_600_unknown_rule,ZY14,3358,63,3,2,Pay_Overhaul,-10.0,1357.0,支付行政管理费,src_27029786bf11,origin data/VPD-OE_Agent_20260709/VPD-OE_Agent/data/raw/ZY/ZY14.xls,现金流量表,66
2815e548e5ea7321,historical_600_unknown_rule,ZY14,3362,64,3,3,Pay_Short_Loan,-324.0,1033.0,短贷还本息,src_27029786bf11,origin data/VPD-OE_Agent_20260709/VPD-OE_Agent/data/raw/ZY/ZY14.xls,现金流量表,67
47f5fc80c42ed5e7,historical_600_unknown_rule,ZY14,3450,65,3,3,Pay_Material,-100.0,933.0,支付原料费 R3:4 R4:2 R1:2 R2:2,src_27029786bf11,origin data/VPD-OE_Agent_20260709/VPD-OE_Agent/data/raw/ZY/ZY14.xls,现金流量表,68
8eaaf791e7c85010,historical_600_unknown_rule,ZY14,3540,66,3,3,Buy_Material,0.0,933.0,订购原料 R1:2 R2:2 R3:4 R4:2,src_27029786bf11,origin data/VPD-OE_Agent_20260709/VPD-OE_Agent/data/raw/ZY/ZY14.xls,现金流量表,69
223a095647b7c5e2,historical_600_unknown_rule,ZY14,3541,67,3,3,Product_Produce,-40.0,893.0,191:P2 192:P2 193:P3 194:P3,src_27029786bf11,origin data/VPD-OE_Agent_20260709/VPD-OE_Agent/data/raw/ZY/ZY14.xls,现金流量表,70
0782fceefb51bc8d,historical_600_unknown_rule,ZY14,3574,68,3,3,Pay_Overhaul,-10.0,883.0,支付行政管理费,src_27029786bf11,origin data/VPD-OE_Agent_20260709/VPD-OE_Agent/data/raw/ZY/ZY14.xls,现金流量表,71
fef897e2e7201cf6,historical_600_unknown_rule,ZY14,3578,69,3,4,Pay_Short_Loan,-324.0,559.0,短贷还本息,src_27029786bf11,origin data/VPD-OE_Agent_20260709/VPD-OE_Agent/data/raw/ZY/ZY14.xls,现金流量表,72
e2b78de844c9bf39,historical_600_unknown_rule,ZY14,3583,70,3,4,Pay_Material,-100.0,459.0,支付原料费 R3:4 R4:2 R1:2 R2:2,src_27029786bf11,origin data/VPD-OE_Agent_20260709/VPD-OE_Agent/data/raw/ZY/ZY14.xls,现金流量表,73
45bf729d78c60a18,historical_600_unknown_rule,ZY14,3585,71,3,4,Buy_Material,0.0,459.0,订购原料 R1:2 R2:2 R3:4 R4:2,src_27029786bf11,origin data/VPD-OE_Agent_20260709/VPD-OE_Agent/data/raw/ZY/ZY14.xls,现金流量表,74
8c586b3deb16ab9d,historical_600_unknown_rule,ZY14,3588,72,3,4,Product_Produce,-40.0,419.0,191:P2 192:P2 193:P3 194:P3,src_27029786bf11,origin data/VPD-OE_Agent_20260709/VPD-OE_Agent/data/raw/ZY/ZY14.xls,现金流量表,75
3c901e8c6048c6c7,historical_600_unknown_rule,ZY14,3606,73,3,4,Develop_ISO,-30.0,389.0,"ISO认证资格投资,开发：ISO9000 ISO14000",src_27029786bf11,origin data/VPD-OE_Agent_20260709/VPD-OE_Agent/data/raw/ZY/ZY14.xls,现金流量表,76
698c7813f9936ef3,historical_600_unknown_rule,ZY14,3608,74,3,4,Develop_Market,-20.0,369.0,"市场开拓资格投资,开发项目:亚洲 国际",src_27029786bf11,origin data/VPD-OE_Agent_20260709/VPD-OE_Agent/data/raw/ZY/ZY14.xls,现金流量表,77
9a59310ac04f7b13,historical_600_unknown_rule,ZY14,3617,75,3,4,Pay_Overhaul,-10.0,359.0,支付行政管理费,src_27029786bf11,origin data/VPD-OE_Agent_20260709/VPD-OE_Agent/data/raw/ZY/ZY14.xls,现金流量表,78
3b5dc454cd2d1681,historical_600_unknown_rule,ZY14,3618,76,3,4,Pay_Maintenance,-40.0,319.0,支付维护费,src_27029786bf11,origin data/VPD-OE_Agent_20260709/VPD-OE_Agent/data/raw/ZY/ZY14.xls,现金流量表,79
e231d5d2881c219d,historical_600_unknown_rule,ZY14,3736,77,4,1,Pay_Tax,-36.0,283.0,支付上一年税金,src_27029786bf11,origin data/VPD-OE_Agent_20260709/VPD-OE_Agent/data/raw/ZY/ZY14.xls,现金流量表,80
2f8a1607c2fd6b77,historical_600_unknown_rule,ZY14,3737,78,4,1,Pay_Long_Loan,-123.0,160.0,支付长贷本息,src_27029786bf11,origin data/VPD-OE_Agent_20260709/VPD-OE_Agent/data/raw/ZY/ZY14.xls,现金流量表,81
95e4d72f16dadb01,historical_600_unknown_rule,ZY14,3738,79,4,1,Pay_AD,-140.0,20.0,广告投放,src_27029786bf11,origin data/VPD-OE_Agent_20260709/VPD-OE_Agent/data/raw/ZY/ZY14.xls,现金流量表,82
551721ef1ea901ea,historical_600_unknown_rule,ZY14,3765,80,4,1,Discount,45.0,65.0,"1期贴现:50W,2期贴现:0W,3期贴现:0W,4期贴现:0W",src_27029786bf11,origin data/VPD-OE_Agent_20260709/VPD-OE_Agent/data/raw/ZY/ZY14.xls,现金流量表,83
2ce041ba713eca26,historical_600_unknown_rule,ZY14,4012,81,4,1,Long_Loan,492.0,557.0,申请:5年 492W的长期贷款,src_27029786bf11,origin data/VPD-OE_Agent_20260709/VPD-OE_Agent/data/raw/ZY/ZY14.xls,现金流量表,84
f114facbba155fa9,historical_600_unknown_rule,ZY14,4013,82,4,1,Pay_Material,-100.0,457.0,支付原料费 R3:4 R4:2 R1:2 R2:2,src_27029786bf11,origin data/VPD-OE_Agent_20260709/VPD-OE_Agent/data/raw/ZY/ZY14.xls,现金流量表,85
855a867c530454c6,historical_600_unknown_rule,ZY14,4014,83,4,1,Buy_Material,0.0,457.0,订购原料 R1:2 R2:2 R3:4 R4:2,src_27029786bf11,origin data/VPD-OE_Agent_20260709/VPD-OE_Agent/data/raw/ZY/ZY14.xls,现金流量表,86
f4200ae2d2dfa64d,historical_600_unknown_rule,ZY14,4015,84,4,1,Product_Produce,-40.0,417.0,191:P2 192:P2 193:P3 194:P3,src_27029786bf11,origin data/VPD-OE_Agent_20260709/VPD-OE_Agent/data/raw/ZY/ZY14.xls,现金流量表,87
9ef48c596e7b3715,historical_600_unknown_rule,ZY14,4016,85,4,1,Update_Receivable,838.0,1255.0,更新应收款,src_27029786bf11,origin data/VPD-OE_Agent_20260709/VPD-OE_Agent/data/raw/ZY/ZY14.xls,现金流量表,88
2825933a5447521c,historical_600_unknown_rule,ZY14,4017,86,4,1,Pay_Overhaul,-10.0,1245.0,支付行政管理费,src_27029786bf11,origin data/VPD-OE_Agent_20260709/VPD-OE_Agent/data/raw/ZY/ZY14.xls,现金流量表,89
19c4cb20522c03da,historical_600_unknown_rule,ZY14,4018,87,4,2,Pay_Material,-100.0,1145.0,支付原料费 R3:4 R4:2 R1:2 R2:2,src_27029786bf11,origin data/VPD-OE_Agent_20260709/VPD-OE_Agent/data/raw/ZY/ZY14.xls,现金流量表,90
43731762632c56a1,historical_600_unknown_rule,ZY14,4019,88,4,2,Buy_Material,0.0,1145.0,订购原料 R1:2 R2:2 R3:4 R4:2,src_27029786bf11,origin data/VPD-OE_Agent_20260709/VPD-OE_Agent/data/raw/ZY/ZY14.xls,现金流量表,91
525047f20afeb317,historical_600_unknown_rule,ZY14,4020,89,4,2,Product_Produce,-40.0,1105.0,191:P2 192:P2 193:P3 194:P3,src_27029786bf11,origin data/VPD-OE_Agent_20260709/VPD-OE_Agent/data/raw/ZY/ZY14.xls,现金流量表,92
89062c0496085133,historical_600_unknown_rule,ZY14,4021,90,4,2,Update_Receivable,161.0,1266.0,更新应收款,src_27029786bf11,origin data/VPD-OE_Agent_20260709/VPD-OE_Agent/data/raw/ZY/ZY14.xls,现金流量表,93
66b50ca5e62786f6,historical_600_unknown_rule,ZY14,4022,91,4,2,Renew_Workshop,-40.0,1226.0,厂房续租,src_27029786bf11,origin data/VPD-OE_Agent_20260709/VPD-OE_Agent/data/raw/ZY/ZY14.xls,现金流量表,94
998624ade17aa049,historical_600_unknown_rule,ZY14,4023,92,4,2,Pay_Overhaul,-10.0,1216.0,支付行政管理费,src_27029786bf11,origin data/VPD-OE_Agent_20260709/VPD-OE_Agent/data/raw/ZY/ZY14.xls,现金流量表,95
e5cf1c03f9c0ff55,historical_600_unknown_rule,ZY14,4024,93,4,3,Pay_Material,-100.0,1116.0,支付原料费 R3:4 R4:2 R1:2 R2:2,src_27029786bf11,origin data/VPD-OE_Agent_20260709/VPD-OE_Agent/data/raw/ZY/ZY14.xls,现金流量表,96
f04ba39e1f8bd080,historical_600_unknown_rule,ZY14,4025,94,4,3,Buy_Material,0.0,1116.0,订购原料 R1:2 R2:2 R3:4 R4:2,src_27029786bf11,origin data/VPD-OE_Agent_20260709/VPD-OE_Agent/data/raw/ZY/ZY14.xls,现金流量表,97
ae176934d0aa9d0a,historical_600_unknown_rule,ZY14,4026,95,4,3,Product_Produce,-40.0,1076.0,191:P2 192:P2 193:P3 194:P3,src_27029786bf11,origin data/VPD-OE_Agent_20260709/VPD-OE_Agent/data/raw/ZY/ZY14.xls,现金流量表,98
2fab0f1127016de2,historical_600_unknown_rule,ZY14,4027,96,4,3,Pay_Overhaul,-10.0,1066.0,支付行政管理费,src_27029786bf11,origin data/VPD-OE_Agent_20260709/VPD-OE_Agent/data/raw/ZY/ZY14.xls,现金流量表,99
1f857afed05cc8d5,historical_600_unknown_rule,ZY14,4028,97,4,4,Pay_Material,-100.0,966.0,支付原料费 R3:4 R4:2 R1:2 R2:2,src_27029786bf11,origin data/VPD-OE_Agent_20260709/VPD-OE_Agent/data/raw/ZY/ZY14.xls,现金流量表,100
41e4a080b383f251,historical_600_unknown_rule,ZY14,4029,98,4,4,Buy_Material,0.0,966.0,订购原料 R1:2 R2:2 R3:4 R4:2,src_27029786bf11,origin data/VPD-OE_Agent_20260709/VPD-OE_Agent/data/raw/ZY/ZY14.xls,现金流量表,101
aec90a126278262c,historical_600_unknown_rule,ZY14,4030,99,4,4,Product_Produce,-40.0,926.0,191:P2 192:P2 193:P3 194:P3,src_27029786bf11,origin data/VPD-OE_Agent_20260709/VPD-OE_Agent/data/raw/ZY/ZY14.xls,现金流量表,102
d162f6007c4ea541,historical_600_unknown_rule,ZY14,4031,100,4,4,Develop_Market,-10.0,916.0,"市场开拓资格投资,开发项目:国际",src_27029786bf11,origin data/VPD-OE_Agent_20260709/VPD-OE_Agent/data/raw/ZY/ZY14.xls,现金流量表,103
fcbb61caca99fd2a,historical_600_unknown_rule,ZY14,4032,101,4,4,Pay_Overhaul,-10.0,906.0,支付行政管理费,src_27029786bf11,origin data/VPD-OE_Agent_20260709/VPD-OE_Agent/data/raw/ZY/ZY14.xls,现金流量表,104
94715f118ffc26ba,historical_600_unknown_rule,ZY14,4033,102,4,4,Pay_Maintenance,-40.0,866.0,支付维护费,src_27029786bf11,origin data/VPD-OE_Agent_20260709/VPD-OE_Agent/data/raw/ZY/ZY14.xls,现金流量表,105
80a8f172d5b66157,historical_600_unknown_rule,ZY14,4445,103,5,1,Pay_Tax,-4.0,862.0,支付上一年税金,src_27029786bf11,origin data/VPD-OE_Agent_20260709/VPD-OE_Agent/data/raw/ZY/ZY14.xls,现金流量表,106
91c8d3a06923a025,historical_600_unknown_rule,ZY14,4446,104,5,1,Pay_Long_Loan,-172.0,690.0,支付长贷本息,src_27029786bf11,origin data/VPD-OE_Agent_20260709/VPD-OE_Agent/data/raw/ZY/ZY14.xls,现金流量表,107
fc4138515c3c57ef,historical_600_unknown_rule,ZY14,4447,105,5,1,Pay_AD,-150.0,540.0,广告投放,src_27029786bf11,origin data/VPD-OE_Agent_20260709/VPD-OE_Agent/data/raw/ZY/ZY14.xls,现金流量表,108
be3a32344153a1b6,historical_600_unknown_rule,ZY14,4520,106,5,1,Pay_Material,-100.0,440.0,支付原料费 R3:4 R4:2 R1:2 R2:2,src_27029786bf11,origin data/VPD-OE_Agent_20260709/VPD-OE_Agent/data/raw/ZY/ZY14.xls,现金流量表,109
aa6e4ed488f3d2d6,historical_600_unknown_rule,ZY14,4532,107,5,1,Buy_Material,0.0,440.0,订购原料 R1:2 R2:2 R3:4 R4:2,src_27029786bf11,origin data/VPD-OE_Agent_20260709/VPD-OE_Agent/data/raw/ZY/ZY14.xls,现金流量表,110
cc362a62591551c9,historical_600_unknown_rule,ZY14,4536,108,5,1,Product_Produce,-40.0,400.0,191:P2 192:P2 193:P3 194:P3,src_27029786bf11,origin data/VPD-OE_Agent_20260709/VPD-OE_Agent/data/raw/ZY/ZY14.xls,现金流量表,111
46cb62401cf23b64,historical_600_unknown_rule,ZY14,4540,109,5,1,Update_Receivable,822.0,1222.0,更新应收款,src_27029786bf11,origin data/VPD-OE_Agent_20260709/VPD-OE_Agent/data/raw/ZY/ZY14.xls,现金流量表,112
f26b2917c2a2dea6,historical_600_unknown_rule,ZY14,4653,110,5,1,Pay_Overhaul,-10.0,1212.0,支付行政管理费,src_27029786bf11,origin data/VPD-OE_Agent_20260709/VPD-OE_Agent/data/raw/ZY/ZY14.xls,现金流量表,113
0d7d619666453b8f,historical_600_unknown_rule,ZY14,4668,111,5,2,Pay_Material,-100.0,1112.0,支付原料费 R3:4 R4:2 R1:2 R2:2,src_27029786bf11,origin data/VPD-OE_Agent_20260709/VPD-OE_Agent/data/raw/ZY/ZY14.xls,现金流量表,114
48c07de03ed59807,historical_600_unknown_rule,ZY14,4671,112,5,2,Buy_Material,0.0,1112.0,订购原料 R1:2 R2:2 R3:4 R4:2,src_27029786bf11,origin data/VPD-OE_Agent_20260709/VPD-OE_Agent/data/raw/ZY/ZY14.xls,现金流量表,115
f7fc4400e96e6c5c,historical_600_unknown_rule,ZY14,4675,113,5,2,Product_Produce,-40.0,1072.0,191:P2 192:P2 193:P3 194:P3,src_27029786bf11,origin data/VPD-OE_Agent_20260709/VPD-OE_Agent/data/raw/ZY/ZY14.xls,现金流量表,116
df92aa9a5bd0924b,historical_600_unknown_rule,ZY14,4684,114,5,2,Renew_Workshop,-40.0,1032.0,厂房续租,src_27029786bf11,origin data/VPD-OE_Agent_20260709/VPD-OE_Agent/data/raw/ZY/ZY14.xls,现金流量表,117
54eeaba18e02d8c2,historical_600_unknown_rule,ZY14,4685,115,5,2,Pay_Overhaul,-10.0,1022.0,支付行政管理费,src_27029786bf11,origin data/VPD-OE_Agent_20260709/VPD-OE_Agent/data/raw/ZY/ZY14.xls,现金流量表,118
3a89d8320673dc5d,historical_600_unknown_rule,ZY14,4697,116,5,3,Pay_Material,-100.0,922.0,支付原料费 R3:4 R4:2 R1:2 R2:2,src_27029786bf11,origin data/VPD-OE_Agent_20260709/VPD-OE_Agent/data/raw/ZY/ZY14.xls,现金流量表,119
971be6e16d5b2439,historical_600_unknown_rule,ZY14,4700,117,5,3,Buy_Material,0.0,922.0,订购原料 R1:2 R2:2 R3:4 R4:2,src_27029786bf11,origin data/VPD-OE_Agent_20260709/VPD-OE_Agent/data/raw/ZY/ZY14.xls,现金流量表,120
194b1cb9619916fa,historical_600_unknown_rule,ZY14,4703,118,5,3,Product_Produce,-40.0,882.0,191:P2 192:P2 193:P3 194:P3,src_27029786bf11,origin data/VPD-OE_Agent_20260709/VPD-OE_Agent/data/raw/ZY/ZY14.xls,现金流量表,121
aa40d78d5d47fbf2,historical_600_unknown_rule,ZY14,4706,119,5,3,Update_Receivable,464.0,1346.0,更新应收款,src_27029786bf11,origin data/VPD-OE_Agent_20260709/VPD-OE_Agent/data/raw/ZY/ZY14.xls,现金流量表,122
153f09dc688e5921,historical_600_unknown_rule,ZY14,4738,120,5,3,Pay_Overhaul,-10.0,1336.0,支付行政管理费,src_27029786bf11,origin data/VPD-OE_Agent_20260709/VPD-OE_Agent/data/raw/ZY/ZY14.xls,现金流量表,123
c9ac89bc27f46751,historical_600_unknown_rule,ZY14,4744,121,5,4,Pay_Material,-100.0,1236.0,支付原料费 R3:4 R4:2 R1:2 R2:2,src_27029786bf11,origin data/VPD-OE_Agent_20260709/VPD-OE_Agent/data/raw/ZY/ZY14.xls,现金流量表,124
c8a68ad5e776d692,historical_600_unknown_rule,ZY14,4749,122,5,4,Buy_Material,0.0,1236.0,订购原料 R1:2 R2:2 R3:4 R4:2,src_27029786bf11,origin data/VPD-OE_Agent_20260709/VPD-OE_Agent/data/raw/ZY/ZY14.xls,现金流量表,125
08916717b289837b,historical_600_unknown_rule,ZY14,4752,123,5,4,Product_Produce,-40.0,1196.0,191:P2 192:P2 193:P3 194:P3,src_27029786bf11,origin data/VPD-OE_Agent_20260709/VPD-OE_Agent/data/raw/ZY/ZY14.xls,现金流量表,126
506327d504300e55,historical_600_unknown_rule,ZY14,4767,124,5,4,Pay_Overhaul,-10.0,1186.0,支付行政管理费,src_27029786bf11,origin data/VPD-OE_Agent_20260709/VPD-OE_Agent/data/raw/ZY/ZY14.xls,现金流量表,127
637939da91bf9bf9,historical_600_unknown_rule,ZY14,4768,125,5,4,Pay_Maintenance,-40.0,1146.0,支付维护费,src_27029786bf11,origin data/VPD-OE_Agent_20260709/VPD-OE_Agent/data/raw/ZY/ZY14.xls,现金流量表,128
1b96db9b402f5a1c,historical_600_unknown_rule,ZY15,2218,1,1,1,Pay_Capital,600.0,600.0,"公司成立,股东注资",src_4d43a1bf1514,origin data/VPD-OE_Agent_20260709/VPD-OE_Agent/data/raw/ZY/ZY15.xls,现金流量表,4
13f208c3199638dd,historical_600_unknown_rule,ZY15,2229,2,1,1,Develop_Product,-10.0,590.0,产品生产资格投资: P4,src_4d43a1bf1514,origin data/VPD-OE_Agent_20260709/VPD-OE_Agent/data/raw/ZY/ZY15.xls,现金流量表,5
b5fedcea7ffeb0ab,historical_600_unknown_rule,ZY15,2231,3,1,1,Pay_Overhaul,-10.0,580.0,支付行政管理费,src_4d43a1bf1514,origin data/VPD-OE_Agent_20260709/VPD-OE_Agent/data/raw/ZY/ZY15.xls,现金流量表,6
b56cfcac2b6af123,historical_600_unknown_rule,ZY15,2232,4,1,2,Develop_Product,-10.0,570.0,产品生产资格投资: P4,src_4d43a1bf1514,origin data/VPD-OE_Agent_20260709/VPD-OE_Agent/data/raw/ZY/ZY15.xls,现金流量表,7
6d59ae1ac5d44cf8,historical_600_unknown_rule,ZY15,2233,5,1,2,Pay_Overhaul,-10.0,560.0,支付行政管理费,src_4d43a1bf1514,origin data/VPD-OE_Agent_20260709/VPD-OE_Agent/data/raw/ZY/ZY15.xls,现金流量表,8
8f805380066749c4,historical_600_unknown_rule,ZY15,2235,6,1,3,Rent_Workshop,-40.0,520.0,租用[大厂房],src_4d43a1bf1514,origin data/VPD-OE_Agent_20260709/VPD-OE_Agent/data/raw/ZY/ZY15.xls,现金流量表,9
6031297a804c9fb4,historical_600_unknown_rule,ZY15,2236,7,1,3,Buy_ProductLine,-50.0,470.0,订购[自动线]生产[P4],src_4d43a1bf1514,origin data/VPD-OE_Agent_20260709/VPD-OE_Agent/data/raw/ZY/ZY15.xls,现金流量表,10
d26676580f540c69,historical_600_unknown_rule,ZY15,2239,8,1,3,Buy_ProductLine,-50.0,420.0,订购[自动线]生产[P4],src_4d43a1bf1514,origin data/VPD-OE_Agent_20260709/VPD-OE_Agent/data/raw/ZY/ZY15.xls,现金流量表,11
404f18078a60a1d6,historical_600_unknown_rule,ZY15,2242,9,1,3,Develop_Product,-10.0,410.0,产品生产资格投资: P4,src_4d43a1bf1514,origin data/VPD-OE_Agent_20260709/VPD-OE_Agent/data/raw/ZY/ZY15.xls,现金流量表,12
6cd32421e1ddf5fe,historical_600_unknown_rule,ZY15,2243,10,1,3,Pay_Overhaul,-10.0,400.0,支付行政管理费,src_4d43a1bf1514,origin data/VPD-OE_Agent_20260709/VPD-OE_Agent/data/raw/ZY/ZY15.xls,现金流量表,13
8127e94f43f24ed2,historical_600_unknown_rule,ZY15,2409,11,1,4,Buy_Material,0.0,400.0,订购原料 R3:2 R4:2,src_4d43a1bf1514,origin data/VPD-OE_Agent_20260709/VPD-OE_Agent/data/raw/ZY/ZY15.xls,现金流量表,14
6a15e401c56608be,historical_600_unknown_rule,ZY15,2411,12,1,4,Invest_ProductLine,-100.0,300.0,投资在建生产线,src_4d43a1bf1514,origin data/VPD-OE_Agent_20260709/VPD-OE_Agent/data/raw/ZY/ZY15.xls,现金流量表,15
e123b18a80e2ded9,historical_600_unknown_rule,ZY15,2416,13,1,4,Develop_Product,-10.0,290.0,产品生产资格投资: P4,src_4d43a1bf1514,origin data/VPD-OE_Agent_20260709/VPD-OE_Agent/data/raw/ZY/ZY15.xls,现金流量表,16
e57848d120e1cdc7,historical_600_unknown_rule,ZY15,2418,14,1,4,Develop_Market,-40.0,250.0,"市场开拓资格投资,开发项目:本地 区域 国内 亚洲",src_4d43a1bf1514,origin data/VPD-OE_Agent_20260709/VPD-OE_Agent/data/raw/ZY/ZY15.xls,现金流量表,17
dd0a1272c3bc9c70,historical_600_unknown_rule,ZY15,2420,15,1,4,Develop_ISO,-30.0,220.0,"ISO认证资格投资,开发：ISO9000 ISO14000",src_4d43a1bf1514,origin data/VPD-OE_Agent_20260709/VPD-OE_Agent/data/raw/ZY/ZY15.xls,现金流量表,18
3b8ea839be2b572a,historical_600_unknown_rule,ZY15,2424,16,1,4,Pay_Overhaul,-10.0,210.0,支付行政管理费,src_4d43a1bf1514,origin data/VPD-OE_Agent_20260709/VPD-OE_Agent/data/raw/ZY/ZY15.xls,现金流量表,19
06805b26a2542a0b,historical_600_unknown_rule,ZY15,2560,17,2,1,Pay_AD,-19.0,191.0,广告投放,src_4d43a1bf1514,origin data/VPD-OE_Agent_20260709/VPD-OE_Agent/data/raw/ZY/ZY15.xls,现金流量表,20
4cf5597236f7a82e,historical_600_unknown_rule,ZY15,3170,18,2,1,Long_Loan,1224.0,1415.0,申请:5年 1224W的长期贷款,src_4d43a1bf1514,origin data/VPD-OE_Agent_20260709/VPD-OE_Agent/data/raw/ZY/ZY15.xls,现金流量表,21
f5637424d3f13290,historical_600_unknown_rule,ZY15,3171,19,2,1,Buy_Material,0.0,1415.0,订购原料 R2:4 R3:2 R4:2,src_4d43a1bf1514,origin data/VPD-OE_Agent_20260709/VPD-OE_Agent/data/raw/ZY/ZY15.xls,现金流量表,22
e96b74e0eb475f5b,historical_600_unknown_rule,ZY15,3172,20,2,1,Invest_ProductLine,-100.0,1315.0,投资在建生产线,src_4d43a1bf1514,origin data/VPD-OE_Agent_20260709/VPD-OE_Agent/data/raw/ZY/ZY15.xls,现金流量表,23
90b2cb0bb2b8bff8,historical_600_unknown_rule,ZY15,3173,21,2,1,Develop_Product,-10.0,1305.0,产品生产资格投资: P4,src_4d43a1bf1514,origin data/VPD-OE_Agent_20260709/VPD-OE_Agent/data/raw/ZY/ZY15.xls,现金流量表,24
ef4517e99a09ef95,historical_600_unknown_rule,ZY15,3174,22,2,1,Pay_Overhaul,-10.0,1295.0,支付行政管理费,src_4d43a1bf1514,origin data/VPD-OE_Agent_20260709/VPD-OE_Agent/data/raw/ZY/ZY15.xls,现金流量表,25
11dae0ba2e28da4d,historical_600_unknown_rule,ZY15,3175,23,2,2,Pay_Material,-80.0,1215.0,支付原料费 R3:2 R4:2 R2:4,src_4d43a1bf1514,origin data/VPD-OE_Agent_20260709/VPD-OE_Agent/data/raw/ZY/ZY15.xls,现金流量表,26
413310c44984357c,historical_600_unknown_rule,ZY15,3176,24,2,2,Buy_ProductLine,-50.0,1165.0,订购[自动线]生产[P4],src_4d43a1bf1514,origin data/VPD-OE_Agent_20260709/VPD-OE_Agent/data/raw/ZY/ZY15.xls,现金流量表,27
82650a444ab56124,historical_600_unknown_rule,ZY15,3177,25,2,2,Buy_ProductLine,-50.0,1115.0,订购[自动线]生产[P4],src_4d43a1bf1514,origin data/VPD-OE_Agent_20260709/VPD-OE_Agent/data/raw/ZY/ZY15.xls,现金流量表,28
650197f1a00347d3,historical_600_unknown_rule,ZY15,3178,26,2,2,Product_Produce,-20.0,1095.0,135:P4 136:P4,src_4d43a1bf1514,origin data/VPD-OE_Agent_20260709/VPD-OE_Agent/data/raw/ZY/ZY15.xls,现金流量表,29
8fa400a305529acb,historical_600_unknown_rule,ZY15,3179,27,2,2,Buy_Material,0.0,1095.0,订购原料 R2:4 R3:2 R4:2,src_4d43a1bf1514,origin data/VPD-OE_Agent_20260709/VPD-OE_Agent/data/raw/ZY/ZY15.xls,现金流量表,30
8a6af9728d417956,historical_600_unknown_rule,ZY15,3180,28,2,2,Pay_Overhaul,-10.0,1085.0,支付行政管理费,src_4d43a1bf1514,origin data/VPD-OE_Agent_20260709/VPD-OE_Agent/data/raw/ZY/ZY15.xls,现金流量表,31
553754ca8f8cb13a,historical_600_unknown_rule,ZY15,3181,29,2,3,Pay_Material,-80.0,1005.0,支付原料费 R3:2 R4:2 R2:4,src_4d43a1bf1514,origin data/VPD-OE_Agent_20260709/VPD-OE_Agent/data/raw/ZY/ZY15.xls,现金流量表,32
cda7d6b6e4e09143,historical_600_unknown_rule,ZY15,3182,30,2,3,Product_Produce,-20.0,985.0,135:P4 136:P4,src_4d43a1bf1514,origin data/VPD-OE_Agent_20260709/VPD-OE_Agent/data/raw/ZY/ZY15.xls,现金流量表,33
da826e95e7fbac59,historical_600_unknown_rule,ZY15,3183,31,2,3,Buy_Material,0.0,985.0,订购原料 R2:4 R3:4 R4:4,src_4d43a1bf1514,origin data/VPD-OE_Agent_20260709/VPD-OE_Agent/data/raw/ZY/ZY15.xls,现金流量表,34
65c7756c67fdaf83,historical_600_unknown_rule,ZY15,3184,32,2,3,Invest_ProductLine,-100.0,885.0,投资在建生产线,src_4d43a1bf1514,origin data/VPD-OE_Agent_20260709/VPD-OE_Agent/data/raw/ZY/ZY15.xls,现金流量表,35
eb283e2e3ae81929,historical_600_unknown_rule,ZY15,3185,33,2,3,Renew_Workshop,-40.0,845.0,厂房续租,src_4d43a1bf1514,origin data/VPD-OE_Agent_20260709/VPD-OE_Agent/data/raw/ZY/ZY15.xls,现金流量表,36
e4f3925a8c7ef4a5,historical_600_unknown_rule,ZY15,3186,34,2,3,Pay_Overhaul,-10.0,835.0,支付行政管理费,src_4d43a1bf1514,origin data/VPD-OE_Agent_20260709/VPD-OE_Agent/data/raw/ZY/ZY15.xls,现金流量表,37
ec64f40eb81b61a6,historical_600_unknown_rule,ZY15,3187,35,2,4,Pay_Material,-80.0,755.0,支付原料费 R3:2 R4:2 R2:4,src_4d43a1bf1514,origin data/VPD-OE_Agent_20260709/VPD-OE_Agent/data/raw/ZY/ZY15.xls,现金流量表,38
ab6c37dab84e64ae,historical_600_unknown_rule,ZY15,3188,36,2,4,Product_Produce,-20.0,735.0,135:P4 136:P4,src_4d43a1bf1514,origin data/VPD-OE_Agent_20260709/VPD-OE_Agent/data/raw/ZY/ZY15.xls,现金流量表,39
26d7dc1763c2e73c,historical_600_unknown_rule,ZY15,3189,37,2,4,Invest_ProductLine,-100.0,635.0,投资在建生产线,src_4d43a1bf1514,origin data/VPD-OE_Agent_20260709/VPD-OE_Agent/data/raw/ZY/ZY15.xls,现金流量表,40
0308152c1ce3a8ce,historical_600_unknown_rule,ZY15,3190,38,2,4,Buy_Material,0.0,635.0,订购原料 R2:8 R3:4 R4:4,src_4d43a1bf1514,origin data/VPD-OE_Agent_20260709/VPD-OE_Agent/data/raw/ZY/ZY15.xls,现金流量表,41
a86dfd96323e04d1,historical_600_unknown_rule,ZY15,3191,39,2,4,Develop_Market,-20.0,615.0,"市场开拓资格投资,开发项目:国内 亚洲",src_4d43a1bf1514,origin data/VPD-OE_Agent_20260709/VPD-OE_Agent/data/raw/ZY/ZY15.xls,现金流量表,42
74065875ea769c43,historical_600_unknown_rule,ZY15,3192,40,2,4,Develop_ISO,-30.0,585.0,"ISO认证资格投资,开发：ISO9000 ISO14000",src_4d43a1bf1514,origin data/VPD-OE_Agent_20260709/VPD-OE_Agent/data/raw/ZY/ZY15.xls,现金流量表,43
5c021e5b0bcbcc5a,historical_600_unknown_rule,ZY15,3193,41,2,4,Pay_Overhaul,-10.0,575.0,支付行政管理费,src_4d43a1bf1514,origin data/VPD-OE_Agent_20260709/VPD-OE_Agent/data/raw/ZY/ZY15.xls,现金流量表,44
a7ff90e97d74c75e,historical_600_unknown_rule,ZY15,3194,42,2,4,Pay_Maintenance,-20.0,555.0,支付维护费,src_4d43a1bf1514,origin data/VPD-OE_Agent_20260709/VPD-OE_Agent/data/raw/ZY/ZY15.xls,现金流量表,45
bdcc0dc1b144a101,historical_600_unknown_rule,ZY15,3195,43,3,1,Pay_Long_Loan,-122.0,433.0,支付长贷本息,src_4d43a1bf1514,origin data/VPD-OE_Agent_20260709/VPD-OE_Agent/data/raw/ZY/ZY15.xls,现金流量表,46
378f90837212cbb6,historical_600_unknown_rule,ZY15,3196,44,3,1,Pay_AD,0.0,433.0,广告投放,src_4d43a1bf1514,origin data/VPD-OE_Agent_20260709/VPD-OE_Agent/data/raw/ZY/ZY15.xls,现金流量表,47
1ffd7ae1a3e13c88,historical_600_unknown_rule,ZY15,3274,45,3,1,Auction_Win,-10.0,423.0,竞单成功，获得订单:J31-0017,src_4d43a1bf1514,origin data/VPD-OE_Agent_20260709/VPD-OE_Agent/data/raw/ZY/ZY15.xls,现金流量表,48
ca4b4f4bc6a6c84f,historical_600_unknown_rule,ZY15,3275,46,3,1,Auction_Win,-10.0,413.0,竞单成功，获得订单:J31-0018,src_4d43a1bf1514,origin data/VPD-OE_Agent_20260709/VPD-OE_Agent/data/raw/ZY/ZY15.xls,现金流量表,49
2767ed110ed072bc,historical_600_unknown_rule,ZY15,3276,47,3,1,Auction_Win,-10.0,403.0,竞单成功，获得订单:J33-0019,src_4d43a1bf1514,origin data/VPD-OE_Agent_20260709/VPD-OE_Agent/data/raw/ZY/ZY15.xls,现金流量表,50
cb5dcd278d1f9b1a,historical_600_unknown_rule,ZY15,3279,48,3,1,Pay_Material,-160.0,243.0,支付原料费 R3:4 R4:4 R2:8,src_4d43a1bf1514,origin data/VPD-OE_Agent_20260709/VPD-OE_Agent/data/raw/ZY/ZY15.xls,现金流量表,51
defca5a55d010dc2,historical_600_unknown_rule,ZY15,3280,49,3,1,Product_Produce,-40.0,203.0,135:P4 136:P4 213:P4 214:P4,src_4d43a1bf1514,origin data/VPD-OE_Agent_20260709/VPD-OE_Agent/data/raw/ZY/ZY15.xls,现金流量表,52
fa62db549e90f045,historical_600_unknown_rule,ZY15,3307,50,3,1,Buy_Material,0.0,203.0,订购原料 R2:8 R3:4 R4:4,src_4d43a1bf1514,origin data/VPD-OE_Agent_20260709/VPD-OE_Agent/data/raw/ZY/ZY15.xls,现金流量表,53
b6623d315107401a,historical_600_unknown_rule,ZY15,3325,51,3,1,Pay_Overhaul,-10.0,193.0,支付行政管理费,src_4d43a1bf1514,origin data/VPD-OE_Agent_20260709/VPD-OE_Agent/data/raw/ZY/ZY15.xls,现金流量表,54
5f483f1c01260aa2,historical_600_unknown_rule,ZY15,3453,52,3,2,Short_Loan,28.0,221.0,申请:4季 28W的短期贷款,src_4d43a1bf1514,origin data/VPD-OE_Agent_20260709/VPD-OE_Agent/data/raw/ZY/ZY15.xls,现金流量表,55
dc69ac48bec1946e,historical_600_unknown_rule,ZY15,3456,53,3,2,Pay_Material,-160.0,61.0,支付原料费 R3:4 R4:4 R2:8,src_4d43a1bf1514,origin data/VPD-OE_Agent_20260709/VPD-OE_Agent/data/raw/ZY/ZY15.xls,现金流量表,56
b4dc2a46b5756971,historical_600_unknown_rule,ZY15,3457,54,3,2,Product_Produce,-40.0,21.0,135:P4 136:P4 213:P4 214:P4,src_4d43a1bf1514,origin data/VPD-OE_Agent_20260709/VPD-OE_Agent/data/raw/ZY/ZY15.xls,现金流量表,57
f5feac75cfcafb10,historical_600_unknown_rule,ZY15,3462,55,3,2,Buy_Material,0.0,21.0,订购原料 R2:8 R3:4 R4:4,src_4d43a1bf1514,origin data/VPD-OE_Agent_20260709/VPD-OE_Agent/data/raw/ZY/ZY15.xls,现金流量表,58
a19ad09a0f6c8c81,historical_600_unknown_rule,ZY15,3467,56,3,2,Update_Receivable,492.0,513.0,更新应收款,src_4d43a1bf1514,origin data/VPD-OE_Agent_20260709/VPD-OE_Agent/data/raw/ZY/ZY15.xls,现金流量表,59
a9539c98d8d857fb,historical_600_unknown_rule,ZY15,3477,57,3,2,Pay_Overhaul,-10.0,503.0,支付行政管理费,src_4d43a1bf1514,origin data/VPD-OE_Agent_20260709/VPD-OE_Agent/data/raw/ZY/ZY15.xls,现金流量表,60
45a9c86fac2a4609,historical_600_unknown_rule,ZY15,3481,58,3,3,Pay_Material,-160.0,343.0,支付原料费 R3:4 R4:4 R2:8,src_4d43a1bf1514,origin data/VPD-OE_Agent_20260709/VPD-OE_Agent/data/raw/ZY/ZY15.xls,现金流量表,61
5e94685aed79b8ce,historical_600_unknown_rule,ZY15,3482,59,3,3,Product_Produce,-40.0,303.0,135:P4 136:P4 213:P4 214:P4,src_4d43a1bf1514,origin data/VPD-OE_Agent_20260709/VPD-OE_Agent/data/raw/ZY/ZY15.xls,现金流量表,62
c841aeb2e0de99eb,historical_600_unknown_rule,ZY15,3488,60,3,3,Buy_Material,0.0,303.0,订购原料 R2:8 R3:4 R4:4,src_4d43a1bf1514,origin data/VPD-OE_Agent_20260709/VPD-OE_Agent/data/raw/ZY/ZY15.xls,现金流量表,63
5869773cf0153993,historical_600_unknown_rule,ZY15,3491,61,3,3,Update_Receivable,456.0,759.0,更新应收款,src_4d43a1bf1514,origin data/VPD-OE_Agent_20260709/VPD-OE_Agent/data/raw/ZY/ZY15.xls,现金流量表,64
fbfdd1c2141911eb,historical_600_unknown_rule,ZY15,3499,62,3,3,Renew_Workshop,-40.0,719.0,厂房续租,src_4d43a1bf1514,origin data/VPD-OE_Agent_20260709/VPD-OE_Agent/data/raw/ZY/ZY15.xls,现金流量表,65
bfb6e2cedf09c633,historical_600_unknown_rule,ZY15,3500,63,3,3,Pay_Overhaul,-10.0,709.0,支付行政管理费,src_4d43a1bf1514,origin data/VPD-OE_Agent_20260709/VPD-OE_Agent/data/raw/ZY/ZY15.xls,现金流量表,66
f312cf6c978e4726,historical_600_unknown_rule,ZY15,3502,64,3,4,Pay_Material,-160.0,549.0,支付原料费 R3:4 R4:4 R2:8,src_4d43a1bf1514,origin data/VPD-OE_Agent_20260709/VPD-OE_Agent/data/raw/ZY/ZY15.xls,现金流量表,67
877b60ba6c696079,historical_600_unknown_rule,ZY15,3505,65,3,4,Product_Produce,-40.0,509.0,135:P4 136:P4 213:P4 214:P4,src_4d43a1bf1514,origin data/VPD-OE_Agent_20260709/VPD-OE_Agent/data/raw/ZY/ZY15.xls,现金流量表,68
82d809e725cdbbc8,historical_600_unknown_rule,ZY15,3509,66,3,4,Buy_Material,0.0,509.0,订购原料 R2:8 R3:4 R4:4,src_4d43a1bf1514,origin data/VPD-OE_Agent_20260709/VPD-OE_Agent/data/raw/ZY/ZY15.xls,现金流量表,69
79d554dfcd841cb6,historical_600_unknown_rule,ZY15,3511,67,3,4,Update_Receivable,273.0,782.0,更新应收款,src_4d43a1bf1514,origin data/VPD-OE_Agent_20260709/VPD-OE_Agent/data/raw/ZY/ZY15.xls,现金流量表,70
2215b6e2cd50620e,historical_600_unknown_rule,ZY15,3514,68,3,4,Develop_Market,-10.0,772.0,"市场开拓资格投资,开发项目:亚洲",src_4d43a1bf1514,origin data/VPD-OE_Agent_20260709/VPD-OE_Agent/data/raw/ZY/ZY15.xls,现金流量表,71
872f00a16c0f4320,historical_600_unknown_rule,ZY15,3520,69,3,4,Pay_Overhaul,-10.0,762.0,支付行政管理费,src_4d43a1bf1514,origin data/VPD-OE_Agent_20260709/VPD-OE_Agent/data/raw/ZY/ZY15.xls,现金流量表,72
ce67e42516bb8d93,historical_600_unknown_rule,ZY15,3521,70,3,4,Pay_Maintenance,-40.0,722.0,支付维护费,src_4d43a1bf1514,origin data/VPD-OE_Agent_20260709/VPD-OE_Agent/data/raw/ZY/ZY15.xls,现金流量表,73
4b98de98ca200cfb,historical_600_unknown_rule,ZY15,3673,71,4,1,Pay_Long_Loan,-122.0,600.0,支付长贷本息,src_4d43a1bf1514,origin data/VPD-OE_Agent_20260709/VPD-OE_Agent/data/raw/ZY/ZY15.xls,现金流量表,74
5c420add921c0528,historical_600_unknown_rule,ZY15,3674,72,4,1,Pay_AD,-144.0,456.0,广告投放,src_4d43a1bf1514,origin data/VPD-OE_Agent_20260709/VPD-OE_Agent/data/raw/ZY/ZY15.xls,现金流量表,75
a9f49749b280aa4e,historical_600_unknown_rule,ZY15,3767,73,4,1,Pay_Material,-160.0,296.0,支付原料费 R3:4 R4:4 R2:8,src_4d43a1bf1514,origin data/VPD-OE_Agent_20260709/VPD-OE_Agent/data/raw/ZY/ZY15.xls,现金流量表,76
b8726c3fd47e2344,historical_600_unknown_rule,ZY15,3768,74,4,1,Product_Produce,-40.0,256.0,135:P4 136:P4 213:P4 214:P4,src_4d43a1bf1514,origin data/VPD-OE_Agent_20260709/VPD-OE_Agent/data/raw/ZY/ZY15.xls,现金流量表,77
4369e75fd6e4a61a,historical_600_unknown_rule,ZY15,3770,75,4,1,Buy_Material,0.0,256.0,订购原料 R2:8 R3:4 R4:4,src_4d43a1bf1514,origin data/VPD-OE_Agent_20260709/VPD-OE_Agent/data/raw/ZY/ZY15.xls,现金流量表,78
6cadef1a7894a344,historical_600_unknown_rule,ZY15,3771,76,4,1,Update_Receivable,237.0,493.0,更新应收款,src_4d43a1bf1514,origin data/VPD-OE_Agent_20260709/VPD-OE_Agent/data/raw/ZY/ZY15.xls,现金流量表,79
5aa4b2cba0217c55,historical_600_unknown_rule,ZY15,3829,77,4,1,Pay_Overhaul,-10.0,483.0,支付行政管理费,src_4d43a1bf1514,origin data/VPD-OE_Agent_20260709/VPD-OE_Agent/data/raw/ZY/ZY15.xls,现金流量表,80
8b1576459974858b,historical_600_unknown_rule,ZY15,3830,78,4,2,Pay_Short_Loan,-29.0,454.0,短贷还本息,src_4d43a1bf1514,origin data/VPD-OE_Agent_20260709/VPD-OE_Agent/data/raw/ZY/ZY15.xls,现金流量表,81
151e4a0f6d6a7fc9,historical_600_unknown_rule,ZY15,3831,79,4,2,Pay_Material,-160.0,294.0,支付原料费 R3:4 R4:4 R2:8,src_4d43a1bf1514,origin data/VPD-OE_Agent_20260709/VPD-OE_Agent/data/raw/ZY/ZY15.xls,现金流量表,82
6b99a6221ecdfd28,historical_600_unknown_rule,ZY15,3832,80,4,2,Product_Produce,-40.0,254.0,135:P4 136:P4 213:P4 214:P4,src_4d43a1bf1514,origin data/VPD-OE_Agent_20260709/VPD-OE_Agent/data/raw/ZY/ZY15.xls,现金流量表,83
e2d366a323d58b42,historical_600_unknown_rule,ZY15,3833,81,4,2,Buy_Material,0.0,254.0,订购原料 R2:8 R3:4 R4:4,src_4d43a1bf1514,origin data/VPD-OE_Agent_20260709/VPD-OE_Agent/data/raw/ZY/ZY15.xls,现金流量表,84
3d950d43385be5d4,historical_600_unknown_rule,ZY15,3834,82,4,2,Update_Receivable,524.0,778.0,更新应收款,src_4d43a1bf1514,origin data/VPD-OE_Agent_20260709/VPD-OE_Agent/data/raw/ZY/ZY15.xls,现金流量表,85
bd9e9a88fcb01395,historical_600_unknown_rule,ZY15,3835,83,4,2,Pay_Overhaul,-10.0,768.0,支付行政管理费,src_4d43a1bf1514,origin data/VPD-OE_Agent_20260709/VPD-OE_Agent/data/raw/ZY/ZY15.xls,现金流量表,86
0aaa4d8dbe9e7103,historical_600_unknown_rule,ZY15,3836,84,4,3,Pay_Material,-160.0,608.0,支付原料费 R3:4 R4:4 R2:8,src_4d43a1bf1514,origin data/VPD-OE_Agent_20260709/VPD-OE_Agent/data/raw/ZY/ZY15.xls,现金流量表,87
a47845186a21e4a7,historical_600_unknown_rule,ZY15,3837,85,4,3,Product_Produce,-40.0,568.0,135:P4 136:P4 213:P4 214:P4,src_4d43a1bf1514,origin data/VPD-OE_Agent_20260709/VPD-OE_Agent/data/raw/ZY/ZY15.xls,现金流量表,88
050fd017b6483072,historical_600_unknown_rule,ZY15,3838,86,4,3,Buy_Material,0.0,568.0,订购原料 R2:8 R3:4 R4:4,src_4d43a1bf1514,origin data/VPD-OE_Agent_20260709/VPD-OE_Agent/data/raw/ZY/ZY15.xls,现金流量表,89
87f5f03e7c2fe3be,historical_600_unknown_rule,ZY15,3839,87,4,3,Renew_Workshop,-40.0,528.0,厂房续租,src_4d43a1bf1514,origin data/VPD-OE_Agent_20260709/VPD-OE_Agent/data/raw/ZY/ZY15.xls,现金流量表,90
a5e3c67967d6d61c,historical_600_unknown_rule,ZY15,3840,88,4,3,Pay_Overhaul,-10.0,518.0,支付行政管理费,src_4d43a1bf1514,origin data/VPD-OE_Agent_20260709/VPD-OE_Agent/data/raw/ZY/ZY15.xls,现金流量表,91
89b1dc9de10d4c05,historical_600_unknown_rule,ZY15,4120,89,4,4,Pay_Material,-160.0,358.0,支付原料费 R3:4 R4:4 R2:8,src_4d43a1bf1514,origin data/VPD-OE_Agent_20260709/VPD-OE_Agent/data/raw/ZY/ZY15.xls,现金流量表,92
8d33bc9aab5af194,historical_600_unknown_rule,ZY15,4121,90,4,4,Product_Produce,-40.0,318.0,135:P4 136:P4 213:P4 214:P4,src_4d43a1bf1514,origin data/VPD-OE_Agent_20260709/VPD-OE_Agent/data/raw/ZY/ZY15.xls,现金流量表,93
ccdf3a15320ac3b4,historical_600_unknown_rule,ZY15,4122,91,4,4,Buy_Material,0.0,318.0,订购原料 R2:8 R3:4 R4:4,src_4d43a1bf1514,origin data/VPD-OE_Agent_20260709/VPD-OE_Agent/data/raw/ZY/ZY15.xls,现金流量表,94
805a85e4a6473ba2,historical_600_unknown_rule,ZY15,4123,92,4,4,Update_Receivable,393.0,711.0,更新应收款,src_4d43a1bf1514,origin data/VPD-OE_Agent_20260709/VPD-OE_Agent/data/raw/ZY/ZY15.xls,现金流量表,95
cc0e0832aba990e5,historical_600_unknown_rule,ZY15,4124,93,4,4,Pay_Overhaul,-10.0,701.0,支付行政管理费,src_4d43a1bf1514,origin data/VPD-OE_Agent_20260709/VPD-OE_Agent/data/raw/ZY/ZY15.xls,现金流量表,96
427db9561e341684,historical_600_unknown_rule,ZY15,4125,94,4,4,Pay_Maintenance,-40.0,661.0,支付维护费,src_4d43a1bf1514,origin data/VPD-OE_Agent_20260709/VPD-OE_Agent/data/raw/ZY/ZY15.xls,现金流量表,97
2a26af33e8e24af5,historical_600_unknown_rule,ZY15,4442,95,5,1,Pay_Tax,-55.0,606.0,支付上一年税金,src_4d43a1bf1514,origin data/VPD-OE_Agent_20260709/VPD-OE_Agent/data/raw/ZY/ZY15.xls,现金流量表,98
9f28695d8fb30bd9,historical_600_unknown_rule,ZY15,4443,96,5,1,Pay_Long_Loan,-122.0,484.0,支付长贷本息,src_4d43a1bf1514,origin data/VPD-OE_Agent_20260709/VPD-OE_Agent/data/raw/ZY/ZY15.xls,现金流量表,99
5d0101787e3cc282,historical_600_unknown_rule,ZY15,4444,97,5,1,Pay_AD,-130.0,354.0,广告投放,src_4d43a1bf1514,origin data/VPD-OE_Agent_20260709/VPD-OE_Agent/data/raw/ZY/ZY15.xls,现金流量表,100
f29dd1fdede904b0,historical_600_unknown_rule,ZY15,4488,98,5,1,Auction_Win,-10.0,344.0,竞单成功，获得订单:J53-0037,src_4d43a1bf1514,origin data/VPD-OE_Agent_20260709/VPD-OE_Agent/data/raw/ZY/ZY15.xls,现金流量表,101
3f27a88599c98009,historical_600_unknown_rule,ZY15,4489,99,5,1,Auction_Win,-10.0,334.0,竞单成功，获得订单:J53-0038,src_4d43a1bf1514,origin data/VPD-OE_Agent_20260709/VPD-OE_Agent/data/raw/ZY/ZY15.xls,现金流量表,102
e072cb506819e2ae,historical_600_unknown_rule,ZY15,4492,100,5,1,Auction_Win,-10.0,324.0,竞单成功，获得订单:J54-0041,src_4d43a1bf1514,origin data/VPD-OE_Agent_20260709/VPD-OE_Agent/data/raw/ZY/ZY15.xls,现金流量表,103
caba31e4e804ffe6,historical_600_unknown_rule,ZY15,4494,101,5,1,Pay_Material,-160.0,164.0,支付原料费 R3:4 R4:4 R2:8,src_4d43a1bf1514,origin data/VPD-OE_Agent_20260709/VPD-OE_Agent/data/raw/ZY/ZY15.xls,现金流量表,104
af469428668a1ad9,historical_600_unknown_rule,ZY15,4496,102,5,1,Product_Produce,-40.0,124.0,135:P4 136:P4 213:P4 214:P4,src_4d43a1bf1514,origin data/VPD-OE_Agent_20260709/VPD-OE_Agent/data/raw/ZY/ZY15.xls,现金流量表,105
72ffab52df5fae58,historical_600_unknown_rule,ZY15,4548,103,5,1,Buy_Material,0.0,124.0,订购原料 R2:8 R3:4 R4:4,src_4d43a1bf1514,origin data/VPD-OE_Agent_20260709/VPD-OE_Agent/data/raw/ZY/ZY15.xls,现金流量表,106
65a95734e051ca7b,historical_600_unknown_rule,ZY15,4585,104,5,1,Pay_Overhaul,-10.0,114.0,支付行政管理费,src_4d43a1bf1514,origin data/VPD-OE_Agent_20260709/VPD-OE_Agent/data/raw/ZY/ZY15.xls,现金流量表,107
adf82ceb69564754,historical_600_unknown_rule,ZY15,4599,105,5,2,Short_Loan,88.0,202.0,申请:4季 88W的短期贷款,src_4d43a1bf1514,origin data/VPD-OE_Agent_20260709/VPD-OE_Agent/data/raw/ZY/ZY15.xls,现金流量表,108
13e677a4f7a79e00,historical_600_unknown_rule,ZY15,4602,106,5,2,Pay_Material,-160.0,42.0,支付原料费 R3:4 R4:4 R2:8,src_4d43a1bf1514,origin data/VPD-OE_Agent_20260709/VPD-OE_Agent/data/raw/ZY/ZY15.xls,现金流量表,109
7a3df8bea47c1220,historical_600_unknown_rule,ZY15,4609,107,5,2,Product_Produce,-40.0,2.0,135:P4 136:P4 213:P4 214:P4,src_4d43a1bf1514,origin data/VPD-OE_Agent_20260709/VPD-OE_Agent/data/raw/ZY/ZY15.xls,现金流量表,110
f7d46b47987ee7fd,historical_600_unknown_rule,ZY15,4615,108,5,2,Buy_Material,0.0,2.0,订购原料 R2:8,src_4d43a1bf1514,origin data/VPD-OE_Agent_20260709/VPD-OE_Agent/data/raw/ZY/ZY15.xls,现金流量表,111
40a1d3bd95d9ea02,historical_600_unknown_rule,ZY15,4623,109,5,2,Update_Receivable,614.0,616.0,更新应收款,src_4d43a1bf1514,origin data/VPD-OE_Agent_20260709/VPD-OE_Agent/data/raw/ZY/ZY15.xls,现金流量表,112
ee0f3c4eacfa0a97,historical_600_unknown_rule,ZY15,4633,110,5,2,Pay_Overhaul,-10.0,606.0,支付行政管理费,src_4d43a1bf1514,origin data/VPD-OE_Agent_20260709/VPD-OE_Agent/data/raw/ZY/ZY15.xls,现金流量表,113
5d8e5ac43c82e8f3,historical_600_unknown_rule,ZY15,4641,111,5,3,Pay_Material,-160.0,446.0,支付原料费 R3:4 R4:4 R2:8,src_4d43a1bf1514,origin data/VPD-OE_Agent_20260709/VPD-OE_Agent/data/raw/ZY/ZY15.xls,现金流量表,114
ca4b0d07410f5505,historical_600_unknown_rule,ZY15,4643,112,5,3,Product_Produce,-40.0,406.0,135:P4 136:P4 213:P4 214:P4,src_4d43a1bf1514,origin data/VPD-OE_Agent_20260709/VPD-OE_Agent/data/raw/ZY/ZY15.xls,现金流量表,115
091aa5283e76afcd,historical_600_unknown_rule,ZY15,4658,113,5,3,Renew_Workshop,-40.0,366.0,厂房续租,src_4d43a1bf1514,origin data/VPD-OE_Agent_20260709/VPD-OE_Agent/data/raw/ZY/ZY15.xls,现金流量表,116
c38bb6389726a88f,historical_600_unknown_rule,ZY15,4659,114,5,3,Pay_Overhaul,-10.0,356.0,支付行政管理费,src_4d43a1bf1514,origin data/VPD-OE_Agent_20260709/VPD-OE_Agent/data/raw/ZY/ZY15.xls,现金流量表,117
83ab1eede05a593c,historical_600_unknown_rule,ZY15,4909,115,5,4,Buy_Workshop,-300.0,56.0,购买[大厂房],src_4d43a1bf1514,origin data/VPD-OE_Agent_20260709/VPD-OE_Agent/data/raw/ZY/ZY15.xls,现金流量表,118
eb461bd1a1a194e4,historical_600_unknown_rule,ZY15,4917,116,5,4,Update_Receivable,309.0,365.0,更新应收款,src_4d43a1bf1514,origin data/VPD-OE_Agent_20260709/VPD-OE_Agent/data/raw/ZY/ZY15.xls,现金流量表,119
664773457dd4eddd,historical_600_unknown_rule,ZY15,4919,117,5,4,Pay_Overhaul,-10.0,355.0,支付行政管理费,src_4d43a1bf1514,origin data/VPD-OE_Agent_20260709/VPD-OE_Agent/data/raw/ZY/ZY15.xls,现金流量表,120
18f61cda3f65b4a1,historical_600_unknown_rule,ZY15,4920,118,5,4,Pay_Maintenance,-40.0,315.0,支付维护费,src_4d43a1bf1514,origin data/VPD-OE_Agent_20260709/VPD-OE_Agent/data/raw/ZY/ZY15.xls,现金流量表,121
428fbdc693b5ac3f,historical_600_unknown_rule,ZY15,4921,119,5,4,Pay_Punish,-42.0,273.0,违约处理,src_4d43a1bf1514,origin data/VPD-OE_Agent_20260709/VPD-OE_Agent/data/raw/ZY/ZY15.xls,现金流量表,122
a92eae86410e0e9b,historical_600_unknown_rule,ZY16,2321,1,1,1,Pay_Capital,600.0,600.0,"公司成立,股东注资",src_2f4d529bc792,origin data/VPD-OE_Agent_20260709/VPD-OE_Agent/data/raw/ZY/ZY16.xls,现金流量表,4
5d57c2d8772ba22b,historical_600_unknown_rule,ZY16,2326,2,1,1,Develop_Product,-10.0,590.0,产品生产资格投资: P2,src_2f4d529bc792,origin data/VPD-OE_Agent_20260709/VPD-OE_Agent/data/raw/ZY/ZY16.xls,现金流量表,5
e86cddb1d700915f,historical_600_unknown_rule,ZY16,2338,3,1,1,Pay_Overhaul,-10.0,580.0,支付行政管理费,src_2f4d529bc792,origin data/VPD-OE_Agent_20260709/VPD-OE_Agent/data/raw/ZY/ZY16.xls,现金流量表,6
f9efc3e8f89ec975,historical_600_unknown_rule,ZY16,2343,4,1,2,Rent_Workshop,-40.0,540.0,租用[大厂房],src_2f4d529bc792,origin data/VPD-OE_Agent_20260709/VPD-OE_Agent/data/raw/ZY/ZY16.xls,现金流量表,7
8917f395d1f77656,historical_600_unknown_rule,ZY16,2345,5,1,2,Buy_ProductLine,-50.0,490.0,订购[自动线]生产[P2],src_2f4d529bc792,origin data/VPD-OE_Agent_20260709/VPD-OE_Agent/data/raw/ZY/ZY16.xls,现金流量表,8
51402ac6af475b24,historical_600_unknown_rule,ZY16,2347,6,1,2,Buy_ProductLine,-50.0,440.0,订购[自动线]生产[P2],src_2f4d529bc792,origin data/VPD-OE_Agent_20260709/VPD-OE_Agent/data/raw/ZY/ZY16.xls,现金流量表,9
0f077d5cd731cf30,historical_600_unknown_rule,ZY16,2349,7,1,2,Buy_ProductLine,-50.0,390.0,订购[自动线]生产[P2],src_2f4d529bc792,origin data/VPD-OE_Agent_20260709/VPD-OE_Agent/data/raw/ZY/ZY16.xls,现金流量表,10
f5daf6a0bf393262,historical_600_unknown_rule,ZY16,2353,8,1,2,Develop_Product,-10.0,380.0,产品生产资格投资: P2,src_2f4d529bc792,origin data/VPD-OE_Agent_20260709/VPD-OE_Agent/data/raw/ZY/ZY16.xls,现金流量表,11
bb0088cecc8a823c,historical_600_unknown_rule,ZY16,2354,9,1,2,Pay_Overhaul,-10.0,370.0,支付行政管理费,src_2f4d529bc792,origin data/VPD-OE_Agent_20260709/VPD-OE_Agent/data/raw/ZY/ZY16.xls,现金流量表,12
279423ade16c9027,historical_600_unknown_rule,ZY16,2362,10,1,3,Invest_ProductLine,-150.0,220.0,投资在建生产线,src_2f4d529bc792,origin data/VPD-OE_Agent_20260709/VPD-OE_Agent/data/raw/ZY/ZY16.xls,现金流量表,13
527ff076ef329757,historical_600_unknown_rule,ZY16,2366,11,1,3,Buy_Material,0.0,220.0,订购原料 R3:3,src_2f4d529bc792,origin data/VPD-OE_Agent_20260709/VPD-OE_Agent/data/raw/ZY/ZY16.xls,现金流量表,14
0722b6da8652291a,historical_600_unknown_rule,ZY16,2369,12,1,3,Develop_Product,-10.0,210.0,产品生产资格投资: P2,src_2f4d529bc792,origin data/VPD-OE_Agent_20260709/VPD-OE_Agent/data/raw/ZY/ZY16.xls,现金流量表,15
c85794af07459ceb,historical_600_unknown_rule,ZY16,2371,13,1,3,Pay_Overhaul,-10.0,200.0,支付行政管理费,src_2f4d529bc792,origin data/VPD-OE_Agent_20260709/VPD-OE_Agent/data/raw/ZY/ZY16.xls,现金流量表,16
111497ddf6b2b115,historical_600_unknown_rule,ZY16,2376,14,1,4,Short_Loan,209.0,409.0,申请:4季 209W的短期贷款,src_2f4d529bc792,origin data/VPD-OE_Agent_20260709/VPD-OE_Agent/data/raw/ZY/ZY16.xls,现金流量表,17
72c7ab83ab33061f,historical_600_unknown_rule,ZY16,2383,15,1,4,Buy_Material,0.0,409.0,订购原料 R2:3 R3:3,src_2f4d529bc792,origin data/VPD-OE_Agent_20260709/VPD-OE_Agent/data/raw/ZY/ZY16.xls,现金流量表,18
42d16ab85e14f06d,historical_600_unknown_rule,ZY16,2385,16,1,4,Invest_ProductLine,-150.0,259.0,投资在建生产线,src_2f4d529bc792,origin data/VPD-OE_Agent_20260709/VPD-OE_Agent/data/raw/ZY/ZY16.xls,现金流量表,19
c283c1c04e9b9a4d,historical_600_unknown_rule,ZY16,2393,17,1,4,Develop_Market,-50.0,209.0,"市场开拓资格投资,开发项目:本地 区域 国内 亚洲 国际",src_2f4d529bc792,origin data/VPD-OE_Agent_20260709/VPD-OE_Agent/data/raw/ZY/ZY16.xls,现金流量表,20
e631dc31c6c8f054,historical_600_unknown_rule,ZY16,2394,18,1,4,Develop_ISO,-30.0,179.0,"ISO认证资格投资,开发：ISO9000 ISO14000",src_2f4d529bc792,origin data/VPD-OE_Agent_20260709/VPD-OE_Agent/data/raw/ZY/ZY16.xls,现金流量表,21
2b210cc43ef076b2,historical_600_unknown_rule,ZY16,2396,19,1,4,Pay_Overhaul,-10.0,169.0,支付行政管理费,src_2f4d529bc792,origin data/VPD-OE_Agent_20260709/VPD-OE_Agent/data/raw/ZY/ZY16.xls,现金流量表,22
a6c87335654cc693,historical_600_unknown_rule,ZY16,2662,20,2,1,Pay_AD,-56.0,113.0,广告投放,src_2f4d529bc792,origin data/VPD-OE_Agent_20260709/VPD-OE_Agent/data/raw/ZY/ZY16.xls,现金流量表,23
09c3f7092c0ac471,historical_600_unknown_rule,ZY16,3003,21,2,1,Long_Loan,234.0,347.0,申请:5年 234W的长期贷款,src_2f4d529bc792,origin data/VPD-OE_Agent_20260709/VPD-OE_Agent/data/raw/ZY/ZY16.xls,现金流量表,24
2960560fd2c8feda,historical_600_unknown_rule,ZY16,3009,22,2,1,Short_Loan,209.0,556.0,申请:4季 209W的短期贷款,src_2f4d529bc792,origin data/VPD-OE_Agent_20260709/VPD-OE_Agent/data/raw/ZY/ZY16.xls,现金流量表,25
90a89b10c1b9bc90,historical_600_unknown_rule,ZY16,3013,23,2,1,Pay_Material,-60.0,496.0,支付原料费 R3:3 R2:3,src_2f4d529bc792,origin data/VPD-OE_Agent_20260709/VPD-OE_Agent/data/raw/ZY/ZY16.xls,现金流量表,26
573d9858b2a0b2db,historical_600_unknown_rule,ZY16,3016,24,2,1,Buy_Material,0.0,496.0,订购原料 R2:3 R3:3,src_2f4d529bc792,origin data/VPD-OE_Agent_20260709/VPD-OE_Agent/data/raw/ZY/ZY16.xls,现金流量表,27
f2584f65dfca4336,historical_600_unknown_rule,ZY16,3018,25,2,1,Product_Produce,-30.0,466.0,164:P2 165:P2 166:P2,src_2f4d529bc792,origin data/VPD-OE_Agent_20260709/VPD-OE_Agent/data/raw/ZY/ZY16.xls,现金流量表,28
bb23162e99d411b4,historical_600_unknown_rule,ZY16,3020,26,2,1,Pay_Overhaul,-10.0,456.0,支付行政管理费,src_2f4d529bc792,origin data/VPD-OE_Agent_20260709/VPD-OE_Agent/data/raw/ZY/ZY16.xls,现金流量表,29
3a191233882184bd,historical_600_unknown_rule,ZY16,3024,27,2,2,Short_Loan,209.0,665.0,申请:4季 209W的短期贷款,src_2f4d529bc792,origin data/VPD-OE_Agent_20260709/VPD-OE_Agent/data/raw/ZY/ZY16.xls,现金流量表,30
11c839a833aa16cd,historical_600_unknown_rule,ZY16,3026,28,2,2,Pay_Material,-60.0,605.0,支付原料费 R3:3 R2:3,src_2f4d529bc792,origin data/VPD-OE_Agent_20260709/VPD-OE_Agent/data/raw/ZY/ZY16.xls,现金流量表,31
bd6893ec0f8552e6,historical_600_unknown_rule,ZY16,3028,29,2,2,Buy_Material,0.0,605.0,订购原料 R2:3 R3:3,src_2f4d529bc792,origin data/VPD-OE_Agent_20260709/VPD-OE_Agent/data/raw/ZY/ZY16.xls,现金流量表,32
c675902475bd03d3,historical_600_unknown_rule,ZY16,3030,30,2,2,Product_Produce,-30.0,575.0,164:P2 165:P2 166:P2,src_2f4d529bc792,origin data/VPD-OE_Agent_20260709/VPD-OE_Agent/data/raw/ZY/ZY16.xls,现金流量表,33
167bb90e74d2603e,historical_600_unknown_rule,ZY16,3046,31,2,2,Renew_Workshop,-40.0,535.0,厂房续租,src_2f4d529bc792,origin data/VPD-OE_Agent_20260709/VPD-OE_Agent/data/raw/ZY/ZY16.xls,现金流量表,34
1a5cb5c93484269b,historical_600_unknown_rule,ZY16,3047,32,2,2,Pay_Overhaul,-10.0,525.0,支付行政管理费,src_2f4d529bc792,origin data/VPD-OE_Agent_20260709/VPD-OE_Agent/data/raw/ZY/ZY16.xls,现金流量表,35
f6b7faec88e57350,historical_600_unknown_rule,ZY16,3049,33,2,3,Short_Loan,209.0,734.0,申请:4季 209W的短期贷款,src_2f4d529bc792,origin data/VPD-OE_Agent_20260709/VPD-OE_Agent/data/raw/ZY/ZY16.xls,现金流量表,36
0b6ba937bcd55fc3,historical_600_unknown_rule,ZY16,3051,34,2,3,Pay_Material,-60.0,674.0,支付原料费 R3:3 R2:3,src_2f4d529bc792,origin data/VPD-OE_Agent_20260709/VPD-OE_Agent/data/raw/ZY/ZY16.xls,现金流量表,37
5488619e415cd05f,historical_600_unknown_rule,ZY16,3052,35,2,3,Buy_Material,0.0,674.0,订购原料 R2:3 R3:3,src_2f4d529bc792,origin data/VPD-OE_Agent_20260709/VPD-OE_Agent/data/raw/ZY/ZY16.xls,现金流量表,38
032db77f6f3445aa,historical_600_unknown_rule,ZY16,3054,36,2,3,Product_Produce,-30.0,644.0,164:P2 165:P2 166:P2,src_2f4d529bc792,origin data/VPD-OE_Agent_20260709/VPD-OE_Agent/data/raw/ZY/ZY16.xls,现金流量表,39
44a1927d47744d0e,historical_600_unknown_rule,ZY16,3058,37,2,3,Update_Receivable,120.0,764.0,更新应收款,src_2f4d529bc792,origin data/VPD-OE_Agent_20260709/VPD-OE_Agent/data/raw/ZY/ZY16.xls,现金流量表,40
a830da63a9e2effe,historical_600_unknown_rule,ZY16,3064,38,2,3,Pay_Overhaul,-10.0,754.0,支付行政管理费,src_2f4d529bc792,origin data/VPD-OE_Agent_20260709/VPD-OE_Agent/data/raw/ZY/ZY16.xls,现金流量表,41
e36665b7219e8e31,historical_600_unknown_rule,ZY16,3065,39,2,4,Pay_Short_Loan,-219.0,535.0,短贷还本息,src_2f4d529bc792,origin data/VPD-OE_Agent_20260709/VPD-OE_Agent/data/raw/ZY/ZY16.xls,现金流量表,42
11df02d172dc57c2,historical_600_unknown_rule,ZY16,3069,40,2,4,Short_Loan,209.0,744.0,申请:4季 209W的短期贷款,src_2f4d529bc792,origin data/VPD-OE_Agent_20260709/VPD-OE_Agent/data/raw/ZY/ZY16.xls,现金流量表,43
2b33cce8a90ed377,historical_600_unknown_rule,ZY16,3071,41,2,4,Pay_Material,-60.0,684.0,支付原料费 R3:3 R2:3,src_2f4d529bc792,origin data/VPD-OE_Agent_20260709/VPD-OE_Agent/data/raw/ZY/ZY16.xls,现金流量表,44
be3f96f9cb7b2941,historical_600_unknown_rule,ZY16,3078,42,2,4,Buy_Material,0.0,684.0,订购原料 R2:3 R3:3,src_2f4d529bc792,origin data/VPD-OE_Agent_20260709/VPD-OE_Agent/data/raw/ZY/ZY16.xls,现金流量表,45
124a2058beba9922,historical_600_unknown_rule,ZY16,3079,43,2,4,Product_Produce,-30.0,654.0,164:P2 165:P2 166:P2,src_2f4d529bc792,origin data/VPD-OE_Agent_20260709/VPD-OE_Agent/data/raw/ZY/ZY16.xls,现金流量表,46
f7b9a71a64b251de,historical_600_unknown_rule,ZY16,3082,44,2,4,Develop_Market,-30.0,624.0,"市场开拓资格投资,开发项目:国内 亚洲 国际",src_2f4d529bc792,origin data/VPD-OE_Agent_20260709/VPD-OE_Agent/data/raw/ZY/ZY16.xls,现金流量表,47
c3cbbbfd5442b0ac,historical_600_unknown_rule,ZY16,3083,45,2,4,Develop_ISO,-30.0,594.0,"ISO认证资格投资,开发：ISO9000 ISO14000",src_2f4d529bc792,origin data/VPD-OE_Agent_20260709/VPD-OE_Agent/data/raw/ZY/ZY16.xls,现金流量表,48
e39d63b83d1b2964,historical_600_unknown_rule,ZY16,3161,46,2,4,Pay_Overhaul,-10.0,584.0,支付行政管理费,src_2f4d529bc792,origin data/VPD-OE_Agent_20260709/VPD-OE_Agent/data/raw/ZY/ZY16.xls,现金流量表,49
a266d2fe4c463beb,historical_600_unknown_rule,ZY16,3162,47,2,4,Pay_Maintenance,-30.0,554.0,支付维护费,src_2f4d529bc792,origin data/VPD-OE_Agent_20260709/VPD-OE_Agent/data/raw/ZY/ZY16.xls,现金流量表,50
c81700be1630e19d,historical_600_unknown_rule,ZY16,3242,48,3,1,Pay_Long_Loan,-23.0,531.0,支付长贷本息,src_2f4d529bc792,origin data/VPD-OE_Agent_20260709/VPD-OE_Agent/data/raw/ZY/ZY16.xls,现金流量表,51
bad7d03ba34c11c4,historical_600_unknown_rule,ZY16,3243,49,3,1,Pay_AD,-54.0,477.0,广告投放,src_2f4d529bc792,origin data/VPD-OE_Agent_20260709/VPD-OE_Agent/data/raw/ZY/ZY16.xls,现金流量表,52
59b98cbb4967dc82,historical_600_unknown_rule,ZY16,3267,50,3,1,Auction_Win,-10.0,467.0,竞单成功，获得订单:J32-0005,src_2f4d529bc792,origin data/VPD-OE_Agent_20260709/VPD-OE_Agent/data/raw/ZY/ZY16.xls,现金流量表,53
3b16b5d07d9d791d,historical_600_unknown_rule,ZY16,3288,51,3,1,Pay_Short_Loan,-219.0,248.0,短贷还本息,src_2f4d529bc792,origin data/VPD-OE_Agent_20260709/VPD-OE_Agent/data/raw/ZY/ZY16.xls,现金流量表,54
5420564582b0746d,historical_600_unknown_rule,ZY16,3299,52,3,1,Short_Loan,209.0,457.0,申请:4季 209W的短期贷款,src_2f4d529bc792,origin data/VPD-OE_Agent_20260709/VPD-OE_Agent/data/raw/ZY/ZY16.xls,现金流量表,55
42a039f9e364fad4,historical_600_unknown_rule,ZY16,3302,53,3,1,Pay_Material,-60.0,397.0,支付原料费 R3:3 R2:3,src_2f4d529bc792,origin data/VPD-OE_Agent_20260709/VPD-OE_Agent/data/raw/ZY/ZY16.xls,现金流量表,56
235686223dc1ba80,historical_600_unknown_rule,ZY16,3314,54,3,1,Buy_Material,0.0,397.0,订购原料 R2:3 R3:3,src_2f4d529bc792,origin data/VPD-OE_Agent_20260709/VPD-OE_Agent/data/raw/ZY/ZY16.xls,现金流量表,57
e70ffd5f4410bb78,historical_600_unknown_rule,ZY16,3318,55,3,1,Product_Produce,-30.0,367.0,164:P2 165:P2 166:P2,src_2f4d529bc792,origin data/VPD-OE_Agent_20260709/VPD-OE_Agent/data/raw/ZY/ZY16.xls,现金流量表,58
871168850dfabe58,historical_600_unknown_rule,ZY16,3322,56,3,1,Update_Receivable,253.0,620.0,更新应收款,src_2f4d529bc792,origin data/VPD-OE_Agent_20260709/VPD-OE_Agent/data/raw/ZY/ZY16.xls,现金流量表,59
e096c32801733916,historical_600_unknown_rule,ZY16,3339,57,3,1,Pay_Overhaul,-10.0,610.0,支付行政管理费,src_2f4d529bc792,origin data/VPD-OE_Agent_20260709/VPD-OE_Agent/data/raw/ZY/ZY16.xls,现金流量表,60
84730d6e607a8561,historical_600_unknown_rule,ZY16,3343,58,3,2,Pay_Short_Loan,-219.0,391.0,短贷还本息,src_2f4d529bc792,origin data/VPD-OE_Agent_20260709/VPD-OE_Agent/data/raw/ZY/ZY16.xls,现金流量表,61
6e1b4829554a8e86,historical_600_unknown_rule,ZY16,3350,59,3,2,Short_Loan,209.0,600.0,申请:4季 209W的短期贷款,src_2f4d529bc792,origin data/VPD-OE_Agent_20260709/VPD-OE_Agent/data/raw/ZY/ZY16.xls,现金流量表,62
655ad64019a76233,historical_600_unknown_rule,ZY16,3353,60,3,2,Pay_Material,-60.0,540.0,支付原料费 R3:3 R2:3,src_2f4d529bc792,origin data/VPD-OE_Agent_20260709/VPD-OE_Agent/data/raw/ZY/ZY16.xls,现金流量表,63
6379ab286e43f7ab,historical_600_unknown_rule,ZY16,3359,61,3,2,Buy_Material,0.0,540.0,订购原料 R2:3 R3:3,src_2f4d529bc792,origin data/VPD-OE_Agent_20260709/VPD-OE_Agent/data/raw/ZY/ZY16.xls,现金流量表,64
f331f4ecd9eb484c,historical_600_unknown_rule,ZY16,3366,62,3,2,Product_Produce,-30.0,510.0,164:P2 165:P2 166:P2,src_2f4d529bc792,origin data/VPD-OE_Agent_20260709/VPD-OE_Agent/data/raw/ZY/ZY16.xls,现金流量表,65
d3d9eda68b08db67,historical_600_unknown_rule,ZY16,3572,63,3,2,Buy_ProductLine,-50.0,460.0,订购[自动线]生产[P2],src_2f4d529bc792,origin data/VPD-OE_Agent_20260709/VPD-OE_Agent/data/raw/ZY/ZY16.xls,现金流量表,66
14c6f169d6dd2573,historical_600_unknown_rule,ZY16,3575,64,3,2,Renew_Workshop,-40.0,420.0,厂房续租,src_2f4d529bc792,origin data/VPD-OE_Agent_20260709/VPD-OE_Agent/data/raw/ZY/ZY16.xls,现金流量表,67
375e0aa733e2b38b,historical_600_unknown_rule,ZY16,3576,65,3,2,Pay_Overhaul,-10.0,410.0,支付行政管理费,src_2f4d529bc792,origin data/VPD-OE_Agent_20260709/VPD-OE_Agent/data/raw/ZY/ZY16.xls,现金流量表,68
226b5cf49940a713,historical_600_unknown_rule,ZY16,3577,66,3,3,Pay_Short_Loan,-219.0,191.0,短贷还本息,src_2f4d529bc792,origin data/VPD-OE_Agent_20260709/VPD-OE_Agent/data/raw/ZY/ZY16.xls,现金流量表,69
e41db060d564c169,historical_600_unknown_rule,ZY16,3579,67,3,3,Short_Loan,209.0,400.0,申请:4季 209W的短期贷款,src_2f4d529bc792,origin data/VPD-OE_Agent_20260709/VPD-OE_Agent/data/raw/ZY/ZY16.xls,现金流量表,70
e0e52e3ee1733ec7,historical_600_unknown_rule,ZY16,3580,68,3,3,Pay_Material,-60.0,340.0,支付原料费 R3:3 R2:3,src_2f4d529bc792,origin data/VPD-OE_Agent_20260709/VPD-OE_Agent/data/raw/ZY/ZY16.xls,现金流量表,71
a766cdec756f34b0,historical_600_unknown_rule,ZY16,3589,69,3,3,Buy_Material,0.0,340.0,订购原料 R2:3 R3:4,src_2f4d529bc792,origin data/VPD-OE_Agent_20260709/VPD-OE_Agent/data/raw/ZY/ZY16.xls,现金流量表,72
23651dd2a81bf560,historical_600_unknown_rule,ZY16,3591,70,3,3,Invest_ProductLine,-50.0,290.0,投资在建生产线,src_2f4d529bc792,origin data/VPD-OE_Agent_20260709/VPD-OE_Agent/data/raw/ZY/ZY16.xls,现金流量表,73
8b25c3afdf3a9eb2,historical_600_unknown_rule,ZY16,3592,71,3,3,Product_Produce,-30.0,260.0,164:P2 165:P2 166:P2,src_2f4d529bc792,origin data/VPD-OE_Agent_20260709/VPD-OE_Agent/data/raw/ZY/ZY16.xls,现金流量表,74
399f5a98810ce539,historical_600_unknown_rule,ZY16,3594,72,3,3,Update_Receivable,140.0,400.0,更新应收款,src_2f4d529bc792,origin data/VPD-OE_Agent_20260709/VPD-OE_Agent/data/raw/ZY/ZY16.xls,现金流量表,75
9870a39b0ce950ca,historical_600_unknown_rule,ZY16,3600,73,3,3,Pay_Overhaul,-10.0,390.0,支付行政管理费,src_2f4d529bc792,origin data/VPD-OE_Agent_20260709/VPD-OE_Agent/data/raw/ZY/ZY16.xls,现金流量表,76
3732acedca89d0bc,historical_600_unknown_rule,ZY16,3601,74,3,4,Pay_Short_Loan,-219.0,171.0,短贷还本息,src_2f4d529bc792,origin data/VPD-OE_Agent_20260709/VPD-OE_Agent/data/raw/ZY/ZY16.xls,现金流量表,77
cda1a51f0040aff1,historical_600_unknown_rule,ZY16,3603,75,3,4,Short_Loan,209.0,380.0,申请:4季 209W的短期贷款,src_2f4d529bc792,origin data/VPD-OE_Agent_20260709/VPD-OE_Agent/data/raw/ZY/ZY16.xls,现金流量表,78
1b3e5ee321488aaa,historical_600_unknown_rule,ZY16,3604,76,3,4,Pay_Material,-60.0,320.0,支付原料费 R3:3 R2:3,src_2f4d529bc792,origin data/VPD-OE_Agent_20260709/VPD-OE_Agent/data/raw/ZY/ZY16.xls,现金流量表,79
4b78cef8e49ffa2b,historical_600_unknown_rule,ZY16,3612,77,3,4,Buy_Material,0.0,320.0,订购原料 R2:4 R3:4,src_2f4d529bc792,origin data/VPD-OE_Agent_20260709/VPD-OE_Agent/data/raw/ZY/ZY16.xls,现金流量表,80
35dcbd5fcda572fe,historical_600_unknown_rule,ZY16,3614,78,3,4,Invest_ProductLine,-50.0,270.0,投资在建生产线,src_2f4d529bc792,origin data/VPD-OE_Agent_20260709/VPD-OE_Agent/data/raw/ZY/ZY16.xls,现金流量表,81
d200109d7ad5982b,historical_600_unknown_rule,ZY16,3616,79,3,4,Product_Produce,-30.0,240.0,164:P2 165:P2 166:P2,src_2f4d529bc792,origin data/VPD-OE_Agent_20260709/VPD-OE_Agent/data/raw/ZY/ZY16.xls,现金流量表,82
4f9cf60e15b25dbf,historical_600_unknown_rule,ZY16,3619,80,3,4,Update_Receivable,617.0,857.0,更新应收款,src_2f4d529bc792,origin data/VPD-OE_Agent_20260709/VPD-OE_Agent/data/raw/ZY/ZY16.xls,现金流量表,83
74ded9bca0d19aac,historical_600_unknown_rule,ZY16,3621,81,3,4,Develop_Market,-20.0,837.0,"市场开拓资格投资,开发项目:亚洲 国际",src_2f4d529bc792,origin data/VPD-OE_Agent_20260709/VPD-OE_Agent/data/raw/ZY/ZY16.xls,现金流量表,84
2603cf4bdfa1d3c8,historical_600_unknown_rule,ZY16,3626,82,3,4,Pay_Overhaul,-10.0,827.0,支付行政管理费,src_2f4d529bc792,origin data/VPD-OE_Agent_20260709/VPD-OE_Agent/data/raw/ZY/ZY16.xls,现金流量表,85
666169faec31bc0d,historical_600_unknown_rule,ZY16,3627,83,3,4,Pay_Maintenance,-30.0,797.0,支付维护费,src_2f4d529bc792,origin data/VPD-OE_Agent_20260709/VPD-OE_Agent/data/raw/ZY/ZY16.xls,现金流量表,86
5987ce2e5c1cb685,historical_600_unknown_rule,ZY16,3745,84,4,1,Pay_Long_Loan,-23.0,774.0,支付长贷本息,src_2f4d529bc792,origin data/VPD-OE_Agent_20260709/VPD-OE_Agent/data/raw/ZY/ZY16.xls,现金流量表,87
6e32282a784d7cd3,historical_600_unknown_rule,ZY16,3746,85,4,1,Pay_AD,-92.0,682.0,广告投放,src_2f4d529bc792,origin data/VPD-OE_Agent_20260709/VPD-OE_Agent/data/raw/ZY/ZY16.xls,现金流量表,88
e7ab384a7a06916a,historical_600_unknown_rule,ZY16,3766,86,4,1,Pay_Short_Loan,-219.0,463.0,短贷还本息,src_2f4d529bc792,origin data/VPD-OE_Agent_20260709/VPD-OE_Agent/data/raw/ZY/ZY16.xls,现金流量表,89
25151968d010ad91,historical_600_unknown_rule,ZY16,3769,87,4,1,Short_Loan,209.0,672.0,申请:4季 209W的短期贷款,src_2f4d529bc792,origin data/VPD-OE_Agent_20260709/VPD-OE_Agent/data/raw/ZY/ZY16.xls,现金流量表,90
a941b27465ba5799,historical_600_unknown_rule,ZY16,3772,88,4,1,Pay_Material,-80.0,592.0,支付原料费 R3:4 R2:4,src_2f4d529bc792,origin data/VPD-OE_Agent_20260709/VPD-OE_Agent/data/raw/ZY/ZY16.xls,现金流量表,91
ef5271a0edf96e2a,historical_600_unknown_rule,ZY16,3773,89,4,1,Product_Produce,-40.0,552.0,164:P2 165:P2 166:P2 229:P2,src_2f4d529bc792,origin data/VPD-OE_Agent_20260709/VPD-OE_Agent/data/raw/ZY/ZY16.xls,现金流量表,92
05d7a8ce4bd26b86,historical_600_unknown_rule,ZY16,3774,90,4,1,Buy_Material,0.0,552.0,订购原料 R2:4 R3:4,src_2f4d529bc792,origin data/VPD-OE_Agent_20260709/VPD-OE_Agent/data/raw/ZY/ZY16.xls,现金流量表,93
2628bedf8994ea1b,historical_600_unknown_rule,ZY16,3775,91,4,1,Pay_Overhaul,-10.0,542.0,支付行政管理费,src_2f4d529bc792,origin data/VPD-OE_Agent_20260709/VPD-OE_Agent/data/raw/ZY/ZY16.xls,现金流量表,94
1ffc377596357c7a,historical_600_unknown_rule,ZY16,3776,92,4,2,Pay_Short_Loan,-219.0,323.0,短贷还本息,src_2f4d529bc792,origin data/VPD-OE_Agent_20260709/VPD-OE_Agent/data/raw/ZY/ZY16.xls,现金流量表,95
28a1557e1768aa68,historical_600_unknown_rule,ZY16,3777,93,4,2,Short_Loan,209.0,532.0,申请:4季 209W的短期贷款,src_2f4d529bc792,origin data/VPD-OE_Agent_20260709/VPD-OE_Agent/data/raw/ZY/ZY16.xls,现金流量表,96
aef4aca7626b605a,historical_600_unknown_rule,ZY16,3778,94,4,2,Pay_Material,-80.0,452.0,支付原料费 R3:4 R2:4,src_2f4d529bc792,origin data/VPD-OE_Agent_20260709/VPD-OE_Agent/data/raw/ZY/ZY16.xls,现金流量表,97
5f183738cfc04b80,historical_600_unknown_rule,ZY16,3779,95,4,2,Buy_Material,0.0,452.0,订购原料 R2:4 R3:4,src_2f4d529bc792,origin data/VPD-OE_Agent_20260709/VPD-OE_Agent/data/raw/ZY/ZY16.xls,现金流量表,98
2cbcd0e3383fbe17,historical_600_unknown_rule,ZY16,3780,96,4,2,Product_Produce,-40.0,412.0,164:P2 165:P2 166:P2 229:P2,src_2f4d529bc792,origin data/VPD-OE_Agent_20260709/VPD-OE_Agent/data/raw/ZY/ZY16.xls,现金流量表,99
a6481fc806571c24,historical_600_unknown_rule,ZY16,3781,97,4,2,Renew_Workshop,-40.0,372.0,厂房续租,src_2f4d529bc792,origin data/VPD-OE_Agent_20260709/VPD-OE_Agent/data/raw/ZY/ZY16.xls,现金流量表,100
816d6b0ca20e4eba,historical_600_unknown_rule,ZY16,3782,98,4,2,Pay_Overhaul,-10.0,362.0,支付行政管理费,src_2f4d529bc792,origin data/VPD-OE_Agent_20260709/VPD-OE_Agent/data/raw/ZY/ZY16.xls,现金流量表,101
e1143b7fd59e84d4,historical_600_unknown_rule,ZY16,3783,99,4,3,Pay_Short_Loan,-219.0,143.0,短贷还本息,src_2f4d529bc792,origin data/VPD-OE_Agent_20260709/VPD-OE_Agent/data/raw/ZY/ZY16.xls,现金流量表,102
77c9e9aee481e469,historical_600_unknown_rule,ZY16,3784,100,4,3,Short_Loan,209.0,352.0,申请:4季 209W的短期贷款,src_2f4d529bc792,origin data/VPD-OE_Agent_20260709/VPD-OE_Agent/data/raw/ZY/ZY16.xls,现金流量表,103
a04df9c4e8bc5d8c,historical_600_unknown_rule,ZY16,3785,101,4,3,Pay_Material,-80.0,272.0,支付原料费 R3:4 R2:4,src_2f4d529bc792,origin data/VPD-OE_Agent_20260709/VPD-OE_Agent/data/raw/ZY/ZY16.xls,现金流量表,104
3608a6894174ef85,historical_600_unknown_rule,ZY16,3786,102,4,3,Buy_Material,0.0,272.0,订购原料 R2:4 R3:4,src_2f4d529bc792,origin data/VPD-OE_Agent_20260709/VPD-OE_Agent/data/raw/ZY/ZY16.xls,现金流量表,105
87006ff7ad67a2d2,historical_600_unknown_rule,ZY16,3787,103,4,3,Product_Produce,-40.0,232.0,164:P2 165:P2 166:P2 229:P2,src_2f4d529bc792,origin data/VPD-OE_Agent_20260709/VPD-OE_Agent/data/raw/ZY/ZY16.xls,现金流量表,106
81b8068e74067b58,historical_600_unknown_rule,ZY16,3788,104,4,3,Update_Receivable,333.0,565.0,更新应收款,src_2f4d529bc792,origin data/VPD-OE_Agent_20260709/VPD-OE_Agent/data/raw/ZY/ZY16.xls,现金流量表,107
273c234486f1b5af,historical_600_unknown_rule,ZY16,3789,105,4,3,Pay_Overhaul,-10.0,555.0,支付行政管理费,src_2f4d529bc792,origin data/VPD-OE_Agent_20260709/VPD-OE_Agent/data/raw/ZY/ZY16.xls,现金流量表,108
8dad387f61dcc20d,historical_600_unknown_rule,ZY16,3790,106,4,4,Pay_Short_Loan,-219.0,336.0,短贷还本息,src_2f4d529bc792,origin data/VPD-OE_Agent_20260709/VPD-OE_Agent/data/raw/ZY/ZY16.xls,现金流量表,109
770352249c748254,historical_600_unknown_rule,ZY16,3791,107,4,4,Short_Loan,209.0,545.0,申请:4季 209W的短期贷款,src_2f4d529bc792,origin data/VPD-OE_Agent_20260709/VPD-OE_Agent/data/raw/ZY/ZY16.xls,现金流量表,110
f0dd15c7c7fd9194,historical_600_unknown_rule,ZY16,3792,108,4,4,Pay_Material,-80.0,465.0,支付原料费 R3:4 R2:4,src_2f4d529bc792,origin data/VPD-OE_Agent_20260709/VPD-OE_Agent/data/raw/ZY/ZY16.xls,现金流量表,111
7e52783773aa3366,historical_600_unknown_rule,ZY16,3793,109,4,4,Buy_Material,0.0,465.0,订购原料 R2:4 R3:4,src_2f4d529bc792,origin data/VPD-OE_Agent_20260709/VPD-OE_Agent/data/raw/ZY/ZY16.xls,现金流量表,112
181d6cfbca11c90b,historical_600_unknown_rule,ZY16,3794,110,4,4,Product_Produce,-40.0,425.0,164:P2 165:P2 166:P2 229:P2,src_2f4d529bc792,origin data/VPD-OE_Agent_20260709/VPD-OE_Agent/data/raw/ZY/ZY16.xls,现金流量表,113
c0254a182ffb78de,historical_600_unknown_rule,ZY16,3795,111,4,4,Update_Receivable,403.0,828.0,更新应收款,src_2f4d529bc792,origin data/VPD-OE_Agent_20260709/VPD-OE_Agent/data/raw/ZY/ZY16.xls,现金流量表,114
1c42cd71305e2cdb,historical_600_unknown_rule,ZY16,3796,112,4,4,Develop_Market,-10.0,818.0,"市场开拓资格投资,开发项目:国际",src_2f4d529bc792,origin data/VPD-OE_Agent_20260709/VPD-OE_Agent/data/raw/ZY/ZY16.xls,现金流量表,115
c336ae5941b435ba,historical_600_unknown_rule,ZY16,3821,113,4,4,Pay_Overhaul,-10.0,808.0,支付行政管理费,src_2f4d529bc792,origin data/VPD-OE_Agent_20260709/VPD-OE_Agent/data/raw/ZY/ZY16.xls,现金流量表,116
e47386343bb447ea,historical_600_unknown_rule,ZY16,3822,114,4,4,Pay_Maintenance,-40.0,768.0,支付维护费,src_2f4d529bc792,origin data/VPD-OE_Agent_20260709/VPD-OE_Agent/data/raw/ZY/ZY16.xls,现金流量表,117
f33a844cc7978d4c,historical_600_unknown_rule,ZY16,4469,115,5,1,Pay_Tax,-2.0,766.0,支付上一年税金,src_2f4d529bc792,origin data/VPD-OE_Agent_20260709/VPD-OE_Agent/data/raw/ZY/ZY16.xls,现金流量表,118
4ddf510b651763af,historical_600_unknown_rule,ZY16,4470,116,5,1,Pay_Long_Loan,-23.0,743.0,支付长贷本息,src_2f4d529bc792,origin data/VPD-OE_Agent_20260709/VPD-OE_Agent/data/raw/ZY/ZY16.xls,现金流量表,119
364bdca0976acb58,historical_600_unknown_rule,ZY16,4471,117,5,1,Pay_AD,-43.0,700.0,广告投放,src_2f4d529bc792,origin data/VPD-OE_Agent_20260709/VPD-OE_Agent/data/raw/ZY/ZY16.xls,现金流量表,120
c6f032b474bdd225,historical_600_unknown_rule,ZY16,4474,118,5,1,Auction_Win,-10.0,690.0,竞单成功，获得订单:J51-0020,src_2f4d529bc792,origin data/VPD-OE_Agent_20260709/VPD-OE_Agent/data/raw/ZY/ZY16.xls,现金流量表,121
ad9308a412efe15b,historical_600_unknown_rule,ZY16,4477,119,5,1,Auction_Win,-10.0,680.0,竞单成功，获得订单:J53-0023,src_2f4d529bc792,origin data/VPD-OE_Agent_20260709/VPD-OE_Agent/data/raw/ZY/ZY16.xls,现金流量表,122
e60d521771109116,historical_600_unknown_rule,ZY16,4581,120,5,1,Long_Loan,751.0,1431.0,申请:5年 751W的长期贷款,src_2f4d529bc792,origin data/VPD-OE_Agent_20260709/VPD-OE_Agent/data/raw/ZY/ZY16.xls,现金流量表,123
fd85a722e6651aad,historical_600_unknown_rule,ZY16,4588,121,5,1,Pay_Short_Loan,-219.0,1212.0,短贷还本息,src_2f4d529bc792,origin data/VPD-OE_Agent_20260709/VPD-OE_Agent/data/raw/ZY/ZY16.xls,现金流量表,124
dbf312d7e0c16412,historical_600_unknown_rule,ZY16,4590,122,5,1,Short_Loan,209.0,1421.0,申请:4季 209W的短期贷款,src_2f4d529bc792,origin data/VPD-OE_Agent_20260709/VPD-OE_Agent/data/raw/ZY/ZY16.xls,现金流量表,125
30be8526bc14dd63,historical_600_unknown_rule,ZY16,4592,123,5,1,Pay_Material,-80.0,1341.0,支付原料费 R3:4 R2:4,src_2f4d529bc792,origin data/VPD-OE_Agent_20260709/VPD-OE_Agent/data/raw/ZY/ZY16.xls,现金流量表,126
3470db69c214b9a7,historical_600_unknown_rule,ZY16,4593,124,5,1,Buy_Material,0.0,1341.0,订购原料 R2:4 R3:4,src_2f4d529bc792,origin data/VPD-OE_Agent_20260709/VPD-OE_Agent/data/raw/ZY/ZY16.xls,现金流量表,127
6dca54d2b55b2fe5,historical_600_unknown_rule,ZY16,4601,125,5,1,Product_Produce,-40.0,1301.0,164:P2 165:P2 166:P2 229:P2,src_2f4d529bc792,origin data/VPD-OE_Agent_20260709/VPD-OE_Agent/data/raw/ZY/ZY16.xls,现金流量表,128
699b540c84835120,historical_600_unknown_rule,ZY16,4635,126,5,1,Pay_Overhaul,-10.0,1291.0,支付行政管理费,src_2f4d529bc792,origin data/VPD-OE_Agent_20260709/VPD-OE_Agent/data/raw/ZY/ZY16.xls,现金流量表,129
a25c737b203b9c5f,historical_600_unknown_rule,ZY16,4636,127,5,2,Pay_Short_Loan,-219.0,1072.0,短贷还本息,src_2f4d529bc792,origin data/VPD-OE_Agent_20260709/VPD-OE_Agent/data/raw/ZY/ZY16.xls,现金流量表,130
9c9dea5aefc53b31,historical_600_unknown_rule,ZY16,4642,128,5,2,Short_Loan,209.0,1281.0,申请:4季 209W的短期贷款,src_2f4d529bc792,origin data/VPD-OE_Agent_20260709/VPD-OE_Agent/data/raw/ZY/ZY16.xls,现金流量表,131
6c27a9e49cb5da6b,historical_600_unknown_rule,ZY16,4644,129,5,2,Pay_Material,-80.0,1201.0,支付原料费 R3:4 R2:4,src_2f4d529bc792,origin data/VPD-OE_Agent_20260709/VPD-OE_Agent/data/raw/ZY/ZY16.xls,现金流量表,132
aadfb85ce8704701,historical_600_unknown_rule,ZY16,4648,130,5,2,Buy_Material,0.0,1201.0,订购原料 R2:4 R3:4,src_2f4d529bc792,origin data/VPD-OE_Agent_20260709/VPD-OE_Agent/data/raw/ZY/ZY16.xls,现金流量表,133
c65301c7c8672576,historical_600_unknown_rule,ZY16,4650,131,5,2,Product_Produce,-40.0,1161.0,164:P2 165:P2 166:P2 229:P2,src_2f4d529bc792,origin data/VPD-OE_Agent_20260709/VPD-OE_Agent/data/raw/ZY/ZY16.xls,现金流量表,134
f82c844dca28631f,historical_600_unknown_rule,ZY16,4670,132,5,2,Update_Receivable,766.0,1927.0,更新应收款,src_2f4d529bc792,origin data/VPD-OE_Agent_20260709/VPD-OE_Agent/data/raw/ZY/ZY16.xls,现金流量表,135
3383149289600fc7,historical_600_unknown_rule,ZY16,4680,133,5,2,RentTOBuy_Workshop,-300.0,1627.0,大厂房(55)租转买,src_2f4d529bc792,origin data/VPD-OE_Agent_20260709/VPD-OE_Agent/data/raw/ZY/ZY16.xls,现金流量表,136
efe8b64bdd6ad433,historical_600_unknown_rule,ZY16,4688,134,5,2,Pay_Overhaul,-10.0,1617.0,支付行政管理费,src_2f4d529bc792,origin data/VPD-OE_Agent_20260709/VPD-OE_Agent/data/raw/ZY/ZY16.xls,现金流量表,137
5f97923a4d1619d6,historical_600_unknown_rule,ZY16,4691,135,5,3,Pay_Short_Loan,-219.0,1398.0,短贷还本息,src_2f4d529bc792,origin data/VPD-OE_Agent_20260709/VPD-OE_Agent/data/raw/ZY/ZY16.xls,现金流量表,138
f8f79e93f7528791,historical_600_unknown_rule,ZY16,4693,136,5,3,Short_Loan,209.0,1607.0,申请:4季 209W的短期贷款,src_2f4d529bc792,origin data/VPD-OE_Agent_20260709/VPD-OE_Agent/data/raw/ZY/ZY16.xls,现金流量表,139
c74b5cf30b911356,historical_600_unknown_rule,ZY16,4695,137,5,3,Pay_Material,-80.0,1527.0,支付原料费 R3:4 R2:4,src_2f4d529bc792,origin data/VPD-OE_Agent_20260709/VPD-OE_Agent/data/raw/ZY/ZY16.xls,现金流量表,140
3ebaacc94c9d039f,historical_600_unknown_rule,ZY16,4698,138,5,3,Buy_Material,0.0,1527.0,订购原料 R2:4 R3:4,src_2f4d529bc792,origin data/VPD-OE_Agent_20260709/VPD-OE_Agent/data/raw/ZY/ZY16.xls,现金流量表,141
7c5cc28e20748212,historical_600_unknown_rule,ZY16,4701,139,5,3,Product_Produce,-40.0,1487.0,164:P2 165:P2 166:P2 229:P2,src_2f4d529bc792,origin data/VPD-OE_Agent_20260709/VPD-OE_Agent/data/raw/ZY/ZY16.xls,现金流量表,142
ab76053bc42956ad,historical_600_unknown_rule,ZY16,4705,140,5,3,Update_Receivable,273.0,1760.0,更新应收款,src_2f4d529bc792,origin data/VPD-OE_Agent_20260709/VPD-OE_Agent/data/raw/ZY/ZY16.xls,现金流量表,143
8c6bf08b261e9105,historical_600_unknown_rule,ZY16,4713,141,5,3,Pay_Overhaul,-10.0,1750.0,支付行政管理费,src_2f4d529bc792,origin data/VPD-OE_Agent_20260709/VPD-OE_Agent/data/raw/ZY/ZY16.xls,现金流量表,144
5738b02da6cfb21a,historical_600_unknown_rule,ZY16,4714,142,5,4,Pay_Short_Loan,-219.0,1531.0,短贷还本息,src_2f4d529bc792,origin data/VPD-OE_Agent_20260709/VPD-OE_Agent/data/raw/ZY/ZY16.xls,现金流量表,145
1aa0bd9f65e12e1b,historical_600_unknown_rule,ZY16,5005,143,5,4,Short_Loan,209.0,1740.0,申请:4季 209W的短期贷款,src_2f4d529bc792,origin data/VPD-OE_Agent_20260709/VPD-OE_Agent/data/raw/ZY/ZY16.xls,现金流量表,146
7789d4a027738cf8,historical_600_unknown_rule,ZY16,5006,144,5,4,Pay_Material,-80.0,1660.0,支付原料费 R3:4 R2:4,src_2f4d529bc792,origin data/VPD-OE_Agent_20260709/VPD-OE_Agent/data/raw/ZY/ZY16.xls,现金流量表,147
440138c483a1a5bd,historical_600_unknown_rule,ZY16,5008,145,5,4,Buy_Material,0.0,1660.0,订购原料 R2:4 R3:4,src_2f4d529bc792,origin data/VPD-OE_Agent_20260709/VPD-OE_Agent/data/raw/ZY/ZY16.xls,现金流量表,148
2e2d065a0fd48367,historical_600_unknown_rule,ZY16,5009,146,5,4,Product_Produce,-40.0,1620.0,164:P2 165:P2 166:P2 229:P2,src_2f4d529bc792,origin data/VPD-OE_Agent_20260709/VPD-OE_Agent/data/raw/ZY/ZY16.xls,现金流量表,149
878573cf8f7423bf,historical_600_unknown_rule,ZY16,5011,147,5,4,Emergency_Buy_Product,-270.0,1350.0,"紧急采购产品，数量分别为：0,3,0,0",src_2f4d529bc792,origin data/VPD-OE_Agent_20260709/VPD-OE_Agent/data/raw/ZY/ZY16.xls,现金流量表,150
f3e15cf8a1a1a507,historical_600_unknown_rule,ZY16,5013,148,5,4,Pay_Overhaul,-10.0,1340.0,支付行政管理费,src_2f4d529bc792,origin data/VPD-OE_Agent_20260709/VPD-OE_Agent/data/raw/ZY/ZY16.xls,现金流量表,151
188b9a4bdbb083ba,historical_600_unknown_rule,ZY16,5014,149,5,4,Pay_Maintenance,-40.0,1300.0,支付维护费,src_2f4d529bc792,origin data/VPD-OE_Agent_20260709/VPD-OE_Agent/data/raw/ZY/ZY16.xls,现金流量表,152
fb52bc8656a0d11e,historical_600_unknown_rule,ZY17,2226,1,1,1,Pay_Capital,600.0,600.0,"公司成立,股东注资",src_6d538319baf4,origin data/VPD-OE_Agent_20260709/VPD-OE_Agent/data/raw/ZY/ZY17.xls,现金流量表,4
9858680a2a6c9922,historical_600_unknown_rule,ZY17,2238,2,1,1,Long_Loan,404.0,1004.0,申请:5年 404W的长期贷款,src_6d538319baf4,origin data/VPD-OE_Agent_20260709/VPD-OE_Agent/data/raw/ZY/ZY17.xls,现金流量表,5
d7308c5171e2f638,historical_600_unknown_rule,ZY17,2258,3,1,1,Rent_Workshop,-40.0,964.0,租用[大厂房],src_6d538319baf4,origin data/VPD-OE_Agent_20260709/VPD-OE_Agent/data/raw/ZY/ZY17.xls,现金流量表,6
c89ec2f0c2f2e3bb,historical_600_unknown_rule,ZY17,2263,4,1,1,Buy_ProductLine,-50.0,914.0,订购[自动线]生产[P4],src_6d538319baf4,origin data/VPD-OE_Agent_20260709/VPD-OE_Agent/data/raw/ZY/ZY17.xls,现金流量表,7
1b9d5a698c731e08,historical_600_unknown_rule,ZY17,2265,5,1,1,Buy_ProductLine,-50.0,864.0,订购[自动线]生产[P4],src_6d538319baf4,origin data/VPD-OE_Agent_20260709/VPD-OE_Agent/data/raw/ZY/ZY17.xls,现金流量表,8
e14e34fa3c4d49ed,historical_600_unknown_rule,ZY17,2266,6,1,1,Buy_ProductLine,-50.0,814.0,订购[自动线]生产[P4],src_6d538319baf4,origin data/VPD-OE_Agent_20260709/VPD-OE_Agent/data/raw/ZY/ZY17.xls,现金流量表,9
68e301eb084e00d9,historical_600_unknown_rule,ZY17,2267,7,1,1,Buy_ProductLine,-50.0,764.0,订购[自动线]生产[P4],src_6d538319baf4,origin data/VPD-OE_Agent_20260709/VPD-OE_Agent/data/raw/ZY/ZY17.xls,现金流量表,10
df6d8685ef934610,historical_600_unknown_rule,ZY17,2271,8,1,1,Develop_Product,-10.0,754.0,产品生产资格投资: P4,src_6d538319baf4,origin data/VPD-OE_Agent_20260709/VPD-OE_Agent/data/raw/ZY/ZY17.xls,现金流量表,11
ad16efbab45f813d,historical_600_unknown_rule,ZY17,2272,9,1,1,Pay_Overhaul,-10.0,744.0,支付行政管理费,src_6d538319baf4,origin data/VPD-OE_Agent_20260709/VPD-OE_Agent/data/raw/ZY/ZY17.xls,现金流量表,12
fc332a7bb37e6205,historical_600_unknown_rule,ZY17,2280,10,1,2,Invest_ProductLine,-200.0,544.0,投资在建生产线,src_6d538319baf4,origin data/VPD-OE_Agent_20260709/VPD-OE_Agent/data/raw/ZY/ZY17.xls,现金流量表,13
6e41acf657d4ee3a,historical_600_unknown_rule,ZY17,2286,11,1,2,Develop_Product,-10.0,534.0,产品生产资格投资: P4,src_6d538319baf4,origin data/VPD-OE_Agent_20260709/VPD-OE_Agent/data/raw/ZY/ZY17.xls,现金流量表,14
6ebaf2a7aed42dcb,historical_600_unknown_rule,ZY17,2288,12,1,2,Pay_Overhaul,-10.0,524.0,支付行政管理费,src_6d538319baf4,origin data/VPD-OE_Agent_20260709/VPD-OE_Agent/data/raw/ZY/ZY17.xls,现金流量表,15
f50b29c5dc4a6894,historical_600_unknown_rule,ZY17,2293,13,1,3,Develop_Product,-10.0,514.0,产品生产资格投资: P4,src_6d538319baf4,origin data/VPD-OE_Agent_20260709/VPD-OE_Agent/data/raw/ZY/ZY17.xls,现金流量表,16
8e94af9dc31f90ef,historical_600_unknown_rule,ZY17,2294,14,1,3,Pay_Overhaul,-10.0,504.0,支付行政管理费,src_6d538319baf4,origin data/VPD-OE_Agent_20260709/VPD-OE_Agent/data/raw/ZY/ZY17.xls,现金流量表,17
9ca44f6d7a77a1c4,historical_600_unknown_rule,ZY17,2333,15,1,4,Buy_Material,0.0,504.0,订购原料 R3:4 R4:4,src_6d538319baf4,origin data/VPD-OE_Agent_20260709/VPD-OE_Agent/data/raw/ZY/ZY17.xls,现金流量表,18
875073dea9c40262,historical_600_unknown_rule,ZY17,2337,16,1,4,Invest_ProductLine,-200.0,304.0,投资在建生产线,src_6d538319baf4,origin data/VPD-OE_Agent_20260709/VPD-OE_Agent/data/raw/ZY/ZY17.xls,现金流量表,19
dc061cf772a3f658,historical_600_unknown_rule,ZY17,2342,17,1,4,Develop_Product,-10.0,294.0,产品生产资格投资: P4,src_6d538319baf4,origin data/VPD-OE_Agent_20260709/VPD-OE_Agent/data/raw/ZY/ZY17.xls,现金流量表,20
2c723ae368988450,historical_600_unknown_rule,ZY17,2348,18,1,4,Develop_Market,-50.0,244.0,"市场开拓资格投资,开发项目:本地 区域 国内 亚洲 国际",src_6d538319baf4,origin data/VPD-OE_Agent_20260709/VPD-OE_Agent/data/raw/ZY/ZY17.xls,现金流量表,21
218014dc5af8a8e3,historical_600_unknown_rule,ZY17,2350,19,1,4,Develop_ISO,-30.0,214.0,"ISO认证资格投资,开发：ISO9000 ISO14000",src_6d538319baf4,origin data/VPD-OE_Agent_20260709/VPD-OE_Agent/data/raw/ZY/ZY17.xls,现金流量表,22
2c6c16f1173a4d89,historical_600_unknown_rule,ZY17,2351,20,1,4,Pay_Overhaul,-10.0,204.0,支付行政管理费,src_6d538319baf4,origin data/VPD-OE_Agent_20260709/VPD-OE_Agent/data/raw/ZY/ZY17.xls,现金流量表,23
472fcf8fc640279e,historical_600_unknown_rule,ZY17,2676,21,2,1,Pay_Long_Loan,-40.0,164.0,支付长贷本息,src_6d538319baf4,origin data/VPD-OE_Agent_20260709/VPD-OE_Agent/data/raw/ZY/ZY17.xls,现金流量表,24
42e4d9b7f51eb620,historical_600_unknown_rule,ZY17,2677,22,2,1,Pay_AD,-42.0,122.0,广告投放,src_6d538319baf4,origin data/VPD-OE_Agent_20260709/VPD-OE_Agent/data/raw/ZY/ZY17.xls,现金流量表,25
eaa7f703805dd3ad,historical_600_unknown_rule,ZY17,2757,23,2,1,Buy_Material,0.0,122.0,订购原料 R2:8 R3:4 R4:4,src_6d538319baf4,origin data/VPD-OE_Agent_20260709/VPD-OE_Agent/data/raw/ZY/ZY17.xls,现金流量表,26
b61bc5b7c5a35235,historical_600_unknown_rule,ZY17,2772,24,2,1,Develop_Product,-10.0,112.0,产品生产资格投资: P4,src_6d538319baf4,origin data/VPD-OE_Agent_20260709/VPD-OE_Agent/data/raw/ZY/ZY17.xls,现金流量表,27
0f56ce4b87f7423e,historical_600_unknown_rule,ZY17,2779,25,2,1,Renew_Workshop,-40.0,72.0,厂房续租,src_6d538319baf4,origin data/VPD-OE_Agent_20260709/VPD-OE_Agent/data/raw/ZY/ZY17.xls,现金流量表,28
d2b343ef09fd32dc,historical_600_unknown_rule,ZY17,2780,26,2,1,Pay_Overhaul,-10.0,62.0,支付行政管理费,src_6d538319baf4,origin data/VPD-OE_Agent_20260709/VPD-OE_Agent/data/raw/ZY/ZY17.xls,现金流量表,29
1d409e8c851d6d71,historical_600_unknown_rule,ZY17,2786,27,2,2,Short_Loan,209.0,271.0,申请:4季 209W的短期贷款,src_6d538319baf4,origin data/VPD-OE_Agent_20260709/VPD-OE_Agent/data/raw/ZY/ZY17.xls,现金流量表,30
f275e4e3932549b5,historical_600_unknown_rule,ZY17,2788,28,2,2,Pay_Material,-160.0,111.0,支付原料费 R3:4 R4:4 R2:8,src_6d538319baf4,origin data/VPD-OE_Agent_20260709/VPD-OE_Agent/data/raw/ZY/ZY17.xls,现金流量表,31
2cb982322865fd7e,historical_600_unknown_rule,ZY17,2793,29,2,2,Product_Produce,-40.0,71.0,137:P4 138:P4 139:P4 140:P4,src_6d538319baf4,origin data/VPD-OE_Agent_20260709/VPD-OE_Agent/data/raw/ZY/ZY17.xls,现金流量表,32
7f366d806fec26c6,historical_600_unknown_rule,ZY17,2805,30,2,2,Buy_Material,0.0,71.0,订购原料 R2:8 R3:4 R4:4,src_6d538319baf4,origin data/VPD-OE_Agent_20260709/VPD-OE_Agent/data/raw/ZY/ZY17.xls,现金流量表,33
3eae376229afa8e6,historical_600_unknown_rule,ZY17,2842,31,2,2,Pay_Overhaul,-10.0,61.0,支付行政管理费,src_6d538319baf4,origin data/VPD-OE_Agent_20260709/VPD-OE_Agent/data/raw/ZY/ZY17.xls,现金流量表,34
6e462f43c052d861,historical_600_unknown_rule,ZY17,2850,32,2,3,Short_Loan,209.0,270.0,申请:4季 209W的短期贷款,src_6d538319baf4,origin data/VPD-OE_Agent_20260709/VPD-OE_Agent/data/raw/ZY/ZY17.xls,现金流量表,35
d9339cb025540624,historical_600_unknown_rule,ZY17,2853,33,2,3,Pay_Material,-160.0,110.0,支付原料费 R3:4 R4:4 R2:8,src_6d538319baf4,origin data/VPD-OE_Agent_20260709/VPD-OE_Agent/data/raw/ZY/ZY17.xls,现金流量表,36
d97617824c86e4a8,historical_600_unknown_rule,ZY17,2859,34,2,3,Product_Produce,-40.0,70.0,137:P4 138:P4 139:P4 140:P4,src_6d538319baf4,origin data/VPD-OE_Agent_20260709/VPD-OE_Agent/data/raw/ZY/ZY17.xls,现金流量表,37
64eee1767349f7a0,historical_600_unknown_rule,ZY17,2865,35,2,3,Buy_Material,0.0,70.0,订购原料 R2:8 R3:4 R4:4,src_6d538319baf4,origin data/VPD-OE_Agent_20260709/VPD-OE_Agent/data/raw/ZY/ZY17.xls,现金流量表,38
010c691777ae5515,historical_600_unknown_rule,ZY17,2878,36,2,3,Pay_Overhaul,-10.0,60.0,支付行政管理费,src_6d538319baf4,origin data/VPD-OE_Agent_20260709/VPD-OE_Agent/data/raw/ZY/ZY17.xls,现金流量表,39
8158f287daedada3,historical_600_unknown_rule,ZY17,2886,37,2,4,Short_Loan,209.0,269.0,申请:4季 209W的短期贷款,src_6d538319baf4,origin data/VPD-OE_Agent_20260709/VPD-OE_Agent/data/raw/ZY/ZY17.xls,现金流量表,40
a8ad31448c5ca951,historical_600_unknown_rule,ZY17,2887,38,2,4,Pay_Material,-160.0,109.0,支付原料费 R3:4 R4:4 R2:8,src_6d538319baf4,origin data/VPD-OE_Agent_20260709/VPD-OE_Agent/data/raw/ZY/ZY17.xls,现金流量表,41
1ef8535c7768c3e9,historical_600_unknown_rule,ZY17,2892,39,2,4,Buy_Material,0.0,109.0,订购原料 R2:8 R3:4 R4:4,src_6d538319baf4,origin data/VPD-OE_Agent_20260709/VPD-OE_Agent/data/raw/ZY/ZY17.xls,现金流量表,42
8e581a189ed8a468,historical_600_unknown_rule,ZY17,2893,40,2,4,Product_Produce,-40.0,69.0,137:P4 138:P4 139:P4 140:P4,src_6d538319baf4,origin data/VPD-OE_Agent_20260709/VPD-OE_Agent/data/raw/ZY/ZY17.xls,现金流量表,43
8bff2d625e64bd5b,historical_600_unknown_rule,ZY17,2899,41,2,4,Update_Receivable,372.0,441.0,更新应收款,src_6d538319baf4,origin data/VPD-OE_Agent_20260709/VPD-OE_Agent/data/raw/ZY/ZY17.xls,现金流量表,44
b3ba8b07706c6391,historical_600_unknown_rule,ZY17,2903,42,2,4,Develop_Market,-30.0,411.0,"市场开拓资格投资,开发项目:国内 亚洲 国际",src_6d538319baf4,origin data/VPD-OE_Agent_20260709/VPD-OE_Agent/data/raw/ZY/ZY17.xls,现金流量表,45
a6db89db9d8d2763,historical_600_unknown_rule,ZY17,2907,43,2,4,Develop_ISO,-30.0,381.0,"ISO认证资格投资,开发：ISO9000 ISO14000",src_6d538319baf4,origin data/VPD-OE_Agent_20260709/VPD-OE_Agent/data/raw/ZY/ZY17.xls,现金流量表,46
c6dd364231c0f6a4,historical_600_unknown_rule,ZY17,2912,44,2,4,Pay_Overhaul,-10.0,371.0,支付行政管理费,src_6d538319baf4,origin data/VPD-OE_Agent_20260709/VPD-OE_Agent/data/raw/ZY/ZY17.xls,现金流量表,47
23d62fddfec2b986,historical_600_unknown_rule,ZY17,2913,45,2,4,Pay_Maintenance,-40.0,331.0,支付维护费,src_6d538319baf4,origin data/VPD-OE_Agent_20260709/VPD-OE_Agent/data/raw/ZY/ZY17.xls,现金流量表,48
d30e19c3a616733e,historical_600_unknown_rule,ZY17,3237,46,3,1,Pay_Tax,-1.0,330.0,支付上一年税金,src_6d538319baf4,origin data/VPD-OE_Agent_20260709/VPD-OE_Agent/data/raw/ZY/ZY17.xls,现金流量表,49
29ea05d9e69ee0d1,historical_600_unknown_rule,ZY17,3238,47,3,1,Pay_Long_Loan,-40.0,290.0,支付长贷本息,src_6d538319baf4,origin data/VPD-OE_Agent_20260709/VPD-OE_Agent/data/raw/ZY/ZY17.xls,现金流量表,50
033db112a9d289f1,historical_600_unknown_rule,ZY17,3239,48,3,1,Pay_AD,-43.0,247.0,广告投放,src_6d538319baf4,origin data/VPD-OE_Agent_20260709/VPD-OE_Agent/data/raw/ZY/ZY17.xls,现金流量表,51
ed3c1fa08f0fa07f,historical_600_unknown_rule,ZY17,3452,49,3,1,Short_Loan,309.0,556.0,申请:4季 309W的短期贷款,src_6d538319baf4,origin data/VPD-OE_Agent_20260709/VPD-OE_Agent/data/raw/ZY/ZY17.xls,现金流量表,52
ac4f7a55a7b350a9,historical_600_unknown_rule,ZY17,3454,50,3,1,Pay_Material,-160.0,396.0,支付原料费 R3:4 R4:4 R2:8,src_6d538319baf4,origin data/VPD-OE_Agent_20260709/VPD-OE_Agent/data/raw/ZY/ZY17.xls,现金流量表,53
0bf9a66b37384db2,historical_600_unknown_rule,ZY17,3459,51,3,1,Buy_Material,0.0,396.0,订购原料 R2:8 R3:4 R4:4,src_6d538319baf4,origin data/VPD-OE_Agent_20260709/VPD-OE_Agent/data/raw/ZY/ZY17.xls,现金流量表,54
c5fff67e4b0dc92b,historical_600_unknown_rule,ZY17,3461,52,3,1,Rent_Workshop,-30.0,366.0,租用[小厂房],src_6d538319baf4,origin data/VPD-OE_Agent_20260709/VPD-OE_Agent/data/raw/ZY/ZY17.xls,现金流量表,55
a3b2ea49455d2a14,historical_600_unknown_rule,ZY17,3465,53,3,1,Product_Produce,-40.0,326.0,137:P4 138:P4 139:P4 140:P4,src_6d538319baf4,origin data/VPD-OE_Agent_20260709/VPD-OE_Agent/data/raw/ZY/ZY17.xls,现金流量表,56
775d9be8830aa53e,historical_600_unknown_rule,ZY17,3473,54,3,1,Renew_Workshop,-40.0,286.0,厂房续租,src_6d538319baf4,origin data/VPD-OE_Agent_20260709/VPD-OE_Agent/data/raw/ZY/ZY17.xls,现金流量表,57
34190b17dd1da7e0,historical_600_unknown_rule,ZY17,3474,55,3,1,Pay_Overhaul,-10.0,276.0,支付行政管理费,src_6d538319baf4,origin data/VPD-OE_Agent_20260709/VPD-OE_Agent/data/raw/ZY/ZY17.xls,现金流量表,58
1728c9bf219471cf,historical_600_unknown_rule,ZY17,3475,56,3,2,Pay_Short_Loan,-219.0,57.0,短贷还本息,src_6d538319baf4,origin data/VPD-OE_Agent_20260709/VPD-OE_Agent/data/raw/ZY/ZY17.xls,现金流量表,59
de92118aef1b91b0,historical_600_unknown_rule,ZY17,3501,57,3,2,Short_Loan,209.0,266.0,申请:4季 209W的短期贷款,src_6d538319baf4,origin data/VPD-OE_Agent_20260709/VPD-OE_Agent/data/raw/ZY/ZY17.xls,现金流量表,60
7e869dab2fd838ee,historical_600_unknown_rule,ZY17,3504,58,3,2,Pay_Material,-160.0,106.0,支付原料费 R3:4 R4:4 R2:8,src_6d538319baf4,origin data/VPD-OE_Agent_20260709/VPD-OE_Agent/data/raw/ZY/ZY17.xls,现金流量表,61
c8bdb64afc07d553,historical_600_unknown_rule,ZY17,3507,59,3,2,Buy_Material,0.0,106.0,订购原料 R2:8 R3:4 R4:4,src_6d538319baf4,origin data/VPD-OE_Agent_20260709/VPD-OE_Agent/data/raw/ZY/ZY17.xls,现金流量表,62
59f63ad6e3a8b5b6,historical_600_unknown_rule,ZY17,3512,60,3,2,Buy_ProductLine,-50.0,56.0,订购[自动线]生产[P4],src_6d538319baf4,origin data/VPD-OE_Agent_20260709/VPD-OE_Agent/data/raw/ZY/ZY17.xls,现金流量表,63
2b398119faafb74c,historical_600_unknown_rule,ZY17,3515,61,3,2,Product_Produce,-40.0,16.0,137:P4 138:P4 139:P4 140:P4,src_6d538319baf4,origin data/VPD-OE_Agent_20260709/VPD-OE_Agent/data/raw/ZY/ZY17.xls,现金流量表,64
0d46334bba44faab,historical_600_unknown_rule,ZY17,3517,62,3,2,Update_Receivable,452.0,468.0,更新应收款,src_6d538319baf4,origin data/VPD-OE_Agent_20260709/VPD-OE_Agent/data/raw/ZY/ZY17.xls,现金流量表,65
6aab0ef69b6c4ab5,historical_600_unknown_rule,ZY17,3523,63,3,2,Pay_Overhaul,-10.0,458.0,支付行政管理费,src_6d538319baf4,origin data/VPD-OE_Agent_20260709/VPD-OE_Agent/data/raw/ZY/ZY17.xls,现金流量表,66
5e9f4266a1b949ad,historical_600_unknown_rule,ZY17,3524,64,3,3,Pay_Short_Loan,-219.0,239.0,短贷还本息,src_6d538319baf4,origin data/VPD-OE_Agent_20260709/VPD-OE_Agent/data/raw/ZY/ZY17.xls,现金流量表,67
c8f28b1a7c810c9e,historical_600_unknown_rule,ZY17,3545,65,3,3,Pay_Material,-160.0,79.0,支付原料费 R3:4 R4:4 R2:8,src_6d538319baf4,origin data/VPD-OE_Agent_20260709/VPD-OE_Agent/data/raw/ZY/ZY17.xls,现金流量表,68
bc4f8bf1520515a5,historical_600_unknown_rule,ZY17,3547,66,3,3,Buy_Material,0.0,79.0,订购原料 R2:4 R3:2 R4:2,src_6d538319baf4,origin data/VPD-OE_Agent_20260709/VPD-OE_Agent/data/raw/ZY/ZY17.xls,现金流量表,69
ceff4e403361cb6e,historical_600_unknown_rule,ZY17,3548,67,3,3,Invest_ProductLine,-50.0,29.0,投资在建生产线,src_6d538319baf4,origin data/VPD-OE_Agent_20260709/VPD-OE_Agent/data/raw/ZY/ZY17.xls,现金流量表,70
6861d7c7f2f8d67b,historical_600_unknown_rule,ZY17,3555,68,3,3,Product_Produce,-20.0,9.0,137:P4 138:P4,src_6d538319baf4,origin data/VPD-OE_Agent_20260709/VPD-OE_Agent/data/raw/ZY/ZY17.xls,现金流量表,71
33b53d4d4fdc1094,historical_600_unknown_rule,ZY17,3557,69,3,3,Update_Receivable,834.0,843.0,更新应收款,src_6d538319baf4,origin data/VPD-OE_Agent_20260709/VPD-OE_Agent/data/raw/ZY/ZY17.xls,现金流量表,72
d2152e32d84b5f18,historical_600_unknown_rule,ZY17,3560,70,3,3,Pay_Overhaul,-10.0,833.0,支付行政管理费,src_6d538319baf4,origin data/VPD-OE_Agent_20260709/VPD-OE_Agent/data/raw/ZY/ZY17.xls,现金流量表,73
6dd9163dd922c505,historical_600_unknown_rule,ZY17,3562,71,3,4,Pay_Short_Loan,-219.0,614.0,短贷还本息,src_6d538319baf4,origin data/VPD-OE_Agent_20260709/VPD-OE_Agent/data/raw/ZY/ZY17.xls,现金流量表,74
74e2d5b44336fb45,historical_600_unknown_rule,ZY17,3565,72,3,4,Pay_Material,-120.0,494.0,支付原料费 R3:4 R4:4 R2:4,src_6d538319baf4,origin data/VPD-OE_Agent_20260709/VPD-OE_Agent/data/raw/ZY/ZY17.xls,现金流量表,75
c871ea40ec3e1981,historical_600_unknown_rule,ZY17,3568,73,3,4,Invest_ProductLine,-50.0,444.0,投资在建生产线,src_6d538319baf4,origin data/VPD-OE_Agent_20260709/VPD-OE_Agent/data/raw/ZY/ZY17.xls,现金流量表,76
e0cea3690bef0fea,historical_600_unknown_rule,ZY17,3584,74,3,4,Develop_Market,-20.0,424.0,"市场开拓资格投资,开发项目:亚洲 国际",src_6d538319baf4,origin data/VPD-OE_Agent_20260709/VPD-OE_Agent/data/raw/ZY/ZY17.xls,现金流量表,77
060668f5d6ee6625,historical_600_unknown_rule,ZY17,3586,75,3,4,Pay_Overhaul,-10.0,414.0,支付行政管理费,src_6d538319baf4,origin data/VPD-OE_Agent_20260709/VPD-OE_Agent/data/raw/ZY/ZY17.xls,现金流量表,78
3463a159dd054e3c,historical_600_unknown_rule,ZY17,3587,76,3,4,Pay_Maintenance,-40.0,374.0,支付维护费,src_6d538319baf4,origin data/VPD-OE_Agent_20260709/VPD-OE_Agent/data/raw/ZY/ZY17.xls,现金流量表,79
ff837620be2cf1c3,historical_600_unknown_rule,ZY17,3728,77,4,1,Pay_Tax,-8.0,366.0,支付上一年税金,src_6d538319baf4,origin data/VPD-OE_Agent_20260709/VPD-OE_Agent/data/raw/ZY/ZY17.xls,现金流量表,80
ae31b6dcc06a624e,historical_600_unknown_rule,ZY17,3729,78,4,1,Pay_Long_Loan,-40.0,326.0,支付长贷本息,src_6d538319baf4,origin data/VPD-OE_Agent_20260709/VPD-OE_Agent/data/raw/ZY/ZY17.xls,现金流量表,81
9ab876cb11d1b329,historical_600_unknown_rule,ZY17,3730,79,4,1,Pay_AD,-48.0,278.0,广告投放,src_6d538319baf4,origin data/VPD-OE_Agent_20260709/VPD-OE_Agent/data/raw/ZY/ZY17.xls,现金流量表,82
a49beff72680f72a,historical_600_unknown_rule,ZY17,3977,80,4,1,Long_Loan,100.0,378.0,申请:1年 100W的长期贷款,src_6d538319baf4,origin data/VPD-OE_Agent_20260709/VPD-OE_Agent/data/raw/ZY/ZY17.xls,现金流量表,83
d821ebf997bcd7db,historical_600_unknown_rule,ZY17,3978,81,4,1,Pay_Short_Loan,-324.0,54.0,短贷还本息,src_6d538319baf4,origin data/VPD-OE_Agent_20260709/VPD-OE_Agent/data/raw/ZY/ZY17.xls,现金流量表,84
9bcf865000b5b0ec,historical_600_unknown_rule,ZY17,3979,82,4,1,Short_Loan,369.0,423.0,申请:4季 369W的短期贷款,src_6d538319baf4,origin data/VPD-OE_Agent_20260709/VPD-OE_Agent/data/raw/ZY/ZY17.xls,现金流量表,85
dafc7b64393e50e2,historical_600_unknown_rule,ZY17,3980,83,4,1,Pay_Material,-40.0,383.0,支付原料费 R3:2 R4:2,src_6d538319baf4,origin data/VPD-OE_Agent_20260709/VPD-OE_Agent/data/raw/ZY/ZY17.xls,现金流量表,86
eca4c77cc641a582,historical_600_unknown_rule,ZY17,3981,84,4,1,Buy_Material,0.0,383.0,订购原料 R2:8 R3:5 R4:5,src_6d538319baf4,origin data/VPD-OE_Agent_20260709/VPD-OE_Agent/data/raw/ZY/ZY17.xls,现金流量表,87
6e922e9bbb97b4bd,historical_600_unknown_rule,ZY17,3982,85,4,1,Product_Produce,-40.0,343.0,137:P4 138:P4 139:P4 140:P4,src_6d538319baf4,origin data/VPD-OE_Agent_20260709/VPD-OE_Agent/data/raw/ZY/ZY17.xls,现金流量表,88
ded800b9cce3559b,historical_600_unknown_rule,ZY17,3983,86,4,1,Develop_Product,-20.0,323.0,产品生产资格投资: P1 P2,src_6d538319baf4,origin data/VPD-OE_Agent_20260709/VPD-OE_Agent/data/raw/ZY/ZY17.xls,现金流量表,89
bd26e78eff708724,historical_600_unknown_rule,ZY17,3984,87,4,1,Renew_Workshop,-70.0,253.0,厂房续租,src_6d538319baf4,origin data/VPD-OE_Agent_20260709/VPD-OE_Agent/data/raw/ZY/ZY17.xls,现金流量表,90
9ace0606b663d507,historical_600_unknown_rule,ZY17,3985,88,4,1,Pay_Overhaul,-10.0,243.0,支付行政管理费,src_6d538319baf4,origin data/VPD-OE_Agent_20260709/VPD-OE_Agent/data/raw/ZY/ZY17.xls,现金流量表,91
f53872cbf5517346,historical_600_unknown_rule,ZY17,3986,89,4,2,Pay_Short_Loan,-219.0,24.0,短贷还本息,src_6d538319baf4,origin data/VPD-OE_Agent_20260709/VPD-OE_Agent/data/raw/ZY/ZY17.xls,现金流量表,92
90c47d7ac4733a0a,historical_600_unknown_rule,ZY17,3987,90,4,2,Short_Loan,209.0,233.0,申请:4季 209W的短期贷款,src_6d538319baf4,origin data/VPD-OE_Agent_20260709/VPD-OE_Agent/data/raw/ZY/ZY17.xls,现金流量表,93
6610daf7b11d6d08,historical_600_unknown_rule,ZY17,3988,91,4,2,Pay_Material,-80.0,153.0,支付原料费 R2:8,src_6d538319baf4,origin data/VPD-OE_Agent_20260709/VPD-OE_Agent/data/raw/ZY/ZY17.xls,现金流量表,94
df30f94e0e80b2f1,historical_600_unknown_rule,ZY17,3989,92,4,2,Product_Produce,-40.0,113.0,137:P4 138:P4 139:P4 140:P4,src_6d538319baf4,origin data/VPD-OE_Agent_20260709/VPD-OE_Agent/data/raw/ZY/ZY17.xls,现金流量表,95
39e510e5128a0dac,historical_600_unknown_rule,ZY17,3990,93,4,2,Buy_Material,0.0,113.0,订购原料 R2:10 R3:5 R4:5,src_6d538319baf4,origin data/VPD-OE_Agent_20260709/VPD-OE_Agent/data/raw/ZY/ZY17.xls,现金流量表,96
d289d35638c6b21c,historical_600_unknown_rule,ZY17,3991,94,4,2,Buy_ProductLine,-50.0,63.0,订购[自动线]生产[P1],src_6d538319baf4,origin data/VPD-OE_Agent_20260709/VPD-OE_Agent/data/raw/ZY/ZY17.xls,现金流量表,97
9f2e9885deed5a9b,historical_600_unknown_rule,ZY17,3992,95,4,2,Buy_ProductLine,-50.0,13.0,订购[自动线]生产[P1],src_6d538319baf4,origin data/VPD-OE_Agent_20260709/VPD-OE_Agent/data/raw/ZY/ZY17.xls,现金流量表,98
9f6fc1cf8e3aeedf,historical_600_unknown_rule,ZY17,3993,96,4,2,Update_Receivable,373.0,386.0,更新应收款,src_6d538319baf4,origin data/VPD-OE_Agent_20260709/VPD-OE_Agent/data/raw/ZY/ZY17.xls,现金流量表,99
b8815f59391d186d,historical_600_unknown_rule,ZY17,3994,97,4,2,Develop_Product,-20.0,366.0,产品生产资格投资: P1 P2,src_6d538319baf4,origin data/VPD-OE_Agent_20260709/VPD-OE_Agent/data/raw/ZY/ZY17.xls,现金流量表,100
0e2d7c3148535f48,historical_600_unknown_rule,ZY17,3995,98,4,2,Pay_Overhaul,-10.0,356.0,支付行政管理费,src_6d538319baf4,origin data/VPD-OE_Agent_20260709/VPD-OE_Agent/data/raw/ZY/ZY17.xls,现金流量表,101
3a561d2722c16625,historical_600_unknown_rule,ZY17,3996,99,4,3,Pay_Material,-200.0,156.0,支付原料费 R3:5 R4:5 R2:10,src_6d538319baf4,origin data/VPD-OE_Agent_20260709/VPD-OE_Agent/data/raw/ZY/ZY17.xls,现金流量表,102
adb89d793e34e0cf,historical_600_unknown_rule,ZY17,3997,100,4,3,Buy_Material,0.0,156.0,订购原料 R2:10,src_6d538319baf4,origin data/VPD-OE_Agent_20260709/VPD-OE_Agent/data/raw/ZY/ZY17.xls,现金流量表,103
23936a7946e505ee,historical_600_unknown_rule,ZY17,3998,101,4,3,Product_Produce,-50.0,106.0,137:P4 138:P4 139:P4 140:P4 228:P4,src_6d538319baf4,origin data/VPD-OE_Agent_20260709/VPD-OE_Agent/data/raw/ZY/ZY17.xls,现金流量表,104
cba9d851203f4efd,historical_600_unknown_rule,ZY17,3999,102,4,3,Invest_ProductLine,-100.0,6.0,投资在建生产线,src_6d538319baf4,origin data/VPD-OE_Agent_20260709/VPD-OE_Agent/data/raw/ZY/ZY17.xls,现金流量表,105
3a607fd0f76eb39e,historical_600_unknown_rule,ZY17,4000,103,4,3,Update_Receivable,310.0,316.0,更新应收款,src_6d538319baf4,origin data/VPD-OE_Agent_20260709/VPD-OE_Agent/data/raw/ZY/ZY17.xls,现金流量表,106
5cfdcbb81d8c90e6,historical_600_unknown_rule,ZY17,4001,104,4,3,Develop_Product,-10.0,306.0,产品生产资格投资: P2,src_6d538319baf4,origin data/VPD-OE_Agent_20260709/VPD-OE_Agent/data/raw/ZY/ZY17.xls,现金流量表,107
ed55f3790debc807,historical_600_unknown_rule,ZY17,4002,105,4,3,Pay_Overhaul,-10.0,296.0,支付行政管理费,src_6d538319baf4,origin data/VPD-OE_Agent_20260709/VPD-OE_Agent/data/raw/ZY/ZY17.xls,现金流量表,108
de9ad4e9c34a6183,historical_600_unknown_rule,ZY17,4003,106,4,4,Short_Loan,409.0,705.0,申请:4季 409W的短期贷款,src_6d538319baf4,origin data/VPD-OE_Agent_20260709/VPD-OE_Agent/data/raw/ZY/ZY17.xls,现金流量表,109
8412ca8354e45626,historical_600_unknown_rule,ZY17,4004,107,4,4,Pay_Material,-200.0,505.0,支付原料费 R3:5 R4:5 R2:10,src_6d538319baf4,origin data/VPD-OE_Agent_20260709/VPD-OE_Agent/data/raw/ZY/ZY17.xls,现金流量表,110
d0d72b31494b14a4,historical_600_unknown_rule,ZY17,4005,108,4,4,Product_Produce,-50.0,455.0,137:P4 138:P4 139:P4 140:P4 228:P4,src_6d538319baf4,origin data/VPD-OE_Agent_20260709/VPD-OE_Agent/data/raw/ZY/ZY17.xls,现金流量表,111
91f79169c748c10b,historical_600_unknown_rule,ZY17,4006,109,4,4,Invest_ProductLine,-100.0,355.0,投资在建生产线,src_6d538319baf4,origin data/VPD-OE_Agent_20260709/VPD-OE_Agent/data/raw/ZY/ZY17.xls,现金流量表,112
82e83dbfec56d94f,historical_600_unknown_rule,ZY17,4007,110,4,4,Buy_Material,0.0,355.0,订购原料 R1:2 R3:3 R4:3,src_6d538319baf4,origin data/VPD-OE_Agent_20260709/VPD-OE_Agent/data/raw/ZY/ZY17.xls,现金流量表,113
950233a27e3e940b,historical_600_unknown_rule,ZY17,4008,111,4,4,Update_Receivable,393.0,748.0,更新应收款,src_6d538319baf4,origin data/VPD-OE_Agent_20260709/VPD-OE_Agent/data/raw/ZY/ZY17.xls,现金流量表,114
aaa8fa544773aea3,historical_600_unknown_rule,ZY17,4009,112,4,4,Develop_Market,-10.0,738.0,"市场开拓资格投资,开发项目:国际",src_6d538319baf4,origin data/VPD-OE_Agent_20260709/VPD-OE_Agent/data/raw/ZY/ZY17.xls,现金流量表,115
38bcce3210cd820c,historical_600_unknown_rule,ZY17,4010,113,4,4,Pay_Overhaul,-10.0,728.0,支付行政管理费,src_6d538319baf4,origin data/VPD-OE_Agent_20260709/VPD-OE_Agent/data/raw/ZY/ZY17.xls,现金流量表,116
7cd3f9d75c2be003,historical_600_unknown_rule,ZY17,4011,114,4,4,Pay_Maintenance,-50.0,678.0,支付维护费,src_6d538319baf4,origin data/VPD-OE_Agent_20260709/VPD-OE_Agent/data/raw/ZY/ZY17.xls,现金流量表,117
fc6b39922b996d25,historical_600_unknown_rule,ZY17,4437,115,5,1,Pay_Tax,-53.0,625.0,支付上一年税金,src_6d538319baf4,origin data/VPD-OE_Agent_20260709/VPD-OE_Agent/data/raw/ZY/ZY17.xls,现金流量表,118
a5b7ec75f391007c,historical_600_unknown_rule,ZY17,4438,116,5,1,Pay_Long_Loan,-150.0,475.0,支付长贷本息,src_6d538319baf4,origin data/VPD-OE_Agent_20260709/VPD-OE_Agent/data/raw/ZY/ZY17.xls,现金流量表,119
4789f80ef2aacfce,historical_600_unknown_rule,ZY17,4439,117,5,1,Pay_AD,-110.0,365.0,广告投放,src_6d538319baf4,origin data/VPD-OE_Agent_20260709/VPD-OE_Agent/data/raw/ZY/ZY17.xls,现金流量表,120
48c7c436e4d88e45,historical_600_unknown_rule,ZY17,4478,118,5,1,Auction_Win,-10.0,355.0,竞单成功，获得订单:J55-0025,src_6d538319baf4,origin data/VPD-OE_Agent_20260709/VPD-OE_Agent/data/raw/ZY/ZY17.xls,现金流量表,121
88e00a0dab075627,historical_600_unknown_rule,ZY17,4486,119,5,1,Auction_Win,-10.0,345.0,竞单成功，获得订单:J51-0035,src_6d538319baf4,origin data/VPD-OE_Agent_20260709/VPD-OE_Agent/data/raw/ZY/ZY17.xls,现金流量表,122
a750ff1a8ebcfd57,historical_600_unknown_rule,ZY17,4526,120,5,1,Long_Loan,600.0,945.0,申请:5年 600W的长期贷款,src_6d538319baf4,origin data/VPD-OE_Agent_20260709/VPD-OE_Agent/data/raw/ZY/ZY17.xls,现金流量表,123
f89d2bc8b7c09065,historical_600_unknown_rule,ZY17,4528,121,5,1,Pay_Short_Loan,-387.0,558.0,短贷还本息,src_6d538319baf4,origin data/VPD-OE_Agent_20260709/VPD-OE_Agent/data/raw/ZY/ZY17.xls,现金流量表,124
eaad1887cd3353cb,historical_600_unknown_rule,ZY17,4579,122,5,1,Short_Loan,730.0,1288.0,申请:4季 730W的短期贷款,src_6d538319baf4,origin data/VPD-OE_Agent_20260709/VPD-OE_Agent/data/raw/ZY/ZY17.xls,现金流量表,125
b4c242b209e295f6,historical_600_unknown_rule,ZY17,4582,123,5,1,Pay_Material,-20.0,1268.0,支付原料费 R1:2,src_6d538319baf4,origin data/VPD-OE_Agent_20260709/VPD-OE_Agent/data/raw/ZY/ZY17.xls,现金流量表,126
002adaa85ddec412,historical_600_unknown_rule,ZY17,4605,124,5,1,Product_Produce,-20.0,1248.0,231:P1 232:P1,src_6d538319baf4,origin data/VPD-OE_Agent_20260709/VPD-OE_Agent/data/raw/ZY/ZY17.xls,现金流量表,127
a3f14abb28a5f9cd,historical_600_unknown_rule,ZY17,4640,125,5,1,Transfer,-40.0,1208.0,"生产线转产,转产成P2",src_6d538319baf4,origin data/VPD-OE_Agent_20260709/VPD-OE_Agent/data/raw/ZY/ZY17.xls,现金流量表,128
3530087e7c1b039d,historical_600_unknown_rule,ZY17,4730,126,5,1,Buy_Material,0.0,1208.0,订购原料 R1:3 R2:4 R3:2,src_6d538319baf4,origin data/VPD-OE_Agent_20260709/VPD-OE_Agent/data/raw/ZY/ZY17.xls,现金流量表,129
250ef764611b6eea,historical_600_unknown_rule,ZY17,4740,127,5,1,Buy_Workshop,-300.0,908.0,购买[大厂房],src_6d538319baf4,origin data/VPD-OE_Agent_20260709/VPD-OE_Agent/data/raw/ZY/ZY17.xls,现金流量表,130
5ff16c7b1707f79f,historical_600_unknown_rule,ZY17,4763,128,5,1,Buy_ProductLine,-50.0,858.0,订购[自动线]生产[P4],src_6d538319baf4,origin data/VPD-OE_Agent_20260709/VPD-OE_Agent/data/raw/ZY/ZY17.xls,现金流量表,131
c0cee20f15d91f45,historical_600_unknown_rule,ZY17,4764,129,5,1,Buy_ProductLine,-50.0,808.0,订购[自动线]生产[P4],src_6d538319baf4,origin data/VPD-OE_Agent_20260709/VPD-OE_Agent/data/raw/ZY/ZY17.xls,现金流量表,132
50868d9ad7d120bf,historical_600_unknown_rule,ZY17,4765,130,5,1,Buy_ProductLine,-50.0,758.0,订购[自动线]生产[P1],src_6d538319baf4,origin data/VPD-OE_Agent_20260709/VPD-OE_Agent/data/raw/ZY/ZY17.xls,现金流量表,133
785ceb73f5f0e012,historical_600_unknown_rule,ZY17,4766,131,5,1,Buy_ProductLine,-50.0,708.0,订购[自动线]生产[P1],src_6d538319baf4,origin data/VPD-OE_Agent_20260709/VPD-OE_Agent/data/raw/ZY/ZY17.xls,现金流量表,134
a488d067f007c181,historical_600_unknown_rule,ZY17,4773,132,5,1,Update_Receivable,290.0,998.0,更新应收款,src_6d538319baf4,origin data/VPD-OE_Agent_20260709/VPD-OE_Agent/data/raw/ZY/ZY17.xls,现金流量表,135
5e726feb9c872369,historical_600_unknown_rule,ZY17,4782,133,5,1,Renew_Workshop,-70.0,928.0,厂房续租,src_6d538319baf4,origin data/VPD-OE_Agent_20260709/VPD-OE_Agent/data/raw/ZY/ZY17.xls,现金流量表,136
7073ea95d42617f4,historical_600_unknown_rule,ZY17,4783,134,5,1,Pay_Overhaul,-10.0,918.0,支付行政管理费,src_6d538319baf4,origin data/VPD-OE_Agent_20260709/VPD-OE_Agent/data/raw/ZY/ZY17.xls,现金流量表,137
654e0bfde4db9abf,historical_600_unknown_rule,ZY17,4785,135,5,2,Pay_Short_Loan,-219.0,699.0,短贷还本息,src_6d538319baf4,origin data/VPD-OE_Agent_20260709/VPD-OE_Agent/data/raw/ZY/ZY17.xls,现金流量表,138
46f520e6e21af8e4,historical_600_unknown_rule,ZY17,4796,136,5,2,Short_Loan,209.0,908.0,申请:4季 209W的短期贷款,src_6d538319baf4,origin data/VPD-OE_Agent_20260709/VPD-OE_Agent/data/raw/ZY/ZY17.xls,现金流量表,139
449909af1dd18b4e,historical_600_unknown_rule,ZY17,4797,137,5,2,Pay_Material,-130.0,778.0,支付原料费 R3:3 R4:3 R1:3 R2:4,src_6d538319baf4,origin data/VPD-OE_Agent_20260709/VPD-OE_Agent/data/raw/ZY/ZY17.xls,现金流量表,140
c232525f538e2231,historical_600_unknown_rule,ZY17,4802,138,5,2,Product_Produce,-50.0,728.0,137:P2 138:P2 139:P4 231:P1 232:P1,src_6d538319baf4,origin data/VPD-OE_Agent_20260709/VPD-OE_Agent/data/raw/ZY/ZY17.xls,现金流量表,141
b3ab0774c59669f0,historical_600_unknown_rule,ZY17,4811,139,5,2,Buy_Material,0.0,728.0,订购原料 R2:2,src_6d538319baf4,origin data/VPD-OE_Agent_20260709/VPD-OE_Agent/data/raw/ZY/ZY17.xls,现金流量表,142
94e71fca676806ef,historical_600_unknown_rule,ZY17,4813,140,5,2,Invest_ProductLine,-200.0,528.0,投资在建生产线,src_6d538319baf4,origin data/VPD-OE_Agent_20260709/VPD-OE_Agent/data/raw/ZY/ZY17.xls,现金流量表,143
b8505ba981d2d803,historical_600_unknown_rule,ZY17,4818,141,5,2,Update_Receivable,462.0,990.0,更新应收款,src_6d538319baf4,origin data/VPD-OE_Agent_20260709/VPD-OE_Agent/data/raw/ZY/ZY17.xls,现金流量表,144
b4b4da9f81ee014b,historical_600_unknown_rule,ZY17,4847,142,5,2,Pay_Overhaul,-10.0,980.0,支付行政管理费,src_6d538319baf4,origin data/VPD-OE_Agent_20260709/VPD-OE_Agent/data/raw/ZY/ZY17.xls,现金流量表,145
444e66ce5ffeaa04,historical_600_unknown_rule,ZY17,4854,143,5,3,Pay_Material,-40.0,940.0,支付原料费 R3:2 R2:2,src_6d538319baf4,origin data/VPD-OE_Agent_20260709/VPD-OE_Agent/data/raw/ZY/ZY17.xls,现金流量表,146
c85361dbcd61b567,historical_600_unknown_rule,ZY17,4862,144,5,3,Product_Produce,-30.0,910.0,137:P2 138:P2 231:P1,src_6d538319baf4,origin data/VPD-OE_Agent_20260709/VPD-OE_Agent/data/raw/ZY/ZY17.xls,现金流量表,147
8e6a52a04af66ef2,historical_600_unknown_rule,ZY17,4870,145,5,3,Invest_ProductLine,-200.0,710.0,投资在建生产线,src_6d538319baf4,origin data/VPD-OE_Agent_20260709/VPD-OE_Agent/data/raw/ZY/ZY17.xls,现金流量表,148
7ad081915ac411b7,historical_600_unknown_rule,ZY17,4873,146,5,3,Pay_Overhaul,-10.0,700.0,支付行政管理费,src_6d538319baf4,origin data/VPD-OE_Agent_20260709/VPD-OE_Agent/data/raw/ZY/ZY17.xls,现金流量表,149
2197bc5e8c92b00e,historical_600_unknown_rule,ZY17,4875,147,5,4,Pay_Short_Loan,-429.0,271.0,短贷还本息,src_6d538319baf4,origin data/VPD-OE_Agent_20260709/VPD-OE_Agent/data/raw/ZY/ZY17.xls,现金流量表,150
3c9ecb8a7a405f01,historical_600_unknown_rule,ZY17,5039,148,5,4,Short_Loan,409.0,680.0,申请:4季 409W的短期贷款,src_6d538319baf4,origin data/VPD-OE_Agent_20260709/VPD-OE_Agent/data/raw/ZY/ZY17.xls,现金流量表,151
3e3049c6156cfb25,historical_600_unknown_rule,ZY17,5041,149,5,4,Pay_Overhaul,-10.0,670.0,支付行政管理费,src_6d538319baf4,origin data/VPD-OE_Agent_20260709/VPD-OE_Agent/data/raw/ZY/ZY17.xls,现金流量表,152
36b91e40ac51103c,historical_600_unknown_rule,ZY17,5042,150,5,4,Pay_Maintenance,-110.0,560.0,支付维护费,src_6d538319baf4,origin data/VPD-OE_Agent_20260709/VPD-OE_Agent/data/raw/ZY/ZY17.xls,现金流量表,153
